window_cycles,scope,adjustment,feature_x,feature_y,n,pearson_r,spearman_rho
50,ALL,none,c1,candidate_knee_cycle,129,-0.07047003044962637,0.00431641770312086
50,ALL,batch_centered,c1,candidate_knee_cycle,129,-0.10224231718791442,
50,ALL,batch_structure_centered,c1,candidate_knee_cycle,129,-0.14000480133250984,
50,ALL,none,c1,eol_cut_candidate_knee,129,-0.06009150351584614,0.008711550975406213
50,ALL,batch_centered,c1,eol_cut_candidate_knee,129,-0.10103910037234787,
50,ALL,batch_structure_centered,c1,eol_cut_candidate_knee,129,-0.13812198358563643,
50,ALL,none,c1,fade_before_mah_per_cycle,129,-0.09075505508631942,-0.03388319163857905
50,ALL,batch_centered,c1,fade_before_mah_per_cycle,129,0.19671459668732777,
50,ALL,batch_structure_centered,c1,fade_before_mah_per_cycle,129,0.3134304294434467,
50,ALL,none,c1,fade_after_mah_per_cycle,129,-0.02146989116391241,0.013918622915166424
50,ALL,batch_centered,c1,fade_after_mah_per_cycle,129,0.2887797114720405,
50,ALL,batch_structure_centered,c1,fade_after_mah_per_cycle,129,0.4330349210371904,
50,ALL,none,c1,fade_acceleration_delta,129,0.030095295926005725,0.06910335918913062
50,ALL,batch_centered,c1,fade_acceleration_delta,129,0.2813294896220988,
50,ALL,batch_structure_centered,c1,fade_acceleration_delta,129,0.3651760900031302,
50,ALL,none,c2_active,candidate_knee_cycle,104,-0.19685165154096437,-0.1197231993041523
50,ALL,batch_centered,c2_active,candidate_knee_cycle,104,-0.27248343774109945,
50,ALL,batch_structure_centered,c2_active,candidate_knee_cycle,104,-0.2479343610131056,
50,ALL,none,c2_active,eol_cut_candidate_knee,104,-0.21284767940688598,-0.12403287339423558
50,ALL,batch_centered,c2_active,eol_cut_candidate_knee,104,-0.2812268951839553,
50,ALL,batch_structure_centered,c2_active,eol_cut_candidate_knee,104,-0.25866419839776944,
50,ALL,none,c2_active,fade_before_mah_per_cycle,104,0.33765675276506046,0.24170541985531266
50,ALL,batch_centered,c2_active,fade_before_mah_per_cycle,104,0.1017296868384267,
50,ALL,batch_structure_centered,c2_active,fade_before_mah_per_cycle,104,0.0141119791955336,
50,ALL,none,c2_active,fade_after_mah_per_cycle,104,0.19451393524226923,0.08141985926539631
50,ALL,batch_centered,c2_active,fade_after_mah_per_cycle,104,-0.18095018212623115,
50,ALL,batch_structure_centered,c2_active,fade_after_mah_per_cycle,104,-0.364567213204411,
50,ALL,none,c2_active,fade_acceleration_delta,104,0.08122641760169874,-0.019412680332875697
50,ALL,batch_centered,c2_active,fade_acceleration_delta,104,-0.28670872577495277,
50,ALL,batch_structure_centered,c2_active,fade_acceleration_delta,104,-0.40625510960803013,
50,ALL,none,switch_soc_pct,candidate_knee_cycle,129,0.26089139645825354,0.16169619471173718
50,ALL,batch_centered,switch_soc_pct,candidate_knee_cycle,129,0.36628165228658566,
50,ALL,batch_structure_centered,switch_soc_pct,candidate_knee_cycle,129,0.37250653482748686,
50,ALL,none,switch_soc_pct,eol_cut_candidate_knee,129,0.25879344641362767,0.1547515594945553
50,ALL,batch_centered,switch_soc_pct,eol_cut_candidate_knee,129,0.3694803060696398,
50,ALL,batch_structure_centered,switch_soc_pct,eol_cut_candidate_knee,129,0.37555939426633056,
50,ALL,none,switch_soc_pct,fade_before_mah_per_cycle,129,-0.1361954391254644,-0.11169944182413653
50,ALL,batch_centered,switch_soc_pct,fade_before_mah_per_cycle,129,-0.26269359929733416,
50,ALL,batch_structure_centered,switch_soc_pct,fade_before_mah_per_cycle,129,-0.29034524684765844,
50,ALL,none,switch_soc_pct,fade_after_mah_per_cycle,129,-0.054398485120121604,-0.03588422202059022
50,ALL,batch_centered,switch_soc_pct,fade_after_mah_per_cycle,129,-0.11538692991464558,
50,ALL,batch_structure_centered,switch_soc_pct,fade_after_mah_per_cycle,129,-0.09560503763023365,
50,ALL,none,switch_soc_pct,fade_acceleration_delta,129,0.009521813372653551,0.00010116939405914697
50,ALL,batch_centered,switch_soc_pct,fade_acceleration_delta,129,-0.007466506085890341,
50,ALL,batch_structure_centered,switch_soc_pct,fade_acceleration_delta,129,0.030652656163547454,
50,ALL,none,c_eff_0_80,candidate_knee_cycle,129,-0.0013131411736354692,-0.0043228415380630394
50,ALL,batch_centered,c_eff_0_80,candidate_knee_cycle,129,-0.1138339998563471,
50,ALL,batch_structure_centered,c_eff_0_80,candidate_knee_cycle,129,-0.1259039303951266,
50,ALL,none,c_eff_0_80,eol_cut_candidate_knee,129,-0.010033769346019149,-0.011297124280777797
50,ALL,batch_centered,c_eff_0_80,eol_cut_candidate_knee,129,-0.11392540459229193,
50,ALL,batch_structure_centered,c_eff_0_80,eol_cut_candidate_knee,129,-0.12573743849763439,
50,ALL,none,c_eff_0_80,fade_before_mah_per_cycle,129,0.37504516311597674,0.2678781684357579
50,ALL,batch_centered,c_eff_0_80,fade_before_mah_per_cycle,129,0.40616499835265685,
50,ALL,batch_structure_centered,c_eff_0_80,fade_before_mah_per_cycle,129,0.5379590072723259,
50,ALL,none,c_eff_0_80,fade_after_mah_per_cycle,129,0.3308194695552151,0.2507725698180044
50,ALL,batch_centered,c_eff_0_80,fade_after_mah_per_cycle,129,0.324536191785107,
50,ALL,batch_structure_centered,c_eff_0_80,fade_after_mah_per_cycle,129,0.4285871804226884,
50,ALL,none,c_eff_0_80,fade_acceleration_delta,129,0.26468555361081525,0.2235131552719786
50,ALL,batch_centered,c_eff_0_80,fade_acceleration_delta,129,0.2106496026871289,
50,ALL,batch_structure_centered,c_eff_0_80,fade_acceleration_delta,129,0.2468277340423066,
50,ALL,none,cycle10_rms_c_timeweighted,candidate_knee_cycle,129,-0.3188095976308897,-0.23356403324339683
50,ALL,batch_centered,cycle10_rms_c_timeweighted,candidate_knee_cycle,129,-0.3414300950951165,
50,ALL,batch_structure_centered,cycle10_rms_c_timeweighted,candidate_knee_cycle,129,-0.30975893214708083,
50,ALL,none,cycle10_rms_c_timeweighted,eol_cut_candidate_knee,129,-0.3269439033297338,-0.23666689029755547
50,ALL,batch_centered,cycle10_rms_c_timeweighted,eol_cut_candidate_knee,129,-0.3477711557824724,
50,ALL,batch_structure_centered,cycle10_rms_c_timeweighted,eol_cut_candidate_knee,129,-0.316843476032741,
50,ALL,none,cycle10_rms_c_timeweighted,fade_before_mah_per_cycle,129,0.49403223566442905,0.3333128354203936
50,ALL,batch_centered,cycle10_rms_c_timeweighted,fade_before_mah_per_cycle,129,0.520249776727975,
50,ALL,batch_structure_centered,cycle10_rms_c_timeweighted,fade_before_mah_per_cycle,129,0.5621133409125864,
50,ALL,none,cycle10_rms_c_timeweighted,fade_after_mah_per_cycle,129,0.39394135821855536,0.34056350626118076
50,ALL,batch_centered,cycle10_rms_c_timeweighted,fade_after_mah_per_cycle,129,0.33654572688217743,
50,ALL,batch_structure_centered,cycle10_rms_c_timeweighted,fade_after_mah_per_cycle,129,0.31648851301349157,
50,ALL,none,cycle10_rms_c_timeweighted,fade_acceleration_delta,129,0.2814311695720743,0.3451140429338104
50,ALL,batch_centered,cycle10_rms_c_timeweighted,fade_acceleration_delta,129,0.16197793170391395,
50,ALL,batch_structure_centered,cycle10_rms_c_timeweighted,fade_acceleration_delta,129,0.09931530420241773,
50,ALL,none,cycle10_time_fraction_above_5c,candidate_knee_cycle,129,-0.25346103295190114,-0.11825746223123922
50,ALL,batch_centered,cycle10_time_fraction_above_5c,candidate_knee_cycle,129,-0.3086084214153052,
50,ALL,batch_structure_centered,cycle10_time_fraction_above_5c,candidate_knee_cycle,129,-0.30792711594520816,
50,ALL,none,cycle10_time_fraction_above_5c,eol_cut_candidate_knee,129,-0.2466146411028091,-0.10979345512461884
50,ALL,batch_centered,cycle10_time_fraction_above_5c,eol_cut_candidate_knee,129,-0.3046399357876392,
50,ALL,batch_structure_centered,cycle10_time_fraction_above_5c,eol_cut_candidate_knee,129,-0.3032724166006307,
50,ALL,none,cycle10_time_fraction_above_5c,fade_before_mah_per_cycle,129,0.16884967025854122,0.16592731611852463
50,ALL,batch_centered,cycle10_time_fraction_above_5c,fade_before_mah_per_cycle,129,0.28086198796804235,
50,ALL,batch_structure_centered,cycle10_time_fraction_above_5c,fade_before_mah_per_cycle,129,0.31183620648415245,
50,ALL,none,cycle10_time_fraction_above_5c,fade_after_mah_per_cycle,129,0.2405325286961204,0.2578637305195682
50,ALL,batch_centered,cycle10_time_fraction_above_5c,fade_after_mah_per_cycle,129,0.38134249810431364,
50,ALL,batch_structure_centered,cycle10_time_fraction_above_5c,fade_after_mah_per_cycle,129,0.443193994283056,
50,ALL,none,cycle10_time_fraction_above_5c,fade_acceleration_delta,129,0.2663584951961869,0.2947414507421466
50,ALL,batch_centered,cycle10_time_fraction_above_5c,fade_acceleration_delta,129,0.359479278697764,
50,ALL,batch_structure_centered,cycle10_time_fraction_above_5c,fade_acceleration_delta,129,0.37824529111775895,
50,ALL,none,before_ir_median,candidate_knee_cycle,123,-0.4915871788199684,-0.528412617914162
50,ALL,batch_centered,before_ir_median,candidate_knee_cycle,123,-0.09026326225690554,
50,ALL,batch_structure_centered,before_ir_median,candidate_knee_cycle,123,0.14432126691829858,
50,ALL,none,before_ir_median,eol_cut_candidate_knee,123,-0.4933486111507657,-0.5248516703648244
50,ALL,batch_centered,before_ir_median,eol_cut_candidate_knee,123,-0.0872192616764683,
50,ALL,batch_structure_centered,before_ir_median,eol_cut_candidate_knee,123,0.14458586378169394,
50,ALL,none,before_ir_median,fade_before_mah_per_cycle,123,0.4572834684015774,0.3805058621712606
50,ALL,batch_centered,before_ir_median,fade_before_mah_per_cycle,123,0.29265665655218837,
50,ALL,batch_structure_centered,before_ir_median,fade_before_mah_per_cycle,123,-0.08329542411606092,
50,ALL,none,before_ir_median,fade_after_mah_per_cycle,123,0.46506985899303,0.4395661090402549
50,ALL,batch_centered,before_ir_median,fade_after_mah_per_cycle,123,0.2952352092779994,
50,ALL,batch_structure_centered,before_ir_median,fade_after_mah_per_cycle,123,-0.07587352189538242,
50,ALL,none,before_ir_median,fade_acceleration_delta,123,0.4219610489618727,0.4530961808824857
50,ALL,batch_centered,before_ir_median,fade_acceleration_delta,123,0.2333576883943955,
50,ALL,batch_structure_centered,before_ir_median,fade_acceleration_delta,123,-0.05040458302726253,
50,ALL,none,before_tavg_median,candidate_knee_cycle,129,0.31740590770029026,0.37281133308366415
50,ALL,batch_centered,before_tavg_median,candidate_knee_cycle,129,-0.0833083987991902,
50,ALL,batch_structure_centered,before_tavg_median,candidate_knee_cycle,129,-0.17890975635618195,
50,ALL,none,before_tavg_median,eol_cut_candidate_knee,129,0.3239939271633484,0.37640458862581483
50,ALL,batch_centered,before_tavg_median,eol_cut_candidate_knee,129,-0.08451332818217125,
50,ALL,batch_structure_centered,before_tavg_median,eol_cut_candidate_knee,129,-0.179015472667876,
50,ALL,none,before_tavg_median,fade_before_mah_per_cycle,129,-0.37373804407892564,-0.33256372987477645
50,ALL,batch_centered,before_tavg_median,fade_before_mah_per_cycle,129,-0.04111832760179768,
50,ALL,batch_structure_centered,before_tavg_median,fade_before_mah_per_cycle,129,0.11030247531512738,
50,ALL,none,before_tavg_median,fade_after_mah_per_cycle,129,-0.3313783754342324,-0.3020181127012523
50,ALL,batch_centered,before_tavg_median,fade_after_mah_per_cycle,129,0.038231457379587594,
50,ALL,batch_structure_centered,before_tavg_median,fade_after_mah_per_cycle,129,0.21509082345476077,
50,ALL,none,before_tavg_median,fade_acceleration_delta,129,-0.2665141198639064,-0.24700357781753132
50,ALL,batch_centered,before_tavg_median,fade_acceleration_delta,129,0.07553094666875713,
50,ALL,batch_structure_centered,before_tavg_median,fade_acceleration_delta,129,0.20421923610126652,
50,ALL,none,before_tmax_median,candidate_knee_cycle,129,-0.015128211154622633,-0.008634473044937085
50,ALL,batch_centered,before_tmax_median,candidate_knee_cycle,129,-0.21893292446896187,
50,ALL,batch_structure_centered,before_tmax_median,candidate_knee_cycle,129,-0.2065860638935028,
50,ALL,none,before_tmax_median,eol_cut_candidate_knee,129,-0.00903068957466311,-0.0013920101969809803
50,ALL,batch_centered,before_tmax_median,eol_cut_candidate_knee,129,-0.21839829784746956,
50,ALL,batch_structure_centered,before_tmax_median,eol_cut_candidate_knee,129,-0.2059281106624175,
50,ALL,none,before_tmax_median,fade_before_mah_per_cycle,129,-0.06712844470538862,-0.037991949910554566
50,ALL,batch_centered,before_tmax_median,fade_before_mah_per_cycle,129,0.15623837666640122,
50,ALL,batch_structure_centered,before_tmax_median,fade_before_mah_per_cycle,129,0.14141368761017414,
50,ALL,none,before_tmax_median,fade_after_mah_per_cycle,129,-0.02304977512844255,-0.0004528175313059035
50,ALL,batch_centered,before_tmax_median,fade_after_mah_per_cycle,129,0.21725005596303448,
50,ALL,batch_structure_centered,before_tmax_median,fade_after_mah_per_cycle,129,0.2215631314086418,
50,ALL,none,before_tmax_median,fade_acceleration_delta,129,0.010739312499214495,0.02304338103756709
50,ALL,batch_centered,before_tmax_median,fade_acceleration_delta,129,0.2069426776212056,
50,ALL,batch_structure_centered,before_tmax_median,fade_acceleration_delta,129,0.19638004883804186,
50,ALL,none,before_chargetime_median,candidate_knee_cycle,129,0.051260587909112344,-0.2087759118570252
50,ALL,batch_centered,before_chargetime_median,candidate_knee_cycle,129,0.1871406755433665,
50,ALL,batch_structure_centered,before_chargetime_median,candidate_knee_cycle,129,0.2617447022744743,
50,ALL,none,before_chargetime_median,eol_cut_candidate_knee,129,0.05740398694334789,-0.20348785206831002
50,ALL,batch_centered,before_chargetime_median,eol_cut_candidate_knee,129,0.18604108725144242,
50,ALL,batch_structure_centered,before_chargetime_median,eol_cut_candidate_knee,129,0.2594442240002026,
50,ALL,none,before_chargetime_median,fade_before_mah_per_cycle,129,-0.33560934446566926,-0.0944320214669052
50,ALL,batch_centered,before_chargetime_median,fade_before_mah_per_cycle,129,-0.3578210245864535,
50,ALL,batch_structure_centered,before_chargetime_median,fade_before_mah_per_cycle,129,-0.5817310629922778,
50,ALL,none,before_chargetime_median,fade_after_mah_per_cycle,129,-0.3268497464313772,-0.14751788908765656
50,ALL,batch_centered,before_chargetime_median,fade_after_mah_per_cycle,129,-0.3471824803348611,
50,ALL,batch_structure_centered,before_chargetime_median,fade_after_mah_per_cycle,129,-0.5647486656220597,
50,ALL,none,before_chargetime_median,fade_acceleration_delta,129,-0.28637590274978536,-0.19562276386404298
50,ALL,batch_centered,before_chargetime_median,fade_acceleration_delta,129,-0.269064478939984,
50,ALL,batch_structure_centered,before_chargetime_median,fade_acceleration_delta,129,-0.3892168488783596,
50,ALL,none,delta_ir_pct,candidate_knee_cycle,123,-0.6827102671533978,-0.8065007619851775
50,ALL,batch_centered,delta_ir_pct,candidate_knee_cycle,123,-0.4745846374843483,
50,ALL,batch_structure_centered,delta_ir_pct,candidate_knee_cycle,123,-0.3769223065893184,
50,ALL,none,delta_ir_pct,eol_cut_candidate_knee,123,-0.6917785586809877,-0.8094157101150524
50,ALL,batch_centered,delta_ir_pct,eol_cut_candidate_knee,123,-0.473365263269067,
50,ALL,batch_structure_centered,delta_ir_pct,eol_cut_candidate_knee,123,-0.3773301970128188,
50,ALL,none,delta_ir_pct,fade_before_mah_per_cycle,123,0.7959543498510091,0.7968747984677098
50,ALL,batch_centered,delta_ir_pct,fade_before_mah_per_cycle,123,0.5706613493052073,
50,ALL,batch_structure_centered,delta_ir_pct,fade_before_mah_per_cycle,123,0.4122087339433913,
50,ALL,none,delta_ir_pct,fade_after_mah_per_cycle,123,0.7669304013044758,0.7593156285872747
50,ALL,batch_centered,delta_ir_pct,fade_after_mah_per_cycle,123,0.5030683988439109,
50,ALL,batch_structure_centered,delta_ir_pct,fade_after_mah_per_cycle,123,0.31795104259031226,
50,ALL,none,delta_ir_pct,fade_acceleration_delta,123,0.6659072549325675,0.6598457391237054
50,ALL,batch_centered,delta_ir_pct,fade_acceleration_delta,123,0.35732694864446723,
50,ALL,batch_structure_centered,delta_ir_pct,fade_acceleration_delta,123,0.17927767705902986,
50,ALL,none,delta_tavg_median,candidate_knee_cycle,129,0.0015558461593628975,-0.22753751207638995
50,ALL,batch_centered,delta_tavg_median,candidate_knee_cycle,129,0.11407122051156743,
50,ALL,batch_structure_centered,delta_tavg_median,candidate_knee_cycle,129,0.10720193061402394,
50,ALL,none,delta_tavg_median,eol_cut_candidate_knee,129,-0.0039007719062175844,-0.23044197722792364
50,ALL,batch_centered,delta_tavg_median,eol_cut_candidate_knee,129,0.11419367196061353,
50,ALL,batch_structure_centered,delta_tavg_median,eol_cut_candidate_knee,129,0.10730106694172897,
50,ALL,none,delta_tavg_median,fade_before_mah_per_cycle,129,0.1004076419428837,0.24844588550983904
50,ALL,batch_centered,delta_tavg_median,fade_before_mah_per_cycle,129,-0.07583464180542063,
50,ALL,batch_structure_centered,delta_tavg_median,fade_before_mah_per_cycle,129,-0.06576654569055065,
50,ALL,none,delta_tavg_median,fade_after_mah_per_cycle,129,0.08537630118596116,0.19671288014311275
50,ALL,batch_centered,delta_tavg_median,fade_after_mah_per_cycle,129,-0.08844225964426311,
50,ALL,batch_structure_centered,delta_tavg_median,fade_after_mah_per_cycle,129,-0.08226165981701679,
50,ALL,none,delta_tavg_median,fade_acceleration_delta,129,0.06573369251815764,0.12330612701252237
50,ALL,batch_centered,delta_tavg_median,fade_acceleration_delta,129,-0.077274234966972,
50,ALL,batch_structure_centered,delta_tavg_median,fade_acceleration_delta,129,-0.06623824503723458,
50,ALL,none,delta_tmax_median,candidate_knee_cycle,129,-0.0296322910974069,-0.30934278502334
50,ALL,batch_centered,delta_tmax_median,candidate_knee_cycle,129,0.09792594554248317,
50,ALL,batch_structure_centered,delta_tmax_median,candidate_knee_cycle,129,0.09884340852274043,
50,ALL,none,delta_tmax_median,eol_cut_candidate_knee,129,-0.03443120093513836,-0.31141336555351606
50,ALL,batch_centered,delta_tmax_median,eol_cut_candidate_knee,129,0.09747237810115705,
50,ALL,batch_structure_centered,delta_tmax_median,eol_cut_candidate_knee,129,0.09823397342023235,
50,ALL,none,delta_tmax_median,fade_before_mah_per_cycle,129,0.10460840759784373,0.3228085867620752
50,ALL,batch_centered,delta_tmax_median,fade_before_mah_per_cycle,129,-0.050624027929542265,
50,ALL,batch_structure_centered,delta_tmax_median,fade_before_mah_per_cycle,129,-0.05055534410299578,
50,ALL,none,delta_tmax_median,fade_after_mah_per_cycle,129,0.09366218068666207,0.2549586314847943
50,ALL,batch_centered,delta_tmax_median,fade_after_mah_per_cycle,129,-0.06042822827420356,
50,ALL,batch_structure_centered,delta_tmax_median,fade_after_mah_per_cycle,129,-0.06332007231902922,
50,ALL,none,delta_tmax_median,fade_acceleration_delta,129,0.07605931290526828,0.1582625223613596
50,ALL,batch_centered,delta_tmax_median,fade_acceleration_delta,129,-0.05347605867709444,
50,ALL,batch_structure_centered,delta_tmax_median,fade_acceleration_delta,129,-0.05102031916640977,
50,ALL,none,delta_chargetime_median,candidate_knee_cycle,129,-0.6402224565285695,-0.7690019903977764
50,ALL,batch_centered,delta_chargetime_median,candidate_knee_cycle,129,-0.493647266591949,
50,ALL,batch_structure_centered,delta_chargetime_median,candidate_knee_cycle,129,-0.34313156587234706,
50,ALL,none,delta_chargetime_median,eol_cut_candidate_knee,129,-0.6513674224854367,-0.7718500878175623
50,ALL,batch_centered,delta_chargetime_median,eol_cut_candidate_knee,129,-0.4958970172504193,
50,ALL,batch_structure_centered,delta_chargetime_median,eol_cut_candidate_knee,129,-0.34881111039532064,
50,ALL,none,delta_chargetime_median,fade_before_mah_per_cycle,129,0.7921810401909805,0.7812555903398928
50,ALL,batch_centered,delta_chargetime_median,fade_before_mah_per_cycle,129,0.6066444003472693,
50,ALL,batch_structure_centered,delta_chargetime_median,fade_before_mah_per_cycle,129,0.36224415468813786,
50,ALL,none,delta_chargetime_median,fade_after_mah_per_cycle,129,0.7127874093930198,0.6941413237924867
50,ALL,batch_centered,delta_chargetime_median,fade_after_mah_per_cycle,129,0.4387320498499836,
50,ALL,batch_structure_centered,delta_chargetime_median,fade_after_mah_per_cycle,129,0.09094012141777594,
50,ALL,none,delta_chargetime_median,fade_acceleration_delta,129,0.5816087317103453,0.5757714669051879
50,ALL,batch_centered,delta_chargetime_median,fade_acceleration_delta,129,0.2519589302314823,
50,ALL,batch_structure_centered,delta_chargetime_median,fade_acceleration_delta,129,-0.07246343082892939,
50,B1,none,c1,candidate_knee_cycle,44,-0.3201666467609043,-0.2582598483649165
50,B1,none,c1,eol_cut_candidate_knee,44,-0.3201666467609043,-0.2582598483649165
50,B1,none,c1,fade_before_mah_per_cycle,44,0.5152340786724745,0.37225724087553025
50,B1,none,c1,fade_after_mah_per_cycle,44,0.5767615603452924,0.5054336070729362
50,B1,none,c1,fade_acceleration_delta,44,0.5520007001899521,0.5309693253063333
50,B1,none,c2_active,candidate_knee_cycle,35,0.04605235907336465,0.05269747687054358
50,B1,none,c2_active,eol_cut_candidate_knee,35,0.04605235907336465,0.05269747687054358
50,B1,none,c2_active,fade_before_mah_per_cycle,35,0.002148605435670272,0.023419460640809617
50,B1,none,c2_active,fade_after_mah_per_cycle,35,0.10124947848080457,0.08782297740303607
50,B1,none,c2_active,fade_acceleration_delta,35,0.14122289283711575,0.05854865160202405
50,B1,none,switch_soc_pct,candidate_knee_cycle,44,0.03110148307403459,-0.024392943558554495
50,B1,none,switch_soc_pct,eol_cut_candidate_knee,44,0.03110148307403459,-0.024392943558554495
50,B1,none,switch_soc_pct,fade_before_mah_per_cycle,44,-0.15759240185783097,-0.019671035509401413
50,B1,none,switch_soc_pct,fade_after_mah_per_cycle,44,-0.2133469516397642,-0.15815512549558738
50,B1,none,switch_soc_pct,fade_acceleration_delta,44,-0.2283565935609887,-0.208799100552519
50,B1,none,c_eff_0_80,candidate_knee_cycle,44,-0.341933596992711,-0.33555250171683243
50,B1,none,c_eff_0_80,eol_cut_candidate_knee,44,-0.341933596992711,-0.33555250171683243
50,B1,none,c_eff_0_80,fade_before_mah_per_cycle,44,0.7902862533734016,0.7125375729167166
50,B1,none,c_eff_0_80,fade_after_mah_per_cycle,44,0.6860803218737901,0.6279272733527379
50,B1,none,c_eff_0_80,fade_acceleration_delta,44,0.5266853567302381,0.5452270725247355
50,B1,none,cycle10_rms_c_timeweighted,candidate_knee_cycle,44,-0.478909541272166,-0.6020649075234354
50,B1,none,cycle10_rms_c_timeweighted,eol_cut_candidate_knee,44,-0.478909541272166,-0.6020649075234354
50,B1,none,cycle10_rms_c_timeweighted,fade_before_mah_per_cycle,44,0.8994798638005539,0.8297392529950668
50,B1,none,cycle10_rms_c_timeweighted,fade_after_mah_per_cycle,44,0.8567706181211391,0.8473572938689217
50,B1,none,cycle10_rms_c_timeweighted,fade_acceleration_delta,44,0.7217558786362577,0.7977448907681466
50,B1,none,cycle10_time_fraction_above_5c,candidate_knee_cycle,44,-0.2205713825137637,-0.035518903250933244
50,B1,none,cycle10_time_fraction_above_5c,eol_cut_candidate_knee,44,-0.2205713825137637,-0.035518903250933244
50,B1,none,cycle10_time_fraction_above_5c,fade_before_mah_per_cycle,44,0.4501504212287217,0.23019392541353367
50,B1,none,cycle10_time_fraction_above_5c,fade_after_mah_per_cycle,44,0.2998229792036429,0.18641471260482484
50,B1,none,cycle10_time_fraction_above_5c,fade_acceleration_delta,44,0.15340902977326046,0.15704027304285242
50,B1,none,before_ir_median,candidate_knee_cycle,44,0.29038479078862683,0.36618626471869026
50,B1,none,before_ir_median,eol_cut_candidate_knee,44,0.29038479078862683,0.36618626471869026
50,B1,none,before_ir_median,fade_before_mah_per_cycle,44,-0.14271199766061254,-0.1930937279774489
50,B1,none,before_ir_median,fade_after_mah_per_cycle,44,-0.17096272969835755,-0.17984496124031008
50,B1,none,before_ir_median,fade_acceleration_delta,44,-0.17095751148921096,-0.10317124735729385
50,B1,none,before_tavg_median,candidate_knee_cycle,44,-0.5646068486738963,-0.48479509526556397
50,B1,none,before_tavg_median,eol_cut_candidate_knee,44,-0.5646068486738963,-0.48479509526556397
50,B1,none,before_tavg_median,fade_before_mah_per_cycle,44,0.4531439130028647,0.4355179704016913
50,B1,none,before_tavg_median,fade_after_mah_per_cycle,44,0.5779093554767671,0.5646229739252995
50,B1,none,before_tavg_median,fade_acceleration_delta,44,0.5993309536692792,0.5610993657505284
50,B1,none,before_tmax_median,candidate_knee_cycle,44,-0.4639375076488091,-0.3780260053793407
50,B1,none,before_tmax_median,eol_cut_candidate_knee,44,-0.4639375076488091,-0.3780260053793407
50,B1,none,before_tmax_median,fade_before_mah_per_cycle,44,0.3936917611252349,0.3744890768146582
50,B1,none,before_tmax_median,fade_after_mah_per_cycle,44,0.4676970453758069,0.46638477801268496
50,B1,none,before_tmax_median,fade_acceleration_delta,44,0.46528070090500817,0.46018322762508806
50,B1,none,before_chargetime_median,candidate_knee_cycle,44,0.23262303854382207,0.3153740443833986
50,B1,none,before_chargetime_median,eol_cut_candidate_knee,44,0.23262303854382207,0.3153740443833986
50,B1,none,before_chargetime_median,fade_before_mah_per_cycle,44,-0.7822546535635081,-0.6694855532064833
50,B1,none,before_chargetime_median,fade_after_mah_per_cycle,44,-0.709961345440365,-0.6290345313601127
50,B1,none,before_chargetime_median,fade_acceleration_delta,44,-0.5710508732405959,-0.5663143058491895
50,B1,none,delta_ir_pct,candidate_knee_cycle,44,-0.26524441882436867,-0.4191831991044592
50,B1,none,delta_ir_pct,eol_cut_candidate_knee,44,-0.26524441882436867,-0.4191831991044592
50,B1,none,delta_ir_pct,fade_before_mah_per_cycle,44,0.3715554395877311,0.5354474982381958
50,B1,none,delta_ir_pct,fade_after_mah_per_cycle,44,0.46083497555772834,0.585059901338971
50,B1,none,delta_ir_pct,fade_acceleration_delta,44,0.4704377288943386,0.5382663847780126
50,B1,none,delta_tavg_median,candidate_knee_cycle,44,0.028588567025857298,0.20888685308433372
50,B1,none,delta_tavg_median,eol_cut_candidate_knee,44,0.028588567025857298,0.20888685308433372
50,B1,none,delta_tavg_median,fade_before_mah_per_cycle,44,-0.0019487833691235884,-0.09062720225510923
50,B1,none,delta_tavg_median,fade_after_mah_per_cycle,44,-0.16087613558327007,-0.24622973925299507
50,B1,none,delta_tavg_median,fade_acceleration_delta,44,-0.2578119495794292,-0.2872445384073291
50,B1,none,delta_tmax_median,candidate_knee_cycle,44,0.05412307155305901,0.20980302349259836
50,B1,none,delta_tmax_median,eol_cut_candidate_knee,44,0.05412307155305901,0.20980302349259836
50,B1,none,delta_tmax_median,fade_before_mah_per_cycle,44,0.02967148535358305,-0.0076109936575052845
50,B1,none,delta_tmax_median,fade_after_mah_per_cycle,44,-0.15498916687897907,-0.20338266384778012
50,B1,none,delta_tmax_median,fade_acceleration_delta,44,-0.27148721134410375,-0.2599013389711064
50,B1,none,delta_chargetime_median,candidate_knee_cycle,44,-0.47123209647968567,-0.4446950212422894
50,B1,none,delta_chargetime_median,eol_cut_candidate_knee,44,-0.47123209647968567,-0.4446950212422894
50,B1,none,delta_chargetime_median,fade_before_mah_per_cycle,44,0.5304310923155562,0.5688513037350247
50,B1,none,delta_chargetime_median,fade_after_mah_per_cycle,44,0.4418094416835168,0.45764622973925295
50,B1,none,delta_chargetime_median,fade_acceleration_delta,44,0.3234041017368896,0.3525017618040873
50,B2,none,c1,candidate_knee_cycle,39,0.2029950116330736,0.12441235477464307
50,B2,none,c1,eol_cut_candidate_knee,39,0.21058830907372972,0.11288252441261509
50,B2,none,c1,fade_before_mah_per_cycle,39,-0.1301875236814241,0.020163997650461212
50,B2,none,c1,fade_after_mah_per_cycle,39,0.09259919298265797,0.12877934581918268
50,B2,none,c1,fade_acceleration_delta,39,0.18157812823976202,0.09614277230245682
50,B2,none,c2_active,candidate_knee_cycle,31,-0.18213767908098477,-0.33688495895574083
50,B2,none,c2_active,eol_cut_candidate_knee,31,-0.2024114911750386,-0.37269596380999076
50,B2,none,c2_active,fade_before_mah_per_cycle,31,0.06951501486133446,0.13236331259140102
50,B2,none,c2_active,fade_after_mah_per_cycle,31,-0.24205145185990418,-0.3739985187551425
50,B2,none,c2_active,fade_acceleration_delta,31,-0.3417914611997849,-0.3739985187551425
50,B2,none,switch_soc_pct,candidate_knee_cycle,39,0.12330073086611965,0.2979702703680985
50,B2,none,switch_soc_pct,eol_cut_candidate_knee,39,0.13594690837498988,0.2970943450043691
50,B2,none,switch_soc_pct,fade_before_mah_per_cycle,39,-0.20718446353373232,-0.21897081687882325
50,B2,none,switch_soc_pct,fade_after_mah_per_cycle,39,-0.0028299913048607725,-0.03142826921431516
50,B2,none,switch_soc_pct,fade_acceleration_delta,39,0.09780113216873698,0.05371563659832296
50,B2,none,c_eff_0_80,candidate_knee_cycle,39,0.33506022776900707,0.2677505628958502
50,B2,none,c_eff_0_80,eol_cut_candidate_knee,39,0.3268789309432003,0.24419068809367298
50,B2,none,c_eff_0_80,fade_before_mah_per_cycle,39,-0.22522060682971035,-0.05837589641105794
50,B2,none,c_eff_0_80,fade_after_mah_per_cycle,39,-0.22599641623562766,-0.2580503406722031
50,B2,none,c_eff_0_80,fade_acceleration_delta,39,-0.1774167856442583,-0.304977960578619
50,B2,none,cycle10_rms_c_timeweighted,candidate_knee_cycle,39,-0.20572224143277423,-0.30427300997111223
50,B2,none,cycle10_rms_c_timeweighted,eol_cut_candidate_knee,39,-0.22746088433684267,-0.35032137298774507
50,B2,none,cycle10_rms_c_timeweighted,fade_before_mah_per_cycle,39,0.29277978881712935,0.28238866396761136
50,B2,none,cycle10_rms_c_timeweighted,fade_after_mah_per_cycle,39,0.031752310234968065,0.08016194331983806
50,B2,none,cycle10_rms_c_timeweighted,fade_acceleration_delta,39,-0.1028821772314549,-0.02044534412955466
50,B2,none,cycle10_time_fraction_above_5c,candidate_knee_cycle,39,-0.08027833574259688,-0.0795206262280732
50,B2,none,cycle10_time_fraction_above_5c,eol_cut_candidate_knee,39,-0.06390380993340168,-0.03496854495381972
50,B2,none,cycle10_time_fraction_above_5c,fade_before_mah_per_cycle,39,0.06547251490361493,0.02592013862699783
50,B2,none,cycle10_time_fraction_above_5c,fade_after_mah_per_cycle,39,0.39772741502878584,0.4274281683393172
50,B2,none,cycle10_time_fraction_above_5c,fade_acceleration_delta,39,0.4741815401115963,0.4629031815974436
50,B2,none,before_ir_median,candidate_knee_cycle,33,-0.7299104063073234,-0.41043220169320976
50,B2,none,before_ir_median,eol_cut_candidate_knee,33,-0.7199109665405643,-0.41413888337121846
50,B2,none,before_ir_median,fade_before_mah_per_cycle,33,0.6878499052086735,0.5233957219251337
50,B2,none,before_ir_median,fade_after_mah_per_cycle,33,0.5492807900857878,0.40040106951871657
50,B2,none,before_ir_median,fade_acceleration_delta,33,0.3614528559577419,0.3723262032085562
50,B2,none,before_tavg_median,candidate_knee_cycle,39,0.42063924747073433,0.31804376849226734
50,B2,none,before_tavg_median,eol_cut_candidate_knee,39,0.4166130996051356,0.28837491812831145
50,B2,none,before_tavg_median,fade_before_mah_per_cycle,39,-0.41882437267765416,-0.35283400809716603
50,B2,none,before_tavg_median,fade_after_mah_per_cycle,39,-0.25174377708035234,-0.1807692307692308
50,B2,none,before_tavg_median,fade_acceleration_delta,39,-0.11543165489458053,-0.15202429149797572
50,B2,none,before_tmax_median,candidate_knee_cycle,39,-0.08870415847583793,-0.11371001337689152
50,B2,none,before_tmax_median,eol_cut_candidate_knee,39,-0.08650463600030059,-0.11954046272710979
50,B2,none,before_tmax_median,fade_before_mah_per_cycle,39,0.05053790422860093,0.013360323886639677
50,B2,none,before_tmax_median,fade_after_mah_per_cycle,39,0.15209835786873604,0.1653846153846154
50,B2,none,before_tmax_median,fade_acceleration_delta,39,0.16885526927948744,0.1653846153846154
50,B2,none,before_chargetime_median,candidate_knee_cycle,39,-0.5212382752695494,-0.6214054782671267
50,B2,none,before_chargetime_median,eol_cut_candidate_knee,39,-0.5336481948661899,-0.6396072683934012
50,B2,none,before_chargetime_median,fade_before_mah_per_cycle,39,0.39022071983459317,0.48785425101214575
50,B2,none,before_chargetime_median,fade_after_mah_per_cycle,39,0.1391960715368046,0.2538461538461539
50,B2,none,before_chargetime_median,fade_acceleration_delta,39,-0.01381905663721593,0.2194331983805668
50,B2,none,delta_ir_pct,candidate_knee_cycle,33,-0.8296148929234247,-0.689626408140322
50,B2,none,delta_ir_pct,eol_cut_candidate_knee,33,-0.8249941151795839,-0.6775298761851977
50,B2,none,delta_ir_pct,fade_before_mah_per_cycle,33,0.7350304143048796,0.49064171122994654
50,B2,none,delta_ir_pct,fade_after_mah_per_cycle,33,0.5724579696386762,0.39839572192513373
50,B2,none,delta_ir_pct,fade_acceleration_delta,33,0.3683369318457257,0.35695187165775405
50,B2,none,delta_tavg_median,candidate_knee_cycle,39,0.2745412840109874,0.14185906388337044
50,B2,none,delta_tavg_median,eol_cut_candidate_knee,39,0.2762913076036703,0.16195151597237567
50,B2,none,delta_tavg_median,fade_before_mah_per_cycle,39,-0.22492200548596333,-0.15587044534412955
50,B2,none,delta_tavg_median,fade_after_mah_per_cycle,39,-0.09061871533845994,0.04048582995951417
50,B2,none,delta_tavg_median,fade_acceleration_delta,39,-0.005254681851121407,0.07773279352226721
50,B2,none,delta_tmax_median,candidate_knee_cycle,39,0.13242873295047752,-0.03979344190304396
50,B2,none,delta_tmax_median,eol_cut_candidate_knee,39,0.12317770690204752,-0.027126878925372924
50,B2,none,delta_tmax_median,fade_before_mah_per_cycle,39,-0.1350973199427081,-0.020242914979757085
50,B2,none,delta_tmax_median,fade_after_mah_per_cycle,39,-0.061087453407141445,0.09615384615384617
50,B2,none,delta_tmax_median,fade_acceleration_delta,39,-0.01163065945672831,0.08704453441295548
50,B2,none,delta_chargetime_median,candidate_knee_cycle,39,-0.7631243274239418,-0.65056708454722
50,B2,none,delta_chargetime_median,eol_cut_candidate_knee,39,-0.7710240559892998,-0.6783744125292885
50,B2,none,delta_chargetime_median,fade_before_mah_per_cycle,39,0.6515740667155054,0.5299595141700405
50,B2,none,delta_chargetime_median,fade_after_mah_per_cycle,39,0.46151664020908933,0.3864372469635628
50,B2,none,delta_chargetime_median,fade_acceleration_delta,39,0.26851416887089563,0.33056680161943325
50,B3,none,c1,candidate_knee_cycle,46,-0.1515280088410811,-0.34800489873539614
50,B3,none,c1,eol_cut_candidate_knee,46,-0.1515280088410811,-0.34800489873539614
50,B3,none,c1,fade_before_mah_per_cycle,46,0.10919818860980893,0.2755040834789137
50,B3,none,c1,fade_after_mah_per_cycle,46,0.26194866200370415,0.28559976203921494
50,B3,none,c1,fade_acceleration_delta,46,0.34843510840696057,0.3297286714694627
50,B3,none,c2_active,candidate_knee_cycle,38,-0.44321785577939704,-0.43851124197219477
50,B3,none,c2_active,eol_cut_candidate_knee,38,-0.44321785577939704,-0.43851124197219477
50,B3,none,c2_active,fade_before_mah_per_cycle,38,0.27703437186589064,0.23468016392998506
50,B3,none,c2_active,fade_after_mah_per_cycle,38,-0.2700061702294758,-0.30186266322796806
50,B3,none,c2_active,fade_acceleration_delta,38,-0.6022298228076671,-0.6633411961401532
50,B3,none,switch_soc_pct,candidate_knee_cycle,46,0.6280115707652152,0.605010337018576
50,B3,none,switch_soc_pct,eol_cut_candidate_knee,46,0.6280115707652152,0.605010337018576
50,B3,none,switch_soc_pct,fade_before_mah_per_cycle,46,-0.5193517092180292,-0.4723766245866208
50,B3,none,switch_soc_pct,fade_after_mah_per_cycle,46,-0.3116206320017504,-0.18745203265155788
50,B3,none,switch_soc_pct,fade_acceleration_delta,46,-0.050152266443961986,0.003933870105612308
50,B3,none,c_eff_0_80,candidate_knee_cycle,46,-0.021515514962107615,-0.10125656824850297
50,B3,none,c_eff_0_80,eol_cut_candidate_knee,46,-0.021515514962107615,-0.10125656824850297
50,B3,none,c_eff_0_80,fade_before_mah_per_cycle,46,0.08868540932318103,0.1474264653865184
50,B3,none,c_eff_0_80,fade_after_mah_per_cycle,46,0.2206170772518582,0.27462159880131637
50,B3,none,c_eff_0_80,fade_acceleration_delta,46,0.2965286720305956,0.3218904824512928
50,B3,none,cycle10_rms_c_timeweighted,candidate_knee_cycle,46,-0.5945988991306921,-0.28308868932587644
50,B3,none,cycle10_rms_c_timeweighted,eol_cut_candidate_knee,46,-0.5945988991306921,-0.28308868932587644
50,B3,none,cycle10_rms_c_timeweighted,fade_before_mah_per_cycle,46,0.49207339591629096,0.2213382670366944
50,B3,none,cycle10_rms_c_timeweighted,fade_after_mah_per_cycle,46,0.5025104607379827,0.2205982115325316
50,B3,none,cycle10_rms_c_timeweighted,fade_acceleration_delta,46,0.4040370396098789,0.3018809744064138
50,B3,none,cycle10_time_fraction_above_5c,candidate_knee_cycle,46,-0.5147573863297015,-0.3036739910175344
50,B3,none,cycle10_time_fraction_above_5c,eol_cut_candidate_knee,46,-0.5147573863297015,-0.3036739910175344
50,B3,none,cycle10_time_fraction_above_5c,fade_before_mah_per_cycle,46,0.508269662605978,0.37426701359129433
50,B3,none,cycle10_time_fraction_above_5c,fade_after_mah_per_cycle,46,0.6268361813244787,0.5059684408091132
50,B3,none,cycle10_time_fraction_above_5c,fade_acceleration_delta,46,0.6027463522974659,0.5952533520309583
50,B3,none,before_ir_median,candidate_knee_cycle,46,0.1603456980921073,0.3100407061527627
50,B3,none,before_ir_median,eol_cut_candidate_knee,46,0.1603456980921073,0.3100407061527627
50,B3,none,before_ir_median,fade_before_mah_per_cycle,46,-0.17834505385804633,-0.33283996299722474
50,B3,none,before_ir_median,fade_after_mah_per_cycle,46,0.019928666410719498,-0.011532531606537158
50,B3,none,before_ir_median,fade_acceleration_delta,46,0.20113509246335065,0.2638914585260561
50,B3,none,before_tavg_median,candidate_knee_cycle,46,-0.14302158566052608,-0.06371037387225062
50,B3,none,before_tavg_median,eol_cut_candidate_knee,46,-0.14302158566052608,-0.06371037387225062
50,B3,none,before_tavg_median,fade_before_mah_per_cycle,46,0.006261286897542795,-0.04976873265494912
50,B3,none,before_tavg_median,fade_after_mah_per_cycle,46,0.0023884908093148027,-0.013876040703052728
50,B3,none,before_tavg_median,fade_acceleration_delta,46,-0.0017492491455394638,0.016096207215541166
50,B3,none,before_tmax_median,candidate_knee_cycle,46,-0.22823475772483895,-0.19927223425096008
50,B3,none,before_tmax_median,eol_cut_candidate_knee,46,-0.22823475772483895,-0.19927223425096008
50,B3,none,before_tmax_median,fade_before_mah_per_cycle,46,0.10023894946276742,0.07665741597286463
50,B3,none,before_tmax_median,fade_after_mah_per_cycle,46,0.11851834711504936,0.13376503237742832
50,B3,none,before_tmax_median,fade_acceleration_delta,46,0.11009179511986801,0.13253160653715695
50,B3,none,before_chargetime_median,candidate_knee_cycle,46,0.4859686289998861,-0.024978413764047924
50,B3,none,before_chargetime_median,eol_cut_candidate_knee,46,0.4859686289998861,-0.024978413764047924
50,B3,none,before_chargetime_median,fade_before_mah_per_cycle,46,-0.4668713409855755,-0.10897317298797408
50,B3,none,before_chargetime_median,fade_after_mah_per_cycle,46,-0.6262908092008405,-0.37786000616712917
50,B3,none,before_chargetime_median,fade_acceleration_delta,46,-0.6405392460157798,-0.6124576009867407
50,B3,none,delta_ir_pct,candidate_knee_cycle,46,-0.6486049227770446,-0.7373874443529802
50,B3,none,delta_ir_pct,eol_cut_candidate_knee,46,-0.6486049227770446,-0.7373874443529802
50,B3,none,delta_ir_pct,fade_before_mah_per_cycle,46,0.6460338851516196,0.6444033302497687
50,B3,none,delta_ir_pct,fade_after_mah_per_cycle,46,0.4995462995415385,0.42695035460992914
50,B3,none,delta_ir_pct,fade_acceleration_delta,46,0.2548973409713428,0.12562442183163736
50,B3,none,delta_tavg_median,candidate_knee_cycle,46,0.1263091132537829,-0.0903540152205684
50,B3,none,delta_tavg_median,eol_cut_candidate_knee,46,0.1263091132537829,-0.0903540152205684
50,B3,none,delta_tavg_median,fade_before_mah_per_cycle,46,-0.14369585005105615,0.02744372494603762
50,B3,none,delta_tavg_median,fade_after_mah_per_cycle,46,-0.15439180677828487,-0.1345050878815911
50,B3,none,delta_tavg_median,fade_acceleration_delta,46,-0.13114346610529465,-0.2213382670366944
50,B3,none,delta_tmax_median,candidate_knee_cycle,46,0.10792159938396832,-0.12236338989597796
50,B3,none,delta_tmax_median,eol_cut_candidate_knee,46,0.10792159938396832,-0.12236338989597796
50,B3,none,delta_tmax_median,fade_before_mah_per_cycle,46,-0.11183885528104098,0.07258711069996915
50,B3,none,delta_tmax_median,fade_after_mah_per_cycle,46,-0.11616132208672314,-0.10502621029910578
50,B3,none,delta_tmax_median,fade_acceleration_delta,46,-0.0951847741239476,-0.20567375886524822
50,B3,none,delta_chargetime_median,candidate_knee_cycle,46,-0.6232404528039854,-0.861416061833228
50,B3,none,delta_chargetime_median,eol_cut_candidate_knee,46,-0.6232404528039854,-0.861416061833228
50,B3,none,delta_chargetime_median,fade_before_mah_per_cycle,46,0.6142747664181599,0.7786000616712919
50,B3,none,delta_chargetime_median,fade_after_mah_per_cycle,46,0.2913253107146866,0.5146469318532223
50,B3,none,delta_chargetime_median,fade_acceleration_delta,46,-0.07356641588806685,0.1504162812210916
50,B2_standard,none,c1,candidate_knee_cycle,30,0.24886886640054454,0.04929423638503288
50,B2_standard,none,c1,eol_cut_candidate_knee,30,0.2509563060783439,0.022637206061132783
50,B2_standard,none,c1,fade_before_mah_per_cycle,30,0.044098510682409074,0.18926693783519194
50,B2_standard,none,c1,fade_after_mah_per_cycle,30,0.38724707596612834,0.37876135997066657
50,B2_standard,none,c1,fade_acceleration_delta,30,0.35378341771069166,0.25614732211830066
50,B2_standard,none,c2_active,candidate_knee_cycle,25,-0.1443803305059964,-0.3173842684754592
50,B2_standard,none,c2_active,eol_cut_candidate_knee,25,-0.23441413086910967,-0.37067512459826585
50,B2_standard,none,c2_active,fade_before_mah_per_cycle,25,-0.1770733331221631,-0.005084801944954326
50,B2_standard,none,c2_active,fade_after_mah_per_cycle,25,-0.6115139007897812,-0.7279089553507693
50,B2_standard,none,c2_active,fade_acceleration_delta,25,-0.5331024729004105,-0.6551571736768074
50,B2_standard,none,switch_soc_pct,candidate_knee_cycle,30,0.4754255227080851,0.4210705361074098
50,B2_standard,none,switch_soc_pct,eol_cut_candidate_knee,30,0.5167083603051388,0.4325421404310511
50,B2_standard,none,switch_soc_pct,fade_before_mah_per_cycle,30,-0.35115123729307235,-0.27821647273730654
50,B2_standard,none,switch_soc_pct,fade_after_mah_per_cycle,30,0.14075223646767318,0.06854283052090347
50,B2_standard,none,switch_soc_pct,fade_acceleration_delta,30,0.23150051815029152,0.2130446010944803
50,B2_standard,none,c_eff_0_80,candidate_knee_cycle,30,0.3331798804098601,0.11381821837192377
50,B2_standard,none,c_eff_0_80,eol_cut_candidate_knee,30,0.2231939596440679,0.06938855884710271
50,B2_standard,none,c_eff_0_80,fade_before_mah_per_cycle,30,0.08598150345039937,0.23284886790877368
50,B2_standard,none,c_eff_0_80,fade_after_mah_per_cycle,30,-0.0015892006144829843,-0.08145197801847608
50,B2_standard,none,c_eff_0_80,fade_acceleration_delta,30,-0.025601058231856266,-0.20193772943638807
50,B2_standard,none,cycle10_rms_c_timeweighted,candidate_knee_cycle,30,-0.14169191888850582,-0.3738589770586181
50,B2_standard,none,cycle10_rms_c_timeweighted,eol_cut_candidate_knee,30,-0.26666881227019856,-0.4503281816719154
50,B2_standard,none,cycle10_rms_c_timeweighted,fade_before_mah_per_cycle,30,0.2662114542308951,0.3410456062291435
50,B2_standard,none,cycle10_rms_c_timeweighted,fade_after_mah_per_cycle,30,-0.2370924313413963,-0.024249165739710785
50,B2_standard,none,cycle10_rms_c_timeweighted,fade_acceleration_delta,30,-0.2987839286952747,-0.17997775305895441
50,B2_standard,none,cycle10_time_fraction_above_5c,candidate_knee_cycle,30,-0.0992435950100678,-0.002454811394975414
50,B2_standard,none,cycle10_time_fraction_above_5c,eol_cut_candidate_knee,30,-0.04745012264068779,0.07893874329736757
50,B2_standard,none,cycle10_time_fraction_above_5c,fade_before_mah_per_cycle,30,0.013183923065933953,-0.08272038398896059
50,B2_standard,none,cycle10_time_fraction_above_5c,fade_after_mah_per_cycle,30,0.5667905725833388,0.6387975744700056
50,B2_standard,none,cycle10_time_fraction_above_5c,fade_acceleration_delta,30,0.5322068509466006,0.6142713150662708
50,B2_standard,none,before_ir_median,candidate_knee_cycle,27,0.08773899284912356,0.019856428579703243
50,B2_standard,none,before_ir_median,eol_cut_candidate_knee,27,0.052467590220425554,0.010074797858182131
50,B2_standard,none,before_ir_median,fade_before_mah_per_cycle,27,0.11518854752063068,0.17704517704517705
50,B2_standard,none,before_ir_median,fade_after_mah_per_cycle,27,-0.11516964536121142,-0.04822954822954823
50,B2_standard,none,before_ir_median,fade_acceleration_delta,27,-0.1408700957635516,-0.06715506715506715
50,B2_standard,none,before_tavg_median,candidate_knee_cycle,30,0.08759858587685486,0.11088848753733878
50,B2_standard,none,before_tavg_median,eol_cut_candidate_knee,30,0.04920933533540929,0.06385582417976271
50,B2_standard,none,before_tavg_median,fade_before_mah_per_cycle,30,-0.17510331033703475,-0.18131256952169075
50,B2_standard,none,before_tavg_median,fade_after_mah_per_cycle,30,0.13496504228218506,0.11457174638487205
50,B2_standard,none,before_tavg_median,fade_acceleration_delta,30,0.17668688017434517,0.14616240266963293
50,B2_standard,none,before_tmax_median,candidate_knee_cycle,30,-0.07798548662413712,-0.037630832116084846
50,B2_standard,none,before_tmax_median,eol_cut_candidate_knee,30,-0.06994911823996884,-0.049616197881836535
50,B2_standard,none,before_tmax_median,fade_before_mah_per_cycle,30,-0.09157459745184561,-0.12569521690767518
50,B2_standard,none,before_tmax_median,fade_after_mah_per_cycle,30,0.12354899247779962,0.10255839822024472
50,B2_standard,none,before_tmax_median,fade_acceleration_delta,30,0.14248196607415572,0.14171301446051168
50,B2_standard,none,before_chargetime_median,candidate_knee_cycle,30,-0.29266184378546195,-0.203963563422093
50,B2_standard,none,before_chargetime_median,eol_cut_candidate_knee,30,-0.3435861355051373,-0.24073868209931448
50,B2_standard,none,before_chargetime_median,fade_before_mah_per_cycle,30,-0.128997511711723,-0.0843159065628476
50,B2_standard,none,before_chargetime_median,fade_after_mah_per_cycle,30,-0.4940174118236229,-0.5590656284760844
50,B2_standard,none,before_chargetime_median,fade_acceleration_delta,30,-0.43093998413028256,-0.4522803114571746
50,B2_standard,none,delta_ir_pct,candidate_knee_cycle,27,-0.4821967272576129,-0.4603636595325045
50,B2_standard,none,delta_ir_pct,eol_cut_candidate_knee,27,-0.3945923530338124,-0.439627542902493
50,B2_standard,none,delta_ir_pct,fade_before_mah_per_cycle,27,0.12223473993694815,0.10622710622710621
50,B2_standard,none,delta_ir_pct,fade_after_mah_per_cycle,27,-0.04958393530818638,-0.0586080586080586
50,B2_standard,none,delta_ir_pct,fade_acceleration_delta,27,-0.07992314364697531,-0.05128205128205128
50,B2_standard,none,delta_tavg_median,candidate_knee_cycle,30,-0.00011991846901623915,0.035849490950826395
50,B2_standard,none,delta_tavg_median,eol_cut_candidate_knee,30,0.062292641216154104,0.06674824827152898
50,B2_standard,none,delta_tavg_median,fade_before_mah_per_cycle,30,-0.03036828477469377,-0.06874304783092325
50,B2_standard,none,delta_tavg_median,fade_after_mah_per_cycle,30,0.31276521061773904,0.2622914349276974
50,B2_standard,none,delta_tavg_median,fade_acceleration_delta,30,0.30423179865527383,0.2863181312569522
50,B2_standard,none,delta_tmax_median,candidate_knee_cycle,30,-0.12345320062736134,-0.05878425845352899
50,B2_standard,none,delta_tmax_median,eol_cut_candidate_knee,30,-0.16031401727590552,-0.04249638473287344
50,B2_standard,none,delta_tmax_median,fade_before_mah_per_cycle,30,-0.07571603230439572,-0.057174638487208
50,B2_standard,none,delta_tmax_median,fade_after_mah_per_cycle,30,0.09845231603436493,0.14482758620689654
50,B2_standard,none,delta_tmax_median,fade_acceleration_delta,30,0.1143082334284591,0.15372636262513903
50,B2_standard,none,delta_chargetime_median,candidate_knee_cycle,30,-0.2670189768396246,-0.2386997161446329
50,B2_standard,none,delta_chargetime_median,eol_cut_candidate_knee,30,-0.3368784442359669,-0.2992546464173549
50,B2_standard,none,delta_chargetime_median,fade_before_mah_per_cycle,30,-0.07065970610926206,-0.026918798665183537
50,B2_standard,none,delta_chargetime_median,fade_after_mah_per_cycle,30,-0.3783346886078182,-0.32235817575083425
50,B2_standard,none,delta_chargetime_median,fade_acceleration_delta,30,-0.33791229331983413,-0.27875417130144603
50,B2_newstructure,none,c1,candidate_knee_cycle,9,0.3099019109843733,0.3162277660168379
50,B2_newstructure,none,c1,eol_cut_candidate_knee,9,0.3270835859072092,0.42163702135578385
50,B2_newstructure,none,c1,fade_before_mah_per_cycle,9,-0.3114613675839962,-0.26352313834736496
50,B2_newstructure,none,c1,fade_after_mah_per_cycle,9,-0.16687045412269708,-0.3162277660168379
50,B2_newstructure,none,c1,fade_acceleration_delta,9,-0.008673230204444354,-0.05270462766947298
50,B2_newstructure,none,c2_active,candidate_knee_cycle,6,0.0478047020271474,0.09759000729485333
50,B2_newstructure,none,c2_active,eol_cut_candidate_knee,6,0.004230167392516238,0.09759000729485333
50,B2_newstructure,none,c2_active,fade_before_mah_per_cycle,6,0.056469708651984654,0.09759000729485333
50,B2_newstructure,none,c2_active,fade_after_mah_per_cycle,6,-0.36836957250077285,-0.4879500364742666
50,B2_newstructure,none,c2_active,fade_acceleration_delta,6,-0.5899312655614992,-0.4879500364742666
50,B2_newstructure,none,switch_soc_pct,candidate_knee_cycle,9,-0.2939506520515166,-0.3162277660168379
50,B2_newstructure,none,switch_soc_pct,eol_cut_candidate_knee,9,-0.30556799764474174,-0.42163702135578385
50,B2_newstructure,none,switch_soc_pct,fade_before_mah_per_cycle,9,0.28471770820123316,0.26352313834736496
50,B2_newstructure,none,switch_soc_pct,fade_after_mah_per_cycle,9,0.19977041049938918,0.3162277660168379
50,B2_newstructure,none,switch_soc_pct,fade_acceleration_delta,9,0.07618701104498535,0.05270462766947298
50,B2_newstructure,none,c_eff_0_80,candidate_knee_cycle,9,0.31547188546314797,0.3162277660168379
50,B2_newstructure,none,c_eff_0_80,eol_cut_candidate_knee,9,0.3348975002420863,0.42163702135578385
50,B2_newstructure,none,c_eff_0_80,fade_before_mah_per_cycle,9,-0.3214887603009027,-0.26352313834736496
50,B2_newstructure,none,c_eff_0_80,fade_after_mah_per_cycle,9,-0.15271422787093591,-0.3162277660168379
50,B2_newstructure,none,c_eff_0_80,fade_acceleration_delta,9,0.019271940329467746,-0.05270462766947298
50,B2_newstructure,none,cycle10_rms_c_timeweighted,candidate_knee_cycle,9,0.7741169804963974,0.38333333333333336
50,B2_newstructure,none,cycle10_rms_c_timeweighted,eol_cut_candidate_knee,9,0.774656112387461,0.35
50,B2_newstructure,none,cycle10_rms_c_timeweighted,fade_before_mah_per_cycle,9,-0.8057151739353732,-0.4666666666666666
50,B2_newstructure,none,cycle10_rms_c_timeweighted,fade_after_mah_per_cycle,9,-0.4943277409596618,-0.21666666666666667
50,B2_newstructure,none,cycle10_rms_c_timeweighted,fade_acceleration_delta,9,-0.11298806088361864,0.16666666666666669
50,B2_newstructure,none,cycle10_time_fraction_above_5c,candidate_knee_cycle,9,0.28078742038712784,0.4237896897630065
50,B2_newstructure,none,cycle10_time_fraction_above_5c,eol_cut_candidate_knee,9,0.33346575076024787,0.4746444525345673
50,B2_newstructure,none,cycle10_time_fraction_above_5c,fade_before_mah_per_cycle,9,-0.3743515525062193,-0.49159604012508756
50,B2_newstructure,none,cycle10_time_fraction_above_5c,fade_after_mah_per_cycle,9,0.19451455861381464,-0.11866111313364182
50,B2_newstructure,none,cycle10_time_fraction_above_5c,fade_acceleration_delta,9,0.5605791227902127,0.49159604012508756
50,B2_newstructure,none,before_ir_median,candidate_knee_cycle,6,-0.22115053480713873,-0.14285714285714288
50,B2_newstructure,none,before_ir_median,eol_cut_candidate_knee,6,-0.17671593067840385,-0.028571428571428574
50,B2_newstructure,none,before_ir_median,fade_before_mah_per_cycle,6,0.03586869812919581,0.14285714285714288
50,B2_newstructure,none,before_ir_median,fade_after_mah_per_cycle,6,0.2659107853178801,0.3142857142857143
50,B2_newstructure,none,before_ir_median,fade_acceleration_delta,6,0.49190285358059554,0.7714285714285715
50,B2_newstructure,none,before_tavg_median,candidate_knee_cycle,9,0.5024782654658783,0.31666666666666665
50,B2_newstructure,none,before_tavg_median,eol_cut_candidate_knee,9,0.5005876201818916,0.3
50,B2_newstructure,none,before_tavg_median,fade_before_mah_per_cycle,9,-0.4508223865903717,-0.35
50,B2_newstructure,none,before_tavg_median,fade_after_mah_per_cycle,9,-0.44520066608389375,-0.33333333333333337
50,B2_newstructure,none,before_tavg_median,fade_acceleration_delta,9,-0.3069090464848225,-0.31666666666666665
50,B2_newstructure,none,before_tmax_median,candidate_knee_cycle,9,0.27892126262254857,0.16666666666666669
50,B2_newstructure,none,before_tmax_median,eol_cut_candidate_knee,9,0.2833358929780696,0.11666666666666665
50,B2_newstructure,none,before_tmax_median,fade_before_mah_per_cycle,9,-0.19484662568406325,-0.19999999999999998
50,B2_newstructure,none,before_tmax_median,fade_after_mah_per_cycle,9,-0.1518725472944965,-0.15
50,B2_newstructure,none,before_tmax_median,fade_acceleration_delta,9,-0.0740486219342726,-0.3
50,B2_newstructure,none,before_chargetime_median,candidate_knee_cycle,9,-0.483515047557297,-0.43333333333333335
50,B2_newstructure,none,before_chargetime_median,eol_cut_candidate_knee,9,-0.5339613363430175,-0.48333333333333334
50,B2_newstructure,none,before_chargetime_median,fade_before_mah_per_cycle,9,0.5053736056019607,0.4666666666666666
50,B2_newstructure,none,before_chargetime_median,fade_after_mah_per_cycle,9,-0.017153249984151714,0.13333333333333333
50,B2_newstructure,none,before_chargetime_median,fade_acceleration_delta,9,-0.4020475174328617,-0.43333333333333335
50,B2_newstructure,none,delta_ir_pct,candidate_knee_cycle,6,-0.8671731866934602,-0.8857142857142858
50,B2_newstructure,none,delta_ir_pct,eol_cut_candidate_knee,6,-0.8893291253199734,-0.942857142857143
50,B2_newstructure,none,delta_ir_pct,fade_before_mah_per_cycle,6,0.9241677214642046,0.8857142857142858
50,B2_newstructure,none,delta_ir_pct,fade_after_mah_per_cycle,6,0.6641736874299251,0.7714285714285715
50,B2_newstructure,none,delta_ir_pct,fade_acceleration_delta,6,-0.09310628796447519,-0.14285714285714288
50,B2_newstructure,none,delta_tavg_median,candidate_knee_cycle,9,0.10688406094362413,-0.2833333333333333
50,B2_newstructure,none,delta_tavg_median,eol_cut_candidate_knee,9,0.0916905601197055,-0.21666666666666667
50,B2_newstructure,none,delta_tavg_median,fade_before_mah_per_cycle,9,0.07632498386083839,0.3
50,B2_newstructure,none,delta_tavg_median,fade_after_mah_per_cycle,9,0.0239408023619513,0.41666666666666663
50,B2_newstructure,none,delta_tavg_median,fade_acceleration_delta,9,-0.022374446207668527,0.25
50,B2_newstructure,none,delta_tmax_median,candidate_knee_cycle,9,-0.008249962438962505,-0.39999999999999997
50,B2_newstructure,none,delta_tmax_median,eol_cut_candidate_knee,9,-0.012591570043211,-0.35
50,B2_newstructure,none,delta_tmax_median,fade_before_mah_per_cycle,9,0.1747537755491802,0.41666666666666663
50,B2_newstructure,none,delta_tmax_median,fade_after_mah_per_cycle,9,0.17258162283685008,0.5333333333333333
50,B2_newstructure,none,delta_tmax_median,fade_acceleration_delta,9,0.11897830709153229,0.35
50,B2_newstructure,none,delta_chargetime_median,candidate_knee_cycle,9,-0.6960929679308744,-0.7333333333333334
50,B2_newstructure,none,delta_chargetime_median,eol_cut_candidate_knee,9,-0.7277856450872179,-0.7666666666666667
50,B2_newstructure,none,delta_chargetime_median,fade_before_mah_per_cycle,9,0.7229730664958518,0.7666666666666667
50,B2_newstructure,none,delta_chargetime_median,fade_after_mah_per_cycle,9,0.33543120982554925,0.5499999999999999
50,B2_newstructure,none,delta_chargetime_median,fade_acceleration_delta,9,-0.05489709601714613,-0.049999999999999996
50,source_issue_excluded,none,c1,candidate_knee_cycle,128,-0.06229981233506044,0.017161141840989373
50,source_issue_excluded,none,c1,eol_cut_candidate_knee,128,-0.05180647613167803,0.02161792227511957
50,source_issue_excluded,none,c1,fade_before_mah_per_cycle,128,-0.09640657896259065,-0.04765770341208496
50,source_issue_excluded,none,c1,fade_after_mah_per_cycle,128,-0.02716355938662217,-0.0005790834473358166
50,source_issue_excluded,none,c1,fade_acceleration_delta,128,0.02499947440931581,0.054961069277738174
50,source_issue_excluded,none,c2_active,candidate_knee_cycle,104,-0.19685165154096437,-0.1197231993041523
50,source_issue_excluded,none,c2_active,eol_cut_candidate_knee,104,-0.21284767940688598,-0.12403287339423558
50,source_issue_excluded,none,c2_active,fade_before_mah_per_cycle,104,0.33765675276506046,0.24170541985531266
50,source_issue_excluded,none,c2_active,fade_after_mah_per_cycle,104,0.19451393524226923,0.08141985926539631
50,source_issue_excluded,none,c2_active,fade_acceleration_delta,104,0.08122641760169874,-0.019412680332875697
50,source_issue_excluded,none,switch_soc_pct,candidate_knee_cycle,128,0.24620229152115086,0.14563065359372387
50,source_issue_excluded,none,switch_soc_pct,eol_cut_candidate_knee,128,0.24410799858237744,0.1385775294592317
50,source_issue_excluded,none,switch_soc_pct,fade_before_mah_per_cycle,128,-0.1265819901741827,-0.0962058544745073
50,source_issue_excluded,none,switch_soc_pct,fade_after_mah_per_cycle,128,-0.04292114786318543,-0.0171165554442598
50,source_issue_excluded,none,switch_soc_pct,fade_acceleration_delta,128,0.021170010998923506,0.019992320807878723
50,source_issue_excluded,none,c_eff_0_80,candidate_knee_cycle,128,-0.0070939509996384865,-0.0065373661022413675
50,source_issue_excluded,none,c_eff_0_80,eol_cut_candidate_knee,128,-0.015903349225759932,-0.013614925829674648
50,source_issue_excluded,none,c_eff_0_80,fade_before_mah_per_cycle,128,0.37997357077496297,0.2714791462850531
50,source_issue_excluded,none,c_eff_0_80,fade_after_mah_per_cycle,128,0.33601687666678387,0.2543263180366708
50,source_issue_excluded,none,c_eff_0_80,fade_acceleration_delta,128,0.26924104304702423,0.22646446866672815
50,source_issue_excluded,none,cycle10_rms_c_timeweighted,candidate_knee_cycle,128,-0.315624761788424,-0.21995387649683854
50,source_issue_excluded,none,cycle10_rms_c_timeweighted,eol_cut_candidate_knee,128,-0.32386280416910673,-0.22309012876997567
50,source_issue_excluded,none,cycle10_rms_c_timeweighted,fade_before_mah_per_cycle,128,0.492329764346526,0.320425517304523
50,source_issue_excluded,none,cycle10_rms_c_timeweighted,fade_after_mah_per_cycle,128,0.3916664156954123,0.3268117103094671
50,source_issue_excluded,none,cycle10_rms_c_timeweighted,fade_acceleration_delta,128,0.27864421349755397,0.33154985350668376
50,source_issue_excluded,none,cycle10_time_fraction_above_5c,candidate_knee_cycle,128,-0.23818219127175755,-0.10084639267682385
50,source_issue_excluded,none,cycle10_time_fraction_above_5c,eol_cut_candidate_knee,128,-0.23124279383229895,-0.09223828267944838
50,source_issue_excluded,none,cycle10_time_fraction_above_5c,fade_before_mah_per_cycle,128,0.1593981606656666,0.15090469870979625
50,source_issue_excluded,none,cycle10_time_fraction_above_5c,fade_after_mah_per_cycle,128,0.23121427836290706,0.24367689620204516
50,source_issue_excluded,none,cycle10_time_fraction_above_5c,fade_acceleration_delta,128,0.2579249133455501,0.2810215637906788
50,source_issue_excluded,none,before_ir_median,candidate_knee_cycle,122,-0.4804916037193798,-0.5197503755976097
50,source_issue_excluded,none,before_ir_median,eol_cut_candidate_knee,122,-0.4823374382818413,-0.5160912969649538
50,source_issue_excluded,none,before_ir_median,fade_before_mah_per_cycle,122,0.4513600428576321,0.37092931422472336
50,source_issue_excluded,none,before_ir_median,fade_after_mah_per_cycle,122,0.4585209958486656,0.43012547047296784
50,source_issue_excluded,none,before_ir_median,fade_acceleration_delta,122,0.41526628956748934,0.4426692133064129
50,source_issue_excluded,none,before_tavg_median,candidate_knee_cycle,128,0.3091278415643713,0.36424737345592123
50,source_issue_excluded,none,before_tavg_median,eol_cut_candidate_knee,128,0.31583638304102535,0.36785407727731084
50,source_issue_excluded,none,before_tavg_median,fade_before_mah_per_cycle,128,-0.3690763536861966,-0.3257816791796374
50,source_issue_excluded,none,before_tavg_median,fade_after_mah_per_cycle,128,-0.32601388017574673,-0.29426844900201427
50,source_issue_excluded,none,before_tavg_median,fade_acceleration_delta,128,-0.2609309460890423,-0.23812030763596412
50,source_issue_excluded,none,before_tmax_median,candidate_knee_cycle,128,-0.019588432072312874,-0.010463639071571792
50,source_issue_excluded,none,before_tmax_median,eol_cut_candidate_knee,128,-0.013401931935658046,-0.003110157367871791
50,source_issue_excluded,none,before_tmax_median,fade_before_mah_per_cycle,128,-0.06499304809988377,-0.03757896905328694
50,source_issue_excluded,none,before_tmax_median,fade_after_mah_per_cycle,128,-0.02055300696795056,0.00043490203259476286
50,source_issue_excluded,none,before_tmax_median,fade_acceleration_delta,128,0.013254542737654631,0.02474935909174144
50,source_issue_excluded,none,before_chargetime_median,candidate_knee_cycle,128,0.041738718160907684,-0.22830018089163612
50,source_issue_excluded,none,before_chargetime_median,eol_cut_candidate_knee,128,0.04799766980859963,-0.2229527897141727
50,source_issue_excluded,none,before_chargetime_median,fade_before_mah_per_cycle,128,-0.3318376322280885,-0.07959279436000732
50,source_issue_excluded,none,before_chargetime_median,fade_after_mah_per_cycle,128,-0.32276804715751944,-0.13332036257095772
50,source_issue_excluded,none,before_chargetime_median,fade_acceleration_delta,128,-0.2822276535871131,-0.1821896172862113
50,source_issue_excluded,none,delta_ir_pct,candidate_knee_cycle,122,-0.6738359059373129,-0.8020402196721871
50,source_issue_excluded,none,delta_ir_pct,eol_cut_candidate_knee,122,-0.6832307931561821,-0.8050274770461731
50,source_issue_excluded,none,delta_ir_pct,fade_before_mah_per_cycle,122,0.7967604704641087,0.7940790625898401
50,source_issue_excluded,none,delta_ir_pct,fade_after_mah_per_cycle,122,0.7662394563450338,0.7550004791471842
50,source_issue_excluded,none,delta_ir_pct,fade_acceleration_delta,122,0.6635690414686243,0.6528727352034392
50,source_issue_excluded,none,delta_tavg_median,candidate_knee_cycle,128,-0.028845841670754362,-0.2541373864744344
50,source_issue_excluded,none,delta_tavg_median,eol_cut_candidate_knee,128,-0.03437226869204952,-0.25711015738450704
50,source_issue_excluded,none,delta_tavg_median,fade_before_mah_per_cycle,128,0.11992993407678333,0.27215711408167004
50,source_issue_excluded,none,delta_tavg_median,fade_after_mah_per_cycle,128,0.10597695067669398,0.22027787950924735
50,source_issue_excluded,none,delta_tavg_median,fade_acceleration_delta,128,0.08485275578552802,0.14633308917780627
50,source_issue_excluded,none,delta_tmax_median,candidate_knee_cycle,128,-0.048277821865904666,-0.3377434935762468
50,source_issue_excluded,none,delta_tmax_median,eol_cut_candidate_knee,128,-0.05310380262324355,-0.3398626609664646
50,source_issue_excluded,none,delta_tmax_median,fade_before_mah_per_cycle,128,0.11593702189501844,0.34767556308368425
50,source_issue_excluded,none,delta_tmax_median,fade_after_mah_per_cycle,128,0.10574869884995183,0.2795561710309467
50,source_issue_excluded,none,delta_tmax_median,fade_acceleration_delta,128,0.08732869625071014,0.18194927668925104
50,source_issue_excluded,none,delta_chargetime_median,candidate_knee_cycle,128,-0.6384961244161633,-0.7681289630505935
50,source_issue_excluded,none,delta_chargetime_median,eol_cut_candidate_knee,128,-0.6497856983704587,-0.771030042968952
50,source_issue_excluded,none,delta_chargetime_median,fade_before_mah_per_cycle,128,0.7910086377717269,0.7797450100714155
50,source_issue_excluded,none,delta_chargetime_median,fade_after_mah_per_cycle,128,0.7110731198839142,0.6914141182933529
50,source_issue_excluded,none,delta_chargetime_median,fade_acceleration_delta,128,0.5790784745241262,0.5714040468778612
50,cutoff_stable,none,c1,candidate_knee_cycle,119,-0.1279185372348922,-0.05596392961621519
50,cutoff_stable,none,c1,eol_cut_candidate_knee,119,-0.12084031621331758,-0.04734714283787009
50,cutoff_stable,none,c1,fade_before_mah_per_cycle,119,-0.033991198002506245,0.009064112481233455
50,cutoff_stable,none,c1,fade_after_mah_per_cycle,119,0.018646473888941344,0.06810265381650861
50,cutoff_stable,none,c1,fade_acceleration_delta,119,0.05222575525788643,0.10543748234098838
50,cutoff_stable,none,c2_active,candidate_knee_cycle,95,-0.07219694329323084,0.0585174161243093
50,cutoff_stable,none,c2_active,eol_cut_candidate_knee,95,-0.08101016364209357,0.05362569996401962
50,cutoff_stable,none,c2_active,fade_before_mah_per_cycle,95,0.2337596532013072,0.11191957220657897
50,cutoff_stable,none,c2_active,fade_after_mah_per_cycle,95,0.11367772722361903,-0.05185095018259571
50,cutoff_stable,none,c2_active,fade_acceleration_delta,95,0.03328162553681535,-0.1240967970026835
50,cutoff_stable,none,switch_soc_pct,candidate_knee_cycle,119,0.22617733549949542,0.10056737677599467
50,cutoff_stable,none,switch_soc_pct,eol_cut_candidate_knee,119,0.22088490684033857,0.0902270108516674
50,cutoff_stable,none,switch_soc_pct,fade_before_mah_per_cycle,119,-0.04321401644849162,-0.0435681940585989
50,cutoff_stable,none,switch_soc_pct,fade_after_mah_per_cycle,119,0.016261518822940167,0.025761937981537718
50,cutoff_stable,none,switch_soc_pct,fade_acceleration_delta,119,0.054595160027441886,0.050359717197224534
50,cutoff_stable,none,c_eff_0_80,candidate_knee_cycle,119,0.040356933544986505,0.08796643166067196
50,cutoff_stable,none,c_eff_0_80,eol_cut_candidate_knee,119,0.03377694698407615,0.08287674116878187
50,cutoff_stable,none,c_eff_0_80,fade_before_mah_per_cycle,119,0.36635867490552,0.21766888876431123
50,cutoff_stable,none,c_eff_0_80,fade_after_mah_per_cycle,119,0.31464397291072144,0.21337644295538688
50,cutoff_stable,none,c_eff_0_80,fade_acceleration_delta,119,0.25448394205539554,0.19902055663863405
50,cutoff_stable,none,cycle10_rms_c_timeweighted,candidate_knee_cycle,119,-0.24148621761844827,-0.1530509962566669
50,cutoff_stable,none,cycle10_rms_c_timeweighted,eol_cut_candidate_knee,119,-0.24196835691251722,-0.15104518110464368
50,cutoff_stable,none,cycle10_rms_c_timeweighted,fade_before_mah_per_cycle,119,0.38856506052620154,0.2754166073208945
50,cutoff_stable,none,cycle10_rms_c_timeweighted,fade_after_mah_per_cycle,119,0.3269088791881229,0.3055191568152685
50,cutoff_stable,none,cycle10_rms_c_timeweighted,fade_acceleration_delta,119,0.2591186826236562,0.3249608317903433
50,cutoff_stable,none,cycle10_time_fraction_above_5c,candidate_knee_cycle,119,-0.2715966840461525,-0.14054950864543145
50,cutoff_stable,none,cycle10_time_fraction_above_5c,eol_cut_candidate_knee,119,-0.2655839151925402,-0.13315074780656316
50,cutoff_stable,none,cycle10_time_fraction_above_5c,fade_before_mah_per_cycle,119,0.19334897413509572,0.20255535690329163
50,cutoff_stable,none,cycle10_time_fraction_above_5c,fade_after_mah_per_cycle,119,0.253020205001736,0.2912666447510193
50,cutoff_stable,none,cycle10_time_fraction_above_5c,fade_acceleration_delta,119,0.2721650331138542,0.33196989117843456
50,cutoff_stable,none,before_ir_median,candidate_knee_cycle,113,-0.44115020735298927,-0.4660836151869086
50,cutoff_stable,none,before_ir_median,eol_cut_candidate_knee,113,-0.4393032844166284,-0.45988842247152556
50,cutoff_stable,none,before_ir_median,fade_before_mah_per_cycle,113,0.35669075670051675,0.27433628318584075
50,cutoff_stable,none,before_ir_median,fade_after_mah_per_cycle,113,0.41481786707777824,0.36190864328964006
50,cutoff_stable,none,before_ir_median,fade_acceleration_delta,113,0.4202026689291777,0.3935724266418259
50,cutoff_stable,none,before_tavg_median,candidate_knee_cycle,119,0.2932649793186868,0.33768287022494287
50,cutoff_stable,none,before_tavg_median,eol_cut_candidate_knee,119,0.29944348224205597,0.34463468960593235
50,cutoff_stable,none,before_tavg_median,fade_before_mah_per_cycle,119,-0.3513747842321723,-0.2904287138584248
50,cutoff_stable,none,before_tavg_median,fade_after_mah_per_cycle,119,-0.32381981620489897,-0.26483406922090874
50,cutoff_stable,none,before_tavg_median,fade_acceleration_delta,119,-0.2790216812423296,-0.2185443668993021
50,cutoff_stable,none,before_tmax_median,candidate_knee_cycle,119,-0.017471081789826377,-0.015354238887412119
50,cutoff_stable,none,before_tmax_median,eol_cut_candidate_knee,119,-0.011023774188001649,-0.005707947507266647
50,cutoff_stable,none,before_tmax_median,fade_before_mah_per_cycle,119,-0.06246974409604162,-0.033556473436832365
50,cutoff_stable,none,before_tmax_median,fade_after_mah_per_cycle,119,-0.036632616403729355,7.833641931348812e-05
50,cutoff_stable,none,before_tmax_median,fade_acceleration_delta,119,-0.016414238125599515,0.028108531548212506
50,cutoff_stable,none,before_chargetime_median,candidate_knee_cycle,119,0.03774210859370873,-0.2108038720718193
50,cutoff_stable,none,before_chargetime_median,eol_cut_candidate_knee,119,0.04398105073820757,-0.2052902667725789
50,cutoff_stable,none,before_chargetime_median,fade_before_mah_per_cycle,119,-0.35651173334645875,-0.12950434411052558
50,cutoff_stable,none,before_chargetime_median,fade_after_mah_per_cycle,119,-0.3280815670091094,-0.18563594929497224
50,cutoff_stable,none,before_chargetime_median,fade_acceleration_delta,119,-0.2823520609589675,-0.22867825096140154
50,cutoff_stable,none,delta_ir_pct,candidate_knee_cycle,113,-0.6467919673249624,-0.7693785636636404
50,cutoff_stable,none,delta_ir_pct,eol_cut_candidate_knee,113,-0.6535469544461954,-0.7737362270298391
50,cutoff_stable,none,delta_ir_pct,fade_before_mah_per_cycle,113,0.7657150983221235,0.7631329429769114
50,cutoff_stable,none,delta_ir_pct,fade_after_mah_per_cycle,113,0.7314142337990084,0.7116740967462906
50,cutoff_stable,none,delta_ir_pct,fade_acceleration_delta,113,0.6501094737537744,0.6105113447335153
50,cutoff_stable,none,delta_tavg_median,candidate_knee_cycle,119,0.01968870791569283,-0.2159599337390208
50,cutoff_stable,none,delta_tavg_median,eol_cut_candidate_knee,119,0.01503048085420922,-0.22015300719387082
50,cutoff_stable,none,delta_tavg_median,fade_before_mah_per_cycle,119,0.09002671719015364,0.24613302948297963
50,cutoff_stable,none,delta_tavg_median,fade_after_mah_per_cycle,119,0.06954023159795485,0.1738926078906139
50,cutoff_stable,none,delta_tavg_median,fade_acceleration_delta,119,0.05020463281563204,0.09890329012961119
50,cutoff_stable,none,delta_tmax_median,candidate_knee_cycle,119,-0.005710923753250928,-0.25797400253136205
50,cutoff_stable,none,delta_tmax_median,eol_cut_candidate_knee,119,-0.009171624134550527,-0.26039706379220373
50,cutoff_stable,none,delta_tmax_median,fade_before_mah_per_cycle,119,0.08196070712575945,0.28077909129753603
50,cutoff_stable,none,delta_tmax_median,fade_after_mah_per_cycle,119,0.07268995245334285,0.19821962683378436
50,cutoff_stable,none,delta_tmax_median,fade_acceleration_delta,119,0.06057641853411446,0.11137302378578551
50,cutoff_stable,none,delta_chargetime_median,candidate_knee_cycle,119,-0.5950692569357995,-0.7175720933099266
50,cutoff_stable,none,delta_chargetime_median,eol_cut_candidate_knee,119,-0.6005988609578963,-0.720162799407152
50,cutoff_stable,none,delta_chargetime_median,fade_before_mah_per_cycle,119,0.7357839799883632,0.7366828087167072
50,cutoff_stable,none,delta_chargetime_median,fade_after_mah_per_cycle,119,0.6766304553361355,0.6325523429710869
50,cutoff_stable,none,delta_chargetime_median,fade_acceleration_delta,119,0.5819721386219261,0.5174262925509188
50,strictly_before_life_label,none,c1,candidate_knee_cycle,127,-0.031607502485715276,0.030523616457506952
50,strictly_before_life_label,none,c1,eol_cut_candidate_knee,127,-0.01987796264643228,0.03504342056538576
50,strictly_before_life_label,none,c1,fade_before_mah_per_cycle,127,-0.11004115254708241,-0.06437873732528153
50,strictly_before_life_label,none,c1,fade_after_mah_per_cycle,127,-0.03719533686124255,-0.016281240208711873
50,strictly_before_life_label,none,c1,fade_acceleration_delta,127,0.01813913365156342,0.04004241251331022
50,strictly_before_life_label,none,c2_active,candidate_knee_cycle,104,-0.19685165154096437,-0.1197231993041523
50,strictly_before_life_label,none,c2_active,eol_cut_candidate_knee,104,-0.21284767940688598,-0.12403287339423558
50,strictly_before_life_label,none,c2_active,fade_before_mah_per_cycle,104,0.33765675276506046,0.24170541985531266
50,strictly_before_life_label,none,c2_active,fade_after_mah_per_cycle,104,0.19451393524226923,0.08141985926539631
50,strictly_before_life_label,none,c2_active,fade_acceleration_delta,104,0.08122641760169874,-0.019412680332875697
50,strictly_before_life_label,none,switch_soc_pct,candidate_knee_cycle,127,0.19764080235427978,0.12884263742910942
50,strictly_before_life_label,none,switch_soc_pct,eol_cut_candidate_knee,127,0.1955662579391956,0.12167829979887818
50,strictly_before_life_label,none,switch_soc_pct,fade_before_mah_per_cycle,127,-0.10364986661133979,-0.07645460227579425
50,strictly_before_life_label,none,switch_soc_pct,fade_after_mah_per_cycle,127,-0.022517232845798124,0.0034938060789746973
50,strictly_before_life_label,none,switch_soc_pct,fade_acceleration_delta,127,0.03709126214650052,0.04154891879596194
50,strictly_before_life_label,none,c_eff_0_80,candidate_knee_cycle,127,-0.033756345607634436,-0.008327803780387099
50,strictly_before_life_label,none,c_eff_0_80,eol_cut_candidate_knee,127,-0.04347677601573666,-0.015511124967681558
50,strictly_before_life_label,none,c_eff_0_80,fade_before_mah_per_cycle,127,0.3940291533624132,0.27657308994400204
50,strictly_before_life_label,none,c_eff_0_80,fade_after_mah_per_cycle,127,0.34634944625623443,0.2596001822311593
50,strictly_before_life_label,none,c_eff_0_80,fade_acceleration_delta,127,0.2757207882153101,0.23241705568447324
50,strictly_before_life_label,none,cycle10_rms_c_timeweighted,candidate_knee_cycle,127,-0.29757945019452836,-0.20317077177428852
50,strictly_before_life_label,none,cycle10_rms_c_timeweighted,eol_cut_candidate_knee,127,-0.3068280307814175,-0.20637603554139292
50,strictly_before_life_label,none,cycle10_rms_c_timeweighted,fade_before_mah_per_cycle,127,0.48223173836968924,0.3038350674915635
50,strictly_before_life_label,none,cycle10_rms_c_timeweighted,fade_after_mah_per_cycle,127,0.3803629749692002,0.31132241282339707
50,strictly_before_life_label,none,cycle10_rms_c_timeweighted,fade_acceleration_delta,127,0.26789373488904766,0.31669478815148105
50,strictly_before_life_label,none,cycle10_time_fraction_above_5c,candidate_knee_cycle,127,-0.18587850092430153,-0.08234067782658326
50,strictly_before_life_label,none,cycle10_time_fraction_above_5c,eol_cut_candidate_knee,127,-0.17824729545751455,-0.07358460426621097
50,strictly_before_life_label,none,cycle10_time_fraction_above_5c,fade_before_mah_per_cycle,127,0.13663194863807868,0.13222936497701146
50,strictly_before_life_label,none,cycle10_time_fraction_above_5c,fade_after_mah_per_cycle,127,0.21420960010126056,0.22809403981224793
50,strictly_before_life_label,none,cycle10_time_fraction_above_5c,fade_acceleration_delta,127,0.24601409457788884,0.2664610485941562
50,strictly_before_life_label,none,before_ir_median,candidate_knee_cycle,121,-0.5183597098213947,-0.5225795854379411
50,strictly_before_life_label,none,before_ir_median,eol_cut_candidate_knee,121,-0.519011515554938,-0.5189543281106033
50,strictly_before_life_label,none,before_ir_median,fade_before_mah_per_cycle,121,0.44892311869392065,0.37255791898116775
50,strictly_before_life_label,none,before_ir_median,fade_after_mah_per_cycle,121,0.45709251327562883,0.4323939845549382
50,strictly_before_life_label,none,before_ir_median,fade_acceleration_delta,121,0.414064222582024,0.44564422165018286
50,strictly_before_life_label,none,before_tavg_median,candidate_knee_cycle,127,0.35198815646261217,0.37347378792098146
50,strictly_before_life_label,none,before_tavg_median,eol_cut_candidate_knee,127,0.35859110212802203,0.3771311062677607
50,strictly_before_life_label,none,before_tavg_median,fade_before_mah_per_cycle,127,-0.375280115915035,-0.3336965691788526
50,strictly_before_life_label,none,before_tavg_median,fade_after_mah_per_cycle,127,-0.3314524645329528,-0.3014974690663667
50,strictly_before_life_label,none,before_tavg_median,fade_acceleration_delta,127,-0.26513163277616514,-0.2450963160854893
50,strictly_before_life_label,none,before_tmax_median,candidate_knee_cycle,127,0.004365365067455728,0.0048364228646310395
50,strictly_before_life_label,none,before_tmax_median,eol_cut_candidate_knee,127,0.011242399182598766,0.012256424077801422
50,strictly_before_life_label,none,before_tmax_median,fade_before_mah_per_cycle,127,-0.07576295225158423,-0.0534601143607049
50,strictly_before_life_label,none,before_tmax_median,fade_after_mah_per_cycle,127,-0.02993782934830779,-0.014453271466066741
50,strictly_before_life_label,none,before_tmax_median,fade_acceleration_delta,127,0.005570252004757928,0.009678477690288713
50,strictly_before_life_label,none,before_chargetime_median,candidate_knee_cycle,127,0.005161860576809386,-0.24912704185322962
50,strictly_before_life_label,none,before_chargetime_median,eol_cut_candidate_knee,127,0.012881918351472219,-0.24371946148398677
50,strictly_before_life_label,none,before_chargetime_median,fade_before_mah_per_cycle,127,-0.325444450647298,-0.06203716722909636
50,strictly_before_life_label,none,before_chargetime_median,fade_after_mah_per_cycle,127,-0.3170806081201837,-0.11861993813273339
50,strictly_before_life_label,none,before_chargetime_median,fade_acceleration_delta,127,-0.27729921585221606,-0.16984205099362576
50,strictly_before_life_label,none,delta_ir_pct,candidate_knee_cycle,121,-0.7312333345425989,-0.798940499832055
50,strictly_before_life_label,none,delta_ir_pct,eol_cut_candidate_knee,121,-0.7397985041224115,-0.8019889174143106
50,strictly_before_life_label,none,delta_ir_pct,fade_before_mah_per_cycle,121,0.7933780333201093,0.7896626473377588
50,strictly_before_life_label,none,delta_ir_pct,fade_after_mah_per_cycle,121,0.7630019191356511,0.7499051619021811
50,strictly_before_life_label,none,delta_ir_pct,fade_acceleration_delta,121,0.6600098051933565,0.6470871155669962
50,strictly_before_life_label,none,delta_tavg_median,candidate_knee_cycle,127,0.01863528881442185,-0.20432495142823437
50,strictly_before_life_label,none,delta_tavg_median,eol_cut_candidate_knee,127,0.012040085862792815,-0.2073397935532468
50,strictly_before_life_label,none,delta_tavg_median,fade_before_mah_per_cycle,127,0.09698593916739515,0.22685836145481814
50,strictly_before_life_label,none,delta_tavg_median,fade_after_mah_per_cycle,127,0.08184265541181032,0.1735564304461942
50,strictly_before_life_label,none,delta_tavg_median,fade_acceleration_delta,127,0.06241991523101885,0.09660901762279715
50,strictly_before_life_label,none,delta_tmax_median,candidate_knee_cycle,127,-0.02636537041114277,-0.29131025763196183
50,strictly_before_life_label,none,delta_tmax_median,eol_cut_candidate_knee,127,-0.03194089966237891,-0.29345113250904287
50,strictly_before_life_label,none,delta_tmax_median,fade_before_mah_per_cycle,127,0.10399740779930428,0.3064831739782527
50,strictly_before_life_label,none,delta_tmax_median,fade_after_mah_per_cycle,127,0.09273170339774141,0.23650754593175852
50,strictly_before_life_label,none,delta_tmax_median,fade_acceleration_delta,127,0.07487918662356963,0.1357388920134983
50,strictly_before_life_label,none,delta_chargetime_median,candidate_knee_cycle,127,-0.6890994608368349,-0.7662317501108097
50,strictly_before_life_label,none,delta_chargetime_median,eol_cut_candidate_knee,127,-0.7002573939349113,-0.7691726328404949
50,strictly_before_life_label,none,delta_chargetime_median,fade_before_mah_per_cycle,127,0.7915100298992804,0.7773598612673416
50,strictly_before_life_label,none,delta_chargetime_median,fade_after_mah_per_cycle,127,0.709396103777888,0.68626968503937
50,strictly_before_life_label,none,delta_chargetime_median,fade_acceleration_delta,127,0.5756931312076002,0.5628866704161979
100,ALL,none,c1,candidate_knee_cycle,129,-0.07047003044962637,0.00431641770312086
100,ALL,batch_centered,c1,candidate_knee_cycle,129,-0.10224231718791442,
100,ALL,batch_structure_centered,c1,candidate_knee_cycle,129,-0.14000480133250984,
100,ALL,none,c1,eol_cut_candidate_knee,129,-0.06009150351584614,0.008711550975406213
100,ALL,batch_centered,c1,eol_cut_candidate_knee,129,-0.10103910037234787,
100,ALL,batch_structure_centered,c1,eol_cut_candidate_knee,129,-0.13812198358563643,
100,ALL,none,c1,fade_before_mah_per_cycle,127,-0.11944085692953359,-0.045909618175502015
100,ALL,batch_centered,c1,fade_before_mah_per_cycle,127,0.1451774960172835,
100,ALL,batch_structure_centered,c1,fade_before_mah_per_cycle,127,0.23276082176455726,
100,ALL,none,c1,fade_after_mah_per_cycle,127,-0.04722684216590163,0.01590483528107422
100,ALL,batch_centered,c1,fade_after_mah_per_cycle,127,0.24501650895591162,
100,ALL,batch_structure_centered,c1,fade_after_mah_per_cycle,127,0.39847110788872847,
100,ALL,none,c1,fade_acceleration_delta,127,-0.023753025228928505,0.04547019290999487
100,ALL,batch_centered,c1,fade_acceleration_delta,127,0.24154230851965997,
100,ALL,batch_structure_centered,c1,fade_acceleration_delta,127,0.3638759906233889,
100,ALL,none,c2_active,candidate_knee_cycle,104,-0.19685165154096437,-0.1197231993041523
100,ALL,batch_centered,c2_active,candidate_knee_cycle,104,-0.27248343774109945,
100,ALL,batch_structure_centered,c2_active,candidate_knee_cycle,104,-0.2479343610131056,
100,ALL,none,c2_active,eol_cut_candidate_knee,104,-0.21284767940688598,-0.12403287339423558
100,ALL,batch_centered,c2_active,eol_cut_candidate_knee,104,-0.2812268951839553,
100,ALL,batch_structure_centered,c2_active,eol_cut_candidate_knee,104,-0.25866419839776944,
100,ALL,none,c2_active,fade_before_mah_per_cycle,102,0.40093044229500185,0.2793672749436599
100,ALL,batch_centered,c2_active,fade_before_mah_per_cycle,102,0.24895786044705845,
100,ALL,batch_structure_centered,c2_active,fade_before_mah_per_cycle,102,0.22332786219126877,
100,ALL,none,c2_active,fade_after_mah_per_cycle,102,0.16476198830410324,0.030337620553867864
100,ALL,batch_centered,c2_active,fade_after_mah_per_cycle,102,-0.23893753633236564,
100,ALL,batch_structure_centered,c2_active,fade_after_mah_per_cycle,102,-0.45401801085810056,
100,ALL,none,c2_active,fade_acceleration_delta,102,0.09085726216663563,-0.026288404444450346
100,ALL,batch_centered,c2_active,fade_acceleration_delta,102,-0.3192081315224018,
100,ALL,batch_structure_centered,c2_active,fade_acceleration_delta,102,-0.49404668807122115,
100,ALL,none,switch_soc_pct,candidate_knee_cycle,129,0.26089139645825354,0.16169619471173718
100,ALL,batch_centered,switch_soc_pct,candidate_knee_cycle,129,0.36628165228658566,
100,ALL,batch_structure_centered,switch_soc_pct,candidate_knee_cycle,129,0.37250653482748686,
100,ALL,none,switch_soc_pct,eol_cut_candidate_knee,129,0.25879344641362767,0.1547515594945553
100,ALL,batch_centered,switch_soc_pct,eol_cut_candidate_knee,129,0.3694803060696398,
100,ALL,batch_structure_centered,switch_soc_pct,eol_cut_candidate_knee,129,0.37555939426633056,
100,ALL,none,switch_soc_pct,fade_before_mah_per_cycle,127,-0.14508897115179462,-0.12584536410014813
100,ALL,batch_centered,switch_soc_pct,fade_before_mah_per_cycle,127,-0.2882956126184426,
100,ALL,batch_structure_centered,switch_soc_pct,fade_before_mah_per_cycle,127,-0.3165175951979603,
100,ALL,none,switch_soc_pct,fade_after_mah_per_cycle,127,-0.019494121680349814,0.007705178872021427
100,ALL,batch_centered,switch_soc_pct,fade_after_mah_per_cycle,127,-0.0723849956750044,
100,ALL,batch_structure_centered,switch_soc_pct,fade_after_mah_per_cycle,127,-0.045753014734950616,
100,ALL,none,switch_soc_pct,fade_acceleration_delta,127,0.017933128540468746,0.01900669696527304
100,ALL,batch_centered,switch_soc_pct,fade_acceleration_delta,127,-0.009933011793519096,
100,ALL,batch_structure_centered,switch_soc_pct,fade_acceleration_delta,127,0.03255981637106826,
100,ALL,none,c_eff_0_80,candidate_knee_cycle,129,-0.0013131411736354692,-0.0043228415380630394
100,ALL,batch_centered,c_eff_0_80,candidate_knee_cycle,129,-0.1138339998563471,
100,ALL,batch_structure_centered,c_eff_0_80,candidate_knee_cycle,129,-0.1259039303951266,
100,ALL,none,c_eff_0_80,eol_cut_candidate_knee,129,-0.010033769346019149,-0.011297124280777797
100,ALL,batch_centered,c_eff_0_80,eol_cut_candidate_knee,129,-0.11392540459229193,
100,ALL,batch_structure_centered,c_eff_0_80,eol_cut_candidate_knee,129,-0.12573743849763439,
100,ALL,none,c_eff_0_80,fade_before_mah_per_cycle,127,0.3874766074431466,0.2618273947409652
100,ALL,batch_centered,c_eff_0_80,fade_before_mah_per_cycle,127,0.4259828189105798,
100,ALL,batch_structure_centered,c_eff_0_80,fade_before_mah_per_cycle,127,0.5314305326251574,
100,ALL,none,c_eff_0_80,fade_after_mah_per_cycle,127,0.3238183132092459,0.2639177037406177
100,ALL,batch_centered,c_eff_0_80,fade_after_mah_per_cycle,127,0.29862882150783604,
100,ALL,batch_structure_centered,c_eff_0_80,fade_after_mah_per_cycle,127,0.40837179345017627,
100,ALL,none,c_eff_0_80,fade_acceleration_delta,127,0.28781649011919563,0.23460332809337997
100,ALL,batch_centered,c_eff_0_80,fade_acceleration_delta,127,0.2320594953014102,
100,ALL,batch_structure_centered,c_eff_0_80,fade_acceleration_delta,127,0.29778264275401056,
100,ALL,none,cycle10_rms_c_timeweighted,candidate_knee_cycle,129,-0.3188095976308897,-0.23356403324339683
100,ALL,batch_centered,cycle10_rms_c_timeweighted,candidate_knee_cycle,129,-0.3414300950951165,
100,ALL,batch_structure_centered,cycle10_rms_c_timeweighted,candidate_knee_cycle,129,-0.30975893214708083,
100,ALL,none,cycle10_rms_c_timeweighted,eol_cut_candidate_knee,129,-0.3269439033297338,-0.23666689029755547
100,ALL,batch_centered,cycle10_rms_c_timeweighted,eol_cut_candidate_knee,129,-0.3477711557824724,
100,ALL,batch_structure_centered,cycle10_rms_c_timeweighted,eol_cut_candidate_knee,129,-0.316843476032741,
100,ALL,none,cycle10_rms_c_timeweighted,fade_before_mah_per_cycle,127,0.5068703739215409,0.32176251406074236
100,ALL,batch_centered,cycle10_rms_c_timeweighted,fade_before_mah_per_cycle,127,0.5602047468988287,
100,ALL,batch_structure_centered,cycle10_rms_c_timeweighted,fade_before_mah_per_cycle,127,0.5993932137824836,
100,ALL,none,cycle10_rms_c_timeweighted,fade_after_mah_per_cycle,127,0.3701436664541059,0.35600628046494187
100,ALL,batch_centered,cycle10_rms_c_timeweighted,fade_after_mah_per_cycle,127,0.31544474630282116,
100,ALL,batch_structure_centered,cycle10_rms_c_timeweighted,fade_after_mah_per_cycle,127,0.303676875055198,
100,ALL,none,cycle10_rms_c_timeweighted,fade_acceleration_delta,127,0.31046951770314224,0.35532667791526057
100,ALL,batch_centered,cycle10_rms_c_timeweighted,fade_acceleration_delta,127,0.21753491933339286,
100,ALL,batch_structure_centered,cycle10_rms_c_timeweighted,fade_acceleration_delta,127,0.1690543594093648,
100,ALL,none,cycle10_time_fraction_above_5c,candidate_knee_cycle,129,-0.25346103295190114,-0.11825746223123922
100,ALL,batch_centered,cycle10_time_fraction_above_5c,candidate_knee_cycle,129,-0.3086084214153052,
100,ALL,batch_structure_centered,cycle10_time_fraction_above_5c,candidate_knee_cycle,129,-0.30792711594520816,
100,ALL,none,cycle10_time_fraction_above_5c,eol_cut_candidate_knee,129,-0.2466146411028091,-0.10979345512461884
100,ALL,batch_centered,cycle10_time_fraction_above_5c,eol_cut_candidate_knee,129,-0.3046399357876392,
100,ALL,batch_structure_centered,cycle10_time_fraction_above_5c,eol_cut_candidate_knee,129,-0.3032724166006307,
100,ALL,none,cycle10_time_fraction_above_5c,fade_before_mah_per_cycle,127,0.1487312020745328,0.14247750747882756
100,ALL,batch_centered,cycle10_time_fraction_above_5c,fade_before_mah_per_cycle,127,0.2513274365116904,
100,ALL,batch_structure_centered,cycle10_time_fraction_above_5c,fade_before_mah_per_cycle,127,0.26560427933699415,
100,ALL,none,cycle10_time_fraction_above_5c,fade_after_mah_per_cycle,127,0.23818181128982793,0.29240001854472464
100,ALL,batch_centered,cycle10_time_fraction_above_5c,fade_after_mah_per_cycle,127,0.3770587465216447,
100,ALL,batch_structure_centered,cycle10_time_fraction_above_5c,fade_after_mah_per_cycle,127,0.454332137666925,
100,ALL,none,cycle10_time_fraction_above_5c,fade_acceleration_delta,127,0.2511630755249497,0.318213673444485
100,ALL,batch_centered,cycle10_time_fraction_above_5c,fade_acceleration_delta,127,0.36472580346958827,
100,ALL,batch_structure_centered,cycle10_time_fraction_above_5c,fade_acceleration_delta,127,0.41483252212782595,
100,ALL,none,before_ir_median,candidate_knee_cycle,121,-0.4569567972170461,-0.48289912911154437
100,ALL,batch_centered,before_ir_median,candidate_knee_cycle,121,-0.05215897498425219,
100,ALL,batch_structure_centered,before_ir_median,candidate_knee_cycle,121,0.18297800023427263,
100,ALL,none,before_ir_median,eol_cut_candidate_knee,121,-0.45811862269437414,-0.47941226782578
100,ALL,batch_centered,before_ir_median,eol_cut_candidate_knee,121,-0.04828393053432206,
100,ALL,batch_structure_centered,before_ir_median,eol_cut_candidate_knee,121,0.18415973077115183,
100,ALL,none,before_ir_median,fade_before_mah_per_cycle,121,0.37896209339122194,0.31085218805039955
100,ALL,batch_centered,before_ir_median,fade_before_mah_per_cycle,121,0.15746076397948666,
100,ALL,batch_structure_centered,before_ir_median,fade_before_mah_per_cycle,121,-0.2111599599677541,
100,ALL,none,before_ir_median,fade_after_mah_per_cycle,121,0.45192749842327207,0.385516867633112
100,ALL,batch_centered,before_ir_median,fade_after_mah_per_cycle,121,0.33649484483008274,
100,ALL,batch_structure_centered,before_ir_median,fade_after_mah_per_cycle,121,-0.03337427544713161,
100,ALL,none,before_ir_median,fade_acceleration_delta,121,0.44781828789272726,0.3994987129115295
100,ALL,batch_centered,before_ir_median,fade_acceleration_delta,121,0.3387736821295856,
100,ALL,batch_structure_centered,before_ir_median,fade_acceleration_delta,121,0.019320421355902527,
100,ALL,none,before_tavg_median,candidate_knee_cycle,127,0.3219653934487068,0.36622647709899653
100,ALL,batch_centered,before_tavg_median,candidate_knee_cycle,127,-0.08457824399933031,
100,ALL,batch_structure_centered,before_tavg_median,candidate_knee_cycle,127,-0.17360162383018052,
100,ALL,none,before_tavg_median,eol_cut_candidate_knee,127,0.32980695512209923,0.371570644989467
100,ALL,batch_centered,before_tavg_median,eol_cut_candidate_knee,127,-0.0854982805366274,
100,ALL,batch_structure_centered,before_tavg_median,eol_cut_candidate_knee,127,-0.1733929069390886,
100,ALL,none,before_tavg_median,fade_before_mah_per_cycle,127,-0.37230557612148996,-0.32647872140982376
100,ALL,batch_centered,before_tavg_median,fade_before_mah_per_cycle,127,0.00384538377332656,
100,ALL,batch_structure_centered,before_tavg_median,fade_before_mah_per_cycle,127,0.13764080563017403,
100,ALL,none,before_tavg_median,fade_after_mah_per_cycle,127,-0.3488146155442663,-0.2752859017622797
100,ALL,batch_centered,before_tavg_median,fade_after_mah_per_cycle,127,0.029756634081691102,
100,ALL,batch_structure_centered,before_tavg_median,fade_after_mah_per_cycle,127,0.20667069747683858,
100,ALL,none,before_tavg_median,fade_acceleration_delta,127,-0.32308832562314904,-0.23357822459692534
100,ALL,batch_centered,before_tavg_median,fade_acceleration_delta,127,0.03278537848796466,
100,ALL,batch_structure_centered,before_tavg_median,fade_acceleration_delta,127,0.18438781702121576,
100,ALL,none,before_tmax_median,candidate_knee_cycle,127,0.008493920602676012,0.02447212393163398
100,ALL,batch_centered,before_tmax_median,candidate_knee_cycle,127,-0.21186061637116477,
100,ALL,batch_structure_centered,before_tmax_median,candidate_knee_cycle,127,-0.2022829512123335,
100,ALL,none,before_tmax_median,eol_cut_candidate_knee,127,0.015996375208993302,0.03278530051655667
100,ALL,batch_centered,before_tmax_median,eol_cut_candidate_knee,127,-0.21094489613550055,
100,ALL,batch_structure_centered,before_tmax_median,eol_cut_candidate_knee,127,-0.20117943853612527,
100,ALL,none,before_tmax_median,fade_before_mah_per_cycle,127,-0.09363391721632809,-0.06225393700787401
100,ALL,batch_centered,before_tmax_median,fade_before_mah_per_cycle,127,0.1708568667634858,
100,ALL,batch_structure_centered,before_tmax_median,fade_before_mah_per_cycle,127,0.1629198150618594,
100,ALL,none,before_tmax_median,fade_after_mah_per_cycle,127,-0.05865414433785941,-0.010610001874765653
100,ALL,batch_centered,before_tmax_median,fade_after_mah_per_cycle,127,0.20854332497769007,
100,ALL,batch_structure_centered,before_tmax_median,fade_after_mah_per_cycle,127,0.2218029380630814,
100,ALL,none,before_tmax_median,fade_acceleration_delta,127,-0.045342639799635154,0.01679086989126359
100,ALL,batch_centered,before_tmax_median,fade_acceleration_delta,127,0.19374938535048297,
100,ALL,batch_structure_centered,before_tmax_median,fade_acceleration_delta,127,0.19398897717472616,
100,ALL,none,before_chargetime_median,candidate_knee_cycle,127,0.07661114380240659,-0.20098251745576678
100,ALL,batch_centered,before_chargetime_median,candidate_knee_cycle,127,0.21387639875603215,
100,ALL,batch_structure_centered,before_chargetime_median,candidate_knee_cycle,127,0.2789498697520735,
100,ALL,none,before_chargetime_median,eol_cut_candidate_knee,127,0.08328424194182033,-0.19491904006180139
100,ALL,batch_centered,before_chargetime_median,eol_cut_candidate_knee,127,0.21334402764538046,
100,ALL,batch_structure_centered,before_chargetime_median,eol_cut_candidate_knee,127,0.27730229151490704,
100,ALL,none,before_chargetime_median,fade_before_mah_per_cycle,127,-0.36185239424655236,-0.10682649043869515
100,ALL,batch_centered,before_chargetime_median,fade_before_mah_per_cycle,127,-0.36443066586559875,
100,ALL,batch_structure_centered,before_chargetime_median,fade_before_mah_per_cycle,127,-0.5283269523110405,
100,ALL,none,before_chargetime_median,fade_after_mah_per_cycle,127,-0.34200250802293286,-0.19081013310836145
100,ALL,batch_centered,before_chargetime_median,fade_after_mah_per_cycle,127,-0.32602781195908426,
100,ALL,batch_structure_centered,before_chargetime_median,fade_after_mah_per_cycle,127,-0.5365104942063064,
100,ALL,none,before_chargetime_median,fade_acceleration_delta,127,-0.3177001662300447,-0.19916455755530557
100,ALL,batch_centered,before_chargetime_median,fade_acceleration_delta,127,-0.27854013439030734,
100,ALL,batch_structure_centered,before_chargetime_median,fade_acceleration_delta,127,-0.4347939731455288,
100,ALL,none,delta_ir_pct,candidate_knee_cycle,121,-0.7323001392418108,-0.8623614869644027
100,ALL,batch_centered,delta_ir_pct,candidate_knee_cycle,121,-0.5778623427108713,
100,ALL,batch_structure_centered,delta_ir_pct,candidate_knee_cycle,121,-0.49423564826407484,
100,ALL,none,delta_ir_pct,eol_cut_candidate_knee,121,-0.7421002013529951,-0.8640496687161837
100,ALL,batch_centered,delta_ir_pct,eol_cut_candidate_knee,121,-0.5757138476683803,
100,ALL,batch_structure_centered,delta_ir_pct,eol_cut_candidate_knee,121,-0.49398473197425635,
100,ALL,none,delta_ir_pct,fade_before_mah_per_cycle,121,0.8692677463175392,0.8453868039561033
100,ALL,batch_centered,delta_ir_pct,fade_before_mah_per_cycle,121,0.6973502890648277,
100,ALL,batch_structure_centered,delta_ir_pct,fade_before_mah_per_cycle,121,0.5663824252879501,
100,ALL,none,delta_ir_pct,fade_after_mah_per_cycle,121,0.8407766312718621,0.7826581763988617
100,ALL,batch_centered,delta_ir_pct,fade_after_mah_per_cycle,121,0.6308083386292609,
100,ALL,batch_structure_centered,delta_ir_pct,fade_after_mah_per_cycle,121,0.43059038554852763,
100,ALL,none,delta_ir_pct,fade_acceleration_delta,121,0.7853887156139856,0.7226663053786747
100,ALL,batch_centered,delta_ir_pct,fade_acceleration_delta,121,0.5338713022481473,
100,ALL,batch_structure_centered,delta_ir_pct,fade_acceleration_delta,121,0.3110840712534012,
100,ALL,none,delta_tavg_median,candidate_knee_cycle,127,0.06697352243850874,-0.028497105770521346
100,ALL,batch_centered,delta_tavg_median,candidate_knee_cycle,127,0.15657553149169423,
100,ALL,batch_structure_centered,delta_tavg_median,candidate_knee_cycle,127,0.11219654778144292,
100,ALL,none,delta_tavg_median,eol_cut_candidate_knee,127,0.0605844382556121,-0.029322807198957496
100,ALL,batch_centered,delta_tavg_median,eol_cut_candidate_knee,127,0.15659930134514166,
100,ALL,batch_structure_centered,delta_tavg_median,eol_cut_candidate_knee,127,0.11264325668819056,
100,ALL,none,delta_tavg_median,fade_before_mah_per_cycle,127,0.06885728381759873,0.09898176790401197
100,ALL,batch_centered,delta_tavg_median,fade_before_mah_per_cycle,127,-0.11431450894224404,
100,ALL,batch_structure_centered,delta_tavg_median,fade_before_mah_per_cycle,127,-0.04230229196472395,
100,ALL,none,delta_tavg_median,fade_after_mah_per_cycle,127,0.02017669352058972,-0.042979002624671914
100,ALL,batch_centered,delta_tavg_median,fade_after_mah_per_cycle,127,-0.1765622968721759,
100,ALL,batch_structure_centered,delta_tavg_median,fade_after_mah_per_cycle,127,-0.11609515052301153,
100,ALL,none,delta_tavg_median,fade_acceleration_delta,127,0.0049851849370009665,-0.08489759092613423
100,ALL,batch_centered,delta_tavg_median,fade_acceleration_delta,127,-0.17163141350093278,
100,ALL,batch_structure_centered,delta_tavg_median,fade_acceleration_delta,127,-0.11256066861311995,
100,ALL,none,delta_tmax_median,candidate_knee_cycle,127,0.0024966525575664048,-0.19679641916772453
100,ALL,batch_centered,delta_tmax_median,candidate_knee_cycle,127,0.10231371441026585,
100,ALL,batch_structure_centered,delta_tmax_median,candidate_knee_cycle,127,0.07806902877516297,
100,ALL,none,delta_tmax_median,eol_cut_candidate_knee,127,-0.003128387381111009,-0.1988150773819426
100,ALL,batch_centered,delta_tmax_median,eol_cut_candidate_knee,127,0.10060154816508227,
100,ALL,batch_structure_centered,delta_tmax_median,eol_cut_candidate_knee,127,0.07640074992100242,
100,ALL,none,delta_tmax_median,fade_before_mah_per_cycle,127,0.08940858144735463,0.250246062992126
100,ALL,batch_centered,delta_tmax_median,fade_before_mah_per_cycle,127,-0.04064714195256036,
100,ALL,batch_structure_centered,delta_tmax_median,fade_before_mah_per_cycle,127,0.006270094263610679,
100,ALL,none,delta_tmax_median,fade_after_mah_per_cycle,127,0.03500462490302921,0.09190452755905512
100,ALL,batch_centered,delta_tmax_median,fade_after_mah_per_cycle,127,-0.118442747333772,
100,ALL,batch_structure_centered,delta_tmax_median,fade_after_mah_per_cycle,127,-0.09041427094050726,
100,ALL,none,delta_tmax_median,fade_acceleration_delta,127,0.017351307404337747,0.03085161229846269
100,ALL,batch_centered,delta_tmax_median,fade_acceleration_delta,127,-0.12415538942274593,
100,ALL,batch_structure_centered,delta_tmax_median,fade_acceleration_delta,127,-0.0977214736099695,
100,ALL,none,delta_chargetime_median,candidate_knee_cycle,127,-0.6607923831017062,-0.8127211691669542
100,ALL,batch_centered,delta_chargetime_median,candidate_knee_cycle,127,-0.5219508881024929,
100,ALL,batch_structure_centered,delta_chargetime_median,candidate_knee_cycle,127,-0.3694896978974517,
100,ALL,none,delta_chargetime_median,eol_cut_candidate_knee,127,-0.6714718924520326,-0.8159620356491523
100,ALL,batch_centered,delta_chargetime_median,eol_cut_candidate_knee,127,-0.5218993497530351,
100,ALL,batch_structure_centered,delta_chargetime_median,eol_cut_candidate_knee,127,-0.37297004580398263,
100,ALL,none,delta_chargetime_median,fade_before_mah_per_cycle,127,0.8730022433823975,0.8732951349831269
100,ALL,batch_centered,delta_chargetime_median,fade_before_mah_per_cycle,127,0.7510831474987365,
100,ALL,batch_structure_centered,delta_chargetime_median,fade_before_mah_per_cycle,127,0.5913110821000278,
100,ALL,none,delta_chargetime_median,fade_after_mah_per_cycle,127,0.8029686876602011,0.7817538432695913
100,ALL,batch_centered,delta_chargetime_median,fade_after_mah_per_cycle,127,0.5984472810737202,
100,ALL,batch_structure_centered,delta_chargetime_median,fade_after_mah_per_cycle,127,0.2645194206942523,
100,ALL,none,delta_chargetime_median,fade_acceleration_delta,127,0.7391259856027865,0.7137818710161229
100,ALL,batch_centered,delta_chargetime_median,fade_acceleration_delta,127,0.4907192840850051,
100,ALL,batch_structure_centered,delta_chargetime_median,fade_acceleration_delta,127,0.12950216460295177,
100,B1,none,c1,candidate_knee_cycle,44,-0.3201666467609043,-0.2582598483649165
100,B1,none,c1,eol_cut_candidate_knee,44,-0.3201666467609043,-0.2582598483649165
100,B1,none,c1,fade_before_mah_per_cycle,44,0.4876206216982536,0.38462723469397475
100,B1,none,c1,fade_after_mah_per_cycle,44,0.5181916504693873,0.4487197172854477
100,B1,none,c1,fade_acceleration_delta,44,0.49409138428456967,0.4664428078440379
100,B1,none,c2_active,candidate_knee_cycle,35,0.04605235907336465,0.05269747687054358
100,B1,none,c2_active,eol_cut_candidate_knee,35,0.04605235907336465,0.05269747687054358
100,B1,none,c2_active,fade_before_mah_per_cycle,35,0.033072650726072045,0.06440351676222646
100,B1,none,c2_active,fade_after_mah_per_cycle,35,0.053129793308420444,0.046838921281619234
100,B1,none,c2_active,fade_acceleration_delta,35,0.05512505958515421,0.04098405612141683
100,B1,none,switch_soc_pct,candidate_knee_cycle,44,0.03110148307403459,-0.024392943558554495
100,B1,none,switch_soc_pct,eol_cut_candidate_knee,44,0.03110148307403459,-0.024392943558554495
100,B1,none,switch_soc_pct,fade_before_mah_per_cycle,44,-0.12759880493917305,-0.020100221738697445
100,B1,none,switch_soc_pct,fade_after_mah_per_cycle,44,-0.1593489851379143,-0.10479297098644752
100,B1,none,switch_soc_pct,fade_acceleration_delta,44,-0.15927721835633118,-0.14992905610074678
100,B1,none,c_eff_0_80,candidate_knee_cycle,44,-0.341933596992711,-0.33555250171683243
100,B1,none,c_eff_0_80,eol_cut_candidate_knee,44,-0.341933596992711,-0.33555250171683243
100,B1,none,c_eff_0_80,fade_before_mah_per_cycle,44,0.8293770617501788,0.750385825648095
100,B1,none,c_eff_0_80,fade_after_mah_per_cycle,44,0.6848145222537443,0.646745283121984
100,B1,none,c_eff_0_80,fade_acceleration_delta,44,0.5922245644347905,0.5822971368821976
100,B1,none,cycle10_rms_c_timeweighted,candidate_knee_cycle,44,-0.478909541272166,-0.6020649075234354
100,B1,none,cycle10_rms_c_timeweighted,eol_cut_candidate_knee,44,-0.478909541272166,-0.6020649075234354
100,B1,none,cycle10_rms_c_timeweighted,fade_before_mah_per_cycle,44,0.9052200224588803,0.8283298097251585
100,B1,none,cycle10_rms_c_timeweighted,fade_after_mah_per_cycle,44,0.8426075008419776,0.8573643410852714
100,B1,none,cycle10_rms_c_timeweighted,fade_acceleration_delta,44,0.7665334507605246,0.8128259337561663
100,B1,none,cycle10_time_fraction_above_5c,candidate_knee_cycle,44,-0.2205713825137637,-0.035518903250933244
100,B1,none,cycle10_time_fraction_above_5c,eol_cut_candidate_knee,44,-0.2205713825137637,-0.035518903250933244
100,B1,none,cycle10_time_fraction_above_5c,fade_before_mah_per_cycle,44,0.4899728273018133,0.22002585018054321
100,B1,none,cycle10_time_fraction_above_5c,fade_after_mah_per_cycle,44,0.3162222940109964,0.24304524272189662
100,B1,none,cycle10_time_fraction_above_5c,fade_acceleration_delta,44,0.23833086723222963,0.2136708031599242
100,B1,none,before_ir_median,candidate_knee_cycle,44,0.3743706832660971,0.49078544024267884
100,B1,none,before_ir_median,eol_cut_candidate_knee,44,0.3743706832660971,0.49078544024267884
100,B1,none,before_ir_median,fade_before_mah_per_cycle,44,-0.2774515452744586,-0.3570119802677942
100,B1,none,before_ir_median,fade_after_mah_per_cycle,44,-0.2820659932023481,-0.32783650458069064
100,B1,none,before_ir_median,fade_acceleration_delta,44,-0.26499825983962977,-0.26201550387596895
100,B1,none,before_tavg_median,candidate_knee_cycle,44,-0.5931460337263504,-0.5347616198393806
100,B1,none,before_tavg_median,eol_cut_candidate_knee,44,-0.5931460337263504,-0.5347616198393806
100,B1,none,before_tavg_median,fade_before_mah_per_cycle,44,0.4693108821303186,0.5119097956307258
100,B1,none,before_tavg_median,fade_after_mah_per_cycle,44,0.6109929317136504,0.6321353065539111
100,B1,none,before_tavg_median,fade_acceleration_delta,44,0.6172665603240441,0.6346723044397462
100,B1,none,before_tmax_median,candidate_knee_cycle,44,-0.4825726682818787,-0.41777370616866744
100,B1,none,before_tmax_median,eol_cut_candidate_knee,44,-0.4825726682818787,-0.41777370616866744
100,B1,none,before_tmax_median,fade_before_mah_per_cycle,44,0.41147390393918065,0.4404510218463707
100,B1,none,before_tmax_median,fade_after_mah_per_cycle,44,0.4901422463042885,0.5295278365045807
100,B1,none,before_tmax_median,fade_acceleration_delta,44,0.4836846435602549,0.53446088794926
100,B1,none,before_chargetime_median,candidate_knee_cycle,44,0.23987112311347997,0.308819902231967
100,B1,none,before_chargetime_median,eol_cut_candidate_knee,44,0.23987112311347997,0.308819902231967
100,B1,none,before_chargetime_median,fade_before_mah_per_cycle,44,-0.806567850760517,-0.7076814658210007
100,B1,none,before_chargetime_median,fade_after_mah_per_cycle,44,-0.7103855494379081,-0.6460887949260042
100,B1,none,before_chargetime_median,fade_acceleration_delta,44,-0.6319985429373873,-0.5883016208597603
100,B1,none,delta_ir_pct,candidate_knee_cycle,44,-0.6123721268582697,-0.6807146133406138
100,B1,none,delta_ir_pct,eol_cut_candidate_knee,44,-0.6123721268582697,-0.6807146133406138
100,B1,none,delta_ir_pct,fade_before_mah_per_cycle,44,0.6012756801710912,0.6669485553206483
100,B1,none,delta_ir_pct,fade_after_mah_per_cycle,44,0.7145573292941849,0.7224806201550388
100,B1,none,delta_ir_pct,fade_acceleration_delta,44,0.7046814985302496,0.6789288231148696
100,B1,none,delta_tavg_median,candidate_knee_cycle,44,0.30168347310070376,0.3706261674664342
100,B1,none,delta_tavg_median,eol_cut_candidate_knee,44,0.30168347310070376,0.3706261674664342
100,B1,none,delta_tavg_median,fade_before_mah_per_cycle,44,0.03290664888279121,-0.200845665961945
100,B1,none,delta_tavg_median,fade_after_mah_per_cycle,44,-0.33285335492331924,-0.3952078928823114
100,B1,none,delta_tavg_median,fade_acceleration_delta,44,-0.4310365030906796,-0.45088090204369263
100,B1,none,delta_tmax_median,candidate_knee_cycle,44,0.28492286041457476,0.3740089505123344
100,B1,none,delta_tmax_median,eol_cut_candidate_knee,44,0.28492286041457476,0.3740089505123344
100,B1,none,delta_tmax_median,fade_before_mah_per_cycle,44,0.06104780157481363,-0.18886539816772374
100,B1,none,delta_tmax_median,fade_after_mah_per_cycle,44,-0.29744533385085653,-0.3733615221987315
100,B1,none,delta_tmax_median,fade_acceleration_delta,44,-0.39557486144787574,-0.4319943622269203
100,B1,none,delta_chargetime_median,candidate_knee_cycle,44,-0.5561748844117324,-0.6137636988905069
100,B1,none,delta_chargetime_median,eol_cut_candidate_knee,44,-0.5561748844117324,-0.6137636988905069
100,B1,none,delta_chargetime_median,fade_before_mah_per_cycle,44,0.6779308036401699,0.8184637068357997
100,B1,none,delta_chargetime_median,fade_after_mah_per_cycle,44,0.5983231807548001,0.7532064834390415
100,B1,none,delta_chargetime_median,fade_acceleration_delta,44,0.5327620395012117,0.679351656095842
100,B2,none,c1,candidate_knee_cycle,39,0.2029950116330736,0.12441235477464307
100,B2,none,c1,eol_cut_candidate_knee,39,0.21058830907372972,0.11288252441261509
100,B2,none,c1,fade_before_mah_per_cycle,37,-0.22509685404635765,-0.1278411953603035
100,B2,none,c1,fade_after_mah_per_cycle,37,0.05229337768970266,0.11423072589228643
100,B2,none,c1,fade_acceleration_delta,37,0.10595339122448393,0.12298031340744026
100,B2,none,c2_active,candidate_knee_cycle,31,-0.18213767908098477,-0.33688495895574083
100,B2,none,c2_active,eol_cut_candidate_knee,31,-0.2024114911750386,-0.37269596380999076
100,B2,none,c2_active,fade_before_mah_per_cycle,29,0.23963615460671203,0.3671751690801733
100,B2,none,c2_active,fade_after_mah_per_cycle,29,-0.25663946971924706,-0.39510967474699943
100,B2,none,c2_active,fade_acceleration_delta,29,-0.3326383244713846,-0.41473932737774205
100,B2,none,switch_soc_pct,candidate_knee_cycle,39,0.12330073086611965,0.2979702703680985
100,B2,none,switch_soc_pct,eol_cut_candidate_knee,39,0.13594690837498988,0.2970943450043691
100,B2,none,switch_soc_pct,fade_before_mah_per_cycle,37,-0.2604057492269717,-0.23918780317617028
100,B2,none,switch_soc_pct,fade_after_mah_per_cycle,37,-0.007598067240242222,-0.05796305738105282
100,B2,none,switch_soc_pct,fade_acceleration_delta,37,0.04786007707595745,-0.008778637321196797
100,B2,none,c_eff_0_80,candidate_knee_cycle,39,0.33506022776900707,0.2677505628958502
100,B2,none,c_eff_0_80,eol_cut_candidate_knee,39,0.3268789309432003,0.24419068809367298
100,B2,none,c_eff_0_80,fade_before_mah_per_cycle,37,-0.2638859200125509,-0.1492453810215191
100,B2,none,c_eff_0_80,fade_after_mah_per_cycle,37,-0.26460734837778854,-0.25232741341937803
100,B2,none,c_eff_0_80,fade_acceleration_delta,37,-0.23338048144748558,-0.25486518912905565
100,B2,none,cycle10_rms_c_timeweighted,candidate_knee_cycle,39,-0.20572224143277423,-0.30427300997111223
100,B2,none,cycle10_rms_c_timeweighted,eol_cut_candidate_knee,39,-0.22746088433684267,-0.35032137298774507
100,B2,none,cycle10_rms_c_timeweighted,fade_before_mah_per_cycle,37,0.3646936946880039,0.3385490753911806
100,B2,none,cycle10_rms_c_timeweighted,fade_after_mah_per_cycle,37,0.03658698140776584,0.14248458985301088
100,B2,none,cycle10_rms_c_timeweighted,fade_acceleration_delta,37,-0.038559123820570015,0.08748221906116642
100,B2,none,cycle10_time_fraction_above_5c,candidate_knee_cycle,39,-0.08027833574259688,-0.0795206262280732
100,B2,none,cycle10_time_fraction_above_5c,eol_cut_candidate_knee,39,-0.06390380993340168,-0.03496854495381972
100,B2,none,cycle10_time_fraction_above_5c,fade_before_mah_per_cycle,37,-0.01677862720483525,-0.06874043637720345
100,B2,none,cycle10_time_fraction_above_5c,fade_after_mah_per_cycle,37,0.38747263076122185,0.4512803691453148
100,B2,none,cycle10_time_fraction_above_5c,fade_acceleration_delta,37,0.42875739688788284,0.4747498075617951
100,B2,none,before_ir_median,candidate_knee_cycle,31,-0.7160670346380922,-0.3479576841831445
100,B2,none,before_ir_median,eol_cut_candidate_knee,31,-0.7030373922812261,-0.36693548387096775
100,B2,none,before_ir_median,fade_before_mah_per_cycle,31,0.5287035421400238,0.3766129032258065
100,B2,none,before_ir_median,fade_after_mah_per_cycle,31,0.6409047266474431,0.49233870967741944
100,B2,none,before_ir_median,fade_acceleration_delta,31,0.5785241106580363,0.5092741935483871
100,B2,none,before_tavg_median,candidate_knee_cycle,37,0.4125523710887476,0.2681451914619564
100,B2,none,before_tavg_median,eol_cut_candidate_knee,37,0.4099139578694482,0.252963489805595
100,B2,none,before_tavg_median,fade_before_mah_per_cycle,37,-0.3329315923060048,-0.2508297771455666
100,B2,none,before_tavg_median,fade_after_mah_per_cycle,37,-0.26687009098913506,-0.19179706021811282
100,B2,none,before_tavg_median,fade_acceleration_delta,37,-0.22096281169407514,-0.1906116642958748
100,B2,none,before_tmax_median,candidate_knee_cycle,37,-0.07488628285434747,-0.0801707870094129
100,B2,none,before_tmax_median,eol_cut_candidate_knee,37,-0.07106636694028197,-0.07633949739212897
100,B2,none,before_tmax_median,fade_before_mah_per_cycle,37,0.07151407244632771,0.02631578947368421
100,B2,none,before_tmax_median,fade_after_mah_per_cycle,37,0.1404186318922001,0.09838786154575627
100,B2,none,before_tmax_median,fade_acceleration_delta,37,0.13863482404693112,0.0910384068278805
100,B2,none,before_chargetime_median,candidate_knee_cycle,37,-0.5192036781530458,-0.6184772991924383
100,B2,none,before_chargetime_median,eol_cut_candidate_knee,37,-0.5285909856826887,-0.6251778093883357
100,B2,none,before_chargetime_median,fade_before_mah_per_cycle,37,0.5206362664168966,0.6055002370791844
100,B2,none,before_chargetime_median,fade_after_mah_per_cycle,37,0.18371741638031575,0.31768610715979134
100,B2,none,before_chargetime_median,fade_acceleration_delta,37,0.08921987538635488,0.2982456140350877
100,B2,none,delta_ir_pct,candidate_knee_cycle,31,-0.8757009967366141,-0.7806355001674026
100,B2,none,delta_ir_pct,eol_cut_candidate_knee,31,-0.8685191642300855,-0.740725806451613
100,B2,none,delta_ir_pct,fade_before_mah_per_cycle,31,0.7602184012806484,0.6798387096774194
100,B2,none,delta_ir_pct,fade_after_mah_per_cycle,31,0.6616619855597845,0.4810483870967742
100,B2,none,delta_ir_pct,fade_acceleration_delta,31,0.5518745994435523,0.44798387096774195
100,B2,none,delta_tavg_median,candidate_knee_cycle,37,0.3878988700609839,0.5109108734268503
100,B2,none,delta_tavg_median,eol_cut_candidate_knee,37,0.38862710381433624,0.5519203413940255
100,B2,none,delta_tavg_median,fade_before_mah_per_cycle,37,-0.388864840824708,-0.6367946894262683
100,B2,none,delta_tavg_median,fade_after_mah_per_cycle,37,-0.22894384991796582,-0.15007112375533427
100,B2,none,delta_tavg_median,fade_acceleration_delta,37,-0.16727934962522167,-0.12304409672830724
100,B2,none,delta_tmax_median,candidate_knee_cycle,37,0.12015026145219374,0.12322107648340239
100,B2,none,delta_tmax_median,eol_cut_candidate_knee,37,0.11101533520150532,0.14841156946420106
100,B2,none,delta_tmax_median,fade_before_mah_per_cycle,37,-0.08069559708138449,-0.2467994310099573
100,B2,none,delta_tmax_median,fade_after_mah_per_cycle,37,-0.117463805530412,-0.07183499288762446
100,B2,none,delta_tmax_median,fade_acceleration_delta,37,-0.11146728481620423,-0.11545756282598386
100,B2,none,delta_chargetime_median,candidate_knee_cycle,37,-0.8369763184984368,-0.7379033088351583
100,B2,none,delta_chargetime_median,eol_cut_candidate_knee,37,-0.8385664306456896,-0.7517780938833569
100,B2,none,delta_chargetime_median,fade_before_mah_per_cycle,37,0.8077370352073979,0.7984826932195352
100,B2,none,delta_chargetime_median,fade_after_mah_per_cycle,37,0.6540912623624444,0.5256045519203414
100,B2,none,delta_chargetime_median,fade_acceleration_delta,37,0.5433583012708498,0.47463252726410615
100,B3,none,c1,candidate_knee_cycle,46,-0.1515280088410811,-0.34800489873539614
100,B3,none,c1,eol_cut_candidate_knee,46,-0.1515280088410811,-0.34800489873539614
100,B3,none,c1,fade_before_mah_per_cycle,46,0.028972535109823006,0.27988522700508217
100,B3,none,c1,fade_after_mah_per_cycle,46,0.32873217886546896,0.33512573233503257
100,B3,none,c1,fade_acceleration_delta,46,0.3885649620850886,0.344586462558208
100,B3,none,c2_active,candidate_knee_cycle,38,-0.44321785577939704,-0.43851124197219477
100,B3,none,c2_active,eol_cut_candidate_knee,38,-0.44321785577939704,-0.43851124197219477
100,B3,none,c2_active,fade_before_mah_per_cycle,38,0.4254013450694085,0.32525042748869937
100,B3,none,c2_active,fade_after_mah_per_cycle,38,-0.4939928994858247,-0.5692169095810335
100,B3,none,c2_active,fade_acceleration_delta,38,-0.6689930252359523,-0.6892511702721398
100,B3,none,switch_soc_pct,candidate_knee_cycle,46,0.6280115707652152,0.605010337018576
100,B3,none,switch_soc_pct,eol_cut_candidate_knee,46,0.6280115707652152,0.605010337018576
100,B3,none,switch_soc_pct,fade_before_mah_per_cycle,46,-0.5545313204660065,-0.5292616351614273
100,B3,none,switch_soc_pct,fade_after_mah_per_cycle,46,-0.16221668819315727,-0.042960359248591554
100,B3,none,switch_soc_pct,fade_acceleration_delta,46,0.0006983072642811061,0.0321578270538149
100,B3,none,c_eff_0_80,candidate_knee_cycle,46,-0.021515514962107615,-0.10125656824850297
100,B3,none,c_eff_0_80,eol_cut_candidate_knee,46,-0.021515514962107615,-0.10125656824850297
100,B3,none,c_eff_0_80,fade_before_mah_per_cycle,46,0.022131922362832263,0.09603638448304333
100,B3,none,c_eff_0_80,fade_after_mah_per_cycle,46,0.28309378632538856,0.3033450948105491
100,B3,none,c_eff_0_80,fade_acceleration_delta,46,0.3356238200787606,0.29791260752184634
100,B3,none,cycle10_rms_c_timeweighted,candidate_knee_cycle,46,-0.5945988991306921,-0.28308868932587644
100,B3,none,cycle10_rms_c_timeweighted,eol_cut_candidate_knee,46,-0.5945988991306921,-0.28308868932587644
100,B3,none,cycle10_rms_c_timeweighted,fade_before_mah_per_cycle,46,0.47650790799656156,0.23527597903176073
100,B3,none,cycle10_rms_c_timeweighted,fade_after_mah_per_cycle,46,0.45215652974064835,0.2389762565525748
100,B3,none,cycle10_rms_c_timeweighted,fade_acceleration_delta,46,0.3789094876297934,0.27795251310514957
100,B3,none,cycle10_time_fraction_above_5c,candidate_knee_cycle,46,-0.5147573863297015,-0.3036739910175344
100,B3,none,cycle10_time_fraction_above_5c,eol_cut_candidate_knee,46,-0.5147573863297015,-0.3036739910175344
100,B3,none,cycle10_time_fraction_above_5c,fade_before_mah_per_cycle,46,0.4667259698854894,0.34848321305146784
100,B3,none,cycle10_time_fraction_above_5c,fade_after_mah_per_cycle,46,0.621746677149358,0.565574157164971
100,B3,none,cycle10_time_fraction_above_5c,fade_acceleration_delta,46,0.5881755928431077,0.5916052843286808
100,B3,none,before_ir_median,candidate_knee_cycle,46,0.18387607437481374,0.3451955107095709
100,B3,none,before_ir_median,eol_cut_candidate_knee,46,0.18387607437481374,0.3451955107095709
100,B3,none,before_ir_median,fade_before_mah_per_cycle,46,-0.23034608225283654,-0.355905026210299
100,B3,none,before_ir_median,fade_after_mah_per_cycle,46,0.05956114488978459,0.08590810977489978
100,B3,none,before_ir_median,fade_acceleration_delta,46,0.15432478434083252,0.1759481961147086
100,B3,none,before_tavg_median,candidate_knee_cycle,46,-0.1191951228263358,-0.03361292716396572
100,B3,none,before_tavg_median,eol_cut_candidate_knee,46,-0.1191951228263358,-0.03361292716396572
100,B3,none,before_tavg_median,fade_before_mah_per_cycle,46,-0.006023117550758739,-0.05445575084798027
100,B3,none,before_tavg_median,fade_after_mah_per_cycle,46,-0.013934267600155925,-0.017206290471785384
100,B3,none,before_tavg_median,fade_acceleration_delta,46,-0.014762386436589142,0.01806968855997533
100,B3,none,before_tmax_median,candidate_knee_cycle,46,-0.2105457638689461,-0.15850499598420534
100,B3,none,before_tmax_median,eol_cut_candidate_knee,46,-0.2105457638689461,-0.15850499598420534
100,B3,none,before_tmax_median,fade_before_mah_per_cycle,46,0.09131081987912565,0.07184705519580635
100,B3,none,before_tmax_median,fade_after_mah_per_cycle,46,0.10936090462032658,0.1037927844588344
100,B3,none,before_tmax_median,fade_acceleration_delta,46,0.10017275039668723,0.11908726487819919
100,B3,none,before_chargetime_median,candidate_knee_cycle,46,0.5279346984395549,-0.021832983882649298
100,B3,none,before_chargetime_median,eol_cut_candidate_knee,46,0.5279346984395549,-0.021832983882649298
100,B3,none,before_chargetime_median,fade_before_mah_per_cycle,46,-0.4253511708621561,-0.0549491211840888
100,B3,none,before_chargetime_median,fade_after_mah_per_cycle,46,-0.6284195018304894,-0.5029293863706444
100,B3,none,before_chargetime_median,fade_acceleration_delta,46,-0.6110108009404807,-0.5885291396854764
100,B3,none,delta_ir_pct,candidate_knee_cycle,46,-0.715905541092502,-0.7665597646255595
100,B3,none,delta_ir_pct,eol_cut_candidate_knee,46,-0.715905541092502,-0.7665597646255595
100,B3,none,delta_ir_pct,fade_before_mah_per_cycle,46,0.7398345667248925,0.7176688251618872
100,B3,none,delta_ir_pct,fade_after_mah_per_cycle,46,0.3819204047690473,0.3502312673450509
100,B3,none,delta_ir_pct,fade_acceleration_delta,46,0.1998834141540681,0.20197348134443416
100,B3,none,delta_tavg_median,candidate_knee_cycle,46,0.07263407972075996,-0.18773899135249847
100,B3,none,delta_tavg_median,eol_cut_candidate_knee,46,0.07263407972075996,-0.18773899135249847
100,B3,none,delta_tavg_median,fade_before_mah_per_cycle,46,-0.09475881096888993,0.11415356151711378
100,B3,none,delta_tavg_median,fade_after_mah_per_cycle,46,-0.14420384679091508,-0.18322540857230957
100,B3,none,delta_tavg_median,fade_acceleration_delta,46,-0.14122313939716882,-0.20086339808818993
100,B3,none,delta_tmax_median,candidate_knee_cycle,46,0.06615810520890031,-0.2541013943404381
100,B3,none,delta_tmax_median,eol_cut_candidate_knee,46,0.06615810520890031,-0.2541013943404381
100,B3,none,delta_tmax_median,fade_before_mah_per_cycle,46,-0.07524535526806767,0.18914585260561206
100,B3,none,delta_tmax_median,fade_after_mah_per_cycle,46,-0.11554767287361392,-0.11834720937403638
100,B3,none,delta_tmax_median,fade_acceleration_delta,46,-0.11340258486491965,-0.16558741905642924
100,B3,none,delta_chargetime_median,candidate_knee_cycle,46,-0.6478404153562025,-0.8768965108573663
100,B3,none,delta_chargetime_median,eol_cut_candidate_knee,46,-0.6478404153562025,-0.8768965108573663
100,B3,none,delta_chargetime_median,fade_before_mah_per_cycle,46,0.7354432169782743,0.8397779833487512
100,B3,none,delta_chargetime_median,fade_after_mah_per_cycle,46,0.16520989064976285,0.4059821153253161
100,B3,none,delta_chargetime_median,fade_acceleration_delta,46,-0.06151005245869942,0.2239284613012643
100,B2_standard,none,c1,candidate_knee_cycle,30,0.24886886640054454,0.04929423638503288
100,B2_standard,none,c1,eol_cut_candidate_knee,30,0.2509563060783439,0.022637206061132783
100,B2_standard,none,c1,fade_before_mah_per_cycle,28,-0.11862142398661925,-0.014522031953444167
100,B2_standard,none,c1,fade_after_mah_per_cycle,28,0.36906751892436834,0.3901399738261827
100,B2_standard,none,c1,fade_acceleration_delta,28,0.3604199015091279,0.38427530707575336
100,B2_standard,none,c2_active,candidate_knee_cycle,25,-0.1443803305059964,-0.3173842684754592
100,B2_standard,none,c2_active,eol_cut_candidate_knee,25,-0.23441413086910967,-0.37067512459826585
100,B2_standard,none,c2_active,fade_before_mah_per_cycle,23,0.1605696916471302,0.34064684456659505
100,B2_standard,none,c2_active,fade_after_mah_per_cycle,23,-0.645181972529544,-0.7585537982101499
100,B2_standard,none,c2_active,fade_acceleration_delta,23,-0.6113181538125269,-0.7575504201701894
100,B2_standard,none,switch_soc_pct,candidate_knee_cycle,30,0.4754255227080851,0.4210705361074098
100,B2_standard,none,switch_soc_pct,eol_cut_candidate_knee,30,0.5167083603051388,0.4325421404310511
100,B2_standard,none,switch_soc_pct,fade_before_mah_per_cycle,28,-0.4557173850566212,-0.367265928382318
100,B2_standard,none,switch_soc_pct,fade_after_mah_per_cycle,28,0.11462983161516445,-0.007455774485956831
100,B2_standard,none,switch_soc_pct,fade_acceleration_delta,28,0.18701385086050792,0.08726017546527252
100,B2_standard,none,c_eff_0_80,candidate_knee_cycle,30,0.3331798804098601,0.11381821837192377
100,B2_standard,none,c_eff_0_80,eol_cut_candidate_knee,30,0.2231939596440679,0.06938855884710271
100,B2_standard,none,c_eff_0_80,fade_before_mah_per_cycle,28,0.0015793334170206147,0.12931322218333038
100,B2_standard,none,c_eff_0_80,fade_after_mah_per_cycle,28,-0.04145658895593195,-0.05771920646809596
100,B2_standard,none,c_eff_0_80,fade_acceleration_delta,28,-0.03838027278683442,-0.07742143559903256
100,B2_standard,none,cycle10_rms_c_timeweighted,candidate_knee_cycle,30,-0.14169191888850582,-0.3738589770586181
100,B2_standard,none,cycle10_rms_c_timeweighted,eol_cut_candidate_knee,30,-0.26666881227019856,-0.4503281816719154
100,B2_standard,none,cycle10_rms_c_timeweighted,fade_before_mah_per_cycle,28,0.4051625369895849,0.4969896004378763
100,B2_standard,none,cycle10_rms_c_timeweighted,fade_after_mah_per_cycle,28,-0.228694497713909,0.10837438423645321
100,B2_standard,none,cycle10_rms_c_timeweighted,fade_acceleration_delta,28,-0.28277513986290803,0.0016420361247947454
100,B2_standard,none,cycle10_time_fraction_above_5c,candidate_knee_cycle,30,-0.0992435950100678,-0.002454811394975414
100,B2_standard,none,cycle10_time_fraction_above_5c,eol_cut_candidate_knee,30,-0.04745012264068779,0.07893874329736757
100,B2_standard,none,cycle10_time_fraction_above_5c,fade_before_mah_per_cycle,28,-0.07122776342184499,-0.23271218251729925
100,B2_standard,none,cycle10_time_fraction_above_5c,fade_after_mah_per_cycle,28,0.544661268990513,0.6739871701208573
100,B2_standard,none,cycle10_time_fraction_above_5c,fade_acceleration_delta,28,0.513290916164685,0.6701452237113735
100,B2_standard,none,before_ir_median,candidate_knee_cycle,25,0.20385311406472983,0.16477389729979106
100,B2_standard,none,before_ir_median,eol_cut_candidate_knee,25,0.17185167476815502,0.12692307692307694
100,B2_standard,none,before_ir_median,fade_before_mah_per_cycle,25,-0.16464841502137864,-0.10461538461538461
100,B2_standard,none,before_ir_median,fade_after_mah_per_cycle,25,0.06443934372869367,0.0723076923076923
100,B2_standard,none,before_ir_median,fade_acceleration_delta,25,0.08765242497841358,0.09846153846153846
100,B2_standard,none,before_tavg_median,candidate_knee_cycle,28,0.08708099316712942,0.08136991187536052
100,B2_standard,none,before_tavg_median,eol_cut_candidate_knee,28,0.053442930297137786,0.05692391899288451
100,B2_standard,none,before_tavg_median,fade_before_mah_per_cycle,28,-0.01000270318578534,-0.05582922824302135
100,B2_standard,none,before_tavg_median,fade_after_mah_per_cycle,28,0.06770583727692064,0.029009304871373837
100,B2_standard,none,before_tavg_median,fade_acceleration_delta,28,0.06401208073168088,0.011494252873563218
100,B2_standard,none,before_tmax_median,candidate_knee_cycle,28,-0.07452386104083675,-0.013150692828341092
100,B2_standard,none,before_tmax_median,eol_cut_candidate_knee,28,-0.058132253906607034,-0.0071154898741105635
100,B2_standard,none,before_tmax_median,fade_before_mah_per_cycle,28,0.018936754979079026,-0.08483853311439518
100,B2_standard,none,before_tmax_median,fade_after_mah_per_cycle,28,0.09597563617838639,0.010399562123700055
100,B2_standard,none,before_tmax_median,fade_acceleration_delta,28,0.08480460909537368,0.005473453749315818
100,B2_standard,none,before_chargetime_median,candidate_knee_cycle,28,-0.2608161017623507,-0.16794530632860605
100,B2_standard,none,before_chargetime_median,eol_cut_candidate_knee,28,-0.2971013372835328,-0.18664477285166942
100,B2_standard,none,before_chargetime_median,fade_before_mah_per_cycle,28,0.22594372835920742,0.14066776135741652
100,B2_standard,none,before_chargetime_median,fade_after_mah_per_cycle,28,-0.4408488751537248,-0.4865900383141762
100,B2_standard,none,before_chargetime_median,fade_acceleration_delta,28,-0.4456186915418029,-0.4805692391899289
100,B2_standard,none,delta_ir_pct,candidate_knee_cycle,25,-0.5775416747303304,-0.6067375283749314
100,B2_standard,none,delta_ir_pct,eol_cut_candidate_knee,25,-0.4545464366319516,-0.5361538461538461
100,B2_standard,none,delta_ir_pct,fade_before_mah_per_cycle,25,0.26620372889329963,0.4238461538461538
100,B2_standard,none,delta_ir_pct,fade_after_mah_per_cycle,25,0.06841782795072629,0.022307692307692306
100,B2_standard,none,delta_ir_pct,fade_acceleration_delta,25,0.01648973849896071,-0.003076923076923077
100,B2_standard,none,delta_tavg_median,candidate_knee_cycle,28,-0.0485226560974633,0.2794522226022483
100,B2_standard,none,delta_tavg_median,eol_cut_candidate_knee,28,-0.011413818173439713,0.3541324575807335
100,B2_standard,none,delta_tavg_median,fade_before_mah_per_cycle,28,-0.16130790190516653,-0.552271483305966
100,B2_standard,none,delta_tavg_median,fade_after_mah_per_cycle,28,0.22807396580794168,0.3765736179529283
100,B2_standard,none,delta_tavg_median,fade_acceleration_delta,28,0.23850170521396863,0.43185550082101803
100,B2_standard,none,delta_tmax_median,candidate_knee_cycle,28,-0.2396751789123722,0.05013701640805041
100,B2_standard,none,delta_tmax_median,eol_cut_candidate_knee,28,-0.2503118015143245,0.09085933223864258
100,B2_standard,none,delta_tmax_median,fade_before_mah_per_cycle,28,0.08065635732599773,-0.2928297755883963
100,B2_standard,none,delta_tmax_median,fade_after_mah_per_cycle,28,0.028018765031861972,0.04597701149425287
100,B2_standard,none,delta_tmax_median,fade_acceleration_delta,28,0.011293227493265959,0.01696770662287904
100,B2_standard,none,delta_chargetime_median,candidate_knee_cycle,28,-0.4103567126412693,-0.4038358589369744
100,B2_standard,none,delta_chargetime_median,eol_cut_candidate_knee,28,-0.4210140477272201,-0.4351395730706075
100,B2_standard,none,delta_chargetime_median,fade_before_mah_per_cycle,28,0.4335972367333119,0.539135194307608
100,B2_standard,none,delta_chargetime_median,fade_after_mah_per_cycle,28,-0.06635246984894405,-0.04707170224411604
100,B2_standard,none,delta_chargetime_median,fade_acceleration_delta,28,-0.1386842268587687,-0.11822660098522168
100,B2_newstructure,none,c1,candidate_knee_cycle,9,0.3099019109843733,0.3162277660168379
100,B2_newstructure,none,c1,eol_cut_candidate_knee,9,0.3270835859072092,0.42163702135578385
100,B2_newstructure,none,c1,fade_before_mah_per_cycle,9,-0.37123516962028014,-0.3689323936863109
100,B2_newstructure,none,c1,fade_after_mah_per_cycle,9,-0.1441979438915097,-0.21081851067789192
100,B2_newstructure,none,c1,fade_acceleration_delta,9,-0.05124141719987042,-0.10540925533894596
100,B2_newstructure,none,c2_active,candidate_knee_cycle,6,0.0478047020271474,0.09759000729485333
100,B2_newstructure,none,c2_active,eol_cut_candidate_knee,6,0.004230167392516238,0.09759000729485333
100,B2_newstructure,none,c2_active,fade_before_mah_per_cycle,6,0.21305980553135984,0.29277002188455997
100,B2_newstructure,none,c2_active,fade_after_mah_per_cycle,6,-0.5029721108638224,-0.4879500364742666
100,B2_newstructure,none,c2_active,fade_acceleration_delta,6,-0.6049801535531524,-0.6831300510639732
100,B2_newstructure,none,switch_soc_pct,candidate_knee_cycle,9,-0.2939506520515166,-0.3162277660168379
100,B2_newstructure,none,switch_soc_pct,eol_cut_candidate_knee,9,-0.30556799764474174,-0.42163702135578385
100,B2_newstructure,none,switch_soc_pct,fade_before_mah_per_cycle,9,0.32550767553710747,0.3689323936863109
100,B2_newstructure,none,switch_soc_pct,fade_after_mah_per_cycle,9,0.1953612711171004,0.21081851067789192
100,B2_newstructure,none,switch_soc_pct,fade_acceleration_delta,9,0.11887368334233035,0.10540925533894596
100,B2_newstructure,none,c_eff_0_80,candidate_knee_cycle,9,0.31547188546314797,0.3162277660168379
100,B2_newstructure,none,c_eff_0_80,eol_cut_candidate_knee,9,0.3348975002420863,0.42163702135578385
100,B2_newstructure,none,c_eff_0_80,fade_before_mah_per_cycle,9,-0.3889143937915527,-0.3689323936863109
100,B2_newstructure,none,c_eff_0_80,fade_after_mah_per_cycle,9,-0.12256498980258997,-0.21081851067789192
100,B2_newstructure,none,c_eff_0_80,fade_acceleration_delta,9,-0.023106355755683608,-0.10540925533894596
100,B2_newstructure,none,cycle10_rms_c_timeweighted,candidate_knee_cycle,9,0.7741169804963974,0.38333333333333336
100,B2_newstructure,none,cycle10_rms_c_timeweighted,eol_cut_candidate_knee,9,0.774656112387461,0.35
100,B2_newstructure,none,cycle10_rms_c_timeweighted,fade_before_mah_per_cycle,9,-0.8731296946095632,-0.5166666666666667
100,B2_newstructure,none,cycle10_rms_c_timeweighted,fade_after_mah_per_cycle,9,-0.35346820590243627,-0.13333333333333333
100,B2_newstructure,none,cycle10_rms_c_timeweighted,fade_acceleration_delta,9,-0.13588109163854592,0.21666666666666667
100,B2_newstructure,none,cycle10_time_fraction_above_5c,candidate_knee_cycle,9,0.28078742038712784,0.4237896897630065
100,B2_newstructure,none,cycle10_time_fraction_above_5c,eol_cut_candidate_knee,9,0.33346575076024787,0.4746444525345673
100,B2_newstructure,none,cycle10_time_fraction_above_5c,fade_before_mah_per_cycle,9,-0.556972793551566,-0.6950150912113306
100,B2_newstructure,none,cycle10_time_fraction_above_5c,fade_after_mah_per_cycle,9,0.3608789048989774,0.08475793795260131
100,B2_newstructure,none,cycle10_time_fraction_above_5c,fade_acceleration_delta,9,0.5423749060308672,0.5254992153061281
100,B2_newstructure,none,before_ir_median,candidate_knee_cycle,6,-0.15463075136175414,-0.14285714285714288
100,B2_newstructure,none,before_ir_median,eol_cut_candidate_knee,6,-0.10990884226798643,-0.028571428571428574
100,B2_newstructure,none,before_ir_median,fade_before_mah_per_cycle,6,-0.04398910955623409,-0.14285714285714288
100,B2_newstructure,none,before_ir_median,fade_after_mah_per_cycle,6,0.4787927988092411,0.7142857142857143
100,B2_newstructure,none,before_ir_median,fade_acceleration_delta,6,0.7496505588891825,0.942857142857143
100,B2_newstructure,none,before_tavg_median,candidate_knee_cycle,9,0.4676077975905077,0.3
100,B2_newstructure,none,before_tavg_median,eol_cut_candidate_knee,9,0.468388098047228,0.26666666666666666
100,B2_newstructure,none,before_tavg_median,fade_before_mah_per_cycle,9,-0.42719398144225557,-0.2333333333333333
100,B2_newstructure,none,before_tavg_median,fade_after_mah_per_cycle,9,-0.2044119091823538,-0.2333333333333333
100,B2_newstructure,none,before_tavg_median,fade_acceleration_delta,9,-0.10024523463544194,-0.06666666666666667
100,B2_newstructure,none,before_tmax_median,candidate_knee_cycle,9,0.26928195245150255,0.19999999999999998
100,B2_newstructure,none,before_tmax_median,eol_cut_candidate_knee,9,0.27489084382924756,0.15
100,B2_newstructure,none,before_tmax_median,fade_before_mah_per_cycle,9,-0.22703431282714817,-0.06666666666666667
100,B2_newstructure,none,before_tmax_median,fade_after_mah_per_cycle,9,0.025343797267783706,-0.16666666666666669
100,B2_newstructure,none,before_tmax_median,fade_acceleration_delta,9,0.09045956137777958,-0.09999999999999999
100,B2_newstructure,none,before_chargetime_median,candidate_knee_cycle,9,-0.4691734751670934,-0.43333333333333335
100,B2_newstructure,none,before_chargetime_median,eol_cut_candidate_knee,9,-0.5205226017866011,-0.48333333333333334
100,B2_newstructure,none,before_chargetime_median,fade_before_mah_per_cycle,9,0.5985350266536719,0.6666666666666667
100,B2_newstructure,none,before_chargetime_median,fade_after_mah_per_cycle,9,-0.1989989452783814,-0.08333333333333334
100,B2_newstructure,none,before_chargetime_median,fade_acceleration_delta,9,-0.38029009733638336,-0.48333333333333334
100,B2_newstructure,none,delta_ir_pct,candidate_knee_cycle,6,-0.8880840758022097,-0.8857142857142858
100,B2_newstructure,none,delta_ir_pct,eol_cut_candidate_knee,6,-0.9078540178962937,-0.942857142857143
100,B2_newstructure,none,delta_ir_pct,fade_before_mah_per_cycle,6,0.9630918971776063,1.0
100,B2_newstructure,none,delta_ir_pct,fade_after_mah_per_cycle,6,0.5860767508383751,0.48571428571428577
100,B2_newstructure,none,delta_ir_pct,fade_acceleration_delta,6,0.04407384986299309,-0.08571428571428573
100,B2_newstructure,none,delta_tavg_median,candidate_knee_cycle,9,-0.027383754090533063,-0.15
100,B2_newstructure,none,delta_tavg_median,eol_cut_candidate_knee,9,-0.026599624755711843,-0.09999999999999999
100,B2_newstructure,none,delta_tavg_median,fade_before_mah_per_cycle,9,0.16155791769866917,0.33333333333333337
100,B2_newstructure,none,delta_tavg_median,fade_after_mah_per_cycle,9,0.08502156548027395,0.016666666666666666
100,B2_newstructure,none,delta_tavg_median,fade_acceleration_delta,9,0.046189267155345395,-0.16666666666666669
100,B2_newstructure,none,delta_tmax_median,candidate_knee_cycle,9,-0.19797275272293177,-0.41666666666666663
100,B2_newstructure,none,delta_tmax_median,eol_cut_candidate_knee,9,-0.191952378599082,-0.38333333333333336
100,B2_newstructure,none,delta_tmax_median,fade_before_mah_per_cycle,9,0.299142659296874,0.6
100,B2_newstructure,none,delta_tmax_median,fade_after_mah_per_cycle,9,0.2413890992082821,0.18333333333333335
100,B2_newstructure,none,delta_tmax_median,fade_acceleration_delta,9,0.17560053309724763,-0.15
100,B2_newstructure,none,delta_chargetime_median,candidate_knee_cycle,9,-0.7033294809849042,-0.7166666666666667
100,B2_newstructure,none,delta_chargetime_median,eol_cut_candidate_knee,9,-0.7338525140315424,-0.75
100,B2_newstructure,none,delta_chargetime_median,fade_before_mah_per_cycle,9,0.7460729806226598,0.8666666666666667
100,B2_newstructure,none,delta_chargetime_median,fade_after_mah_per_cycle,9,0.19460926037435278,0.3666666666666667
100,B2_newstructure,none,delta_chargetime_median,fade_acceleration_delta,9,0.0008630293241600612,-0.06666666666666667
100,source_issue_excluded,none,c1,candidate_knee_cycle,128,-0.06229981233506044,0.017161141840989373
100,source_issue_excluded,none,c1,eol_cut_candidate_knee,128,-0.05180647613167803,0.02161792227511957
100,source_issue_excluded,none,c1,fade_before_mah_per_cycle,126,-0.12589102824062842,-0.06080232329120522
100,source_issue_excluded,none,c1,fade_after_mah_per_cycle,126,-0.05225452700446459,0.001434373159340575
100,source_issue_excluded,none,c1,fade_acceleration_delta,126,-0.02812568940001541,0.03173135401758055
100,source_issue_excluded,none,c2_active,candidate_knee_cycle,104,-0.19685165154096437,-0.1197231993041523
100,source_issue_excluded,none,c2_active,eol_cut_candidate_knee,104,-0.21284767940688598,-0.12403287339423558
100,source_issue_excluded,none,c2_active,fade_before_mah_per_cycle,102,0.40093044229500185,0.2793672749436599
100,source_issue_excluded,none,c2_active,fade_after_mah_per_cycle,102,0.16476198830410324,0.030337620553867864
100,source_issue_excluded,none,c2_active,fade_acceleration_delta,102,0.09085726216663563,-0.026288404444450346
100,source_issue_excluded,none,switch_soc_pct,candidate_knee_cycle,128,0.24620229152115086,0.14563065359372387
100,source_issue_excluded,none,switch_soc_pct,eol_cut_candidate_knee,128,0.24410799858237744,0.1385775294592317
100,source_issue_excluded,none,switch_soc_pct,fade_before_mah_per_cycle,126,-0.1345374327342039,-0.10877653709221027
100,source_issue_excluded,none,switch_soc_pct,fade_after_mah_per_cycle,126,-0.009251179131866676,0.02739539363084022
100,source_issue_excluded,none,switch_soc_pct,fade_acceleration_delta,126,0.027460982319748313,0.03659151409903994
100,source_issue_excluded,none,c_eff_0_80,candidate_knee_cycle,128,-0.0070939509996384865,-0.0065373661022413675
100,source_issue_excluded,none,c_eff_0_80,eol_cut_candidate_knee,128,-0.015903349225759932,-0.013614925829674648
100,source_issue_excluded,none,c_eff_0_80,fade_before_mah_per_cycle,126,0.39319277187928126,0.2659625634058959
100,source_issue_excluded,none,c_eff_0_80,fade_after_mah_per_cycle,126,0.32818525332569853,0.2671408957265162
100,source_issue_excluded,none,c_eff_0_80,fade_acceleration_delta,126,0.291512733720992,0.23638370988444204
100,source_issue_excluded,none,cycle10_rms_c_timeweighted,candidate_knee_cycle,128,-0.315624761788424,-0.21995387649683854
100,source_issue_excluded,none,cycle10_rms_c_timeweighted,eol_cut_candidate_knee,128,-0.32386280416910673,-0.22309012876997567
100,source_issue_excluded,none,cycle10_rms_c_timeweighted,fade_before_mah_per_cycle,126,0.5052679473358777,0.3076865391826022
100,source_issue_excluded,none,cycle10_rms_c_timeweighted,fade_after_mah_per_cycle,126,0.367979407092667,0.3425181852268466
100,source_issue_excluded,none,cycle10_rms_c_timeweighted,fade_acceleration_delta,126,0.30824884295713817,0.34342407199100117
100,source_issue_excluded,none,cycle10_time_fraction_above_5c,candidate_knee_cycle,128,-0.23818219127175755,-0.10084639267682385
100,source_issue_excluded,none,cycle10_time_fraction_above_5c,eol_cut_candidate_knee,128,-0.23124279383229895,-0.09223828267944838
100,source_issue_excluded,none,cycle10_time_fraction_above_5c,fade_before_mah_per_cycle,126,0.1379403205411412,0.12542996967140452
100,source_issue_excluded,none,cycle10_time_fraction_above_5c,fade_after_mah_per_cycle,126,0.230303016800483,0.2793331199221104
100,source_issue_excluded,none,cycle10_time_fraction_above_5c,fade_acceleration_delta,126,0.2444451449404737,0.3074393703196568
100,source_issue_excluded,none,before_ir_median,candidate_knee_cycle,120,-0.44530487386858564,-0.47383526621289573
100,source_issue_excluded,none,before_ir_median,eol_cut_candidate_knee,120,-0.4465361852328606,-0.47024323168731347
100,source_issue_excluded,none,before_ir_median,fade_before_mah_per_cycle,120,0.3710990323743524,0.2991457740120841
100,source_issue_excluded,none,before_ir_median,fade_after_mah_per_cycle,120,0.4465931149702539,0.3754844086394888
100,source_issue_excluded,none,before_ir_median,fade_acceleration_delta,120,0.4433628015353402,0.3909090909090909
100,source_issue_excluded,none,before_tavg_median,candidate_knee_cycle,126,0.31396236239169983,0.35685595765104144
100,source_issue_excluded,none,before_tavg_median,eol_cut_candidate_knee,126,0.32193966069057084,0.36227151993093587
100,source_issue_excluded,none,before_tavg_median,fade_before_mah_per_cycle,126,-0.36726656222113063,-0.3184071991001125
100,source_issue_excluded,none,before_tavg_median,fade_after_mah_per_cycle,126,-0.34439424857777523,-0.26725759280089995
100,source_issue_excluded,none,before_tavg_median,fade_acceleration_delta,126,-0.31901554768635315,-0.22569478815148108
100,source_issue_excluded,none,before_tmax_median,candidate_knee_cycle,126,0.0040634856445645635,0.020565922847714767
100,source_issue_excluded,none,before_tmax_median,eol_cut_candidate_knee,126,0.011669780788610168,0.028997679767264965
100,source_issue_excluded,none,before_tmax_median,fade_before_mah_per_cycle,126,-0.09127609134991974,-0.06016347956505438
100,source_issue_excluded,none,before_tmax_median,fade_after_mah_per_cycle,126,-0.05648990246194538,-0.007970003749531308
100,source_issue_excluded,none,before_tmax_median,fade_acceleration_delta,126,-0.04335807236247155,0.019908511436070496
100,source_issue_excluded,none,before_chargetime_median,candidate_knee_cycle,126,0.06711933091524418,-0.22183659456783117
100,source_issue_excluded,none,before_chargetime_median,eol_cut_candidate_knee,126,0.07391256138470106,-0.21568130450252254
100,source_issue_excluded,none,before_chargetime_median,fade_before_mah_per_cycle,126,-0.35777484873073706,-0.08994975628046495
100,source_issue_excluded,none,before_chargetime_median,fade_after_mah_per_cycle,126,-0.3383732716179356,-0.17626696662917138
100,source_issue_excluded,none,before_chargetime_median,fade_acceleration_delta,126,-0.314325747985453,-0.18519385076865394
100,source_issue_excluded,none,delta_ir_pct,candidate_knee_cycle,120,-0.7262474611304672,-0.8591623884247194
100,source_issue_excluded,none,delta_ir_pct,eol_cut_candidate_knee,120,-0.7362910657730567,-0.8608931632209934
100,source_issue_excluded,none,delta_ir_pct,fade_before_mah_per_cycle,120,0.8685944285234037,0.8427738037363705
100,source_issue_excluded,none,delta_ir_pct,fade_after_mah_per_cycle,120,0.8407553420195778,0.7786651850822973
100,source_issue_excluded,none,delta_ir_pct,fade_acceleration_delta,120,0.7853632127462259,0.7189457601222307
100,source_issue_excluded,none,delta_tavg_median,candidate_knee_cycle,126,0.039359834315630324,-0.05070987831689297
100,source_issue_excluded,none,delta_tavg_median,eol_cut_candidate_knee,126,0.032860964416770055,-0.05155509694424154
100,source_issue_excluded,none,delta_tavg_median,fade_before_mah_per_cycle,126,0.08894205771437999,0.12032995875515562
100,source_issue_excluded,none,delta_tavg_median,fade_after_mah_per_cycle,126,0.03618274368152868,-0.025283839520059994
100,source_issue_excluded,none,delta_tavg_median,fade_acceleration_delta,126,0.018963326790146354,-0.06880839895013124
100,source_issue_excluded,none,delta_tmax_median,candidate_knee_cycle,126,-0.014335848755868207,-0.22223255457598437
100,source_issue_excluded,none,delta_tmax_median,eol_cut_candidate_knee,126,-0.020010421017695144,-0.22429931774048184
100,source_issue_excluded,none,delta_tmax_median,fade_before_mah_per_cycle,126,0.10088529701408325,0.2745466816647919
100,source_issue_excluded,none,delta_tmax_median,fade_after_mah_per_cycle,126,0.0441906553602042,0.11214698162729661
100,source_issue_excluded,none,delta_tmax_median,fade_acceleration_delta,126,0.02539751082761822,0.049100862392200975
100,source_issue_excluded,none,delta_chargetime_median,candidate_knee_cycle,126,-0.6595363412743904,-0.8111270763988648
100,source_issue_excluded,none,delta_chargetime_median,eol_cut_candidate_knee,126,-0.6703517062420603,-0.8144307477242759
100,source_issue_excluded,none,delta_chargetime_median,fade_before_mah_per_cycle,126,0.8724751951154817,0.8719940007499064
100,source_issue_excluded,none,delta_chargetime_median,fade_after_mah_per_cycle,126,0.8019263389191074,0.778705661792276
100,source_issue_excluded,none,delta_chargetime_median,fade_acceleration_delta,126,0.7378347558500062,0.71071616047994
100,cutoff_stable,none,c1,candidate_knee_cycle,119,-0.1279185372348922,-0.05596392961621519
100,cutoff_stable,none,c1,eol_cut_candidate_knee,119,-0.12084031621331758,-0.04734714283787009
100,cutoff_stable,none,c1,fade_before_mah_per_cycle,119,-0.04087609257396395,-0.0024612827172361203
100,cutoff_stable,none,c1,fade_after_mah_per_cycle,119,-0.005927885129012003,0.07054244061481688
100,cutoff_stable,none,c1,fade_acceleration_delta,119,0.0032189698470961557,0.08864558700520132
100,cutoff_stable,none,c2_active,candidate_knee_cycle,95,-0.07219694329323084,0.0585174161243093
100,cutoff_stable,none,c2_active,eol_cut_candidate_knee,95,-0.08101016364209357,0.05362569996401962
100,cutoff_stable,none,c2_active,fade_before_mah_per_cycle,95,0.2625368035471255,0.16554770055556473
100,cutoff_stable,none,c2_active,fade_after_mah_per_cycle,95,0.08608580990690168,-0.09168106724772923
100,cutoff_stable,none,c2_active,fade_acceleration_delta,95,0.0424825678280615,-0.1245944068892727
100,cutoff_stable,none,switch_soc_pct,candidate_knee_cycle,119,0.22617733549949542,0.10056737677599467
100,cutoff_stable,none,switch_soc_pct,eol_cut_candidate_knee,119,0.22088490684033857,0.0902270108516674
100,cutoff_stable,none,switch_soc_pct,fade_before_mah_per_cycle,119,-0.061774217247676774,-0.06916535879943156
100,cutoff_stable,none,switch_soc_pct,fade_after_mah_per_cycle,119,0.04118837788174496,0.06381739253046108
100,cutoff_stable,none,switch_soc_pct,fade_acceleration_delta,119,0.06587475847633566,0.06537199223624351
100,cutoff_stable,none,c_eff_0_80,candidate_knee_cycle,119,0.040356933544986505,0.08796643166067196
100,cutoff_stable,none,c_eff_0_80,eol_cut_candidate_knee,119,0.03377694698407615,0.08287674116878187
100,cutoff_stable,none,c_eff_0_80,fade_before_mah_per_cycle,119,0.39149559735954875,0.21953766000055683
100,cutoff_stable,none,c_eff_0_80,fade_after_mah_per_cycle,119,0.30853317594037477,0.23412624771645904
100,cutoff_stable,none,c_eff_0_80,fade_acceleration_delta,119,0.2754655473195913,0.21102078879169028
100,cutoff_stable,none,cycle10_rms_c_timeweighted,candidate_knee_cycle,119,-0.24148621761844827,-0.1530509962566669
100,cutoff_stable,none,cycle10_rms_c_timeweighted,eol_cut_candidate_knee,119,-0.24196835691251722,-0.15104518110464368
100,cutoff_stable,none,cycle10_rms_c_timeweighted,fade_before_mah_per_cycle,119,0.41799648106666765,0.2693704600484262
100,cutoff_stable,none,cycle10_rms_c_timeweighted,fade_after_mah_per_cycle,119,0.31706708331546674,0.33552200541233446
100,cutoff_stable,none,cycle10_rms_c_timeweighted,fade_acceleration_delta,119,0.2790854794731978,0.3407705455063382
100,cutoff_stable,none,cycle10_time_fraction_above_5c,candidate_knee_cycle,119,-0.2715966840461525,-0.14054950864543145
100,cutoff_stable,none,cycle10_time_fraction_above_5c,eol_cut_candidate_knee,119,-0.2655839151925402,-0.13315074780656316
100,cutoff_stable,none,cycle10_time_fraction_above_5c,fade_before_mah_per_cycle,119,0.18166474077570655,0.17804053634766628
100,cutoff_stable,none,cycle10_time_fraction_above_5c,fade_after_mah_per_cycle,119,0.2585627090471959,0.33305221532652646
100,cutoff_stable,none,cycle10_time_fraction_above_5c,fade_acceleration_delta,119,0.26821597792401125,0.36167129478036153
100,cutoff_stable,none,before_ir_median,candidate_knee_cycle,113,-0.40990428611261165,-0.427420059229303
100,cutoff_stable,none,before_ir_median,eol_cut_candidate_knee,113,-0.4077784887355336,-0.4204848613835145
100,cutoff_stable,none,before_ir_median,fade_before_mah_per_cycle,113,0.28088419929930364,0.2191596247255307
100,cutoff_stable,none,before_ir_median,fade_after_mah_per_cycle,113,0.39259443003140093,0.3106743628983965
100,cutoff_stable,none,before_ir_median,fade_acceleration_delta,113,0.4053556186519959,0.33335551267549407
100,cutoff_stable,none,before_tavg_median,candidate_knee_cycle,119,0.2916217593086049,0.3205731490157557
100,cutoff_stable,none,before_tavg_median,eol_cut_candidate_knee,119,0.29872039200182765,0.32794526355068676
100,cutoff_stable,none,before_tavg_median,fade_before_mah_per_cycle,119,-0.342444724594661,-0.27907705455063386
100,cutoff_stable,none,before_tavg_median,fade_after_mah_per_cycle,119,-0.31637007755064117,-0.21855860988463183
100,cutoff_stable,none,before_tavg_median,fade_acceleration_delta,119,-0.2975172059598003,-0.18352086597350808
100,cutoff_stable,none,before_tmax_median,candidate_knee_cycle,119,-0.011320437159683746,-0.00884506711417711
100,cutoff_stable,none,before_tmax_median,eol_cut_candidate_knee,119,-0.004249039392539766,0.0003845653966218327
100,cutoff_stable,none,before_tmax_median,fade_before_mah_per_cycle,119,-0.07058576407379763,-0.033349950149551354
100,cutoff_stable,none,before_tmax_median,fade_after_mah_per_cycle,119,-0.03010877972239831,0.027118644067796613
100,cutoff_stable,none,before_tmax_median,fade_acceleration_delta,119,-0.018618662928446952,0.0547927645634525
100,cutoff_stable,none,before_chargetime_median,candidate_knee_cycle,119,0.06202647258518637,-0.2070436503034735
100,cutoff_stable,none,before_chargetime_median,eol_cut_candidate_knee,119,0.06841177305145699,-0.20103512187477246
100,cutoff_stable,none,before_chargetime_median,fade_before_mah_per_cycle,119,-0.39479254491606847,-0.13346389403218917
100,cutoff_stable,none,before_chargetime_median,fade_after_mah_per_cycle,119,-0.3397259567204493,-0.2240777666999003
100,cutoff_stable,none,before_chargetime_median,fade_acceleration_delta,119,-0.31257417310225283,-0.2281512605042017
100,cutoff_stable,none,delta_ir_pct,candidate_knee_cycle,113,-0.7118145957301806,-0.8387292637979882
100,cutoff_stable,none,delta_ir_pct,eol_cut_candidate_knee,113,-0.7197049815691658,-0.841992759814802
100,cutoff_stable,none,delta_ir_pct,fade_before_mah_per_cycle,113,0.8767120268115942,0.8212539091090558
100,cutoff_stable,none,delta_ir_pct,fade_after_mah_per_cycle,113,0.8304484173769551,0.7423980304744162
100,cutoff_stable,none,delta_ir_pct,fade_acceleration_delta,113,0.7861758011042569,0.6816737640561581
100,cutoff_stable,none,delta_tavg_median,candidate_knee_cycle,119,0.07418222932830493,-0.04770069205375064
100,cutoff_stable,none,delta_tavg_median,eol_cut_candidate_knee,119,0.06812825051357738,-0.05105461719225775
100,cutoff_stable,none,delta_tavg_median,fade_before_mah_per_cycle,119,0.07454297470998725,0.13218914684517877
100,cutoff_stable,none,delta_tavg_median,fade_after_mah_per_cycle,119,0.017910861571041478,-0.04306366614442388
100,cutoff_stable,none,delta_tavg_median,fade_acceleration_delta,119,0.0027685308812149187,-0.08840620994160377
100,cutoff_stable,none,delta_tmax_median,candidate_knee_cycle,119,0.026264136479781597,-0.16304976777704105
100,cutoff_stable,none,delta_tmax_median,eol_cut_candidate_knee,119,0.022346491558200485,-0.1667304641798212
100,cutoff_stable,none,delta_tmax_median,fade_before_mah_per_cycle,119,0.054537658143086976,0.2273750178037317
100,cutoff_stable,none,delta_tmax_median,fade_after_mah_per_cycle,119,0.01811033763454719,0.050940037031761864
100,cutoff_stable,none,delta_tmax_median,fade_acceleration_delta,119,0.008116287898165805,-0.00189431704885344
100,cutoff_stable,none,delta_chargetime_median,candidate_knee_cycle,119,-0.6274230441075296,-0.778764717447259
100,cutoff_stable,none,delta_chargetime_median,eol_cut_candidate_knee,119,-0.6336536764364025,-0.7824054210085375
100,cutoff_stable,none,delta_chargetime_median,fade_before_mah_per_cycle,119,0.845518859391722,0.8518159806295401
100,cutoff_stable,none,delta_chargetime_median,fade_after_mah_per_cycle,119,0.7940157205303104,0.7478065802592224
100,cutoff_stable,none,delta_chargetime_median,fade_acceleration_delta,119,0.7502562001828013,0.6798889047144282
100,strictly_before_life_label,none,c1,candidate_knee_cycle,112,-0.08440171225861776,-0.031858674054135575
100,strictly_before_life_label,none,c1,eol_cut_candidate_knee,112,-0.07159452920241725,-0.024472090656532337
100,strictly_before_life_label,none,c1,fade_before_mah_per_cycle,112,-0.12088378073597622,-0.02818216917764318
100,strictly_before_life_label,none,c1,fade_after_mah_per_cycle,112,-0.00014068547641713815,0.04069658379186453
100,strictly_before_life_label,none,c1,fade_acceleration_delta,112,0.04767463533820442,0.08090274363528586
100,strictly_before_life_label,none,c2_active,candidate_knee_cycle,89,-0.1858544637754005,-0.010793551741843604
100,strictly_before_life_label,none,c2_active,eol_cut_candidate_knee,89,-0.20518708500204663,-0.014767105376381704
100,strictly_before_life_label,none,c2_active,fade_before_mah_per_cycle,89,0.5049901847487412,0.2561437809509687
100,strictly_before_life_label,none,c2_active,fade_after_mah_per_cycle,89,0.25354068348272235,-0.015997648882784002
100,strictly_before_life_label,none,c2_active,fade_acceleration_delta,89,0.12501748282498626,-0.08955919201765902
100,strictly_before_life_label,none,switch_soc_pct,candidate_knee_cycle,112,0.18313262001919794,0.09565205670890856
100,strictly_before_life_label,none,switch_soc_pct,eol_cut_candidate_knee,112,0.17878693245705857,0.08666561000121463
100,strictly_before_life_label,none,switch_soc_pct,fade_before_mah_per_cycle,112,-0.08470272363097305,-0.07159403445197522
100,strictly_before_life_label,none,switch_soc_pct,fade_after_mah_per_cycle,112,0.046635935585085116,0.0853044445783782
100,strictly_before_life_label,none,switch_soc_pct,fade_acceleration_delta,112,0.09513605411977646,0.09795359763764815
100,strictly_before_life_label,none,c_eff_0_80,candidate_knee_cycle,112,0.036777066071918586,0.08533839532497456
100,strictly_before_life_label,none,c_eff_0_80,eol_cut_candidate_knee,112,0.027081933240765074,0.07789807667381908
100,strictly_before_life_label,none,c_eff_0_80,fade_before_mah_per_cycle,112,0.3986693064191648,0.2517613442022053
100,strictly_before_life_label,none,c_eff_0_80,fade_after_mah_per_cycle,112,0.35352829237847094,0.25601779504922
100,strictly_before_life_label,none,c_eff_0_80,fade_acceleration_delta,112,0.3091265289708898,0.22247249996659813
100,strictly_before_life_label,none,cycle10_rms_c_timeweighted,candidate_knee_cycle,112,-0.24533643754622156,-0.13677298112640507
100,strictly_before_life_label,none,cycle10_rms_c_timeweighted,eol_cut_candidate_knee,112,-0.2524190652354493,-0.13739228856990907
100,strictly_before_life_label,none,cycle10_rms_c_timeweighted,fade_before_mah_per_cycle,112,0.47399447657734217,0.26941606587624284
100,strictly_before_life_label,none,cycle10_rms_c_timeweighted,fade_after_mah_per_cycle,112,0.4196708004848949,0.3309187822462159
100,strictly_before_life_label,none,cycle10_rms_c_timeweighted,fade_acceleration_delta,112,0.36666995867561086,0.33508729968906964
100,strictly_before_life_label,none,cycle10_time_fraction_above_5c,candidate_knee_cycle,112,-0.0788790937138354,0.04262490184659778
100,strictly_before_life_label,none,cycle10_time_fraction_above_5c,eol_cut_candidate_knee,112,-0.06910144210836333,0.047767143951344675
100,strictly_before_life_label,none,cycle10_time_fraction_above_5c,fade_before_mah_per_cycle,112,-0.027824272778245965,0.0036337967660460485
100,strictly_before_life_label,none,cycle10_time_fraction_above_5c,fade_after_mah_per_cycle,112,-0.015968124860965015,0.13267643333763887
100,strictly_before_life_label,none,cycle10_time_fraction_above_5c,fade_acceleration_delta,112,-0.010075743122724617,0.16575769634928447
100,strictly_before_life_label,none,before_ir_median,candidate_knee_cycle,106,-0.3881512228178802,-0.3648148568569763
100,strictly_before_life_label,none,before_ir_median,eol_cut_candidate_knee,106,-0.38661866061028966,-0.3600990521086973
100,strictly_before_life_label,none,before_ir_median,fade_before_mah_per_cycle,106,0.20448816105536358,0.12745043706073508
100,strictly_before_life_label,none,before_ir_median,fade_after_mah_per_cycle,106,0.26978535188408037,0.2235584552988891
100,strictly_before_life_label,none,before_ir_median,fade_acceleration_delta,106,0.2748149565450475,0.24362042471723303
100,strictly_before_life_label,none,before_tavg_median,candidate_knee_cycle,112,0.28399011029341115,0.2628468922805513
100,strictly_before_life_label,none,before_tavg_median,eol_cut_candidate_knee,112,0.2924100662548528,0.27002231645356317
100,strictly_before_life_label,none,before_tavg_median,fade_before_mah_per_cycle,112,-0.2932528600614431,-0.21371339734171596
100,strictly_before_life_label,none,before_tavg_median,fade_after_mah_per_cycle,112,-0.25959054426139216,-0.14861448047288756
100,strictly_before_life_label,none,before_tavg_median,fade_acceleration_delta,112,-0.22678271962685342,-0.09470564116581816
100,strictly_before_life_label,none,before_tmax_median,candidate_knee_cycle,112,-0.011805004037075427,-0.023294502047385108
100,strictly_before_life_label,none,before_tmax_median,eol_cut_candidate_knee,112,-0.003519479523364226,-0.013940824107566002
100,strictly_before_life_label,none,before_tmax_median,fade_before_mah_per_cycle,112,-0.059270176136152805,-0.01798100249427683
100,strictly_before_life_label,none,before_tmax_median,fade_after_mah_per_cycle,112,-0.01799228833783779,0.04527283288345235
100,strictly_before_life_label,none,before_tmax_median,fade_acceleration_delta,112,-0.0002993157363004595,0.07722007722007722
100,strictly_before_life_label,none,before_chargetime_median,candidate_knee_cycle,112,-0.02363246057106161,-0.2630220067990593
100,strictly_before_life_label,none,before_chargetime_median,eol_cut_candidate_knee,112,-0.015306167375427634,-0.25599607062965174
100,strictly_before_life_label,none,before_chargetime_median,fade_before_mah_per_cycle,112,-0.3421810764677936,-0.11361772644958486
100,strictly_before_life_label,none,before_chargetime_median,fade_after_mah_per_cycle,112,-0.34759128713112003,-0.2137646496053576
100,strictly_before_life_label,none,before_chargetime_median,fade_acceleration_delta,112,-0.32364935524942684,-0.22748317217343766
100,strictly_before_life_label,none,delta_ir_pct,candidate_knee_cycle,106,-0.7428317142912839,-0.805042283662926
100,strictly_before_life_label,none,delta_ir_pct,eol_cut_candidate_knee,106,-0.7530477482003533,-0.8081156179540052
100,strictly_before_life_label,none,delta_ir_pct,fade_before_mah_per_cycle,106,0.8210279030572016,0.7841348212711288
100,strictly_before_life_label,none,delta_ir_pct,fade_after_mah_per_cycle,106,0.834856610874072,0.6968335138675467
100,strictly_before_life_label,none,delta_ir_pct,fade_acceleration_delta,106,0.7699683626824445,0.6102375494369852
100,strictly_before_life_label,none,delta_tavg_median,candidate_knee_cycle,112,0.14965984738515328,0.051932132452173714
100,strictly_before_life_label,none,delta_tavg_median,eol_cut_candidate_knee,112,0.14109280461235205,0.047306546512071404
100,strictly_before_life_label,none,delta_tavg_median,fade_before_mah_per_cycle,112,0.03165423551213033,0.04851880958075648
100,strictly_before_life_label,none,delta_tavg_median,fade_after_mah_per_cycle,112,-0.09523049667955989,-0.16658694092322412
100,strictly_before_life_label,none,delta_tavg_median,fade_acceleration_delta,112,-0.13832057699167188,-0.22053849044999488
100,strictly_before_life_label,none,delta_tmax_median,candidate_knee_cycle,112,0.05587343042435122,-0.1340821970615256
100,strictly_before_life_label,none,delta_tmax_median,eol_cut_candidate_knee,112,0.04867873132291759,-0.13926302415787287
100,strictly_before_life_label,none,delta_tmax_median,fade_before_mah_per_cycle,112,0.06328715256327871,0.21166330679605017
100,strictly_before_life_label,none,delta_tmax_median,fade_after_mah_per_cycle,112,-0.058850716445199465,-0.008157651962961698
100,strictly_before_life_label,none,delta_tmax_median,fade_acceleration_delta,112,-0.10279142440905381,-0.08704342775139236
100,strictly_before_life_label,none,delta_chargetime_median,candidate_knee_cycle,112,-0.6715376389519025,-0.7469403009814537
100,strictly_before_life_label,none,delta_chargetime_median,eol_cut_candidate_knee,112,-0.6828504373341522,-0.7507757360453613
100,strictly_before_life_label,none,delta_chargetime_median,fade_before_mah_per_cycle,112,0.8475011007382781,0.829270167765743
100,strictly_before_life_label,none,delta_chargetime_median,fade_after_mah_per_cycle,112,0.784001985793636,0.7109884853247684
100,strictly_before_life_label,none,delta_chargetime_median,fade_acceleration_delta,112,0.7000282471151169,0.6177777018484982
