cell_key,batch,cell_index,policy,policy_canonical,policy_type,c1,switch_soc_pct,c2,c_eff_0_80,cycle_life,life_label_missing,n_raw,summary_cycle_last,n_valid_qd,n_placeholder,n_invalid,n_high_capacity,n_isolated_spike,high_capacity_cell,early_2_100_qd_slope,early_2_100_n,qd_endpoint_raw,terminal_qd_jump_gt_0_10,n_fit,fit_start,fit_end,best_hinge_cycle,candidate_knee_cycle,pre_slope,post_slope,slope_acceleration_ratio,slope_difference,sse_improvement_fraction,linear_slope,early20_slope,late20_slope,late20_over_early20_ratio,early20_n,late20_n,status,pre_segment_n,post_segment_n,sse_linear,sse_hinge,w7_candidate_knee,w7_status,w7_knee_shift,eol_cut_candidate_knee,eol_cut_status,eol_cut_knee_shift,start50_candidate_knee,start50_status,start50_knee_shift,knee_observed_position,candidate_knee_observed_end_fraction,window_stable_candidate,cutoff_stable_candidate,late20_accelerates_vs_early20,source_file,summary_cycles_n,current_cycle_records_n,time_cycle_records_n,summary_cycle_records_count_match,representative_role,before_target_cycle,before_summary_cycle_match_n,before_actual_summary_cycle,before_cycle_record_index,before_cycle_mapping_valid,before_mean_c_timeweighted,before_rms_c_timeweighted,before_variance_c2_timeweighted,before_active_charge_duration_min,before_time_fraction_above_5c,before_n_current_samples,before_n_time_samples,before_n_current_nonfinite,before_n_time_nonfinite,before_array_length_match,before_first_discharge_found,before_first_discharge_index,before_first_discharge_time_min,before_n_predischarge_samples,before_n_predischarge_intervals,before_n_active_intervals,before_n_nonpositive_dt_intervals,before_n_nonfinite_endpoint_intervals,before_n_excluded_rest_or_low_current_intervals,before_charge_window_elapsed_min,before_active_time_fraction_charge_window,before_current_feature_valid,before_qc_status,before_max_active_interval_dt_min,before_n_active_intervals_gt1min,before_active_time_fraction_intervals_gt1min,before_sparse_active_gap_gt1min,before_peak_c_predischarge_active,before_peak_c_valid_active_intervals,after_target_cycle,after_summary_cycle_match_n,after_actual_summary_cycle,after_cycle_record_index,after_cycle_mapping_valid,after_mean_c_timeweighted,after_rms_c_timeweighted,after_variance_c2_timeweighted,after_active_charge_duration_min,after_time_fraction_above_5c,after_n_current_samples,after_n_time_samples,after_n_current_nonfinite,after_n_time_nonfinite,after_array_length_match,after_first_discharge_found,after_first_discharge_index,after_first_discharge_time_min,after_n_predischarge_samples,after_n_predischarge_intervals,after_n_active_intervals,after_n_nonpositive_dt_intervals,after_n_nonfinite_endpoint_intervals,after_n_excluded_rest_or_low_current_intervals,after_charge_window_elapsed_min,after_active_time_fraction_charge_window,after_current_feature_valid,after_qc_status,after_max_active_interval_dt_min,after_n_active_intervals_gt1min,after_active_time_fraction_intervals_gt1min,after_sparse_active_gap_gt1min,after_peak_c_predischarge_active,after_peak_c_valid_active_intervals,before_snapshot_valid,after_snapshot_valid,snapshot_pair_valid,snapshot_sparse_gap_present,delta_mean_c_timeweighted,relative_delta_mean_c_timeweighted,delta_rms_c_timeweighted,relative_delta_rms_c_timeweighted,delta_variance_c2_timeweighted,relative_delta_variance_c2_timeweighted,delta_active_charge_duration_min,relative_delta_active_charge_duration_min,delta_time_fraction_above_5c,relative_delta_time_fraction_above_5c,delta_peak_c_predischarge_active,relative_delta_peak_c_predischarge_active,delta_peak_c_valid_active_intervals,relative_delta_peak_c_valid_active_intervals
B1c1,B1,1,3.6C(80%)-3.6C,3.6C(80%)-3.6C,constant_two_step,3.6,80.0,3.6,3.6,1179.0,False,1178,1178.0,1177,1,0,0,0,False,5.5352925170070685e-06,99,1.0382246,False,1159,20.0,1178.0,422.0,422.0,-2.458468740572228e-05,-4.389632413510106e-05,1.7855148373732763,-1.931163672937878e-05,0.909573900275248,-3.8526789453952206e-05,-2.367533361266527e-05,-4.685950010474944e-05,1.9792540570444868,232,232,candidate_knee,402.0,757.0,0.0024782984102448,0.0002241028591924,422.0,candidate_knee,0.0,422.0,candidate_knee,0.0,425.0,candidate_knee,3.0,0.3471502590673575,0.3582342954159592,True,True,True,2017-05-12_batchdata_updated_struct_errorcorrect.mat,1178,1178,1178,True,,397.0,1,397.0,396,True,2.2278573613392867,2.64362234999154,2.025390706901142,26.08824499999998,0.0,1090,1090,0,0,True,True,651,34.36006333333353,651,650,520,0,0,130,34.36006333333353,0.7592606785066994,True,valid,0.08356000000009445,0,0.0,False,3.601108,3.601108,447.0,1,447.0,446,True,2.230920583241334,2.6470676342951,2.0299604118028034,26.005276666667,0.0,1090,1090,0,0,True,True,653,34.36747666666731,653,652,508,0,0,144,34.36747666666731,0.7566827474386351,True,valid,0.08357500000080709,0,0.0,False,3.6012302727272725,3.6012302727272725,True,True,True,False,0.0030632219020474416,0.0013749632068930893,0.003445284303559948,0.0013032437494602711,0.004569704901661531,0.0022562090791130385,-0.08296833333297826,-0.003180295697659169,0.0,,0.00012227272727249883,3.3954196117555715e-05,0.00012227272727249883,3.3954196117555715e-05
B1c2,B1,2,3.6C(80%)-3.6C,3.6C(80%)-3.6C,constant_two_step,3.6,80.0,3.6,3.6,1177.0,False,1176,1176.0,1175,1,0,0,0,False,1.0295625231910926e-05,99,1.0432786,False,1157,20.0,1176.0,446.0,446.0,-2.373791829868497e-05,-4.4632641766138186e-05,1.880225603801608,-2.0894723467453216e-05,0.8518477598253054,-3.8208072855995296e-05,-2.133551771227153e-05,-4.5119630580312074e-05,2.114766146703844,232,232,candidate_knee,426.0,731.0,0.0033358635289151,0.0004942156547258,446.0,candidate_knee,0.0,446.0,candidate_knee,0.0,453.0,candidate_knee,7.0,0.3685121107266436,0.3792517006802721,True,True,True,2017-05-12_batchdata_updated_struct_errorcorrect.mat,1176,1176,1176,True,,421.0,1,421.0,420,True,2.2076239593798705,2.6283458785718854,2.0345985113777596,26.42178666666635,0.0,1103,1103,0,0,True,True,664,34.360246666666356,664,663,527,0,0,136,34.360246666666356,0.7689638238918324,True,valid,0.0835649999998469,0,0.0,False,3.6012493636363634,3.6012493636363634,471.0,1,471.0,470,True,2.223989175268281,2.640008686073643,2.0235180108337936,26.17146166666668,0.0,1109,1109,0,0,True,True,677,34.36014833333332,677,676,528,0,0,148,34.36014833333332,0.7616806951114741,True,valid,0.08353833333336969,0,0.0,False,3.6012519090909088,3.6012519090909088,True,True,True,False,0.016365215888410667,0.007413045060902362,0.011662807501757744,0.004437318389805965,-0.011080500543966032,-0.005446037870372126,-0.25032499999966973,-0.009474188977366887,0.0,,2.5454545453662547e-06,7.068254065016982e-07,2.5454545453662547e-06,7.068254065016982e-07
B1c3,B1,3,4C(80%)-4C,4C(80%)-4C,constant_two_step,4.0,80.0,4.0,4.0,1226.0,False,1225,1225.0,1224,1,0,0,0,False,1.713634755720454e-05,99,0.97092122,False,1206,20.0,1225.0,967.0,967.0,-4.608184892308752e-05,-0.000258728807188,5.614549182258843,-0.000212646958265,0.9327958283058584,-7.120295667569317e-05,-2.707412513161299e-05,-0.0002703036535077,9.983837047132836,242,242,candidate_knee,947.0,259.0,0.1353591932859219,0.0090967024659676,967.0,candidate_knee,0.0,967.0,candidate_knee,0.0,971.0,candidate_knee,4.0,0.7858921161825726,0.7893877551020408,True,True,True,2017-05-12_batchdata_updated_struct_errorcorrect.mat,1225,1225,1225,True,,942.0,1,942.0,941,True,2.4719288313618493,2.958328587599586,2.641275884891005,22.838546666667874,0.0,1092,1092,0,0,True,True,661,33.02678166666689,661,660,481,0,0,179,33.02678166666689,0.6915159611121979,True,valid,0.08352999999963906,0,0.0,False,4.001855818181817,4.001855818181817,992.0,1,992.0,991,True,2.4813107442506777,2.9689559027368446,2.657796142862101,22.514271666666417,0.0,1039,1039,0,0,True,True,625,31.8838016666666,625,624,469,0,0,155,31.8838016666666,0.7061351059087883,True,valid,0.0835333333331314,0,0.0,False,4.001185636363636,4.001185636363636,True,True,True,False,0.009381912888828392,0.0037953814728798863,0.010627315137258453,0.003592337640181326,0.01652025797109591,0.006254650665459596,-0.3242750000014567,-0.014198582980532892,0.0,,-0.0006701818181813479,-0.00016746775711820494,-0.0006701818181813479,-0.00016746775711820494
B1c4,B1,4,4C(80%)-4C,4C(80%)-4C,constant_two_step,4.0,80.0,4.0,4.0,1227.0,False,1226,1226.0,1225,1,0,0,0,False,1.899431787260345e-05,99,1.0219597,False,1207,20.0,1226.0,898.0,898.0,-4.014288594209076e-05,-8.640282205697837e-05,2.152381923452668,-4.625993611488761e-05,0.8598016448782728,-4.855744683229407e-05,-2.437325300449903e-05,-9.11748971757899e-05,3.740776709574222,242,242,candidate_knee,878.0,329.0,0.0113396700965371,0.0015898030951575,896.0,candidate_knee,-2.0,898.0,candidate_knee,0.0,905.0,candidate_knee,7.0,0.7280265339966833,0.732463295269168,True,True,True,2017-05-12_batchdata_updated_struct_errorcorrect.mat,1226,1226,1226,True,longest_finite_life_candidate_in_batch,873.0,1,873.0,872,True,2.4554161915156687,2.940471980913017,2.6173067969772115,23.171463333333183,0.0,1063,1063,0,0,True,True,643,33.02680166666687,643,642,466,0,0,176,33.02680166666687,0.7015957393391672,True,valid,0.08356000000009489,0,0.0,False,4.0014769999999995,4.0014769999999995,923.0,1,923.0,922,True,2.468474579226541,2.950346618040907,2.6111784182977686,23.00491000000038,0.0,1059,1059,0,0,True,True,640,31.669793333332443,640,639,484,0,0,155,31.669793333332443,0.7263991197501034,True,valid,0.08353666666662285,0,0.0,False,4.001633,4.001633,True,True,True,False,0.01305838771087231,0.005318197279953459,0.00987463712788994,0.0033581809967880953,-0.006128378679442825,-0.0023414827358109614,-0.16655333333280353,-0.007187864268080521,0.0,,0.00015600000000048908,3.898560456563641e-05,0.00015600000000048908,3.898560456563641e-05
B1c5,B1,5,4.4C(80%)-4.4C,4.4C(80%)-4.4C,constant_two_step,4.4,80.0,4.4,4.4,1074.0,False,1073,1073.0,1071,1,0,0,1,False,1.1228400742115004e-05,99,0.88053626,False,1053,20.0,1073.0,883.0,883.0,-7.093961775194098e-05,-0.0007054814876372,9.94481659182522,-0.0006345418698853,0.9451279918858324,-0.0001256850630773,-3.081329415822496e-05,-0.0006551190699571,21.260922853400068,211,210,candidate_knee,863.0,190.0,0.539615890861283,0.029609807541874,883.0,candidate_knee,0.0,883.0,candidate_knee,0.0,885.0,candidate_knee,2.0,0.8195631528964862,0.8229263746505125,True,True,True,2017-05-12_batchdata_updated_struct_errorcorrect.mat,1073,1073,1073,True,,858.0,1,858.0,857,True,2.6590549263431478,3.2242325680538446,3.3251025515893256,20.77727666666712,0.0,983,983,0,0,True,True,571,27.305753333333996,571,570,455,0,0,115,27.305753333333996,0.7609120471070425,True,valid,0.08356499999936062,0,0.0,False,4.401362999999999,4.401362999999999,908.0,1,908.0,907,True,2.74117508477305,3.286807409883189,3.2890621042825003,19.88256333333363,0.0,1013,1013,0,0,True,True,587,28.111456666666587,587,586,438,0,0,148,28.111456666666587,0.7072761674747917,True,valid,0.08356000000009445,0,0.0,False,4.401366454545454,4.401366454545454,True,True,True,False,0.08212015842990228,0.030883212534025248,0.06257484182934459,0.019407670045065925,-0.03604044730682521,-0.01083889797311625,-0.8947133333334918,-0.043062108075447435,0.0,,3.454545455028324e-06,7.848808323758628e-07,3.454545455028324e-06,7.848808323758628e-07
B1c6,B1,6,4.8C(80%)-4.8C,4.8C(80%)-4.8C,constant_two_step,4.8,80.0,4.8,4.8,636.0,False,635,635.0,634,1,0,0,0,False,-4.8086468769325835e-06,99,0.8800565,False,616,20.0,635.0,514.0,514.0,-0.0001140187594421,-0.0011488537338131,10.076006259272296,-0.001034834974371,0.9618097709447894,-0.0002189126862416,-5.111275719905598e-05,-0.0011365166521321,22.235479250435944,124,124,candidate_knee,494.0,122.0,0.3443627036617452,0.0131512905309136,515.0,candidate_knee,1.0,514.0,candidate_knee,0.0,516.0,candidate_knee,2.0,0.8032520325203252,0.8094488188976378,True,True,True,2017-05-12_batchdata_updated_struct_errorcorrect.mat,635,635,635,True,,489.0,1,489.0,488,True,2.6731421085897735,3.3367724456911665,3.9883616216080275,20.73048333333184,0.0,1012,1012,0,0,True,True,588,29.54351499999951,588,587,447,0,0,140,29.54351499999951,0.7016931916643021,True,valid,0.08348333333366575,0,0.0,False,4.800503454545454,4.800503454545454,539.0,1,539.0,538,True,2.7404172192726866,3.3794298604903177,3.910659646287364,19.72309166666625,0.0,984,984,0,0,True,True,560,27.512951666666535,560,559,428,0,0,131,27.512951666666535,0.7168657113064996,True,valid,0.08351333333339439,0,0.0,False,4.800381181818182,4.800381181818182,True,True,True,False,0.06727511068291303,0.02516705358339676,0.042657414799151194,0.012784034720208587,-0.07770197532066359,-0.01948217907315428,-1.0073916666655904,-0.04859470232639678,0.0,,-0.00012227272727205474,-2.547081330735807e-05,-0.00012227272727205474,-2.547081330735807e-05
B1c7,B1,7,4.8C(80%)-4.8C,4.8C(80%)-4.8C,constant_two_step,4.8,80.0,4.8,4.8,870.0,False,869,869.0,868,1,0,0,0,False,-6.428188002473638e-06,99,0.88110596,False,850,20.0,869.0,644.0,644.0,-7.900318072360342e-05,-0.0007138060416107,9.035155737690951,-0.000634802860887,0.9621230427626958,-0.0001893312695544,-3.951944321297479e-05,-0.000818394329242,20.708650292251956,170,170,candidate_knee,624.0,226.0,0.6349018170176818,0.0240481489730655,644.0,candidate_knee,0.0,644.0,candidate_knee,0.0,646.0,candidate_knee,2.0,0.734982332155477,0.7410817031070196,True,True,True,2017-05-12_batchdata_updated_struct_errorcorrect.mat,869,869,869,True,,619.0,1,619.0,618,True,2.6011761774435165,3.289155294190691,4.0524250432029865,21.796196666666706,0.0,1075,1075,0,0,True,True,640,31.14781833333333,640,639,467,0,0,172,31.14781833333333,0.6997663988344622,True,valid,0.08353499999999858,0,0.0,False,4.800311909090908,4.800311909090908,669.0,1,669.0,668,True,2.6157412085004106,3.3020791504903726,4.061624646256034,21.34179333333353,0.0,1064,1064,0,0,True,True,610,29.421651666666246,610,609,474,0,0,135,29.421651666666246,0.7253771329742535,True,valid,0.08348666666667359,0,0.0,False,4.80049309090909,4.80049309090909,True,True,True,False,0.014565031056894107,0.005599401987146017,0.012923856299681624,0.003929232627753318,0.009199603053047234,0.0022701476165432,-0.4544033333331754,-0.02084782681503797,0.0,,0.0001811818181822744,3.774375949178414e-05,0.0001811818181822744,3.774375949178414e-05
B1c8,B1,8,5.4C(40%)-3.6C,5.4C(40%)-3.6C,constant_two_step,5.4,40.0,3.6,4.32,879.0,False,878,878.0,877,1,0,0,0,False,5.4292541743973515e-06,99,0.96902454,False,859,20.0,878.0,678.0,678.0,-6.020746503900783e-05,-0.0004287100607934,7.120546605236953,-0.0003685025957544,0.9556945764581628,-0.0001110639795997,-2.9211629086157955e-05,-0.0004661801001714,15.95871626318692,172,172,candidate_knee,658.0,201.0,0.171977570058403,0.0076195390811335,679.0,candidate_knee,1.0,678.0,candidate_knee,0.0,682.0,candidate_knee,4.0,0.7668997668997669,0.7722095671981777,True,True,True,2017-05-12_batchdata_updated_struct_errorcorrect.mat,878,878,878,True,,653.0,1,653.0,652,True,2.4656732920653313,3.1098277212632173,3.5914836727328856,23.200829999999165,0.19137352871002214,1099,1099,0,0,True,True,660,31.939870000000035,660,659,509,0,0,150,31.939870000000035,0.7263908713466629,True,valid,0.08350833333340191,0,0.0,False,5.401916545454545,5.401916545454545,703.0,1,703.0,702,True,2.514824281496977,3.1518547355475413,3.609847107186676,22.534111666666767,0.19704267036305642,1069,1069,0,0,True,True,629,30.461226666667304,629,628,494,0,0,134,30.461226666667304,0.7397637630701552,True,valid,0.08350666666616835,0,0.0,False,5.401847181818181,5.401847181818181,True,True,True,False,0.04915098943164553,0.01993410464793371,0.04202701428432398,0.013514258039751648,0.018363434453790184,0.005113049682839517,-0.6667183333323976,-0.028736831110456895,0.005669141653034282,0.029623436905029967,-6.936363636356191e-05,-1.2840560526972247e-05,-6.936363636356191e-05,-1.2840560526972247e-05
B1c9,B1,9,5.4C(40%)-3.6C,5.4C(40%)-3.6C,constant_two_step,5.4,40.0,3.6,4.32,1054.0,False,1053,1053.0,1052,1,0,0,0,False,1.8204385899814532e-05,99,0.8809284,False,1034,20.0,1053.0,792.0,792.0,-6.373990207123748e-05,-0.0005612690893331,8.805615808852389,-0.0004975291872619,0.9584933068117714,-0.0001431088263543,-2.4135786359061083e-05,-0.0006288619167248,26.055165859087715,207,207,candidate_knee,772.0,262.0,0.6419126942382138,0.0266436732533748,792.0,candidate_knee,0.0,792.0,candidate_knee,0.0,795.0,candidate_knee,3.0,0.7473378509196515,0.7521367521367521,True,True,True,2017-05-12_batchdata_updated_struct_errorcorrect.mat,1053,1053,1053,True,,767.0,1,767.0,766,True,2.5915650892632542,3.208916936601252,3.5809382941183037,21.700571666666413,0.20460858246757266,1016,1016,0,0,True,True,594,29.48048333333354,594,593,462,0,0,131,29.48048333333354,0.736099589050143,True,valid,0.08356333333334476,0,0.0,False,5.401860999999999,5.401860999999999,817.0,1,817.0,816,True,2.589675418072037,3.2225030452159813,3.678107105459693,21.45137000000007,0.20698249575780073,1043,1043,0,0,True,True,607,30.38349333333317,607,606,457,0,0,149,30.38349333333317,0.7060205278129151,True,valid,0.08349500000040266,0,0.0,False,5.403234272727273,5.403234272727273,True,True,True,False,-0.0018896711912170794,-0.000729162157279363,0.013586108614729309,0.004233861107392557,0.09716881134138955,0.02713501416681473,-0.24920166666634103,-0.011483645246504364,0.002373913290228069,0.011602217568778172,0.0013732727272737222,0.00025422215182392184,0.0013732727272737222,0.00025422215182392184
B1c10,B1,10,5.4C(50%)-3C,5.4C(50%)-3C,constant_two_step,5.4,50.0,3.0,4.153846153846154,906.0,False,905,905.0,904,1,0,0,0,False,2.529188002473753e-05,99,0.96101874,False,886,20.0,905.0,695.0,695.0,-5.811891223996268e-05,-0.0003800541465108,6.539250854208535,-0.0003219352342708,0.9348004886061144,-0.0001040002035511,-2.3426862773677665e-05,-0.0004223652431832,18.029099639317895,178,178,candidate_knee,675.0,211.0,0.1527665203795786,0.0099603024860925,695.0,candidate_knee,0.0,695.0,candidate_knee,0.0,700.0,candidate_knee,5.0,0.7627118644067796,0.7679558011049724,True,True,True,2017-05-12_batchdata_updated_struct_errorcorrect.mat,905,905,905,True,,670.0,1,670.0,669,True,2.514520300702364,3.155511408991356,3.6344399096303057,22.47731166666684,0.24695602102303246,1045,1045,0,0,True,True,628,30.52904000000029,628,627,485,0,0,142,30.52904000000029,0.736260022151585,True,valid,0.08349166666642605,0,0.0,False,5.409552818181818,5.409552818181818,720.0,1,720.0,719,True,2.5583468863416425,3.1935154527264054,3.65340215594836,21.893516666666258,0.2535441557008011,1049,1049,0,0,True,True,628,29.40145833333372,628,627,492,0,0,135,29.40145833333372,0.7446405011089066,True,valid,0.08345333333321214,0,0.0,False,5.407264,5.407264,True,True,True,False,0.04382658563927855,0.01742940219135903,0.03800404373504929,0.012043703479176169,0.0189622463180541,0.005217377860013356,-0.5837950000005812,-0.025972634479519682,0.0065881346777686145,0.026677360003116383,-0.002288818181818364,-0.0004231067259618049,-0.002288818181818364,-0.0004231067259618049
B1c11,B1,11,5.4C(50%)-3C,5.4C(50%)-3C,constant_two_step,5.4,50.0,3.0,4.153846153846154,788.0,False,787,787.0,786,1,0,0,0,False,2.1809402597402855e-05,99,0.88054359,False,768,20.0,787.0,594.0,594.0,-6.512501521188452e-05,-0.0007214016950438,11.077182749159844,-0.0006562766798319,0.973653788471835,-0.0001691134880657,-2.438517525485278e-05,-0.0007953137202986,32.61464032908293,154,154,candidate_knee,574.0,194.0,0.4471754127224241,0.0117813780137794,594.0,candidate_knee,0.0,594.0,candidate_knee,0.0,596.0,candidate_knee,2.0,0.7483702737940026,0.7547649301143583,True,True,True,2017-05-12_batchdata_updated_struct_errorcorrect.mat,787,787,787,True,,569.0,1,569.0,568,True,2.546680449092622,3.200348282830366,3.756647821624674,21.727246666666662,0.255496390241138,1064,1064,0,0,True,True,627,30.28866833333353,627,626,486,0,0,140,30.28866833333353,0.7173391192888866,True,valid,0.08349833333340939,0,0.0,False,5.401580090909091,5.401580090909091,619.0,1,619.0,618,True,2.6078547700976515,3.257120004557775,3.807924222169367,20.894223333333382,0.2656870932191907,1048,1048,0,0,True,True,608,29.394094999999894,608,607,467,0,0,140,29.394094999999894,0.7108306390563635,True,valid,0.08348500000004933,0,0.0,False,5.401618272727272,5.401618272727272,True,True,True,False,0.06117432100502951,0.024021200236105718,0.05677172172740885,0.01773923233042634,0.05127640054469307,0.01364950961054344,-0.8330233333332799,-0.038340032039645464,0.01019070297805269,0.0398858980685977,3.818181818093791e-05,7.068638720214157e-06,3.818181818093791e-05,7.068638720214157e-06
B1c12,B1,12,5.4C(50%)-3.6C,5.4C(50%)-3.6C,constant_two_step,5.4,50.0,3.6,4.5473684210526315,902.0,False,901,901.0,900,1,0,0,0,False,1.257311564625877e-05,99,0.91311944,False,882,20.0,901.0,688.0,688.0,-5.955941706115506e-05,-0.0005793117456356,9.726618798851472,-0.0005197523285745,0.9573837434312844,-0.0001361793778895,-2.1610356036079665e-05,-0.000642958345445,29.752325430065543,177,177,candidate_knee,668.0,214.0,0.3985455065052281,0.0169845175595355,689.0,candidate_knee,1.0,688.0,candidate_knee,0.0,691.0,candidate_knee,3.0,0.7582292849035187,0.7635960044395117,True,True,True,2017-05-12_batchdata_updated_struct_errorcorrect.mat,901,901,901,True,,663.0,1,663.0,662,True,2.6138478570934085,3.2966823933350007,4.035914182493183,21.561906666667102,0.25746025816325285,1068,1068,0,0,True,True,631,30.963454999999765,631,630,469,0,0,161,30.963454999999765,0.6963663023608724,True,valid,0.08352000000013504,0,0.0,False,5.402391636363636,5.402391636363636,713.0,1,713.0,712,True,2.6638763562989602,3.3435182385164457,4.0828769696434914,20.894761666666213,0.26567457962398644,1061,1061,0,0,True,True,624,30.873213333333844,624,623,447,0,0,176,30.873213333333844,0.6767925787662056,True,valid,0.08349000000065132,0,0.0,False,5.401240272727272,5.401240272727272,True,True,True,False,0.050028499205551746,0.01913979004928898,0.04683584518144501,0.01420696312029767,0.046962787150308216,0.011636220451371686,-0.6671450000008896,-0.030940909369218252,0.008214321460733587,0.03190520167786429,-0.0011513636363638113,-0.00021312109781415202,-0.0011513636363638113,-0.00021312109781415202
B1c13,B1,13,5.4C(50%)-3.6C,5.4C(50%)-3.6C,constant_two_step,5.4,50.0,3.6,4.5473684210526315,897.0,False,896,896.0,895,1,0,0,0,False,4.458676561533413e-06,99,0.92313582,False,877,20.0,896.0,709.0,709.0,-6.379696914492657e-05,-0.0006010612335559,9.42147004179046,-0.000537264264411,0.9433917536151922,-0.0001269695020857,-2.5757152982610545e-05,-0.000626857455591,24.33721832588525,176,176,candidate_knee,689.0,188.0,0.3267158428112161,0.0184948109276774,709.0,candidate_knee,0.0,709.0,candidate_knee,0.0,712.0,candidate_knee,3.0,0.7865296803652968,0.7912946428571429,True,True,True,2017-05-12_batchdata_updated_struct_errorcorrect.mat,896,896,896,True,,684.0,1,684.0,683,True,2.6101017012809904,3.2957698031007707,4.049467704000973,21.561796666666243,0.2574585294775728,1057,1057,0,0,True,True,631,31.58626000000028,631,630,456,0,0,174,31.58626000000028,0.6826321529255459,True,valid,0.08350333333364723,0,0.0,False,5.401826363636363,5.401826363636363,734.0,1,734.0,733,True,2.6329979638326644,3.324109164065338,4.117023457076205,21.14518166666676,0.262531518658774,1066,1066,0,0,True,True,614,30.481746666666975,614,613,444,0,0,169,30.481746666666975,0.6936998032921083,True,valid,0.08353166666735667,0,0.0,False,5.402058727272727,5.402058727272727,True,True,True,False,0.022896262551673985,0.008772172571067601,0.02833936096456746,0.008598707633617142,0.06755575307523198,0.01668262547408027,-0.41661499999948504,-0.01932190561111991,0.005072989181201193,0.019704102215976887,0.00023236363636414126,4.301575443600901e-05,0.00023236363636414126,4.301575443600901e-05
B1c14,B1,14,5.4C(60%)-3C,5.4C(60%)-3C,constant_two_step,5.4,60.0,3.0,4.499999999999999,880.0,False,879,879.0,878,1,0,0,0,False,2.623412492269632e-05,99,0.8800649,False,860,20.0,879.0,656.0,656.0,-6.682002141277384e-05,-0.0006849512194475,10.250688415921038,-0.0006181311980347,0.980531586005217,-0.0001703651409849,-1.9497479499932788e-05,-0.0007373279178193,37.81657612830716,172,172,candidate_knee,636.0,224.0,0.5879107106641517,0.0114456891071768,656.0,candidate_knee,0.0,656.0,candidate_knee,0.0,658.0,candidate_knee,2.0,0.740395809080326,0.7463026166097838,True,True,True,2017-05-12_batchdata_updated_struct_errorcorrect.mat,879,879,879,True,,631.0,1,631.0,630,True,2.636738462795603,3.343954403274488,4.22964132999312,21.255016666666656,0.3134363331946135,979,979,0,0,True,True,557,27.321075000000018,557,556,450,0,0,106,27.321075000000018,0.7779714622014925,True,valid,0.08349333333335363,0,0.0,False,5.405800545454546,5.405800545454546,681.0,1,681.0,680,True,2.673705311800045,3.3848565663126076,4.308553880161799,20.672631666666227,0.3222801560944491,998,998,0,0,True,True,571,27.918766666666972,571,570,449,0,0,121,27.918766666666972,0.740456479094683,True,valid,0.08349666666666344,0,0.0,False,5.403879363636364,5.403879363636364,True,True,True,False,0.036966849004441915,0.01401991495404053,0.04090216303811944,0.012231674869151018,0.07891255016867937,0.018657031178766104,-0.5823850000004285,-0.027399884419463113,0.008843822899835596,0.02821569155591302,-0.0019211818181821272,-0.0003553926568373945,-0.0019211818181821272,-0.0003553926568373945
B1c15,B1,15,5.4C(60%)-3C,5.4C(60%)-3C,constant_two_step,5.4,60.0,3.0,4.499999999999999,719.0,False,718,718.0,717,1,0,0,0,False,2.904936054421799e-05,99,0.88298881,False,699,20.0,718.0,552.0,552.0,-6.835539349088719e-05,-0.0008901829009312,13.022862651649202,-0.0008218275074403,0.9759007845963612,-0.0001860274043586,-1.660138680544898e-05,-0.0009620883601277,57.95228864927852,140,140,candidate_knee,532.0,167.0,0.4707655897228038,0.0113450813513509,553.0,candidate_knee,1.0,552.0,candidate_knee,0.0,554.0,candidate_knee,2.0,0.7621776504297995,0.7688022284122563,True,True,True,2017-05-12_batchdata_updated_struct_errorcorrect.mat,718,718,718,True,,527.0,1,527.0,526,True,2.6162127830647677,3.3354670723347706,4.280771264357988,21.338734999999964,0.3122394205335056,1006,1006,0,0,True,True,583,28.68751333333348,583,582,457,0,0,125,28.68751333333348,0.7438335540642835,True,valid,0.0835283333331367,0,0.0,False,5.401316545454545,5.401316545454545,577.0,1,577.0,576,True,2.6774012273974477,3.395829524045771,4.363180823911569,20.505391666666643,0.32491951178264694,1012,1012,0,0,True,True,577,28.943378333333143,577,576,437,0,0,139,28.943378333333143,0.7084657302444634,True,valid,0.0835549999998566,0,0.0,False,5.401410181818181,5.401410181818181,True,True,True,False,0.06118844433268,0.023388175735843886,0.06036245171100063,0.01809715113414324,0.08240955955358142,0.01925110090317822,-0.8333433333333211,-0.039053080388004376,0.012680091249141323,0.04061015494928724,9.363636363612926e-05,1.7335840780323926e-05,9.363636363612926e-05,1.7335840780323926e-05
B1c16,B1,16,5.4C(60%)-3.6C,5.4C(60%)-3.6C,constant_two_step,5.4,60.0,3.6,4.8,862.0,False,861,861.0,860,1,0,0,0,False,2.3160274582560223e-05,99,0.88096577,False,842,20.0,861.0,672.0,672.0,-6.588367568655935e-05,-0.0008482316291266,12.874685880644355,-0.0007823479534401,0.9741860742867056,-0.0001669279568087,-2.2350327929988595e-05,-0.0008977704982099,40.16811301481396,169,169,candidate_knee,652.0,190.0,0.66323832606011,0.0171207848791254,673.0,candidate_knee,1.0,672.0,candidate_knee,0.0,674.0,candidate_knee,2.0,0.7752675386444708,0.7804878048780488,True,True,True,2017-05-12_batchdata_updated_struct_errorcorrect.mat,861,861,861,True,,647.0,1,647.0,646,True,2.6558438025283695,3.396876422913407,4.485263129116636,21.2561550000001,0.31342962197940005,1047,1047,0,0,True,True,616,30.064564999999856,616,615,463,0,0,152,30.064564999999856,0.7070168818341527,True,valid,0.08353666666662285,0,0.0,False,5.402578909090909,5.402578909090909,697.0,1,697.0,696,True,2.7087672162044516,3.451390588370424,4.5746771619079265,20.506495000000477,0.3248946413010365,1069,1069,0,0,True,True,628,29.790933333333427,628,627,456,0,0,171,29.790933333333427,0.6883468460202795,True,valid,0.08352666666663211,0,0.0,False,5.40255109090909,5.40255109090909,True,True,True,False,0.05292341367608211,0.01992715596666449,0.054514165457016706,0.01604832165494599,0.08941403279129023,0.01993506963077552,-0.7496599999996221,-0.035267902402839016,0.01146501932163646,0.03657924624109074,-2.7818181819405652e-05,-5.149056087380057e-06,-2.7818181819405652e-05,-5.149056087380057e-06
B1c17,B1,17,5.4C(60%)-3.6C,5.4C(60%)-3.6C,constant_two_step,5.4,60.0,3.6,4.8,857.0,False,856,856.0,855,1,0,0,0,False,1.788623129251757e-05,99,0.8832469,False,837,20.0,856.0,653.0,653.0,-6.206079814879124e-05,-0.0007565745683176,12.190861073100333,-0.0006945137701688,0.9723122393978514,-0.0001652601685372,-1.816129992761705e-05,-0.0008231324579243,45.32343286025955,168,168,candidate_knee,633.0,204.0,0.6042152648368558,0.0167293676049666,654.0,candidate_knee,1.0,653.0,candidate_knee,0.0,656.0,candidate_knee,3.0,0.757177033492823,0.7628504672897196,True,True,True,2017-05-12_batchdata_updated_struct_errorcorrect.mat,856,856,856,True,,628.0,1,628.0,627,True,2.6721628673912314,3.414803864569719,4.520431043615758,21.005988333333274,0.317158438283453,1057,1057,0,0,True,True,623,31.031379999999867,623,622,453,0,0,169,31.031379999999867,0.6769273017614222,True,valid,0.08360833333329831,0,0.0,False,5.407891727272727,5.407891727272727,678.0,1,678.0,677,True,2.6880066674305896,3.4419082244364145,4.621352381291726,20.59582333333286,0.32347398660979004,1038,1038,0,0,True,True,603,29.600403333333574,603,602,441,0,0,161,29.600403333333574,0.695795361346969,True,valid,0.08352666666663389,0,0.0,False,5.4055681818181816,5.4055681818181816,True,True,True,False,0.015843800039358147,0.005929204478028717,0.02710435986669557,0.007937310879818523,0.10092133767596767,0.022325600523980936,-0.4101650000004149,-0.019526098629196423,0.006315548326337017,0.019912912803198513,-0.0023235454545451617,-0.00042965827936739356,-0.0023235454545451617,-0.00042965827936739356
B1c19,B1,19,5.4C(70%)-3C,5.4C(70%)-3C,constant_two_step,5.4,70.0,3.0,4.909090909090909,788.0,False,787,787.0,786,1,0,0,0,False,-1.035584539270271e-05,99,0.88093972,False,768,20.0,787.0,576.0,576.0,-9.07393289831553e-05,-0.0007396920549248,8.15183518782857,-0.0006489527259416,0.9801956109033416,-0.0002112810114971,-4.390923926168721e-05,-0.0008053169991621,18.340490810206397,154,154,candidate_knee,556.0,212.0,0.5155084646660248,0.0102093302168668,576.0,candidate_knee,0.0,576.0,candidate_knee,0.0,578.0,candidate_knee,2.0,0.7249022164276402,0.7318932655654383,True,True,True,2017-05-12_batchdata_updated_struct_errorcorrect.mat,787,787,787,True,,551.0,1,551.0,550,True,2.5675389120446517,3.301376751424739,4.306832389984332,21.93079833333274,0.30803085129647484,1072,1072,0,0,True,True,636,31.623831666666472,636,635,466,0,0,169,31.623831666666472,0.6934895987461631,True,valid,0.08353000000012756,0,0.0,False,5.401819363636363,5.401819363636363,601.0,1,601.0,600,True,2.557948509858678,3.278626022171177,4.206288014169764,21.66563666666625,0.2934660932159911,1039,1039,0,0,True,True,593,29.637330000000656,593,592,454,0,0,138,29.637330000000656,0.7310252531744853,True,valid,0.08354500000035214,0,0.0,False,5.4017812727272725,5.4017812727272725,True,True,True,False,-0.009590402185973623,-0.0037352509599694193,-0.022750729253562252,-0.006891285353525303,-0.1005443758145681,-0.023345318951437967,-0.26516166666649,-0.012090835118549668,-0.014564758080483742,-0.047283439367134666,-3.809090909090429e-05,-7.0514962694462424e-06,-3.809090909090429e-05,-7.0514962694462424e-06
B1c20,B1,20,5.4C(80%)-5.4C,5.4C(80%)-5.4C,constant_two_step,5.4,80.0,5.4,5.4,534.0,False,533,533.0,532,1,0,0,0,False,-0.0001397761818181,99,0.88078493,False,514,20.0,533.0,418.0,418.0,-0.0002760654516571,-0.0007164379798724,2.5951743529365237,-0.0004403725282153,0.9199537968323666,-0.0003327795493099,-0.0001836081590739,-0.0007508147153824,4.089223045257362,103,103,candidate_knee,398.0,116.0,0.0504538877956943,0.0040386421530911,419.0,candidate_knee,1.0,418.0,candidate_knee,0.0,424.0,candidate_knee,6.0,0.7758284600389863,0.7842401500938087,True,True,True,2017-05-12_batchdata_updated_struct_errorcorrect.mat,533,533,533,True,requested_representative,393.0,1,393.0,392,True,3.1586834795579217,3.8606391780807954,4.927253539300221,16.744258333334198,0.4189097481235208,928,928,0,0,True,True,513,23.69777666666584,513,512,393,0,0,119,23.69777666666584,0.7065750753270996,True,valid,0.08356833333382385,0,0.0,False,5.4030712727272725,5.4030712727272725,443.0,1,443.0,442,True,3.207663594011893,3.872280273448236,4.705448783787052,16.121483333333405,0.404105112034204,930,930,0,0,True,True,511,23.967819999999968,511,510,376,0,0,134,23.967819999999968,0.6726303574264755,True,valid,0.08354166666661822,0,0.0,False,5.402939545454545,5.402939545454545,True,True,True,False,0.048980114453971435,0.01550649654229569,0.011641095367440624,0.003015328506619895,-0.22180475551316903,-0.045015900591279544,-0.622775000000793,-0.03719334637599222,-0.014804636089316758,-0.03534087271932241,-0.00013172727272792173,-2.438007312486008e-05,-0.00013172727272792173,-2.438007312486008e-05
B1c21,B1,21,5.4C(80%)-5.4C,5.4C(80%)-5.4C,constant_two_step,5.4,80.0,5.4,5.4,559.0,False,558,558.0,557,1,0,0,0,False,-8.178444155844156e-05,99,0.88016534,False,539,20.0,558.0,442.0,442.0,-0.0002062726853828,-0.0009246186136811,4.482506309379034,-0.0007183459282983,0.93729392644787,-0.0002924412333884,-0.0001222366129354,-0.000963698738413,7.883879594418922,108,108,candidate_knee,422.0,117.0,0.1397530632733138,0.0087633658647519,443.0,candidate_knee,1.0,442.0,candidate_knee,0.0,445.0,candidate_knee,3.0,0.7843866171003717,0.7921146953405018,True,True,True,2017-05-12_batchdata_updated_struct_errorcorrect.mat,558,558,558,True,,417.0,1,417.0,416,True,2.966231182581964,3.713865969049032,4.99427300753891,18.36045666666663,0.3923566679314107,976,976,0,0,True,True,546,26.75269499999995,546,545,409,0,0,136,26.75269499999995,0.6863030684073759,True,valid,0.08352833333337895,0,0.0,False,5.402443636363636,5.402443636363636,467.0,1,467.0,466,True,2.975758353795845,3.710074019776461,4.909511452034511,17.88983666666657,0.37667662587718165,949,949,0,0,True,True,529,25.213863333333574,529,528,400,0,0,128,25.213863333333574,0.7095238214849688,True,valid,0.0835199999996501,0,0.0,False,5.403161454545454,5.403161454545454,True,True,True,False,0.009527171213881136,0.003211877506320389,-0.0037919492725708714,-0.0010210248038492983,-0.08476155550439834,-0.01697175051833367,-0.4706200000000571,-0.025632260054537028,-0.01568004205422907,-0.03996374558102363,0.0007178181818172646,0.00013286916627610118,0.0007178181818172646,0.00013286916627610118
B1c22,B1,22,6C(30%)-3.6C,6C(30%)-3.6C,constant_two_step,6.0,30.0,3.6,4.235294117647059,891.0,False,890,890.0,889,1,0,0,0,False,-6.755834260976952e-06,99,0.96327895,False,871,20.0,890.0,664.0,664.0,-5.722811817314377e-05,-0.0003417322334015,5.971404343012925,-0.0002845041152284,0.9230418621442018,-0.0001049395782994,-2.7487827810120788e-05,-0.0004019014202418,14.621068751523916,175,175,candidate_knee,644.0,227.0,0.1376112050428435,0.0105903020881896,664.0,candidate_knee,0.0,664.0,candidate_knee,0.0,670.0,candidate_knee,6.0,0.7402298850574712,0.7460674157303371,True,True,True,2017-05-12_batchdata_updated_struct_errorcorrect.mat,890,890,890,True,,639.0,1,639.0,638,True,2.490804380768178,3.1358882720118713,3.629688791287653,22.756054999999954,0.1316826591694912,1056,1056,0,0,True,True,625,31.125844999999874,625,624,485,0,0,139,31.125844999999874,0.7310983846382337,True,valid,0.08350833333339924,0,0.0,False,6.001784545454544,6.001784545454544,689.0,1,689.0,688,True,2.5269343061183687,3.1679676788069786,3.6506222265277533,22.256116666665186,0.1346404825107571,1050,1050,0,0,True,True,616,30.29956499999971,616,615,484,0,0,131,30.29956499999971,0.7345358478468387,True,valid,0.08376833333264955,0,0.0,False,6.002058545454545,6.002058545454545,True,True,True,False,0.03612992535019055,0.014505324315772995,0.032079406795107346,0.0102297671385232,0.020933435240100273,0.005767281010522673,-0.499938333334768,-0.02196946409800684,0.0029578233412659027,0.022461752822433765,0.00027400000000099567,4.565308833162126e-05,0.00027400000000099567,4.565308833162126e-05
B1c23,B1,23,6C(30%)-3.6C,6C(30%)-3.6C,constant_two_step,6.0,30.0,3.6,4.235294117647059,1014.0,False,1013,1013.0,1012,1,0,0,0,False,-6.9509103277674005e-06,99,0.88066453,False,994,20.0,1013.0,769.0,769.0,-6.46731000538643e-05,-0.0005942714148314,9.18884999074522,-0.0005295983147775,0.9605770911381646,-0.0001450379373977,-2.5552874067306257e-05,-0.0006576461516369,25.736680339938793,199,199,candidate_knee,749.0,245.0,0.6098629715924719,0.0240425723472981,769.0,candidate_knee,0.0,769.0,candidate_knee,0.0,772.0,candidate_knee,3.0,0.7542799597180262,0.7591312931885489,True,True,True,2017-05-12_batchdata_updated_struct_errorcorrect.mat,1013,1013,1013,True,,744.0,1,744.0,743,True,2.5381236387364208,3.179147319786307,3.664906075391851,22.088776666666675,0.13567517274367194,1041,1041,0,0,True,True,604,29.12465333333333,604,603,480,0,0,123,29.12465333333333,0.758421960043931,True,valid,0.08350000000000346,0,0.0,False,6.003858363636363,6.003858363636363,794.0,1,794.0,793,True,2.589938196774622,3.2286250204896594,3.7162396598196734,21.340493333332898,0.14043143667111538,1036,1036,0,0,True,True,594,28.25580333333346,594,593,469,0,0,124,28.25580333333346,0.7552605417577156,True,valid,0.0835616666668404,0,0.0,False,6.002922090909091,6.002922090909091,True,True,True,False,0.05181455803820123,0.02041451300772589,0.04947770070335222,0.015563198470046983,0.05133358442782221,0.014006794000125536,-0.7482833333337773,-0.03387617814358108,0.004756263927443438,0.03505625849785606,-0.0009362727272721472,-0.00015594517234831533,-0.0009362727272721472,-0.00015594517234831533
B1c24,B1,24,6C(40%)-3C,6C(40%)-3C,constant_two_step,6.0,40.0,3.0,4.0,1017.0,False,1016,1016.0,1015,1,0,0,0,False,2.0242585034014705e-06,99,0.88046598,False,997,20.0,1016.0,756.0,756.0,-6.579272816289756e-05,-0.0005445078493976,8.27610990760965,-0.0004787151212347,0.9669632504891116,-0.0001467587714522,-2.7063574064351433e-05,-0.0006087766423048,22.49431804008096,200,200,candidate_knee,736.0,261.0,0.5629623668452715,0.0185984466975241,756.0,candidate_knee,0.0,756.0,candidate_knee,0.0,758.0,candidate_knee,2.0,0.7389558232931727,0.7440944881889764,True,True,True,2017-05-12_batchdata_updated_struct_errorcorrect.mat,1016,1016,1016,True,,731.0,1,731.0,730,True,2.5075606640382846,3.1658764593974005,3.7349132723344987,22.256478333333508,0.17957127259399422,1023,1023,0,0,True,True,583,28.892855000000175,583,582,468,0,0,114,28.892855000000175,0.7703108029072715,True,valid,0.08354666666709853,0,0.0,False,6.00205509090909,6.00205509090909,781.0,1,781.0,780,True,2.527936307143778,3.1912263772751106,3.7934638180407045,21.83772000000002,0.18297796574043687,1030,1030,0,0,True,True,594,28.999791666666717,594,593,468,0,0,125,28.999791666666717,0.7530302372861868,True,valid,0.08352999999988242,0,0.0,False,6.0031751818181815,6.0031751818181815,True,True,True,False,0.020375643105493335,0.008125683018443715,0.025349917877710126,0.008007235343142632,0.05855054570620588,0.01567654760283336,-0.4187583333334892,-0.018815121020575625,0.003406693146442652,0.018971259139790655,0.0011200909090911537,0.00018661789872400207,0.0011200909090911537,0.00018661789872400207
B1c25,B1,25,6C(40%)-3C,6C(40%)-3C,constant_two_step,6.0,40.0,3.0,4.0,854.0,False,853,853.0,852,1,0,0,0,False,5.129313543598951e-07,99,0.88019997,False,834,20.0,853.0,611.0,611.0,-6.909996877152499e-05,-0.0006222623232673,9.005247532380194,-0.0005531623544957,0.9779327599154732,-0.0001822051830264,-3.179175384171404e-05,-0.0006943017370937,21.83905111214102,167,167,candidate_knee,591.0,243.0,0.5306119734467655,0.0117091418097743,611.0,candidate_knee,0.0,611.0,candidate_knee,0.0,613.0,candidate_knee,2.0,0.709483793517407,0.716295427901524,True,True,True,2017-05-12_batchdata_updated_struct_errorcorrect.mat,853,853,853,True,,586.0,1,586.0,585,True,2.454497948619446,3.122281137811401,3.724079323755788,22.921513333332648,0.17436123196667888,1041,1041,0,0,True,True,614,30.595553333332646,614,613,486,0,0,127,30.595553333332646,0.7491779306491759,True,valid,0.08355833333334939,0,0.0,False,6.00200309090909,6.00200309090909,636.0,1,636.0,635,True,2.474803220060724,3.1507954559342948,3.802861027113271,22.421576666666567,0.17824491757383268,1023,1023,0,0,True,True,593,29.503740000000107,593,592,479,0,0,113,29.503740000000107,0.7599570992242504,True,valid,0.08354499999986764,0,0.0,False,6.003116272727272,6.003116272727272,True,True,True,False,0.020305271441277917,0.008272678106208561,0.028514318122893734,0.009132527426047603,0.07878170335748269,0.021154679186057238,-0.4999366666660805,-0.02181080539473232,0.0038836856071537973,0.022273790815472014,0.0011131818181819852,0.00018546838469111446,0.0011131818181819852,0.00018546838469111446
B1c26,B1,26,6C(40%)-3.6C,6C(40%)-3.6C,constant_two_step,6.0,40.0,3.6,4.5,870.0,False,869,869.0,868,1,0,0,0,False,-1.5210461348175406e-05,99,0.88105017,False,850,20.0,869.0,652.0,652.0,-7.426180781084466e-05,-0.0007211881041716,9.711426713561565,-0.0006469262963607,0.9672578672822504,-0.000179658074542,-3.5521383357454025e-05,-0.000806016429223,22.69102025425301,170,170,candidate_knee,632.0,218.0,0.6114332928309141,0.0200196300219204,652.0,candidate_knee,0.0,652.0,candidate_knee,0.0,654.0,candidate_knee,2.0,0.7444051825677267,0.7502876869965478,True,True,True,2017-05-12_batchdata_updated_struct_errorcorrect.mat,869,869,869,True,,627.0,1,627.0,626,True,2.5668200374306664,3.2884903656037836,4.225603780113338,22.005256666666774,0.18159351761161494,1026,1026,0,0,True,True,603,30.626541666666647,603,602,463,0,0,139,30.626541666666647,0.7185028236673839,True,valid,0.08354499999986675,0,0.0,False,6.002342909090909,6.002342909090909,677.0,1,677.0,676,True,2.5779114761509723,3.3129603767144076,4.330078878808786,21.595529999999663,0.18511184404898623,1035,1035,0,0,True,True,611,29.545694999999736,611,610,471,0,0,139,29.545694999999736,0.7309196822075046,True,valid,0.08352499999988794,0,0.0,False,6.003678090909091,6.003678090909091,True,True,True,False,0.011091438720305824,0.004321081555607663,0.024470011110623968,0.0074411077394569616,0.10447509869544813,0.02472430074658962,-0.40972666666711177,-0.018619490464192562,0.003518326437371294,0.019374735858667336,0.0013351818181819297,0.00022244344223648347,0.0013351818181819297,0.00022244344223648347
B1c27,B1,27,6C(40%)-3.6C,6C(40%)-3.6C,constant_two_step,6.0,40.0,3.6,4.5,842.0,False,841,841.0,840,1,0,0,0,False,-1.0758799010513336e-05,99,0.88130057,False,822,20.0,841.0,637.0,637.0,-7.156652960047343e-05,-0.0007233004714318,10.10668640032933,-0.0006517339418313,0.9666258870315256,-0.000172508981514,-3.2837192049795836e-05,-0.000800158668314,24.367451001920525,165,165,candidate_knee,617.0,205.0,0.5310515901365971,0.0177233757613066,637.0,candidate_knee,0.0,637.0,candidate_knee,0.0,639.0,candidate_knee,2.0,0.7515225334957369,0.7574316290130797,True,True,True,2017-05-12_batchdata_updated_struct_errorcorrect.mat,841,841,841,True,,612.0,1,612.0,611,True,2.593208623760663,3.3119012406210904,4.243958861280847,21.672260000000097,0.18441158765549998,1028,1028,0,0,True,True,594,29.63476833333334,594,593,456,0,0,137,29.63476833333334,0.7313119426556484,True,valid,0.0835349999999987,0,0.0,False,6.003359,6.003359,662.0,1,662.0,661,True,2.5941128715182806,3.329713941914057,4.357573344800029,21.34941833333287,0.18720274425033925,1016,1016,0,0,True,True,587,28.910645000000173,587,586,452,0,0,134,28.910645000000173,0.7384621938850808,True,valid,0.08351499999989898,0,0.0,False,6.004454909090908,6.004454909090908,True,True,True,False,0.000904247757617771,0.00034869842300093613,0.017812701292966526,0.005378391443105368,0.11361448351918213,0.0267708729591438,-0.3228416666672267,-0.014896539016568887,0.002791156594839278,0.0151354729403092,0.00109590909090862,0.00018254931795826638,0.00109590909090862,0.00018254931795826638
B1c28,B1,28,6C(50%)-3C,6C(50%)-3C,constant_two_step,6.0,50.0,3.0,4.363636363636363,860.0,False,859,859.0,858,1,0,0,0,False,-7.726680272108982e-06,99,0.88058227,False,840,20.0,859.0,628.0,628.0,-7.105467307993234e-05,-0.0006751843617625,9.502321698151649,-0.0006041296886825,0.9803458918974816,-0.0001834186734565,-2.954487082470745e-05,-0.0007325272664139,24.793720397698547,168,168,candidate_knee,608.0,232.0,0.5852713344221828,0.0115029860760387,628.0,candidate_knee,0.0,628.0,candidate_knee,0.0,630.0,candidate_knee,2.0,0.7246722288438617,0.7310826542491269,True,True,True,2017-05-12_batchdata_updated_struct_errorcorrect.mat,859,859,859,True,,603.0,1,603.0,602,True,2.565523011756334,3.3188888373181675,4.433114790623848,21.920391666666653,0.22797455278168152,1024,1024,0,0,True,True,588,29.69978166666668,588,587,456,0,0,131,29.69978166666668,0.7380657512128729,True,valid,0.08356499999999834,0,0.0,False,6.002207636363636,6.002207636363636,653.0,1,653.0,652,True,2.548590585677207,3.3249237083112066,4.5598036926874554,21.754428333333635,0.22967883887052018,1028,1028,0,0,True,True,584,28.680130000000158,584,583,453,0,0,130,28.680130000000158,0.7585191675677033,True,valid,0.08353500000036274,0,0.0,False,6.005744909090909,6.005744909090909,True,True,True,False,-0.016932426079126817,-0.006599989944169329,0.006034870993039121,0.0018183408028560565,0.1266889020636075,0.028577852829698387,-0.16596333333301772,-0.007571184669359291,0.001704286088838658,0.00747577336173462,0.003537272727273333,0.0005893286173312635,0.003537272727273333,0.0005893286173312635
B1c29,B1,29,6C(50%)-3C,6C(50%)-3C,constant_two_step,6.0,50.0,3.0,4.363636363636363,917.0,False,916,916.0,915,1,0,0,0,False,-5.212719851577204e-06,99,0.88035375,False,897,20.0,916.0,680.0,680.0,-7.311326155114076e-05,-0.0006387520450079,8.7364731302698,-0.0005656387834567,0.9751013626085552,-0.0001703396784595,-3.446047470600945e-05,-0.0007052894422204,20.466620040421144,180,180,candidate_knee,660.0,237.0,0.5776201671446913,0.0143819550917214,680.0,candidate_knee,0.0,680.0,candidate_knee,0.0,682.0,candidate_knee,2.0,0.7366071428571429,0.74235807860262,True,True,True,2017-05-12_batchdata_updated_struct_errorcorrect.mat,916,916,916,True,,655.0,1,655.0,654,True,2.559166675104366,3.31754276076486,4.456755898538593,21.921506666666634,0.22792872819878746,1032,1032,0,0,True,True,600,28.825595000000128,600,599,479,0,0,120,28.825595000000128,0.7604875690047868,True,valid,0.0835366666666233,0,0.0,False,6.005054818181818,6.005054818181818,705.0,1,705.0,704,True,2.572179076849026,3.343524934701458,4.563053785590482,21.50434166666528,0.2323517424916891,1014,1014,0,0,True,True,573,28.06279166666694,573,572,463,0,0,109,28.06279166666694,0.7662937430493844,True,valid,0.08352666666614805,0,0.0,False,6.002148727272727,6.002148727272727,True,True,True,False,0.013012401744660007,0.0050846245659749165,0.025982173936597963,0.007831752538016351,0.10629788705188847,0.023850955599059042,-0.41716500000135426,-0.019029941980935383,0.00442301429290165,0.01940525149179146,-0.002906090909090331,-0.0004839407794066105,-0.002906090909090331,-0.0004839407794066105
B1c30,B1,30,6C(50%)-3.6C,6C(50%)-3.6C,constant_two_step,6.0,50.0,3.6,4.8,709.0,False,708,708.0,707,1,0,0,0,False,-1.6368218923933255e-05,99,0.88054287,False,689,20.0,708.0,551.0,551.0,-8.034265907640045e-05,-0.0009894035293833,12.314796905620693,-0.0009090608703069,0.9763289370149676,-0.0002011315669809,-3.9703606026635385e-05,-0.0010541649161965,26.55086078300629,138,138,candidate_knee,531.0,158.0,0.5060138132567065,0.0119778848448959,551.0,candidate_knee,0.0,551.0,candidate_knee,0.0,553.0,candidate_knee,2.0,0.7718023255813954,0.7782485875706214,True,True,True,2017-05-12_batchdata_updated_struct_errorcorrect.mat,708,708,708,True,,526.0,1,526.0,525,True,2.651459566253633,3.445192787446821,4.839115511197695,21.25556000000021,0.2350746849188835,1060,1060,0,0,True,True,630,30.645040000000154,630,629,460,0,0,169,30.645040000000154,0.6936052294270166,True,valid,0.08351999999964832,0,0.0,False,6.002221545454545,6.002221545454545,576.0,1,576.0,575,True,2.672159988316724,3.4825449669558983,4.987680443709024,20.687189999999827,0.24153057311671539,1037,1037,0,0,True,True,594,29.141283333332588,594,593,451,0,0,142,29.141283333332588,0.7098928953598025,True,valid,0.08352666666614716,0,0.0,False,6.0017499090909086,6.0017499090909086,True,True,True,False,0.020700422063091306,0.007807179987413449,0.03735217950907721,0.010841825643306983,0.14856493251132896,0.030700844434804305,-0.5683700000003817,-0.026739827132306847,0.006455888197831883,0.027463136662544484,-0.0004716363636365628,-7.857696688882317e-05,-0.0004716363636365628,-7.857696688882317e-05
B1c31,B1,31,6C(50%)-3.6C,6C(50%)-3.6C,constant_two_step,6.0,50.0,3.6,4.8,876.0,False,875,875.0,874,1,0,0,0,False,-2.6201082251082747e-05,99,0.88099223,False,856,20.0,875.0,670.0,670.0,-7.508354987596735e-05,-0.0007909074081145,10.53369758650308,-0.0007158238582385,0.977177889164132,-0.0001790412575329,-4.441887208948576e-05,-0.0008492131106449,19.118295235730574,172,172,candidate_knee,650.0,206.0,0.6656926183513814,0.0151925107186343,670.0,candidate_knee,0.0,670.0,candidate_knee,0.0,671.0,candidate_knee,1.0,0.7602339181286549,0.7657142857142857,True,True,True,2017-05-12_batchdata_updated_struct_errorcorrect.mat,875,875,875,True,,645.0,1,645.0,644,True,2.6379651811065403,3.4274303288261714,4.788418362227015,21.505735000000033,0.2323302984121543,1046,1046,0,0,True,True,599,29.827759999999884,599,598,449,0,0,149,29.827759999999884,0.720997319275739,True,valid,0.08356000000009489,0,0.0,False,6.002689727272727,6.002689727272727,695.0,1,695.0,694,True,2.657523159186082,3.4607888662580275,4.9146302352051485,21.007963333333223,0.23784654836489713,1043,1043,0,0,True,True,603,30.019558333333894,603,602,447,0,0,155,30.019558333333894,0.699809207719284,True,valid,0.08354333333360664,0,0.0,False,6.001590363636363,6.001590363636363,True,True,True,False,0.019557978079541627,0.007414039510308355,0.03335853743185613,0.00973281269973496,0.12621187297813385,0.026357737238196285,-0.49777166666681083,-0.023145996482650328,0.00551624995274283,0.023743136347016584,-0.0010993636363636483,-0.00018314517096707167,-0.0010993636363636483,-0.00018314517096707167
B1c32,B1,32,6C(60%)-3C,6C(60%)-3C,constant_two_step,6.0,60.0,3.0,4.8,731.0,False,730,730.0,729,1,0,0,0,False,-1.2776272108843271e-05,99,0.88080907,False,711,20.0,730.0,546.0,546.0,-8.295574614501542e-05,-0.000847033717775,10.21066962973612,-0.0007640779716299,0.975602762420996,-0.000210604878815,-3.495703240421537e-05,-0.0009360053288026,26.77588068630741,143,143,candidate_knee,526.0,185.0,0.508694625327965,0.0124107436292888,547.0,candidate_knee,1.0,546.0,candidate_knee,0.0,548.0,candidate_knee,2.0,0.7408450704225352,0.7479452054794521,True,True,True,2017-05-12_batchdata_updated_struct_errorcorrect.mat,730,730,730,True,,521.0,1,521.0,520,True,2.6317400406470695,3.4544578795204646,5.007223599835985,21.2893733333333,0.26928844457913875,1033,1033,0,0,True,True,591,29.269254999999976,591,590,450,0,0,140,29.269254999999976,0.7273630071326831,True,valid,0.0835700000000843,0,0.0,False,6.00200309090909,6.00200309090909,571.0,1,571.0,570,True,2.6017500878826456,3.4086340528124586,4.849682586195333,21.243376666667366,0.25198748173423313,1014,1014,0,0,True,True,575,28.18968833333347,575,574,457,0,0,117,28.18968833333347,0.7535867873199471,True,valid,0.08351333333315125,0,0.0,False,6.002599545454545,6.002599545454545,True,True,True,False,-0.029989952764423844,-0.011395484470818089,-0.045823826708006,-0.013265128221614646,-0.15754101364065232,-0.031462747868062586,-0.04599666666593549,-0.0021605458247057636,-0.01730096284490562,-0.06424695598039744,0.0005964545454544279,9.937591441061491e-05,0.0005964545454544279,9.937591441061491e-05
B1c33,B1,33,6C(60%)-3C,6C(60%)-3C,constant_two_step,6.0,60.0,3.0,4.8,757.0,False,756,756.0,755,1,0,0,0,False,-2.181216573902273e-05,99,0.88011229,False,737,20.0,756.0,559.0,559.0,-8.954689177747824e-05,-0.000840592451793,9.387176205757353,-0.0007510455600155,0.9683852906782026,-0.0002224428826542,-4.3362551594191264e-05,-0.0009513286765789,21.9389459707523,148,148,candidate_knee,539.0,198.0,0.5867282652468926,0.0185492435566629,559.0,candidate_knee,0.0,559.0,candidate_knee,0.0,561.0,candidate_knee,2.0,0.7323369565217391,0.7394179894179894,True,True,True,2017-05-12_batchdata_updated_struct_errorcorrect.mat,756,756,756,True,,534.0,1,534.0,533,True,2.5514158118381003,3.372326814905758,4.8628655016349445,22.226880000000044,0.25232554296591864,1053,1053,0,0,True,True,607,29.695333333333352,607,606,479,0,0,127,29.695333333333352,0.7484974069999786,True,valid,0.0835183333333891,0,0.0,False,6.002072454545455,6.002072454545455,584.0,1,584.0,583,True,3.5362064063154337,4.310855371963997,6.078718289924533,16.436038333332785,0.4306878390665155,851,851,0,0,True,True,410,29.6089650000009,410,409,304,0,0,105,29.6089650000009,0.5551034402361679,True,valid,5.521889999999742,1,0.3359623461574181,True,6.001930272727272,6.001930272727272,True,True,True,True,0.9847905944773334,0.38597808711072734,0.9385285570582385,0.2783029666371366,1.2158527882895882,0.25002805195430683,-5.790841666667259,-0.2605332672272153,0.17836229610059684,0.7068737235401018,-0.00014218181818304032,-2.3688787374661565e-05,-0.00014218181818304032,-2.3688787374661565e-05
B1c34,B1,34,7C(30%)-3.6C,7C(30%)-3.6C,constant_two_step,7.0,30.0,3.6,4.401746724890829,742.0,False,741,741.0,740,1,0,0,0,False,-3.1296474953600746e-07,99,0.88205445,False,722,20.0,741.0,581.0,581.0,-7.4036586708795e-05,-0.0009564704285185,12.91888876888098,-0.0008824338418097,0.96938205199092,-0.0001854695359106,-2.680280664462292e-05,-0.0010120348963942,37.758541850216986,145,145,candidate_knee,561.0,161.0,0.5207278056598892,0.0159436168805768,582.0,candidate_knee,1.0,581.0,candidate_knee,0.0,583.0,candidate_knee,2.0,0.7780859916782247,0.7840755735492577,True,True,True,2017-05-12_batchdata_updated_struct_errorcorrect.mat,741,741,741,True,,556.0,1,556.0,555,True,2.526739905447029,3.291988904207948,4.452776395649787,22.249504999999285,0.11534017056694107,1047,1047,0,0,True,True,614,30.45636999999988,614,613,474,0,0,139,30.45636999999988,0.730536994395569,True,valid,0.08352000000013504,0,0.0,False,7.0012907272727265,7.0012907272727265,606.0,1,606.0,605,True,2.5426425786472864,3.322243041815599,4.57226754614204,21.70610999999996,0.11836535327626199,1062,1062,0,0,True,True,613,29.670083333333363,613,612,483,0,0,129,29.670083333333363,0.7315823739400779,True,valid,0.08353499999999947,0,0.0,False,7.002473272727272,7.002473272727272,True,True,True,False,0.0159026732002574,0.0062937515515448005,0.030254137607650833,0.00919023073527946,0.11949115049225334,0.02683520120367872,-0.5433949999993253,-0.024422790529467633,0.0030251827093209227,0.02622835300529722,0.0011825454545455472,0.00016890392080692732,0.0011825454545455472,0.00016890392080692732
B1c35,B1,35,7C(30%)-3.6C,7C(30%)-3.6C,constant_two_step,7.0,30.0,3.6,4.401746724890829,703.0,False,702,702.0,701,1,0,0,0,False,3.195320964749697e-06,99,0.8802399,False,683,20.0,702.0,522.0,522.0,-7.124750960088206e-05,-0.0008537418865488,11.982761100442836,-0.0007824943769479,0.9714842140021552,-0.0002063127411848,-2.112284288834531e-05,-0.000963827690509,45.62963875666951,137,137,candidate_knee,502.0,181.0,0.4920213107197786,0.0140303744028642,523.0,candidate_knee,1.0,522.0,candidate_knee,0.0,524.0,candidate_knee,2.0,0.7360703812316716,0.7435897435897436,True,True,True,2017-05-12_batchdata_updated_struct_errorcorrect.mat,702,702,702,True,,497.0,1,497.0,496,True,2.496599141010115,3.2734276761099395,4.482321479830077,22.495803333333367,0.11422262229833902,1104,1104,0,0,True,True,658,31.9375533333332,658,657,491,0,0,166,31.9375533333332,0.7043683997500997,True,valid,0.08357333333333372,0,0.0,False,7.001231818181818,7.001231818181818,547.0,1,547.0,546,True,2.4957999298436753,3.2887503660194595,4.586861680185435,22.13277999999991,0.11609416579378995,1072,1072,0,0,True,True,625,30.694228333333253,625,624,487,0,0,137,30.694228333333253,0.7210730225774792,True,valid,0.08350500000039318,0,0.0,False,7.001339272727272,7.001339272727272,True,True,True,False,-0.0007992111664396617,-0.0003201199396857534,0.015322689909520015,0.004680931251772491,0.10454020035535816,0.023322780578273302,-0.36302333333345516,-0.01613738029064034,0.0018715434954509336,0.016385051032733546,0.00010745454545357802,1.5347948510221362e-05,0.00010745454545357802,1.5347948510221362e-05
B1c36,B1,36,7C(40%)-3C,7C(40%)-3C,constant_two_step,7.0,40.0,3.0,4.2,704.0,False,703,703.0,702,1,0,0,0,False,-7.183043908472686e-06,99,0.88231802,False,684,20.0,703.0,525.0,525.0,-8.013167524665909e-05,-0.0008867734584402,11.066453505565695,-0.0008066417831935,0.9772555038464562,-0.0002162623738258,-3.188188623592877e-05,-0.0009815721124946,30.78776786388712,137,137,candidate_knee,505.0,179.0,0.509498125217507,0.0115882781492473,525.0,candidate_knee,0.0,525.0,candidate_knee,0.0,526.0,candidate_knee,1.0,0.739385065885798,0.7467994310099573,True,True,True,2017-05-12_batchdata_updated_struct_errorcorrect.mat,703,703,703,True,,500.0,1,500.0,499,True,2.441014211657827,3.2721473513019244,4.7483979071167175,23.098679999999877,0.14834134302592744,1070,1070,0,0,True,True,632,31.408783333333364,632,631,496,0,0,135,31.408783333333364,0.7354210366845322,True,valid,0.08354000000011474,0,0.0,False,7.002171636363635,7.002171636363635,550.0,1,550.0,549,True,2.4837665187351106,3.3249865104299703,4.886439174951742,22.265524999999133,0.1538982619247997,1062,1062,0,0,True,True,632,31.727873333333022,632,631,466,0,0,165,31.727873333333022,0.7017654403141849,True,valid,0.08352500000037288,0,0.0,False,7.001214454545454,7.001214454545454,True,True,True,False,0.042752307077283724,0.01751415738306918,0.05283915912804593,0.016148160047567004,0.13804126783502468,0.029071124732014075,-0.8331550000007439,-0.03606937712461268,0.0055569188988722484,0.0374603518177734,-0.0009571818181814962,-0.00013669785145092208,-0.0009571818181814962,-0.00013669785145092208
B1c37,B1,37,7C(40%)-3C,7C(40%)-3C,constant_two_step,7.0,40.0,3.0,4.2,648.0,False,647,647.0,646,1,0,0,0,False,-9.680958565244308e-06,99,0.88336319,False,628,20.0,647.0,484.0,484.0,-8.86407185318648e-05,-0.0009210052955183,10.39031847634693,-0.0008323645769864,0.9760106986550644,-0.0002285207832689,-3.5879005624296926e-05,-0.0010213555870566,28.466663701654134,126,126,candidate_knee,464.0,164.0,0.4184886331402793,0.0100392499298322,484.0,candidate_knee,0.0,484.0,candidate_knee,0.0,486.0,candidate_knee,2.0,0.7400318979266348,0.7480680061823802,True,True,True,2017-05-12_batchdata_updated_struct_errorcorrect.mat,647,647,647,True,,459.0,1,459.0,458,True,2.503283674448676,3.320131058848665,4.7568410931702925,22.432396666666804,0.15275126873445466,1075,1075,0,0,True,True,641,31.795521666667387,641,640,475,0,0,165,31.795521666667387,0.7055206359511833,True,valid,0.08354999999961976,0,0.0,False,7.002490636363636,7.002490636363636,509.0,1,509.0,508,True,2.487616907958258,3.330320824676666,4.902798914515264,22.18211333333311,0.15447532778495585,1040,1040,0,0,True,True,593,29.513944999999755,593,592,473,0,0,119,29.513944999999755,0.7515807640535108,True,valid,0.08353666666662374,0,0.0,False,7.00168609090909,7.00168609090909,True,True,True,False,-0.015666766490418205,-0.006258486263594819,0.010189765828001018,0.003069085420843165,0.1459578213449717,0.03068377069701422,-0.25028333333369446,-0.0111572266241886,0.0017240590505011866,0.01128670854772617,-0.0008045454545460018,-0.00011489418498727173,-0.0008045454545460018,-0.00011489418498727173
B1c38,B1,38,7C(40%)-3.6C,7C(40%)-3.6C,constant_two_step,7.0,40.0,3.6,4.754716981132075,617.0,False,616,616.0,615,1,0,0,0,False,-9.43712430426724e-06,99,0.88110942,False,597,20.0,616.0,473.0,473.0,-8.89631186361384e-05,-0.0010806436903994,12.147097662114357,-0.0009916805717633,0.9731555481398284,-0.0002333063408392,-2.597841864018344e-05,-0.0011714706091047,45.09399226066698,120,120,candidate_knee,453.0,144.0,0.4363199786663162,0.0117127706629389,474.0,candidate_knee,1.0,473.0,candidate_knee,0.0,475.0,candidate_knee,2.0,0.7600671140939598,0.7678571428571429,True,True,True,2017-05-12_batchdata_updated_struct_errorcorrect.mat,616,616,616,True,,448.0,1,448.0,447,True,2.64330438628591,3.5069543270470644,5.311670573435797,21.26863166666687,0.16108054975454825,1011,1011,0,0,True,True,588,27.928696666666657,588,587,473,0,0,114,27.928696666666657,0.7615332688278046,True,valid,0.08355333333408144,0,0.0,False,7.020055636363636,7.020055636363636,498.0,1,498.0,497,True,2.692998782937585,3.5651175191426634,5.4578204803946235,20.462681666666562,0.16745523719136785,1009,1009,0,0,True,True,567,27.232451666666627,567,566,446,0,0,120,27.232451666666627,0.7514079862193798,True,valid,0.08354666666673438,0,0.0,False,7.007737636363636,7.007737636363636,True,True,True,False,0.04969439665167519,0.018800103729824495,0.05816319209559895,0.016585101108109863,0.14614990695882657,0.027514866544950486,-0.8059500000003084,-0.03789383410421407,0.006374687436819598,0.03957453240961269,-0.012317999999999607,-0.001754686948090954,-0.012317999999999607,-0.001754686948090954
B1c39,B1,39,7C(40%)-3.6C,7C(40%)-3.6C,constant_two_step,7.0,40.0,3.6,4.754716981132075,625.0,False,624,624.0,623,1,0,0,0,False,-3.2944774273345585e-06,99,0.88011074,False,605,20.0,624.0,470.0,470.0,-8.896442098704228e-05,-0.0010732747571796,12.06408972566708,-0.0009843103361926,0.9770162004825168,-0.0002487525454063,-2.783439506841865e-05,-0.0011711804672131,42.07673507307348,121,121,candidate_knee,450.0,155.0,0.5033215988276035,0.0115682427202727,470.0,candidate_knee,0.0,470.0,candidate_knee,0.0,472.0,candidate_knee,2.0,0.7450331125827815,0.7532051282051282,True,True,True,2017-05-12_batchdata_updated_struct_errorcorrect.mat,624,624,624,True,,445.0,1,445.0,444,True,2.5581586585271525,3.4372679280917247,5.270635087290538,22.184190000000914,0.1544524435435203,1039,1039,0,0,True,True,609,29.994218333333265,609,608,469,0,0,139,29.994218333333265,0.7396155403505587,True,valid,0.08355833333334672,0,0.0,False,7.011285272727273,7.011285272727273,495.0,1,495.0,494,True,2.554478844790641,3.4581044257359994,5.433124050811979,21.793151666666745,0.1572225071958702,1060,1060,0,0,True,True,603,28.497698333333393,603,602,479,0,0,123,28.497698333333393,0.764733748380499,True,valid,0.08354666666661359,0,0.0,False,7.0097108181818175,7.0097108181818175,True,True,True,False,-0.0036798137365114947,-0.0014384618890800657,0.020836497644274754,0.006061935839794309,0.16248896352144104,0.03082910518947942,-0.39103833333416915,-0.01762689254528351,0.0027700636523498856,0.017934735047227403,-0.0015744545454552394,-0.00022456004629844463,-0.0015744545454552394,-0.00022456004629844463
B1c40,B1,40,8C(15%)-3.6C,8C(15%)-3.6C,constant_two_step,8.0,15.0,3.6,4.013937282229966,966.0,False,965,965.0,964,1,0,0,0,False,-8.204863327149238e-06,99,0.88060951,False,946,20.0,965.0,692.0,692.0,-6.854604552238728e-05,-0.0005476100537337,7.988937210898603,-0.0004790640082113,0.9548705359738624,-0.0001655208514063,-3.377280461187892e-05,-0.0006548759410918,19.39062949073179,190,190,candidate_knee,672.0,274.0,0.5888400672762503,0.026574036633292,693.0,candidate_knee,1.0,692.0,candidate_knee,0.0,696.0,candidate_knee,4.0,0.7111111111111111,0.7170984455958549,True,True,True,2017-05-12_batchdata_updated_struct_errorcorrect.mat,965,965,965,True,,667.0,1,667.0,666,True,2.399555445104645,3.0597709755466145,3.604332088666129,23.4636366666673,0.04789582188526474,1079,1079,0,0,True,True,651,31.328321666666305,651,650,518,0,0,132,31.328321666666305,0.7489592617287532,True,valid,0.08352999999963906,0,0.0,False,8.011828363636363,8.011828363636363,717.0,1,717.0,716,True,2.4753563062493127,3.1224803798668703,3.6224948797653145,22.464156666666774,0.05002750963185112,1098,1098,0,0,True,True,637,29.735963333334077,637,636,513,0,0,123,29.735963333334077,0.7554541420046885,True,valid,0.08344833333297474,0,0.0,False,8.003813999999998,8.003813999999998,True,True,True,False,0.07580086114466766,0.03158954351286598,0.06270940432025585,0.020494803310908943,0.018162791099185505,0.005039155841466064,-0.9994800000005242,-0.04259697736542249,0.0021316877465863762,0.044506757848166184,-0.008014363636364763,-0.001000316441218325,-0.008014363636364763,-0.001000316441218325
B1c41,B1,41,8C(15%)-3.6C,8C(15%)-3.6C,constant_two_step,8.0,15.0,3.6,4.013937282229966,1051.0,False,1050,1050.0,1049,1,0,0,0,False,-1.385528756960918e-07,99,0.88106161,False,1031,20.0,1050.0,801.0,801.0,-6.765845469433117e-05,-0.0005822072353269,8.605092119783293,-0.0005145487806325,0.9703987309087748,-0.0001434743544852,-3.1740606769057414e-05,-0.0006308461539138,19.87505023151563,207,207,candidate_knee,781.0,250.0,0.6151830916440079,0.0182102002361261,801.0,candidate_knee,0.0,801.0,candidate_knee,0.0,803.0,candidate_knee,2.0,0.7582524271844661,0.7628571428571429,True,True,True,2017-05-12_batchdata_updated_struct_errorcorrect.mat,1050,1050,1050,True,,776.0,1,776.0,775,True,2.47503636677207,3.118618265051889,3.5999748662709674,22.5471699999997,0.049834698398596625,1042,1042,0,0,True,True,626,29.57830166666681,626,625,508,0,0,117,29.57830166666681,0.7622875124506954,True,valid,0.08340500000000839,0,0.0,False,8.013614272727272,8.013614272727272,826.0,1,826.0,825,True,2.530367453898848,3.1665288794714503,3.624145692776181,21.801528333333167,0.051544659391152714,1077,1077,0,0,True,True,611,29.082811666667112,611,610,486,0,0,124,29.082811666667112,0.7496361969128558,True,valid,0.08340333333374694,0,0.0,False,8.009140727272726,8.009140727272726,True,True,True,False,0.055331087126778034,0.022355666312467385,0.04791061441956135,0.015362769774185296,0.024170826505213405,0.006714165349229437,-0.7456416666665326,-0.03307029958378557,0.0017099609925560894,0.034312658599419614,-0.004473545454546368,-0.0005582431724685305,-0.004473545454546368,-0.0005582431724685305
B1c42,B1,42,8C(25%)-3.6C,8C(25%)-3.6C,constant_two_step,8.0,25.0,3.6,4.347169811320755,702.0,False,701,701.0,700,1,0,0,0,False,2.11359802102667e-06,99,0.88035142,False,682,20.0,701.0,495.0,495.0,-7.740701356022717e-05,-0.0007994060063714,10.327307172875694,-0.0007219989928111,0.9808951997930636,-0.0002358993078005,-2.4959002277521704e-05,-0.0009006495312412,36.08515762075883,137,137,candidate_knee,475.0,207.0,0.5286754600811951,0.0101002390391613,496.0,candidate_knee,1.0,495.0,candidate_knee,0.0,497.0,candidate_knee,2.0,0.697503671071953,0.7061340941512125,True,True,True,2017-05-12_batchdata_updated_struct_errorcorrect.mat,701,701,701,True,,470.0,1,470.0,469,True,2.45743951285746,3.2656300646537204,4.625330759817152,23.129443333332894,0.0810177856686958,1075,1075,0,0,True,True,627,30.47174833333411,627,626,498,0,0,128,30.47174833333411,0.7590454961860783,True,valid,0.08356333333358634,0,0.0,False,8.009570727272726,8.009570727272726,520.0,1,520.0,519,True,2.4717232899712265,3.294591275641406,4.744915651346285,22.58012000000017,0.0829896622208489,1064,1064,0,0,True,True,629,29.98442833333344,629,628,514,0,0,114,29.98442833333344,0.7530615474465471,True,valid,0.08353333333313273,0,0.0,False,8.008956909090907,8.008956909090907,True,True,True,False,0.014283777113766494,0.00581246335424859,0.02896121098768578,0.00886849104592524,0.11958489152913288,0.025854343773213807,-0.5493233333327225,-0.0237499591069305,0.0019718765521530984,0.024338810742330685,-0.000613818181818715,-7.663559043540917e-05,-0.000613818181818715,-7.663559043540917e-05
B1c43,B1,43,8C(25%)-3.6C,8C(25%)-3.6C,constant_two_step,8.0,25.0,3.6,4.347169811320755,651.0,False,650,650.0,649,1,0,0,0,False,-2.401481014223877e-05,99,0.88044435,False,631,20.0,650.0,488.0,488.0,-8.316767891752883e-05,-0.000919386616518,11.054614346394398,-0.0008362189376005,0.9834013078764918,-0.0002209779823574,-4.198308316929111e-05,-0.0009952116921224,23.705064444872047,127,127,candidate_knee,468.0,163.0,0.4162838167076946,0.0069097669095299,489.0,candidate_knee,1.0,488.0,candidate_knee,0.0,490.0,candidate_knee,2.0,0.7428571428571429,0.7507692307692307,True,True,True,2017-05-12_batchdata_updated_struct_errorcorrect.mat,650,650,650,True,,463.0,1,463.0,462,True,2.501724536626973,3.314213115698625,4.725382919107345,22.37937499999922,0.08373115132281289,1029,1029,0,0,True,True,597,29.543813333333432,597,596,479,0,0,117,29.543813333333432,0.7574978472650048,True,valid,0.08356333333358634,0,0.0,False,8.010583363636362,8.010583363636362,513.0,1,513.0,512,True,2.5232403175571836,3.3476694373664833,4.840148961731551,21.76352333333319,0.08609606545276849,1026,1026,0,0,True,True,579,28.583666666666733,579,578,465,0,0,113,28.583666666666733,0.7613971848724728,True,valid,0.08356500000008982,0,0.0,False,8.005877363636364,8.005877363636364,True,True,True,False,0.02151578093021067,0.008600379704161987,0.03345632166785828,0.010094800937629444,0.11476604262420675,0.024287141293913763,-0.6158516666660319,-0.027518716079696297,0.0023649141299555976,0.028244137248728683,-0.004705999999998767,-0.0005874728201895277,-0.004705999999998767,-0.0005874728201895277
B1c44,B1,44,8C(35%)-3.6C,8C(35%)-3.6C,constant_two_step,8.0,35.0,3.6,4.7407407407407405,616.0,False,615,615.0,614,1,0,0,0,False,-3.361546072974662e-05,99,0.88048309,False,596,20.0,615.0,429.0,429.0,-9.61662500719012e-05,-0.0008941073884522,9.29751745319976,-0.0007979411383803,0.9775795464067316,-0.0002816664106955,-4.599388325578187e-05,-0.0010026192638551,21.79896962122871,120,120,candidate_knee,409.0,187.0,0.4568035990045932,0.0102417438927204,429.0,candidate_knee,0.0,429.0,candidate_knee,0.0,431.0,candidate_knee,2.0,0.6873949579831933,0.697560975609756,True,True,True,2017-05-12_batchdata_updated_struct_errorcorrect.mat,615,615,615,True,,404.0,1,404.0,403,True,4.326830326772206,5.293150942785728,9.295986226437766,15.587066666666457,0.5043939728982947,805,805,0,0,True,True,358,30.593563333333197,358,357,231,0,0,126,30.593563333333197,0.5094884337871025,True,valid,8.022081666666782,1,0.5146626904356747,True,8.004129545454544,8.004129545454544,454.0,1,454.0,453,True,2.4366175292423926,3.2966512159137693,4.930804255574431,22.866399999999945,0.08634249825644705,1058,1058,0,0,True,True,622,30.810703333333368,622,621,484,0,0,137,30.810703333333368,0.742157676590957,True,valid,0.08359666666656373,0,0.0,False,8.00936609090909,8.00936609090909,True,True,True,True,-1.8902127975298133,-0.43685854419438325,-1.996499726871959,-0.3771854890314582,-4.365181970863334,-0.46957706955812456,7.279333333333488,0.4670111117764462,-0.41805147464184766,-0.8288193299370431,0.005236545454545549,0.0006542304725089469,0.005236545454545549,0.0006542304725089469
B1c45,B1,45,8C(35%)-3.6C,8C(35%)-3.6C,constant_two_step,8.0,35.0,3.6,4.7407407407407405,599.0,False,598,598.0,597,1,0,0,0,False,-1.2920053184909944e-05,99,0.88104212,False,579,20.0,598.0,429.0,429.0,-9.434457413232927e-05,-0.0009864387750409,10.455702239509115,-0.0008920942009085,0.9775396558093168,-0.0002789392275137,-3.278334140622006e-05,-0.0011131358701034,33.95431406184275,116,116,candidate_knee,409.0,170.0,0.4675224709795961,0.0105007156150804,430.0,candidate_knee,1.0,429.0,candidate_knee,0.0,432.0,candidate_knee,3.0,0.7076124567474048,0.717391304347826,True,True,True,2017-05-12_batchdata_updated_struct_errorcorrect.mat,598,598,598,True,,404.0,1,404.0,403,True,2.525185314927421,3.430649065768018,5.3927921377298755,22.558663333333485,0.10683038767464628,1036,1036,0,0,True,True,602,29.48325833333365,602,601,481,0,0,120,29.48325833333365,0.7651346767134198,True,valid,0.08356333333310051,0,0.0,False,8.003276454545453,8.003276454545453,454.0,1,454.0,453,True,3.2848935005306026,4.384962941090297,8.437374684907072,22.478781666666812,0.3382851768008763,928,928,0,0,True,True,476,29.69900666666605,476,475,355,0,0,120,29.69900666666605,0.7568866500810222,True,valid,8.221418333333958,1,0.3657412779414678,True,8.008235545454545,8.008235545454545,True,True,True,True,0.7597081856031815,0.3008524487736525,0.9543138753222791,0.2781729803974098,3.044582547177196,0.5645651583483485,-0.0798816666666724,-0.0035410638248515552,0.23145478912623,2.166563223856581,0.004959090909091302,0.0006196325888848674,0.004959090909091302,0.0006196325888848674
B2c0,B2,0,5.2C(58%)-4C,5.2C(58%)-4C,constant_two_step,5.2,58.0,4.0,4.803695150115473,477.0,False,496,496.0,496,0,0,0,0,False,1.3737568336425482e-05,99,0.82661337,False,477,20.0,496.0,379.0,379.0,-0.0001207538545355,-0.0019732933637592,16.341452381361908,-0.0018525395092236,0.94496881387989,-0.000402600778468,2.319578133478089e-06,-0.002186633541271,,96,96,candidate_knee,359.0,118.0,0.8407217624022866,0.0462659157819871,379.0,candidate_knee,0.0,369.0,candidate_knee,-10.0,382.0,candidate_knee,3.0,0.7542016806722689,0.7641129032258065,True,True,True,2018-02-20_batchdata_updated_struct_errorcorrect.mat,496,496,496,True,,354.0,1,354.0,353,True,2.4988825283980227,3.2483384204875314,4.307288603282535,22.82628333333026,0.2920348859082102,1007,1007,0,0,True,True,581,38.25633499999919,581,580,390,0,0,190,38.25633499999919,0.5966667568477415,True,valid,0.08388833333350121,0,0.0,False,5.207224727272727,5.207224727272727,404.0,1,404.0,403,True,2.4620907575476685,3.2361480351883105,4.4107632072515095,22.549941666664864,0.29599809453641207,1074,1074,0,0,True,True,635,36.49636666666871,635,634,462,0,0,172,36.49636666666871,0.6178681256854865,True,valid,0.08386833333254984,0,0.0,False,5.2070895454545445,5.2070895454545445,True,True,True,False,-0.03679177085035423,-0.014723289483295803,-0.012190385299220896,-0.003752806426305571,0.10347460396897468,0.024023141586128657,-0.2763416666653953,-0.012106292672793095,0.003963208628201875,0.013571010928631163,-0.00013518181818206187,-2.5960434830870663e-05,-0.00013518181818206187,-2.5960434830870663e-05
B2c1,B2,1,5.6C(26%)-4.5C,5.6C(26%)-4.5C,constant_two_step,5.6,26.0,4.5,4.8068669527897,491.0,False,513,513.0,513,0,0,0,0,False,-3.290422139764944e-05,99,0.82848173,False,494,20.0,513.0,382.0,382.0,-0.0002028578082267,-0.0014952319395609,7.370837497612092,-0.0012923741313342,0.904953849501627,-0.0004288316253738,-4.562984539270265e-05,-0.0017847732040816,39.11416286251678,99,99,candidate_knee,362.0,132.0,0.5527780357608395,0.0525394243791197,383.0,candidate_knee,1.0,356.0,candidate_knee,-26.0,387.0,candidate_knee,5.0,0.7342799188640974,0.7446393762183235,True,False,True,2018-02-20_batchdata_updated_struct_errorcorrect.mat,513,513,513,True,,357.0,1,357.0,356,True,2.954066935766907,3.5583051670148373,3.9350242006132063,19.443348333336566,0.14003966564799605,1224,1224,0,0,True,True,808,31.97256000000052,808,807,651,0,0,156,31.97256000000052,0.6081261035505524,True,valid,0.08381499999668485,0,0.0,False,5.6049,5.6049,407.0,1,407.0,406,True,2.7417569497764096,3.4046734666168605,4.0745702426376305,20.239538333332167,0.13460288872152307,1222,1222,0,0,True,True,796,32.04064500000095,796,795,649,0,0,146,32.04064500000095,0.6316832365057434,True,valid,0.08383000000224783,0,0.0,False,5.605427090909091,5.605427090909091,True,True,True,False,-0.21230998599049755,-0.07187040463434172,-0.1536317003979768,-0.04317552688345243,0.1395460420244241,0.03546256259432362,0.796189999995601,0.04094922265166101,-0.005436776926472986,-0.038823121301495234,0.000527090909090866,9.404109066903352e-05,0.000527090909090866,9.404109066903352e-05
B2c2,B2,2,5.2C(50%)-4.25C,5.2C(50%)-4.25C,constant_two_step,5.2,50.0,4.25,4.797829036635006,424.0,False,439,439.0,438,0,0,0,1,False,-1.076430778381868e-05,98,0.82700932,False,419,20.0,439.0,357.0,357.0,-0.0001549606126921,-0.0022834844004838,14.735901987045066,-0.0021285237877917,0.90501320499186,-0.0003697220210732,-1.9494509743723773e-05,-0.0022496408730889,115.39868930601152,83,84,candidate_knee,336.0,83.0,0.485667614851049,0.0461320101739488,358.0,candidate_knee,1.0,336.0,candidate_knee,-21.0,360.0,candidate_knee,3.0,0.8042959427207638,0.8132118451025057,True,False,True,2018-02-20_batchdata_updated_struct_errorcorrect.mat,439,439,439,True,,332.0,1,332.0,331,True,2.618656838914637,3.3555195189319647,4.402147601939006,21.113846666664664,0.2739825733549911,977,977,0,0,True,True,568,35.94001500000013,568,567,386,0,0,181,35.94001500000013,0.5874746203268025,True,valid,0.08381333333672991,0,0.0,False,5.203344181818181,5.203344181818181,382.0,1,382.0,381,True,2.492467047426423,3.275632635089758,4.51737717755848,21.449771666666493,0.26971705805716106,1093,1093,0,0,True,True,648,33.86681999999952,648,647,495,0,0,152,33.86681999999952,0.6333565320472012,True,valid,0.0838683333364294,0,0.0,False,5.203649363636363,5.203649363636363,True,True,True,False,-0.12618979148821374,-0.048188746846461954,-0.07988688384220666,-0.02380760516858326,0.11522957561947411,0.026175763749656907,0.33592500000182923,0.015910175218436167,-0.004265515297830036,-0.015568564254279538,0.0003051818181818433,5.86510919743166e-05,0.0003051818181818433,5.86510919743166e-05
B2c3,B2,3,4.65C(44%)-5C,4.65C(44%)-5C,constant_two_step,4.65,44.0,5.0,4.80123902942695,499.0,False,517,517.0,517,0,0,0,0,False,7.592857884972138e-05,99,0.82550967,False,498,20.0,517.0,396.0,396.0,-0.0001712996565581,-0.0016453010987394,9.60481259447561,-0.0014740014421812,0.9297410059490836,-0.0003917009515899,2.2765504350434944e-05,-0.001793902950225,,100,100,candidate_knee,376.0,122.0,0.603738781882714,0.0424180794846051,397.0,candidate_knee,1.0,384.0,candidate_knee,-12.0,401.0,candidate_knee,5.0,0.7565392354124748,0.7659574468085106,True,True,True,2018-02-20_batchdata_updated_struct_errorcorrect.mat,517,517,517,True,,371.0,1,371.0,370,True,2.560980012713614,3.251588376851865,4.014208346959524,22.001981666664747,0.10699476821632643,1070,1070,0,0,True,True,653,36.935073333334486,653,652,468,0,0,184,36.935073333334486,0.5956934610119647,True,valid,0.08379666666733243,0,0.0,False,5.007199363636364,5.007199363636364,421.0,1,421.0,420,True,2.465561757827104,3.1748303241795743,4.0005528056707025,22.24351499999951,0.06383184046248776,1129,1129,0,0,True,True,703,35.99442833333354,703,702,533,0,0,169,35.99442833333354,0.6179710591319587,True,valid,0.08390500000289958,0,0.0,False,5.003728,5.003728,True,True,True,False,-0.09541825488651012,-0.03725849261330429,-0.07675805267229086,-0.0236063252097754,-0.013655541288821738,-0.0034018018270438885,0.24153333333476112,0.010977799045288218,-0.043162927753838676,-0.4034115730459838,-0.003471363636363911,-0.0006932745002273912,-0.003471363636363911,-0.0006932745002273912
B2c4,B2,4,4.65C(69%)-6C,4.65C(69%)-6C,constant_two_step,4.65,69.0,6.0,4.798452112221864,444.0,False,464,464.0,464,0,0,0,0,False,-6.742782807668557e-05,99,0.82712674,False,445,20.0,464.0,342.0,342.0,-0.0001913253721162,-0.0015090423679491,7.887309201374349,-0.0013177169958328,0.9121383749795774,-0.0004359137110966,-7.36827613210768e-05,-0.0018388245812053,24.955967287823672,89,89,candidate_knee,322.0,123.0,0.4439988665572058,0.0390104619229418,343.0,candidate_knee,1.0,319.0,candidate_knee,-23.0,346.0,candidate_knee,4.0,0.7252252252252253,0.7370689655172413,True,False,True,2018-02-20_batchdata_updated_struct_errorcorrect.mat,464,464,464,True,,317.0,1,317.0,316,True,2.5493205887526735,3.208691183245936,3.796663645201929,21.824354999997496,0.0,1083,1083,0,0,True,True,669,37.74281333333347,669,668,472,0,0,196,37.74281333333347,0.5782386916219304,True,valid,0.08385500000246537,0,0.0,False,4.674644909090908,4.674644909090908,367.0,1,367.0,366,True,2.510689798417115,3.1675272820708273,3.72966581878723,21.459800000003696,0.0,1133,1133,0,0,True,True,711,35.77125666666543,711,710,533,0,0,177,35.77125666666543,0.5999174197310682,True,valid,0.08384500000004991,0,0.0,False,4.649644363636363,4.649644363636363,True,True,True,False,-0.03863079033555872,-0.015153366942546804,-0.04116390117510882,-0.01282887595728895,-0.06699782641469909,-0.01764650036865084,-0.3645549999937998,-0.01670404463242289,0.0,,-0.025000545454544998,-0.0053481164753125445,-0.025000545454544998,-0.0053481164753125445
B2c5,B2,5,3.6C(30%)-6C,3.6C(30%)-6C,constant_two_step,3.6,30.0,6.0,4.800000000000001,416.0,False,445,445.0,444,0,0,0,1,False,-0.0001990080473249,98,0.8261537,False,425,20.0,445.0,301.0,301.0,-0.0003063524740552,-0.001211272942347,3.953853958850349,-0.0009049204682917,0.906409443471478,-0.0005487184972994,-0.0001942768386985,-0.0015104952249162,7.774962960251346,85,86,candidate_knee,280.0,145.0,0.2616147428752784,0.0244846693817635,301.0,candidate_knee,0.0,246.0,candidate_knee,-55.0,310.0,candidate_knee,9.0,0.6611764705882353,0.6764044943820224,True,False,True,2018-02-20_batchdata_updated_struct_errorcorrect.mat,445,445,445,True,,276.0,1,276.0,275,True,2.5734520986870324,3.2613716173043126,4.013889121921456,21.43102166666261,0.16338345953930128,1169,1169,0,0,True,True,759,36.75840999999782,759,758,568,0,0,190,36.75840999999782,0.5830236309640128,True,valid,0.08373999999991355,0,0.0,False,6.007163272727273,6.007163272727273,326.0,1,326.0,325,True,2.5519188027974185,3.1990500679491323,3.7216317611743372,21.174265000002922,0.13605424647001146,1203,1203,0,0,True,True,790,34.62610166666563,790,789,623,0,0,166,34.62610166666563,0.6115116626133884,True,valid,0.08377000000327817,0,0.0,False,6.008640636363635,6.008640636363635,True,True,True,False,-0.021533295889613946,-0.008367474918456873,-0.062321549355180306,-0.019108999730209277,-0.2922573607471186,-0.07281151817348021,-0.25675666665968677,-0.011980607861504287,-0.027329213069289815,-0.16727037820322244,0.0014773636363623055,0.00024593365774983793,0.0014773636363623055,0.00024593365774983793
B2c6,B2,6,3.6C(9%)-5C,3.6C(9%)-5C,constant_two_step,3.6,9.0,5.0,4.790419161676646,393.0,False,409,409.0,409,0,0,0,0,False,6.243813358070501e-05,99,0.82940364,False,390,20.0,409.0,291.0,291.0,-0.0001712268535805,-0.0016723360704664,9.76678619910176,-0.0015011092168858,0.925832861388764,-0.0005027638039025,6.224695304695238e-05,-0.0021023203494606,,78,78,candidate_knee,271.0,119.0,0.4554547576141154,0.0337797761391129,293.0,candidate_knee,2.0,275.0,candidate_knee,-16.0,299.0,candidate_knee,8.0,0.6966580976863753,0.7114914425427873,True,True,True,2018-02-20_batchdata_updated_struct_errorcorrect.mat,409,409,409,True,,266.0,1,266.0,265,True,2.532395991140263,3.2506669642837527,4.153806256742473,22.33071166666923,0.0,1056,1056,0,0,True,True,641,38.020234999999715,641,640,447,0,0,193,38.020234999999715,0.587337549772362,True,valid,0.08381833333211652,0,0.0,False,4.999715636363637,4.999715636363637,316.0,1,316.0,315,True,2.516128433262535,3.2294366217541386,4.098358601254606,21.914888333335206,0.0,1110,1110,0,0,True,True,689,36.305870000001356,689,688,511,0,0,177,36.305870000001356,0.6036183221427937,True,valid,0.0837783333340969,0,0.0,False,4.999798818181818,4.999798818181818,True,True,True,False,-0.016267557877728045,-0.006423781246945998,-0.021230342529614088,-0.006531072780718387,-0.055447655487866676,-0.01334863786626154,-0.4158233333340249,-0.018621141123535342,0.0,,8.318181818101067e-05,1.663730984538752e-05,8.318181818101067e-05,1.663730984538752e-05
B2c7,B2,7,4.8C(80%)-4.8C-newstructure,4.8C(80%)-4.8C,constant_two_step,4.8,80.0,4.8,4.8,777.0,False,806,806.0,806,0,0,0,0,False,5.346993939393924e-05,99,0.8264814,False,787,20.0,806.0,625.0,625.0,-0.0001059953335705,-0.001038473143663,9.797347757500114,-0.0009324778100924,0.9313582589744356,-0.0002319054010483,1.7455233593819968e-05,-0.0011412660159973,,158,158,candidate_knee,605.0,182.0,0.8473975290467857,0.0581668417345326,626.0,candidate_knee,1.0,593.0,candidate_knee,-32.0,631.0,candidate_knee,6.0,0.7697201017811705,0.7754342431761787,True,True,True,2018-02-20_batchdata_updated_struct_errorcorrect.mat,806,806,806,True,,600.0,1,600.0,599,True,2.7265339389390792,3.3940321255977848,4.085466749403166,20.332676666668462,0.0,769,769,0,0,True,True,439,22.76493166666866,439,438,399,0,0,39,22.76493166666866,0.8931578167853063,True,valid,0.08384333333233407,0,0.0,False,4.804358090909091,4.804358090909091,650.0,1,650.0,649,True,2.8168657609784855,3.4600037193243147,4.036893022365188,19.339183333333736,0.0,778,778,0,0,True,True,451,21.651428333332298,451,450,410,0,0,40,21.651428333332298,0.8932058908816252,True,valid,0.08373833333219771,0,0.0,False,4.804219363636363,4.804219363636363,True,True,True,False,0.09033182203940626,0.03313064280966011,0.06597159372652994,0.019437527779708474,-0.048573727037977577,-0.011889394778472638,-0.993493333334726,-0.048861905868171726,0.0,,-0.000138727272728012,-2.8875298240261216e-05,-0.000138727272728012,-2.8875298240261216e-05
B2c8,B2,8,5.2C(58%)-4C-newstructure,5.2C(58%)-4C,constant_two_step,5.2,58.0,4.0,4.803695150115473,904.0,False,947,947.0,946,0,0,0,1,False,-2.2835683305573847e-05,98,0.8255862,False,927,20.0,947.0,713.0,713.0,-4.152696127849324e-05,-0.0009914327372291,23.87443498647282,-0.0009499057759506,0.9706674333550266,-0.0001930558700709,1.5879378168911264e-05,-0.0010936794353789,,185,186,candidate_knee,692.0,235.0,1.666359902456079,0.0488786128933043,713.0,candidate_knee,0.0,699.0,candidate_knee,-14.0,715.0,candidate_knee,2.0,0.7475728155339806,0.7529039070749736,True,True,True,2018-02-20_batchdata_updated_struct_errorcorrect.mat,947,947,947,True,,688.0,1,688.0,687,True,2.6372551063172995,3.3585232790170947,4.324564119903066,21.36310166666905,0.31204989265018507,733,733,0,0,True,True,398,23.93110333333413,398,397,354,0,0,43,23.93110333333413,0.892691881736683,True,valid,0.08365666666844263,0,0.0,False,5.203670181818181,5.203670181818181,738.0,1,738.0,737,True,2.7087741834792034,3.422731209874433,4.377631357965075,20.462836666661318,0.3257508626275593,746,746,0,0,True,True,408,23.16577666666514,408,407,360,0,0,47,23.16577666666514,0.883321848479474,True,valid,0.08363166667210642,0,0.0,False,5.202425181818181,5.202425181818181,True,True,True,False,0.07151907716190387,0.02711875578156492,0.06420793085733845,0.019117905556435368,0.053067238062009636,0.012271118334857554,-0.9002650000077317,-0.04214111855360101,0.013700969977374244,0.043906344145848944,-0.0012449999999999406,-0.0002392542102975737,-0.0012449999999999406,-0.0002392542102975737
B2c9,B2,9,5.6C(26%)-4.5C-newstructure,5.6C(26%)-4.5C,constant_two_step,5.6,26.0,4.5,4.8068669527897,791.0,False,819,819.0,819,0,0,0,0,False,-3.178960420531827e-05,99,0.82610458,False,800,20.0,819.0,637.0,637.0,-6.282363368197952e-05,-0.0011824485225112,18.821714905841937,-0.0011196248888292,0.942615954474294,-0.0002110379492978,1.2559299191374503e-05,-0.0012957284897163,,160,160,candidate_knee,617.0,183.0,1.2391349392241129,0.0711065757649294,638.0,candidate_knee,1.0,612.0,candidate_knee,-25.0,640.0,candidate_knee,3.0,0.772215269086358,0.7777777777777778,True,True,True,2018-02-20_batchdata_updated_struct_errorcorrect.mat,819,819,819,True,,612.0,1,612.0,611,True,2.6084856621647488,3.328135435700857,4.272288028648665,21.58343333333032,0.12619147984322682,762,762,0,0,True,True,426,24.20649333333131,426,425,382,0,0,43,24.20649333333131,0.8916381665084406,True,valid,0.08373999999991355,0,0.0,False,5.603623818181818,5.603623818181818,662.0,1,662.0,661,True,2.6636793370092464,3.376896772306273,4.308244200402505,20.749085000002136,0.1312470847819065,782,782,0,0,True,True,444,23.29373833332987,444,443,400,0,0,43,23.29373833332987,0.8907580527902336,True,valid,0.08381166666901363,0,0.0,False,5.604390272727272,5.604390272727272,True,True,True,False,0.055193674844497664,0.021159278597948337,0.04876133660541626,0.01465124768732491,0.03595617175384014,0.008416139434590781,-0.8343483333281831,-0.03865688653156663,0.005055604938679681,0.040062965779943935,0.0007664545454542093,0.00013677837241096196,0.0007664545454542093,0.00013677837241096196
B2c10,B2,10,4.8C(80%)-4.8C,4.8C(80%)-4.8C,constant_two_step,4.8,80.0,4.8,4.8,492.0,False,519,519.0,518,0,0,0,1,False,4.889580101079108e-05,98,0.82791102,False,499,20.0,519.0,365.0,365.0,-0.0001147295719644,-0.0015696821096436,13.68158254900999,-0.0014549525376792,0.9500111279168656,-0.0004464721291117,6.526797530051062e-05,-0.001874520960336,,99,100,candidate_knee,344.0,155.0,0.9021910646490896,0.0450995137252903,365.0,candidate_knee,0.0,349.0,candidate_knee,-16.0,370.0,candidate_knee,5.0,0.6913827655310621,0.7032755298651252,True,True,True,2018-02-20_batchdata_updated_struct_errorcorrect.mat,519,519,519,True,,340.0,1,340.0,339,True,2.436254818929107,3.154383450232719,4.014797408346776,23.63652000000002,0.0,1043,1043,0,0,True,True,601,37.06121666666586,601,600,436,0,0,164,37.06121666666586,0.6377696720696038,True,valid,0.0838833333342337,0,0.0,False,4.804073636363636,4.804073636363636,390.0,1,390.0,389,True,2.413221372575998,3.132093576734155,3.9863727803617675,23.33242333333086,0.0,1097,1097,0,0,True,True,639,35.558958333331006,639,638,488,0,0,150,35.558958333331006,0.6561616095334359,True,valid,0.08381833333211652,0,0.0,False,4.802911909090908,4.802911909090908,True,True,True,False,-0.023033446353109,-0.009454448760509257,-0.022289873498563928,-0.007066317031595972,-0.028424627985008222,-0.007079965710327833,-0.30409666666916024,-0.012865543094717834,0.0,,-0.0011617272727280081,-0.00024182128765356693,-0.0011617272727280081,-0.00024182128765356693
B2c11,B2,11,5.2C(50%)-4.25C,5.2C(50%)-4.25C,constant_two_step,5.2,50.0,4.25,4.797829036635006,449.0,False,468,468.0,467,0,0,0,1,False,0.0001077953190229,98,0.82524824,False,448,20.0,468.0,351.0,351.0,-6.232995879441451e-05,-0.0021155253379716,33.94074661511327,-0.0020531953791772,0.9600693251807026,-0.0004115484732555,0.0001165015766341,-0.0024110803535415,,89,90,candidate_knee,330.0,118.0,0.9541057608210264,0.0380980868785627,352.0,candidate_knee,1.0,343.0,candidate_knee,-8.0,354.0,candidate_knee,3.0,0.7388392857142857,0.75,True,True,True,2018-02-20_batchdata_updated_struct_errorcorrect.mat,468,468,468,True,,326.0,1,326.0,325,True,2.41584990408358,3.1756139948346362,4.248193485128955,23.765369999998555,0.24339116458110274,1036,1036,0,0,True,True,594,39.03375333333388,594,593,405,0,0,188,39.03375333333388,0.608841527409651,True,valid,0.08380333333431444,0,0.0,False,5.205650363636363,5.205650363636363,376.0,1,376.0,375,True,2.3249856694172446,3.116639351478932,4.307882484191463,24.060811666666993,0.24049533749798466,1131,1131,0,0,True,True,669,39.19239166666521,669,668,481,0,0,187,39.19239166666521,0.6139153709042904,True,valid,0.08385500000246537,0,0.0,False,5.204648090909091,5.204648090909091,True,True,True,False,-0.09086423466633553,-0.03761170531031134,-0.05897464335570435,-0.018571099463483544,0.0596889990625078,0.014050442681448611,0.2954416666684381,0.012431603912266295,-0.0028958270831180855,-0.011897831575365747,-0.0010022727272724907,-0.00019253554450636626,-0.0010022727272724907,-0.00019253554450636626
B2c12,B2,12,4.65C(44%)-5C,4.65C(44%)-5C,constant_two_step,4.65,44.0,5.0,4.80123902942695,466.0,False,493,493.0,493,0,0,0,0,False,3.124443661100793e-05,99,0.82528538,False,474,20.0,493.0,336.0,336.0,-0.0001807531515032,-0.0013664419580687,7.559713049010605,-0.0011856888065655,0.9308112698969774,-0.0004864859194158,3.7668215285554e-05,-0.0017334844486982,,95,95,candidate_knee,316.0,158.0,0.5855842010757526,0.0405158272408243,337.0,candidate_knee,1.0,313.0,candidate_knee,-23.0,344.0,candidate_knee,8.0,0.6680761099365751,0.6815415821501014,True,True,True,2018-02-20_batchdata_updated_struct_errorcorrect.mat,493,493,493,True,,311.0,1,311.0,310,True,2.451758495247911,3.159014836833046,3.968255020311015,23.14373833333375,0.06691991520697808,1107,1107,0,0,True,True,676,38.51342000000101,676,675,486,0,0,189,38.51342000000101,0.600926594764452,True,valid,0.08372999999749808,0,0.0,False,5.0012727272727275,5.0012727272727275,361.0,1,361.0,360,True,2.4651982078571617,3.1458083166065145,3.8189077608085507,22.526706666666243,0.027905332351010993,1154,1154,0,0,True,True,717,37.09073833333483,717,716,538,0,0,178,37.09073833333483,0.6073404757872034,True,valid,0.08382666666681615,0,0.0,False,5.001154818181818,5.001154818181818,True,True,True,False,0.013439712609250698,0.005481662502770989,-0.01320652022653146,-0.004180581892983817,-0.14934725950246452,-0.03763549941675858,-0.6170316666675077,-0.026660846998032367,-0.039014582855967095,-0.5830040688978465,-0.00011790909090958479,-2.3575817064845904e-05,-0.00011790909090958479,-2.3575817064845904e-05
B2c13,B2,13,4.65C(69%)-6C,4.65C(69%)-6C,constant_two_step,4.65,69.0,6.0,4.798452112221864,460.0,False,483,483.0,483,0,0,0,0,False,-1.14459443413729e-05,99,0.82574999,False,464,20.0,483.0,353.0,353.0,-0.0001440684926182,-0.001641501104345,11.39389379671728,-0.0014974326117268,0.9501128707875904,-0.0004327856649081,1.0981640356897549e-05,-0.001935170601295,,93,93,candidate_knee,333.0,131.0,0.6491803653748168,0.0323857447696127,353.0,candidate_knee,0.0,336.0,candidate_knee,-17.0,357.0,candidate_knee,4.0,0.7192224622030238,0.7308488612836439,True,True,True,2018-02-20_batchdata_updated_struct_errorcorrect.mat,483,483,483,True,,328.0,1,328.0,327,True,2.465167133430111,3.1468975355553477,3.825915103540291,22.83610999999801,0.0,1085,1085,0,0,True,True,652,39.750643333330906,652,651,443,0,0,208,39.750643333330906,0.5744840356042725,True,valid,0.08390666666673496,0,0.0,False,4.653344545454545,4.653344545454545,378.0,1,378.0,377,True,2.3999293614278283,3.0844952399190233,3.7544499452397293,22.89803666666849,0.0,1145,1145,0,0,True,True,703,38.00203500000062,703,702,516,0,0,186,38.00203500000062,0.6025476442687376,True,valid,0.0838033333304331,0,0.0,False,4.653639363636364,4.653639363636364,True,True,True,False,-0.06523777200228276,-0.026463833270204632,-0.06240229563632438,-0.019829783121715766,-0.07146515830056188,-0.018679232645395595,0.0619266666704803,0.002711787019351619,0.0,,0.0002948181818185347,6.335619014210271e-05,0.0002948181818185347,6.335619014210271e-05
B2c14,B2,14,3.6C(30%)-6C,3.6C(30%)-6C,constant_two_step,3.6,30.0,6.0,4.800000000000001,426.0,False,461,461.0,461,0,0,0,0,False,-0.000101657056277,99,0.82618046,False,442,20.0,461.0,336.0,336.0,-0.0002239803242339,-0.0015545939700381,6.9407613162223285,-0.0013306136458041,0.9614752409415126,-0.0004848817246798,-8.523567926455586e-05,-0.0017188494705481,20.165844695308714,89,89,candidate_knee,316.0,126.0,0.4454844449347666,0.0171621809054158,336.0,candidate_knee,0.0,326.0,candidate_knee,-10.0,339.0,candidate_knee,3.0,0.7165532879818595,0.7288503253796096,True,True,True,2018-02-20_batchdata_updated_struct_errorcorrect.mat,461,461,461,True,,311.0,1,311.0,310,True,2.4776513035340324,3.1771678700799724,3.955639692764618,22.533039999997712,0.14860303681471243,1173,1173,0,0,True,True,750,36.8617366666634,750,749,574,0,0,175,36.8617366666634,0.6112853608543053,True,valid,0.08404666666950433,0,0.0,False,6.001489818181818,6.001489818181818,361.0,1,361.0,360,True,2.318828389136372,3.0138661735128296,3.7064242135800853,23.524416666668063,0.11240104893911995,1261,1261,0,0,True,True,817,36.61258833333462,817,816,655,0,0,161,36.61258833333462,0.6425226332673621,True,valid,0.08382333333526448,0,0.0,False,6.002540545454545,6.002540545454545,True,True,True,False,-0.1588229143976605,-0.064102206057455,-0.16330169656714277,-0.051398510637410015,-0.24921547918453246,-0.06300257317176287,0.9913766666703516,0.04399657865385462,-0.03620198787559248,-0.24361539744797667,0.0010507272727275918,0.00017507773978793736,0.0010507272727275918,0.00017507773978793736
B2c15,B2,15,3.6C(9%)-5C,3.6C(9%)-5C,constant_two_step,3.6,9.0,5.0,4.790419161676646,396.0,False,414,414.0,414,0,0,0,0,False,9.204142609771162e-05,99,0.82608759,False,395,20.0,414.0,306.0,306.0,-0.0001902076191724,-0.0016772650238648,8.818074855055412,-0.0014870574046923,0.9189497413572428,-0.0004651646575161,9.302043573515109e-05,-0.0020423266512901,,79,79,candidate_knee,286.0,109.0,0.3909461816197344,0.0316862891356777,307.0,candidate_knee,1.0,281.0,candidate_knee,-25.0,315.0,candidate_knee,9.0,0.7258883248730964,0.7391304347826086,True,False,True,2018-02-20_batchdata_updated_struct_errorcorrect.mat,414,414,414,True,,281.0,1,281.0,280,True,2.5306956454111154,3.2442921565583065,4.121011147402966,21.95051333333055,0.2605733977464929,1084,1084,0,0,True,True,668,37.23934333333357,668,667,479,0,0,188,37.23934333333357,0.589444156865201,True,valid,0.08379833333504694,0,0.0,False,5.00209809090909,5.00209809090909,331.0,1,331.0,330,True,2.5197022140763985,3.213107608130413,3.975161253804039,21.504568333333978,0.2270753943809699,1140,1140,0,0,True,True,719,35.60074333333566,719,718,546,0,0,172,35.60074333333566,0.6040482956207723,True,valid,0.08376999999939772,0,0.0,False,5.0047891818181816,5.0047891818181816,True,True,True,False,-0.010993431334716863,-0.004344035346427825,-0.03118454842789342,-0.009612127059782254,-0.14584989359892653,-0.03539177361624954,-0.44594499999657344,-0.020315925792925873,-0.033498003365523,-0.1285549624605678,0.002691090909091365,0.0005379924304127913,0.002691090909091365,0.0005379924304127913
B2c16,B2,16,4.8C(80%)-4.8C,4.8C(80%)-4.8C,constant_two_step,4.8,80.0,4.8,4.8,472.0,False,499,499.0,499,0,0,0,0,False,-1.5038863327148822e-05,99,0.82648873,False,480,20.0,499.0,366.0,366.0,-0.0001910572607471,-0.0015145315305292,7.927107949765133,-0.001323474269782,0.9276716339608576,-0.0004412346906757,-5.370742064568624e-05,-0.0018077352383342,33.658947247905765,96,96,candidate_knee,346.0,134.0,0.5633096677098056,0.0407432678395025,366.0,candidate_knee,0.0,341.0,candidate_knee,-25.0,372.0,candidate_knee,6.0,0.7223382045929019,0.7334669338677354,True,False,True,2018-02-20_batchdata_updated_struct_errorcorrect.mat,499,499,499,True,,341.0,1,341.0,340,True,2.5520507820385685,3.2421147910399806,3.9983451241765486,22.029653333337045,0.0,1070,1070,0,0,True,True,655,37.66062166666767,655,654,465,0,0,189,37.66062166666767,0.5849519301173632,True,valid,0.08379333333189898,0,0.0,False,4.803099181818181,4.803099181818181,391.0,1,391.0,390,True,2.4717738521685204,3.178647946989016,3.99413679463348,22.068133333333144,0.0,1131,1131,0,0,True,True,708,36.18796833333327,708,707,535,0,0,172,36.18796833333327,0.6098196265139832,True,valid,0.08382499999909987,0,0.0,False,4.802936181818182,4.802936181818182,True,True,True,False,-0.08027692987004809,-0.03145585128440241,-0.0634668440509647,-0.019575754759320628,-0.004208329543068601,-0.0010525178323457752,0.03847999999609897,0.0017467365198102294,0.0,,-0.00016299999999969117,-3.393642184544451e-05,-0.00016299999999969117,-3.393642184544451e-05
B2c17,B2,17,5.6C(26%)-4.5C,5.6C(26%)-4.5C,constant_two_step,5.6,26.0,4.5,4.8068669527897,471.0,False,494,494.0,494,0,0,0,0,False,3.904175881261578e-05,99,0.8272146,False,475,20.0,494.0,351.0,351.0,-0.0002038306791621,-0.0012955269024042,6.355897491631779,-0.001091696223242,0.9065638406433892,-0.0004425368770825,6.709825027995656e-06,-0.0016380317417413,,95,95,candidate_knee,331.0,144.0,0.440161397775463,0.0411269905051767,353.0,candidate_knee,2.0,307.0,candidate_knee,-44.0,362.0,candidate_knee,11.0,0.6983122362869199,0.7105263157894737,True,False,True,2018-02-20_batchdata_updated_struct_errorcorrect.mat,494,494,494,True,,326.0,1,326.0,325,True,3.090774509408303,3.67007016944954,3.916527980675241,18.241438333333157,0.14930498904906153,1236,1236,0,0,True,True,829,32.54467000000101,829,828,654,0,0,174,32.54467000000101,0.5605046335800176,True,valid,0.08377500000254567,0,0.0,False,5.607015454545453,5.607015454545453,376.0,1,376.0,375,True,2.9141032831264493,3.5459858984184516,4.082018047054163,18.81335166666346,0.14474372950992112,1223,1223,0,0,True,True,817,31.66340833333476,817,816,655,0,0,161,31.66340833333476,0.594166978760055,True,valid,0.08379666666733065,0,0.0,False,5.608725090909091,5.608725090909091,True,True,True,False,-0.1766712262818535,-0.05716082675849278,-0.12408427103108854,-0.033809781639597226,0.16549006637892205,0.04225427909502391,0.5719133333303041,0.031352425333984156,-0.004561259539140411,-0.03054994724685043,0.0017096363636373013,0.00030491022853367493,0.0017096363636373013,0.00030491022853367493
B2c18,B2,18,5.2C(50%)-4.25C,5.2C(50%)-4.25C,constant_two_step,5.2,50.0,4.25,4.797829036635006,449.0,False,467,467.0,467,0,0,0,0,False,0.0001133929870129,99,0.82719898,False,448,20.0,467.0,366.0,366.0,-0.0001457792577863,-0.0019227833475675,13.18969088445777,-0.0017770040897812,0.9335534911508988,-0.0003780870295363,7.45018710128817e-05,-0.0020789124323579,,90,90,candidate_knee,346.0,102.0,0.5454942486871434,0.036246188422524,367.0,candidate_knee,1.0,350.0,candidate_knee,-16.0,370.0,candidate_knee,4.0,0.7740492170022372,0.7837259100642399,True,True,True,2018-02-20_batchdata_updated_struct_errorcorrect.mat,467,467,467,True,,341.0,1,341.0,340,True,2.557462402858454,3.294301091723219,4.311805740894258,21.909573333334023,0.26404703324737655,1005,1005,0,0,True,True,597,35.891520000000796,597,596,424,0,0,172,35.891520000000796,0.6104387145858837,True,valid,0.08373000000137942,0,0.0,False,5.202706090909091,5.202706090909091,391.0,1,391.0,390,True,2.400839886801148,3.187319750677577,4.394975031004023,22.549581666671052,0.2565267803617523,1125,1125,0,0,True,True,691,35.3172033333336,691,690,532,0,0,158,35.3172033333336,0.6384871829697788,True,valid,0.08390666666673496,0,0.0,False,5.202751181818181,5.202751181818181,True,True,True,False,-0.15662251605730582,-0.06124137578024614,-0.10698134104564216,-0.0324746700641383,0.08316929010976537,0.019288737737177434,0.640008333337029,0.029211355401581325,-0.007520252885624246,-0.02848073236474799,4.509090909010638e-05,8.666818440675639e-06,4.509090909010638e-05,8.666818440675639e-06
B2c19,B2,19,6C(60%)-3C,6C(60%)-3C,constant_two_step,6.0,60.0,3.0,4.8,392.0,False,411,411.0,411,0,0,0,0,False,2.198345701917104e-05,99,0.82597393,False,392,20.0,411.0,308.0,308.0,-0.0001431820071136,-0.0021081029199359,14.723239060771688,-0.0019649209128222,0.9439738224155596,-0.0004817797362947,6.8885199610523205e-06,-0.0024541245608568,,79,79,candidate_knee,288.0,104.0,0.602575596562015,0.0337600073810335,310.0,candidate_knee,2.0,293.0,candidate_knee,-15.0,312.0,candidate_knee,4.0,0.7365728900255755,0.7493917274939172,True,True,True,2018-02-20_batchdata_updated_struct_errorcorrect.mat,411,411,411,True,requested_representative,283.0,1,283.0,282,True,2.4867034906490226,3.3642315064648356,5.134359378684624,22.831375000001085,0.264112112534288,1011,1011,0,0,True,True,581,38.80209000000032,581,580,384,0,0,196,38.80209000000032,0.588405804945066,True,valid,0.08382333333526404,0,0.0,False,6.003178727272727,6.003178727272727,333.0,1,333.0,332,True,2.414497735414072,3.3159117720188043,5.165471565493203,22.754043333333296,0.26659484197205047,1137,1137,0,0,True,True,681,37.87697333333393,681,680,494,0,0,186,37.87697333333393,0.6007355216344179,True,valid,0.08378666666879653,0,0.0,False,6.003743909090908,6.003743909090908,True,True,True,False,-0.07220575523495043,-0.029036736991954328,-0.048319734446031326,-0.014362785186803667,0.031112186808578635,0.006059604424602879,-0.07733166666778857,-0.0033870788188527803,0.0024827294377624542,0.009400286166126278,0.0005651818181817703,9.414709170895119e-05,0.0005651818181817703,9.414709170895119e-05
B2c20,B2,20,5.2C(58%)-4C,5.2C(58%)-4C,constant_two_step,5.2,58.0,4.0,4.803695150115473,489.0,False,506,506.0,506,0,0,0,0,False,2.8384829931972855e-05,99,0.82856864,False,487,20.0,506.0,395.0,395.0,-3.812501278368094e-05,-0.0022143888445424,58.08231087309454,-0.0021762638317587,0.9605931391497192,-0.0003281184289518,5.651185471376896e-05,-0.0023879549632767,,98,98,candidate_knee,375.0,112.0,1.0443113631112353,0.0411530325704916,395.0,candidate_knee,0.0,385.0,candidate_knee,-10.0,396.0,candidate_knee,1.0,0.7716049382716049,0.7806324110671937,True,True,True,2018-02-20_batchdata_updated_struct_errorcorrect.mat,506,506,506,True,,370.0,1,370.0,369,True,2.457568082893371,3.2172127495942564,4.310816994095637,23.32797333333098,0.2857699477011783,985,985,0,0,True,True,552,37.592053333332295,552,551,375,0,0,176,37.592053333332295,0.6205559756600586,True,valid,0.08383166666608233,0,0.0,False,5.207127636363635,5.207127636363635,420.0,1,420.0,419,True,2.3592726569876414,3.1662441190956216,4.458934351698082,23.645035000001855,0.28208340107683716,1077,1077,0,0,True,True,617,36.95784499999912,617,616,451,0,0,165,36.95784499999912,0.6397839213840097,True,valid,0.08387499999953452,0,0.0,False,5.207023636363636,5.207023636363636,True,True,True,False,-0.0982954259057296,-0.03999703063770398,-0.05096863049863476,-0.015842480577345327,0.1481173576024455,0.0343594631378034,0.3170616666708739,0.013591479299998021,-0.003686546624341147,-0.012900399968565157,-0.00010399999999943788,-1.9972623538774173e-05,-0.00010399999999943788,-1.9972623538774173e-05
B2c21,B2,21,6C(60%)-3C,6C(60%)-3C,constant_two_step,6.0,60.0,3.0,4.8,408.0,False,426,426.0,425,0,0,0,1,False,3.146870656387434e-05,98,0.82783753,False,406,20.0,426.0,309.0,309.0,-0.000132596256343,-0.0019181990941688,14.466464944571202,-0.0017856028378257,0.946771060156498,-0.0004941626910452,2.216412873533581e-05,-0.0022839389696999,,81,82,candidate_knee,288.0,118.0,0.6542180595221035,0.0348233337348347,310.0,candidate_knee,1.0,294.0,candidate_knee,-15.0,313.0,candidate_knee,4.0,0.7118226600985221,0.7253521126760564,True,True,True,2018-02-20_batchdata_updated_struct_errorcorrect.mat,426,426,426,True,,284.0,1,284.0,283,True,2.374556365902087,3.268839829453043,5.046795895772473,24.172375000000464,0.25003816631318754,1040,1040,0,0,True,True,583,38.899869999999645,583,582,401,0,0,181,38.899869999999645,0.6213998915677786,True,valid,0.08389666666820017,0,0.0,False,6.002953272727272,6.002953272727272,334.0,1,334.0,333,True,2.3158455217180274,3.227179844337841,5.051549267238968,24.03852833332494,0.25054895114834136,1169,1169,0,0,True,True,662,37.438023333332964,662,661,496,0,0,165,37.438023333332964,0.6420886092007487,True,valid,0.0837916666680627,0,0.0,False,6.00459009090909,6.00459009090909,True,True,True,False,-0.058710844184059585,-0.024724973905496453,-0.04165998511520197,-0.012744578287328537,0.004753371466495793,0.0009418592637117599,-0.1338466666755238,-0.0055371748401024405,0.0005107848351538213,0.0020428274718429715,0.001636818181818711,0.00027266881940513077,0.001636818181818711,0.00027266881940513077
B2c24,B2,24,4.8C(80%)-4.8C,4.8C(80%)-4.8C,constant_two_step,4.8,80.0,4.8,4.8,514.0,False,536,536.0,536,0,0,0,0,False,4.325509709338285e-05,99,0.82615805,False,517,20.0,536.0,398.0,398.0,-0.0001046262785364,-0.0015896498356299,15.19360009614413,-0.0014850235570935,0.9483464555907654,-0.0003672455868522,6.184932999039778e-05,-0.0018456800166702,,104,104,candidate_knee,378.0,139.0,0.8080815077686837,0.041740274047811,399.0,candidate_knee,1.0,383.0,candidate_knee,-15.0,402.0,candidate_knee,4.0,0.7325581395348837,0.7425373134328358,True,True,True,2018-02-20_batchdata_updated_struct_errorcorrect.mat,536,536,536,True,,373.0,1,373.0,372,True,2.4765178271038493,3.1966928926840517,4.085704902173559,22.961008333337183,0.0,1045,1045,0,0,True,True,617,37.92684166666974,617,616,435,0,0,181,37.92684166666974,0.6054025941610479,True,valid,0.08386833333643118,0,0.0,False,4.803220545454545,4.803220545454545,423.0,1,423.0,422,True,2.44109135334421,3.1660488765172627,4.064938493124355,22.765143333332766,0.0,1106,1106,0,0,True,True,666,36.47775833333144,666,665,498,0,0,167,36.47775833333144,0.6240828486582518,True,valid,0.0837933333318972,0,0.0,False,4.802748909090909,4.802748909090909,True,True,True,False,-0.035426473759639254,-0.014304954065712725,-0.030644016166788912,-0.009586162072972595,-0.02076640904920346,-0.005082699202812204,-0.1958650000044173,-0.008530330948926145,0.0,,-0.0004716363636365628,-9.819169433785186e-05,-0.0004716363636365628,-9.819169433785186e-05
B2c25,B2,25,5.2C(58%)-4C,5.2C(58%)-4C,constant_two_step,5.2,58.0,4.0,4.803695150115473,493.0,False,511,511.0,511,0,0,0,0,False,3.860060482374758e-05,99,0.82751423,False,492,20.0,511.0,398.0,398.0,-5.770379846645839e-05,-0.0021319119987178,36.94578269326712,-0.0020742082002513,0.9596922610735856,-0.0003379273067195,5.694549536178066e-05,-0.0023184056399505,,99,99,candidate_knee,378.0,114.0,0.9948132570693338,0.0400986730464865,399.0,candidate_knee,1.0,388.0,candidate_knee,-10.0,400.0,candidate_knee,2.0,0.769857433808554,0.7788649706457925,True,True,True,2018-02-20_batchdata_updated_struct_errorcorrect.mat,511,511,511,True,,373.0,1,373.0,372,True,2.4643285234259364,3.224164787050643,4.322323502686662,23.21664833332955,0.28713749130228894,961,961,0,0,True,True,529,36.21405166666567,529,528,369,0,0,159,36.21405166666567,0.6410950243024043,True,valid,0.08384833333160024,0,0.0,False,5.206198272727272,5.206198272727272,423.0,1,423.0,422,True,2.4387821504993603,3.227853932545039,4.471382632252188,22.791660000003567,0.29254316553394955,1054,1054,0,0,True,True,599,35.96142333333458,599,598,437,0,0,161,35.96142333333458,0.6337808097511188,True,valid,0.08387000000026745,0,0.0,False,5.204662,5.204662,True,True,True,False,-0.025546372926576133,-0.010366464001748146,0.00368914549439614,0.0011442174138285425,0.1490591295655257,0.03448587998396552,-0.4249883333259845,-0.01830532673038236,0.0054056742316606066,0.018826082958180092,-0.0015362727272725252,-0.0002950853284478824,-0.0015362727272725252,-0.0002950853284478824
B2c26,B2,26,5.6C(26%)-4.5C,5.6C(26%)-4.5C,constant_two_step,5.6,26.0,4.5,4.8068669527897,450.0,False,476,476.0,476,0,0,0,0,False,-1.223195670995654e-05,99,0.82529837,False,457,20.0,476.0,352.0,352.0,-0.0002179644654013,-0.0016922785108447,7.764011017707513,-0.0014743140454434,0.9324936046725012,-0.0004866028314852,1.940354407163595e-05,-0.0019787796892483,,92,92,candidate_knee,332.0,125.0,0.5774963627840927,0.0389846977662955,352.0,candidate_knee,0.0,328.0,candidate_knee,-24.0,357.0,candidate_knee,5.0,0.7280701754385965,0.7394957983193278,True,False,True,2018-02-20_batchdata_updated_struct_errorcorrect.mat,476,476,476,True,,327.0,1,327.0,326,True,2.7502923680572735,3.414128114373541,4.092162671561748,21.153399999998513,0.12875884913674548,1272,1272,0,0,True,True,857,35.64055833333405,857,856,677,0,0,179,35.64055833333405,0.593520443820154,True,valid,0.08384666666776575,0,0.0,False,5.603481636363636,5.603481636363636,377.0,1,377.0,376,True,2.53201588665713,3.2406999988713148,4.091032032400448,22.131119999999644,0.12303929321904304,1278,1278,0,0,True,True,849,36.11760666666863,849,848,676,0,0,172,36.11760666666863,0.6127515647492638,True,valid,0.08382666666681615,0,0.0,False,5.603273545454544,5.603273545454544,True,True,True,False,-0.21827648140014366,-0.07936482823981648,-0.17342811550222637,-0.05079719029057254,-0.0011306391612997402,-0.00027629379671464504,0.9777200000011312,0.04622046574078872,-0.005719555917702443,-0.04442068219814636,-0.0002080909090915739,-3.7136002684683366e-05,-0.0002080909090915739,-3.7136002684683366e-05
B2c27,B2,27,5.2C(50%)-4.25C,5.2C(50%)-4.25C,constant_two_step,5.2,50.0,4.25,4.797829036635006,474.0,False,493,493.0,493,0,0,0,0,False,8.322792949907228e-05,99,0.8266983,False,474,20.0,493.0,376.0,376.0,-6.129539019185238e-05,-0.0020674581950867,33.72942383783978,-0.0020061628048949,0.960717418105759,-0.0003700060813811,0.000101032649776,-0.0022943584463885,,95,95,candidate_knee,356.0,118.0,0.9637704283604576,0.0378593907793174,377.0,candidate_knee,1.0,366.0,candidate_knee,-10.0,379.0,candidate_knee,3.0,0.7526427061310782,0.7626774847870182,True,True,True,2018-02-20_batchdata_updated_struct_errorcorrect.mat,493,493,493,True,,351.0,1,351.0,350,True,2.4400843592079253,3.196191848570947,4.261630652820215,23.453771666666334,0.24664284888084326,1003,1003,0,0,True,True,564,36.73379333333578,564,563,398,0,0,165,36.73379333333578,0.6384794364643557,True,valid,0.08382833333453199,0,0.0,False,5.205258454545454,5.205258454545454,401.0,1,401.0,400,True,2.342225283199004,3.134694675142302,4.340291429108849,23.779609999999714,0.2432849968136063,1115,1115,0,0,True,True,644,36.816184999999436,644,643,482,0,0,161,36.816184999999436,0.6459009807778856,True,valid,0.08386833333255339,0,0.0,False,5.205726636363636,5.205726636363636,True,True,True,False,-0.09785907600892152,-0.04010479213132103,-0.06149717342864491,-0.019240764116253216,0.07866077628863355,0.018457905599251846,0.32583833333337964,0.013892790377782916,-0.0033578520672369605,-0.013614228356805867,0.0004681818181815345,8.994400994108142e-05,0.0004681818181815345,8.994400994108142e-05
B2c28,B2,28,4.8C(80%)-4.8C,4.8C(80%)-4.8C,constant_two_step,4.8,80.0,4.8,4.8,437.0,False,456,456.0,456,0,0,0,0,False,5.740212987012978e-05,99,0.82741743,False,437,20.0,456.0,334.0,334.0,-0.0001697259096982,-0.0016809067432997,9.90365434651912,-0.0015111808336014,0.9310126023514766,-0.0004593912591434,5.462354531365604e-05,-0.0020274237944683,,88,88,candidate_knee,314.0,123.0,0.560253217387864,0.0386504114918011,335.0,candidate_knee,1.0,316.0,candidate_knee,-18.0,340.0,candidate_knee,6.0,0.7201834862385321,0.7324561403508771,True,True,True,2018-02-20_batchdata_updated_struct_errorcorrect.mat,456,456,456,True,,309.0,1,309.0,308,True,2.519883579941488,3.227488254699896,4.066867177767052,22.317754999998336,0.0,1055,1055,0,0,True,True,634,37.81613999999827,634,633,445,0,0,188,37.81613999999827,0.5901648079364884,True,valid,0.0837483333346114,0,0.0,False,4.800709818181818,4.800709818181818,359.0,1,359.0,358,True,2.4838154575376468,3.1898836628239366,4.006018555248104,22.1104666666671,0.0,1100,1100,0,0,True,True,673,35.503135000002416,673,672,509,0,0,163,35.503135000002416,0.6227750497713961,True,valid,0.08380333333431356,0,0.0,False,4.800543363636364,4.800543363636364,True,True,True,False,-0.03606812240384105,-0.014313408242724673,-0.037604591875959326,-0.011651348946413422,-0.0608486225189484,-0.014962038310864595,-0.20728833333123475,-0.009288045922685782,0.0,,-0.00016645454545383132,-3.467290291602607e-05,-0.00016645454545383132,-3.467290291602607e-05
B2c29,B2,29,5.2C(58%)-4C,5.2C(58%)-4C,constant_two_step,5.2,58.0,4.0,4.803695150115473,452.0,False,470,470.0,470,0,0,0,0,False,0.0001200828880643,99,0.82541627,False,451,20.0,470.0,352.0,352.0,-7.15181511728242e-05,-0.0021154729511445,29.57952514785415,-0.0020439547999717,0.958727276664595,-0.0004206881813269,0.0001167592052874,-0.0024150985275521,,91,91,candidate_knee,332.0,119.0,0.968563946394128,0.0399752717921728,353.0,candidate_knee,1.0,342.0,candidate_knee,-10.0,355.0,candidate_knee,3.0,0.7377777777777778,0.7489361702127659,True,True,True,2018-02-20_batchdata_updated_struct_errorcorrect.mat,470,470,470,True,,327.0,1,327.0,326,True,2.418254141466203,3.1857584157463785,4.301103590780433,23.811598333332224,0.27993015195040877,999,999,0,0,True,True,563,38.35302166666758,563,562,384,0,0,178,38.35302166666758,0.6208532548043474,True,valid,0.08385999999785199,0,0.0,False,5.206132363636363,5.206132363636363,377.0,1,377.0,376,True,2.4319264961179003,3.212285596983395,4.404512274066679,22.990578333334994,0.29013168038477005,1064,1064,0,0,True,True,613,36.229945000001074,613,612,451,0,0,161,36.229945000001074,0.6345739231272449,True,valid,0.08386833333255073,0,0.0,False,5.204169545454545,5.204169545454545,True,True,True,False,0.013672354651697471,0.005653812152021307,0.026527181237016695,0.008326802530254557,0.1034086832862462,0.024042360548559294,-0.8210199999972296,-0.034479835771794455,0.010201528434361284,0.03644312112604627,-0.0019628181818180934,-0.00037702041452651624,-0.0019628181818180934,-0.00037702041452651624
B2c30,B2,30,5.6C(26%)-4.5C,5.6C(26%)-4.5C,constant_two_step,5.6,26.0,4.5,4.8068669527897,412.0,False,429,429.0,429,0,0,0,0,False,-8.503881385281397e-05,99,0.82665932,False,410,20.0,429.0,331.0,331.0,-0.0002036524870203,-0.0019175717832125,9.415901623735891,-0.0017139192961922,0.9287171070266504,-0.0004528840112577,-8.026784101174456e-05,-0.0021586022802864,26.89249209992601,82,82,candidate_knee,311.0,99.0,0.4418839224429787,0.0314987643501467,332.0,candidate_knee,1.0,305.0,candidate_knee,-26.0,334.0,candidate_knee,3.0,0.7603911980440098,0.7715617715617715,True,False,True,2018-02-20_batchdata_updated_struct_errorcorrect.mat,429,429,429,True,,306.0,1,306.0,305,True,2.784343011856928,3.4411667470290896,4.089062573182256,20.85167333333132,0.13060167001979273,1269,1269,0,0,True,True,853,35.58883499999841,853,852,670,0,0,182,35.58883499999841,0.5859049146546171,True,valid,0.08378500000108069,0,0.0,False,5.604646818181818,5.604646818181818,356.0,1,356.0,355,True,2.5435456331770916,3.2528666174427534,4.111516842819208,21.89069999999677,0.1244044904916631,1265,1265,0,0,True,True,839,36.019533333333676,839,838,663,0,0,175,36.019533333333676,0.607745241933448,True,valid,0.08387666666725124,0,0.0,False,5.602760272727272,5.602760272727272,True,True,True,False,-0.24079737867983653,-0.08648265592795783,-0.18830012958633624,-0.05471985039635292,0.022454269636952517,0.005491300080418627,1.0390266666654497,0.049829414170064215,-0.0061971795281296205,-0.047450997580585574,-0.0018865454545462512,-0.0003366038067601659,-0.0018865454545462512,-0.0003366038067601659
B2c31,B2,31,5.6C(26%)-4.5C,5.6C(26%)-4.5C,constant_two_step,5.6,26.0,4.5,4.8068669527897,425.0,False,446,446.0,446,0,0,0,0,False,3.9791858998144905e-05,99,0.82528561,False,427,20.0,446.0,335.0,335.0,-0.0002293068066668,-0.0017724420016221,7.729565586761123,-0.0015431351949553,0.916014994089768,-0.0004900118319107,4.899555828105107e-05,-0.0020854711379782,,86,86,candidate_knee,315.0,112.0,0.4845348293082434,0.040693660503166,337.0,candidate_knee,2.0,304.0,candidate_knee,-31.0,344.0,candidate_knee,9.0,0.7394366197183099,0.7511210762331838,True,False,True,2018-02-20_batchdata_updated_struct_errorcorrect.mat,446,446,446,True,,310.0,1,310.0,309,True,2.7955097222292804,3.452130757601636,4.1023321605008185,20.78914333333572,0.13100871760338303,1301,1301,0,0,True,True,882,37.159768333332615,882,881,679,0,0,202,37.159768333332615,0.5594529854667497,True,valid,0.08379000000034731,0,0.0,False,5.604199454545454,5.604199454545454,360.0,1,360.0,359,True,2.5725792754209738,3.2804068284476857,4.142904831800702,21.764538333332165,0.1251229821458735,1268,1268,0,0,True,True,845,35.68934499999741,845,844,671,0,0,173,35.68934499999741,0.6098329440715078,True,valid,0.08381333333284902,0,0.0,False,5.602923272727272,5.602923272727272,True,True,True,False,-0.22293044680830665,-0.07974590287975485,-0.1717239291539503,-0.04974432928874783,0.04057267129988329,0.009890147777533968,0.9753949999964462,0.04691847972553948,-0.005885735457509533,-0.04492628861025921,-0.0012761818181816764,-0.00022771884343741387,-0.0012761818181816764,-0.00022771884343741387
B2c32,B2,32,4.8C(80%)-4.8C-newstructure,4.8C(80%)-4.8C,constant_two_step,4.8,80.0,4.8,4.8,809.0,False,834,834.0,834,0,0,0,0,False,-5.5682572665429874e-05,99,0.82744044,False,815,20.0,834.0,645.0,645.0,-0.0001003846817565,-0.0009435269273416,9.399112601959768,-0.000843142245585,0.9206582618895008,-0.0002159358658136,-2.5740350308411247e-05,-0.0010474034995372,40.69111286317583,163,163,candidate_knee,625.0,190.0,0.7918061129818855,0.0628232732505011,646.0,candidate_knee,1.0,605.0,candidate_knee,-40.0,649.0,candidate_knee,4.0,0.7678132678132679,0.7733812949640287,True,True,True,2018-02-20_batchdata_updated_struct_errorcorrect.mat,834,834,834,True,,620.0,1,620.0,619,True,2.72558210538212,3.3963772540961346,4.1065806389623685,20.233913333333717,0.0,773,773,0,0,True,True,447,22.809829999999298,447,446,404,0,0,42,22.809829999999298,0.887069887558756,True,valid,0.08392000000070254,0,0.0,False,4.799357363636363,4.799357363636363,670.0,1,670.0,669,True,2.79756385978077,3.4483077269762252,4.064462630372462,19.380895000005452,0.0,786,786,0,0,True,True,461,21.811126666663526,461,460,421,0,0,39,21.811126666663526,0.8885783525170904,True,valid,0.08378000000181274,0,0.0,False,4.799884454545454,4.799884454545454,True,True,True,False,0.07198175439864984,0.026409681167376967,0.05193047288009067,0.015289960153119309,-0.042118008589906886,-0.01025622343569736,-0.853018333328265,-0.042157852476465196,0.0,,0.000527090909090866,0.00010982530975595058,0.000527090909090866,0.00010982530975595058
B2c33,B2,33,5.2C(58%)-4C-newstructure,5.2C(58%)-4C,constant_two_step,5.2,58.0,4.0,4.803695150115473,1140.0,False,1190,1190.0,1189,0,0,0,1,False,-8.247454406634085e-05,98,0.82506907,False,1170,20.0,1190.0,923.0,923.0,-5.896833036790852e-05,-0.0006731528726216,11.415498258501948,-0.0006141845422537,0.9814202715591336,-0.0001405732121106,-4.085409810230494e-05,-0.0007057362578111,17.274552385022808,234,235,candidate_knee,902.0,268.0,1.1258262047424306,0.0209175451557257,923.0,candidate_knee,0.0,905.0,candidate_knee,-18.0,923.0,candidate_knee,0.0,0.7717948717948718,0.7756302521008404,True,True,True,2018-02-20_batchdata_updated_struct_errorcorrect.mat,1190,1190,1190,True,,898.0,1,898.0,897,True,2.8531525030890657,3.523928810795775,4.277595057673125,19.342331666670116,0.3446288298258348,686,686,0,0,True,True,368,21.749651666668555,368,367,325,0,0,42,21.749651666668555,0.889316848063012,True,valid,0.08355666666757333,0,0.0,False,5.207561181818181,5.207561181818181,948.0,1,948.0,947,True,2.9383178976360345,3.59534019833932,4.292759074226375,18.51443500001139,0.3600426054156229,701,701,0,0,True,True,384,20.88323500000406,384,383,340,0,0,43,20.88323500000406,0.8865692982915621,True,valid,0.08355833333916962,0,0.0,False,5.207651272727273,5.207651272727273,True,True,True,False,0.08516539454696881,0.029849576724259044,0.0714113875435447,0.020264707767299803,0.015164016553249837,0.0035449864582316444,-0.8278966666587273,-0.04280231985088559,0.01541377558978807,0.044725728829992935,9.00909090919555e-05,1.730001932699347e-05,9.00909090919555e-05,1.730001932699347e-05
B2c34,B2,34,5.6C(26%)-4.5C-newstructure,5.6C(26%)-4.5C,constant_two_step,5.6,26.0,4.5,4.8068669527897,1186.0,False,1252,1252.0,1252,0,0,0,0,False,-5.4562957328385595e-05,99,0.82562441,False,1233,20.0,1252.0,961.0,961.0,-6.182401627135634e-05,-0.0006062996296323,9.806862546282998,-0.0005444756133609,0.9810939149807164,-0.0001387304686327,-4.263733726830532e-05,-0.0006455332352311,15.140092618095396,247,247,candidate_knee,941.0,292.0,1.1107402804025437,0.0209997501756333,961.0,candidate_knee,0.0,940.0,candidate_knee,-21.0,961.0,candidate_knee,0.0,0.7637987012987013,0.7675718849840255,True,True,True,2018-02-20_batchdata_updated_struct_errorcorrect.mat,1252,1252,1252,True,longest_finite_life_candidate_in_batch,936.0,1,936.0,935,True,2.9179070990723317,3.5626393245483117,4.17821711800134,18.73282333333045,0.1453491154910901,740,740,0,0,True,True,429,20.95833166666174,429,428,387,0,0,41,20.95833166666174,0.8938127152138075,True,valid,0.08346833333683534,0,0.0,False,5.60688709090909,5.60688709090909,986.0,1,986.0,985,True,2.992823438359602,3.6200993713781546,4.148127325457919,18.031524999990747,0.15103039706054697,753,753,0,0,True,True,443,20.23405500000032,443,442,402,0,0,40,20.23405500000032,0.8911473750560854,True,valid,0.08350166666787118,0,0.0,False,5.608090454545454,5.608090454545454,True,True,True,False,0.07491633928727026,0.02567468282697823,0.05746004682984296,0.016128505188250573,-0.030089792543421368,-0.0072015866321984935,-0.7012983333397038,-0.03743687328177146,0.005681281569456881,0.039087142362453135,0.0012033636363639744,0.0002146224129098457,0.0012033636363639744,0.0002146224129098457
B2c41,B2,41,5.6C(26%)-4.5C,5.6C(26%)-4.5C,constant_two_step,5.6,26.0,4.5,4.8068669527897,442.0,False,463,463.0,463,0,0,0,0,False,2.399820408163264e-05,99,0.82606894,False,444,20.0,463.0,339.0,339.0,-0.0001719442446077,-0.0017718227158737,10.304635202623652,-0.0015998784712659,0.9364536818906084,-0.0004787760969043,3.8163949608444186e-05,-0.0021203878794688,,89,89,candidate_knee,319.0,125.0,0.6551496103907741,0.041632345551136,340.0,candidate_knee,1.0,321.0,candidate_knee,-18.0,345.0,candidate_knee,6.0,0.7200902934537246,0.7321814254859611,True,True,True,2018-02-20_batchdata_updated_struct_errorcorrect.mat,463,463,463,True,,314.0,1,314.0,313,True,2.7557165232241743,3.4168574807621312,4.080941487469406,21.423741666669954,0.1271172996010462,1288,1288,0,0,True,True,862,35.88518666666544,862,861,682,0,0,179,35.88518666666544,0.5970079483123032,True,valid,0.08380333333431267,0,0.0,False,5.604137090909091,5.604137090909091,364.0,1,364.0,363,True,2.5558080150621665,3.258288808110117,4.084291347199635,22.3086749999978,0.12212509669210678,1285,1285,0,0,True,True,845,36.25360666666723,845,844,673,0,0,171,36.25360666666723,0.615350500299578,True,valid,0.08387000000026701,0,0.0,False,5.604965909090909,5.604965909090909,True,True,True,False,-0.19990850816200778,-0.07254320481706,-0.15856867265201435,-0.046407751433824966,0.0033498597302283883,0.0008208546337932519,0.8849333333278437,0.04130619884688869,-0.004992202908939425,-0.03927241158054256,0.0008288181818185691,0.000147893987669049,0.0008288181818185691,0.000147893987669049
B2c42,B2,42,5.2C(50%)-4.25C,5.2C(50%)-4.25C,constant_two_step,5.2,50.0,4.25,4.797829036635006,474.0,False,497,497.0,497,0,0,0,0,False,8.583347433518891e-05,99,0.82577723,False,478,20.0,497.0,352.0,352.0,-6.97578452882376e-05,-0.0017218357929647,24.683041539631994,-0.0016520779476765,0.9570489600612132,-0.0004357871303112,0.000102125140396,-0.0020412993636733,,96,96,candidate_knee,332.0,146.0,0.985572142986168,0.0423313484759546,352.0,candidate_knee,0.0,340.0,candidate_knee,-12.0,356.0,candidate_knee,4.0,0.6960167714884696,0.7082494969818913,True,True,True,2018-02-20_batchdata_updated_struct_errorcorrect.mat,497,497,497,True,,327.0,1,327.0,326,True,2.3251840172203435,3.109584859971354,4.2630372874261315,24.771623333330112,0.23356439782706484,1091,1091,0,0,True,True,615,39.91799333333038,615,614,426,0,0,188,39.91799333333038,0.6205628405836352,True,valid,0.08387833333108574,0,0.0,False,5.203011272727273,5.203011272727273,377.0,1,377.0,376,True,2.3225114154429307,3.1173945547669253,4.324089535227752,24.207723333333462,0.2390264795550233,1151,1151,0,0,True,True,646,38.03158833333291,646,645,476,0,0,169,38.03158833333291,0.6365162327999991,True,valid,0.08378166666565079,0,0.0,False,5.202938454545454,5.202938454545454,True,True,True,False,-0.0026726017774127975,-0.001149415167840254,0.007809694795571254,0.002511491130569499,0.06105224780162022,0.01432130279078121,-0.5638999999966501,-0.02276395020256606,0.005462081727958451,0.023385763321697135,-7.281818181859023e-05,-1.3995391899356963e-05,-7.281818181859023e-05,-1.3995391899356963e-05
B2c43,B2,43,4.8C(80%)-4.8C-newstructure,4.8C(80%)-4.8C,constant_two_step,4.8,80.0,4.8,4.8,1029.0,False,1061,1061.0,1061,0,0,0,0,False,-7.295969944341347e-05,99,0.82532436,False,1042,20.0,1061.0,833.0,833.0,-5.380360338761858e-05,-0.0009263334343393,17.216940428054638,-0.0008725298309516,0.9533501499039972,-0.0001612758754161,-4.970732294021845e-06,-0.0009791621937667,196.985501501332,209,209,candidate_knee,813.0,229.0,1.5111755243392933,0.0704961116791764,833.0,candidate_knee,0.0,809.0,candidate_knee,-24.0,835.0,candidate_knee,2.0,0.7809798270893372,0.7851083883129123,True,True,True,2018-02-20_batchdata_updated_struct_errorcorrect.mat,1061,1061,1061,True,,808.0,1,808.0,807,True,2.7000700273810367,3.3736838724745635,4.091364718633534,20.809954999992627,0.0,752,752,0,0,True,True,423,23.066954999999144,423,422,384,0,0,38,23.066954999999144,0.902154402260437,True,valid,0.08361833333037794,0,0.0,False,4.803168545454545,4.803168545454545,858.0,1,858.0,857,True,2.7689351639676163,3.429828737378751,4.096723225492747,20.00834999999497,0.0,753,753,0,0,True,True,423,22.129536666666777,423,422,384,0,0,38,22.129536666666777,0.9041468107252827,True,valid,0.08355000000447022,0,0.0,False,4.802790545454545,4.802790545454545,True,True,True,False,0.06886513658657956,0.02550494464522317,0.056144864904187575,0.016642005305318033,0.005358506859213463,0.0013097113622769715,-0.8016049999976573,-0.0385202659014852,0.0,,-0.00037799999999954537,-7.869805034371818e-05,-0.00037799999999954537,-7.869805034371818e-05
B2c44,B2,44,5.2C(58%)-4C-newstructure,5.2C(58%)-4C,constant_two_step,5.2,58.0,4.0,4.803695150115473,841.0,False,874,874.0,874,0,0,0,0,False,-2.4462076685219143e-05,99,0.82503617,False,855,20.0,874.0,701.0,701.0,-4.733437899710438e-05,-0.0013799015698011,29.152206050607028,-0.001332567190804,0.9707778808215948,-0.0001896813595605,2.5171625026998914e-06,-0.0013905319662202,,171,171,candidate_knee,681.0,174.0,1.61262833869906,0.0471244175039373,701.0,candidate_knee,0.0,691.0,candidate_knee,-10.0,702.0,candidate_knee,1.0,0.797423887587822,0.8020594965675057,True,True,True,2018-02-20_batchdata_updated_struct_errorcorrect.mat,874,874,874,True,,676.0,1,676.0,675,True,2.604389936320186,3.3375769976246685,4.356573274667435,21.6145316666613,0.3083938294251245,740,740,0,0,True,True,403,24.305801666667683,403,402,356,0,0,46,24.305801666667683,0.8892745840308112,True,valid,0.08368833332788217,0,0.0,False,5.203167272727272,5.203167272727272,726.0,1,726.0,725,True,2.6470584280253635,3.38523588000167,4.452903641870572,20.8354116666674,0.3199517941293007,770,770,0,0,True,True,424,23.5896600000017,424,423,376,0,0,47,23.5896600000017,0.883243406927692,True,valid,0.08368999999947846,0,0.0,False,5.202844818181818,5.202844818181818,True,True,True,False,0.04266849170517739,0.016383296183928923,0.047658882377001444,0.014279485510272858,0.09633036720313726,0.02211149936654991,-0.7791199999938989,-0.03604611989792172,0.011557964704176193,0.03747793762839335,-0.0003224545454543204,-6.197274247639243e-05,-0.0003224545454543204,-6.197274247639243e-05
B2c45,B2,45,5.6C(26%)-4.5C-newstructure,5.6C(26%)-4.5C,constant_two_step,5.6,26.0,4.5,4.8068669527897,997.0,False,1027,1027.0,1027,0,0,0,0,False,-7.610656895485454e-05,99,0.82734823,False,1008,20.0,1027.0,773.0,773.0,-4.8426998782861294e-05,-0.0008460387371582,17.47039375600593,-0.0007976117383753,0.9451106306485444,-0.0001752862823381,3.3733428890275303e-06,-0.0009762543646069,,202,202,candidate_knee,753.0,255.0,1.544937670699482,0.0848006544320014,773.0,candidate_knee,0.0,746.0,candidate_knee,-27.0,775.0,candidate_knee,2.0,0.7477656405163853,0.7526777020447907,True,True,True,2018-02-20_batchdata_updated_struct_errorcorrect.mat,1027,1027,1027,True,,748.0,1,748.0,747,True,2.6609884029884956,3.361946593531652,4.221825616919815,21.215185000002386,0.12837566471498227,746,746,0,0,True,True,415,23.48177166666525,415,414,374,0,0,40,23.48177166666525,0.9034746313507293,True,valid,0.08363833332744619,0,0.0,False,5.603023909090909,5.603023909090909,798.0,1,798.0,797,True,2.7181731124165176,3.4122081194287404,4.254699181231322,20.48873999999681,0.13293860459980505,759,759,0,0,True,True,426,22.815050000006643,426,425,385,0,0,40,22.815050000006643,0.8980361647241993,True,valid,0.08360166666874047,0,0.0,False,5.602867818181818,5.602867818181818,True,True,True,False,0.05718470942802201,0.021490025797857353,0.05026152589708843,0.014950126213721257,0.03287356431150723,0.00778657559415998,-0.726445000005576,-0.03424174712619731,0.0045629398848227865,0.03554365147750828,-0.0001560909090905227,-2.7858333575422574e-05,-0.0001560909090905227,-2.7858333575422574e-05
B2c46,B2,46,4.8C(80%)-4.8C,4.8C(80%)-4.8C,constant_two_step,4.8,80.0,4.8,4.8,503.0,False,523,523.0,523,0,0,0,0,False,1.963826963512669e-05,99,0.82638663,False,504,20.0,523.0,399.0,399.0,-0.0001642145909963,-0.0016780991559358,10.218940629780302,-0.0015138845649394,0.9383520882629836,-0.0003957076160734,-1.237169714618477e-05,-0.0018393509141525,148.6740980173296,101,101,candidate_knee,379.0,125.0,0.6707351608416947,0.0413494219944823,399.0,candidate_knee,0.0,386.0,candidate_knee,-13.0,402.0,candidate_knee,3.0,0.7534791252485089,0.762906309751434,True,True,True,2018-02-20_batchdata_updated_struct_errorcorrect.mat,523,523,523,True,,374.0,1,374.0,373,True,2.461136421267876,3.174760290185674,4.021910416048579,22.964428333332762,0.0,1060,1060,0,0,True,True,637,37.18095166666511,637,636,463,0,0,173,37.18095166666511,0.617639605871673,True,valid,0.083895000000485,0,0.0,False,4.80548509090909,4.80548509090909,424.0,1,424.0,423,True,2.3247365728441336,3.068959520976443,4.0141124082728705,23.642331666666237,0.0,1171,1171,0,0,True,True,701,36.82479999999826,701,700,538,0,0,162,36.82479999999826,0.6420219978565356,True,valid,0.08382999999836738,0,0.0,False,4.805620363636364,4.805620363636364,True,True,True,False,-0.1363998484237423,-0.05542149035097971,-0.10580076920923132,-0.03332559297037308,-0.007798007775708271,-0.0019388815187409392,0.6779033333334752,0.029519712987999863,0.0,,0.00013527272727387185,2.814965080836018e-05,0.00013527272727387185,2.814965080836018e-05
B3c0,B3,0,5C(67%)-4C-newstructure,5C(67%)-4C,constant_two_step,5.0,67.0,4.0,4.804804804804805,1009.0,False,1008,1008.0,1008,0,0,0,0,False,-5.346195423623609e-06,99,0.8804329,False,989,20.0,1008.0,841.0,841.0,-6.335946946939641e-05,-0.000780828432003,12.323784251069297,-0.0007174689625336,0.9544374604727416,-0.0001181273993052,-2.847167563706881e-05,-0.0006881545043901,24.16979292550592,198,198,candidate_knee,821.0,168.0,0.4841885872812773,0.0220608616466506,842.0,candidate_knee,1.0,841.0,candidate_knee,0.0,843.0,candidate_knee,2.0,0.8309716599190283,0.8343253968253969,True,True,True,2018-04-12_batchdata_updated_struct_errorcorrect.mat,1008,1008,1008,True,,816.0,1,816.0,815,True,2.7596966180270117,3.440510228275231,4.221185207316754,20.1946983333289,0.030207304795896537,694,694,0,0,True,True,382,22.816491666669027,382,381,332,0,0,49,22.816491666669027,0.8850921793042305,True,valid,0.08374999999844768,0,0.0,False,5.004900181818181,5.004900181818181,866.0,1,866.0,865,True,2.855855314914369,3.5212664581779642,4.243407889764537,19.22304333332771,0.4157300924987569,696,696,0,0,True,True,384,21.88266499999445,384,383,335,0,0,48,21.88266499999445,0.8784598828950946,True,valid,0.08368666666404634,0,0.0,False,5.004092090909091,5.004092090909091,True,True,True,False,0.09615869688735712,0.03484393764851725,0.08075622990273335,0.02347216678475547,0.022222682447782915,0.0052645599177367115,-0.9716550000011921,-0.04811436070810691,0.38552278770286036,12.762568203543637,-0.0008080909090901756,-0.00016145994520046794,-0.0008080909090901756,-0.00016145994520046794
B3c1,B3,1,5.3C(54%)-4C-newstructure,5.3C(54%)-4C,constant_two_step,5.3,54.0,4.0,4.7936687394007915,1063.0,False,1062,1062.0,1062,0,0,0,0,False,-1.4719340754483132e-05,99,0.8802734,False,1043,20.0,1062.0,869.0,869.0,-5.9430219035584014e-05,-0.0007002118773829,11.782084749909458,-0.0006407816583473,0.9756560714541392,-0.0001174109966181,-3.252523174194225e-05,-0.0006668677291918,20.503089247229408,209,209,candidate_knee,849.0,194.0,0.5491381304902906,0.0133681794104631,869.0,candidate_knee,0.0,869.0,candidate_knee,0.0,870.0,candidate_knee,1.0,0.8147792706333973,0.8182674199623352,True,True,True,2018-04-12_batchdata_updated_struct_errorcorrect.mat,1062,1062,1062,True,,844.0,1,844.0,843,True,2.788418730857023,3.478686067754472,4.325977739394779,19.94160833333153,0.3083032134502537,681,681,0,0,True,True,371,22.36959833333579,371,370,325,0,0,45,22.36959833333579,0.8914602773002855,True,valid,0.08371666666741184,0,0.0,False,5.303441818181818,5.303441818181818,894.0,1,894.0,893,True,2.879960334775619,3.555811107150877,4.34962109985665,19.030965000002958,0.32303450021509,684,684,0,0,True,True,372,21.615103333334748,372,371,324,0,0,47,21.615103333334748,0.8804475605098524,True,valid,0.08373166666521392,0,0.0,False,5.303608272727272,5.303608272727272,True,True,True,False,0.09154160391859589,0.032829217113478686,0.07712503939640492,0.02217073857607103,0.023643360461870877,0.005465437384608149,-0.9106433333285722,-0.04566549087249254,0.014731286764836315,0.04778181388373133,0.0001664545454547195,3.138613586446117e-05,0.0001664545454547195,3.138613586446117e-05
B3c2,B3,2,5.6C(19%)-4.6C-newstructure,5.6C(19%)-4.6C,constant_two_step,5.6,19.0,4.6,4.803729603729602,1267.0,False,1266,1266.0,1266,0,0,0,0,False,-2.0391179962894333e-05,99,0.88013124,False,1247,20.0,1266.0,988.0,988.0,-5.3186039377431134e-05,-0.000476456090476,8.958292364936431,-0.0004232700510986,0.9862188942434096,-0.0001070924627332,-3.6507367695483166e-05,-0.0004958942342303,13.583401530526167,250,250,candidate_knee,968.0,279.0,0.6127955353112905,0.0084450000792912,988.0,candidate_knee,0.0,988.0,candidate_knee,0.0,989.0,candidate_knee,1.0,0.7768860353130016,0.7804107424960506,True,True,True,2018-04-12_batchdata_updated_struct_errorcorrect.mat,1266,1266,1266,True,,963.0,1,963.0,962,True,2.8765599427889317,3.520049640743417,4.11615236884,19.301539999999417,0.10346365542075561,684,684,0,0,True,True,373,21.490534999997667,373,372,332,0,0,40,21.490534999997667,0.8981414376143503,True,valid,0.0837583333331473,0,0.0,False,5.602836636363636,5.602836636363636,1013.0,1,1013.0,1012,True,2.9656567708452783,3.5895171074648693,4.089512982322518,18.503746666666125,0.10787527068537447,701,701,0,0,True,True,394,20.81193833333285,394,393,348,0,0,45,20.81193833333285,0.8890929028475029,True,valid,0.08374999999844768,0,0.0,False,5.603294363636363,5.603294363636363,True,True,True,False,0.08909682805634667,0.03097339524583798,0.0694674667214521,0.0197347974634758,-0.026639386517482322,-0.006471914577105352,-0.797793333333292,-0.0413331440565528,0.004411615264618862,0.042639275083391825,0.0004577272727264159,8.169563070171736e-05,0.0004577272727264159,8.169563070171736e-05
B3c3,B3,3,5.6C(36%)-4.3C-newstructure,5.6C(36%)-4.3C,constant_two_step,5.6,36.0,4.3,4.8015952143569285,1115.0,False,1114,1114.0,1114,0,0,0,0,False,-1.2654854669140367e-05,99,0.88058406,False,1095,20.0,1114.0,905.0,905.0,-5.7147472222583824e-05,-0.0006314949463535,11.050269098411704,-0.0005743474741309,0.9707904414395804,-0.0001121743012681,-2.9916360551601117e-05,-0.0006149202400744,20.554647314597258,219,219,candidate_knee,885.0,210.0,0.5507793020713702,0.0160880202777207,906.0,candidate_knee,1.0,905.0,candidate_knee,0.0,907.0,candidate_knee,2.0,0.8089579524680073,0.8123877917414721,True,True,True,2018-04-12_batchdata_updated_struct_errorcorrect.mat,1114,1114,1114,True,,880.0,1,880.0,879,True,2.8537203124364003,3.521990847578109,4.26069990881186,19.463433333331096,0.1973985196143993,690,690,0,0,True,True,377,21.725268333335407,377,376,333,0,0,43,21.725268333335407,0.8958892030560683,True,valid,0.08370333333344515,0,0.0,False,5.609501909090909,5.609501909090909,930.0,1,930.0,929,True,2.904692597047212,3.5673216725309125,4.288544831967869,18.922051666661474,0.20308284152370018,706,706,0,0,True,True,396,21.091909999997977,396,395,354,0,0,41,21.091909999997977,0.8971236681108201,True,valid,0.08367333333007965,0,0.0,False,5.610212818181818,5.610212818181818,True,True,True,False,0.0509722846108116,0.01786169597233352,0.04533082495280327,0.012870795784144339,0.027844923156008505,0.006535293203452423,-0.5413816666696221,-0.027815322065635095,0.005684321909300877,0.028796172941948608,0.0007109090909089844,0.00012673301523560693,0.0007109090909089844,0.00012673301523560693
B3c4,B3,4,5.6C(19%)-4.6C-newstructure,5.6C(19%)-4.6C,constant_two_step,5.6,19.0,4.6,4.803729603729602,1048.0,False,1047,1047.0,1047,0,0,0,0,False,-5.233104514533014e-06,99,0.88001466,False,1028,20.0,1047.0,817.0,817.0,-6.395715845691135e-05,-0.0006126567932382,9.579174685363292,-0.0005486996347813,0.9625840224864286,-0.0001343443836231,-2.8207468830112546e-05,-0.0006539192073805,23.182484444775103,206,206,candidate_knee,797.0,231.0,0.5961216952187327,0.0223044759436561,817.0,candidate_knee,0.0,817.0,candidate_knee,0.0,819.0,candidate_knee,2.0,0.7760467380720545,0.7803247373447947,True,True,True,2018-04-12_batchdata_updated_struct_errorcorrect.mat,1047,1047,1047,True,,792.0,1,792.0,791,True,2.752408470550689,3.4255165072481932,4.158410952670677,20.420953333339032,0.09780418093889764,715,715,0,0,True,True,403,23.010466666667103,403,402,356,0,0,46,23.010466666667103,0.8874636759505954,True,valid,0.0837283333375427,0,0.0,False,5.600107363636363,5.600107363636363,842.0,1,842.0,841,True,2.8450616472642585,3.499309465148552,4.150790956144229,19.46367166666314,0.10257040435634858,733,733,0,0,True,True,422,21.91807666666961,422,421,375,0,0,46,21.91807666666961,0.8880191434069196,True,valid,0.08370500000504144,0,0.0,False,5.600242636363636,5.600242636363636,True,True,True,False,0.09265317671356943,0.033662582318325675,0.07379295790035867,0.021542140504714275,-0.00761999652644807,-0.0018324298904499182,-0.9572816666758932,-0.04687742296110365,0.004766223417450935,0.048732307470869714,0.00013527272727298367,2.4155381047042272e-05,0.00013527272727298367,2.4155381047042272e-05
B3c5,B3,5,5.6C(36%)-4.3C-newstructure,5.6C(36%)-4.3C,constant_two_step,5.6,36.0,4.3,4.8015952143569285,828.0,False,827,827.0,827,0,0,0,0,False,-1.6020900432900766e-05,99,0.88066918,False,808,20.0,827.0,681.0,681.0,-8.413821629879262e-05,-0.0007670785388322,9.1168861496686,-0.0006829403225334,0.9362385683489274,-0.0001433492957333,-3.3731676030716e-05,-0.0007104978465509,21.06322395317651,162,162,candidate_knee,661.0,147.0,0.2865001044498159,0.0182676568279021,682.0,candidate_knee,1.0,681.0,candidate_knee,0.0,684.0,candidate_knee,3.0,0.8190830235439901,0.8234582829504232,True,True,True,2018-04-12_batchdata_updated_struct_errorcorrect.mat,827,827,827,True,,656.0,1,656.0,655,True,2.8619903491824767,3.541616474543584,4.35205849394489,19.185378333336363,0.20031359111784713,715,715,0,0,True,True,402,21.89871666666586,402,401,351,0,0,50,21.89871666666586,0.876096011714708,True,valid,0.08381500000056441,0,0.0,False,5.606838545454545,5.606838545454545,706.0,1,706.0,705,True,2.954432330929599,3.6155393356287893,4.343454289436963,18.34186166666526,0.20949603445574813,720,720,0,0,True,True,410,21.0905299999984,410,409,359,0,0,50,21.0905299999984,0.8696728658154467,True,valid,0.08376999999939772,0,0.0,False,5.607410818181817,5.607410818181817,True,True,True,False,0.09244198174712226,0.03229989289570043,0.0739228610852054,0.020872633052321683,-0.008604204507927093,-0.001977042477691489,-0.8435166666711034,-0.04396664230516713,0.009182443337900997,0.045840341070511006,0.0005722727272718942,0.00010206691750306145,0.0005722727272718942,0.00010206691750306145
B3c6,B3,6,3.7C(31%)-5.9C-newstructure,3.7C(31%)-5.9C,constant_two_step,3.7,31.0,5.9,4.795167490389896,667.0,False,666,666.0,666,0,0,0,0,False,-0.0002023977884972,99,0.88052577,False,647,20.0,666.0,464.0,464.0,-0.0002095828770554,-0.000393882238406,1.8793626842988855,-0.0001842993613505,0.9655093792722328,-0.0002524427272544,-0.0002040944680386,-0.0004176134250092,2.046177091532912,130,130,candidate_knee,444.0,203.0,0.0315754031473983,0.0010890552542832,465.0,candidate_knee,1.0,464.0,candidate_knee,0.0,465.0,candidate_knee,1.0,0.6873065015479877,0.6966966966966966,True,True,True,2018-04-12_batchdata_updated_struct_errorcorrect.mat,666,666,666,True,,439.0,1,439.0,438,True,2.9578751823788116,3.599787356005268,4.20944341392291,18.432856666669252,0.2187685425923776,876,876,0,0,True,True,569,20.84521333333493,569,568,524,0,0,44,20.84521333333493,0.8842728722373917,True,valid,0.08374499999918061,0,0.0,False,5.900865,5.900865,489.0,1,489.0,488,True,3.023066009637929,3.632493229068095,4.056078960597363,17.837545000001164,0.21352540129463263,901,901,0,0,True,True,593,20.318014999999043,593,592,544,0,0,48,20.318014999999043,0.8779177001297619,True,valid,0.08376333333629482,0,0.0,False,5.900063909090909,5.900063909090909,True,True,True,False,0.06519082725911751,0.02203974922521548,0.03270587306282691,0.009085501400038543,-0.1533644533255476,-0.03643342794876117,-0.5953116666680884,-0.03229622393497725,-0.005243141297744974,-0.02396661437524088,-0.0008010909090909735,-0.00013575821664975788,-0.0008010909090909735,-0.00013575821664975788
B3c7,B3,7,4.8C(80%)-4.8C-newstructure,4.8C(80%)-4.8C,constant_two_step,4.8,80.0,4.8,4.8,1836.0,False,1835,1835.0,1835,0,0,0,0,False,-2.3574483611627117e-06,99,0.88036358,False,1816,20.0,1835.0,1424.0,1424.0,-4.176050876028228e-05,-0.0003083736542464,7.384336623305223,-0.0002666131454861,0.9692297601308052,-7.662512849997967e-05,-2.1204481384120153e-05,-0.0003272747941666,15.4342277105489,364,364,candidate_knee,1404.0,412.0,0.7880292497747723,0.0242478490395114,1424.0,candidate_knee,0.0,1424.0,candidate_knee,0.0,1425.0,candidate_knee,1.0,0.7735537190082644,0.7760217983651226,True,True,True,2018-04-12_batchdata_updated_struct_errorcorrect.mat,1835,1835,1835,True,,1399.0,1,1399.0,1398,True,2.6368978349852643,3.1987459136273615,3.27874522779777,21.182854999997655,0.0,720,720,0,0,True,True,396,23.32171166666473,396,395,352,0,0,43,23.32171166666473,0.908289035674672,True,valid,0.08348166666304024,0,0.0,False,4.368400545454546,4.368400545454546,1449.0,1,1449.0,1448,True,2.67081278134391,3.227621446152353,3.2842992866726135,20.77937666666694,0.0,715,715,0,0,True,True,392,22.835608333333706,392,391,349,0,0,42,22.835608333333706,0.9099550300280272,True,valid,0.08347833333536947,0,0.0,False,4.366749818181818,4.366749818181818,True,True,True,False,0.03391494635864589,0.012861683872873831,0.02887553252499142,0.009027141668856941,0.005554058874843726,0.0016939586606960044,-0.4034783333307139,-0.01904740099154522,0.0,,-0.0016507272727279698,-0.0003778791014128963,-0.0016507272727279698,-0.0003778791014128963
B3c8,B3,8,5C(67%)-4C-newstructure,5C(67%)-4C,constant_two_step,5.0,67.0,4.0,4.804804804804805,828.0,False,827,827.0,827,0,0,0,0,False,-3.308951144093748e-06,99,0.88094097,False,808,20.0,827.0,685.0,685.0,-7.335331275570595e-05,-0.0009111013317178,12.420725083706996,-0.000837748018962,0.9500132303811544,-0.0001423320371539,-2.957635545845729e-05,-0.0008275075340514,27.97868504162788,162,162,candidate_knee,665.0,143.0,0.3981338547679391,0.0199014252757478,685.0,candidate_knee,0.0,685.0,candidate_knee,0.0,687.0,candidate_knee,2.0,0.8240396530359355,0.8282950423216445,True,True,True,2018-04-12_batchdata_updated_struct_errorcorrect.mat,827,827,827,True,,660.0,1,660.0,659,True,2.6542186377950117,3.360150808728564,4.245736880180815,21.210886666663768,0.31258774701092296,714,714,0,0,True,True,388,23.882010000001173,388,387,339,0,0,48,23.882010000001173,0.8881533282442611,True,valid,0.08379166666806404,0,0.0,False,5.00177209090909,5.00177209090909,710.0,1,710.0,709,True,2.748535884677625,3.4416708292007128,4.290648587210507,20.177818333330407,0.3921611119762557,714,714,0,0,True,True,391,22.771206666668878,391,390,343,0,0,47,22.771206666668878,0.8861110712620023,True,valid,0.08382833333453021,0,0.0,False,5.002340818181818,5.002340818181818,True,True,True,False,0.09431724688261323,0.03553484462039915,0.08152002047214868,0.024260821942987364,0.044911707029691605,0.010578071203455955,-1.033068333333361,-0.048704627466469363,0.07957336496533274,0.25456328895243663,0.0005687272727277204,0.00011370515537111411,0.0005687272727277204,0.00011370515537111411
B3c9,B3,9,5.3C(54%)-4C-newstructure,5.3C(54%)-4C,constant_two_step,5.3,54.0,4.0,4.7936687394007915,1039.0,False,1038,1038.0,1038,0,0,0,0,False,6.680531849102647e-07,99,0.8801114,False,1019,20.0,1038.0,846.0,846.0,-5.523809345938109e-05,-0.00073580074971,13.320531242649686,-0.0006805626562507,0.9524349617717874,-0.000118923653548,-1.683832349760751e-05,-0.0007055036732371,41.89868862760648,204,204,candidate_knee,826.0,193.0,0.6169887507203103,0.0293470935143886,846.0,candidate_knee,0.0,846.0,candidate_knee,0.0,848.0,candidate_knee,2.0,0.8113948919449901,0.815028901734104,True,True,True,2018-04-12_batchdata_updated_struct_errorcorrect.mat,1038,1038,1038,True,,821.0,1,821.0,820,True,2.6481726053659056,3.365805343672547,4.315827463684221,21.38499999999379,0.2875587509374552,728,728,0,0,True,True,397,23.844806666664468,397,396,347,0,0,49,23.844806666664468,0.8968409892746357,True,valid,0.08370833333271221,0,0.0,False,5.302883454545454,5.302883454545454,871.0,1,871.0,870,True,2.6861405702683614,3.405956137053373,4.3851860442898944,20.838739999989045,0.29507642183255245,741,741,0,0,True,True,407,23.31895333332941,407,406,359,0,0,47,23.31895333332941,0.8936395944583226,True,valid,0.0836416666706401,0,0.0,False,5.303077727272727,5.303077727272727,True,True,True,False,0.0379679649024558,0.014337420765369504,0.040150793380826055,0.011929030137261633,0.06935858060567313,0.01607074916439429,-0.5462600000047466,-0.025544072948557643,0.00751767089509725,0.02614307813825622,0.00019427272727323697,3.663530019818046e-05,0.00019427272727323697,3.663530019818046e-05
B3c10,B3,10,4.8C(80%)-4.8C-newstructure,4.8C(80%)-4.8C,constant_two_step,4.8,80.0,4.8,4.8,1078.0,False,1077,1077.0,1077,0,0,0,0,False,-2.875965367965766e-06,99,0.88064086,False,1058,20.0,1077.0,875.0,875.0,-5.664871594855792e-05,-0.0006862494784123,12.11412239309271,-0.0006296007624638,0.9757379011356002,-0.0001170128525584,-2.6619014273425748e-05,-0.0006673312968439,25.069722341677235,212,212,candidate_knee,855.0,203.0,0.5945024575821349,0.0144238774009863,875.0,candidate_knee,0.0,875.0,candidate_knee,0.0,876.0,candidate_knee,1.0,0.8088930936613056,0.8124419684308264,True,True,True,2018-04-12_batchdata_updated_struct_errorcorrect.mat,1077,1077,1077,True,,850.0,1,850.0,849,True,2.574102268576703,3.155064726030728,3.328430936351623,21.824290000003142,0.0,731,731,0,0,True,True,407,24.427133333333767,407,406,360,0,0,46,24.427133333333767,0.8934445848470179,True,valid,0.08369666667034226,0,0.0,False,4.367245727272727,4.367245727272727,900.0,1,900.0,899,True,2.6246716834202255,3.1977032516028867,3.3364046395637157,21.20603333332886,0.0,739,739,0,0,True,True,415,23.846211666660384,415,414,365,0,0,49,23.846211666660384,0.8892831125447578,True,valid,0.083648333333743,0,0.0,False,4.366801909090909,4.366801909090909,True,True,True,False,0.05056941484352251,0.019645456771802555,0.04263852557215886,0.01351431088572336,0.007973703212092786,0.0023956342686902686,-0.6182566666742808,-0.02832883299636285,0.0,,-0.00044381818181804533,-0.00010162427523747386,-0.00044381818181804533,-0.00010162427523747386
B3c11,B3,11,5.6C(19%)-4.6C-newstructure,5.6C(19%)-4.6C,constant_two_step,5.6,19.0,4.6,4.803729603729602,817.0,False,816,816.0,816,0,0,0,0,False,-1.768216573902283e-05,99,0.88113368,False,797,20.0,816.0,643.0,643.0,-8.743924842362748e-05,-0.0007406996333054,8.471020127219244,-0.0006532603848818,0.9436850311582046,-0.0001668333584505,-3.95479539728115e-05,-0.0007816985782037,19.765841204860862,160,160,candidate_knee,623.0,174.0,0.3769267666734273,0.0212266191208527,644.0,candidate_knee,1.0,643.0,candidate_knee,0.0,647.0,candidate_knee,4.0,0.7826633165829145,0.7879901960784313,True,True,True,2018-04-12_batchdata_updated_struct_errorcorrect.mat,816,816,816,True,,618.0,1,618.0,617,True,2.6670236623820167,3.3671391981996073,4.22461116434671,21.174530000002896,0.0942665948820745,755,755,0,0,True,True,427,24.01941999999884,427,426,374,0,0,52,24.01941999999884,0.8815587553739399,True,valid,0.08382499999910031,0,0.0,False,5.6022574545454535,5.6022574545454535,668.0,1,668.0,667,True,2.720121501228405,3.412632298006336,4.246998219950934,20.542439999994045,0.09716159277779318,773,773,0,0,True,True,445,23.343676666667065,445,444,393,0,0,51,23.343676666667065,0.8800001941993583,True,valid,0.08384833333160202,0,0.0,False,5.603707090909091,5.603707090909091,True,True,True,False,0.05309783884638808,0.01990902427875891,0.045493099806728665,0.013510905587465347,0.022387055604224493,0.005299199082073725,-0.6320900000088514,-0.02985142999673499,0.002894997895718676,0.030710750710156196,0.0014496363636373744,0.00025875932611079766,0.0014496363636373744,0.00025875932611079766
B3c12,B3,12,5.6C(36%)-4.3C-newstructure,5.6C(36%)-4.3C,constant_two_step,5.6,36.0,4.3,4.8015952143569285,932.0,False,931,931.0,931,0,0,0,0,False,-6.67946320346324e-06,99,0.88080788,False,912,20.0,931.0,754.0,754.0,-6.321335267795492e-05,-0.0008067585108777,12.76246990074836,-0.0007435451581998,0.9467005924432704,-0.0001367452921745,-1.9827944436176713e-05,-0.0007895103522769,39.81806358285046,183,183,candidate_knee,734.0,178.0,0.5686776066549195,0.030310179525486,755.0,candidate_knee,1.0,754.0,candidate_knee,0.0,757.0,candidate_knee,3.0,0.8057080131723381,0.8098818474758325,True,True,True,2018-04-12_batchdata_updated_struct_errorcorrect.mat,931,931,931,True,,729.0,1,729.0,728,True,2.6256601254991696,3.345779322243413,4.300148178515278,21.705381666667137,0.17705331824809672,748,748,0,0,True,True,417,24.215414999999727,417,416,371,0,0,45,24.215414999999727,0.8963456404388437,True,valid,0.08385166667091326,0,0.0,False,5.602520999999999,5.602520999999999,779.0,1,779.0,778,True,2.669377423249281,3.3880005853162536,4.352972138350306,21.103821666670655,0.18208556798181413,749,749,0,0,True,True,418,23.60209333333187,418,417,369,0,0,48,23.60209333333187,0.8941504199912196,True,valid,0.08385666666241987,0,0.0,False,5.602177727272727,5.602177727272727,True,True,True,False,0.04371729775011124,0.01665002157954471,0.042221263072840465,0.012619261166492668,0.05282395983502752,0.012284218506457648,-0.601559999996482,-0.027714785634029886,0.005032249733717409,0.02842222774196159,-0.0003432727272727476,-6.127111835417442e-05,-0.0003432727272727476,-6.127111835417442e-05
B3c13,B3,13,5.6C(19%)-4.6C-newstructure,5.6C(19%)-4.6C,constant_two_step,5.6,19.0,4.6,4.803729603729602,816.0,False,815,815.0,815,0,0,0,0,False,-1.2185193568336118e-05,99,0.88024569,False,796,20.0,815.0,630.0,630.0,-8.794529266079111e-05,-0.0006735674361187,7.6589367746686605,-0.0005856221434579,0.9410338464502548,-0.0001685331377399,-4.010600960975018e-05,-0.0007375310470452,18.389539478542225,160,160,candidate_knee,610.0,186.0,0.3498308774187314,0.0206281812343149,631.0,candidate_knee,1.0,630.0,candidate_knee,0.0,634.0,candidate_knee,4.0,0.7672955974842768,0.7730061349693251,True,True,True,2018-04-12_batchdata_updated_struct_errorcorrect.mat,815,815,815,True,,605.0,1,605.0,604,True,2.659509021859479,3.3631738410624217,4.2379500478546,21.230206666669496,0.0939959963349932,748,748,0,0,True,True,423,24.14308500000043,423,422,371,0,0,51,24.14308500000043,0.8793493733990133,True,valid,0.0837216666666789,0,0.0,False,5.602798454545454,5.602798454545454,655.0,1,655.0,654,True,2.725516380133783,3.41725580649969,4.249197708678289,20.504440000005225,0.097336358552625,765,765,0,0,True,True,439,23.237576666664488,439,438,389,0,0,49,23.237576666664488,0.8823828876020412,True,valid,0.08381500000056619,0,0.0,False,5.603173,5.603173,True,True,True,False,0.06600735827430393,0.024819377460939318,0.0540819654372684,0.01608063335203154,0.01124766082368911,0.002654033364405291,-0.7257666666642706,-0.03418556767060081,0.003340362217631801,0.035537281883018225,0.0003745454545462934,6.684971047681202e-05,0.0003745454545462934,6.684971047681202e-05
B3c14,B3,14,5.6C(36%)-4.3C-newstructure,5.6C(36%)-4.3C,constant_two_step,5.6,36.0,4.3,4.8015952143569285,858.0,False,857,857.0,857,0,0,0,0,False,4.6361076066786625e-06,99,0.88065648,False,838,20.0,857.0,670.0,670.0,-7.214954228884523e-05,-0.0007313297784701,10.136305169370637,-0.0006591802361813,0.9403698753943462,-0.0001563826803886,-2.37845183259854e-05,-0.0007877669111375,33.120994940516006,168,168,candidate_knee,650.0,188.0,0.4748998140932063,0.0283183350895797,671.0,candidate_knee,1.0,670.0,candidate_knee,0.0,673.0,candidate_knee,3.0,0.7765830346475507,0.7817969661610268,True,True,True,2018-04-12_batchdata_updated_struct_errorcorrect.mat,857,857,857,True,,645.0,1,645.0,644,True,2.609117459601972,3.334540928455985,4.3116692855482555,21.84246166666659,0.17591524295483346,741,741,0,0,True,True,410,24.657264999998734,410,409,358,0,0,51,24.657264999998734,0.8858428405043184,True,valid,0.0838650000009995,0,0.0,False,5.603294363636363,5.603294363636363,695.0,1,695.0,694,True,2.655423298828439,3.379868041216891,4.372235080078394,21.210366666666232,0.18115230693272577,751,751,0,0,True,True,420,23.905495000001974,420,419,370,0,0,49,23.905495000001974,0.8872590451134553,True,valid,0.08381999999983236,0,0.0,False,5.6040399999999995,5.6040399999999995,True,True,True,False,0.04630583922646725,0.017747702027003157,0.04532711276090584,0.013593209300296085,0.060565794530138106,0.014046948065599793,-0.6320950000003585,-0.028938816954180026,0.005237063977892309,0.02977038197444285,0.0007456363636366703,0.00013307106770538745,0.0007456363636366703,0.00013307106770538745
B3c15,B3,15,5.9C(15%)-4.6C-newstructure,5.9C(15%)-4.6C,constant_two_step,5.9,15.0,4.6,4.798232044198895,876.0,False,875,875.0,875,0,0,0,0,False,-1.1564622139765344e-05,99,0.88058048,False,856,20.0,875.0,673.0,673.0,-7.985979001123737e-05,-0.0006323026651424,7.917660002029589,-0.0005524428751312,0.9366394768535636,-0.0001579812951895,-3.288076271806014e-05,-0.0007023808304384,21.361451875708845,172,172,candidate_knee,653.0,203.0,0.4013024001613924,0.0254267300141464,674.0,candidate_knee,1.0,673.0,candidate_knee,0.0,677.0,candidate_knee,4.0,0.7637426900584795,0.7691428571428571,True,True,True,2018-04-12_batchdata_updated_struct_errorcorrect.mat,875,875,875,True,,648.0,1,648.0,647,True,2.665923458218274,3.3657437838231625,4.2210833332657804,21.274198333336976,0.07215900525569116,751,751,0,0,True,True,427,23.88945333333298,427,426,379,0,0,47,23.88945333333298,0.8905267959251736,True,valid,0.08381000000129823,0,0.0,False,5.904932909090909,5.904932909090909,698.0,1,698.0,697,True,2.711597932508976,3.4044322865206897,4.237395845917537,20.700200000001736,0.0741432996169821,764,764,0,0,True,True,441,23.211381666668846,441,440,394,0,0,46,23.211381666668846,0.8918124865322806,True,valid,0.0838583333340166,0,0.0,False,5.906247181818181,5.906247181818181,True,True,True,False,0.04567447429070226,0.017132702797561954,0.038688502697527216,0.011494785456776744,0.016312512651756705,0.003864532245359864,-0.5739983333352399,-0.02698096183656313,0.001984294361290939,0.027498915128606742,0.0013142727272725807,0.00022257199997127808,0.0013142727272725807,0.00022257199997127808
B3c16,B3,16,4.8C(80%)-4.8C-newstructure,4.8C(80%)-4.8C,constant_two_step,4.8,80.0,4.8,4.8,1638.0,False,1637,1637.0,1637,0,0,0,0,False,-9.691301175015842e-06,99,0.88014877,False,1618,20.0,1637.0,1299.0,1299.0,-4.7000811296924915e-05,-0.0003655599279441,7.777736550860029,-0.0003185591166472,0.984346795231784,-8.29952599989406e-05,-3.1326045725172703e-05,-0.0003712527451183,11.851248267188677,324,324,candidate_knee,1279.0,339.0,0.6591312954523278,0.0103175171368548,1299.0,candidate_knee,0.0,1299.0,candidate_knee,0.0,1299.0,candidate_knee,0.0,0.7909709338280767,0.7935247403787417,True,True,True,2018-04-12_batchdata_updated_struct_errorcorrect.mat,1637,1637,1637,True,,1274.0,1,1274.0,1273,True,2.78087081875247,3.309538742982248,3.2198041807114866,19.69199166665785,0.0,703,703,0,0,True,True,394,22.217763333333036,394,393,348,0,0,45,22.217763333333036,0.8863174645988868,True,valid,0.08355833333140872,0,0.0,False,4.36515809090909,4.36515809090909,1324.0,1,1324.0,1323,True,2.8224364384196576,3.3423607945886453,3.205228232284199,19.27378333333569,0.0,710,710,0,0,True,True,400,21.65570000000298,400,399,355,0,0,44,21.65570000000298,0.8900097126083681,True,valid,0.08349666666860389,0,0.0,False,4.365577727272727,4.365577727272727,True,True,True,False,0.04156561966718764,0.014946979696753567,0.032822051606397284,0.009917409692210192,-0.0145759484272876,-0.004526967358638165,-0.4182083333221591,-0.02123748274940937,0.0,,0.00041963636363728796,9.613314223629739e-05,0.00041963636363728796,9.613314223629739e-05
B3c17,B3,17,5.3C(54%)-4C-newstructure,5.3C(54%)-4C,constant_two_step,5.3,54.0,4.0,4.7936687394007915,1315.0,False,1314,1314.0,1314,0,0,0,0,False,-5.833125541125628e-06,99,0.88043362,False,1295,20.0,1314.0,1025.0,1025.0,-5.272330850316849e-05,-0.0004589239175031,8.704383896461406,-0.0004062006089999,0.9857231353558984,-0.0001045472229596,-3.161882415510328e-05,-0.0004787427550127,15.14106763313886,259,259,candidate_knee,1005.0,290.0,0.633705585030916,0.0090473288616976,1025.0,candidate_knee,0.0,1025.0,candidate_knee,0.0,1026.0,candidate_knee,1.0,0.776661514683153,0.7800608828006088,True,True,True,2018-04-12_batchdata_updated_struct_errorcorrect.mat,1314,1314,1314,True,,1000.0,1,1000.0,999,True,2.8680990046830397,3.536769286121159,4.282745082586128,19.271450000000186,0.31901493680722204,664,664,0,0,True,True,359,21.583903333335183,359,358,312,0,0,46,21.583903333335183,0.892862134451671,True,valid,0.08378500000108047,0,0.0,False,5.306202272727273,5.306202272727273,1050.0,1,1050.0,1049,True,2.9291571412174577,3.5879193455205867,4.293203672015645,18.69093500000114,0.3289286082295725,668,668,0,0,True,True,361,20.98405999999959,361,360,316,0,0,44,20.98405999999959,0.8907206231778552,True,valid,0.08377666666638106,0,0.0,False,5.306403454545454,5.306403454545454,True,True,True,False,0.06105813653441805,0.02128871298888991,0.05115005939942785,0.014462368127926456,0.010458589429516607,0.002442029405869099,-0.5805149999990462,-0.030123057683725956,0.009913671422350445,0.031075884789498714,0.00020118181818151726,3.791446459090866e-05,0.00020118181818151726,3.791446459090866e-05
B3c18,B3,18,5.6C(19%)-4.6C-newstructure,5.6C(19%)-4.6C,constant_two_step,5.6,19.0,4.6,4.803729603729602,1146.0,False,1145,1145.0,1145,0,0,0,0,False,-2.9274941249226633e-05,99,0.88003904,False,1126,20.0,1145.0,906.0,906.0,-6.180481698397581e-05,-0.0005686060901227,9.200028701164154,-0.0005068012731387,0.9801866176514176,-0.0001208358286559,-3.908129460839741e-05,-0.0005845196768209,14.956507523047115,226,226,candidate_knee,886.0,240.0,0.5855753922877054,0.0116022291413173,906.0,candidate_knee,0.0,906.0,candidate_knee,0.0,907.0,candidate_knee,1.0,0.7875555555555556,0.7912663755458516,True,True,True,2018-04-12_batchdata_updated_struct_errorcorrect.mat,1145,1145,1145,True,,881.0,1,881.0,880,True,2.8524503958305023,3.5027994908015985,4.133131012086347,19.42562333332996,0.10279067269258557,716,716,0,0,True,True,411,21.988495000001663,411,410,365,0,0,45,21.988495000001663,0.8834448803034719,True,valid,0.08372166666667913,0,0.0,False,5.601990454545454,5.601990454545454,931.0,1,931.0,930,True,2.9125307747314158,3.5510734357564706,4.127287032377685,18.80329666667773,0.10613750184454555,737,737,0,0,True,True,430,21.29507000000061,430,429,382,0,0,47,21.29507000000061,0.8829882534632285,True,valid,0.08375833333314708,0,0.0,False,5.602358,5.602358,True,True,True,False,0.060080378900913445,0.021062725223455044,0.04827394495487214,0.013781532480417509,-0.005843979708661351,-0.0014139352688245397,-0.6223266666522278,-0.032036380813811854,0.003346829151959982,0.032559658034044495,0.00036754545454531495,6.560979664774127e-05,0.00036754545454531495,6.560979664774127e-05
B3c19,B3,19,5.6C(36%)-4.3C-newstructure,5.6C(36%)-4.3C,constant_two_step,5.6,36.0,4.3,4.8015952143569285,1155.0,False,1154,1154.0,1154,0,0,0,0,False,-2.969135807050069e-05,99,0.88007373,False,1135,20.0,1154.0,906.0,906.0,-6.054340763458694e-05,-0.0005630336003003,9.299668160380598,-0.0005024901926657,0.986509229664146,-0.0001222577026843,-3.895826970939882e-05,-0.000583578986107,14.97959202141479,227,227,candidate_knee,886.0,249.0,0.6238217402777818,0.0084158358286003,906.0,candidate_knee,0.0,906.0,candidate_knee,0.0,907.0,candidate_knee,1.0,0.781305114638448,0.7850953206239168,True,True,True,2018-04-12_batchdata_updated_struct_errorcorrect.mat,1154,1154,1154,True,,881.0,1,881.0,880,True,2.830974937921968,3.5061957044147998,4.278989218514502,19.631191666664865,0.19576614503907552,705,705,0,0,True,True,396,22.36005333333742,396,395,347,0,0,48,22.36005333333742,0.8779581772014831,True,valid,0.08374499999918061,0,0.0,False,5.602233181818182,5.602233181818182,931.0,1,931.0,930,True,2.8710730844187453,3.5429725346504317,4.309593725213537,19.160693333336773,0.2005533494088573,717,717,0,0,True,True,409,21.785430000000634,409,408,358,0,0,50,21.785430000000634,0.8795187119710841,True,valid,0.08375666666931281,0,0.0,False,5.602136090909091,5.602136090909091,True,True,True,False,0.04009814649677734,0.014164076820196348,0.03677683023563194,0.010489097967157017,0.030604506699035028,0.007152274786441206,-0.47049833332809143,-0.023966875843152734,0.004787204369781778,0.02445368870509371,-9.709090909115758e-05,-1.7330751138003706e-05,-9.709090909115758e-05,-1.7330751138003706e-05
B3c20,B3,20,5C(67%)-4C-newstructure,5C(67%)-4C,constant_two_step,5.0,67.0,4.0,4.804804804804805,813.0,False,812,812.0,812,0,0,0,0,False,-7.154074211502926e-06,99,0.88059181,False,793,20.0,812.0,678.0,678.0,-7.158631317507752e-05,-0.0010123890860148,14.142215754831025,-0.0009408027728397,0.958034590766998,-0.0001435976278278,-2.7584848041556905e-05,-0.0008914630514091,32.31712750659796,159,159,candidate_knee,658.0,135.0,0.4290495766141953,0.0180052410638609,678.0,candidate_knee,0.0,678.0,candidate_knee,0.0,679.0,candidate_knee,1.0,0.8308080808080808,0.8349753694581281,True,True,True,2018-04-12_batchdata_updated_struct_errorcorrect.mat,812,812,812,True,,653.0,1,653.0,652,True,2.6607182818950745,3.3642216677509142,4.238565654154065,21.148140000000907,0.24867803933302854,711,711,0,0,True,True,385,23.875751666666474,385,384,334,0,0,50,23.875751666666474,0.8857580818921964,True,valid,0.08379333333190075,0,0.0,False,5.007407454545454,5.007407454545454,703.0,1,703.0,702,True,2.7253697920106377,3.426666843169405,4.314405150872469,20.332106666670494,0.3264333507837217,712,712,0,0,True,True,386,22.92847499999916,386,385,337,0,0,48,22.92847499999916,0.8867622755840168,True,valid,0.08376166666857898,0,0.0,False,5.007216727272726,5.007216727272726,True,True,True,False,0.06465151011556314,0.024298517642956034,0.062445175418490706,0.018561551997920884,0.0758394967184044,0.01789272666900343,-0.8160333333304131,-0.03858652975298906,0.07775531145069317,0.3126746199995714,-0.00019072727272817502,-3.808902599988006e-05,-0.00019072727272817502,-3.808902599988006e-05
B3c21,B3,21,3.7C(31%)-5.9C-newstructure,3.7C(31%)-5.9C,constant_two_step,3.7,31.0,5.9,4.795167490389896,772.0,False,771,771.0,771,0,0,0,0,False,-0.0001594917019171,99,0.8801983,False,752,20.0,771.0,597.0,597.0,-0.0001544075991399,-0.0004679625534432,3.030696390915157,-0.0003135549543033,0.9343404395336776,-0.0001972228904666,-0.0001623560529801,-0.0005035290553851,3.101387636263671,151,151,candidate_knee,577.0,175.0,0.0844091992555414,0.005542270922433,598.0,candidate_knee,1.0,597.0,candidate_knee,0.0,597.0,candidate_knee,0.0,0.7683089214380826,0.77431906614786,True,True,True,2018-04-12_batchdata_updated_struct_errorcorrect.mat,771,771,771,True,,572.0,1,572.0,571,True,2.9441062746585422,3.560627627629886,4.010307346157431,18.299241666662663,0.1998553480803523,915,915,0,0,True,True,605,20.80216499999709,605,604,557,0,0,47,20.80216499999709,0.8796796711623633,True,valid,0.08377666666638106,0,0.0,False,5.902262636363636,5.902262636363636,622.0,1,622.0,621,True,3.0080994141701938,3.592026266044803,3.853990610424706,17.69110666666335,0.19360642583368742,929,929,0,0,True,True,620,20.131371666665654,620,619,573,0,0,46,20.131371666665654,0.8787829741356873,True,valid,0.08384666666776552,0,0.0,False,5.902633636363636,5.902633636363636,True,True,True,False,0.06399313951165153,0.02173601546332544,0.031398638414916746,0.008818287588196099,-0.15631673573272487,-0.038978742086315,-0.6081349999993115,-0.03323279789824321,-0.006248922246664873,-0.03126722555431681,0.0003710000000003433,6.285725032204178e-05,0.0003710000000003433,6.285725032204178e-05
B3c22,B3,22,5.9C(60%)-3.1C-newstructure,5.9C(60%)-3.1C,constant_two_step,5.9,60.0,3.1,4.813157894736842,1002.0,False,1001,1001.0,1001,0,0,0,0,False,-1.598876437847878e-05,99,0.88094068,False,982,20.0,1001.0,853.0,853.0,-5.453631984494761e-05,-0.0007755928330823,14.221583621472698,-0.0007210565132373,0.941380662147142,-9.901636641239748e-05,-2.833381034001047e-05,-0.0006254204291647,22.073290590273388,197,197,candidate_knee,833.0,149.0,0.3686479243805434,0.0216098972280178,853.0,candidate_knee,0.0,853.0,candidate_knee,0.0,858.0,candidate_knee,5.0,0.8491335372069317,0.8521478521478522,True,True,True,2018-04-12_batchdata_updated_struct_errorcorrect.mat,1001,1001,1001,True,,828.0,1,828.0,827,True,2.8369635607152754,3.625951421379958,5.099161465381046,19.444673333332563,0.312260001238047,687,687,0,0,True,True,368,21.939534999996734,368,367,321,0,0,46,21.939534999996734,0.8862846606974787,True,valid,0.08377666666638106,0,0.0,False,5.902890272727273,5.902890272727273,878.0,1,878.0,877,True,2.872134793765836,3.665270765768533,5.185051512837125,18.95764166666195,0.32098240979033005,707,707,0,0,True,True,385,21.379939999997926,385,384,338,0,0,46,21.379939999997926,0.8867022857250202,True,valid,0.08373166667297482,0,0.0,False,5.902945818181818,5.902945818181818,True,True,True,False,0.03517123305056069,0.012397492000811272,0.03931934438857487,0.010843869599778252,0.08589004745607909,0.01684395523444378,-0.4870316666706138,-0.02504704801781018,0.008722408552283067,0.02793315992346283,5.554545454522497e-05,9.409874142817443e-06,5.554545454522497e-05,9.409874142817443e-06
B3c23,B3,23,4.8C(80%)-4.8C-newstructure,4.8C(80%)-4.8C,constant_two_step,4.8,80.0,4.8,4.8,,True,2189,2189.0,2189,0,0,0,0,False,-5.331878787878802e-06,99,0.93701142,False,2170,20.0,2189.0,1855.0,1855.0,-3.685927737686255e-05,-0.0001813133116949,4.919068538461078,-0.000144454034318,0.9680914994979752,-4.609836415232537e-05,-3.1955006959967604e-05,-0.0001533568939838,4.799150698856544,434,434,candidate_knee,1835.0,335.0,0.162739748565336,0.0051927813487964,1855.0,candidate_knee,0.0,1855.0,candidate_knee,0.0,1856.0,candidate_knee,1.0,0.8460119870908253,0.8474189127455459,True,True,True,2018-04-12_batchdata_updated_struct_errorcorrect.mat,2189,2189,2189,True,,1830.0,1,1830.0,1829,True,2.7209002380630203,3.266379868183084,3.265939337780339,20.258243333331,0.0,699,699,0,0,True,True,390,22.447191666656483,390,389,345,0,0,44,22.447191666656483,0.9024845349996724,True,valid,0.08347333332834239,0,0.0,False,4.367117454545454,4.367117454545454,1880.0,1,1880.0,1879,True,2.740355711425289,3.28329563966428,3.270480832297272,20.036346666654573,0.0,702,702,0,0,True,True,391,22.062401666662968,391,390,349,0,0,41,22.062401666662968,0.9081670694505652,True,valid,0.08347666667153497,0,0.0,False,4.366788,4.366788,True,True,True,False,0.019455473362268716,0.007150380998944253,0.016915771481196273,0.005178752063092292,0.004541494516932865,0.0013905630347743822,-0.22189666667642527,-0.01095340119206375,0.0,,-0.00032945454545441066,-7.543981788525116e-05,-0.00032945454545441066,-7.543981788525116e-05
B3c24,B3,24,5C(67%)-4C-newstructure,5C(67%)-4C,constant_two_step,5.0,67.0,4.0,4.804804804804805,825.0,False,824,824.0,824,0,0,0,0,False,9.650588744588582e-06,99,0.88021326,False,805,20.0,824.0,683.0,683.0,-7.42015006184541e-05,-0.0007987505057605,10.764613910812663,-0.0007245490051421,0.9352665264536042,-0.0001334906815839,-2.237763946399841e-05,-0.0007226167148895,32.291909790223364,161,161,candidate_knee,663.0,142.0,0.2968122447527238,0.0192136875939468,684.0,candidate_knee,1.0,683.0,candidate_knee,0.0,686.0,candidate_knee,3.0,0.8246268656716418,0.8288834951456311,True,True,True,2018-04-12_batchdata_updated_struct_errorcorrect.mat,824,824,824,True,,658.0,1,658.0,657,True,2.7891040423899853,3.4717600011998178,4.274016146654801,19.80328333333212,0.40123916979128116,693,693,0,0,True,True,376,22.339320000001074,376,375,330,0,0,45,22.339320000001074,0.8864765504648829,True,valid,0.08371666666741184,0,0.0,False,5.004751,5.004751,708.0,1,708.0,707,True,2.8471101868350663,3.523200700470036,4.306906759812545,19.185701666671473,0.3431988736382389,698,698,0,0,True,True,381,21.51518166666695,381,380,336,0,0,44,21.51518166666695,0.8917285460989393,True,valid,0.08374833333073184,0,0.0,False,5.004345272727272,5.004345272727272,True,True,True,False,0.05800614444508101,0.020797411485365565,0.051440699270218104,0.014816893809606808,0.03289061315774422,0.007695481727060657,-0.617581666660648,-0.031185821879403115,-0.05804029615304224,-0.14465261749802236,-0.0004057272727280292,-8.106842332975792e-05,-0.0004057272727280292,-8.106842332975792e-05
B3c25,B3,25,5.3C(54%)-4C-newstructure,5.3C(54%)-4C,constant_two_step,5.3,54.0,4.0,4.7936687394007915,989.0,False,988,988.0,988,0,0,0,0,False,6.950843537415409e-06,99,0.88167018,False,969,20.0,988.0,823.0,823.0,-6.07580998825336e-05,-0.0007789797540776,12.82100255906177,-0.0007182216541951,0.9650941494036565,-0.00011645429369,-2.5695255430964053e-05,-0.0006968133590989,27.11836669501646,194,194,candidate_knee,803.0,166.0,0.4604740265006213,0.0160732375725274,824.0,candidate_knee,1.0,823.0,candidate_knee,0.0,825.0,candidate_knee,2.0,0.8295454545454546,0.832995951417004,True,True,True,2018-04-12_batchdata_updated_struct_errorcorrect.mat,988,988,988,True,,798.0,1,798.0,797,True,2.7015244218277346,3.411176527351426,4.3378910990216575,20.7907349999994,0.2957218110169787,711,711,0,0,True,True,387,23.209318333336462,387,386,341,0,0,45,23.209318333336462,0.8957925735430518,True,valid,0.0837233333382752,0,0.0,False,5.302852272727272,5.302852272727272,848.0,1,848.0,847,True,2.7698427030315433,3.472654976453119,4.3873039859475265,19.996681666661363,0.3075390873968041,718,718,0,0,True,True,395,22.281049999998263,395,394,350,0,0,44,22.281049999998263,0.8974748347435566,True,valid,0.08364333333447682,0,0.0,False,5.302737818181818,5.302737818181818,True,True,True,False,0.06831828120380878,0.025288789045107944,0.06147844910169331,0.018022652480382668,0.04941288692586898,0.011390992949779969,-0.794053333338038,-0.03819265328224619,0.011817276379825381,0.03996078726552536,-0.00011445454545455647,-2.1583581734531738e-05,-0.00011445454545455647,-2.1583581734531738e-05
B3c26,B3,26,5.6C(19%)-4.6C-newstructure,5.6C(19%)-4.6C,constant_two_step,5.6,19.0,4.6,4.803729603729602,1028.0,False,1027,1027.0,1027,0,0,0,0,False,-4.288423005563333e-07,99,0.88023561,False,1008,20.0,1027.0,797.0,797.0,-6.258362631796943e-05,-0.0006206099189251,9.91649022976129,-0.0005580262926072,0.9719206023609686,-0.0001367764526059,-2.966834252868712e-05,-0.0006612067104413,22.28660767961731,202,202,candidate_knee,777.0,231.0,0.6001912905875308,0.0168530099078907,797.0,candidate_knee,0.0,797.0,candidate_knee,0.0,799.0,candidate_knee,2.0,0.7715988083416088,0.7760467380720545,True,True,True,2018-04-12_batchdata_updated_struct_errorcorrect.mat,1027,1027,1027,True,,772.0,1,772.0,771,True,2.6805555245751616,3.3696338982275487,4.169054687753767,21.1585216666727,0.09433729783343098,732,732,0,0,True,True,406,23.433165000006557,406,405,361,0,0,44,23.433165000006557,0.9029305971543656,True,valid,0.0836866666640459,0,0.0,False,5.604643363636363,5.604643363636363,822.0,1,822.0,821,True,2.7240315624683986,3.408902438520554,4.200267882027354,20.630096666662332,0.09675265917100802,742,742,0,0,True,True,416,22.818839999994573,416,415,371,0,0,44,22.818839999994573,0.9040817441494502,True,valid,0.08370666666887727,0,0.0,False,5.604466545454545,5.604466545454545,True,True,True,False,0.04347603789323706,0.016219040230523684,0.039268540293005305,0.011653651844392009,0.03121319427358671,0.007486875709563785,-0.528425000010369,-0.024974570923955615,0.0024153613375770405,0.025603461123529146,-0.0001768181818180281,-3.1548516175934925e-05,-0.0001768181818180281,-3.1548516175934925e-05
B3c27,B3,27,5.6C(36%)-4.3C-newstructure,5.6C(36%)-4.3C,constant_two_step,5.6,36.0,4.3,4.8015952143569285,850.0,False,849,849.0,849,0,0,0,0,False,-4.035370439084673e-06,99,0.88002509,False,830,20.0,849.0,677.0,677.0,-7.367222016050511e-05,-0.0007547375999657,10.244534484253183,-0.0006810653798052,0.9564332130061948,-0.0001496973209284,-3.247189944317285e-05,-0.0007727284085498,23.796834241314674,166,166,candidate_knee,657.0,173.0,0.4124977656032899,0.0179712022894591,677.0,candidate_knee,0.0,677.0,candidate_knee,0.0,679.0,candidate_knee,2.0,0.7925211097708083,0.7974087161366313,True,True,True,2018-04-12_batchdata_updated_struct_errorcorrect.mat,849,849,849,True,,652.0,1,652.0,651,True,2.721965195452967,3.428278392870642,4.343998213766403,20.57371500000202,0.18684151666653653,708,708,0,0,True,True,391,23.192743333332086,391,390,345,0,0,45,23.192743333332086,0.8870755263537085,True,valid,0.0837650000001311,0,0.0,False,5.601990454545454,5.601990454545454,702.0,1,702.0,701,True,2.7931838108880944,3.489421053387939,4.374183486419657,19.800763333336604,0.19409767500204436,713,713,0,0,True,True,397,22.19829000000221,397,396,351,0,0,45,22.19829000000221,0.8919949839980752,True,valid,0.08378333333336441,0,0.0,False,5.601043727272727,5.601043727272727,True,True,True,False,0.07121861543512731,0.026164410755177083,0.06114266051729711,0.017834800302229767,0.030185272653254103,0.006948730447815351,-0.772951666665417,-0.03756986361798737,0.0072561583355078285,0.038835899349169714,-0.0009467272727272658,-0.00016899837306204107,-0.0009467272727272658,-0.00016899837306204107
B3c28,B3,28,3.7C(31%)-5.9C-newstructure,3.7C(31%)-5.9C,constant_two_step,3.7,31.0,5.9,4.795167490389896,541.0,False,540,540.0,540,0,0,0,0,False,-0.0001980220853432,99,0.88010961,False,521,20.0,540.0,379.0,379.0,-0.000237603110642,-0.0004886256477167,2.0564783280678567,-0.0002510225370747,0.951848006919261,-0.0002950099610819,-0.0002178165716359,-0.0005575129301264,2.559552406592741,105,105,candidate_knee,359.0,162.0,0.0305379494036567,0.0014704631283848,380.0,candidate_knee,1.0,379.0,candidate_knee,0.0,381.0,candidate_knee,2.0,0.6903846153846154,0.7018518518518518,True,True,True,2018-04-12_batchdata_updated_struct_errorcorrect.mat,540,540,540,True,requested_representative,354.0,1,354.0,353,True,2.8835009850278808,3.5681183862738126,4.416890887808478,19.26520166666596,0.22442387584282153,877,877,0,0,True,True,559,21.80496999999935,559,558,511,0,0,47,21.80496999999935,0.8835234199664816,True,valid,0.08378666666685675,0,0.0,False,5.902675272727272,5.902675272727272,404.0,1,404.0,403,True,2.956453041694353,3.604566596081713,4.252285757844316,18.544214999997834,0.2149832857618328,905,905,0,0,True,True,589,20.9922900000005,589,588,543,0,0,45,20.9922900000005,0.8833821846019367,True,valid,0.08381833333599698,0,0.0,False,5.902716909090909,5.902716909090909,True,True,True,False,0.07295205666647231,0.02529982026892456,0.03644820980790042,0.010214966506748477,-0.164605129964162,-0.03726719408407978,-0.720986666668125,-0.037424298958449426,-0.009440590080988742,-0.042065890028566276,4.163636363685441e-05,7.053812333067197e-06,4.163636363685441e-05,7.053812333067197e-06
B3c29,B3,29,5.9C(15%)-4.6C-newstructure,5.9C(15%)-4.6C,constant_two_step,5.9,15.0,4.6,4.798232044198895,858.0,False,857,857.0,857,0,0,0,0,False,4.077620284476881e-06,99,0.88007307,False,838,20.0,857.0,668.0,668.0,-8.185895780796391e-05,-0.0006835411087584,8.350229798453832,-0.0006016821509504,0.9459730926666128,-0.000160246847943,-3.45286365983166e-05,-0.0007372072048633,21.350602789200472,168,168,candidate_knee,648.0,190.0,0.4023089866589847,0.0217355103416139,669.0,candidate_knee,1.0,668.0,candidate_knee,0.0,671.0,candidate_knee,3.0,0.7741935483870968,0.779463243873979,True,True,True,2018-04-12_batchdata_updated_struct_errorcorrect.mat,857,857,857,True,,643.0,1,643.0,642,True,2.6858355899878514,3.388108355602242,4.265565412856341,20.948114999996807,0.07328372120706554,741,741,0,0,True,True,418,23.678489999996962,418,417,368,0,0,49,23.678489999996962,0.8846896487064629,True,valid,0.08371833333124812,0,0.0,False,5.903833545454544,5.903833545454544,693.0,1,693.0,692,True,2.749487820658161,3.438878249528099,4.2662003391298775,20.274009999997602,0.07570018134583135,754,754,0,0,True,True,431,22.9915899999983,431,430,380,0,0,50,22.9915899999983,0.8818011281516024,True,valid,0.08373833333607772,0,0.0,False,5.904072818181818,5.904072818181818,True,True,True,False,0.06365223067030978,0.023699228243005632,0.050769893925856735,0.014984731477642572,0.0006349262735367844,0.00014884926430224879,-0.674104999999205,-0.032179745051013314,0.0024164601387658136,0.03297403705712523,0.00023927272727330973,4.0528366091474513e-05,0.00023927272727330973,4.0528366091474513e-05
B3c30,B3,30,5.3C(54%)-4C-newstructure,5.3C(54%)-4C,constant_two_step,5.3,54.0,4.0,4.7936687394007915,935.0,False,934,934.0,934,0,0,0,0,False,-3.416536796536511e-06,99,0.88024825,False,915,20.0,934.0,762.0,762.0,-6.105068227936557e-05,-0.0007790804167286,12.761207371338037,-0.0007180297344492,0.9493438801052684,-0.0001279875610425,-2.7517467083878225e-05,-0.0007453635854291,27.086925666420505,183,183,candidate_knee,742.0,173.0,0.4965153218022769,0.0251515396707873,762.0,candidate_knee,0.0,762.0,candidate_knee,0.0,764.0,candidate_knee,2.0,0.811816192560175,0.815845824411135,True,True,True,2018-04-12_batchdata_updated_struct_errorcorrect.mat,934,934,934,True,,737.0,1,737.0,736,True,2.654711650780446,3.3721278856293204,4.3237525282494325,21.286136666669822,0.28890371921048363,703,703,0,0,True,True,378,23.67529833333101,378,377,332,0,0,45,23.67529833333101,0.8990863121121632,True,valid,0.08377333333482972,0,0.0,False,5.305397727272727,5.305397727272727,787.0,1,787.0,786,True,2.7226095551412888,3.4341707371144974,4.380925861906885,20.477370000001972,0.30031285399618735,712,712,0,0,True,True,385,22.87636000000251,385,384,338,0,0,46,22.87636000000251,0.8951323549725448,True,valid,0.08373166666521392,0,0.0,False,5.304177,5.304177,True,True,True,False,0.06789790436084298,0.025576376380041878,0.062042851485176964,0.018398724363206727,0.057173333657452474,0.013223081867870077,-0.8087666666678501,-0.037994995490855325,0.011409134785703712,0.03949113156757762,-0.001220727272726485,-0.0002300915662649118,-0.001220727272726485,-0.0002300915662649118
B3c31,B3,31,5.9C(60%)-3.1C-newstructure,5.9C(60%)-3.1C,constant_two_step,5.9,60.0,3.1,4.813157894736842,731.0,False,730,730.0,730,0,0,0,0,False,-8.999562152133592e-06,99,0.88031369,False,711,20.0,730.0,597.0,597.0,-7.79579909446603e-05,-0.0010384760587672,13.320970001708035,-0.0009605180678225,0.9551278582697466,-0.0001668301383774,-2.8422588151285517e-05,-0.0009888809399931,34.79207926912101,143,143,candidate_knee,577.0,134.0,0.4105045139272158,0.0184202167298508,598.0,candidate_knee,1.0,597.0,candidate_knee,0.0,599.0,candidate_knee,2.0,0.8126760563380282,0.8178082191780822,True,True,True,2018-04-12_batchdata_updated_struct_errorcorrect.mat,730,730,730,True,,572.0,1,572.0,571,True,2.6157892225216326,3.446255927755304,5.034326662928245,21.615013333336297,0.28087700014688993,721,721,0,0,True,True,388,24.360636666669354,388,387,338,0,0,49,24.360636666669354,0.8872926282304573,True,valid,0.08387000000026701,0,0.0,False,5.900826909090909,5.900826909090909,622.0,1,622.0,621,True,2.6112934270863537,3.465566269480476,5.191296205816429,21.292368333336583,0.2856148064506604,731,731,0,0,True,True,391,24.050890000001527,391,390,340,0,0,50,24.050890000001527,0.8853047988384309,True,valid,0.08379666666345109,0,0.0,False,5.909794909090909,5.909794909090909,True,True,True,False,-0.004495795435278893,-0.0017187147177496688,0.019310341725172098,0.00560328139580445,0.15696954288818432,0.031179848547388877,-0.32264499999971363,-0.01492689340617275,0.004737806303770464,0.016867904104973845,0.008968000000000309,0.0015197869956470108,0.008968000000000309,0.0015197869956470108
B3c32,B3,32,4.8C(80%)-4.8C-newstructure,4.8C(80%)-4.8C,constant_two_step,4.8,80.0,4.8,4.8,,True,2237,2237.0,2237,0,0,0,0,False,-1.0736820037105784e-05,99,0.97388279,False,2218,20.0,2237.0,1904.0,1904.0,-3.592533998511532e-05,-9.751152887797812e-05,2.7142827018026647,-6.158618889286281e-05,0.9269640902202388,-3.9683703219189103e-05,-3.125573678759035e-05,-8.300856534313498e-05,2.6557865491141572,444,444,candidate_knee,1884.0,334.0,0.0310294022084668,0.0022662606202175,1904.0,candidate_knee,0.0,1904.0,candidate_knee,0.0,1906.0,candidate_knee,2.0,0.8497970230040596,0.8511399195350916,True,True,True,2018-04-12_batchdata_updated_struct_errorcorrect.mat,2237,2237,2237,True,,1879.0,1,1879.0,1878,True,2.8288744937516093,3.336524448185288,3.129864491939715,19.398278333339842,0.0,674,674,0,0,True,True,370,21.546201666661847,370,369,325,0,0,44,21.546201666661847,0.9003108127106478,True,valid,0.08347999999920575,0,0.0,False,4.371244272727273,4.371244272727273,1929.0,1,1929.0,1928,True,2.8358748979374013,3.3435316866586073,3.137017702938685,19.305080000000697,0.0,676,676,0,0,True,True,371,21.504893333325164,371,370,325,0,0,45,21.504893333325164,0.897706382485724,True,valid,0.08348666665454729,0,0.0,False,4.370543727272727,4.370543727272727,True,True,True,False,0.007000404185792064,0.0024746252268364995,0.007007238473319521,0.002100160985522138,0.007153210998970039,0.0022854698717441526,-0.09319833333914573,-0.004804464176543217,0.0,,-0.0007005454545456757,-0.00016026225276781362,-0.0007005454545456757,-0.00016026225276781362
B3c33,B3,33,5C(67%)-4C-newstructure,5C(67%)-4C,constant_two_step,5.0,67.0,4.0,4.804804804804805,1284.0,False,1283,1283.0,1283,0,0,0,0,False,-1.2591045145330918e-05,99,0.88079751,False,1264,20.0,1283.0,1088.0,1088.0,-5.3377144468213855e-05,-0.0006232396477559,11.6761519179266,-0.0005698625032877,0.9770267219989858,-9.005690115671393e-05,-3.4482331408178745e-05,-0.000518295392893,15.030752612340748,253,253,candidate_knee,1068.0,196.0,0.5000736882957395,0.0114883318622105,1088.0,candidate_knee,0.0,1088.0,candidate_knee,0.0,1090.0,candidate_knee,2.0,0.8456057007125891,0.848012470771629,True,True,True,2018-04-12_batchdata_updated_struct_errorcorrect.mat,1283,1283,1283,True,,1063.0,1,1063.0,1062,True,2.9268621917113014,3.5699822942236183,4.178251291801047,18.68617999999939,0.22325758074381882,652,652,0,0,True,True,354,20.86560500000293,354,353,310,0,0,43,20.86560500000293,0.8955493981601188,True,valid,0.08377000000327817,0,0.0,False,5.00524,5.00524,1113.0,1,1113.0,1112,True,2.9982119880147167,3.6285713937351716,4.1772552343580465,18.03059500000284,0.25895375463789344,670,670,0,0,True,True,372,20.141788333328442,372,371,328,0,0,43,20.141788333328442,0.8951834217306202,True,valid,0.08376166666857898,0,0.0,False,5.006540454545454,5.006540454545454,True,True,True,False,0.07134979630341531,0.024377572851046306,0.05858909951155322,0.016411593863183256,-0.0009960574430003533,-0.00023839098547157988,-0.6555849999965488,-0.03508394974235345,0.03569617389407462,0.1598878469216903,0.0013004545454542438,0.00025981861917795027,0.0013004545454542438,0.00025981861917795027
B3c34,B3,34,5.3C(54%)-4C-newstructure,5.3C(54%)-4C,constant_two_step,5.3,54.0,4.0,4.7936687394007915,1158.0,False,1157,1157.0,1157,0,0,0,0,False,-2.1157972789115335e-05,99,0.88017184,False,1138,20.0,1157.0,923.0,923.0,-5.896638046492681e-05,-0.0005566168829084,9.439563332864823,-0.0004976505024435,0.9888181450872284,-0.0001136512291648,-3.9476272303597307e-05,-0.0005627230432393,14.254715817938555,228,228,candidate_knee,903.0,235.0,0.5387623055574803,0.006024361933214,923.0,candidate_knee,0.0,923.0,candidate_knee,0.0,924.0,candidate_knee,1.0,0.7941952506596306,0.797752808988764,True,True,True,2018-04-12_batchdata_updated_struct_errorcorrect.mat,1157,1157,1157,True,,898.0,1,898.0,897,True,2.8793341500498,3.5497945694863438,4.310476337911734,19.108093333321932,0.32180519764939225,658,658,0,0,True,True,358,21.679714999999852,358,357,310,0,0,47,21.679714999999852,0.8813812051183358,True,valid,0.08379000000034775,0,0.0,False,5.303233727272727,5.303233727272727,948.0,1,948.0,947,True,2.9380660671038545,3.6005123400907717,4.331456896478814,18.531331666659874,0.3318412706102172,668,668,0,0,True,True,367,21.069416666667287,367,366,320,0,0,46,21.069416666667287,0.8795370066403988,True,valid,0.08379000000034775,0,0.0,False,5.301773727272727,5.301773727272727,True,True,True,False,0.05873191705405434,0.020397742670137303,0.05071777060442795,0.014287522731707492,0.020980558567080365,0.004867341083061059,-0.5767616666620583,-0.030184155823452248,0.010036072960824927,0.03118679572030797,-0.0014599999999997948,-0.0002753037250633536,-0.0014599999999997948,-0.0002753037250633536
B3c35,B3,35,5.6C(19%)-4.6C-newstructure,5.6C(19%)-4.6C,constant_two_step,5.6,19.0,4.6,4.803729603729602,1093.0,False,1092,1092.0,1092,0,0,0,0,False,-1.953093877550982e-05,99,0.88011736,False,1073,20.0,1092.0,851.0,851.0,-6.373364679807764e-05,-0.0005428999569362,8.518262867591622,-0.0004791663101381,0.9702195292591042,-0.0001256258565117,-3.3951725228815004e-05,-0.0005756321614504,16.954430373448808,215,215,candidate_knee,831.0,242.0,0.517035382968531,0.0153975570945021,851.0,candidate_knee,0.0,851.0,candidate_knee,0.0,853.0,candidate_knee,2.0,0.7751865671641791,0.7793040293040293,True,True,True,2018-04-12_batchdata_updated_struct_errorcorrect.mat,1092,1092,1092,True,,826.0,1,826.0,825,True,2.88633800992957,3.528271374273018,4.11775178295022,19.089288333337755,0.10455332485828756,728,728,0,0,True,True,423,21.576501666669113,423,422,375,0,0,47,21.576501666669113,0.8847258294344561,True,valid,0.08386499999711905,0,0.0,False,5.605631727272726,5.605631727272726,876.0,1,876.0,875,True,2.949213346892022,3.576356104426565,4.092463620183112,18.473071666667238,0.10804822023722134,740,740,0,0,True,True,438,20.957615000001777,438,437,391,0,0,46,20.957615000001777,0.8814491375409689,True,valid,0.08379999999888454,0,0.0,False,5.606197,5.606197,True,True,True,False,0.06287533696245218,0.02178377471597182,0.04808473015354675,0.013628410360995647,-0.02528816276710799,-0.006141254767180244,-0.6162166666705176,-0.03228075640695047,0.003494895378933785,0.03342691763911664,0.0005652727272735802,0.00010084014697636923,0.0005652727272735802,0.00010084014697636923
B3c36,B3,36,5.6C(36%)-4.3C-newstructure,5.6C(36%)-4.3C,constant_two_step,5.6,36.0,4.3,4.8015952143569285,923.0,False,922,922.0,922,0,0,0,0,False,-2.197191960420531e-05,99,0.88060242,False,903,20.0,922.0,786.0,786.0,-7.083296386244094e-05,-0.0008042036474273,11.353522478448454,-0.0007333706835649,0.9313143477252808,-0.0001160391205759,-4.128865237892866e-05,-0.0006427005205107,15.56603288023016,181,181,candidate_knee,766.0,137.0,0.2994321000633393,0.0205666891048394,786.0,candidate_knee,0.0,786.0,candidate_knee,0.0,791.0,candidate_knee,5.0,0.8492239467849224,0.8524945770065075,True,True,True,2018-04-12_batchdata_updated_struct_errorcorrect.mat,922,922,922,True,,761.0,1,761.0,760,True,2.8528159751239617,3.534840781824021,4.3565403649237755,19.17554166667008,0.20042549744315852,732,732,0,0,True,True,426,21.789398333333278,426,425,377,0,0,48,21.789398333333278,0.8800399796875283,True,valid,0.08383666666923162,0,0.0,False,5.603877,5.603877,811.0,1,811.0,810,True,2.8631901570399116,3.5513610894252845,4.414307712113711,18.84673500000499,0.20392918439322982,768,768,0,0,True,True,450,21.420963333337568,450,449,404,0,0,45,21.420963333337568,0.8798266775740057,True,valid,0.08379833333504694,0,0.0,False,5.603186909090908,5.603186909090908,True,True,True,False,0.010374181915949965,0.0036364707735833477,0.01652030760126344,0.004673564842357273,0.05776734718993559,0.01325991322266707,-0.3288066666650913,-0.01714719053994734,0.0035036869500713053,0.017481243628021753,-0.0006900909090914453,-0.000123145263375953,-0.0006900909090914453,-0.000123145263375953
B3c37,B3,37,4.8C(80%)-4.8C-newstructure,4.8C(80%)-4.8C,constant_two_step,4.8,80.0,4.8,4.8,1390.0,False,1389,1389.0,1389,0,0,0,0,False,-2.0516487322200843e-06,99,0.88049883,False,1370,20.0,1389.0,1170.0,1170.0,-5.493315907129264e-05,-0.0004560574657379,8.30204330950687,-0.0004011243066666,0.9391307760722224,-8.252423837788774e-05,-3.694114125290769e-05,-0.0003890800856763,10.532432742470904,274,274,candidate_knee,1150.0,220.0,0.3576939199785486,0.0217725513127788,1170.0,candidate_knee,0.0,1170.0,candidate_knee,0.0,1171.0,candidate_knee,1.0,0.8400292184075968,0.8423326133909287,True,True,True,2018-04-12_batchdata_updated_struct_errorcorrect.mat,1389,1389,1389,True,,1145.0,1,1145.0,1144,True,2.875606435417769,3.3873470592083543,3.205007728111399,18.679184999992138,0.0,712,712,0,0,True,True,407,21.372666666664493,407,406,359,0,0,47,21.372666666664493,0.8739754047222639,True,valid,0.08351333333800426,0,0.0,False,4.374420818181818,4.374420818181818,1195.0,1,1195.0,1194,True,2.95267352629418,3.4443207676537844,3.145064597612647,18.025436666662184,0.0,713,713,0,0,True,True,404,20.40836666666437,404,403,358,0,0,45,20.40836666666437,0.8832375937318622,True,valid,0.08355166666830627,0,0.0,False,4.373394363636364,4.373394363636364,True,True,True,False,0.07706709087641128,0.026800291558401298,0.05697370844543004,0.016819566300580128,-0.059943130498751884,-0.018702959737970527,-0.6537483333299541,-0.03499876109852915,0.0,,-0.0010264545454541363,-0.00023464924572135044,-0.0010264545454541363,-0.00023464924572135044
B3c38,B3,38,5C(67%)-4C-newstructure,5C(67%)-4C,constant_two_step,5.0,67.0,4.0,4.804804804804805,1935.0,False,1934,1934.0,1934,0,0,0,0,False,-8.787589363017988e-06,99,0.88000458,False,1915,20.0,1934.0,1523.0,1523.0,-4.2580163724478354e-05,-0.0002894747210437,6.798346829215566,-0.0002468945573193,0.9730375161436008,-7.188140017113508e-05,-2.8077577282373934e-05,-0.0002994999881957,10.666874324081167,383,383,candidate_knee,1503.0,412.0,0.7041831506871348,0.0189865268323501,1523.0,candidate_knee,0.0,1523.0,candidate_knee,0.0,1524.0,candidate_knee,1.0,0.7852664576802508,0.7874870734229577,True,True,True,2018-04-12_batchdata_updated_struct_errorcorrect.mat,1934,1934,1934,True,longest_finite_life_candidate_in_batch,1498.0,1,1498.0,1497,True,2.951604369597143,3.5806286684484783,4.108933306690176,18.592941666666107,0.16368027662868734,670,670,0,0,True,True,365,20.812464999997367,365,364,319,0,0,45,20.812464999997367,0.8933560568951567,True,valid,0.08353166667123801,0,0.0,False,5.002999727272727,5.002999727272727,1548.0,1,1548.0,1547,True,2.9951621818725433,3.617638677063275,4.116313102064629,18.1738850000004,0.1940267297470638,666,666,0,0,True,True,362,20.32833999999954,362,361,317,0,0,44,20.32833999999954,0.8940171701182099,True,valid,0.08349833333243906,0,0.0,False,5.004217,5.004217,True,True,True,False,0.043557812275400565,0.01475733425660488,0.03701000861479686,0.010336176141614167,0.007379795374452769,0.0017960367870748757,-0.41905666666570696,-0.022538481224679056,0.03034645311837647,0.18540079320135885,0.001217272727272345,0.0002433085735816967,0.001217272727272345,0.0002433085735816967
B3c39,B3,39,5.3C(54%)-4C-newstructure,5.3C(54%)-4C,constant_two_step,5.3,54.0,4.0,4.7936687394007915,1156.0,False,1155,1155.0,1155,0,0,0,0,False,-6.583238095237747e-06,99,0.88043225,False,1136,20.0,1155.0,984.0,984.0,-5.5384800978413346e-05,-0.0006179061600404,11.15660161496843,-0.000562521359062,0.9510211356656084,-8.997550457431732e-05,-3.465657694772687e-05,-0.0005038915862777,14.539565954183203,228,228,candidate_knee,964.0,172.0,0.34239639508538,0.0167701865834715,984.0,candidate_knee,0.0,984.0,candidate_knee,0.0,989.0,candidate_knee,5.0,0.8493392070484581,0.8519480519480519,True,True,True,2018-04-12_batchdata_updated_struct_errorcorrect.mat,1155,1155,1155,True,,959.0,1,959.0,958,True,2.9669309253153187,3.6227632463114667,4.321734423232785,18.28330166666613,0.3363182323972173,667,667,0,0,True,True,370,20.651043333330502,370,369,325,0,0,44,20.651043333330502,0.8853451794930444,True,valid,0.08381666666051935,0,0.0,False,5.303202545454545,5.303202545454545,1009.0,1,1009.0,1008,True,3.0292402862864365,3.673798220614593,4.320496653730217,17.72098999998998,0.3469827679124034,681,681,0,0,True,True,383,20.119819999998434,383,382,336,0,0,46,20.119819999998434,0.8807727902133994,True,valid,0.08382833333065154,0,0.0,False,5.303424454545453,5.303424454545453,True,True,True,False,0.06230936097111783,0.021001284674160636,0.0510349743031262,0.014087305968748496,-0.0012377695025680424,-0.0002864057300499632,-0.5623116666761518,-0.030755477152212114,0.010664535515186091,0.0317096561764468,0.0002219090909081345,4.184435518087766e-05,0.0002219090909081345,4.184435518087766e-05
B3c40,B3,40,5.6C(19%)-4.6C-newstructure,5.6C(19%)-4.6C,constant_two_step,5.6,19.0,4.6,4.803729603729602,796.0,False,795,795.0,795,0,0,0,0,False,-7.692147186147422e-06,99,0.88070726,False,776,20.0,795.0,622.0,622.0,-8.343037709282785e-05,-0.0007166319412733,8.589580513054983,-0.0006332015641805,0.9481907093271104,-0.0001642352149972,-3.48168853029033e-05,-0.0007664805807795,22.01462233370971,156,156,candidate_knee,602.0,174.0,0.3445492954704803,0.0178508546001694,623.0,candidate_knee,1.0,622.0,candidate_knee,0.0,626.0,candidate_knee,4.0,0.7767741935483871,0.7823899371069183,True,True,True,2018-04-12_batchdata_updated_struct_errorcorrect.mat,795,795,795,True,,597.0,1,597.0,596,True,2.6939247174918477,3.3890387016091843,4.228352937491336,20.895386666668735,0.09553313473062901,732,732,0,0,True,True,410,23.567386666669822,410,409,361,0,0,48,23.567386666669822,0.8866229829470247,True,valid,0.08381666666828114,0,0.0,False,5.6036862727272725,5.6036862727272725,647.0,1,647.0,646,True,2.76245992711295,3.446057832464173,4.244129735782786,20.145653333324784,0.0990820149954375,749,749,0,0,True,True,428,22.641473333331913,428,427,379,0,0,48,22.641473333331913,0.8897677742405182,True,valid,0.08379833333505005,0,0.0,False,5.604435272727272,5.604435272727272,True,True,True,False,0.06853520962110249,0.02544065510669189,0.05701913085498855,0.01682457353700762,0.015776798291449623,0.00373119238736252,-0.7497333333439506,-0.03588032828987498,0.003548880264808499,0.037148160947666334,0.0007489999999998886,0.00013366201524257637,0.0007489999999998886,0.00013366201524257637
B3c41,B3,41,5.6C(36%)-4.3C-newstructure,5.6C(36%)-4.3C,constant_two_step,5.6,36.0,4.3,4.8015952143569285,786.0,False,785,785.0,785,0,0,0,0,False,9.73224489795927e-06,99,0.88062328,False,766,20.0,785.0,605.0,605.0,-6.580991367705537e-05,-0.0007111224004344,10.80570328543581,-0.0006453124867573,0.9544561346983992,-0.0001564176333658,-1.62973248888998e-05,-0.0007799721579634,47.85890710779915,154,154,candidate_knee,585.0,181.0,0.3819346761860513,0.017394781446228,605.0,candidate_knee,0.0,605.0,candidate_knee,0.0,608.0,candidate_knee,3.0,0.7647058823529411,0.7707006369426752,True,True,True,2018-04-12_batchdata_updated_struct_errorcorrect.mat,785,785,785,True,,580.0,1,580.0,579,True,2.678691333846945,3.3943761025479287,4.346401863521743,21.03143666666777,0.18276233558382848,723,723,0,0,True,True,398,23.421226666665948,398,397,354,0,0,43,23.421226666665948,0.8979647806662737,True,valid,0.08381333333284857,0,0.0,False,5.603724363636363,5.603724363636363,630.0,1,630.0,629,True,2.7338734233760444,3.4448130128698438,4.392672798595558,20.344676666664114,0.18889845596827698,736,736,0,0,True,True,408,22.84248333333526,408,407,360,0,0,47,22.84248333333526,0.8906508267852837,True,valid,0.08382166666366775,0,0.0,False,5.603273545454544,5.603273545454544,True,True,True,False,0.05518208952909953,0.02060039125517719,0.05043691032191511,0.014858963414235543,0.046270935073814634,0.010645802327243357,-0.6867600000036553,-0.03265397466127862,0.006136120384448496,0.03357431587228766,-0.0004508181818190238,-8.044974245065817e-05,-0.0004508181818190238,-8.044974245065817e-05
B3c42,B3,42,4.8C(80%)-4.8C-newstructure,4.8C(80%)-4.8C,constant_two_step,4.8,80.0,4.8,4.8,1642.0,False,1641,1641.0,1641,0,0,0,0,False,1.8104885590601044e-06,99,0.88037544,False,1622,20.0,1641.0,1298.0,1298.0,-5.198561352319624e-05,-0.0003546762519688,6.822584710106569,-0.0003026906384456,0.9530273070204134,-8.696172613831206e-05,-2.556095992169604e-05,-0.0003644125361578,14.256606061517834,325,325,candidate_knee,1278.0,344.0,0.6360645202361033,0.0298776634242585,1298.0,candidate_knee,0.0,1298.0,candidate_knee,0.0,1299.0,candidate_knee,1.0,0.7884022208513264,0.7909811090798293,True,True,True,2018-04-12_batchdata_updated_struct_errorcorrect.mat,1641,1641,1641,True,,1273.0,1,1273.0,1272,True,2.6781768421513186,3.232942883028143,3.2792884870867134,20.722326666667744,0.0,726,726,0,0,True,True,405,22.784770000004208,405,404,361,0,0,43,22.784770000004208,0.9094814942904369,True,valid,0.08348333333463653,0,0.0,False,4.370949454545454,4.370949454545454,1323.0,1,1323.0,1322,True,2.728575159398186,3.271405437425403,3.256971135531657,20.20272666666036,0.0,711,711,0,0,True,True,390,22.216391666668155,390,389,347,0,0,42,22.216391666668155,0.9093612936690818,True,valid,0.08347666666377318,0,0.0,False,4.367325545454545,4.367325545454545,True,True,True,False,0.050398317246867386,0.018818143915539036,0.038462554397260096,0.01189707204515598,-0.02231735155505632,-0.006805546887057451,-0.519600000007383,-0.025074404451077857,0.0,,-0.003623909090909372,-0.0008290896814514253,-0.003623909090909372,-0.0008290896814514253
B3c43,B3,43,5C(67%)-4C-newstructure,5C(67%)-4C,constant_two_step,5.0,67.0,4.0,4.804804804804805,1046.0,False,1045,1045.0,1045,0,0,0,0,False,3.0410142238714205e-06,99,0.88060749,False,1026,20.0,1045.0,868.0,868.0,-5.6954035443558425e-05,-0.0007933535472824,13.929716149238583,-0.0007363995118388,0.967118432855305,-0.0001154482255428,-2.1487788267836268e-05,-0.0007151777224069,33.28298443248698,206,206,candidate_knee,848.0,178.0,0.5911988443730272,0.0194395444971178,868.0,candidate_knee,0.0,868.0,candidate_knee,0.0,869.0,candidate_knee,1.0,0.8273170731707317,0.830622009569378,True,True,True,2018-04-12_batchdata_updated_struct_errorcorrect.mat,1045,1045,1045,True,,843.0,1,843.0,842,True,2.6749283768429595,3.369449421503717,4.1979475828320245,21.115806666668504,0.26000663042132244,722,722,0,0,True,True,394,23.512945000004645,394,393,350,0,0,43,23.512945000004645,0.8980502725908784,True,valid,0.0836599999961134,0,0.0,False,5.0038493636363635,5.0038493636363635,893.0,1,893.0,892,True,2.7476792780530257,3.4316849898446664,4.226720454483193,20.305545000002407,0.168143407574631,727,727,0,0,True,True,399,22.63915166667042,399,398,352,0,0,46,22.63915166667042,0.8969216381856052,True,valid,0.08366333333154508,0,0.0,False,5.009800272727273,5.009800272727273,True,True,True,False,0.07275090121006622,0.027197326791952945,0.06223556834094923,0.018470545348971214,0.028772871651168153,0.0068540330919895295,-0.8102616666660971,-0.03837228098631451,-0.09186322284669143,-0.3533110778668742,0.005950909090909562,0.0011892662345424718,0.005950909090909562,0.0011892662345424718
B3c44,B3,44,5.3C(54%)-4C-newstructure,5.3C(54%)-4C,constant_two_step,5.3,54.0,4.0,4.7936687394007915,940.0,False,939,939.0,939,0,0,0,0,False,4.689736549164844e-06,99,0.88046378,False,920,20.0,939.0,787.0,787.0,-5.994387700450192e-05,-0.000885215039941,14.76739717510429,-0.0008252711629365,0.9395126534986892,-0.0001204529105378,-1.8680152665138426e-05,-0.0007588823520785,40.62506156573395,184,184,candidate_knee,767.0,153.0,0.497564166950318,0.03009633617296,788.0,candidate_knee,1.0,787.0,candidate_knee,0.0,790.0,candidate_knee,3.0,0.8346028291621328,0.838125665601704,True,True,True,2018-04-12_batchdata_updated_struct_errorcorrect.mat,939,939,939,True,,762.0,1,762.0,761,True,2.6383674248190117,3.360149213205963,4.329620066662548,21.452011666664234,0.28666864293973543,719,719,0,0,True,True,389,23.964411666671126,389,388,341,0,0,47,23.964411666671126,0.8951612067530517,True,valid,0.08383000000224783,0,0.0,False,5.304232545454545,5.304232545454545,812.0,1,812.0,811,True,2.6927962505955323,3.4127469180238927,4.395689879260222,20.747206666662045,0.2963853224496998,733,733,0,0,True,True,405,23.250014999997802,405,404,355,0,0,49,23.250014999997802,0.8923523991990545,True,valid,0.08364666666990761,0,0.0,False,5.3034349090909085,5.3034349090909085,True,True,True,False,0.05442882577652064,0.02062973688369215,0.0525977048179298,0.01565338366856204,0.0660698125976742,0.015259956204102585,-0.7048050000021888,-0.03285496068871872,0.009716679509964354,0.03389515996699727,-0.0007976363636368333,-0.0001503773367403295,-0.0007976363636368333,-0.0001503773367403295
B3c45,B3,45,4.8C(80%)-4.8C-newstructure,4.8C(80%)-4.8C,constant_two_step,4.8,80.0,4.8,4.8,1801.0,False,1800,1800.0,1800,0,0,0,0,False,-1.258453927026678e-07,99,0.88047254,False,1781,20.0,1800.0,1428.0,1428.0,-4.6393512725043386e-05,-0.0003369463626472,7.262790482027243,-0.0002905528499222,0.9675379727725336,-7.920714121455427e-05,-2.548108346973206e-05,-0.0003434589980978,13.478979357603478,357,357,candidate_knee,1408.0,373.0,0.7435643392576206,0.024137605826354,1428.0,candidate_knee,0.0,1428.0,candidate_knee,0.0,1429.0,candidate_knee,1.0,0.7910112359550562,0.7933333333333333,True,True,True,2018-04-12_batchdata_updated_struct_errorcorrect.mat,1800,1800,1800,True,,1403.0,1,1403.0,1402,True,2.775007489784286,3.3004983262425944,3.1926226331712817,19.84131166666436,0.0,691,691,0,0,True,True,382,22.09248999999836,382,381,337,0,0,44,22.09248999999836,0.8981021001555657,True,valid,0.0834849999984737,0,0.0,False,4.368816727272727,4.368816727272727,1453.0,1,1453.0,1452,True,2.7957792490446085,3.3183519682908247,3.1950781760711546,19.608225000005525,0.0,693,693,0,0,True,True,385,21.682520000000174,385,384,342,0,0,42,21.682520000000174,0.9043333062764554,True,valid,0.08347833332760879,0,0.0,False,4.369385454545454,4.369385454545454,True,True,True,False,0.020771759260322487,0.007485298449388031,0.017853642048230256,0.005409377701019919,0.002455542899872931,0.0007691303301429653,-0.23308666665883493,-0.011747543235785505,0.0,,0.0005687272727268322,0.00013017878941373338,0.0005687272727268322,0.00013017878941373338
