cell_key,batch,cell_index,policy,policy_canonical,policy_type,c1,switch_soc_pct,c2,c_eff_0_80,cycle_life,life_label_missing,n_raw,summary_cycle_last,n_valid_qd,n_placeholder,n_invalid,n_high_capacity,n_isolated_spike,high_capacity_cell,early_2_100_qd_slope,early_2_100_n,qd_endpoint_raw,terminal_qd_jump_gt_0_10,n_fit,fit_start,fit_end,best_hinge_cycle,candidate_knee_cycle,pre_slope,post_slope,slope_acceleration_ratio,slope_difference,sse_improvement_fraction,linear_slope,early20_slope,late20_slope,late20_over_early20_ratio,early20_n,late20_n,status,pre_segment_n,post_segment_n,sse_linear,sse_hinge,w7_candidate_knee,w7_status,w7_knee_shift,eol_cut_candidate_knee,eol_cut_status,eol_cut_knee_shift,start50_candidate_knee,start50_status,start50_knee_shift,knee_observed_position,candidate_knee_observed_end_fraction,window_stable_candidate,cutoff_stable_candidate,late20_accelerates_vs_early20,newstructure_suffix,c2_active,c_max,source_collection_issue_index_candidate,cycle10_rms_c_timeweighted,cycle10_mean_c_timeweighted,cycle10_time_fraction_above_5c,window_cycles,post_window_reaches_life_label,post_window_after_life_label,complete_observation_windows,qd_at_knee,qd_knee_ratio_to_early_median,before_cycle_min,before_cycle_max,before_chargetime_20min_candidate_n,before_chargetime_gt60_n,before_chargetime_repeated_previous_candidate_n,before_qd_n,before_qd_median,before_qd_mean,before_qd_slope,before_qc_n,before_qc_median,before_qc_mean,before_qc_slope,before_ir_n,before_ir_median,before_ir_mean,before_ir_slope,before_tavg_n,before_tavg_median,before_tavg_mean,before_tavg_slope,before_tmax_n,before_tmax_median,before_tmax_mean,before_tmax_slope,before_chargetime_n,before_chargetime_median,before_chargetime_mean,before_chargetime_slope,before_chargetime_qc_n,before_chargetime_qc_median,before_chargetime_qc_mean,before_chargetime_qc_slope,before_qd_qc_ratio_n,before_qd_qc_ratio_median,before_qd_qc_ratio_mean,before_qd_qc_ratio_slope,after_cycle_min,after_cycle_max,after_chargetime_20min_candidate_n,after_chargetime_gt60_n,after_chargetime_repeated_previous_candidate_n,after_qd_n,after_qd_median,after_qd_mean,after_qd_slope,after_qc_n,after_qc_median,after_qc_mean,after_qc_slope,after_ir_n,after_ir_median,after_ir_mean,after_ir_slope,after_tavg_n,after_tavg_median,after_tavg_mean,after_tavg_slope,after_tmax_n,after_tmax_median,after_tmax_mean,after_tmax_slope,after_chargetime_n,after_chargetime_median,after_chargetime_mean,after_chargetime_slope,after_chargetime_qc_n,after_chargetime_qc_median,after_chargetime_qc_mean,after_chargetime_qc_slope,after_qd_qc_ratio_n,after_qd_qc_ratio_median,after_qd_qc_ratio_mean,after_qd_qc_ratio_slope,delta_qd_median,delta_qd_slope,delta_qc_median,delta_qc_slope,delta_ir_median,delta_ir_slope,delta_tavg_median,delta_tavg_slope,delta_tmax_median,delta_tmax_slope,delta_chargetime_median,delta_chargetime_slope,delta_chargetime_qc_median,delta_chargetime_qc_slope,delta_qd_qc_ratio_median,delta_qd_qc_ratio_slope,delta_ir_pct,fade_before_mah_per_cycle,fade_after_mah_per_cycle,fade_acceleration_delta
B1c1,B1,1,3.6C(80%)-3.6C,3.6C(80%)-3.6C,constant_two_step,3.6,80.0,3.6,3.6,1179.0,False,1178,1178.0,1177,1,0,0,0,False,5.5352925170070685e-06,99,1.0382246,False,1159,20.0,1178.0,422.0,422.0,-2.458468740572228e-05,-4.389632413510106e-05,1.7855148373732763,-1.931163672937878e-05,0.909573900275248,-3.8526789453952206e-05,-2.367533361266527e-05,-4.685950010474944e-05,1.9792540570444868,232,232,candidate_knee,402.0,757.0,0.0024782984102448,0.0002241028591924,422.0,candidate_knee,0.0,422.0,candidate_knee,0.0,425.0,candidate_knee,3.0,0.3471502590673575,0.3582342954159592,True,True,True,False,,3.6,False,2.575318556984326,2.1247506496403896,0.0,50,False,False,True,1.0730126,0.992041479975374,372.0,421.0,0,0,0,50,1.0733191999999998,1.073296432,-2.672338055222022e-05,50,1.0730998,1.073088482,-2.7372653061215713e-05,50,0.0167185535,0.01667878,-1.4386523889555594e-06,50,32.8899172043301,33.03436799690604,0.009659931177861373,50,35.9381195,36.05366289999999,0.010451006530612844,50,13.34175499999983,13.378663666666634,0.0004299191676668812,50,13.34175499999983,13.378663666666634,0.0004299191676668812,50,1.0001976776479133,1.0001937893833528,6.099627259790021e-07,423.0,472.0,0,0,1,50,1.0716123,1.0714605160000001,-3.949570228091515e-05,50,1.07142545,1.07126945,-3.946158463385871e-05,50,0.016778670500000002,0.0167372695,2.0670778871550752e-06,50,32.68127455276516,32.90168742641367,-0.0030539204018932287,50,35.8155175,35.9888013,0.0009416778391357229,50,13.341739166666715,13.39872059999994,0.002447709003600157,50,13.341739166666715,13.39872059999994,0.002447709003600157,50,1.000182739693303,1.000178354596886,-2.510897598153015e-08,-0.0017068999999998447,-1.277232172869493e-05,-0.0016743500000000466,-1.2088931572643e-05,6.011700000000189e-05,3.5057302761106347e-06,-0.20864265156493644,-0.012713851579754602,-0.12260200000000054,-0.009509328691477121,-1.5833333115722326e-05,0.0020177898359332756,-1.5833333115722326e-05,0.0020177898359332756,-1.4937954610383386e-05,-6.350717019605323e-07,0.35958254402811757,0.02672338055222022,0.03949570228091515,0.012772321728694934
B1c1,B1,1,3.6C(80%)-3.6C,3.6C(80%)-3.6C,constant_two_step,3.6,80.0,3.6,3.6,1179.0,False,1178,1178.0,1177,1,0,0,0,False,5.5352925170070685e-06,99,1.0382246,False,1159,20.0,1178.0,422.0,422.0,-2.458468740572228e-05,-4.389632413510106e-05,1.7855148373732763,-1.931163672937878e-05,0.909573900275248,-3.8526789453952206e-05,-2.367533361266527e-05,-4.685950010474944e-05,1.9792540570444868,232,232,candidate_knee,402.0,757.0,0.0024782984102448,0.0002241028591924,422.0,candidate_knee,0.0,422.0,candidate_knee,0.0,425.0,candidate_knee,3.0,0.3471502590673575,0.3582342954159592,True,True,True,False,,3.6,False,2.575318556984326,2.1247506496403896,0.0,100,False,False,True,1.0730126,0.992041479975374,322.0,421.0,0,0,1,100,1.07413685,1.0740347479999999,-2.642979537953782e-05,100,1.0739489500000001,1.073831022,-2.666677587758404e-05,100,0.016733896999999998,0.0167027752,-2.043116063606479e-06,100,32.77042480267677,32.90697728830716,0.009463596070039255,100,35.806366,35.93383899,0.008713063444344525,100,13.341801666666651,13.380374783333288,-5.227213721239932e-05,100,13.341801666666651,13.380374783333288,-5.227213721239932e-05,100,1.000193049854711,1.0001897233200578,2.2547660296699294e-07,423.0,522.0,0,0,1,100,1.0706626,1.07009466,-5.381045664566947e-05,100,1.0704707999999998,1.069894488,-5.417854425441938e-05,100,0.016823748,0.01691421319,6.897353909390907e-06,100,32.568333572906155,32.278614822443735,-0.023981410108895714,100,35.70143899999999,35.45993961999999,-0.02006662756675669,100,13.34165083333343,13.386993566666652,-6.292413241183646e-05,100,13.34165083333343,13.386993566666652,-6.292413241183646e-05,100,1.0001875228930048,1.0001871116860896,3.538319029400142e-07,-0.003474250000000012,-2.7380661266131647e-05,-0.0034781500000002907,-2.751176837683534e-05,8.98510000000019e-05,8.940469972997386e-06,-0.2020912297706161,-0.03344500617893497,-0.10492700000000355,-0.028779691011101213,-0.00015083333322074566,-1.0651995199437138e-05,-0.00015083333322074566,-1.0651995199437138e-05,-5.526961706081579e-06,1.2835529997302125e-07,0.5369400803650334,0.02642979537953782,0.05381045664566947,0.02738066126613165
B1c2,B1,2,3.6C(80%)-3.6C,3.6C(80%)-3.6C,constant_two_step,3.6,80.0,3.6,3.6,1177.0,False,1176,1176.0,1175,1,0,0,0,False,1.0295625231910926e-05,99,1.0432786,False,1157,20.0,1176.0,446.0,446.0,-2.373791829868497e-05,-4.4632641766138186e-05,1.880225603801608,-2.0894723467453216e-05,0.8518477598253054,-3.8208072855995296e-05,-2.133551771227153e-05,-4.5119630580312074e-05,2.114766146703844,232,232,candidate_knee,426.0,731.0,0.0033358635289151,0.0004942156547258,446.0,candidate_knee,0.0,446.0,candidate_knee,0.0,453.0,candidate_knee,7.0,0.3685121107266436,0.3792517006802721,True,True,True,False,,3.6,False,2.5729730092541745,2.1257918400304483,0.0,50,False,False,True,1.0763732,0.9914324252529393,396.0,445.0,0,0,0,50,1.07714815,1.0769851899999998,-3.8456926770696575e-05,50,1.07689575,1.076719816,-3.824398559423522e-05,50,0.016616989,0.016570160459999997,2.092377671068405e-06,50,33.06136645427539,33.22422319407335,-0.004877025666417655,50,36.558803499999996,36.66531072,-0.0018629888115247839,50,13.34174666666707,13.371953833333372,0.0001342533013196028,50,13.34174666666707,13.371953833333372,0.0001342533013196028,50,1.0002440159111465,1.0002464637512833,-1.8897652364084004e-07,447.0,496.0,0,0,0,50,1.07527935,1.0748404260000002,-6.92983097238847e-05,50,1.0750144000000001,1.074578634,-6.968053301320047e-05,50,0.0166980205,0.016742289199999996,1.3508772436974813e-05,50,32.826200376605556,32.66792952595294,-0.04858977998202527,50,36.372707500000004,36.194628740000006,-0.04207167687875152,50,13.425744166666785,13.387069233333388,0.0003365209283662407,50,13.425744166666785,13.387069233333388,0.0003365209283662407,50,1.000240554465175,1.0002436331765914,3.7224337178970216e-07,-0.0018688000000000038,-3.084138295318812e-05,-0.0018813499999998928,-3.143654741896525e-05,8.103150000000198e-05,1.1416394765906407e-05,-0.235166077669831,-0.043712754315607616,-0.18609599999999205,-0.04020868806722674,0.08399749999971462,0.0002022676270466379,0.08399749999971462,0.0002022676270466379,-3.4614459716308943e-06,5.612198954305422e-07,0.48764249648358066,0.03845692677069658,0.06929830972388469,0.030841382953188112
B1c2,B1,2,3.6C(80%)-3.6C,3.6C(80%)-3.6C,constant_two_step,3.6,80.0,3.6,3.6,1177.0,False,1176,1176.0,1175,1,0,0,0,False,1.0295625231910926e-05,99,1.0432786,False,1157,20.0,1176.0,446.0,446.0,-2.373791829868497e-05,-4.4632641766138186e-05,1.880225603801608,-2.0894723467453216e-05,0.8518477598253054,-3.8208072855995296e-05,-2.133551771227153e-05,-4.5119630580312074e-05,2.114766146703844,232,232,candidate_knee,426.0,731.0,0.0033358635289151,0.0004942156547258,446.0,candidate_knee,0.0,446.0,candidate_knee,0.0,453.0,candidate_knee,7.0,0.3685121107266436,0.3792517006802721,True,True,True,False,,3.6,False,2.5729730092541745,2.1257918400304483,0.0,100,False,False,True,1.0763732,0.9914324252529393,346.0,445.0,0,0,0,100,1.0779019,1.0778268439999998,-3.373169396939805e-05,100,1.0776539,1.077564393,-3.382363816381689e-05,100,0.016616989,0.01656796329,7.640456645657432e-08,100,33.04543006824787,33.19519043704938,0.0016411778481164666,100,36.491949500000004,36.617490790000005,0.0027082572757275644,100,13.341765000000123,13.376117899999997,-0.00020693381338008517,100,13.341765000000123,13.376117899999997,-0.00020693381338008517,100,1.0002430998339216,1.000243561466592,9.28976272202902e-08,447.0,546.0,0,0,0,100,1.07317785,1.073565799,-5.2061018301829184e-05,100,1.0728894,1.073295742,-5.2271131113113484e-05,100,0.016996162000000002,0.01690121497,6.822354785478559e-06,100,31.628458420781286,32.101086280784365,-0.024086348849365998,100,35.3837295,35.73606001,-0.01980982306030614,100,13.425674166666688,13.385374683333355,-8.095139515703252e-06,100,13.425674166666688,13.385374683333355,-8.095139515703252e-06,100,1.000249707995146,1.0002516265048644,2.07718255162608e-07,-0.004724050000000091,-1.832932433243113e-05,-0.00476450000000006,-1.8447492949296598e-05,0.0003791730000000035,6.745950219021985e-06,-1.4169716474665819,-0.025727526697482465,-1.1082200000000029,-0.022518080336033704,0.08390916666656523,0.00019883867386438192,0.08390916666656523,0.00019883867386438192,6.608161224441744e-06,1.1482062794231779e-07,2.2818393873884344,0.033731693969398055,0.05206101830182919,0.018329324332431132
B1c3,B1,3,4C(80%)-4C,4C(80%)-4C,constant_two_step,4.0,80.0,4.0,4.0,1226.0,False,1225,1225.0,1224,1,0,0,0,False,1.713634755720454e-05,99,0.97092122,False,1206,20.0,1225.0,967.0,967.0,-4.608184892308752e-05,-0.000258728807188,5.614549182258843,-0.000212646958265,0.9327958283058584,-7.120295667569317e-05,-2.707412513161299e-05,-0.0002703036535077,9.983837047132836,242,242,candidate_knee,947.0,259.0,0.1353591932859219,0.0090967024659676,967.0,candidate_knee,0.0,967.0,candidate_knee,0.0,971.0,candidate_knee,4.0,0.7858921161825726,0.7893877551020408,True,True,True,False,,4.0,False,2.742082909795373,2.1874007178952977,0.0,50,False,False,True,1.0387063,0.9570136086380758,917.0,966.0,0,0,0,50,1.04372035,1.0431106140000002,-0.0001506335126050427,50,1.043306,1.042708078,-0.00014989781992797002,50,0.016815041000000003,0.017028227939999998,2.383638612244899e-05,50,29.990803293002067,29.31074851528143,-0.0968308692410376,50,31.123397,30.97877222,-0.0476562703001206,50,12.092460833333703,12.077408533333452,0.0018956853141430309,50,12.092460833333703,12.077408533333452,0.0018956853141430309,50,1.0003808306881088,1.0003860389364552,-6.487970509105247e-07,968.0,1017.0,0,0,0,50,1.03597045,1.0358402660000001,-0.00013249232653061188,50,1.0355330999999999,1.0354758940000002,-0.0001316959471788817,50,0.017409403,0.01735866782,-5.726744633853579e-06,50,27.977015391877792,27.83215051614653,0.02295494613230251,50,29.642214,30.275275479999994,0.03132710453781535,50,12.104274166665467,12.12108433333315,0.0002667780712308439,50,12.104274166665467,12.12108433333315,0.0002667780712308439,50,1.000348343911233,1.0003518693080162,-7.243436795285235e-07,-0.007749900000000087,1.814118607443082e-05,-0.0077729000000001935,1.8201872749088328e-05,0.0005943619999999976,-2.956313075630257e-05,-2.0137879011242745,0.11978581537334011,-1.4811830000000015,0.07898337483793595,0.011813333331764042,-0.001628907242912187,0.011813333331764042,-0.001628907242912187,-3.248677687572865e-05,-7.554662861799885e-08,3.534704435154202,0.1506335126050427,0.13249232653061188,-0.018141186074430826
B1c3,B1,3,4C(80%)-4C,4C(80%)-4C,constant_two_step,4.0,80.0,4.0,4.0,1226.0,False,1225,1225.0,1224,1,0,0,0,False,1.713634755720454e-05,99,0.97092122,False,1206,20.0,1225.0,967.0,967.0,-4.608184892308752e-05,-0.000258728807188,5.614549182258843,-0.000212646958265,0.9327958283058584,-7.120295667569317e-05,-2.707412513161299e-05,-0.0002703036535077,9.983837047132836,242,242,candidate_knee,947.0,259.0,0.1353591932859219,0.0090967024659676,967.0,candidate_knee,0.0,967.0,candidate_knee,0.0,971.0,candidate_knee,4.0,0.7858921161825726,0.7893877551020408,True,True,True,False,,4.0,False,2.742082909795373,2.1874007178952977,0.0,100,False,False,True,1.0387063,0.9570136086380758,867.0,966.0,0,1,0,100,1.0460326000000002,1.045451768,-9.867889948995093e-05,100,1.04556055,1.0439322921,-4.849399189918978e-05,100,0.0168222385,0.01688523223,7.442172319231896e-06,100,30.010713423425067,29.827983560578815,-0.028385364004587445,100,30.986096500000002,31.09199204,-0.010186779309930971,100,12.092346666667435,14.72826853333344,-0.11915148704870154,99,12.092331666668178,12.066116111111224,0.0006687531772049266,100,1.0004066038898691,1.001574117075211,-5.339253802720289e-05,968.0,1067.0,0,0,1,100,1.0319134,1.032157715,-0.0001469836369636915,100,1.0314923,1.031805123,-0.0001464590441044128,100,0.016977349500000002,0.01715350256,-7.538589630963198e-06,100,29.597867984546358,28.746249854247093,0.03438807749468523,100,30.712770499999998,30.518620769999995,0.012288290183018238,100,12.109851666666994,12.126675866666599,0.00031035677568059763,100,12.109851666666994,12.126675866666599,0.00031035677568059763,100,1.000332755524904,1.0003416694707594,-4.598577277316224e-07,-0.01411920000000011,-4.830473747374058e-05,-0.014068250000000004,-9.796505220522302e-05,0.0001551110000000029,-1.4980761950195095e-05,-0.4128454388787084,0.06277344149927268,-0.2733260000000044,0.02247506949294921,0.017504999999559345,0.11946184382438214,0.01751999999881626,-0.000358396401524329,-7.384836496515668e-05,5.2932680299471264e-05,0.9220592134631959,0.09867889948995093,0.14698363696369152,0.04830473747374059
B1c4,B1,4,4C(80%)-4C,4C(80%)-4C,constant_two_step,4.0,80.0,4.0,4.0,1227.0,False,1226,1226.0,1225,1,0,0,0,False,1.899431787260345e-05,99,1.0219597,False,1207,20.0,1226.0,898.0,898.0,-4.014288594209076e-05,-8.640282205697837e-05,2.152381923452668,-4.625993611488761e-05,0.8598016448782728,-4.855744683229407e-05,-2.437325300449903e-05,-9.11748971757899e-05,3.740776709574222,242,242,candidate_knee,878.0,329.0,0.0113396700965371,0.0015898030951575,896.0,candidate_knee,-2.0,898.0,candidate_knee,0.0,905.0,candidate_knee,7.0,0.7280265339966833,0.732463295269168,True,True,True,False,,4.0,False,2.7675094921271897,2.223731598465723,0.0,50,False,False,True,1.0507317,0.9699811566974038,848.0,897.0,0,0,0,50,1.0513523,1.051036296,-4.757200480193509e-05,50,1.0512198,1.051252208,-3.2954372148863236e-05,49,0.016999014,0.016935580755102042,2.18082739061599e-06,50,32.0915716055045,32.32301062416317,-0.006235660645857183,50,35.608511,35.82362602,-0.004161278127250852,50,12.008394166666644,12.046903800000067,0.00013502889155529602,50,12.008394166666644,12.046903800000067,0.00013502889155529602,50,1.0001498389023826,0.9997945570759391,-1.3902711375811127e-05,899.0,948.0,0,0,0,50,1.0496051,1.049476964,-6.481807442976858e-05,50,1.04943985,1.049308678,-6.452363505402142e-05,50,0.016968444,0.01691086058,4.958556206482597e-06,50,32.27509202597054,32.476259827318714,-0.020215741351913424,50,35.7236175,35.91460996,-0.01815755515005973,50,12.092341666666714,12.060506399999957,-1.8860184065953396e-05,50,12.092341666666714,12.060506399999957,-1.8860184065953396e-05,50,1.0001569495668639,1.0001603779203514,-2.704988923476957e-07,-0.0017472000000000598,-1.724606962783349e-05,-0.0017799499999999746,-3.156926290515818e-05,-3.05700000000006e-05,2.777728815866607e-06,0.18352042046603856,-0.01398008070605624,0.11510650000000311,-0.013996277022808878,0.08394750000007001,-0.0001538890756212494,0.08394750000007001,-0.0001538890756212494,7.11066448122466e-06,1.3632212483463432e-05,-0.17983395978143554,0.047572004801935096,0.06481807442976859,0.01724606962783349
B1c4,B1,4,4C(80%)-4C,4C(80%)-4C,constant_two_step,4.0,80.0,4.0,4.0,1227.0,False,1226,1226.0,1225,1,0,0,0,False,1.899431787260345e-05,99,1.0219597,False,1207,20.0,1226.0,898.0,898.0,-4.014288594209076e-05,-8.640282205697837e-05,2.152381923452668,-4.625993611488761e-05,0.8598016448782728,-4.855744683229407e-05,-2.437325300449903e-05,-9.11748971757899e-05,3.740776709574222,242,242,candidate_knee,878.0,329.0,0.0113396700965371,0.0015898030951575,896.0,candidate_knee,-2.0,898.0,candidate_knee,0.0,905.0,candidate_knee,7.0,0.7280265339966833,0.732463295269168,True,True,True,False,,4.0,False,2.7675094921271897,2.223731598465723,0.0,100,False,False,True,1.0507317,0.9699811566974038,798.0,897.0,0,0,0,100,1.0525163499999999,1.052453611,-5.5274174017405364e-05,100,1.05237275,1.0524746400000002,-4.758873807380807e-05,99,0.016961159,0.016898685363636364,1.8560694380207777e-06,100,32.226628028930875,32.407738403843744,-0.004769699747903863,100,35.7551555,35.88609394,-0.003474103702370133,100,12.00836666666631,12.044437416666693,0.0001630803780386929,100,12.00836666666631,12.044437416666693,0.0001630803780386929,100,1.0001612110131535,0.9999797753438635,-7.3044477122624635e-06,899.0,998.0,0,0,0,100,1.04684415,1.0470568519999999,-8.939894629462935e-05,100,1.04665785,1.046879343,-8.969390639063201e-05,100,0.01704112,0.01727090229,1.0694736003600408e-05,100,31.418830062142014,31.033283744858057,-0.04381985793773134,100,35.240770499999996,34.673720669999994,-0.037683291359135763,100,12.09236666666693,12.07121718333326,0.00036736944694522707,100,12.09236666666693,12.07121718333326,0.00036736944694522707,100,1.0001616394421005,1.0001695865250213,2.96756932576153e-07,-0.005672199999999794,-3.412477227722399e-05,-0.005714900000000078,-4.2105168316823936e-05,7.996099999999992e-05,8.838666565579631e-06,-0.8077979667888613,-0.039050158189827475,-0.5143850000000043,-0.03420918765676563,0.08400000000061958,0.00020428906890653417,0.08400000000061958,0.00020428906890653417,4.284289469858038e-07,7.6012046448386165e-06,0.4714359437347408,0.055274174017405364,0.08939894629462936,0.03412477227722399
B1c5,B1,5,4.4C(80%)-4.4C,4.4C(80%)-4.4C,constant_two_step,4.4,80.0,4.4,4.4,1074.0,False,1073,1073.0,1071,1,0,0,1,False,1.1228400742115004e-05,99,0.88053626,False,1053,20.0,1073.0,883.0,883.0,-7.093961775194098e-05,-0.0007054814876372,9.94481659182522,-0.0006345418698853,0.9451279918858324,-0.0001256850630773,-3.081329415822496e-05,-0.0006551190699571,21.260922853400068,211,210,candidate_knee,863.0,190.0,0.539615890861283,0.029609807541874,883.0,candidate_knee,0.0,883.0,candidate_knee,0.0,885.0,candidate_knee,2.0,0.8195631528964862,0.8229263746505125,True,True,True,False,,4.4,False,2.962281845487692,2.3233717793357314,0.0,50,False,False,True,1.0129548,0.9374169023346609,833.0,882.0,0,0,0,50,1.0194619999999999,1.019600286,-0.00022643124609843807,50,1.01950255,1.019640128,-0.00022447033853541102,50,0.016341051000000002,0.0163267162,2.5831942376951746e-06,50,32.63422493249584,32.796234635480765,-0.00553375842133599,50,35.459637,35.645289039999994,-0.006156318751500394,50,11.161097500000082,11.151443399999971,0.0009382709883968014,50,11.161097500000082,11.151443399999971,0.0009382709883968014,50,0.9999621379845083,0.9999608372302915,-1.9321945314651656e-06,884.0,933.0,0,0,0,49,1.0062304,1.0048412842857142,-0.00035380978251668433,50,1.00584115,1.0050262278000002,-0.00035072740120047736,49,0.016495533,0.01645682379591837,-7.401740141124246e-07,50,32.39093560643937,32.69741001684531,0.01657582618851338,50,35.269459,35.58348725999999,0.016792433949579817,50,11.233947500000067,11.228938733333411,0.0017174885954393043,50,11.233947500000067,11.228938733333411,0.0017174885954393043,49,0.9998277350531398,0.9998211383562209,-3.1134670697380145e-06,-0.013231599999999899,-0.00012737853641824626,-0.013661399999999935,-0.00012625706266506634,0.00015448199999999745,-3.3233682518075993e-06,-0.2432893260564697,0.02210958460984937,-0.19017800000000307,0.02294875270108021,0.07284999999998476,0.0007792176070425029,0.07284999999998476,0.0007792176070425029,-0.00013440293136846027,-1.181272538272849e-06,0.9453614703240167,0.22643124609843807,0.3538097825166843,0.12737853641824626
B1c5,B1,5,4.4C(80%)-4.4C,4.4C(80%)-4.4C,constant_two_step,4.4,80.0,4.4,4.4,1074.0,False,1073,1073.0,1071,1,0,0,1,False,1.1228400742115004e-05,99,0.88053626,False,1053,20.0,1073.0,883.0,883.0,-7.093961775194098e-05,-0.0007054814876372,9.94481659182522,-0.0006345418698853,0.9451279918858324,-0.0001256850630773,-3.081329415822496e-05,-0.0006551190699571,21.260922853400068,211,210,candidate_knee,863.0,190.0,0.539615890861283,0.029609807541874,883.0,candidate_knee,0.0,883.0,candidate_knee,0.0,885.0,candidate_knee,2.0,0.8195631528964862,0.8229263746505125,True,True,True,False,,4.4,False,2.962281845487692,2.3233717793357314,0.0,100,False,False,True,1.0129548,0.9374169023346609,783.0,882.0,0,0,0,100,1.02465575,1.024404253,-0.00019332741734173607,100,1.0246575999999998,1.024394504,-0.00019137099669967403,100,0.016277391500000002,0.016248760709999997,3.248467296729641e-06,100,32.771090303011505,33.0326004310901,-0.010086438334979794,100,35.6501315,35.86025575,-0.009354772091209126,100,11.13417916666658,11.12672104999999,0.0010456180318029285,100,11.13417916666658,11.12672104999999,0.0010456180318029285,100,1.0000104516279493,1.0000092187520357,-1.908939005335788e-06,884.0,983.0,0,0,0,99,0.99577039,0.9935009312121212,-0.00045117823145499113,100,0.9960278300000001,0.9939352449000001,-0.00044590828100809913,99,0.016534172,0.016550130878787882,3.6736850217672554e-06,100,32.45038383058659,32.7526622139058,0.002751801938799719,100,35.361208,35.62660731,0.0023885325112511344,100,11.281319999999445,11.298004433333418,0.0030314203020313673,100,11.281319999999445,11.298004433333418,0.0030314203020313673,99,0.9996990889632918,0.9996762601639839,-5.597501499544681e-06,-0.02888535999999997,-0.00025785081411325506,-0.028629769999999777,-0.0002545372843084251,0.00025678049999999786,4.252177250376146e-07,-0.32070647242491646,0.012838240273779512,-0.2889235000000028,0.01174330460246026,0.14714083333286432,0.0019858022702284386,0.14714083333286432,0.0019858022702284386,-0.0003113626646574774,-3.688562494208893e-06,1.5775285616248638,0.19332741734173606,0.45117823145499114,0.25785081411325506
B1c6,B1,6,4.8C(80%)-4.8C,4.8C(80%)-4.8C,constant_two_step,4.8,80.0,4.8,4.8,636.0,False,635,635.0,634,1,0,0,0,False,-4.8086468769325835e-06,99,0.8800565,False,616,20.0,635.0,514.0,514.0,-0.0001140187594421,-0.0011488537338131,10.076006259272296,-0.001034834974371,0.9618097709447894,-0.0002189126862416,-5.111275719905598e-05,-0.0011365166521321,22.235479250435944,124,124,candidate_knee,494.0,122.0,0.3443627036617452,0.0131512905309136,515.0,candidate_knee,1.0,514.0,candidate_knee,0.0,516.0,candidate_knee,2.0,0.8032520325203252,0.8094488188976378,True,True,True,False,,4.8,False,3.1512330634513956,2.4199056356841004,0.0,50,False,False,True,1.0195658,0.9429259132797203,464.0,513.0,0,0,0,50,1.0289465,1.028450332,-0.00032317432893157584,50,1.02878175,1.028285994,-0.0003196351836734796,50,0.016818105,0.016836330899999998,1.8136683313325912e-06,50,34.31616544862576,34.55676731494728,0.01534813050212524,50,39.1022625,39.36507692000001,0.015105172436974242,50,10.404379166666573,10.401930733333359,0.0021723452581021846,50,10.404379166666573,10.401930733333359,0.0021723452581021846,50,1.0001528726651596,1.0001595975867965,-3.392061353948054e-06,515.0,564.0,0,0,0,50,1.0035870999999998,1.0024271982000001,-0.0006933018914765985,50,1.00379395,1.0027229203999999,-0.0006819601296518664,50,0.017595852000000002,0.017594016200000003,9.79754093637452e-06,50,32.974783472966124,32.91757274567085,0.007128780894934527,50,38.248728,38.220148179999995,0.0084705370948383,50,10.721147500000006,10.7477243,0.007727580872347114,50,10.721147500000006,10.7477243,0.007727580872347114,50,0.9997367164106765,0.9997034136934387,-1.1529306099207305e-05,-0.025359400000000143,-0.00037012756254502265,-0.024987800000000115,-0.0003623249459783868,0.0007777470000000022,7.98387260504193e-06,-1.3413819756596368,-0.008219349607190713,-0.8535345000000021,-0.006634635342135941,0.31676833333343346,0.00555523561424493,0.31676833333343346,0.00555523561424493,-0.0004161562544831021,-8.137244745259251e-06,4.624462744167682,0.3231743289315758,0.6933018914765985,0.37012756254502266
B1c6,B1,6,4.8C(80%)-4.8C,4.8C(80%)-4.8C,constant_two_step,4.8,80.0,4.8,4.8,636.0,False,635,635.0,634,1,0,0,0,False,-4.8086468769325835e-06,99,0.8800565,False,616,20.0,635.0,514.0,514.0,-0.0001140187594421,-0.0011488537338131,10.076006259272296,-0.001034834974371,0.9618097709447894,-0.0002189126862416,-5.111275719905598e-05,-0.0011365166521321,22.235479250435944,124,124,candidate_knee,494.0,122.0,0.3443627036617452,0.0131512905309136,515.0,candidate_knee,1.0,514.0,candidate_knee,0.0,516.0,candidate_knee,2.0,0.8032520325203252,0.8094488188976378,True,True,True,False,,4.8,False,3.1512330634513956,2.4199056356841004,0.0,100,False,False,True,1.0195658,0.9429259132797203,414.0,513.0,0,0,0,100,1.03579925,1.035150243,-0.000267741675967598,100,1.03557875,1.0349027800000001,-0.00026442843924392165,100,0.0167189285,0.01673762559,3.681268592859271e-06,100,34.31905331514936,34.53736365043942,0.0020728333371619755,100,39.106741,39.29314804999999,0.0038741004080407662,100,10.349432499999967,10.35239071666666,0.0019087998499858613,100,10.349432499999967,10.35239071666666,0.0019087998499858613,100,1.0002396671012954,1.0002384433098603,-3.14362606710407e-06,515.0,614.0,0,0,0,100,0.9829770600000001,0.9770267776999999,-0.001024275262826281,100,0.983616355,0.9777474291999998,-0.0010074439558355789,100,0.0178558825,0.01795214594,1.4774618649865002e-05,100,33.086207073026266,33.12563688609215,0.007960450335729867,100,38.489716,38.470496880000006,0.009854975121512087,100,10.936439166666727,11.165275583333296,0.017735393249323148,100,10.936439166666727,11.165275583333296,0.017735393249323148,100,0.9993763015955007,0.9992469026138628,-1.815342690482022e-05,-0.05282218999999988,-0.000756533586858683,-0.051962394999999995,-0.0007430155165916572,0.001136953999999999,1.1093350057005732e-05,-1.2328462421230952,0.005887616998567892,-0.6170249999999982,0.005980874713471321,0.5870066666667597,0.015826593399337285,0.5870066666667597,0.015826593399337285,-0.0008633655057946887,-1.500980083771615e-05,6.800399917973206,0.26774167596759796,1.024275262826281,0.7565335868586831
B1c7,B1,7,4.8C(80%)-4.8C,4.8C(80%)-4.8C,constant_two_step,4.8,80.0,4.8,4.8,870.0,False,869,869.0,868,1,0,0,0,False,-6.428188002473638e-06,99,0.88110596,False,850,20.0,869.0,644.0,644.0,-7.900318072360342e-05,-0.0007138060416107,9.035155737690951,-0.000634802860887,0.9621230427626958,-0.0001893312695544,-3.951944321297479e-05,-0.000818394329242,20.708650292251956,170,170,candidate_knee,624.0,226.0,0.6349018170176818,0.0240481489730655,644.0,candidate_knee,0.0,644.0,candidate_knee,0.0,646.0,candidate_knee,2.0,0.734982332155477,0.7410817031070196,True,True,True,False,,4.8,False,3.078664743099828,2.338642603931456,0.0,50,False,False,True,1.0396492,0.947582121112691,594.0,643.0,0,0,0,50,1.04742655,1.046898554,-0.000276543822328944,50,1.0472023,1.046865046,-0.0002742416950780389,50,0.016665314,0.0166472394,3.3881509723889385e-06,50,32.63402926597112,32.68543401239995,0.0005575020457851356,50,37.428415,37.4966229,0.000987918607443279,50,10.271982499999588,10.285183799999908,0.0019756020808402623,50,10.271982499999588,10.285183799999908,0.0019756020808402623,50,1.0000068240947175,1.0000322901644194,-2.2070846528944094e-06,645.0,694.0,0,0,0,50,1.03045015,1.0303686039999997,-0.00038665849699879825,50,1.03056255,1.030495682,-0.00038291755582231545,50,0.016841795,0.01684711774,3.934588379351858e-06,50,32.702085454041026,32.6888586610589,0.0038686708351061234,50,37.627908500000004,37.622715,0.006819435198079514,50,10.39193499999989,10.392003499999973,0.002781809123648284,50,10.39193499999989,10.392003499999973,0.002781809123648284,50,0.9998764838488212,0.999876414510286,-3.6803863538658217e-06,-0.01697639999999989,-0.00011011467466985424,-0.016639749999999953,-0.00010867586074427655,0.00017648099999999917,5.464374069629197e-07,0.0680561880699031,0.0033111687893209877,0.19949350000000265,0.005831516590636235,0.11995250000030211,0.0008062070428080216,0.11995250000030211,0.0008062070428080216,-0.00013034024589630988,-1.4733017009714123e-06,1.0589719461631455,0.276543822328944,0.38665849699879823,0.11011467466985425
B1c7,B1,7,4.8C(80%)-4.8C,4.8C(80%)-4.8C,constant_two_step,4.8,80.0,4.8,4.8,870.0,False,869,869.0,868,1,0,0,0,False,-6.428188002473638e-06,99,0.88110596,False,850,20.0,869.0,644.0,644.0,-7.900318072360342e-05,-0.0007138060416107,9.035155737690951,-0.000634802860887,0.9621230427626958,-0.0001893312695544,-3.951944321297479e-05,-0.000818394329242,20.708650292251956,170,170,candidate_knee,624.0,226.0,0.6349018170176818,0.0240481489730655,644.0,candidate_knee,0.0,644.0,candidate_knee,0.0,646.0,candidate_knee,2.0,0.734982332155477,0.7410817031070196,True,True,True,False,,4.8,False,3.078664743099828,2.338642603931456,0.0,100,False,False,True,1.0396492,0.947582121112691,544.0,643.0,0,0,0,100,1.05341355,1.0526239099999999,-0.0002289037035703526,100,1.0541654,1.052733551,-0.00023206414461446478,100,0.0165976195,0.01658799013,2.1195622382237946e-06,100,32.56399179695221,32.68522359284359,0.0014042285046313877,100,37.396401999999995,37.484846680000004,0.0017605165076509314,100,10.262145833333125,10.2618861666666,0.0009922954495448764,100,10.262145833333125,10.2618861666666,0.0009922954495448764,100,1.0000234246892288,0.9998968777626749,2.981228268792016e-06,645.0,744.0,0,0,0,100,1.0197961,1.0185092405999998,-0.0004741908348034761,100,1.02013665,1.0186898703,-0.00047014231809181076,100,0.016963255,0.01696983248,4.8438432883288415e-06,100,32.78106111588836,32.78251781614547,0.003939955732425309,100,37.7560595,37.73973784,0.005149256717671919,100,10.47137500000002,10.481586116666675,0.003641052575258732,100,10.47137500000002,10.481586116666675,0.003641052575258732,100,0.9998017966075348,0.9998211162178622,-4.097512910019173e-06,-0.03361744999999994,-0.0002452871312331235,-0.03402875000000005,-0.00023807817347734598,0.0003656354999999993,2.724281050105047e-06,0.21706931893615433,0.0025357272277939215,0.3596575000000044,0.0033887402100209875,0.20922916666689417,0.0026487571257138554,0.20922916666689417,0.0026487571257138554,-0.00022162808169401416,-7.078741178811189e-06,2.2029394034487857,0.2289037035703526,0.4741908348034761,0.2452871312331235
B1c8,B1,8,5.4C(40%)-3.6C,5.4C(40%)-3.6C,constant_two_step,5.4,40.0,3.6,4.32,879.0,False,878,878.0,877,1,0,0,0,False,5.4292541743973515e-06,99,0.96902454,False,859,20.0,878.0,678.0,678.0,-6.020746503900783e-05,-0.0004287100607934,7.120546605236953,-0.0003685025957544,0.9556945764581628,-0.0001110639795997,-2.9211629086157955e-05,-0.0004661801001714,15.95871626318692,172,172,candidate_knee,658.0,201.0,0.171977570058403,0.0076195390811335,679.0,candidate_knee,1.0,678.0,candidate_knee,0.0,682.0,candidate_knee,4.0,0.7668997668997669,0.7722095671981777,True,True,True,False,3.6,5.4,False,2.937817993408441,2.2603797316606613,0.1693804304659827,50,False,False,True,1.0524744,0.9610995867673502,628.0,677.0,0,0,0,50,1.05718655,1.056932186,-0.00015507273469388399,50,1.05695145,1.0567053759999998,-0.00015223813685474066,50,0.0174344905,0.01743906302,1.1333930852342286e-06,50,32.38827576810891,32.38951607323379,0.0014126946366295407,50,35.488239,35.4989963,-0.00040131894357779685,50,11.208286666666634,11.243039599999973,3.84436974793938e-05,50,11.208286666666634,11.243039599999973,3.84436974793938e-05,50,1.0002369302629694,1.000214564339118,-2.651206564991342e-06,679.0,728.0,0,0,0,50,1.04700865,1.047118214,-0.0002251637599039746,50,1.0468266,1.046953488,-0.00022383449699880543,50,0.0174846205,0.01745838902,-2.8520651620648783e-06,50,32.63018686782215,32.814863761568,0.02296050200988479,50,35.7455695,35.89573102,0.02229594828331316,50,11.208414166666625,11.243080366666643,-0.0006086771508607488,50,11.208414166666625,11.243080366666643,-0.0006086771508607488,50,1.0001630959952168,1.0001572863190165,-1.235413189746768e-06,-0.010177899999999962,-7.009102521009062e-05,-0.010124849999999963,-7.159636014406477e-05,5.0129999999998925e-05,-3.985458247299107e-06,0.241911099713235,0.021547807373255252,0.2573305000000019,0.022697267226890958,0.00012749999999073225,-0.0006471208483401425,0.00012749999999073225,-0.0006471208483401425,-7.383426775264823e-05,1.4157933752445743e-06,0.28753349574510895,0.155072734693884,0.2251637599039746,0.07009102521009061
B1c8,B1,8,5.4C(40%)-3.6C,5.4C(40%)-3.6C,constant_two_step,5.4,40.0,3.6,4.32,879.0,False,878,878.0,877,1,0,0,0,False,5.4292541743973515e-06,99,0.96902454,False,859,20.0,878.0,678.0,678.0,-6.020746503900783e-05,-0.0004287100607934,7.120546605236953,-0.0003685025957544,0.9556945764581628,-0.0001110639795997,-2.9211629086157955e-05,-0.0004661801001714,15.95871626318692,172,172,candidate_knee,658.0,201.0,0.171977570058403,0.0076195390811335,679.0,candidate_knee,1.0,678.0,candidate_knee,0.0,682.0,candidate_knee,4.0,0.7668997668997669,0.7722095671981777,True,True,True,False,3.6,5.4,False,2.937817993408441,2.2603797316606613,0.1693804304659827,100,False,False,True,1.0524744,0.9610995867673502,578.0,677.0,0,0,0,100,1.06060565,1.060212845,-0.00013184042544254283,100,1.060334,1.059948192,-0.00013022911731173172,100,0.0174107415,0.01740218811,1.4365551935194175e-06,100,32.38424226182207,32.39097050256806,-0.0003766854407180206,100,35.4827995,35.49654492,-0.0005048807800780095,100,11.208172499999879,11.242192533333315,4.105930593043354e-06,100,11.208172499999879,11.242192533333315,4.105930593043354e-06,100,1.0002646866084375,1.0002495312097668,-1.4912307578306883e-06,679.0,778.0,0,0,0,100,1.04173165,1.0398057589999998,-0.00029657511491149496,100,1.0415320000000001,1.039743139,-0.000292643988598861,100,0.017491949,0.0174589303,1.1112213741374231e-06,100,32.7267010091869,33.10426252900748,0.0072082269646343376,100,35.8680095,36.163989220000005,0.007103168904890459,100,11.214150833333285,11.245168233333327,3.2530813081615005e-05,100,11.214150833333285,11.245168233333327,3.2530813081615005e-05,100,1.0001069732915007,1.0000593121937578,-3.7741156952973296e-06,-0.018874000000000057,-0.00016473468946895213,-0.018801999999999985,-0.0001624148712871293,8.120749999999954e-05,-3.2533381938199433e-07,0.3424587473648302,0.0075849124053523585,0.3852100000000007,0.007608049684968469,0.005978333333406027,2.842488248857165e-05,0.005978333333406027,2.842488248857165e-05,-0.0001577133169368139,-2.282884937466641e-06,0.4664218350493547,0.13184042544254285,0.29657511491149496,0.16473468946895212
B1c9,B1,9,5.4C(40%)-3.6C,5.4C(40%)-3.6C,constant_two_step,5.4,40.0,3.6,4.32,1054.0,False,1053,1053.0,1052,1,0,0,0,False,1.8204385899814532e-05,99,0.8809284,False,1034,20.0,1053.0,792.0,792.0,-6.373990207123748e-05,-0.0005612690893331,8.805615808852389,-0.0004975291872619,0.9584933068117714,-0.0001431088263543,-2.4135786359061083e-05,-0.0006288619167248,26.055165859087715,207,207,candidate_knee,772.0,262.0,0.6419126942382138,0.0266436732533748,792.0,candidate_knee,0.0,792.0,candidate_knee,0.0,795.0,candidate_knee,3.0,0.7473378509196515,0.7521367521367521,True,True,True,False,3.6,5.4,False,2.958668032358839,2.280017381161397,0.1721291197765666,50,False,False,True,1.0327489,0.9492492351998076,742.0,791.0,0,0,0,50,1.03917405,1.038595302,-0.00022638824969987027,50,1.03900185,1.0384700879999997,-0.00022518215606241317,50,0.017448156,0.017388284060000002,7.530333973589429e-06,50,33.78738799845278,34.08540177692746,-0.017770227609067896,50,38.235645500000004,38.49181166,-0.012561423817527104,50,11.208114999999815,11.236332533333341,0.00012388315326247894,50,11.208114999999815,11.236332533333341,0.00012388315326247894,50,1.0001193460009363,1.0001205219059464,-1.1385552619529991e-06,793.0,842.0,0,0,0,50,1.0257715,1.0254720019999999,-0.00032012507563025286,50,1.0257615,1.0254345299999998,-0.0003144333493397547,50,0.017637034000000003,0.017597244619999997,8.210284705882323e-06,50,33.58581838770504,33.84908060735152,-0.01952334795156499,50,38.1969815,38.42004044,-0.014170358511404168,50,11.2147583333334,11.247381200000053,-0.00031911052420960265,50,11.2147583333334,11.247381200000053,-0.00031911052420960265,50,1.0000317714739597,1.0000362294920087,-5.54305761386145e-06,-0.013402549999999902,-9.37368259303826e-05,-0.013240350000000012,-8.925119327734152e-05,0.00018887800000000343,6.799507322928937e-07,-0.2015696107477396,-0.0017531203424970936,-0.03866400000000425,-0.0016089346938770645,0.006643333333585133,-0.0004429936774720816,0.006643333333585133,-0.0004429936774720816,-8.757452697660817e-05,-4.404502351908451e-06,1.0825098079132456,0.22638824969987026,0.3201250756302529,0.09373682593038263
B1c9,B1,9,5.4C(40%)-3.6C,5.4C(40%)-3.6C,constant_two_step,5.4,40.0,3.6,4.32,1054.0,False,1053,1053.0,1052,1,0,0,0,False,1.8204385899814532e-05,99,0.8809284,False,1034,20.0,1053.0,792.0,792.0,-6.373990207123748e-05,-0.0005612690893331,8.805615808852389,-0.0004975291872619,0.9584933068117714,-0.0001431088263543,-2.4135786359061083e-05,-0.0006288619167248,26.055165859087715,207,207,candidate_knee,772.0,262.0,0.6419126942382138,0.0266436732533748,792.0,candidate_knee,0.0,792.0,candidate_knee,0.0,795.0,candidate_knee,3.0,0.7473378509196515,0.7521367521367521,True,True,True,False,3.6,5.4,False,2.958668032358839,2.280017381161397,0.1721291197765666,100,False,False,True,1.0327489,0.9492492351998076,692.0,791.0,0,0,0,100,1.0444559500000001,1.043155926,-0.00018299800420042096,100,1.0442580499999998,1.043003729,-0.00018202739453945183,100,0.0174392325,0.017359937319999998,4.1016178817876576e-07,100,33.71207738690238,34.03121348964024,0.005897256188550002,100,38.2117635,38.45522184,0.005175791647164598,100,11.208114999999815,11.240495483333373,-0.000136635433543579,100,11.208114999999815,11.240495483333373,-0.000136635433543579,100,1.0001542743491187,1.0001457911300438,-9.071051465581983e-07,793.0,892.0,0,0,0,100,1.0168987,1.0161257116,-0.000371796171617161,100,1.0169943,1.0162105899999998,-0.00036726421350135127,99,0.017708132,0.017718814979797978,4.9442733926201445e-06,100,33.498463715196564,33.692333468154054,-0.006611174056882692,100,38.1397745,38.33631281,-0.003405227560756131,100,11.259949166666289,11.262328783333334,0.0005614248124803921,100,11.259949166666289,11.262328783333334,0.0005614248124803921,100,0.9999292934220712,0.9999154174644892,-4.474524242944804e-06,-0.02755725000000009,-0.00018879816741674003,-0.02726374999999992,-0.00018523681896189944,0.00026889950000000273,4.534111604441378e-06,-0.21361367170581502,-0.012508430245432694,-0.07198900000000208,-0.008581019207920728,0.05183416666647389,0.0006980602460239711,0.05183416666647389,0.0006980602460239711,-0.0002249809270475911,-3.567419096386606e-06,1.5419227881731765,0.18299800420042095,0.371796171617161,0.18879816741674005
B1c10,B1,10,5.4C(50%)-3C,5.4C(50%)-3C,constant_two_step,5.4,50.0,3.0,4.153846153846154,906.0,False,905,905.0,904,1,0,0,0,False,2.529188002473753e-05,99,0.96101874,False,886,20.0,905.0,695.0,695.0,-5.811891223996268e-05,-0.0003800541465108,6.539250854208535,-0.0003219352342708,0.9348004886061144,-0.0001040002035511,-2.3426862773677665e-05,-0.0004223652431832,18.029099639317895,178,178,candidate_knee,675.0,211.0,0.1527665203795786,0.0099603024860925,695.0,candidate_knee,0.0,695.0,candidate_knee,0.0,700.0,candidate_knee,5.0,0.7627118644067796,0.7679558011049724,True,True,True,False,3.0,5.4,False,2.9702111259171673,2.2839285671264173,0.2171623913217378,50,False,False,True,1.0402365,0.9611701618972511,645.0,694.0,0,0,0,50,1.0447033000000001,1.044514156,-0.000162382799519805,50,1.0440876000000001,1.04388558,-0.00016097624969987835,50,0.017237865999999998,0.017237094379999998,9.051598079232088e-07,50,33.84481234099967,33.85536595442906,0.0041850367191439124,50,38.664184500000005,38.666083619999995,0.002160613445378021,50,11.651930833333367,11.681686366666675,-0.00026475190076132287,50,11.651930833333367,11.681686366666675,-0.00026475190076132287,50,1.0006027563160589,1.0006021141126482,-1.2548105146348023e-06,696.0,745.0,0,0,0,50,1.03525805,1.035320442,-0.00019872628571427693,50,1.0346722499999998,1.0347504200000002,-0.00019772427370949168,50,0.017286838,0.01727019682,-2.523793373349508e-06,50,34.023887302432655,34.156953716523724,0.019862059003572047,50,38.817728,38.93424288,0.01576102031212502,50,11.651792500000253,11.680009299999995,-0.0005194411364531033,50,11.651792500000253,11.680009299999995,-0.0005194411364531033,50,1.0005545223420254,1.0005508477271186,-8.643161053679028e-07,-0.009445250000000183,-3.634348619447193e-05,-0.009415350000000267,-3.674802400961333e-05,4.897200000000129e-05,-3.4289531812727167e-06,0.1790749614329883,0.015677022284428133,0.15354349999999783,0.013600406866747,-0.0001383333331137493,-0.00025468923569178044,-0.0001383333331137493,-0.00025468923569178044,-4.823397403352914e-05,3.904944092668995e-07,0.28409549070633977,0.162382799519805,0.19872628571427692,0.03634348619447192
B1c10,B1,10,5.4C(50%)-3C,5.4C(50%)-3C,constant_two_step,5.4,50.0,3.0,4.153846153846154,906.0,False,905,905.0,904,1,0,0,0,False,2.529188002473753e-05,99,0.96101874,False,886,20.0,905.0,695.0,695.0,-5.811891223996268e-05,-0.0003800541465108,6.539250854208535,-0.0003219352342708,0.9348004886061144,-0.0001040002035511,-2.3426862773677665e-05,-0.0004223652431832,18.029099639317895,178,178,candidate_knee,675.0,211.0,0.1527665203795786,0.0099603024860925,695.0,candidate_knee,0.0,695.0,candidate_knee,0.0,700.0,candidate_knee,5.0,0.7627118644067796,0.7679558011049724,True,True,True,False,3.0,5.4,False,2.9702111259171673,2.2839285671264173,0.2171623913217378,100,False,False,True,1.0402365,0.9611701618972511,595.0,694.0,0,0,0,100,1.04854695,1.0479416160000001,-0.00013680504530452761,100,1.04790695,1.047291326,-0.00013580193819382694,100,0.017204817499999997,0.01719995837,1.447018607860805e-06,100,33.792611827688454,33.81553582564338,0.0012581948952445883,100,38.6394255,38.63917135,0.0005265935613561646,100,11.651927499999692,11.681699799999992,-0.00016462330232920678,100,11.651927499999692,11.681699799999992,-0.00016462330232920678,100,1.000622553085242,1.0006208332666668,-8.776221191818166e-07,696.0,795.0,0,0,0,100,1.0302190000000002,1.029579425,-0.00023320507230723065,100,1.0296983000000002,1.029051563,-0.00023160249204921035,100,0.017284859,0.017227544329999997,-3.7301192319230074e-07,100,34.263844485337444,34.59351434521819,0.012100796282157858,100,39.0721375,39.330547110000005,0.011105905268526997,100,11.651727500000076,11.67662251666667,-0.00011420493049260519,100,11.651727500000076,11.67662251666667,-0.00011420493049260519,100,1.0005168930988781,1.0005126891456426,-1.443709886252621e-06,-0.01832794999999976,-9.640002700270304e-05,-0.018208649999999826,-9.58005538553834e-05,8.004150000000265e-05,-1.8200305310531058e-06,0.47123265764899,0.010842601386913269,0.4327119999999951,0.010579311707170832,-0.0001999999996158408,5.041837183660159e-05,-0.0001999999996158408,5.041837183660159e-05,-0.00010565998636380414,-5.660877670708043e-07,0.465227253936304,0.1368050453045276,0.23320507230723064,0.09640002700270303
B1c11,B1,11,5.4C(50%)-3C,5.4C(50%)-3C,constant_two_step,5.4,50.0,3.0,4.153846153846154,788.0,False,787,787.0,786,1,0,0,0,False,2.1809402597402855e-05,99,0.88054359,False,768,20.0,787.0,594.0,594.0,-6.512501521188452e-05,-0.0007214016950438,11.077182749159844,-0.0006562766798319,0.973653788471835,-0.0001691134880657,-2.438517525485278e-05,-0.0007953137202986,32.61464032908293,154,154,candidate_knee,574.0,194.0,0.4471754127224241,0.0117813780137794,594.0,candidate_knee,0.0,594.0,candidate_knee,0.0,596.0,candidate_knee,2.0,0.7483702737940026,0.7547649301143583,True,True,True,False,3.0,5.4,False,2.995879102207977,2.2893401083050655,0.2222553044927603,50,False,False,True,1.0166056,0.9585591858005789,544.0,593.0,0,0,0,50,1.0236835499999999,1.023311116,-0.00024855641776710583,50,1.0232630999999999,1.022905862,-0.00024652655462184856,50,0.016848564,0.01682605198,3.613257863145205e-06,50,33.249812852696394,33.40660618247166,0.0018394681727859847,50,37.881079,38.01793702,0.0013999160144060935,50,11.652627500000138,11.690436533333372,0.0003139743897538599,50,11.652627500000138,11.690436533333372,0.0003139743897538599,50,1.0003934834088763,1.000396082162014,-1.8895758846174894e-06,595.0,644.0,0,0,0,50,1.0075003,1.0073568496,-0.00038708739591836465,50,1.00724785,1.0071158119999999,-0.00038216659879951537,50,0.017067995,0.017044611720000005,4.928434573829602e-06,50,33.35027708524905,33.407345181529905,-0.0024172418687147105,50,38.0439165,38.0846837,-0.001924390636254495,50,11.652340000000002,11.688776099999979,-0.000498850660259451,50,11.652340000000002,11.688776099999979,-0.000498850660259451,50,1.0002358737221893,1.000238960693227,-4.797651702874739e-06,-0.01618324999999987,-0.00013853097815125882,-0.016015249999999925,-0.0001356400441776668,0.0002194309999999991,1.3151767106843968e-06,0.10046423255265324,-0.004256710041500696,0.16283750000000197,-0.0033243066506605887,-0.00028750000013566535,-0.0008128250500133109,-0.00028750000013566535,-0.0008128250500133109,-0.00015760968668709907,-2.9080758182572493e-06,1.3023721190719821,0.24855641776710583,0.38708739591836466,0.13853097815125884
B1c11,B1,11,5.4C(50%)-3C,5.4C(50%)-3C,constant_two_step,5.4,50.0,3.0,4.153846153846154,788.0,False,787,787.0,786,1,0,0,0,False,2.1809402597402855e-05,99,0.88054359,False,768,20.0,787.0,594.0,594.0,-6.512501521188452e-05,-0.0007214016950438,11.077182749159844,-0.0006562766798319,0.973653788471835,-0.0001691134880657,-2.438517525485278e-05,-0.0007953137202986,32.61464032908293,154,154,candidate_knee,574.0,194.0,0.4471754127224241,0.0117813780137794,594.0,candidate_knee,0.0,594.0,candidate_knee,0.0,596.0,candidate_knee,2.0,0.7483702737940026,0.7547649301143583,True,True,True,False,3.0,5.4,False,2.995879102207977,2.2893401083050655,0.2222553044927603,100,False,False,True,1.0166056,0.9585591858005789,494.0,593.0,0,0,0,100,1.0288239,1.0280361640000002,-0.0001931505718571864,100,1.02841425,1.0275846699999998,-0.00019125889828983358,100,0.0167766885,0.016726848680000003,4.901266570657052e-06,100,33.24045754808841,33.49719706562843,-0.0070705793396477964,100,37.8631765,38.05873497,-0.004490266492649291,100,11.735027499999706,11.694616800000022,-0.00014394311431117945,100,11.735027499999706,11.694616800000022,-0.00014394311431117945,100,1.000436583527073,1.0004390988772505,-1.7601709437797644e-06,595.0,694.0,0,0,0,100,0.99704066,0.9936784413999998,-0.0005526240307230735,100,0.9969297349999999,0.9936335782000001,-0.0005448059829583012,100,0.0171586555,0.01716597742,4.80057411341134e-06,100,33.4353503813425,33.48604520516024,0.0027732218011364746,100,38.122904000000005,38.17479171,0.0031699332553258267,100,11.725365000000117,11.702652616666656,0.0005968870387048521,100,11.725365000000117,11.702652616666656,0.0005968870387048521,100,1.0001105361020173,1.0000414518748686,-7.882047086542542e-06,-0.03178323999999988,-0.00035947345886588715,-0.031484515000000046,-0.0003535470846684676,0.0003819670000000004,-1.0069245724571219e-07,0.19489283325409446,0.00984380114078427,0.2597275000000039,0.007660199747975117,-0.009662499999588903,0.0007408301530160315,-0.009662499999588903,0.0007408301530160315,-0.00032604742505570883,-6.121876142762778e-06,2.2767723201155006,0.1931505718571864,0.5526240307230735,0.3594734588658871
B1c12,B1,12,5.4C(50%)-3.6C,5.4C(50%)-3.6C,constant_two_step,5.4,50.0,3.6,4.5473684210526315,902.0,False,901,901.0,900,1,0,0,0,False,1.257311564625877e-05,99,0.91311944,False,882,20.0,901.0,688.0,688.0,-5.955941706115506e-05,-0.0005793117456356,9.726618798851472,-0.0005197523285745,0.9573837434312844,-0.0001361793778895,-2.1610356036079665e-05,-0.000642958345445,29.752325430065543,177,177,candidate_knee,668.0,214.0,0.3985455065052281,0.0169845175595355,689.0,candidate_knee,1.0,688.0,candidate_knee,0.0,691.0,candidate_knee,3.0,0.7582292849035187,0.7635960044395117,True,True,True,False,3.6,5.4,False,3.096575192487372,2.372748641021327,0.2252584759861903,50,False,False,True,1.0366699,0.9578324362690775,638.0,687.0,0,0,0,50,1.0425194,1.042307114,-0.0002064603745498191,50,1.04221505,1.042041594,-0.00020765773349339583,50,0.017076781,0.01707341414,1.7391096758704043e-06,50,34.13329306340077,34.127444845232084,0.002982349601961343,50,39.3246155,39.328696580000006,0.0030070426410561393,50,10.652823333333313,10.68753953333328,8.869291716513587e-05,50,10.652823333333313,10.68753953333328,8.869291716513587e-05,50,1.0002753444370334,1.000254854743308,1.1920079984783167e-06,689.0,738.0,0,0,1,50,1.0296191000000001,1.0295137840000002,-0.0002958036110444207,50,1.0294289,1.0293543379999999,-0.0002928048067227056,50,0.017143608999999997,0.0171308713,-2.318532677070968e-06,50,34.251181469422946,34.41274837037257,0.020206955858262123,50,39.51902,39.63928214,0.019937882112845553,50,10.735635833333557,10.70414220000002,0.0008350986794757601,50,10.735635833333557,10.70414220000002,0.0008350986794757601,50,1.0001639653615504,1.0001547338472203,-2.8715182034511586e-06,-0.012900299999999865,-8.93432364946016e-05,-0.01278614999999994,-8.514707322930976e-05,6.682799999999794e-05,-4.057642352941372e-06,0.11788840602217476,0.01722460625630078,0.19440449999999743,0.016930839471789413,0.08281250000024443,0.0007464057623106242,0.08281250000024443,0.0007464057623106242,-0.00011137907548297576,-4.063526201929475e-06,0.3913383910000248,0.2064603745498191,0.2958036110444207,0.0893432364946016
B1c12,B1,12,5.4C(50%)-3.6C,5.4C(50%)-3.6C,constant_two_step,5.4,50.0,3.6,4.5473684210526315,902.0,False,901,901.0,900,1,0,0,0,False,1.257311564625877e-05,99,0.91311944,False,882,20.0,901.0,688.0,688.0,-5.955941706115506e-05,-0.0005793117456356,9.726618798851472,-0.0005197523285745,0.9573837434312844,-0.0001361793778895,-2.1610356036079665e-05,-0.000642958345445,29.752325430065543,177,177,candidate_knee,668.0,214.0,0.3985455065052281,0.0169845175595355,689.0,candidate_knee,1.0,688.0,candidate_knee,0.0,691.0,candidate_knee,3.0,0.7582292849035187,0.7635960044395117,True,True,True,False,3.6,5.4,False,3.096575192487372,2.372748641021327,0.2252584759861903,100,False,False,True,1.0366699,0.9578324362690775,588.0,687.0,0,0,0,100,1.0472081000000002,1.046683353,-0.00017535008040804018,100,1.0469347500000001,1.0463861259999998,-0.00017437392139214232,100,0.01702129,0.017021502560000002,2.002932613261235e-06,100,34.088019493530894,34.1067486890962,0.0006483509634373616,100,39.279953,39.29515088,0.000947786642664276,100,10.652659166666611,10.68333558333331,0.00013096560655930222,100,10.652659166666611,10.68333558333331,0.00013096560655930222,100,1.0002965998849782,1.000283934980449,-8.842013592389463e-07,689.0,788.0,0,0,1,100,1.0218216,1.0200769902,-0.0003809829274527394,100,1.02175795,1.0200235996,-0.0003765831668766855,100,0.017141188,0.01707225905,-1.151974815481468e-06,100,34.80973045196899,34.97859103728736,0.016692888608580356,100,39.978178,40.12375651,0.014355912517251431,100,10.735690833333017,10.704609783333352,0.00017201097109736935,100,10.735690833333017,10.704609783333352,0.00017201097109736935,100,1.000084180270853,1.0000509806943503,-4.307826823610898e-06,-0.0253865000000002,-0.00020563284704469925,-0.02517680000000011,-0.00020220924548454316,0.00011989800000000023,-3.1549074287427034e-06,0.721710958438095,0.016044537645142996,0.6982250000000008,0.013408125874587154,0.08303166666640571,4.104536453806713e-05,0.08303166666640571,4.104536453806713e-05,-0.00021241961412510335,-3.423625464371952e-06,0.7044001952848475,0.17535008040804018,0.38098292745273943,0.20563284704469925
B1c13,B1,13,5.4C(50%)-3.6C,5.4C(50%)-3.6C,constant_two_step,5.4,50.0,3.6,4.5473684210526315,897.0,False,896,896.0,895,1,0,0,0,False,4.458676561533413e-06,99,0.92313582,False,877,20.0,896.0,709.0,709.0,-6.379696914492657e-05,-0.0006010612335559,9.42147004179046,-0.000537264264411,0.9433917536151922,-0.0001269695020857,-2.5757152982610545e-05,-0.000626857455591,24.33721832588525,176,176,candidate_knee,689.0,188.0,0.3267158428112161,0.0184948109276774,709.0,candidate_knee,0.0,709.0,candidate_knee,0.0,712.0,candidate_knee,3.0,0.7865296803652968,0.7912946428571429,True,True,True,False,3.6,5.4,False,3.0819788415719747,2.355614355888626,0.2229800941407972,50,False,False,True,1.0341979,0.9536830202765482,659.0,708.0,0,0,1,50,1.04052525,1.0401694380000002,-0.0002087349675870283,50,1.0404037499999998,1.0400916379999998,-0.00020724249219687595,50,0.017732694,0.017731160600000004,1.3162911884754277e-06,50,32.6706756155714,32.651749462422636,0.002888254616167482,50,36.158834,36.14464442,0.003727561824730037,50,10.652616666666532,10.689093700000113,0.00033551780712815914,50,10.652616666666532,10.689093700000113,0.00033551780712815914,50,1.0000756875313423,1.0000747422586884,-1.4233799244573552e-06,710.0,759.0,0,0,0,50,1.02821035,1.0278198600000001,-0.00029229274429771806,50,1.0281479,1.0278063039999998,-0.00028664458103242493,50,0.0175543165,0.017527654120000003,-5.854869243697574e-06,50,33.8223062137606,33.96720454283639,0.03636923099015385,50,37.183341999999996,37.34109796,0.031665435102040826,50,10.735455833333253,10.69691789999999,0.00028866258503574654,50,10.735455833333253,10.69691789999999,0.00028866258503574654,50,1.0000071537944761,1.0000128910368598,-5.501225737629689e-06,-0.012314900000000017,-8.355777671068977e-05,-0.012255849999999846,-7.940208883554898e-05,-0.00017837750000000013,-7.171160432173002e-06,1.1516305981892003,0.033480976373986365,1.0245079999999973,0.027937873277310787,0.0828391666667212,-4.68552220924126e-05,0.0828391666667212,-4.68552220924126e-05,-6.853373686621644e-05,-4.077845813172334e-06,-1.0059244241173966,0.20873496758702828,0.29229274429771807,0.08355777671068979
B1c13,B1,13,5.4C(50%)-3.6C,5.4C(50%)-3.6C,constant_two_step,5.4,50.0,3.6,4.5473684210526315,897.0,False,896,896.0,895,1,0,0,0,False,4.458676561533413e-06,99,0.92313582,False,877,20.0,896.0,709.0,709.0,-6.379696914492657e-05,-0.0006010612335559,9.42147004179046,-0.000537264264411,0.9433917536151922,-0.0001269695020857,-2.5757152982610545e-05,-0.000626857455591,24.33721832588525,176,176,candidate_knee,689.0,188.0,0.3267158428112161,0.0184948109276774,709.0,candidate_knee,0.0,709.0,candidate_knee,0.0,712.0,candidate_knee,3.0,0.7865296803652968,0.7912946428571429,True,True,True,False,3.6,5.4,False,3.0819788415719747,2.355614355888626,0.2229800941407972,100,False,False,True,1.0341979,0.9536830202765482,609.0,708.0,0,0,2,100,1.0454113999999999,1.044723981,-0.00018229603540354317,100,1.0452857500000001,1.0446074820000002,-0.00018095962436243836,100,0.0176998705,0.01769678759,1.2592673927392277e-06,100,32.611170576940474,32.61404171348026,0.0019063968309023876,100,36.089956,36.10233227,0.0019494464266426946,100,10.652650833333245,10.686665600000058,0.0001600469046931332,100,10.652650833333245,10.686665600000058,0.0001600469046931332,100,1.0001155363109149,1.0001113391133942,-1.262504686379523e-06,710.0,809.0,0,0,0,100,1.01948995,1.0179654161,-0.00039410812475247777,100,1.0196375,1.0181036972,-0.0003876893768976924,100,0.0176410175,0.01757895887,1.1929989378938573e-06,100,33.81149774134127,34.017589033539544,0.005804143712508534,100,37.1849425,37.39389695,0.005235654503450272,100,10.697070000000046,10.702855483333353,0.00041359316931843234,100,10.697070000000046,10.702855483333353,0.00041359316931843234,100,0.9998862627574736,0.9998621181497649,-6.3787071061196855e-06,-0.02592144999999979,-0.0002118120893489346,-0.02564825000000015,-0.00020672975253525403,-5.88529999999976e-05,-6.626845484537046e-08,1.2003271644007967,0.0038977468816061467,1.0949864999999974,0.0032862080768075773,0.04441916666680079,0.0002535462646252991,0.04441916666680079,0.0002535462646252991,-0.0002292735534412671,-5.116202419740163e-06,-0.3325052575949502,0.18229603540354317,0.39410812475247775,0.21181208934893458
B1c14,B1,14,5.4C(60%)-3C,5.4C(60%)-3C,constant_two_step,5.4,60.0,3.0,4.499999999999999,880.0,False,879,879.0,878,1,0,0,0,False,2.623412492269632e-05,99,0.8800649,False,860,20.0,879.0,656.0,656.0,-6.682002141277384e-05,-0.0006849512194475,10.250688415921038,-0.0006181311980347,0.980531586005217,-0.0001703651409849,-1.9497479499932788e-05,-0.0007373279178193,37.81657612830716,172,172,candidate_knee,636.0,224.0,0.5879107106641517,0.0114456891071768,656.0,candidate_knee,0.0,656.0,candidate_knee,0.0,658.0,candidate_knee,2.0,0.740395809080326,0.7463026166097838,True,True,True,False,3.0,5.4,False,3.137807550000044,2.388379009458318,0.2737348711442375,50,False,False,True,1.0293981,0.9562380481634977,606.0,655.0,0,0,0,50,1.0353397,1.035299828,-0.00021467090516206276,50,1.03481705,1.034719932,-0.00021183903001200575,50,0.017575241499999998,0.0175523242,2.452423241296499e-06,50,34.09632404031255,34.03290686063083,0.015953604988268144,50,38.8765335,38.91968258,0.003671772436974639,50,10.763274166666655,10.801377066666605,-0.0007040336134388677,50,10.763274166666655,10.801377066666605,-0.0007040336134388677,50,1.0005543692292382,1.0005603231759286,-2.622823702787357e-06,657.0,706.0,0,0,0,50,1.0210104,1.020304138,-0.0003872899927971202,50,1.0205297500000001,1.019882072,-0.00038193036254501435,50,0.0177118525,0.017718315579999998,2.6790509003600967e-06,50,34.19933624444769,34.153812238645465,0.009425325901623769,50,39.0466805,39.07019284,0.005477960048019268,50,10.7640158333333,10.800324200000029,-0.0005796464185674285,50,10.7640158333333,10.800324200000029,-0.0005796464185674285,50,1.0004521642985942,1.0004134276723684,-5.111719916421367e-06,-0.01432929999999999,-0.00017261908763505744,-0.014287299999999892,-0.0001700913325330086,0.00013661100000000176,2.266276590635975e-07,0.10301220413514045,-0.006528279086644375,0.17014700000000005,0.0018061876110446289,0.0007416666666451022,0.0001243871948714392,0.0007416666666451022,0.0001243871948714392,-0.00010220493064405645,-2.4888962136340102e-06,0.7772923063390155,0.21467090516206278,0.3872899927971202,0.1726190876350574
B1c14,B1,14,5.4C(60%)-3C,5.4C(60%)-3C,constant_two_step,5.4,60.0,3.0,4.499999999999999,880.0,False,879,879.0,878,1,0,0,0,False,2.623412492269632e-05,99,0.8800649,False,860,20.0,879.0,656.0,656.0,-6.682002141277384e-05,-0.0006849512194475,10.250688415921038,-0.0006181311980347,0.980531586005217,-0.0001703651409849,-1.9497479499932788e-05,-0.0007373279178193,37.81657612830716,172,172,candidate_knee,636.0,224.0,0.5879107106641517,0.0114456891071768,656.0,candidate_knee,0.0,656.0,candidate_knee,0.0,658.0,candidate_knee,2.0,0.740395809080326,0.7463026166097838,True,True,True,False,3.0,5.4,False,3.137807550000044,2.388379009458318,0.2737348711442375,100,False,False,True,1.0293981,0.9562380481634977,556.0,655.0,0,0,0,100,1.0400085,1.0396445600000002,-0.00017352234623462288,100,1.0393938999999999,1.039014659,-0.00017153701230123358,100,0.01749291,0.01748193002,2.4693461146115913e-06,100,34.011801033294134,34.06957016576885,0.0017636900644639835,100,38.842228,38.844625859999994,0.003941329336933756,100,10.7636333333332,10.803868333333282,-0.00019777821782149233,100,10.7636333333332,10.803868333333282,-0.00019777821782149233,100,1.0006076942360767,1.0006059899451205,-1.8135171336879291e-06,657.0,756.0,0,0,0,100,1.00921955,1.0066023199,-0.0005471173021902179,100,1.0089744500000002,1.0063357306,-0.0005413653940594087,100,0.0177799535,0.017783367169999998,2.6947939813981534e-06,100,33.65491572499202,32.48020591605326,-0.06073556484664419,100,38.954151499999995,35.60634073,-0.1284132351695168,100,10.846692500000064,10.855807783333335,0.002409667876786902,100,10.846692500000064,10.855807783333335,0.002409667876786902,100,1.000266792591428,1.0002624398608801,-5.578469861032882e-06,-0.030788949999999815,-0.00037359495595559505,-0.03041944999999968,-0.00036982838175817514,0.00028704350000000045,2.254478667865622e-07,-0.35688530830211107,-0.06249925491110817,0.11192349999999607,-0.13235456450645056,0.08305916666686386,0.0026074460946083943,0.08305916666686386,0.0026074460946083943,-0.00034090164464872785,-3.7649527273449526e-06,1.640913375761954,0.17352234623462287,0.5471173021902179,0.37359495595559505
B1c15,B1,15,5.4C(60%)-3C,5.4C(60%)-3C,constant_two_step,5.4,60.0,3.0,4.499999999999999,719.0,False,718,718.0,717,1,0,0,0,False,2.904936054421799e-05,99,0.88298881,False,699,20.0,718.0,552.0,552.0,-6.835539349088719e-05,-0.0008901829009312,13.022862651649202,-0.0008218275074403,0.9759007845963612,-0.0001860274043586,-1.660138680544898e-05,-0.0009620883601277,57.95228864927852,140,140,candidate_knee,532.0,167.0,0.4707655897228038,0.0113450813513509,553.0,candidate_knee,1.0,552.0,candidate_knee,0.0,554.0,candidate_knee,2.0,0.7621776504297995,0.7688022284122563,True,True,True,False,3.0,5.4,False,3.1562767431349013,2.4015408989685993,0.2775514781575801,50,False,False,True,1.0248517,0.9595214356742521,502.0,551.0,0,0,0,50,1.03176465,1.032191108,-0.00028661067947179683,50,1.0312819,1.0317070819999998,-0.0002827025162064856,50,0.017493369,0.01737005442,1.4560341464585797e-05,50,34.32302283109337,34.68946535778156,-0.04340402671335759,50,39.2457105,39.70566314,-0.04837908605042035,50,10.76387916666669,10.7924284,-0.00015634285714356214,50,10.76387916666669,10.7924284,-0.00015634285714356214,50,1.0004594670316638,1.0004689421586428,-3.657302162371256e-06,553.0,602.0,0,0,0,50,1.01402575,1.0133766132000002,-0.0005088086396158559,50,1.01376515,1.0131368078,-0.000501747052581033,50,0.017648691,0.01762764146,2.7940741896758623e-06,50,34.033076396729506,34.040826783692104,-0.011336538372128824,50,39.1947365,39.362258100000005,0.004191648547419001,50,10.76392666666652,10.795621599999965,0.0011353976790715679,50,10.76392666666652,10.795621599999965,0.0011353976790715679,50,1.0002298562191725,1.0002359895678774,-6.859346716137648e-06,-0.01773889999999989,-0.00022219796014405903,-0.01751674999999997,-0.00021904453637454742,0.0001553219999999994,-1.1766267274909934e-05,-0.2899464343638627,0.03206748834122876,-0.05097400000000363,0.05257073459783935,4.749999983033604e-05,0.00129174053621513,4.749999983033604e-05,0.00129174053621513,-0.00022961081249128767,-3.202044553766392e-06,0.8878907201923163,0.2866106794717968,0.5088086396158559,0.22219796014405907
B1c15,B1,15,5.4C(60%)-3C,5.4C(60%)-3C,constant_two_step,5.4,60.0,3.0,4.499999999999999,719.0,False,718,718.0,717,1,0,0,0,False,2.904936054421799e-05,99,0.88298881,False,699,20.0,718.0,552.0,552.0,-6.835539349088719e-05,-0.0008901829009312,13.022862651649202,-0.0008218275074403,0.9759007845963612,-0.0001860274043586,-1.660138680544898e-05,-0.0009620883601277,57.95228864927852,140,140,candidate_knee,532.0,167.0,0.4707655897228038,0.0113450813513509,553.0,candidate_knee,1.0,552.0,candidate_knee,0.0,554.0,candidate_knee,2.0,0.7621776504297995,0.7688022284122563,True,True,True,False,3.0,5.4,False,3.1562767431349013,2.4015408989685993,0.2775514781575801,100,False,False,True,1.0248517,0.9595214356742521,452.0,551.0,0,0,0,100,1.0394556499999998,1.0374960279999998,-0.00021353705010500933,100,1.0388448499999998,1.036957104,-0.0002113392343234354,100,0.0170197135,0.01714903411,8.61619897389746e-06,100,35.386788707904024,35.34045711151621,-0.027162881367823966,100,40.6538415,40.31602977,-0.023917266792679248,100,10.763844166666725,10.796274933333331,-0.0001326341234119528,100,10.763844166666725,10.796274933333331,-0.0001326341234119528,100,1.000543264799758,1.0005193520940874,-2.019102283384703e-06,553.0,652.0,0,0,0,100,0.998796735,0.9946113679999999,-0.0007482849428142743,100,0.998838185,0.9946253262999997,-0.0007389069044704487,100,0.0177593985,0.017772738519999998,5.551619597959717e-06,100,34.00454530308045,34.03007828086089,-0.0019413413908881349,100,39.2772085,39.35672822000001,0.00038078655865593475,100,10.913887499999934,11.006043949999976,0.008285471237123934,100,10.913887499999934,11.006043949999976,0.008285471237123934,100,1.0000160686955808,0.9999801065743468,-9.466207024722683e-06,-0.04065891499999985,-0.000534747892709265,-0.04000666499999983,-0.0005275676701470133,0.0007396850000000003,-3.0645793759377422e-06,-1.3822434048235763,0.025221539976935832,-1.3766329999999982,0.024298053351335183,0.1500433333332083,0.008418105360535886,0.1500433333332083,0.008418105360535886,-0.0005271961041772855,-7.44710474133798e-06,4.3460484807808335,0.21353705010500934,0.7482849428142744,0.534747892709265
B1c16,B1,16,5.4C(60%)-3.6C,5.4C(60%)-3.6C,constant_two_step,5.4,60.0,3.6,4.8,862.0,False,861,861.0,860,1,0,0,0,False,2.3160274582560223e-05,99,0.88096577,False,842,20.0,861.0,672.0,672.0,-6.588367568655935e-05,-0.0008482316291266,12.874685880644355,-0.0007823479534401,0.9741860742867056,-0.0001669279568087,-2.2350327929988595e-05,-0.0008977704982099,40.16811301481396,169,169,candidate_knee,652.0,190.0,0.66323832606011,0.0171207848791254,673.0,candidate_knee,1.0,672.0,candidate_knee,0.0,674.0,candidate_knee,2.0,0.7752675386444708,0.7804878048780488,True,True,True,False,3.6,5.4,False,3.1769566045054405,2.3966658131589726,0.2718595169167937,50,False,False,True,1.0359793,0.9532349770248297,622.0,671.0,0,0,0,50,1.0434595500000001,1.043164274,-0.0002526194141656753,50,1.0430097,1.0427049,-0.00025000039375749667,50,0.017298260500000003,0.017271877839999998,4.2477071788714576e-06,50,33.04866267730955,33.11337751361532,-0.010928444562643231,50,37.6135695,37.66651866,-0.008930781224489728,50,10.097286666666696,10.122294866666662,0.0003223294117648627,50,10.097286666666696,10.122294866666662,0.0003223294117648627,50,1.0004328932020052,1.000440443052748,-2.4038793973954874e-06,673.0,722.0,0,0,0,50,1.02640105,1.0257435339999998,-0.0004659793181272508,50,1.0261923,1.025551094,-0.0004571981992797167,50,0.017373734000000002,0.01735547646,7.351088115246722e-07,50,33.116997782338416,33.11683172968403,0.0005711791223182902,50,37.821621,37.80654438,0.003499394621848445,50,10.105485833332931,10.13521013333338,0.0008134336934782612,50,10.105485833332931,10.13521013333338,0.0008134336934782612,50,1.0001954431636446,1.0001868854442326,-8.473501158829264e-06,-0.017058500000000087,-0.0002133599039615755,-0.016817400000000093,-0.00020719780552222005,7.547349999999925e-05,-3.512598367346785e-06,0.06833510502886497,0.011499623684961522,0.2080515000000034,0.012430175846338173,0.008199166666235769,0.0004911042817133985,0.008199166666235769,0.0004911042817133985,-0.0002374500383606204,-6.069621761433777e-06,0.4363068760584293,0.25261941416567535,0.46597931812725085,0.2133599039615755
B1c16,B1,16,5.4C(60%)-3.6C,5.4C(60%)-3.6C,constant_two_step,5.4,60.0,3.6,4.8,862.0,False,861,861.0,860,1,0,0,0,False,2.3160274582560223e-05,99,0.88096577,False,842,20.0,861.0,672.0,672.0,-6.588367568655935e-05,-0.0008482316291266,12.874685880644355,-0.0007823479534401,0.9741860742867056,-0.0001669279568087,-2.2350327929988595e-05,-0.0008977704982099,40.16811301481396,169,169,candidate_knee,652.0,190.0,0.66323832606011,0.0171207848791254,673.0,candidate_knee,1.0,672.0,candidate_knee,0.0,674.0,candidate_knee,2.0,0.7752675386444708,0.7804878048780488,True,True,True,False,3.6,5.4,False,3.1769566045054405,2.3966658131589726,0.2718595169167937,100,False,False,True,1.0359793,0.9532349770248297,572.0,671.0,0,0,0,100,1.04896375,1.048228265,-0.00020352011821182025,100,1.0484483500000001,1.047727994,-0.0002017322868286814,100,0.0172586385,0.017228202100000003,2.0362160216021046e-06,100,33.01483794783651,33.12011150301505,-0.0012537633231307396,100,37.5860155,37.66221076,-0.0005697481668165952,100,10.097381666667085,10.129857566666649,-0.00011689532953190794,100,10.097381666667085,10.129857566666649,-0.00011689532953190794,100,1.0004717109858738,1.000477219663855,-1.6161122822534987e-06,673.0,772.0,0,0,0,100,1.0125279,1.0092076334,-0.000660707255565562,100,1.0124905499999999,1.0092200644,-0.0006524450937893802,100,0.0173753705,0.01733750498,-1.5059560276027545e-06,100,33.20481978935662,33.576978319755675,0.021618812759498757,100,37.924755000000005,38.23024441999999,0.01998501746174633,100,10.184803333333306,10.242073816666721,0.003963434953495785,100,10.184803333333306,10.242073816666721,0.003963434953495785,100,1.0000235564195457,0.9999833042399764,-8.217451263051586e-06,-0.036435849999999936,-0.00045718713735374173,-0.03595780000000026,-0.0004507128069606988,0.00011673200000000133,-3.542172049204859e-06,0.18998184152010822,0.022872576082629496,0.33873950000000264,0.020554765628562923,0.08742166666622175,0.004080330283027693,0.08742166666622175,0.004080330283027693,-0.00044815456632818496,-6.601338980798087e-06,0.6763685327785348,0.20352011821182026,0.660707255565562,0.4571871373537417
B1c17,B1,17,5.4C(60%)-3.6C,5.4C(60%)-3.6C,constant_two_step,5.4,60.0,3.6,4.8,857.0,False,856,856.0,855,1,0,0,0,False,1.788623129251757e-05,99,0.8832469,False,837,20.0,856.0,653.0,653.0,-6.206079814879124e-05,-0.0007565745683176,12.190861073100333,-0.0006945137701688,0.9723122393978514,-0.0001652601685372,-1.816129992761705e-05,-0.0008231324579243,45.32343286025955,168,168,candidate_knee,633.0,204.0,0.6042152648368558,0.0167293676049666,654.0,candidate_knee,1.0,653.0,candidate_knee,0.0,656.0,candidate_knee,3.0,0.757177033492823,0.7628504672897196,True,True,True,False,3.6,5.4,False,3.212095534971029,2.43166209251735,0.2784924091131138,50,False,False,True,1.0310438,0.9569738338641481,603.0,652.0,0,0,0,50,1.03764265,1.03749004,-0.00023644985354140966,50,1.03753885,1.037384706,-0.00023464732292917889,50,0.0173329375,0.01729851886,3.6002579111644997e-06,50,32.68402513285275,32.771296281349905,-0.010306580952953245,50,37.1131175,37.188634,-0.008294373493397185,50,10.097122500000038,10.131928666666688,0.0003538292116860744,50,10.097122500000038,10.131928666666688,0.0003538292116860744,50,1.0000890312752766,1.00010146147631,-1.7123562372906128e-06,654.0,703.0,0,0,0,50,1.022718,1.021913042,-0.0004022047106842724,50,1.02285445,1.022036376,-0.00039513060264104925,50,0.017367954499999998,0.017350833019999998,1.161790972389172e-06,50,32.74384299972094,32.80275315708463,-0.0018465591812899477,50,37.219801000000004,37.226836500000005,0.001810417911164148,50,10.111569999999727,10.136852400000004,0.0015873082032822517,50,10.111569999999727,10.136852400000004,0.0015873082032822517,50,0.9998995257973315,0.9998787874151392,-6.960591005609437e-06,-0.014924649999999984,-0.00016575485714286276,-0.01468439999999993,-0.00016048327971187037,3.50169999999983e-05,-2.438466938775328e-06,0.0598178668681868,0.008460021771663297,0.1066835000000026,0.010104791404561332,0.014447499999688418,0.0012334789915961772,0.014447499999688418,0.0012334789915961772,-0.00018950547794505113,-5.248234768318824e-06,0.20202576741535186,0.23644985354140965,0.40220471068427244,0.16575485714286278
B1c17,B1,17,5.4C(60%)-3.6C,5.4C(60%)-3.6C,constant_two_step,5.4,60.0,3.6,4.8,857.0,False,856,856.0,855,1,0,0,0,False,1.788623129251757e-05,99,0.8832469,False,837,20.0,856.0,653.0,653.0,-6.206079814879124e-05,-0.0007565745683176,12.190861073100333,-0.0006945137701688,0.9723122393978514,-0.0001652601685372,-1.816129992761705e-05,-0.0008231324579243,45.32343286025955,168,168,candidate_knee,633.0,204.0,0.6042152648368558,0.0167293676049666,654.0,candidate_knee,1.0,653.0,candidate_knee,0.0,656.0,candidate_knee,3.0,0.757177033492823,0.7628504672897196,True,True,True,False,3.6,5.4,False,3.212095534971029,2.43166209251735,0.2784924091131138,100,False,False,True,1.0310438,0.9569738338641481,553.0,652.0,0,0,0,100,1.0429088000000002,1.0422286889999999,-0.00019117101410140843,100,1.0427434,1.042063765,-0.00018862337413741147,100,0.0173066935,0.0172693657,1.4902844644464517e-06,100,32.65994058716046,32.78087006908454,-0.001196028111401885,100,37.0899925,37.17285092,6.983044704496799e-05,100,10.097142500000093,10.131148516666622,6.705663566541069e-05,100,10.097142500000093,10.131148516666622,6.705663566541069e-05,100,1.000137536887297,1.0001579366824362,-2.415631809091331e-06,654.0,753.0,0,0,0,100,1.01026515,1.0076914443,-0.0005670469936393588,100,1.0105331,1.0080083105,-0.0005594496810681094,100,0.017368514,0.01731237238,-2.4949417581758336e-06,100,32.85119540922794,33.282026243825754,0.022876356925903583,100,37.330299,37.687027369999996,0.021665543408340714,100,10.201600000000326,10.239807550000002,0.003665983348334427,100,10.201600000000326,10.239807550000002,0.003665983348334427,100,0.9997191051582086,0.9996820828676074,-7.727416417973963e-06,-0.032643650000000246,-0.0003758759795379504,-0.032210300000000025,-0.00037082630693069797,6.182050000000036e-05,-3.9852262226222855e-06,0.1912548220674779,0.02407238503730547,0.24030649999999554,0.021595712961295747,0.10445750000023324,0.0035989267126690164,0.10445750000023324,0.0035989267126690164,-0.00041843172908828663,-5.311784608882632e-06,0.35720572505661097,0.19117101410140844,0.5670469936393588,0.3758759795379504
B1c19,B1,19,5.4C(70%)-3C,5.4C(70%)-3C,constant_two_step,5.4,70.0,3.0,4.909090909090909,788.0,False,787,787.0,786,1,0,0,0,False,-1.035584539270271e-05,99,0.88093972,False,768,20.0,787.0,576.0,576.0,-9.07393289831553e-05,-0.0007396920549248,8.15183518782857,-0.0006489527259416,0.9801956109033416,-0.0002112810114971,-4.390923926168721e-05,-0.0008053169991621,18.340490810206397,154,154,candidate_knee,556.0,212.0,0.5155084646660248,0.0102093302168668,576.0,candidate_knee,0.0,576.0,candidate_knee,0.0,578.0,candidate_knee,2.0,0.7249022164276402,0.7318932655654383,True,True,True,False,3.0,5.4,False,3.2228782938360574,2.402603131035814,0.316857495946376,50,False,False,True,1.0332178,0.9491578206749138,526.0,575.0,0,0,0,50,1.04081835,1.039923394,-0.0002643723841536606,50,1.0407837,1.0399152,-0.00026259920288116263,50,0.0173508105,0.017374567200000003,4.6265866026410915e-06,50,33.61451261641483,33.63570820865547,0.0042466177197885745,50,38.942591,38.978379600000004,0.004925716110443801,50,10.795317499999996,10.799463499999984,0.003771990476189754,50,10.795317499999996,10.799463499999984,0.003771990476189754,50,0.9999994974479869,1.0000078035577278,-1.7032456960571044e-06,577.0,626.0,0,0,0,50,1.0235443,1.02311774,-0.00043312444657864034,50,1.0237792,1.023292212,-0.00042756724129651126,50,0.0176765265,0.01764844284,8.590949339735744e-06,50,33.72035478444213,33.82144194193223,-0.004325322074797325,50,39.104849,39.18725418,-0.003169395198079327,50,11.027950833333307,11.039315200000027,0.007117643857541472,50,11.027950833333307,11.039315200000027,0.007117643857541472,50,0.9998423133127002,0.9998290296344724,-5.513666929412843e-06,-0.01727404999999993,-0.00016875206242497972,-0.01700450000000009,-0.00016496803841534863,0.0003257160000000002,3.964362737094652e-06,0.1058421680273014,-0.0085719397945859,0.16225800000000135,-0.008095111308523128,0.23263333333331104,0.0033456533813517176,0.23263333333331104,0.0033456533813517176,-0.00015718413528664765,-3.810421233355739e-06,1.8772379538120145,0.2643723841536606,0.43312444657864035,0.16875206242497975
B1c19,B1,19,5.4C(70%)-3C,5.4C(70%)-3C,constant_two_step,5.4,70.0,3.0,4.909090909090909,788.0,False,787,787.0,786,1,0,0,0,False,-1.035584539270271e-05,99,0.88093972,False,768,20.0,787.0,576.0,576.0,-9.07393289831553e-05,-0.0007396920549248,8.15183518782857,-0.0006489527259416,0.9801956109033416,-0.0002112810114971,-4.390923926168721e-05,-0.0008053169991621,18.340490810206397,154,154,candidate_knee,556.0,212.0,0.5155084646660248,0.0102093302168668,576.0,candidate_knee,0.0,576.0,candidate_knee,0.0,578.0,candidate_knee,2.0,0.7249022164276402,0.7318932655654383,True,True,True,False,3.0,5.4,False,3.2228782938360574,2.402603131035814,0.316857495946376,100,False,False,True,1.0332178,0.9491578206749138,476.0,575.0,0,0,0,100,1.04624835,1.045620856,-0.00022848820162016067,100,1.04611885,1.045558166,-0.00022668657185718306,100,0.017259777,0.017153365389999998,9.142568982898238e-06,100,33.680111639501746,34.030468985279164,-0.016661598185443875,100,39.02417749999999,39.28118106,-0.012923163732373408,100,10.708913333333232,10.661645633333324,0.005656033723372222,100,10.708913333333232,10.661645633333324,0.005656033723372222,100,1.0000589049128723,1.000059660686169,-1.7133679558560213e-06,577.0,676.0,0,0,0,100,1.0112655,1.0081809626,-0.0005963241731773162,100,1.0116785,1.0085250089,-0.0005895973039904045,100,0.017862372,0.017833769769999997,7.3873658745874956e-06,100,33.75257711733318,33.803305086166695,-0.0005940480765734378,100,39.1266155,39.16301972,-0.0008664201020101594,100,11.241815833333323,11.256607300000015,0.008658214281427433,100,11.241815833333323,11.256607300000015,0.008658214281427433,100,0.9996800807448208,0.9996555057906765,-6.894272634458132e-06,-0.03498285000000001,-0.00036783597155715553,-0.03444035000000012,-0.0003629107321332215,0.0006025950000000009,-1.755203108310743e-06,0.07246547783143598,0.016067550108870437,0.10243800000000647,0.01205674363036325,0.5329025000000911,0.0030021805580552107,0.5329025000000911,0.0030021805580552107,-0.00037882416805146146,-5.180904678602111e-06,3.4913255252370927,0.22848820162016067,0.5963241731773162,0.3678359715571555
B1c20,B1,20,5.4C(80%)-5.4C,5.4C(80%)-5.4C,constant_two_step,5.4,80.0,5.4,5.4,534.0,False,533,533.0,532,1,0,0,0,False,-0.0001397761818181,99,0.88078493,False,514,20.0,533.0,418.0,418.0,-0.0002760654516571,-0.0007164379798724,2.5951743529365237,-0.0004403725282153,0.9199537968323666,-0.0003327795493099,-0.0001836081590739,-0.0007508147153824,4.089223045257362,103,103,candidate_knee,398.0,116.0,0.0504538877956943,0.0040386421530911,419.0,candidate_knee,1.0,418.0,candidate_knee,0.0,424.0,candidate_knee,6.0,0.7758284600389863,0.7842401500938087,True,True,True,False,,5.4,False,3.441658517825004,2.5673003401473258,0.3908802182611297,50,False,False,True,0.96625417,0.9024201285750509,368.0,417.0,0,0,0,50,0.977095485,0.9761941402000001,-0.0003508139846338571,50,0.9769448350000001,0.9760748490000001,-0.00034812746938775734,50,0.016130541499999998,0.01605113994,3.1303523169267717e-06,50,34.25084568001549,34.33094312932815,0.01668104504745148,50,37.642977,37.74371836,0.014316129555821894,50,9.800388333333089,9.798745399999904,0.0038062076030448027,50,9.800388333333089,9.798745399999904,0.0038062076030448027,50,1.000111468611213,1.0001219928493024,-2.7212952572057694e-06,419.0,468.0,0,0,0,50,0.95447758,0.9540762662000002,-0.0005295767140456217,50,0.9545644200000001,0.9541941562000001,-0.000521376745738288,50,0.016421303999999998,0.01640107252,1.2274824681872973e-05,50,34.63938193772293,34.80623131062673,-0.0029171315075580597,50,38.0834785,38.20493716,0.00021920701080411728,50,10.210454166666871,10.190024633333328,0.012630773349339396,50,10.210454166666871,10.190024633333328,0.012630773349339396,50,0.9998713962369007,0.9998754639565186,-8.661746170540324e-06,-0.022617904999999938,-0.0001787627294117646,-0.022380414999999987,-0.00017324927635053067,0.0002907624999999997,9.144472364946202e-06,0.38853625770744316,-0.01959817655500954,0.4405014999999963,-0.014096922545017777,0.4100658333337819,0.008824565746294593,0.4100658333337819,0.008824565746294593,-0.00024007237431222794,-5.9404509133345546e-06,1.802558829162677,0.3508139846338571,0.5295767140456217,0.17876272941176458
B1c20,B1,20,5.4C(80%)-5.4C,5.4C(80%)-5.4C,constant_two_step,5.4,80.0,5.4,5.4,534.0,False,533,533.0,532,1,0,0,0,False,-0.0001397761818181,99,0.88078493,False,514,20.0,533.0,418.0,418.0,-0.0002760654516571,-0.0007164379798724,2.5951743529365237,-0.0004403725282153,0.9199537968323666,-0.0003327795493099,-0.0001836081590739,-0.0007508147153824,4.089223045257362,103,103,candidate_knee,398.0,116.0,0.0504538877956943,0.0040386421530911,419.0,candidate_knee,1.0,418.0,candidate_knee,0.0,424.0,candidate_knee,6.0,0.7758284600389863,0.7842401500938087,True,True,True,False,,5.4,False,3.441658517825004,2.5673003401473258,0.3908802182611297,100,False,False,True,0.96625417,0.9024201285750509,318.0,417.0,0,0,0,100,0.9845111950000001,0.9847193659,-0.00034162745016501215,100,0.98439968,0.9845483718000001,-0.000339348376357637,100,0.016061977499999998,0.01603858064,1.632297113711376e-06,100,33.181402892736074,33.594246454807426,0.023575412948412894,100,36.6149595,37.052882659999995,0.02226811685568554,100,9.710001666666844,9.716788750000006,0.0035177244624442264,100,9.710001666666844,9.716788750000006,0.0035177244624442264,100,1.00017888346534,1.0001730205904726,-2.256420664607906e-06,419.0,518.0,0,0,0,100,0.939759225,0.9373645858999999,-0.0006699548965496548,100,0.940128385,0.9377417582,-0.0006594476117611829,100,0.0168639125,0.016877277389999997,1.9383844890489118e-05,100,34.591504785929395,34.72832122402291,-0.00348521879142149,100,38.1109865,38.232948289999996,0.0007459348874886754,100,10.616603333333234,10.876243033333328,0.02881872173217372,100,10.616603333333234,10.876243033333328,0.02881872173217372,100,0.999607334326974,0.9995908867306347,-1.1551890203886649e-05,-0.044751970000000085,-0.00032832744638464263,-0.044271295000000044,-0.0003200992354035459,0.0008019350000000036,1.775154777677774e-05,1.4101018931933211,-0.027060631739834383,1.496027000000005,-0.021522181968196864,0.9066016666663899,0.025300997269729494,0.9066016666663899,0.025300997269729494,-0.0005715491383659899,-9.295469539278743e-06,4.992753849891794,0.34162745016501217,0.6699548965496548,0.3283274463846426
B1c21,B1,21,5.4C(80%)-5.4C,5.4C(80%)-5.4C,constant_two_step,5.4,80.0,5.4,5.4,559.0,False,558,558.0,557,1,0,0,0,False,-8.178444155844156e-05,99,0.88016534,False,539,20.0,558.0,442.0,442.0,-0.0002062726853828,-0.0009246186136811,4.482506309379034,-0.0007183459282983,0.93729392644787,-0.0002924412333884,-0.0001222366129354,-0.000963698738413,7.883879594418922,108,108,candidate_knee,422.0,117.0,0.1397530632733138,0.0087633658647519,443.0,candidate_knee,1.0,442.0,candidate_knee,0.0,445.0,candidate_knee,3.0,0.7843866171003717,0.7921146953405018,True,True,True,False,,5.4,False,3.4225475931802953,2.5557917342439365,0.386662187623176,50,False,False,True,0.99628717,0.9197771623488992,392.0,441.0,0,0,0,50,1.00680515,1.006229921,-0.00037701503529412664,50,1.0063350500000001,1.0057687126000001,-0.0003725071726290516,50,0.015772138999999998,0.01576574206,5.806595198079152e-06,50,35.458768688489215,35.63309028397416,0.01005411257622345,50,39.9661065,40.086587640000005,0.010495002064825953,50,9.558439999999973,9.560517133333343,0.004857941576631367,50,9.558439999999973,9.560517133333343,0.004857941576631367,50,1.0004430196982521,1.000458228499221,-4.314818191913608e-06,443.0,492.0,0,0,0,50,0.9819762400000001,0.9816377022,-0.0006033820681872746,50,0.981917915,0.9814978468000001,-0.0005944141243697503,50,0.016169824,0.016242414579999996,1.4122929219687876e-05,50,35.62685192131909,35.823139351905645,-0.0016022639594046964,50,40.281761,40.39070604,0.0038197708523413027,50,9.877603333333536,9.930109733333298,0.011716484193675356,50,9.877603333333536,9.930109733333298,0.011716484193675356,50,1.0001761545380976,1.0001413338559808,-9.068237225153363e-06,-0.02482890999999987,-0.00022636703289314795,-0.02441713500000009,-0.00022190695174069874,0.0003976850000000018,8.316334021608724e-06,0.16808323282987203,-0.011656376535628146,0.31565450000000084,-0.006675231212484651,0.31916333333356306,0.006858542617043989,0.31916333333356306,0.006858542617043989,-0.0002668651601545058,-4.753419033239755e-06,2.5214398630395145,0.3770150352941266,0.6033820681872746,0.22636703289314797
B1c21,B1,21,5.4C(80%)-5.4C,5.4C(80%)-5.4C,constant_two_step,5.4,80.0,5.4,5.4,559.0,False,558,558.0,557,1,0,0,0,False,-8.178444155844156e-05,99,0.88016534,False,539,20.0,558.0,442.0,442.0,-0.0002062726853828,-0.0009246186136811,4.482506309379034,-0.0007183459282983,0.93729392644787,-0.0002924412333884,-0.0001222366129354,-0.000963698738413,7.883879594418922,108,108,candidate_knee,422.0,117.0,0.1397530632733138,0.0087633658647519,443.0,candidate_knee,1.0,442.0,candidate_knee,0.0,445.0,candidate_knee,3.0,0.7843866171003717,0.7921146953405018,True,True,True,False,,5.4,False,3.4225475931802953,2.5557917342439365,0.386662187623176,100,False,False,True,0.99628717,0.9197771623488992,342.0,441.0,0,0,1,100,1.0149496999999998,1.0140382865000002,-0.00031179068232823216,100,1.0143981,1.0134913643,-0.00030850393261326045,100,0.015700246,0.01568875524,2.2818251545154385e-06,100,35.27872216020714,35.21662867838249,0.020757932009676926,100,39.775486,39.68944010999999,0.01919679729372937,100,9.462955000000267,9.488220966666635,0.002834448564857339,100,9.462955000000267,9.488220966666635,0.002834448564857339,100,1.0005500909324887,1.0005388303132792,-3.087726807434735e-06,443.0,542.0,0,0,0,100,0.9650567800000001,0.9611764565000002,-0.0008274435203720362,100,0.965180695,0.9613978734000002,-0.0008128347743174387,100,0.0166380415,0.01671168102,1.8942913303330308e-05,100,35.69259766648763,35.87682480679817,0.002664842360078997,100,40.525568,40.64367223,0.010321737671767268,100,10.292895833333507,10.531440483333322,0.02513230960096026,100,10.292895833333507,10.531440483333322,0.02513230960096026,100,0.9998661038184274,0.9997583445641897,-1.5534043868956604e-05,-0.049892919999999785,-0.0005156528380438041,-0.049217404999999936,-0.0005043308417041782,0.000937795499999998,1.666108814881487e-05,0.4138755062804904,-0.018093089649597927,0.750081999999999,-0.008875059621962101,0.8299408333332394,0.02229786103610292,0.8299408333332394,0.02229786103610292,-0.0006839871140612575,-1.244631706152187e-05,5.973126153564714,0.31179068232823215,0.8274435203720363,0.5156528380438041
B1c22,B1,22,6C(30%)-3.6C,6C(30%)-3.6C,constant_two_step,6.0,30.0,3.6,4.235294117647059,891.0,False,890,890.0,889,1,0,0,0,False,-6.755834260976952e-06,99,0.96327895,False,871,20.0,890.0,664.0,664.0,-5.722811817314377e-05,-0.0003417322334015,5.971404343012925,-0.0002845041152284,0.9230418621442018,-0.0001049395782994,-2.7487827810120788e-05,-0.0004019014202418,14.621068751523916,175,175,candidate_knee,644.0,227.0,0.1376112050428435,0.0105903020881896,664.0,candidate_knee,0.0,664.0,candidate_knee,0.0,670.0,candidate_knee,6.0,0.7402298850574712,0.7460674157303371,True,True,True,False,3.6,6.0,False,2.969175929250808,2.289522601929181,0.1170959597838118,50,False,False,True,1.0435641,0.9634643699800912,614.0,663.0,0,0,0,50,1.0475396,1.047275956,-0.00014915613925570845,50,1.04709035,1.047035642,-0.0001446254357743158,50,0.017164987,0.01716368716,1.0878802400960579e-06,50,33.67240098641669,33.669844787357185,0.0032171966181168818,50,38.708351,38.70783060000001,0.003110590156062557,50,11.43015083333327,11.461675666666656,-0.00011688211284773782,50,11.43015083333327,11.461675666666656,-0.00011688211284773782,50,1.00022813159989,1.000229415640402,-4.303976254752391e-06,665.0,714.0,0,0,0,50,1.03922055,1.0388495940000002,-0.00018056806242496712,50,1.0390312499999999,1.038676498,-0.00017882993037214709,50,0.017252796,0.017245906880000002,1.0068928691476153e-06,50,33.751183449059326,33.772886092114135,0.003448812776845588,50,38.782013000000006,38.79093788,0.002366058295318315,50,11.430265000000265,11.465025399999966,0.00013414805922539483,50,11.430265000000265,11.465025399999966,0.00013414805922539483,50,1.0001869972271469,1.000166595680503,-1.6408074816333453e-06,-0.008319049999999883,-3.141192316925866e-05,-0.008059100000000097,-3.420449459783128e-05,8.780900000000119e-05,-8.098737094844257e-08,0.07878246264263566,0.00023161615872870642,0.07366200000000589,-0.000744531860744242,0.00011416666699481937,0.00025103017207313267,0.00011416666699481937,0.00025103017207313267,-4.113437274311238e-05,2.6631687731190457e-06,0.511558791160175,0.14915613925570845,0.18056806242496712,0.03141192316925867
B1c22,B1,22,6C(30%)-3.6C,6C(30%)-3.6C,constant_two_step,6.0,30.0,3.6,4.235294117647059,891.0,False,890,890.0,889,1,0,0,0,False,-6.755834260976952e-06,99,0.96327895,False,871,20.0,890.0,664.0,664.0,-5.722811817314377e-05,-0.0003417322334015,5.971404343012925,-0.0002845041152284,0.9230418621442018,-0.0001049395782994,-2.7487827810120788e-05,-0.0004019014202418,14.621068751523916,175,175,candidate_knee,644.0,227.0,0.1376112050428435,0.0105903020881896,664.0,candidate_knee,0.0,664.0,candidate_knee,0.0,670.0,candidate_knee,6.0,0.7402298850574712,0.7460674157303371,True,True,True,False,3.6,6.0,False,2.969175929250808,2.289522601929181,0.1170959597838118,100,False,False,True,1.0435641,0.9634643699800912,564.0,663.0,0,0,0,100,1.0509469500000002,1.0506097429999999,-0.00013342670087008679,100,1.0506714499999998,1.0503785579999998,-0.0001331621830183093,100,0.017150473,0.01711680721,1.997663972397278e-06,100,33.643889033113595,33.713442433021285,-0.0017151540913245287,100,38.687689,38.75407552000001,-0.001647936525652613,100,11.430155833333265,11.46415894999999,-0.00010603383338362076,100,11.430155833333265,11.46415894999999,-0.00010603383338362076,100,1.0002424441882007,1.0002200706995164,-2.2819256160404117e-07,665.0,764.0,0,0,0,100,1.0338219,1.033845395,-0.0002027030549054963,100,1.03364035,1.0336940419999998,-0.0002019634467446761,100,0.017192686,0.01712548699,-3.3315801680168602e-06,100,33.98957146702594,34.46796321232415,0.021734107733545355,100,38.985209999999995,39.39392367000001,0.018949713669366892,100,11.430560833333098,11.465931633333291,3.7555435543756235e-05,100,11.430560833333098,11.465931633333291,3.7555435543756235e-05,100,1.000168544001494,1.00014633484135,-6.821670214655785e-07,-0.017125050000000197,-6.92763540354095e-05,-0.017031099999999855,-6.880126372636679e-05,4.221299999999928e-05,-5.329244140414138e-06,0.3456824339123443,0.023449261824869883,0.29752099999999615,0.020597650195019506,0.0004049999998336773,0.000143589268927377,0.0004049999998336773,0.000143589268927377,-7.390018670672127e-05,-4.539744598615373e-07,0.24613315329553465,0.1334267008700868,0.20270305490549628,0.0692763540354095
B1c23,B1,23,6C(30%)-3.6C,6C(30%)-3.6C,constant_two_step,6.0,30.0,3.6,4.235294117647059,1014.0,False,1013,1013.0,1012,1,0,0,0,False,-6.9509103277674005e-06,99,0.88066453,False,994,20.0,1013.0,769.0,769.0,-6.46731000538643e-05,-0.0005942714148314,9.18884999074522,-0.0005295983147775,0.9605770911381646,-0.0001450379373977,-2.5552874067306257e-05,-0.0006576461516369,25.736680339938793,199,199,candidate_knee,749.0,245.0,0.6098629715924719,0.0240425723472981,769.0,candidate_knee,0.0,769.0,candidate_knee,0.0,772.0,candidate_knee,3.0,0.7542799597180262,0.7591312931885489,True,True,True,False,3.6,6.0,False,2.9740457996110803,2.2966167015851884,0.1174894180814653,50,False,False,True,1.0285858,0.9500873065253408,719.0,768.0,0,0,1,50,1.03503635,1.0338111399999999,-0.0002080869243697427,50,1.03493725,1.033765886,-0.00020369315246097656,50,0.017208291,0.01718261954,7.082180552221781e-07,50,34.056919082574424,34.19722467744676,0.005015241210488415,50,37.5918465,37.763303480000005,0.006226142809123279,50,11.512835833333337,11.473281200000045,0.00013126738695091824,50,11.512835833333337,11.473281200000045,0.00013126738695091824,50,1.0000646682143093,1.0000435911410386,-4.2485041118860535e-06,770.0,819.0,0,0,0,50,1.0204670999999998,1.020608566,-0.0003110195294117662,50,1.0204914999999999,1.020595892,-0.00030852597358944185,50,0.017440183,0.01734693526,5.662067082833129e-06,50,33.542647033333864,33.9164073711216,-0.016341546890502812,50,37.2037755,37.53268286,-0.014271884897959481,50,11.43318833333348,11.460239066666695,0.0005932081632654337,50,11.43318833333348,11.460239066666695,0.0005932081632654337,50,0.9999729884415696,1.0000123193541393,-2.4534270989591614e-06,-0.014569250000000089,-0.0001029326050420235,-0.014445750000000146,-0.00010483282112846529,0.0002318920000000009,4.953849027610951e-06,-0.5142720492405601,-0.021356788100991227,-0.3880710000000036,-0.020498027707082762,-0.07964749999985798,0.0004619407763145155,-0.07964749999985798,0.0004619407763145155,-9.167977273971673e-05,1.795077012926892e-06,1.3475597315270929,0.20808692436974272,0.3110195294117662,0.10293260504202348
B1c23,B1,23,6C(30%)-3.6C,6C(30%)-3.6C,constant_two_step,6.0,30.0,3.6,4.235294117647059,1014.0,False,1013,1013.0,1012,1,0,0,0,False,-6.9509103277674005e-06,99,0.88066453,False,994,20.0,1013.0,769.0,769.0,-6.46731000538643e-05,-0.0005942714148314,9.18884999074522,-0.0005295983147775,0.9605770911381646,-0.0001450379373977,-2.5552874067306257e-05,-0.0006576461516369,25.736680339938793,199,199,candidate_knee,749.0,245.0,0.6098629715924719,0.0240425723472981,769.0,candidate_knee,0.0,769.0,candidate_knee,0.0,772.0,candidate_knee,3.0,0.7542799597180262,0.7591312931885489,True,True,True,False,3.6,6.0,False,2.9740457996110803,2.2966167015851884,0.1174894180814653,100,False,False,True,1.0285858,0.9500873065253408,669.0,768.0,0,0,1,100,1.0382951,1.0381833679999999,-0.00017719620042003754,100,1.03819685,1.038091575,-0.0001750672877287679,100,0.0173737985,0.017312413569999997,-3.733225496549682e-06,100,33.06249393564249,33.471369493343595,0.02292032375883867,100,36.680174,37.0813076,0.021871615865586613,100,11.43024749999992,11.469973083333368,-2.5547824782438484e-05,100,11.43024749999992,11.469973083333368,-2.5547824782438484e-05,100,1.0001054650715147,1.0000881258890821,-2.0406657191364045e-06,770.0,869.0,0,0,0,100,1.0119428,1.0108204773,-0.00039226083750374866,100,1.0120376,1.0109524899,-0.0003866382404440393,100,0.0174785005,0.017449349540000002,4.372894749474869e-06,100,33.48681068077046,33.7321222440067,-0.008508587137228293,100,37.182354000000004,37.38011569,-0.007164813927392769,100,11.481276666666478,11.486810433333357,0.001101046504649998,100,11.481276666666478,11.486810433333357,0.001101046504649998,100,0.9998841189049237,0.9998676101237614,-5.6336803929951705e-06,-0.026352300000000106,-0.00021506463708371112,-0.02615925000000008,-0.00021157095271527143,0.00010470200000000165,8.106120246024551e-06,0.42431674512796747,-0.03142891089606696,0.5021800000000027,-0.029036429792979383,0.05102916666655766,0.0011265943294324365,0.05102916666655766,0.0011265943294324365,-0.0002213461665909744,-3.593014673858766e-06,0.6026431122704782,0.17719620042003753,0.3922608375037487,0.21506463708371115
B1c24,B1,24,6C(40%)-3C,6C(40%)-3C,constant_two_step,6.0,40.0,3.0,4.0,1017.0,False,1016,1016.0,1015,1,0,0,0,False,2.0242585034014705e-06,99,0.88046598,False,997,20.0,1016.0,756.0,756.0,-6.579272816289756e-05,-0.0005445078493976,8.27610990760965,-0.0004787151212347,0.9669632504891116,-0.0001467587714522,-2.7063574064351433e-05,-0.0006087766423048,22.49431804008096,200,200,candidate_knee,736.0,261.0,0.5629623668452715,0.0185984466975241,756.0,candidate_knee,0.0,756.0,candidate_knee,0.0,758.0,candidate_knee,2.0,0.7389558232931727,0.7440944881889764,True,True,True,False,3.0,6.0,False,2.948895996418498,2.249530742318954,0.1541842385437454,50,False,False,True,1.0248686,0.9505270258351126,706.0,755.0,0,0,0,50,1.030191,1.0304699440000002,-0.0001881552364945996,50,1.0300928,1.0301814759999999,-0.00020326916686674604,50,0.017321227,0.01724321566,-1.0552640336134502e-05,50,34.67218515943418,35.13267410070103,0.05263813573402249,50,39.0473785,39.41111358,0.04496040504201703,50,12.114339166666827,12.140194033333316,0.00021530796318660483,50,12.114339166666827,12.140194033333316,0.00021530796318660483,50,1.0001218885486853,1.0002809685691003,1.479364764794465e-05,757.0,806.0,0,0,0,50,1.01819675,1.017401928,-0.0002974193517407033,50,1.017607,1.017367382,-0.00029206884513804357,50,0.0174926185,0.017478791759999997,5.172921968787418e-06,50,34.68580263888573,34.92574553378154,-0.0023222100540649985,50,39.171034,39.37938036,0.0002795732052817807,50,12.179369166666582,12.140407133333312,-1.0628091237918488e-05,50,12.179369166666582,12.140407133333312,-1.0628091237918488e-05,50,1.0000140517428069,1.0000337720802683,-5.254706754500041e-06,-0.011994250000000095,-0.00010926411524610368,-0.012485800000000102,-8.879967827129753e-05,0.00017139149999999964,1.572556230492192e-05,0.013617479451554004,-0.05496034578808749,0.12365549999999814,-0.04468083183673525,0.065029999999755,-0.00022593605442452333,0.065029999999755,-0.00022593605442452333,-0.00010783680587844735,-2.004835440244469e-05,0.9894882158175031,0.18815523649459961,0.2974193517407033,0.10926411524610366
B1c24,B1,24,6C(40%)-3C,6C(40%)-3C,constant_two_step,6.0,40.0,3.0,4.0,1017.0,False,1016,1016.0,1015,1,0,0,0,False,2.0242585034014705e-06,99,0.88046598,False,997,20.0,1016.0,756.0,756.0,-6.579272816289756e-05,-0.0005445078493976,8.27610990760965,-0.0004787151212347,0.9669632504891116,-0.0001467587714522,-2.7063574064351433e-05,-0.0006087766423048,22.49431804008096,200,200,candidate_knee,736.0,261.0,0.5629623668452715,0.0185984466975241,756.0,candidate_knee,0.0,756.0,candidate_knee,0.0,758.0,candidate_knee,2.0,0.7389558232931727,0.7440944881889764,True,True,True,False,3.0,6.0,False,2.948895996418498,2.249530742318954,0.1541842385437454,100,False,False,True,1.0248686,0.9505270258351126,656.0,755.0,0,0,0,100,1.0350765,1.034846824,-0.00017393441824182623,100,1.0349868500000001,1.034582481,-0.00017569288868886718,100,0.017296349,0.01726758996,-1.7360929372937592e-06,100,34.454672630983666,34.75778899521307,0.01783727607697592,100,38.795576,39.07186671,0.01608454597659779,100,12.09889000000015,12.135184666666692,0.00014070865086453783,100,12.09889000000015,12.135184666666692,0.00014070865086453783,100,1.0001329098941676,1.0002561512525405,1.7721538845012904e-06,757.0,856.0,0,0,0,100,1.0097882999999999,1.0081610774,-0.0003708579108310892,100,1.0099067000000002,1.0081757587000002,-0.0003683936667866759,100,0.0176128085,0.01759530823,5.272882190219055e-06,100,34.65832702192551,34.87846335012175,-0.003972724529899366,100,39.141431999999995,39.349781590000006,-0.002854938031802988,100,12.112211666666312,12.13924464999996,9.349037903703653e-05,100,12.112211666666312,12.13924464999996,9.349037903703653e-05,100,0.9999035509102866,0.9999849237826075,-2.442460461570981e-06,-0.025288200000000094,-0.00019692349258926297,-0.025080149999999968,-0.00019270077809780873,0.0003164595000000013,7.008975127512814e-06,0.20365439094184268,-0.02181000060687529,0.3458559999999977,-0.01893948400840078,0.013321666666161747,-4.72182718275013e-05,0.013321666666161747,-4.72182718275013e-05,-0.00022935898388098952,-4.214614346072272e-06,1.829631791079154,0.17393441824182623,0.3708579108310892,0.19692349258926298
B1c25,B1,25,6C(40%)-3C,6C(40%)-3C,constant_two_step,6.0,40.0,3.0,4.0,854.0,False,853,853.0,852,1,0,0,0,False,5.129313543598951e-07,99,0.88019997,False,834,20.0,853.0,611.0,611.0,-6.909996877152499e-05,-0.0006222623232673,9.005247532380194,-0.0005531623544957,0.9779327599154732,-0.0001822051830264,-3.179175384171404e-05,-0.0006943017370937,21.83905111214102,167,167,candidate_knee,591.0,243.0,0.5306119734467655,0.0117091418097743,611.0,candidate_knee,0.0,611.0,candidate_knee,0.0,613.0,candidate_knee,2.0,0.709483793517407,0.716295427901524,True,True,True,False,3.0,6.0,False,2.9636935076430393,2.272402878796212,0.1556943349896829,50,False,False,True,1.0323797,0.9567511967965812,561.0,610.0,0,0,0,50,1.0393123499999999,1.03918174,-0.0002261295270107936,50,1.03884245,1.038736884,-0.00022536818247299116,50,0.0173762215,0.017328995780000002,5.467868571428555e-06,50,34.926313101519,35.0380451509529,-0.005509354850556072,50,40.5979405,40.67362406,-0.003796770852340738,50,12.09651833333337,12.12785010000004,-0.0009218352140872115,50,12.09651833333337,12.12785010000004,-0.0009218352140872115,50,1.000469361538878,1.0004282316190842,-6.437576297614714e-07,612.0,661.0,0,0,0,50,1.0244458,1.024178798,-0.0003787067226890796,50,1.0241117499999999,1.023899742,-0.00037617289315726644,50,0.0175495365,0.01755462634,3.108851620648238e-06,50,34.98024254755833,34.993778981174366,0.00563161280821888,50,40.629684499999996,40.623556179999994,0.0027751888115247186,50,12.179369166666582,12.143081866666664,0.0008227651060437844,50,12.179369166666582,12.143081866666664,0.0008227651060437844,50,1.0003167416565917,1.000272364346165,-2.375837361040556e-06,-0.014866549999999812,-0.000152577195678286,-0.014730700000000096,-0.00015080471068427528,0.00017331500000000027,-2.359016950780317e-06,0.053929446039333584,0.011140967658774953,0.03174399999999622,0.006571959663865456,0.08285083333321275,0.0017446003201309957,0.08285083333321275,0.0017446003201309957,-0.00015261988228632006,-1.7320797312790846e-06,0.9974262816573803,0.2261295270107936,0.3787067226890796,0.152577195678286
B1c25,B1,25,6C(40%)-3C,6C(40%)-3C,constant_two_step,6.0,40.0,3.0,4.0,854.0,False,853,853.0,852,1,0,0,0,False,5.129313543598951e-07,99,0.88019997,False,834,20.0,853.0,611.0,611.0,-6.909996877152499e-05,-0.0006222623232673,9.005247532380194,-0.0005531623544957,0.9779327599154732,-0.0001822051830264,-3.179175384171404e-05,-0.0006943017370937,21.83905111214102,167,167,candidate_knee,591.0,243.0,0.5306119734467655,0.0117091418097743,611.0,candidate_knee,0.0,611.0,candidate_knee,0.0,613.0,candidate_knee,2.0,0.709483793517407,0.716295427901524,True,True,True,False,3.0,6.0,False,2.9636935076430393,2.272402878796212,0.1556943349896829,100,False,False,True,1.0323797,0.9567511967965812,511.0,610.0,0,0,0,100,1.04455845,1.0435741649999999,-0.0001783758253825408,100,1.0440728,1.0430945210000002,-0.0001770188508850915,100,0.0172745965,0.01728041266,2.3581431503150488e-06,100,34.82343799221216,34.9169443949136,0.0035918769279119998,100,40.4924185,40.54714894999999,0.0038893598859884955,100,12.096648333333725,12.133712650000078,-0.0003651133613367432,100,12.096648333333725,12.133712650000078,-0.0003651133613367432,100,1.0004903065869033,1.0004596598027624,-1.2227794191041973e-06,612.0,711.0,0,0,0,100,1.01387655,1.0122595032000001,-0.00047659105394540154,100,1.01370625,1.0120941197000002,-0.0004723182258025775,100,0.0176393745,0.017650635799999998,3.7937362496250094e-06,100,35.13415187702968,35.13441426691406,0.005542461073905196,100,40.733267,40.73860060999999,0.004411188328833074,100,12.17933499999975,12.14322200000001,0.00023282316231711993,100,12.17933499999975,12.14322200000001,0.00023282316231711993,100,1.0001750250115342,1.00016177567486,-4.155247333934788e-06,-0.03068190000000004,-0.0002982152285628607,-0.03036654999999988,-0.000295299374917486,0.00036477799999999963,1.4355930993099606e-06,0.3107138848175168,0.0019505841459931958,0.24084849999999847,0.0005218284428445789,0.08268666666602442,0.0005979365236538632,0.08268666666602442,0.0005979365236538632,-0.0003152815753690863,-2.932467914830591e-06,2.1116441127872343,0.17837582538254082,0.4765910539454015,0.2982152285628607
B1c26,B1,26,6C(40%)-3.6C,6C(40%)-3.6C,constant_two_step,6.0,40.0,3.6,4.5,870.0,False,869,869.0,868,1,0,0,0,False,-1.5210461348175406e-05,99,0.88105017,False,850,20.0,869.0,652.0,652.0,-7.426180781084466e-05,-0.0007211881041716,9.711426713561565,-0.0006469262963607,0.9672578672822504,-0.000179658074542,-3.5521383357454025e-05,-0.000806016429223,22.69102025425301,170,170,candidate_knee,632.0,218.0,0.6114332928309141,0.0200196300219204,652.0,candidate_knee,0.0,652.0,candidate_knee,0.0,654.0,candidate_knee,2.0,0.7444051825677267,0.7502876869965478,True,True,True,False,3.6,6.0,False,3.0810613984195565,2.3313704152858725,0.1577112218148756,50,False,False,True,1.0355034,0.9492267562814451,602.0,651.0,0,0,0,50,1.0435150499999999,1.043379288,-0.0002621037791116328,50,1.04363195,1.043438382,-0.0002624520768307335,50,0.0170680795,0.01706467862,2.7819096758703933e-06,50,33.92240299370633,33.905601730600594,0.001844923358908089,50,38.3592375,38.37094602,0.0010534712605043543,50,10.765719166666653,10.804489699999994,-0.00014131740696246448,50,10.765719166666653,10.804489699999994,-0.00014131740696246448,50,0.9998770737685664,0.9999434900969639,3.0715938884087164e-07,653.0,702.0,0,0,0,50,1.02761555,1.02705402,-0.00040238243457382187,50,1.02818195,1.027738162,-0.0003789065690276202,50,0.0171736095,0.017170316060000003,2.3208201200481056e-06,50,34.08428959588989,34.07425235178806,0.0036751140463520205,50,38.5645655,38.54966384,0.004421553517407012,50,10.780949166666929,10.808058733333388,0.00033197454982482295,50,10.780949166666929,10.808058733333388,0.00033197454982482295,50,0.9996739488948214,0.9993325153115862,-2.3144831843912658e-05,-0.015899499999999955,-0.00014027865546218906,-0.015449999999999964,-0.0001164544921968867,0.00010552999999999951,-4.6108955582228776e-07,0.16188660218356432,0.0018301906874439314,0.2053280000000015,0.0033680822569026577,0.015230000000276078,0.00047329195678728745,0.015230000000276078,0.00047329195678728745,-0.00020312487374496424,-2.345199123275353e-05,0.6182886598342802,0.2621037791116328,0.4023824345738219,0.1402786554621891
B1c26,B1,26,6C(40%)-3.6C,6C(40%)-3.6C,constant_two_step,6.0,40.0,3.6,4.5,870.0,False,869,869.0,868,1,0,0,0,False,-1.5210461348175406e-05,99,0.88105017,False,850,20.0,869.0,652.0,652.0,-7.426180781084466e-05,-0.0007211881041716,9.711426713561565,-0.0006469262963607,0.9672578672822504,-0.000179658074542,-3.5521383357454025e-05,-0.000806016429223,22.69102025425301,170,170,candidate_knee,632.0,218.0,0.6114332928309141,0.0200196300219204,652.0,candidate_knee,0.0,652.0,candidate_knee,0.0,654.0,candidate_knee,2.0,0.7444051825677267,0.7502876869965478,True,True,True,False,3.6,6.0,False,3.0810613984195565,2.3313704152858725,0.1577112218148756,100,False,False,True,1.0355034,0.9492267562814451,552.0,651.0,0,0,0,100,1.04944615,1.048819192,-0.0002191116519651928,100,1.04961495,1.048893932,-0.00021888010561055805,100,0.016992214,0.016981196089999998,2.9260484908491157e-06,100,33.90325284280219,33.965144128085434,-0.000870497502304759,100,38.3434505,38.40202217,-0.00039456863486341735,100,10.76495249999989,10.796058833333285,0.00020004206420836046,100,10.76495249999989,10.796058833333285,0.00020004206420836046,100,0.9999126405703377,0.9999288137494651,-2.3055628177464856e-07,653.0,752.0,0,0,0,100,1.0163435,1.0145168582000001,-0.0005030825974197438,100,1.01734635,1.0151395608,-0.0005018011984398454,100,0.017171959,0.01713131778,-1.893206480648172e-06,100,34.17475270233647,34.51611373551091,0.01950055055971521,100,38.654825,38.9009453,0.01578758315031506,100,10.8473083333333,10.84135400000005,0.001258174017402557,100,10.8473083333333,10.84135400000005,0.001258174017402557,100,0.9994568983544805,0.9993862638704116,-1.5153645071059054e-06,-0.03310265000000001,-0.00028397094545455105,-0.03226860000000009,-0.00028292109282928733,0.000179745000000002,-4.819254971497288e-06,0.2714998595342806,0.020371048062019968,0.31137449999999944,0.016182151785178477,0.0823558333334109,0.0010581319531941964,0.0823558333334109,0.0010581319531941964,-0.0004557422158572022,-1.2848082253312568e-06,1.0578080054782855,0.2191116519651928,0.5030825974197438,0.28397094545455104
B1c27,B1,27,6C(40%)-3.6C,6C(40%)-3.6C,constant_two_step,6.0,40.0,3.6,4.5,842.0,False,841,841.0,840,1,0,0,0,False,-1.0758799010513336e-05,99,0.88130057,False,822,20.0,841.0,637.0,637.0,-7.156652960047343e-05,-0.0007233004714318,10.10668640032933,-0.0006517339418313,0.9666258870315256,-0.000172508981514,-3.2837192049795836e-05,-0.000800158668314,24.367451001920525,165,165,candidate_knee,617.0,205.0,0.5310515901365971,0.0177233757613066,637.0,candidate_knee,0.0,637.0,candidate_knee,0.0,639.0,candidate_knee,2.0,0.7515225334957369,0.7574316290130797,True,True,True,False,3.6,6.0,False,3.09858654512238,2.3431505753675985,0.1598224057376292,50,False,False,True,1.0312656,0.9528866693240831,587.0,636.0,0,0,1,50,1.0381363000000001,1.038063172,-0.00025791962545017007,50,1.038273,1.0382991600000002,-0.000255421032412985,50,0.0168791435,0.01686825038,3.448736278511372e-06,50,35.02171449348397,35.03799744738496,-0.0034163637011222748,50,40.011665,40.040666879999996,-0.0042463731092440725,50,10.763546666666661,10.795026300000023,-5.8104121653409946e-05,50,10.763546666666661,10.795026300000023,-5.8104121653409946e-05,50,0.9998693610457026,0.999772588457559,-2.4910281249269606e-06,638.0,687.0,0,0,0,50,1.02178705,1.021369036,-0.00041800175750299716,50,1.0222765,1.021750474,-0.00041941141416566385,50,0.0169911025,0.016990706940000003,1.660396302521098e-06,50,35.13994379844627,35.14761415153267,0.004274474339934409,50,40.191471,40.20314044,0.0029850986794719464,50,10.847847499999867,10.820677266666664,0.0008437410164089082,50,10.847847499999867,10.820677266666664,0.0008437410164089082,50,0.9996588764439345,0.9996268558735464,1.21396667709286e-06,-0.016349250000000204,-0.0001600821320528271,-0.01599649999999997,-0.00016399038175267887,0.00011195900000000175,-1.7883399759902738e-06,0.11822930496229844,0.007690838041056684,0.17980599999999924,0.007231471788716019,0.08430083333320582,0.0009018451380623181,0.08430083333320582,0.0009018451380623181,-0.00021048460176809058,3.7049948020198207e-06,0.6632978740894155,0.25791962545017005,0.4180017575029972,0.16008213205282712
B1c27,B1,27,6C(40%)-3.6C,6C(40%)-3.6C,constant_two_step,6.0,40.0,3.6,4.5,842.0,False,841,841.0,840,1,0,0,0,False,-1.0758799010513336e-05,99,0.88130057,False,822,20.0,841.0,637.0,637.0,-7.156652960047343e-05,-0.0007233004714318,10.10668640032933,-0.0006517339418313,0.9666258870315256,-0.000172508981514,-3.2837192049795836e-05,-0.000800158668314,24.367451001920525,165,165,candidate_knee,617.0,205.0,0.5310515901365971,0.0177233757613066,637.0,candidate_knee,0.0,637.0,candidate_knee,0.0,639.0,candidate_knee,2.0,0.7515225334957369,0.7574316290130797,True,True,True,False,3.6,6.0,False,3.09858654512238,2.3431505753675985,0.1598224057376292,100,False,False,True,1.0312656,0.9528866693240831,537.0,636.0,0,0,1,100,1.0437774,1.043217515,-0.00020720175277527943,100,1.0440762000000001,1.0433570689999998,-0.00020446773057305242,100,0.016840958000000003,0.01681242611,2.4081997539753334e-06,100,34.94766413000231,35.00027105436572,0.0010521892862322356,100,39.9634535,40.01984906,0.0003734868886887534,100,10.763525000000058,10.79418233333334,-6.933417341748505e-05,100,10.763525000000058,10.79418233333334,-6.933417341748505e-05,100,0.9999055085891589,0.9998658183824277,-2.6605371210341812e-06,638.0,737.0,0,0,0,100,1.0096351000000001,1.0083265452,-0.0005195200546054621,100,1.01013775,1.0088449287,-0.0005150719621362145,100,0.0170281055,0.01703270774,1.4717461386138608e-06,100,35.226697803203095,35.29583304418092,0.007028892509632001,100,40.252577,40.32451558999999,0.005590525178517656,100,10.858463333333201,10.862261000000055,0.0017074337633782122,100,10.858463333333201,10.862261000000055,0.0017074337633782122,100,0.999478910270315,0.9994841520584621,-4.699066287880131e-06,-0.03414229999999985,-0.0003123183018301826,-0.033938450000000175,-0.0003106042315631621,0.00018714749999999836,-9.364536153614726e-07,0.27903367320078587,0.005976703223399766,0.2891235000000023,0.005217038289828902,0.09493833333314328,0.0017767679367956973,0.09493833333314328,0.0017767679367956973,-0.0004265983188439515,-2.0385291668459493e-06,1.1112639791631707,0.20720175277527944,0.519520054605462,0.3123183018301826
B1c28,B1,28,6C(50%)-3C,6C(50%)-3C,constant_two_step,6.0,50.0,3.0,4.363636363636363,860.0,False,859,859.0,858,1,0,0,0,False,-7.726680272108982e-06,99,0.88058227,False,840,20.0,859.0,628.0,628.0,-7.105467307993234e-05,-0.0006751843617625,9.502321698151649,-0.0006041296886825,0.9803458918974816,-0.0001834186734565,-2.954487082470745e-05,-0.0007325272664139,24.793720397698547,168,168,candidate_knee,608.0,232.0,0.5852713344221828,0.0115029860760387,628.0,candidate_knee,0.0,628.0,candidate_knee,0.0,630.0,candidate_knee,2.0,0.7246722288438617,0.7310826542491269,True,True,True,False,3.0,6.0,False,3.1213881675398407,2.3385377588556624,0.1998211298838717,50,False,False,True,1.0319178,0.9547041009565288,578.0,627.0,0,0,0,50,1.0391363,1.0385093859999999,-0.0002210491284513759,50,1.03841805,1.037780702,-0.0002157019303721503,50,0.017498035000000002,0.017483964700000004,3.695048595438216e-06,50,34.95261971052162,35.01333999294273,-1.0408124282602287e-05,50,39.967432,39.978529599999995,0.0029241986074432435,50,11.179248333333724,11.144559833333354,0.00012990788315220533,50,11.179248333333724,11.144559833333354,0.00012990788315220533,50,1.0006650125800565,1.0007020102989654,-5.00529427797154e-06,629.0,678.0,0,0,0,50,1.02431735,1.023588888,-0.0003948489411764757,50,1.0237872000000001,1.02308889,-0.000385913339735886,50,0.0176776965,0.017667988319999998,1.7565371428571197e-06,50,34.973643702536094,34.98680035463257,0.007184674951646213,50,39.9823185,39.98468102,0.004571667659063603,50,11.09635500000004,11.124554000000014,0.0002728720288099407,50,11.09635500000004,11.124554000000014,0.0002728720288099407,50,1.0005191875549695,1.0004880161180738,-8.574077642077656e-06,-0.014818949999999997,-0.00017379981272509976,-0.014630849999999862,-0.0001702114093637357,0.00017966149999999736,-1.938511452581096e-06,0.021023992014477244,0.007195083075928815,0.014886499999995806,0.0016474690516203594,-0.08289333333368454,0.0001429641456577354,-0.08289333333368454,0.0001429641456577354,-0.00014582502508697637,-3.568783364106116e-06,1.0267524324874042,0.22104912845137592,0.3948489411764757,0.17379981272509976
B1c28,B1,28,6C(50%)-3C,6C(50%)-3C,constant_two_step,6.0,50.0,3.0,4.363636363636363,860.0,False,859,859.0,858,1,0,0,0,False,-7.726680272108982e-06,99,0.88058227,False,840,20.0,859.0,628.0,628.0,-7.105467307993234e-05,-0.0006751843617625,9.502321698151649,-0.0006041296886825,0.9803458918974816,-0.0001834186734565,-2.954487082470745e-05,-0.0007325272664139,24.793720397698547,168,168,candidate_knee,608.0,232.0,0.5852713344221828,0.0115029860760387,628.0,candidate_knee,0.0,628.0,candidate_knee,0.0,630.0,candidate_knee,2.0,0.7246722288438617,0.7310826542491269,True,True,True,False,3.0,6.0,False,3.1213881675398407,2.3385377588556624,0.1998211298838717,100,False,False,True,1.0319178,0.9547041009565288,528.0,627.0,0,0,0,100,1.0443539,1.043137835,-0.0001849270525052548,100,1.0436051,1.0423837459999998,-0.00018330057365736262,100,0.0174225995,0.017413240749999996,2.544603834383486e-06,100,34.91160871985936,35.00275150069838,0.0016788651668486897,100,39.8602735,39.94055111,0.0027857029042903966,100,11.1791933333329,11.140389566666691,8.594379437956709e-05,100,11.1791933333329,11.140389566666691,8.594379437956709e-05,100,1.0007054439264995,1.0007232399965735,-1.4366998463043066e-06,629.0,728.0,0,0,0,100,1.0120974999999999,1.0102785311999998,-0.0005301777420942124,100,1.0121406,1.0099042859,-0.0005248027837383727,100,0.017705633499999998,0.017700545010000002,1.179262988298739e-06,100,35.12586648948215,35.10549386915952,0.004732519587310016,100,40.0578425,40.04688005999999,0.0028027563396338983,100,11.09873249999946,11.134189633333328,0.00046940490048999245,100,11.09873249999946,11.134189633333328,0.00046940490048999245,100,1.0003483844202363,1.0003684150540653,-5.125717483439584e-06,-0.032256400000000074,-0.0003452506895889576,-0.031464500000000006,-0.0003415022100810101,0.000283033999999998,-1.365340846084747e-06,0.2142577696227903,0.003053654420461326,0.19756900000000144,1.7053435343501646e-05,-0.08046083333344001,0.00038346110611042533,-0.08046083333344001,0.00038346110611042533,-0.00035705950626319094,-3.689017637135277e-06,1.6245222189719621,0.1849270525052548,0.5301777420942124,0.34525068958895766
B1c29,B1,29,6C(50%)-3C,6C(50%)-3C,constant_two_step,6.0,50.0,3.0,4.363636363636363,917.0,False,916,916.0,915,1,0,0,0,False,-5.212719851577204e-06,99,0.88035375,False,897,20.0,916.0,680.0,680.0,-7.311326155114076e-05,-0.0006387520450079,8.7364731302698,-0.0005656387834567,0.9751013626085552,-0.0001703396784595,-3.446047470600945e-05,-0.0007052894422204,20.466620040421144,180,180,candidate_knee,660.0,237.0,0.5776201671446913,0.0143819550917214,680.0,candidate_knee,0.0,680.0,candidate_knee,0.0,682.0,candidate_knee,2.0,0.7366071428571429,0.74235807860262,True,True,True,False,3.0,6.0,False,3.12736919945069,2.3506706361675476,0.2004944178021304,50,False,False,True,1.0297097,0.950822610324671,630.0,679.0,0,0,0,50,1.03554595,1.035546626,-0.0002235317983193235,50,1.0354374,1.035423646,-0.0002213706170468263,50,0.017353010000000002,0.01736034952,2.1833624009602297e-06,50,33.57371719550807,33.57296907048285,0.0028675870552438416,50,37.1595305,37.161571959999996,0.002794164033613335,50,11.179379999999947,11.147993866666637,0.00024673485393985554,50,11.179379999999947,11.147993866666637,0.00024673485393985554,50,1.000100515930486,1.000118696621265,-2.066393409659281e-06,681.0,730.0,0,0,0,50,1.02110125,1.020612744,-0.0003964396446578654,50,1.02116265,1.0206650640000001,-0.0003971857190876285,50,0.017530759,0.0175243205,2.280658295318141e-06,50,33.66041256682301,33.66080915728294,0.0026789024915112284,50,37.2725255,37.29206784,0.0009809698919568904,50,11.179188333333393,11.139557766666712,0.00013494397758727954,50,11.179188333333393,11.139557766666712,0.00013494397758727954,50,0.9999402334536778,0.9999488353677957,6.963708206792777e-07,-0.014444699999999866,-0.0001729078463385419,-0.014274750000000003,-0.00017581510204080222,0.00017774899999999788,9.729589435791127e-08,0.08669537131494565,-0.00018868456373261327,0.11299499999999796,-0.0018131941416564443,-0.00019166666655401343,-0.000111790876352576,-0.00019166666655401343,-0.000111790876352576,-0.00016028247680832663,2.7627642303385583e-06,1.0243122086600414,0.2235317983193235,0.3964396446578654,0.17290784633854192
B1c29,B1,29,6C(50%)-3C,6C(50%)-3C,constant_two_step,6.0,50.0,3.0,4.363636363636363,917.0,False,916,916.0,915,1,0,0,0,False,-5.212719851577204e-06,99,0.88035375,False,897,20.0,916.0,680.0,680.0,-7.311326155114076e-05,-0.0006387520450079,8.7364731302698,-0.0005656387834567,0.9751013626085552,-0.0001703396784595,-3.446047470600945e-05,-0.0007052894422204,20.466620040421144,180,180,candidate_knee,660.0,237.0,0.5776201671446913,0.0143819550917214,680.0,candidate_knee,0.0,680.0,candidate_knee,0.0,682.0,candidate_knee,2.0,0.7366071428571429,0.74235807860262,True,True,True,False,3.0,6.0,False,3.12736919945069,2.3506706361675476,0.2004944178021304,100,False,False,True,1.0297097,0.950822610324671,580.0,679.0,0,0,0,100,1.0408664,1.0402446280000002,-0.00018875340414041964,100,1.04072945,1.0400814840000001,-0.00018655686528652588,100,0.017305718499999997,0.01728278123,3.0261379597959982e-06,100,33.57121650896686,33.61903330029617,-0.0014229970297622825,100,37.131031,37.16220321,0.00028018405640546835,100,11.137910833333418,11.137988183333341,0.0003038307530736735,100,11.137910833333418,11.137988183333341,0.0003038307530736735,100,1.0001433056410556,1.0001565925607503,-2.082325931590075e-06,681.0,780.0,0,0,1,100,1.009839,1.0089360719,-0.00046721664392438913,100,1.00994385,1.0090544079,-0.00046463761506150715,100,0.0175260845,0.017473582079999998,-1.3458673867386993e-06,100,33.76856583628733,34.1556782316957,0.0168168443588473,100,37.382799000000006,37.68850857999999,0.013117868118811804,100,11.179188333333393,11.139551416666684,4.2963426341188836e-05,100,11.179188333333393,11.139551416666684,4.2963426341188836e-05,100,0.9998662340621254,0.9998817189569478,-2.636522362141235e-06,-0.03102740000000015,-0.0002784632397839695,-0.03078559999999997,-0.00027808074977498124,0.0002203660000000031,-4.3720053465346975e-06,0.19734932732046673,0.01823984138860958,0.25176800000000554,0.012837684062406336,0.041277499999974765,-0.0002608673267324847,0.041277499999974765,-0.0002608673267324847,-0.0002770715789301992,-5.541964305511598e-07,1.2733709958358743,0.18875340414041963,0.4672166439243891,0.2784632397839695
B1c30,B1,30,6C(50%)-3.6C,6C(50%)-3.6C,constant_two_step,6.0,50.0,3.6,4.8,709.0,False,708,708.0,707,1,0,0,0,False,-1.6368218923933255e-05,99,0.88054287,False,689,20.0,708.0,551.0,551.0,-8.034265907640045e-05,-0.0009894035293833,12.314796905620693,-0.0009090608703069,0.9763289370149676,-0.0002011315669809,-3.9703606026635385e-05,-0.0010541649161965,26.55086078300629,138,138,candidate_knee,531.0,158.0,0.5060138132567065,0.0119778848448959,551.0,candidate_knee,0.0,551.0,candidate_knee,0.0,553.0,candidate_knee,2.0,0.7718023255813954,0.7782485875706214,True,True,True,False,3.6,6.0,False,3.2394315968767073,2.417554388489307,0.2059999112049432,50,False,False,True,1.0328375,0.9536968724347474,501.0,550.0,0,0,0,50,1.0407959,1.0406419720000002,-0.0002833060072028885,50,1.04100985,1.040768414,-0.0002790013685474149,50,0.016766920499999997,0.016785248200000002,-3.755129891957802e-07,50,34.441667268840135,34.38102714786125,0.022026952367376125,50,39.089199,38.98671232,0.022546878559423448,50,10.096790833333458,10.135219066666716,0.0022272043217301915,50,10.096790833333458,10.135219066666716,0.0022272043217301915,50,1.0000583758739243,0.9998782900931701,-4.170801606509321e-06,552.0,601.0,0,0,0,50,1.0205752499999998,1.018956272,-0.0006181098295318085,50,1.0208526500000001,1.0193030479999998,-0.0006139641200480165,50,0.0169507225,0.01694109606,3.2216647779111644e-06,50,34.621631724363624,34.69212311710002,0.007513512037746112,50,39.238172500000005,39.317736139999994,0.005592674429771945,50,10.167537500000133,10.162463433333295,0.0020807050020039564,50,10.167537500000133,10.162463433333295,0.0020807050020039564,50,0.9996627199204571,0.9996592202251827,-4.332895526405838e-06,-0.020220650000000173,-0.00033480382232892,-0.020157199999999875,-0.0003349627515006016,0.00018380200000000374,3.5971777671069447e-06,0.17996445552348916,-0.014513440329630013,0.14897350000000387,-0.016954204129651502,0.0707466666666754,-0.0001464993197262351,0.0707466666666754,-0.0001464993197262351,-0.00039565595346724436,-1.620939198965168e-07,1.0962179966202128,0.2833060072028885,0.6181098295318085,0.33480382232892
B1c30,B1,30,6C(50%)-3.6C,6C(50%)-3.6C,constant_two_step,6.0,50.0,3.6,4.8,709.0,False,708,708.0,707,1,0,0,0,False,-1.6368218923933255e-05,99,0.88054287,False,689,20.0,708.0,551.0,551.0,-8.034265907640045e-05,-0.0009894035293833,12.314796905620693,-0.0009090608703069,0.9763289370149676,-0.0002011315669809,-3.9703606026635385e-05,-0.0010541649161965,26.55086078300629,138,138,candidate_knee,531.0,158.0,0.5060138132567065,0.0119778848448959,551.0,candidate_knee,0.0,551.0,candidate_knee,0.0,553.0,candidate_knee,2.0,0.7718023255813954,0.7782485875706214,True,True,True,False,3.6,6.0,False,3.2394315968767073,2.417554388489307,0.2059999112049432,100,False,False,True,1.0328375,0.9536968724347474,451.0,550.0,0,0,0,100,1.0477283499999999,1.046716306,-0.00023764209300929638,100,1.0478214000000001,1.046628367,-0.00023067559975997737,100,0.016478529999999998,0.01651192807,8.26152666666666e-06,100,35.324915873823365,35.23208965926456,-0.021605286999330287,100,39.63928799999999,39.68743302000001,-0.017454733921392157,100,10.096812499999999,10.131820516666671,0.0004169848884905368,100,10.096812499999999,10.131820516666671,0.0004169848884905368,100,1.0001103751149008,1.0000828725382185,-6.6517044956762255e-06,552.0,651.0,0,0,0,100,1.0011899,0.9982914917000001,-0.0008231967983798395,100,1.00181465,0.9988729453,-0.0008144605542754305,100,0.017029958499999998,0.017046633369999998,4.815554221422105e-06,100,34.79682432883439,34.80603515180978,0.003683932420572343,100,39.369259,39.39587745,0.0024212402340232737,100,10.23378666666637,10.341212983333305,0.007894334283428959,100,10.23378666666637,10.341212983333305,0.007894334283428959,100,0.9994294590982606,0.9994115250142606,-9.287265834125504e-06,-0.0465384499999999,-0.0005855547053705431,-0.046006750000000096,-0.0005837849545154532,0.0005514284999999994,-3.445972445244554e-06,-0.5280915449889747,0.025289219419902628,-0.27002899999999386,0.01987597415541543,0.13697416666637174,0.007477349394938422,0.13697416666637174,0.007477349394938422,-0.0006809160166401096,-2.635561338449279e-06,3.3463452140451815,0.23764209300929637,0.8231967983798395,0.5855547053705431
B1c31,B1,31,6C(50%)-3.6C,6C(50%)-3.6C,constant_two_step,6.0,50.0,3.6,4.8,876.0,False,875,875.0,874,1,0,0,0,False,-2.6201082251082747e-05,99,0.88099223,False,856,20.0,875.0,670.0,670.0,-7.508354987596735e-05,-0.0007909074081145,10.53369758650308,-0.0007158238582385,0.977177889164132,-0.0001790412575329,-4.441887208948576e-05,-0.0008492131106449,19.118295235730574,172,172,candidate_knee,650.0,206.0,0.6656926183513814,0.0151925107186343,670.0,candidate_knee,0.0,670.0,candidate_knee,0.0,671.0,candidate_knee,1.0,0.7602339181286549,0.7657142857142857,True,True,True,False,3.6,6.0,False,3.201073996600686,2.38623704056449,0.2004982763119578,50,False,False,True,1.0409323,0.9486010687173577,620.0,669.0,0,0,0,50,1.0481046,1.047875078,-0.00024939633613445196,50,1.0480507000000001,1.0478579540000001,-0.00024939304201681086,50,0.017688606500000002,0.017689639639999998,2.214620120047969e-06,50,30.50903190236505,30.50912484588092,0.0015867114019684444,50,30.890311500000003,30.89363132,0.0015041458823530855,50,10.096833333333354,10.13002393333333,-0.00016930212084894037,50,10.096833333333354,10.13002393333333,-0.00016930212084894037,50,1.0001509526175245,1.00001635926663,1.7096901941783905e-08,671.0,720.0,0,0,0,50,1.03133215,1.030489956,-0.0004705054789915953,50,1.03137475,1.0306376560000001,-0.00045854530612244253,50,0.0178142565,0.017810696219999998,1.8206821128451344e-06,50,30.566761795829287,30.578974775657194,0.00021694355750978688,50,30.9721325,30.982771919999994,0.00017912028811527484,50,10.107248333333215,10.141024533333354,0.0015550657062801284,50,10.107248333333215,10.141024533333354,0.0015550657062801284,50,0.999949077646306,0.9998556189253779,-1.1669411365486201e-05,-0.01677245000000016,-0.00022110914285714336,-0.016675950000000217,-0.00020915226410563167,0.00012564999999999799,-3.939380072028344e-07,0.05772989346423785,-0.0013697678444586575,0.08182099999999792,-0.0013250255942378107,0.010414999999861507,0.0017243678271290687,0.010414999999861507,0.0017243678271290687,-0.0002018749712184853,-1.1686508267427986e-05,0.7103442546477472,0.24939633613445197,0.47050547899159534,0.22110914285714336
B1c31,B1,31,6C(50%)-3.6C,6C(50%)-3.6C,constant_two_step,6.0,50.0,3.6,4.8,876.0,False,875,875.0,874,1,0,0,0,False,-2.6201082251082747e-05,99,0.88099223,False,856,20.0,875.0,670.0,670.0,-7.508354987596735e-05,-0.0007909074081145,10.53369758650308,-0.0007158238582385,0.977177889164132,-0.0001790412575329,-4.441887208948576e-05,-0.0008492131106449,19.118295235730574,172,172,candidate_knee,650.0,206.0,0.6656926183513814,0.0151925107186343,670.0,candidate_knee,0.0,670.0,candidate_knee,0.0,671.0,candidate_knee,1.0,0.7602339181286549,0.7657142857142857,True,True,True,False,3.6,6.0,False,3.201073996600686,2.38623704056449,0.2004982763119578,100,False,False,True,1.0409323,0.9486010687173577,570.0,669.0,0,0,0,100,1.0537759,1.053189836,-0.00021212625262525934,100,1.0535321999999998,1.0530060460000001,-0.00020721168316831142,100,0.017636235,0.0176081797,3.067608760876123e-06,100,30.527276529476527,30.609435627130114,-0.0032058432166959284,100,30.890880000000003,30.988543110000002,-0.0032987201500149677,100,10.096827500000412,10.12750651666669,7.758998899752116e-05,100,10.096827500000412,10.12750651666669,7.758998899752116e-05,100,1.0002107322669271,1.0001738362790304,-4.635160889397157e-06,671.0,770.0,0,0,0,100,1.01723115,1.0152333426,-0.0006082484042004176,100,1.01750135,1.0155189775000002,-0.0006020826558055797,100,0.017803348500000003,0.017760043360000005,-1.8029950675068039e-06,100,30.660424939547568,31.005799824969355,0.016852032738005077,100,31.0586415,31.412684729999995,0.016983709132913482,100,10.165708333333896,10.177664466666704,0.0018651550155017263,100,10.165708333333896,10.177664466666704,0.0018651550155017263,100,0.9997185626639647,0.9997158486715094,-6.2149004648337426e-06,-0.036544750000000015,-0.0003961221515751583,-0.036030849999999726,-0.0003948709726372683,0.0001671135000000032,-4.870603828382927e-06,0.1331484100710405,0.020057875954701005,0.16776149999999745,0.02028242928292845,0.06888083333348405,0.0017875650265042052,0.06888083333348405,0.0017875650265042052,-0.000492169602962389,-1.5797395754365857e-06,0.9475576845058097,0.21212625262525933,0.6082484042004176,0.3961221515751583
B1c32,B1,32,6C(60%)-3C,6C(60%)-3C,constant_two_step,6.0,60.0,3.0,4.8,731.0,False,730,730.0,729,1,0,0,0,False,-1.2776272108843271e-05,99,0.88080907,False,711,20.0,730.0,546.0,546.0,-8.295574614501542e-05,-0.000847033717775,10.21066962973612,-0.0007640779716299,0.975602762420996,-0.000210604878815,-3.495703240421537e-05,-0.0009360053288026,26.77588068630741,143,143,candidate_knee,526.0,185.0,0.508694625327965,0.0124107436292888,547.0,candidate_knee,1.0,546.0,candidate_knee,0.0,548.0,candidate_knee,2.0,0.7408450704225352,0.7479452054794521,True,True,True,False,3.0,6.0,False,3.300604356331173,2.4354541636815745,0.2498222985097421,50,False,False,True,1.0303943,0.9533073861562054,496.0,545.0,0,0,0,50,1.0386308,1.03828641,-0.00030032924369747946,50,1.0382448499999999,1.037974356,-0.00029862744777910377,50,0.0169086475,0.0168249016,1.3074618487394975e-05,50,33.7960920016029,34.13747479727427,-0.0326441029571428,50,37.8639355,38.12089246,-0.028166612196879045,50,10.403925000000163,10.403568433333335,0.007538293797518325,50,10.403925000000163,10.403568433333335,0.007538293797518325,50,1.0003004894033145,1.0003005430666865,-1.5561737480934647e-06,547.0,596.0,0,0,0,50,1.0199906,1.019356124,-0.0004755635726290514,50,1.0199525999999999,1.019330828,-0.00046468870108042635,50,0.0171661915,0.017146738260000002,5.939943769507758e-06,50,33.834906152476236,33.98539806201989,0.0030368387109881633,50,37.933401,38.06273122,0.0031959923649459475,50,10.768546666666712,10.774941166666713,0.009512845698276338,50,10.768546666666712,10.774941166666713,0.009512845698276338,50,1.000064588860202,1.0000237933206682,-1.0671486468735446e-05,-0.018640199999999885,-0.00017523432893157194,-0.01829225000000001,-0.00016606125330132258,0.0002575440000000019,-7.134674717887217e-06,0.03881415087333551,0.03568094166813096,0.06946550000000684,0.03136260456182499,0.36462166666654916,0.001974551900758013,0.36462166666654916,0.001974551900758013,-0.00023590054311251052,-9.115312720641981e-06,1.5231496191519867,0.3003292436974795,0.4755635726290514,0.17523432893157193
B1c32,B1,32,6C(60%)-3C,6C(60%)-3C,constant_two_step,6.0,60.0,3.0,4.8,731.0,False,730,730.0,729,1,0,0,0,False,-1.2776272108843271e-05,99,0.88080907,False,711,20.0,730.0,546.0,546.0,-8.295574614501542e-05,-0.000847033717775,10.21066962973612,-0.0007640779716299,0.975602762420996,-0.000210604878815,-3.495703240421537e-05,-0.0009360053288026,26.77588068630741,143,143,candidate_knee,526.0,185.0,0.508694625327965,0.0124107436292888,547.0,candidate_knee,1.0,546.0,candidate_knee,0.0,548.0,candidate_knee,2.0,0.7408450704225352,0.7479452054794521,True,True,True,False,3.0,6.0,False,3.300604356331173,2.4354541636815745,0.2498222985097421,100,False,False,True,1.0303943,0.9533073861562054,446.0,545.0,0,0,0,100,1.04608255,1.0441474620000002,-0.00023358724512451297,100,1.04561405,1.0437948129999999,-0.0002326958625862578,100,0.016366389500000002,0.016539830999999998,1.021889128112818e-05,100,35.32602626396685,34.93387857989588,-0.0267294557743858,100,39.136797,38.80966531,-0.023022888550855294,100,10.179866666666747,10.265002500000003,0.0051138963696368165,100,10.179866666666747,10.265002500000003,0.0051138963696368165,100,1.0003199355046914,1.0003377009161984,-7.860467348987222e-07,547.0,646.0,0,0,0,100,1.0058077,1.0025855393999998,-0.0006709950262226151,100,1.0060639,1.0028058837,-0.0006611168283828335,100,0.017322124,0.01731651337,6.819399729973065e-06,100,33.865478411058554,33.94818495451434,-0.0009108547744712812,100,37.933401,38.02535635000001,-0.0014672668046804812,100,11.065422499999599,11.085102966666676,0.012587263446343618,100,11.065422499999599,11.085102966666676,0.012587263446343618,100,0.9997748653561577,0.9997747959716361,-1.0018666868409082e-05,-0.04027484999999986,-0.0004374077810981021,-0.03955014999999995,-0.0004284209657965757,0.0009557344999999995,-3.399491551155115e-06,-1.4605478529082987,0.02581860099991452,-1.203395999999998,0.021555621746174813,0.8855558333328517,0.007473367076706801,0.8855558333328517,0.007473367076706801,-0.0005450701485337772,-9.23262013351036e-06,5.839617222845634,0.23358724512451298,0.6709950262226151,0.4374077810981021
B1c33,B1,33,6C(60%)-3C,6C(60%)-3C,constant_two_step,6.0,60.0,3.0,4.8,757.0,False,756,756.0,755,1,0,0,0,False,-2.181216573902273e-05,99,0.88011229,False,737,20.0,756.0,559.0,559.0,-8.954689177747824e-05,-0.000840592451793,9.387176205757353,-0.0007510455600155,0.9683852906782026,-0.0002224428826542,-4.3362551594191264e-05,-0.0009513286765789,21.9389459707523,148,148,candidate_knee,539.0,198.0,0.5867282652468926,0.0185492435566629,559.0,candidate_knee,0.0,559.0,candidate_knee,0.0,561.0,candidate_knee,2.0,0.7323369565217391,0.7394179894179894,True,True,True,False,3.0,6.0,False,3.256082185002549,2.3961019413698126,0.242234565557429,50,False,False,True,1.0389912,0.9480908127214607,509.0,558.0,0,0,0,50,1.0475028000000002,1.0474541,-0.0003134628763505433,50,1.0471711,1.0471628759999998,-0.0003078831020408231,50,0.017090938,0.01705789508,4.937645234093486e-06,50,34.670589262344016,34.7582305184119,-0.001243158159728483,50,40.156271000000004,40.22259689999999,-0.0024758955582236315,50,10.484629999999985,10.485415833333336,0.006761886434572204,50,10.484629999999985,10.485415833333336,0.006761886434572204,50,1.0002702001817176,1.0002778094685945,-5.249001266801298e-06,560.0,609.0,0,0,0,50,1.02885575,1.0284471539999998,-0.0004462572052821184,50,1.02878315,1.028337754,-0.00044079910204082297,50,0.0173110705,0.01730572886,3.2669183673467857e-06,50,34.65375489739088,34.84750983995775,0.0026389003255961802,50,40.240461499999995,40.38885584,0.004379351932773075,50,10.882892500000011,11.030068199999983,0.017957642577030253,50,10.882892500000011,11.030068199999983,0.017957642577030253,50,1.0000980587016386,1.000105923158615,-5.261582809485049e-06,-0.01864705000000022,-0.00013279432893157506,-0.01838794999999993,-0.00013291599999999985,0.0002201325000000011,-1.6707268667467e-06,-0.01683436495313373,0.003882058485324663,0.08419049999999118,0.006855247490996707,0.39826250000002617,0.01119575614245805,0.39826250000002617,0.01119575614245805,-0.00017214148007904662,-1.25815426837511e-08,1.2880071298602866,0.3134628763505433,0.4462572052821184,0.13279432893157506
B1c33,B1,33,6C(60%)-3C,6C(60%)-3C,constant_two_step,6.0,60.0,3.0,4.8,757.0,False,756,756.0,755,1,0,0,0,False,-2.181216573902273e-05,99,0.88011229,False,737,20.0,756.0,559.0,559.0,-8.954689177747824e-05,-0.000840592451793,9.387176205757353,-0.0007510455600155,0.9683852906782026,-0.0002224428826542,-4.3362551594191264e-05,-0.0009513286765789,21.9389459707523,148,148,candidate_knee,539.0,198.0,0.5867282652468926,0.0185492435566629,559.0,candidate_knee,0.0,559.0,candidate_knee,0.0,561.0,candidate_knee,2.0,0.7323369565217391,0.7394179894179894,True,True,True,False,3.0,6.0,False,3.256082185002549,2.3961019413698126,0.242234565557429,100,False,False,True,1.0389912,0.9480908127214607,459.0,558.0,0,0,0,100,1.0542649,1.054235046,-0.0002703526336633648,100,1.0540542,1.0539118360000002,-0.00026849728292829226,100,0.0168985195,0.01677968246,1.0631820582058195e-05,100,35.18028462403157,35.52361401684166,-0.028278619346999625,100,40.5597765,40.8468139,-0.02323039617161736,100,10.329824999999982,10.33958583333332,0.006135896069607525,100,10.329824999999982,10.33958583333332,0.006135896069607525,100,1.0003279494922963,1.0003063248525772,-1.6891446789956425e-06,560.0,659.0,0,0,0,100,1.0158114,1.0131491134000001,-0.0006111120117611721,100,1.0158521500000002,1.0132235018000002,-0.0006035987965196562,100,0.0174528315,0.017455882649999997,5.516327998799828e-06,100,34.62106379698896,34.719637431593725,-0.0029130538101386255,100,40.200897,40.28784858,-0.0027018554695470327,100,11.251166666666663,11.22940828333335,0.009303243554356529,100,11.251166666666663,11.22940828333335,0.009303243554356529,100,0.9999806002954396,0.9999227977429286,-7.495249593455217e-06,-0.03845349999999992,-0.00034075937809780734,-0.038202049999999765,-0.00033510151359136397,0.0005543120000000012,-5.115492583258367e-06,-0.5592208270426084,0.025365565536861,-0.35887950000000046,0.020528540702070327,0.9213416666666809,0.003167347484749004,0.9213416666666809,0.003167347484749004,-0.0003473491968567499,-5.806104914459575e-06,3.2802400233937727,0.2703526336633648,0.6111120117611721,0.3407593780978073
B1c34,B1,34,7C(30%)-3.6C,7C(30%)-3.6C,constant_two_step,7.0,30.0,3.6,4.401746724890829,742.0,False,741,741.0,740,1,0,0,0,False,-3.1296474953600746e-07,99,0.88205445,False,722,20.0,741.0,581.0,581.0,-7.4036586708795e-05,-0.0009564704285185,12.91888876888098,-0.0008824338418097,0.96938205199092,-0.0001854695359106,-2.680280664462292e-05,-0.0010120348963942,37.758541850216986,145,145,candidate_knee,561.0,161.0,0.5207278056598892,0.0159436168805768,582.0,candidate_knee,1.0,581.0,candidate_knee,0.0,583.0,candidate_knee,2.0,0.7780859916782247,0.7840755735492577,True,True,True,False,3.6,7.0,False,3.105192038292146,2.314516357802025,0.1017834156744978,50,False,False,True,1.0304415,0.953937258192569,531.0,580.0,0,0,0,50,1.03851945,1.038457586,-0.0002738711116446522,50,1.03860405,1.03862399,-0.00027679327250899996,50,0.0172745685,0.017246693979999998,-2.6503255702280673e-07,50,33.503239656867464,33.63626471510465,0.009056408839361605,50,37.988983000000005,38.10946552,0.009228757070828661,50,11.00625,11.039785766666677,9.794229692225702e-05,50,11.00625,11.039785766666677,9.794229692225702e-05,50,0.9999058774582515,0.9998399420259283,2.7773567689742414e-06,582.0,631.0,0,0,0,50,1.01901975,1.018184822,-0.0005468291620648315,50,1.0194654,1.01864467,-0.0005287546266506647,50,0.017403059499999998,0.01737194724,2.554206194477786e-06,50,33.552836854537574,33.601138012478714,0.0009907379659250687,50,38.110420500000004,38.15960906,-0.00019386108043208927,50,11.101545000000261,11.090957466666621,0.0015436102441016195,50,11.101545000000261,11.090957466666621,0.0015436102441016195,50,0.999571626416504,0.9995467821654749,-1.798756115449235e-05,-0.019499699999999898,-0.0002729580504201793,-0.019138649999999924,-0.00025196135414166476,0.00012849099999999794,2.8192387515005928e-06,0.04959719767010995,-0.008065670873436535,0.12143749999999898,-0.009422618151260751,0.09529500000026125,0.0014456679471793626,0.09529500000026125,0.0014456679471793626,-0.0003342510417475575,-2.076491792346659e-05,0.7438159743324294,0.2738711116446522,0.5468291620648315,0.27295805042017923
B1c34,B1,34,7C(30%)-3.6C,7C(30%)-3.6C,constant_two_step,7.0,30.0,3.6,4.401746724890829,742.0,False,741,741.0,740,1,0,0,0,False,-3.1296474953600746e-07,99,0.88205445,False,722,20.0,741.0,581.0,581.0,-7.4036586708795e-05,-0.0009564704285185,12.91888876888098,-0.0008824338418097,0.96938205199092,-0.0001854695359106,-2.680280664462292e-05,-0.0010120348963942,37.758541850216986,145,145,candidate_knee,561.0,161.0,0.5207278056598892,0.0159436168805768,582.0,candidate_knee,1.0,581.0,candidate_knee,0.0,583.0,candidate_knee,2.0,0.7780859916782247,0.7840755735492577,True,True,True,False,3.6,7.0,False,3.105192038292146,2.314516357802025,0.1017834156744978,100,False,False,True,1.0304415,0.953937258192569,481.0,580.0,0,0,1,100,1.04496345,1.0443302509999999,-0.00023653472967297042,100,1.0446871,1.044393532,-0.00023468149294929636,100,0.017261744500000002,0.01715922033,4.420789516951598e-06,100,33.528600339514156,33.91115115856885,-0.014815573916458005,100,38.0061815,38.3176325,-0.011506448076807476,100,11.005171666666623,11.040469250000008,6.841909190966419e-05,100,11.005171666666623,11.040469250000008,6.841909190966419e-05,100,0.9999565098539163,0.9999391399904262,-1.7919926628120365e-06,582.0,681.0,0,0,0,100,1.0030714,0.9992743389000002,-0.0007612382546054625,100,1.0037536,0.9999987902999998,-0.0007494516723072305,100,0.017464986000000002,0.017498124839999997,5.154696633663313e-06,100,33.59218155513413,33.62226157761809,0.0010026130637939862,100,38.1290815,38.159768469999996,0.00011705739573955647,100,11.163854166666715,11.272857816666656,0.00783112310231173,100,11.163854166666715,11.272857816666656,0.00783112310231173,100,0.9992654021009661,0.999268016433393,-1.2357494985531262e-05,-0.04189204999999996,-0.0005247035249324921,-0.040933499999999956,-0.0005147701793579342,0.00020324149999999958,7.33907116711715e-07,0.0635812156199762,0.015818186980251992,0.12290000000000134,0.011623505472547032,0.15868250000009176,0.007762704010402067,0.15868250000009176,0.007762704010402067,-0.0006911077529501153,-1.0565502322719225e-05,1.1774099657192791,0.23653472967297043,0.7612382546054625,0.5247035249324921
B1c35,B1,35,7C(30%)-3.6C,7C(30%)-3.6C,constant_two_step,7.0,30.0,3.6,4.401746724890829,703.0,False,702,702.0,701,1,0,0,0,False,3.195320964749697e-06,99,0.8802399,False,683,20.0,702.0,522.0,522.0,-7.124750960088206e-05,-0.0008537418865488,11.982761100442836,-0.0007824943769479,0.9714842140021552,-0.0002063127411848,-2.112284288834531e-05,-0.000963827690509,45.62963875666951,137,137,candidate_knee,502.0,181.0,0.4920213107197786,0.0140303744028642,523.0,candidate_knee,1.0,522.0,candidate_knee,0.0,524.0,candidate_knee,2.0,0.7360703812316716,0.7435897435897436,True,True,True,False,3.6,7.0,False,3.150755912337791,2.371985767320699,0.1048936164757242,50,False,False,True,1.0307771,0.9591642653683479,472.0,521.0,0,0,0,50,1.03881355,1.039324138,-0.0003035231836734481,50,1.03874215,1.0394387480000002,-0.0003046780984393761,50,0.017565459,0.01749716334,1.7021450132052995e-05,50,33.41135306525766,33.66726414236159,-0.0619994960962608,50,37.075922000000006,37.43869302,-0.0570931625930371,50,11.050690833333373,11.046109699999995,-0.0002343922368951171,50,11.050690833333373,11.046109699999995,-0.0002343922368951171,50,0.9999000382215912,0.9998898621384074,1.087005898225553e-06,523.0,572.0,0,0,0,50,1.0204506,1.019837036,-0.0004894721344537818,50,1.02088935,1.020205448,-0.00048812801920767945,50,0.0178146075,0.017790360800000002,8.047845378151582e-07,50,32.94132395739356,33.0798860651305,0.012185601701681809,50,36.822523000000004,36.94591504,0.008194771092436989,50,11.10421749999999,11.099689433333356,0.0013163443777552159,50,11.10421749999999,11.099689433333356,0.0013163443777552159,50,0.999638354077862,0.9996387792043219,-1.498207124056923e-06,-0.01836294999999999,-0.0001859489507803337,-0.017852800000000002,-0.00018344992076830337,0.00024914850000000086,-1.6216665594237835e-05,-0.4700291078641001,0.0741850977979426,-0.2533990000000017,0.06528793368547409,0.05352666666661676,0.001550736614650333,0.05352666666661676,0.001550736614650333,-0.0002616841437292905,-2.585213022282476e-06,1.418400168193731,0.30352318367344805,0.4894721344537818,0.18594895078033374
B1c35,B1,35,7C(30%)-3.6C,7C(30%)-3.6C,constant_two_step,7.0,30.0,3.6,4.401746724890829,703.0,False,702,702.0,701,1,0,0,0,False,3.195320964749697e-06,99,0.8802399,False,683,20.0,702.0,522.0,522.0,-7.124750960088206e-05,-0.0008537418865488,11.982761100442836,-0.0007824943769479,0.9714842140021552,-0.0002063127411848,-2.112284288834531e-05,-0.000963827690509,45.62963875666951,137,137,candidate_knee,502.0,181.0,0.4920213107197786,0.0140303744028642,523.0,candidate_knee,1.0,522.0,candidate_knee,0.0,524.0,candidate_knee,2.0,0.7360703812316716,0.7435897435897436,True,True,True,False,3.6,7.0,False,3.150755912337791,2.371985767320699,0.1048936164757242,100,False,False,True,1.0307771,0.9591642653683479,422.0,521.0,0,0,0,100,1.0460829,1.044991629,-0.00022915467926792296,100,1.04592055,1.045048373,-0.00022738490189019205,100,0.017183732,0.017284700559999998,9.204079411941174e-06,100,34.53630983416228,34.27515075859024,-0.027739011948196845,100,38.230579500000005,37.964925599999994,-0.024428285952595292,100,11.006186666666569,11.038748283333296,0.00012996596659756453,100,11.006186666666569,11.038748283333296,0.00012996596659756453,100,0.9999520890652209,0.9999454780380992,-1.7009632946337472e-06,523.0,622.0,0,0,0,100,1.0061719500000001,1.0035612297999998,-0.0006512474503450406,100,1.0065415500000001,1.00408811,-0.0006445339139513881,100,0.017882850999999998,0.017918426379999998,4.790816705670481e-06,100,32.96091931904451,33.0686720616251,0.0015026810508102302,100,36.7881165,36.89424791999999,-0.0005523828862886114,100,11.161945833333206,11.212796316666712,0.004592964186419566,100,11.161945833333206,11.212796316666712,0.004592964186419566,100,0.9994407078379097,0.9994713212661562,-7.099146484500904e-06,-0.03991094999999989,-0.0004220927710771177,-0.03937899999999983,-0.000417149012061196,0.000699118999999998,-4.413262706270693e-06,-1.5753905151177747,0.029241692999007075,-1.4424630000000036,0.02387590306630668,0.15575916666663758,0.004462998219822002,0.15575916666663758,0.004462998219822002,-0.0005113812273112028,-5.398183189867157e-06,4.068493386651968,0.22915467926792296,0.6512474503450406,0.4220927710771176
B1c36,B1,36,7C(40%)-3C,7C(40%)-3C,constant_two_step,7.0,40.0,3.0,4.2,704.0,False,703,703.0,702,1,0,0,0,False,-7.183043908472686e-06,99,0.88231802,False,684,20.0,703.0,525.0,525.0,-8.013167524665909e-05,-0.0008867734584402,11.066453505565695,-0.0008066417831935,0.9772555038464562,-0.0002162623738258,-3.188188623592877e-05,-0.0009815721124946,30.78776786388712,137,137,candidate_knee,505.0,179.0,0.509498125217507,0.0115882781492473,525.0,candidate_knee,0.0,525.0,candidate_knee,0.0,526.0,candidate_knee,1.0,0.739385065885798,0.7467994310099573,True,True,True,False,3.0,7.0,False,3.122097399456087,2.285871167632811,0.1338732358891861,50,False,False,True,1.0339793,0.9560757611819182,475.0,524.0,0,0,0,50,1.0418164,1.042279006,-0.0003018313517406933,50,1.04177195,1.0421075180000001,-0.0003009670060024039,50,0.0173036185,0.01715068666,1.8003525522208968e-05,50,32.72133868783686,33.25457629624942,-0.0568785668515388,50,35.320576,35.84564788,-0.054663052869147466,50,11.524892500000048,11.564508533333324,0.0004946908363354492,50,11.524892500000048,11.564508533333324,0.0004946908363354492,50,1.0000799344100963,1.000164802494829,-7.517267531744064e-07,526.0,575.0,0,0,0,50,1.02218965,1.0216299839999998,-0.0005334049363745487,50,1.022351,1.021826736,-0.0005272797406962675,50,0.0174846075,0.01745437842,2.024309291716644e-06,50,32.7041200631146,32.82323358135629,0.005391883944729974,50,35.252899,35.3984827,0.0034681903961583057,50,11.607686666666996,11.589096900000072,0.0012203197278952312,50,11.607686666666996,11.589096900000072,0.0012203197278952312,50,0.9998167085644517,0.999806842462214,-6.142292623570467e-06,-0.019626750000000026,-0.00023157358463385538,-0.019420949999999992,-0.00022631273469386363,0.00018098899999999946,-1.5979216230492324e-05,-0.01721862472226121,0.06227045079626878,-0.06767700000000332,0.05813124326530577,0.0827941666669485,0.0007256288915597819,0.0827941666669485,0.0007256288915597819,-0.00026322584564464346,-5.3905658703960605e-06,1.0459604157361622,0.3018313517406933,0.5334049363745487,0.23157358463385536
B1c36,B1,36,7C(40%)-3C,7C(40%)-3C,constant_two_step,7.0,40.0,3.0,4.2,704.0,False,703,703.0,702,1,0,0,0,False,-7.183043908472686e-06,99,0.88231802,False,684,20.0,703.0,525.0,525.0,-8.013167524665909e-05,-0.0008867734584402,11.066453505565695,-0.0008066417831935,0.9772555038464562,-0.0002162623738258,-3.188188623592877e-05,-0.0009815721124946,30.78776786388712,137,137,candidate_knee,505.0,179.0,0.509498125217507,0.0115882781492473,525.0,candidate_knee,0.0,525.0,candidate_knee,0.0,526.0,candidate_knee,1.0,0.739385065885798,0.7467994310099573,True,True,True,False,3.0,7.0,False,3.122097399456087,2.285871167632811,0.1338732358891861,100,False,False,True,1.0339793,0.9560757611819182,425.0,524.0,0,0,0,100,1.04910715,1.047845327,-0.00022605080048004677,100,1.0488517499999999,1.047655102,-0.00022498316351635142,100,0.0168144655,0.01692633035,9.708723570357055e-06,100,34.07667933678022,33.798876812246654,-0.024599462343809653,100,36.569906,36.32875435999999,-0.02217211745574554,100,11.524766666666618,11.562793016666674,8.204877487709468e-05,100,11.524766666666618,11.562793016666674,8.204877487709468e-05,100,1.0001442093912054,1.0001815976032844,-9.702675681023465e-07,526.0,625.0,0,0,0,100,1.00666845,1.004068884,-0.0007063902219021879,100,1.0074081000000001,1.0045653321,-0.0006946128517851833,100,0.017544305,0.017566688530000003,4.477388928892962e-06,100,32.692289268685855,32.773412429716146,-0.0011480651405900463,100,35.252859,35.35905874,-0.0013354862526252823,100,11.722205833333039,11.875028950000019,0.011452037313730684,100,11.722205833333039,11.875028950000019,0.011452037313730684,100,0.999649213110011,0.9994986302896856,-1.2153740566980497e-05,-0.04243869999999994,-0.00048033942142214114,-0.04144364999999972,-0.00046962968826883195,0.0007298394999999992,-5.2313346414640936e-06,-1.384390068094362,0.023451397203219607,-1.3170470000000023,0.020836631203120258,0.19743916666642036,0.01136998853885359,0.19743916666642036,0.01136998853885359,-0.0004949962811944264,-1.118347299887815e-05,4.340545347694812,0.22605080048004678,0.7063902219021879,0.48033942142214114
B1c37,B1,37,7C(40%)-3C,7C(40%)-3C,constant_two_step,7.0,40.0,3.0,4.2,648.0,False,647,647.0,646,1,0,0,0,False,-9.680958565244308e-06,99,0.88336319,False,628,20.0,647.0,484.0,484.0,-8.86407185318648e-05,-0.0009210052955183,10.39031847634693,-0.0008323645769864,0.9760106986550644,-0.0002285207832689,-3.5879005624296926e-05,-0.0010213555870566,28.466663701654134,126,126,candidate_knee,464.0,164.0,0.4184886331402793,0.0100392499298322,484.0,candidate_knee,0.0,484.0,candidate_knee,0.0,486.0,candidate_knee,2.0,0.7400318979266348,0.7480680061823802,True,True,True,False,3.0,7.0,False,3.1215088141188607,2.280035099983193,0.1338683308214227,50,False,False,True,1.0314081,0.9566030785052031,434.0,483.0,0,0,1,50,1.0396608999999999,1.0393230980000001,-0.0002748860264105722,50,1.0395881,1.039380722,-0.0002743543193277209,50,0.016855615,0.01686666916,1.2643008883553478e-06,50,35.5005414839863,35.73517463265181,0.016598346967477546,50,39.477571499999996,39.68156448,0.014302369459783533,50,11.524927499999952,11.562767000000065,9.83521408519426e-05,50,11.524927499999952,11.562767000000065,9.83521408519426e-05,50,0.9999830131793958,0.999944563146813,-5.3985704980778e-07,485.0,534.0,0,0,0,50,1.01874815,1.01759891,-0.0005640402545017969,50,1.0188189,1.017883136,-0.0005498770420168008,50,0.0175839375,0.017558268539999998,5.342437118847622e-06,50,33.927301756775144,33.932324235568906,0.003086219038723998,50,38.135418,38.158715820000005,0.0018841224009598979,50,11.607510000000184,11.589521366666675,0.0014869425370142542,50,11.607510000000184,11.589521366666675,0.0014869425370142542,50,0.9997137253498136,0.9997192154042576,-1.4111257687293173e-05,-0.020912749999999924,-0.00028915422809122474,-0.020769199999999932,-0.0002755227226890799,0.0007283224999999997,4.078136230492274e-06,-1.5732397272111527,-0.013512127928753549,-1.342153499999995,-0.012418247058823636,0.08258250000023182,0.0013885903961623116,0.08258250000023182,0.0013885903961623116,-0.00026928782958213215,-1.3571400637485392e-05,4.320948835150777,0.2748860264105722,0.564040254501797,0.28915422809122476
B1c37,B1,37,7C(40%)-3C,7C(40%)-3C,constant_two_step,7.0,40.0,3.0,4.2,648.0,False,647,647.0,646,1,0,0,0,False,-9.680958565244308e-06,99,0.88336319,False,628,20.0,647.0,484.0,484.0,-8.86407185318648e-05,-0.0009210052955183,10.39031847634693,-0.0008323645769864,0.9760106986550644,-0.0002285207832689,-3.5879005624296926e-05,-0.0010213555870566,28.466663701654134,126,126,candidate_knee,464.0,164.0,0.4184886331402793,0.0100392499298322,484.0,candidate_knee,0.0,484.0,candidate_knee,0.0,486.0,candidate_knee,2.0,0.7400318979266348,0.7480680061823802,True,True,True,False,3.0,7.0,False,3.1215088141188607,2.280035099983193,0.1338683308214227,100,False,False,True,1.0314081,0.9566030785052031,384.0,483.0,0,0,1,100,1.0456542500000001,1.045031672,-0.00022761770297029848,100,1.0455358,1.044990637,-0.00022463553855385333,100,0.0167601685,0.016767064010000002,3.568842406240777e-06,100,35.53542922390814,35.69553403615353,0.0030209757805020063,100,39.463711,39.62988635999999,0.0029839989798979005,100,11.524825833333065,11.563577333333344,3.897671767253121e-05,100,11.524825833333065,11.563577333333344,3.897671767253121e-05,100,1.0000543338251944,1.000038852725514,-2.848999334993179e-06,485.0,584.0,0,0,0,100,1.0018797,0.9985747806999999,-0.0007584507914191365,100,1.00284825,0.9990927673000001,-0.0007496298136813709,100,0.0176979555,0.017764297890000003,8.36258208820885e-06,100,33.90057143382472,33.95438479984426,0.0013386654452240592,100,38.111855,38.16670224,0.0006299825862584291,100,11.71552833333335,11.951205233333328,0.014446270327031916,100,11.71552833333335,11.951205233333328,0.014446270327031916,100,0.9995205684897646,0.99947610444581,-9.195841669155159e-06,-0.04377455000000019,-0.0005308330884488381,-0.04268754999999991,-0.0005249942751275175,0.0009377870000000024,4.793739681968073e-06,-1.6348577900834158,-0.0016823103352779471,-1.351856000000005,-0.0023540163936394713,0.19070250000028466,0.014407293609359386,0.19070250000028466,0.014407293609359386,-0.0005337653354298144,-6.34684233416198e-06,5.595331574381263,0.22761770297029849,0.7584507914191365,0.530833088448838
B1c38,B1,38,7C(40%)-3.6C,7C(40%)-3.6C,constant_two_step,7.0,40.0,3.6,4.754716981132075,617.0,False,616,616.0,615,1,0,0,0,False,-9.43712430426724e-06,99,0.88110942,False,597,20.0,616.0,473.0,473.0,-8.89631186361384e-05,-0.0010806436903994,12.147097662114357,-0.0009916805717633,0.9731555481398284,-0.0002333063408392,-2.597841864018344e-05,-0.0011714706091047,45.09399226066698,120,120,candidate_knee,453.0,144.0,0.4363199786663162,0.0117127706629389,474.0,candidate_knee,1.0,473.0,candidate_knee,0.0,475.0,candidate_knee,2.0,0.7600671140939598,0.7678571428571429,True,True,True,False,3.6,7.0,False,3.33716304561995,2.4585230527573043,0.1446662602295463,50,False,False,True,1.0291452,0.9565329651991025,423.0,472.0,0,0,0,50,1.03768335,1.037631158,-0.0003030140072028895,50,1.03803905,1.037913956,-0.00029856016326530347,50,0.0165558335,0.0165491994,2.322777719087635e-06,50,36.5049969382835,36.588195240619676,0.0030008487757692878,50,41.162712,41.19452912,0.003196791740696003,50,10.194055833333309,10.220189733333305,0.0003306138455369572,50,10.194055833333309,10.220189733333305,0.0003306138455369572,50,0.9997319131076663,0.9997272757704558,-4.368568170580608e-06,474.0,523.0,0,0,0,50,1.0168225999999998,1.0142500148,-0.0006925149781512553,50,1.01743835,1.0150008922,-0.000678627450180061,50,0.016772744,0.01687690956,1.4622533781512658e-05,50,36.191260281298355,35.91449147262177,-0.04536992897199603,50,40.8756045,40.68511548000001,-0.035070650372148876,50,10.302332500000004,10.41558736666666,0.013433965506201604,50,10.302332500000004,10.41558736666666,0.013433965506201604,50,0.999407715207006,0.9992582608860162,-1.4193597229562886e-05,-0.020860750000000206,-0.0003895009709483658,-0.02060070000000014,-0.0003800672869147575,0.00021691050000000045,1.2299756062425024e-05,-0.3137366569851423,-0.04837077774776532,-0.28710749999999763,-0.03826744211284488,0.10827666666669522,0.013103351660664647,0.10827666666669522,0.013103351660664647,-0.00032419790066029464,-9.825029058982276e-06,1.310175655004023,0.3030140072028895,0.6925149781512553,0.3895009709483658
B1c38,B1,38,7C(40%)-3.6C,7C(40%)-3.6C,constant_two_step,7.0,40.0,3.6,4.754716981132075,617.0,False,616,616.0,615,1,0,0,0,False,-9.43712430426724e-06,99,0.88110942,False,597,20.0,616.0,473.0,473.0,-8.89631186361384e-05,-0.0010806436903994,12.147097662114357,-0.0009916805717633,0.9731555481398284,-0.0002333063408392,-2.597841864018344e-05,-0.0011714706091047,45.09399226066698,120,120,candidate_knee,453.0,144.0,0.4363199786663162,0.0117127706629389,474.0,candidate_knee,1.0,473.0,candidate_knee,0.0,475.0,candidate_knee,2.0,0.7600671140939598,0.7678571428571429,True,True,True,False,3.6,7.0,False,3.33716304561995,2.4585230527573043,0.1446662602295463,100,False,False,True,1.0291452,0.9565329651991025,373.0,472.0,0,0,0,100,1.0445042,1.043741888,-0.0002455685460546021,100,1.04440345,1.0439575430000003,-0.00024336361896189313,100,0.0165147735,0.01649088847,2.415074053405314e-06,100,36.420287122822984,36.522753441304,0.0019340139409012188,100,41.041822499999995,41.13464141,0.001705520054005265,100,10.193744166666875,10.224099683333314,-6.091674167479488e-05,100,10.193744166666875,10.224099683333314,-6.091674167479488e-05,100,0.9997778532480535,0.9997930161930878,-2.170997285802971e-06,474.0,573.0,0,0,0,100,0.994107455,0.9901069874000001,-0.0009623089876987709,100,0.995618255,0.9911744781999999,-0.0009504895075907526,100,0.0172321895,0.01716454178,1.2318880492049273e-05,100,35.239341622491835,35.50495146168117,-0.01887349909044213,100,40.018690500000005,40.29999207,-0.017264231581158147,100,10.799555000000085,10.959866666666665,0.0222779389138915,100,10.799555000000085,10.959866666666665,0.0222779389138915,100,0.998879608867111,0.9989128554932877,-1.2966747357173368e-05,-0.05039674500000002,-0.0007167404416441688,-0.04878519499999989,-0.0007071258886288595,0.000717416000000002,9.903806438643958e-06,-1.1809455003311484,-0.02080751303134335,-1.0231319999999897,-0.01896975163516341,0.6058108333332104,0.022338855655566297,0.6058108333332104,0.022338855655566297,-0.0008982443809424367,-1.0795750071370397e-05,4.34408622074049,0.24556854605460207,0.9623089876987709,0.7167404416441688
B1c39,B1,39,7C(40%)-3.6C,7C(40%)-3.6C,constant_two_step,7.0,40.0,3.6,4.754716981132075,625.0,False,624,624.0,623,1,0,0,0,False,-3.2944774273345585e-06,99,0.88011074,False,605,20.0,624.0,470.0,470.0,-8.896442098704228e-05,-0.0010732747571796,12.06408972566708,-0.0009843103361926,0.9770162004825168,-0.0002487525454063,-2.783439506841865e-05,-0.0011711804672131,42.07673507307348,121,121,candidate_knee,450.0,155.0,0.5033215988276035,0.0115682427202727,470.0,candidate_knee,0.0,470.0,candidate_knee,0.0,472.0,candidate_knee,2.0,0.7450331125827815,0.7532051282051282,True,True,True,False,3.6,7.0,False,3.2885321737861797,2.4048652988694186,0.1402454319511407,50,False,False,True,1.0386454,0.9565298033591092,420.0,469.0,0,0,0,50,1.04780915,1.047621152,-0.0003179400624249697,50,1.0480369999999999,1.0478220299999998,-0.0003140584729891994,50,0.017068151,0.01704849532,3.200462232893083e-06,50,36.18285387148596,36.22456073426343,0.0019380669002164001,50,41.284032499999995,41.334416579999996,0.0015810371668666125,50,10.274630833333745,10.237407733333356,-0.00022737382952982542,50,10.274630833333745,10.237407733333356,-0.00022737382952982542,50,0.9998102522366257,0.999808055403701,-3.7650192670660907e-06,471.0,520.0,0,0,1,50,1.0263527,1.02382301,-0.0006852618343337251,50,1.0268747999999999,1.0244323819999999,-0.0006723534453781717,50,0.0173085405,0.01744956896,1.6878500552220925e-05,50,35.74640232823215,35.45964452594287,-0.04534938060364862,50,41.031031,40.838770499999995,-0.034203310684273784,50,10.303043333333335,10.501847433333303,0.018857886434575685,50,10.303043333333335,10.501847433333303,0.018857886434575685,50,0.9994931631181665,0.9994033260219713,-1.3017984049806143e-05,-0.02145645000000007,-0.0003673217719087554,-0.02116220000000002,-0.00035829497238897234,0.0002403895000000003,1.3678038319327842e-05,-0.43645154325380986,-0.047287447503865015,-0.2530014999999963,-0.035784347851140395,0.028412499999589613,0.01908526026410551,0.028412499999589613,0.01908526026410551,-0.00031708911845917953,-9.252964782740052e-06,1.4084097334268972,0.3179400624249697,0.6852618343337251,0.3673217719087554
B1c39,B1,39,7C(40%)-3.6C,7C(40%)-3.6C,constant_two_step,7.0,40.0,3.6,4.754716981132075,625.0,False,624,624.0,623,1,0,0,0,False,-3.2944774273345585e-06,99,0.88011074,False,605,20.0,624.0,470.0,470.0,-8.896442098704228e-05,-0.0010732747571796,12.06408972566708,-0.0009843103361926,0.9770162004825168,-0.0002487525454063,-2.783439506841865e-05,-0.0011711804672131,42.07673507307348,121,121,candidate_knee,450.0,155.0,0.5033215988276035,0.0115682427202727,470.0,candidate_knee,0.0,470.0,candidate_knee,0.0,472.0,candidate_knee,2.0,0.7450331125827815,0.7532051282051282,True,True,True,False,3.6,7.0,False,3.2885321737861797,2.4048652988694186,0.1402454319511407,100,False,False,True,1.0386454,0.9565298033591092,370.0,469.0,0,0,0,100,1.0548606500000002,1.053893371,-0.0002523101608160838,100,1.0550021,1.0540302890000002,-0.00024961594299429904,100,0.016999428,0.01697807474,2.9268827482748283e-06,100,36.05413621256529,36.149844769133644,0.002100575862445123,100,41.189491000000004,41.254971440000006,0.002277696453645341,100,10.27440083333325,10.235306600000005,8.863066306708302e-05,100,10.27440083333325,10.235306600000005,8.863066306708302e-05,100,0.9998840721332394,0.9998695791093475,-2.5916781457285033e-06,471.0,570.0,0,0,1,100,1.0045644999999999,1.0003342286,-0.0009366873284128453,100,1.00543065,1.0012620913999999,-0.0009243548919291951,100,0.017833618,0.01777112365,1.3710794449444868e-05,100,34.69478650830894,35.05184621049095,-0.018976541172622763,100,40.159794000000005,40.44630305,-0.017121414431443435,100,10.945470833333456,11.069075016666643,0.02341616296629682,100,10.945470833333456,11.069075016666643,0.02341616296629682,100,0.9990625477137552,0.9990631802552477,-1.320835646147221e-05,-0.05029615000000032,-0.0006843771675967615,-0.04957144999999996,-0.000674738948934896,0.0008341899999999985,1.078391170117004e-05,-1.3593497042563527,-0.021077117035067885,-1.0296969999999988,-0.019399110885088777,0.6710700000002063,0.023327532303229738,0.6710700000002063,0.023327532303229738,-0.000821524419484132,-1.0616678315743707e-05,4.9071651116731605,0.2523101608160838,0.9366873284128453,0.6843771675967615
B1c40,B1,40,8C(15%)-3.6C,8C(15%)-3.6C,constant_two_step,8.0,15.0,3.6,4.013937282229966,966.0,False,965,965.0,964,1,0,0,0,False,-8.204863327149238e-06,99,0.88060951,False,946,20.0,965.0,692.0,692.0,-6.854604552238728e-05,-0.0005476100537337,7.988937210898603,-0.0004790640082113,0.9548705359738624,-0.0001655208514063,-3.377280461187892e-05,-0.0006548759410918,19.39062949073179,190,190,candidate_knee,672.0,274.0,0.5888400672762503,0.026574036633292,693.0,candidate_knee,1.0,692.0,candidate_knee,0.0,696.0,candidate_knee,4.0,0.7111111111111111,0.7170984455958549,True,True,True,False,3.6,8.0,False,2.883912983299573,2.202955435532585,0.0420711482101397,50,False,False,True,1.0333849,0.9504864208788513,642.0,691.0,0,0,0,50,1.04006665,1.0397848779999999,-0.00023793435294117146,50,1.04037405,1.04008692,-0.00023640894117647732,50,0.0175547415,0.017561106160000003,1.7527696518607916e-06,50,34.28128501948258,34.270978551067536,0.001787902111179634,50,40.2100065,40.204674999999995,0.0017766108043217135,50,12.054337500000354,12.075936566666552,-0.00024304417767188316,50,12.054337500000354,12.075936566666552,-0.00024304417767188316,50,0.9997057507447318,0.9997095274310333,-1.5342051228603257e-06,693.0,742.0,0,0,0,50,1.0266378,1.02632264,-0.0002963868235294135,50,1.0270019000000001,1.026703184,-0.00029394316446579186,50,0.017556726,0.01748554768,3.2789983193292626e-07,50,34.78469314445198,35.100332320127144,0.011519159909401146,50,40.635523,40.884518920000005,0.008553957166867042,50,12.066945000000002,12.095786933333303,2.619799919969608e-05,50,12.066945000000002,12.095786933333303,2.619799919969608e-05,50,0.9996430496854425,0.9996292040762417,-2.4883574515487275e-06,-0.013428849999999937,-5.845247058824203e-05,-0.013372149999999916,-5.753422328931454e-05,1.98450000000322e-06,-1.4248698199278653e-06,0.5034081249693969,0.009731257798221512,0.4255165000000005,0.006777346362545329,0.012607499999647942,0.0002692421768715792,0.012607499999647942,0.0002692421768715792,-6.270105928929404e-05,-9.541523286884019e-07,0.011304638123000671,0.23793435294117146,0.2963868235294135,0.05845247058824202
B1c40,B1,40,8C(15%)-3.6C,8C(15%)-3.6C,constant_two_step,8.0,15.0,3.6,4.013937282229966,966.0,False,965,965.0,964,1,0,0,0,False,-8.204863327149238e-06,99,0.88060951,False,946,20.0,965.0,692.0,692.0,-6.854604552238728e-05,-0.0005476100537337,7.988937210898603,-0.0004790640082113,0.9548705359738624,-0.0001655208514063,-3.377280461187892e-05,-0.0006548759410918,19.39062949073179,190,190,candidate_knee,672.0,274.0,0.5888400672762503,0.026574036633292,693.0,candidate_knee,1.0,692.0,candidate_knee,0.0,696.0,candidate_knee,4.0,0.7111111111111111,0.7170984455958549,True,True,True,False,3.6,8.0,False,2.883912983299573,2.202955435532585,0.0420711482101397,100,False,False,True,1.0333849,0.9504864208788513,592.0,691.0,0,0,0,100,1.04557495,1.044843023,-0.00020393842724272148,100,1.04583315,1.0451135520000001,-0.00020273193759376935,100,0.0175189295,0.01751489566,1.7928831323132718e-06,100,34.19004145827381,34.20171484480848,0.002661525351654087,100,40.115432999999996,40.12543402,0.00286933350135018,100,12.05436166666659,12.082573883333266,-0.0002648458945912103,100,12.05436166666659,12.082573883333266,-0.0002648458945912103,100,0.9997488877738083,0.9997409528109534,-1.2064773472343436e-06,693.0,792.0,0,0,0,100,1.0183644,1.01795212,-0.00033496738793879646,100,1.0187838999999999,1.018383542,-0.0003327518367836784,100,0.017606461499999997,0.01755876983,2.9002806540654963e-06,100,34.73108424211897,35.05901949177388,-0.001164493182719847,100,40.603761500000005,40.85615441,-0.0008252827062707175,100,12.10424416666671,12.112645599999993,0.0007176902690276101,100,12.10424416666671,12.112645599999993,0.0007176902690276101,100,0.9995866025881277,0.9995757306320211,-2.3173617495991264e-06,-0.027210549999999945,-0.00013102896069607499,-0.027049250000000136,-0.00013001989918990907,8.75319999999978e-05,1.1073975217522245e-06,0.5410427838451568,-0.003826018534373934,0.4883285000000086,-0.0036946162076208974,0.049882500000119734,0.0009825361636188203,0.049882500000119734,0.0009825361636188203,-0.00016228518568062178,-1.1108844023647828e-06,0.4996424010953284,0.2039384272427215,0.3349673879387965,0.131028960696075
B1c41,B1,41,8C(15%)-3.6C,8C(15%)-3.6C,constant_two_step,8.0,15.0,3.6,4.013937282229966,1051.0,False,1050,1050.0,1049,1,0,0,0,False,-1.385528756960918e-07,99,0.88106161,False,1031,20.0,1050.0,801.0,801.0,-6.765845469433117e-05,-0.0005822072353269,8.605092119783293,-0.0005145487806325,0.9703987309087748,-0.0001434743544852,-3.1740606769057414e-05,-0.0006308461539138,19.87505023151563,207,207,candidate_knee,781.0,250.0,0.6151830916440079,0.0182102002361261,801.0,candidate_knee,0.0,801.0,candidate_knee,0.0,803.0,candidate_knee,2.0,0.7582524271844661,0.7628571428571429,True,True,True,False,3.6,8.0,False,2.9102544398421872,2.2358947109688536,0.0428749510442224,50,False,False,True,1.0252463,0.9466190780926395,751.0,800.0,0,0,0,50,1.0304253499999998,1.030560726,-0.00019710401440576676,50,1.03059345,1.030722418,-0.00019581184633852744,50,0.017443720000000003,0.01740264612,1.1241244657864035e-06,50,34.32290856419756,34.567383873769224,0.0012756166689108551,50,39.1299535,39.37452408,0.0033695487154863277,50,12.05490750000002,12.092497299999993,-0.00032842553021349564,50,12.05490750000002,12.092497299999993,-0.00032842553021349564,50,0.9998487691044768,0.9998430754332407,-1.2830606384663177e-06,802.0,851.0,0,0,0,50,1.01842985,1.017571178,-0.00032049171188476127,50,1.01872765,1.0178912900000001,-0.000316569599039621,50,0.0176357735,0.01764021126,4.8913656182471954e-06,50,33.92766522598822,34.03127491077103,-0.00733898952931866,50,38.925571500000004,39.00887822,-0.005783634237694932,50,12.1421941666665,12.11620909999999,0.0011588143257310445,50,12.1421941666665,12.11620909999999,0.0011588143257310445,50,0.9996808181886292,0.9996852602533931,-3.951312987222339e-06,-0.011995499999999826,-0.0001233876974789945,-0.011865800000000037,-0.00012075775270109357,0.00019205349999999732,3.767241152460792e-06,-0.3952433382093403,-0.008614606198229515,-0.2043819999999954,-0.009153182953181259,0.0872866666664791,0.00148723985594454,0.0872866666664791,0.00148723985594454,-0.00016795091584764776,-2.6682523487560212e-06,1.1009893531884098,0.19710401440576675,0.3204917118847613,0.12338769747899453
B1c41,B1,41,8C(15%)-3.6C,8C(15%)-3.6C,constant_two_step,8.0,15.0,3.6,4.013937282229966,1051.0,False,1050,1050.0,1049,1,0,0,0,False,-1.385528756960918e-07,99,0.88106161,False,1031,20.0,1050.0,801.0,801.0,-6.765845469433117e-05,-0.0005822072353269,8.605092119783293,-0.0005145487806325,0.9703987309087748,-0.0001434743544852,-3.1740606769057414e-05,-0.0006308461539138,19.87505023151563,207,207,candidate_knee,781.0,250.0,0.6151830916440079,0.0182102002361261,801.0,candidate_knee,0.0,801.0,candidate_knee,0.0,803.0,candidate_knee,2.0,0.7582524271844661,0.7628571428571429,True,True,True,False,3.6,8.0,False,2.9102544398421872,2.2358947109688536,0.0428749510442224,100,False,False,True,1.0252463,0.9466190780926395,701.0,800.0,0,0,1,100,1.03520995,1.034877111,-0.00017109124212421204,100,1.0353371500000002,1.035013202,-0.00017007801980197703,100,0.017403993,0.017339197310000002,1.1072441224122695e-06,100,34.333958248611566,34.64072553459534,0.002441235396371395,100,39.1343595,39.394127649999994,0.0035362847224724315,100,12.054342500000105,12.089896416666612,9.476912691387765e-05,100,12.054342500000105,12.089896416666612,9.476912691387765e-05,100,0.999872271623974,0.9998683722843029,-1.0015080097024135e-06,802.0,901.0,0,1,0,100,1.00926995,1.0073691211,-0.0004109310162016233,100,1.0096774499999999,1.0068169338000001,-0.00044850722304231135,100,0.017745942,0.01772976099,3.93313920792083e-06,100,33.846672493685695,34.01113171305602,-0.0020350967531719204,100,38.855222499999996,38.996903700000004,-0.0016613832583258616,100,12.143199166666697,14.830504333333367,0.11575241680168193,99,12.143081666666937,12.14211287878791,0.001234344579383598,100,0.9995907738673226,1.0006684442883114,4.230581846365964e-05,-0.025940000000000074,-0.00023983977407741124,-0.025659700000000285,-0.00027842920324033435,0.0003419490000000011,2.8258950855085605e-06,-0.4872857549258711,-0.004476332149543315,-0.27913700000000574,-0.005197667980798293,0.08885666666659198,0.11565764767476805,0.08873916666683179,0.0011395754524697204,-0.0002814977566513166,4.3307326473362054e-05,1.964773256344111,0.17109124212421203,0.41093101620162326,0.23983977407741122
B1c42,B1,42,8C(25%)-3.6C,8C(25%)-3.6C,constant_two_step,8.0,25.0,3.6,4.347169811320755,702.0,False,701,701.0,700,1,0,0,0,False,2.11359802102667e-06,99,0.88035142,False,682,20.0,701.0,495.0,495.0,-7.740701356022717e-05,-0.0007994060063714,10.327307172875694,-0.0007219989928111,0.9808951997930636,-0.0002358993078005,-2.4959002277521704e-05,-0.0009006495312412,36.08515762075883,137,137,candidate_knee,475.0,207.0,0.5286754600811951,0.0101002390391613,496.0,candidate_knee,1.0,495.0,candidate_knee,0.0,497.0,candidate_knee,2.0,0.697503671071953,0.7061340941512125,True,True,True,False,3.6,8.0,False,3.1293308629227754,2.3116598662298617,0.0738436097571553,50,False,False,True,1.0422355,0.9613852146351755,445.0,494.0,0,0,0,50,1.0493171000000001,1.04920612,-0.00023787266266506087,50,1.0495226500000001,1.049397948,-0.00023496842256902676,50,0.017098616,0.017075542580000002,9.737737815126355e-07,50,36.29624210484125,36.50139918616937,0.010455179352457638,50,41.7260395,41.881470879999995,0.011541939975990515,50,11.137893333333098,11.169383033333306,-0.0005127943177255551,50,11.137893333333098,11.169383033333306,-0.0005127943177255551,50,0.9998141319379021,0.9998170711904479,-2.8081290508982666e-06,496.0,545.0,0,0,0,50,1.0301442500000002,1.029529222,-0.0005010259351740681,50,1.03065125,1.030026204,-0.0004957507418967569,50,0.0176341255,0.0176378236,-2.6111100120047618e-06,50,34.79598574596791,34.788897861598144,0.016968262134260063,50,40.447047999999995,40.43615576,0.013115446722688646,50,11.206560833333544,11.21631216666668,0.0004330264105647715,50,11.206560833333544,11.21631216666668,0.0004330264105647715,50,0.9995206598317717,0.9995169809983087,-5.363011199661031e-06,-0.019172849999999908,-0.0002631532725090072,-0.018871400000000094,-0.00026078231932773015,0.0005355094999999997,-3.5848837935173975e-06,-1.5002563588733366,0.006513082781802425,-1.2789915000000036,0.001573506746698131,0.06866750000044597,0.0009458207282903266,0.06866750000044597,0.0009458207282903266,-0.0002934721061303991,-2.5548821487627645e-06,3.1318879843842313,0.23787266266506088,0.501025935174068,0.2631532725090071
B1c42,B1,42,8C(25%)-3.6C,8C(25%)-3.6C,constant_two_step,8.0,25.0,3.6,4.347169811320755,702.0,False,701,701.0,700,1,0,0,0,False,2.11359802102667e-06,99,0.88035142,False,682,20.0,701.0,495.0,495.0,-7.740701356022717e-05,-0.0007994060063714,10.327307172875694,-0.0007219989928111,0.9808951997930636,-0.0002358993078005,-2.4959002277521704e-05,-0.0009006495312412,36.08515762075883,137,137,candidate_knee,475.0,207.0,0.5286754600811951,0.0101002390391613,496.0,candidate_knee,1.0,495.0,candidate_knee,0.0,497.0,candidate_knee,2.0,0.697503671071953,0.7061340941512125,True,True,True,False,3.6,8.0,False,3.1293308629227754,2.3116598662298617,0.0738436097571553,100,False,False,True,1.0422355,0.9613852146351755,395.0,494.0,0,0,0,100,1.0547297,1.054191135,-0.00020021402400239276,100,1.0548407499999999,1.0543369749999998,-0.00019835919411941464,100,0.0170030945,0.01699544318,3.113034311431118e-06,100,36.31259053677702,36.481954743269284,0.0008899728948537229,100,41.699772,41.810920579999994,0.0028366899489950127,100,11.138054166666734,11.17524626666664,-0.0002994147014702237,100,11.138054166666734,11.17524626666664,-0.0002994147014702237,100,0.99987319673423,0.9998613895710554,-1.7882759444085194e-06,496.0,595.0,0,0,0,100,1.01583695,1.0137245215,-0.0006282675159315861,100,1.0164376499999999,1.0143614645999999,-0.0006227971030303005,100,0.017677857499999998,0.01771315243,2.706578163816307e-06,100,34.8006246143483,34.83949481176999,0.003977187567349033,100,40.400797,40.45869257,0.0026053734833483633,100,11.327475833333544,11.451539433333387,0.008998277887790385,100,11.327475833333544,11.451539433333387,0.008998277887790385,100,0.9993611722234611,0.9993691212133284,-5.789906943661639e-06,-0.03889275000000003,-0.0004280534919291934,-0.03840310000000002,-0.00042443790891088585,0.0006747629999999984,-4.064561476148109e-07,-1.5119659224287219,0.0030872146724953103,-1.2989750000000058,-0.00023131646564664935,0.18942166666681004,0.009297692589260609,0.18942166666681004,0.009297692589260609,-0.000512024510768927,-4.00163099925312e-06,3.9684717390707815,0.20021402400239274,0.6282675159315861,0.4280534919291934
B1c43,B1,43,8C(25%)-3.6C,8C(25%)-3.6C,constant_two_step,8.0,25.0,3.6,4.347169811320755,651.0,False,650,650.0,649,1,0,0,0,False,-2.401481014223877e-05,99,0.88044435,False,631,20.0,650.0,488.0,488.0,-8.316767891752883e-05,-0.000919386616518,11.054614346394398,-0.0008362189376005,0.9834013078764918,-0.0002209779823574,-4.198308316929111e-05,-0.0009952116921224,23.705064444872047,127,127,candidate_knee,468.0,163.0,0.4162838167076946,0.0069097669095299,489.0,candidate_knee,1.0,488.0,candidate_knee,0.0,490.0,candidate_knee,2.0,0.7428571428571429,0.7507692307692307,True,True,True,False,3.6,8.0,False,3.145347305868404,2.314724294685007,0.0748330699913868,50,False,False,True,1.0272903,0.9593417544157172,438.0,487.0,0,0,0,50,1.03392615,1.0337209,-0.00025357462665066377,50,1.033964,1.033736318,-0.00025192658343337125,50,0.016382439,0.016377911300000002,9.692584393756859e-07,50,35.91675168871963,36.188198044606935,0.014314598367018948,50,40.5638825,40.757064160000006,0.011899110396158041,50,11.139534166666696,11.176124233333315,-9.976734693877711e-05,50,11.139534166666696,11.176124233333315,-9.976734693877711e-05,50,0.9999840339868773,0.9999850063167997,-1.5972373101702764e-06,489.0,538.0,0,0,0,50,1.01386755,1.0126341634,-0.0005996461190876442,50,1.0142443,1.0130582306,-0.0005870887831932776,50,0.016936858,0.01689856378,7.782321104441889e-06,50,34.66088269897453,34.71147926684143,-0.011708159084566171,50,39.4030205,39.4395144,-0.005952421320528458,50,11.254802500000126,11.246702133333324,0.0025147186874759013,50,11.254802500000126,11.246702133333324,0.0025147186874759013,50,0.9996141722469206,0.999579840430459,-1.2660592777295529e-05,-0.020058600000000038,-0.0003460714924369804,-0.019719700000000007,-0.0003351621997599064,0.0005544190000000004,6.813062665066203e-06,-1.255868989745096,-0.026022757451585117,-1.1608620000000016,-0.0178515317166865,0.11526833333343056,0.002614486034414678,0.11526833333343056,0.002614486034414678,-0.00036986173995667837,-1.1063355467125252e-05,3.384227464542981,0.25357462665066377,0.5996461190876442,0.34607149243698043
B1c43,B1,43,8C(25%)-3.6C,8C(25%)-3.6C,constant_two_step,8.0,25.0,3.6,4.347169811320755,651.0,False,650,650.0,649,1,0,0,0,False,-2.401481014223877e-05,99,0.88044435,False,631,20.0,650.0,488.0,488.0,-8.316767891752883e-05,-0.000919386616518,11.054614346394398,-0.0008362189376005,0.9834013078764918,-0.0002209779823574,-4.198308316929111e-05,-0.0009952116921224,23.705064444872047,127,127,candidate_knee,468.0,163.0,0.4162838167076946,0.0069097669095299,489.0,candidate_knee,1.0,488.0,candidate_knee,0.0,490.0,candidate_knee,2.0,0.7428571428571429,0.7507692307692307,True,True,True,False,3.6,8.0,False,3.145347305868404,2.314724294685007,0.0748330699913868,100,False,False,True,1.0272903,0.9593417544157172,388.0,487.0,0,0,0,100,1.03944635,1.03883795,-0.0002053023702370219,100,1.0394362,1.038814123,-0.00020368811461146303,100,0.0162952105,0.01629598364,2.847139861986214e-06,100,36.018528625023016,36.17378928826849,0.002342225262233482,100,40.627138,40.731606649999996,0.0023713296189618468,100,11.139891666666669,11.178464483333306,-8.229565956594729e-05,100,11.139891666666669,11.178464483333306,-8.229565956594729e-05,100,1.0000162625610731,1.0000226851049419,-1.5500755076193932e-06,489.0,588.0,0,0,0,100,0.9952639,0.9921659433,-0.0008071980953495369,100,0.9960420400000001,0.9928121791999999,-0.0007986076633663359,100,0.0170281995,0.017043011040000004,6.43702567056704e-06,100,34.6582469013678,34.73869299286896,-0.0001978868226487551,100,39.421768,39.49398859,0.0012823181818181553,100,11.33611750000006,11.54441685000002,0.01219793568356902,100,11.33611750000006,11.54441685000002,0.01219793568356902,100,0.9992646686192911,0.9993430887650281,-9.161929666104006e-06,-0.044182449999999984,-0.000601895725112515,-0.04339415999999985,-0.0005949195487548729,0.0007329889999999999,3.589885808580826e-06,-1.3602817236552198,-0.0025401120848822373,-1.205370000000002,-0.0010890114371436914,0.19622583333339172,0.012280231343134967,0.19622583333339172,0.012280231343134967,-0.0007515939417820361,-7.611854158484613e-06,4.498186752481656,0.20530237023702191,0.8071980953495369,0.601895725112515
B1c44,B1,44,8C(35%)-3.6C,8C(35%)-3.6C,constant_two_step,8.0,35.0,3.6,4.7407407407407405,616.0,False,615,615.0,614,1,0,0,0,False,-3.361546072974662e-05,99,0.88048309,False,596,20.0,615.0,429.0,429.0,-9.61662500719012e-05,-0.0008941073884522,9.29751745319976,-0.0007979411383803,0.9775795464067316,-0.0002816664106955,-4.599388325578187e-05,-0.0010026192638551,21.79896962122871,120,120,candidate_knee,409.0,187.0,0.4568035990045932,0.0102417438927204,429.0,candidate_knee,0.0,429.0,candidate_knee,0.0,431.0,candidate_knee,2.0,0.6873949579831933,0.697560975609756,True,True,True,False,3.6,8.0,False,3.3481715444323834,2.3995350024890754,0.1068999295414666,50,False,False,True,1.041401,0.9579115377730814,379.0,428.0,0,0,0,50,1.0509895500000002,1.050050838,-0.0003203166530612211,50,1.0511152,1.050233292,-0.00031924920048019925,50,0.0176058375,0.017577885959999998,2.0609918847539136e-06,50,34.94829973009955,35.10983635633275,0.002268924333063835,50,39.26731100000001,39.36354194,0.0060339758463383965,50,10.784347500000148,11.016419500000016,0.008108124609845557,50,10.784347500000148,11.016419500000016,0.008108124609845557,50,0.999839646215623,0.9998262080336684,-1.0703441941299539e-06,430.0,479.0,0,0,0,50,1.0287940999999998,1.028291542,-0.0005593094021608651,50,1.0292608,1.028761832,-0.0005482221560624254,50,0.017758238500000002,0.01773494368,6.7624193997599194e-06,50,34.94515730962507,35.07608419207482,-0.009288365317634894,50,39.187154500000005,39.39485252,-0.01004285416566636,50,11.039865000000281,11.077154700000001,0.008759371348537241,50,11.039865000000281,11.077154700000001,0.008759371348537241,50,0.9995498877031974,0.9995416290410943,-1.1030198174685335e-05,-0.02219545000000034,-0.00023899274909964396,-0.02185439999999983,-0.00022897295558222612,0.0001524010000000034,4.701427515006006e-06,-0.0031424204744823214,-0.01155728965069873,-0.08015650000000107,-0.016076830012004755,0.25551750000013307,0.0006512467386916836,0.25551750000013307,0.0006512467386916836,-0.0002897585124256308,-9.959853980555381e-06,0.865627664687939,0.3203166530612211,0.5593094021608651,0.23899274909964402
B1c44,B1,44,8C(35%)-3.6C,8C(35%)-3.6C,constant_two_step,8.0,35.0,3.6,4.7407407407407405,616.0,False,615,615.0,614,1,0,0,0,False,-3.361546072974662e-05,99,0.88048309,False,596,20.0,615.0,429.0,429.0,-9.61662500719012e-05,-0.0008941073884522,9.29751745319976,-0.0007979411383803,0.9775795464067316,-0.0002816664106955,-4.599388325578187e-05,-0.0010026192638551,21.79896962122871,120,120,candidate_knee,409.0,187.0,0.4568035990045932,0.0102417438927204,429.0,candidate_knee,0.0,429.0,candidate_knee,0.0,431.0,candidate_knee,2.0,0.6873949579831933,0.697560975609756,True,True,True,False,3.6,8.0,False,3.3481715444323834,2.3995350024890754,0.1068999295414666,100,False,False,True,1.041401,0.9579115377730814,329.0,428.0,0,0,1,100,1.0575283500000001,1.0563918989999999,-0.00025242427782777994,100,1.0576732999999998,1.0565004470000001,-0.00024973962496249345,100,0.017551982,0.01752751322,1.0762219021901214e-06,100,34.940508896971465,35.042450355461376,0.006049115435896571,100,39.219612,39.28224138,0.006355177785778873,100,10.754061666666772,10.94246111666669,0.002856196049604565,100,10.754061666666772,10.94246111666669,0.002856196049604565,100,0.9998974202077573,0.9998967613583372,-2.565371332005224e-06,430.0,529.0,0,0,0,100,1.0128305,1.0101287876,-0.0007265122459045949,100,1.0136109000000002,1.0108182723,-0.0007172904501050078,100,0.0178626535,0.018007371940000003,1.1844910831083139e-05,100,34.761973204477506,34.55204616521192,-0.024178728980452247,100,39.108571999999995,38.913915239999994,-0.022536607476747676,100,11.266894999999998,11.472711400000001,0.01647679149914979,100,11.266894999999998,11.472711400000001,0.01647679149914979,100,0.9993171104424008,0.9993121917968268,-9.631469613153364e-06,-0.04469785000000015,-0.00047408796807681494,-0.04406239999999961,-0.0004675508251425144,0.0003106714999999982,1.0768688928893018e-05,-0.17853569249395917,-0.03022784441634882,-0.11104000000000269,-0.02889178526252655,0.5128333333332264,0.013620595449545223,0.5128333333332264,0.013620595449545223,-0.0005803097653565015,-7.066098281148139e-06,1.770008082278105,0.25242427782777993,0.7265122459045948,0.4740879680768149
B1c45,B1,45,8C(35%)-3.6C,8C(35%)-3.6C,constant_two_step,8.0,35.0,3.6,4.7407407407407405,599.0,False,598,598.0,597,1,0,0,0,False,-1.2920053184909944e-05,99,0.88104212,False,579,20.0,598.0,429.0,429.0,-9.434457413232927e-05,-0.0009864387750409,10.455702239509115,-0.0008920942009085,0.9775396558093168,-0.0002789392275137,-3.278334140622006e-05,-0.0011131358701034,33.95431406184275,116,116,candidate_knee,409.0,170.0,0.4675224709795961,0.0105007156150804,430.0,candidate_knee,1.0,429.0,candidate_knee,0.0,432.0,candidate_knee,3.0,0.7076124567474048,0.717391304347826,True,True,True,False,3.6,8.0,False,3.347134314178068,2.3975068162430393,0.1068920335079143,50,False,False,True,1.0419431,0.9581967077432407,379.0,428.0,0,0,0,50,1.0520523499999999,1.0512781960000002,-0.00032307521728691896,50,1.05194005,1.0512512319999998,-0.00031764495558223,50,0.0169777295,0.01694749682,3.8022438895559578e-06,50,35.767780761268156,35.90930825297212,-0.0009254269724357413,50,40.552496,40.66944942,0.00435965709483765,50,10.720205833333118,10.807133033333367,-0.003224157903161159,50,10.720205833333118,10.807133033333367,-0.003224157903161159,50,1.0000395890759688,1.0000253228506648,-5.1644467619213065e-06,430.0,479.0,0,0,0,50,1.0284762,1.0277872140000002,-0.0006550360384153694,50,1.0289098,1.028156826,-0.000643007428571426,50,0.017178318499999998,0.017151579679999997,7.506944537815175e-06,50,35.841459023320496,35.95098691376611,-0.009168994123977094,50,40.6359925,40.77813896,-0.009581864681872542,50,11.09162166666647,11.102041433333305,0.012418085714286424,50,11.09162166666647,11.102041433333305,0.012418085714286424,50,0.9996355691258787,0.9996389827974048,-1.1916449047745827e-05,-0.023576149999999796,-0.00033196082112845046,-0.02303024999999992,-0.000325362472989196,0.00020058899999999755,3.7047006482592176e-06,0.07367826205233996,-0.008243567151541353,0.08349650000000253,-0.013941521776710191,0.3714158333333515,0.015642243617447583,0.3714158333333515,0.015642243617447583,-0.0004040199500900954,-6.75200228582452e-06,1.18148307169105,0.32307521728691896,0.6550360384153694,0.33196082112845043
B1c45,B1,45,8C(35%)-3.6C,8C(35%)-3.6C,constant_two_step,8.0,35.0,3.6,4.7407407407407405,599.0,False,598,598.0,597,1,0,0,0,False,-1.2920053184909944e-05,99,0.88104212,False,579,20.0,598.0,429.0,429.0,-9.434457413232927e-05,-0.0009864387750409,10.455702239509115,-0.0008920942009085,0.9775396558093168,-0.0002789392275137,-3.278334140622006e-05,-0.0011131358701034,33.95431406184275,116,116,candidate_knee,409.0,170.0,0.4675224709795961,0.0105007156150804,430.0,candidate_knee,1.0,429.0,candidate_knee,0.0,432.0,candidate_knee,3.0,0.7076124567474048,0.717391304347826,True,True,True,False,3.6,8.0,False,3.347134314178068,2.3975068162430393,0.1068920335079143,100,False,False,True,1.0419431,0.9581967077432407,329.0,428.0,0,0,0,100,1.05939595,1.057550741,-0.00024991123372336994,100,1.05916755,1.0574456890000001,-0.0002467894431443101,100,0.016930145,0.016910072840000002,8.150858565858007e-07,100,35.72932497004851,35.771652799074694,0.008329255619747011,100,40.4554845,40.51130635,0.009141747356735602,100,10.666638333333442,10.811115666666696,-0.00013377741774177774,100,10.666638333333442,10.811115666666696,-0.00013377741774177774,100,1.000116314777792,1.000098747478646,-2.938858545554206e-06,430.0,529.0,0,0,0,100,1.0097852,1.0073370328,-0.0008214800505250482,100,1.01032685,1.0079423517000001,-0.0008114411195319537,100,0.0172840745,0.01745639114,1.3019408856885648e-05,100,35.65680679923258,35.48893865921782,-0.022000414837225046,100,40.475536500000004,40.3174468,-0.021355274371437298,100,11.439878333333382,11.594076299999992,0.020279116791680016,100,11.439878333333382,11.594076299999992,0.020279116791680016,100,0.9994461870098946,0.9993924362336655,-1.047333988402474e-05,-0.04961075000000004,-0.0005715688168016783,-0.04884069999999996,-0.0005646516763876436,0.0003539294999999991,1.2204323000299847e-05,-0.07251817081593259,-0.030329670456972057,0.020052000000006842,-0.0304970217281729,0.7732399999999409,0.020412894209421793,0.7732399999999409,0.020412894209421793,-0.0006701277678974327,-7.534481338470534e-06,2.090528462691838,0.24991123372336993,0.8214800505250482,0.5715688168016784
B2c0,B2,0,5.2C(58%)-4C,5.2C(58%)-4C,constant_two_step,5.2,58.0,4.0,4.803695150115473,477.0,False,496,496.0,496,0,0,0,0,False,1.3737568336425482e-05,99,0.82661337,False,477,20.0,496.0,379.0,379.0,-0.0001207538545355,-0.0019732933637592,16.341452381361908,-0.0018525395092236,0.94496881387989,-0.000402600778468,2.319578133478089e-06,-0.002186633541271,,96,96,candidate_knee,359.0,118.0,0.8407217624022866,0.0462659157819871,379.0,candidate_knee,0.0,369.0,candidate_knee,-10.0,382.0,candidate_knee,3.0,0.7542016806722689,0.7641129032258065,True,True,True,False,4.0,5.2,False,3.111361497633904,2.354293391088093,0.2646177571303235,50,False,False,True,1.0513332,0.9507102204134812,329.0,378.0,0,0,0,50,1.0652336,1.064455956,-0.000607755793517421,50,1.05450535,1.05391478,-0.0004805820888355351,50,0.017487752,0.0174967824,2.8841175510202664e-06,50,33.12861450776403,33.09561287620578,0.0016264140942305273,50,38.05858346556731,38.03684193010481,0.000917561958909345,50,10.207492500000324,10.21540046666617,0.001780554141645984,50,10.207492500000324,10.21540046666617,0.001780554141645984,50,1.0099607460018256,1.0099909847582944,-0.00011596295872527697,380.0,429.0,0,0,0,50,1.0277264499999998,1.0237535671999998,-0.0012802362698679408,50,1.02372635,1.0206272628,-0.0009692390895558186,50,0.017942085,0.01799292352,1.931553085234084e-05,50,33.32119847508089,33.31916931597541,0.0066127935425724675,50,38.229459500000004,38.19598201938051,0.008464447399629042,50,10.44450333333419,10.521926833333602,0.014547945658276096,50,10.44450333333419,10.521926833333602,0.014547945658276096,50,1.0049445490232456,1.0030004300208208,-0.00030339609682253105,-0.037507150000000156,-0.0006724804763505198,-0.03077899999999989,-0.0004886570007202835,0.0004543330000000012,1.6431413301320572e-05,0.1925839673168639,0.00498637944834194,0.17087603443269472,0.0075468854407196966,0.23701083333386563,0.012767391516630113,0.23701083333386563,0.012767391516630113,-0.005016196978580023,-0.0001874331380972541,2.598006879329037,0.607755793517421,1.2802362698679408,0.6724804763505198
B2c0,B2,0,5.2C(58%)-4C,5.2C(58%)-4C,constant_two_step,5.2,58.0,4.0,4.803695150115473,477.0,False,496,496.0,496,0,0,0,0,False,1.3737568336425482e-05,99,0.82661337,False,477,20.0,496.0,379.0,379.0,-0.0001207538545355,-0.0019732933637592,16.341452381361908,-0.0018525395092236,0.94496881387989,-0.000402600778468,2.319578133478089e-06,-0.002186633541271,,96,96,candidate_knee,359.0,118.0,0.8407217624022866,0.0462659157819871,379.0,candidate_knee,0.0,369.0,candidate_knee,-10.0,382.0,candidate_knee,3.0,0.7542016806722689,0.7641129032258065,True,True,True,False,4.0,5.2,False,3.111361497633904,2.354293391088093,0.2646177571303235,100,True,True,True,1.0513332,0.9507102204134812,279.0,378.0,0,0,0,100,1.07788505,1.0744187439999997,-0.00040737518991899294,100,1.0647791,1.062371489,-0.00034342963156315526,100,0.0174554885,0.017477201769999996,9.042822742274859e-07,100,33.03413394337012,33.02621537412469,0.0026069316099525393,100,37.909265500000004,37.88647361124639,0.004914037381777334,100,10.182751666667173,10.194716099999766,0.0008803136513549063,100,10.182751666667173,10.194716099999766,0.0008803136513549063,100,1.011635991566955,1.011323376061701,-5.677860570967473e-05,380.0,479.0,0,0,0,100,0.985321195,0.9769066907,-0.001864602694929492,100,0.991767045,0.9847780584000002,-0.0014321614148214772,100,0.018547438,0.01877137382,3.1486508454845416e-05,100,33.44442550154518,33.42793934957478,0.004165576571652338,100,38.34071853567083,38.323013075040926,0.005094929943718436,100,11.048926666666134,11.968561733333434,0.06234237877787463,100,11.048926666666134,11.968561733333434,0.06234237877787463,100,0.9942761094255543,0.9914397107565531,-0.00045684201778782026,-0.09256385499999986,-0.0014572275050104989,-0.07301205499999996,-0.001088731783258322,0.001091949499999998,3.058222618061793e-05,0.4102915581750608,0.0015586449616997989,0.4314530356708275,0.0001808925619411015,0.866174999998961,0.06146206512651972,0.866174999998961,0.06146206512651972,-0.017359882141400718,-0.0004000634120781455,6.255622694260307,0.4073751899189929,1.8646026949294918,1.4572275050104988
B2c1,B2,1,5.6C(26%)-4.5C,5.6C(26%)-4.5C,constant_two_step,5.6,26.0,4.5,4.8068669527897,491.0,False,513,513.0,513,0,0,0,0,False,-3.290422139764944e-05,99,0.82848173,False,494,20.0,513.0,382.0,382.0,-0.0002028578082267,-0.0014952319395609,7.370837497612092,-0.0012923741313342,0.904953849501627,-0.0004288316253738,-4.562984539270265e-05,-0.0017847732040816,39.11416286251678,99,99,candidate_knee,362.0,132.0,0.5527780357608395,0.0525394243791197,383.0,candidate_knee,1.0,356.0,candidate_knee,-26.0,387.0,candidate_knee,5.0,0.7342799188640974,0.7446393762183235,True,False,True,False,4.5,5.6,False,3.7813755335542063,3.1850319004935974,0.1389538605289683,50,False,False,True,1.0262214,0.9277350005817435,332.0,381.0,0,0,0,50,1.03878865,1.0383580940000001,-0.00041916794717886764,50,1.0556908,1.055521548,-0.000384175663865545,50,0.0184837525,0.01849240872,6.083063529411777e-06,50,34.54889592030081,34.56849227828109,0.0015986501894642792,50,39.25767495184765,39.26099508854523,0.006144794445630296,50,10.260474999999861,10.268197166666775,0.0034333700680070265,50,10.260474999999861,10.268197166666775,0.0034333700680070265,50,0.9837404359536432,0.9837400462664746,-3.914189112387296e-05,383.0,432.0,0,0,0,50,1.00336195,1.0048486500000002,-0.0008250950636254571,50,1.0214039499999998,1.0209621620000002,-0.000847477757503003,50,0.0188915865,0.01891782408,1.2209740024009622e-05,50,34.48624903780108,34.48555044483913,-0.003292921949925783,50,39.30090871414022,39.289455302412584,0.0003531490169078936,50,10.626859999999095,10.661641900000006,0.013567358543407631,50,10.626859999999095,10.661641900000006,0.013567358543407631,50,0.9842901899905341,0.9842236292809992,8.349630317432447e-06,-0.035426700000000144,-0.00040592711644658945,-0.0342868500000002,-0.00046330209363745805,0.00040783400000000275,6.126676494597845e-06,-0.0626468824997275,-0.004891572139390062,0.04323376229257292,-0.005791645428722402,0.3663849999992337,0.010133988475400604,0.3663849999992337,0.010133988475400604,0.0005497540368908371,4.749152144130541e-05,2.20644590431517,0.41916794717886763,0.825095063625457,0.4059271164465894
B2c1,B2,1,5.6C(26%)-4.5C,5.6C(26%)-4.5C,constant_two_step,5.6,26.0,4.5,4.8068669527897,491.0,False,513,513.0,513,0,0,0,0,False,-3.290422139764944e-05,99,0.82848173,False,494,20.0,513.0,382.0,382.0,-0.0002028578082267,-0.0014952319395609,7.370837497612092,-0.0012923741313342,0.904953849501627,-0.0004288316253738,-4.562984539270265e-05,-0.0017847732040816,39.11416286251678,99,99,candidate_knee,362.0,132.0,0.5527780357608395,0.0525394243791197,383.0,candidate_knee,1.0,356.0,candidate_knee,-26.0,387.0,candidate_knee,5.0,0.7342799188640974,0.7446393762183235,True,False,True,False,4.5,5.6,False,3.7813755335542063,3.1850319004935974,0.1389538605289683,100,False,False,True,1.0262214,0.9277350005817435,282.0,381.0,0,0,0,100,1.05000135,1.048620357,-0.0004015423156315644,100,1.0669716999999999,1.0664811730000001,-0.00042208221842184236,100,0.018341503500000002,0.018345058500000004,5.87949912991305e-06,100,34.49347433219379,34.499016990215615,0.002524285943429098,100,39.0991135,39.105525273994125,0.006146478393200269,100,10.190256666665665,10.201259049999798,0.0026643121412199106,100,10.190256666665665,10.201259049999798,0.0026643121412199106,100,0.9835391107425122,0.9832632297008547,1.2285919479170501e-05,383.0,482.0,0,0,0,100,0.982477935,0.9743551646,-0.001248046539693969,100,1.00143335,0.9919607268000001,-0.0012042074149414927,100,0.019252256500000002,0.01932914401,1.6477708904890405e-05,100,34.341202255118404,34.32064380304182,-0.005975513754839374,100,39.2103195,39.211611396057386,-0.0032947146563089974,100,11.053206666667634,11.543461933333312,0.03804530749074757,100,11.053206666667634,11.543461933333312,0.03804530749074757,100,0.9825327840669584,0.9821904070113966,-6.645227888203485e-05,-0.06752341500000003,-0.0008465042240624046,-0.06553834999999975,-0.0007821251965196504,0.0009107530000000003,1.0598209774977356e-05,-0.1522720770753878,-0.008499799698268473,0.1112059999999957,-0.009441193049509265,0.8629500000019696,0.035380995349527655,0.8629500000019696,0.035380995349527655,-0.0010063266755537814,-7.873819836120535e-05,4.965530770146516,0.4015423156315644,1.248046539693969,0.8465042240624047
B2c2,B2,2,5.2C(50%)-4.25C,5.2C(50%)-4.25C,constant_two_step,5.2,50.0,4.25,4.797829036635006,424.0,False,439,439.0,438,0,0,0,1,False,-1.076430778381868e-05,98,0.82700932,False,419,20.0,439.0,357.0,357.0,-0.0001549606126921,-0.0022834844004838,14.735901987045066,-0.0021285237877917,0.90501320499186,-0.0003697220210732,-1.9494509743723773e-05,-0.0022496408730889,115.39868930601152,83,84,candidate_knee,336.0,83.0,0.485667614851049,0.0461320101739488,358.0,candidate_knee,1.0,336.0,candidate_knee,-21.0,360.0,candidate_knee,3.0,0.8042959427207638,0.8132118451025057,True,False,True,False,4.25,5.2,False,3.190847066974384,2.432199448216641,0.2442792459852978,50,False,False,True,1.0116047,0.9399735459445245,307.0,356.0,0,0,0,50,1.0297942,1.028915068,-0.0004884222424970086,50,1.0220439,1.0207512019999998,-0.00041477755102040407,50,0.016336315,0.01634069084,6.368877599039679e-06,50,35.36847903155214,35.390828068112754,0.013620033058722806,50,41.58500425633088,41.623477533373304,0.014504247813624827,50,10.23939749999942,10.252766166666756,0.002659628091246799,50,10.23939749999942,10.252766166666756,0.002659628091246799,50,1.0082613118576007,1.0079912297945184,-6.925860067193696e-05,358.0,407.0,0,0,0,50,0.9870792049999999,0.9824548975999998,-0.0014380861906362584,50,0.98690671,0.9843137268,-0.0010863861378151195,50,0.0169980385,0.01709550576,2.8605968595438374e-05,50,35.703676890219576,35.66296428243101,-0.007773339020033249,50,42.019699,42.03904687692888,-0.0006718362940539944,50,10.67819666666716,10.809935100000196,0.026359457943167356,50,10.67819666666716,10.809935100000196,0.026359457943167356,50,0.9990051978762962,0.9980260978810671,-0.0003616309914830172,-0.04271499500000009,-0.0009496639481392498,-0.03513718999999993,-0.0006716085867947154,0.0006617234999999992,2.2237090996398693e-05,0.3351978586674349,-0.021393372078756055,0.43469474366911953,-0.015176084107678822,0.43879916666774044,0.023699829851920557,0.43879916666774044,0.023699829851920557,-0.009256113981304548,-0.0002923723908110803,4.050628920904128,0.48842224249700855,1.4380861906362583,0.9496639481392497
B2c2,B2,2,5.2C(50%)-4.25C,5.2C(50%)-4.25C,constant_two_step,5.2,50.0,4.25,4.797829036635006,424.0,False,439,439.0,438,0,0,0,1,False,-1.076430778381868e-05,98,0.82700932,False,419,20.0,439.0,357.0,357.0,-0.0001549606126921,-0.0022834844004838,14.735901987045066,-0.0021285237877917,0.90501320499186,-0.0003697220210732,-1.9494509743723773e-05,-0.0022496408730889,115.39868930601152,83,84,candidate_knee,336.0,83.0,0.485667614851049,0.0461320101739488,358.0,candidate_knee,1.0,336.0,candidate_knee,-21.0,360.0,candidate_knee,3.0,0.8042959427207638,0.8132118451025057,True,False,True,False,4.25,5.2,False,3.190847066974384,2.432199448216641,0.2442792459852978,100,True,True,False,1.0116047,0.9399735459445245,257.0,356.0,0,0,0,100,,,,100,,,,100,,,,100,,,,100,,,,100,,,,100,,,,100,,,,358.0,439.0,8,0,7,82,,,,82,,,,82,,,,82,,,,82,,,,82,,,,82,,,,82,,,,,,,,,,,,,,,,,,,,,,,
B2c3,B2,3,4.65C(44%)-5C,4.65C(44%)-5C,constant_two_step,4.65,44.0,5.0,4.80123902942695,499.0,False,517,517.0,517,0,0,0,0,False,7.592857884972138e-05,99,0.82550967,False,498,20.0,517.0,396.0,396.0,-0.0001712996565581,-0.0016453010987394,9.60481259447561,-0.0014740014421812,0.9297410059490836,-0.0003917009515899,2.2765504350434944e-05,-0.001793902950225,,100,100,candidate_knee,376.0,122.0,0.603738781882714,0.0424180794846051,397.0,candidate_knee,1.0,384.0,candidate_knee,-12.0,401.0,candidate_knee,5.0,0.7565392354124748,0.7659574468085106,True,True,True,False,5.0,5.0,False,3.117924992146839,2.3820032838515877,0.1706492164283179,50,False,False,True,1.03249,0.9378523509075091,346.0,395.0,0,0,0,50,1.04469395,1.044253432,-0.000453819380552211,50,1.04078065,1.0410007860000001,-0.0003896028283313232,50,0.0166083715,0.01662599974,8.579822953181153e-06,50,35.15478397140615,35.1862900373717,0.0025096628451621163,50,41.4576835,41.50145310596086,0.00036599216478244457,50,10.429633333334156,10.436738633333318,0.004245648419389339,50,10.429633333334156,10.436738633333318,0.004245648419389339,50,1.0031307121308786,1.0031197469919026,-6.05375212649691e-05,397.0,446.0,0,0,0,50,1.0090082,1.009789053,-0.0011169173181272613,50,1.0127764,1.0131602928,-0.0008760991270107993,50,0.01727486,0.017297303780000002,1.7665717791116432e-05,50,35.264839393709266,35.05757336242431,-0.025326096567295356,50,41.54564693598655,41.00454276450021,-0.060880814887769884,50,10.875477499999882,10.891374966666955,0.01722828019209559,50,10.875477499999882,10.891374966666955,0.01722828019209559,50,0.9965106837401667,0.9966294607856198,-0.00024098520304193636,-0.03568575000000007,-0.0006630979375750503,-0.028004250000000175,-0.0004864962986794761,0.0006664884999999995,9.085894837935279e-06,0.1100554223031196,-0.027835759412457473,0.08796343598654488,-0.06124680705255233,0.4458441666657258,0.012982631772706253,0.4458441666657258,0.012982631772706253,-0.006620028390711852,-0.00018044768177696727,4.012967195489332,0.453819380552211,1.1169173181272614,0.6630979375750503
B2c3,B2,3,4.65C(44%)-5C,4.65C(44%)-5C,constant_two_step,4.65,44.0,5.0,4.80123902942695,499.0,False,517,517.0,517,0,0,0,0,False,7.592857884972138e-05,99,0.82550967,False,498,20.0,517.0,396.0,396.0,-0.0001712996565581,-0.0016453010987394,9.60481259447561,-0.0014740014421812,0.9297410059490836,-0.0003917009515899,2.2765504350434944e-05,-0.001793902950225,,100,100,candidate_knee,376.0,122.0,0.603738781882714,0.0424180794846051,397.0,candidate_knee,1.0,384.0,candidate_knee,-12.0,401.0,candidate_knee,5.0,0.7565392354124748,0.7659574468085106,True,True,True,False,5.0,5.0,False,3.117924992146839,2.3820032838515877,0.1706492164283179,100,False,False,True,1.03249,0.9378523509075091,296.0,395.0,0,0,0,100,1.0560994,1.0546610010000002,-0.000399419382538255,100,1.0510144000000001,1.0496765930000003,-0.000337113582358236,100,0.0164270805,0.01646656236,6.337704230423009e-06,100,35.079952229243005,35.097716679602485,0.0038431333423865513,100,41.379879327559635,41.41299823053807,0.003819125583642673,100,10.338053333334393,10.358085499999927,0.003105085728578381,100,10.338053333334393,10.358085499999927,0.003105085728578381,100,1.0046846081268743,1.0047324605941332,-5.797969402704921e-05,397.0,496.0,0,0,0,100,0.98000979,0.9719560567,-0.0015065099807380726,100,0.989922135,0.9825699744999998,-0.0012143795210921098,100,0.017797773500000003,0.0179265809,2.531512202820265e-05,100,33.02061101023867,33.8861334487262,-0.03874489647227063,100,36.22339337004634,38.394956990456194,-0.08632448940465186,100,11.42884249999576,12.01355348333371,0.04668311012101656,100,11.42884249999576,12.01355348333371,0.04668311012101656,100,0.990470542253187,0.9888707840895864,-0.0003136996217868311,-0.07608960999999992,-0.0011070905981998176,-0.06109226500000009,-0.0008772659387338737,0.0013706930000000027,1.897741779777964e-05,-2.059341219004338,-0.04258802981465718,-5.156485957513297,-0.09014361498829453,1.0907891666613665,0.04357802439243818,1.0907891666613665,0.04357802439243818,-0.014214065873687343,-0.0002557199277597819,8.344105941405735,0.399419382538255,1.5065099807380726,1.1070905981998176
B2c4,B2,4,4.65C(69%)-6C,4.65C(69%)-6C,constant_two_step,4.65,69.0,6.0,4.798452112221864,444.0,False,464,464.0,464,0,0,0,0,False,-6.742782807668557e-05,99,0.82712674,False,445,20.0,464.0,342.0,342.0,-0.0001913253721162,-0.0015090423679491,7.887309201374349,-0.0013177169958328,0.9121383749795774,-0.0004359137110966,-7.36827613210768e-05,-0.0018388245812053,24.955967287823672,89,89,candidate_knee,322.0,123.0,0.4439988665572058,0.0390104619229418,343.0,candidate_knee,1.0,319.0,candidate_knee,-23.0,346.0,candidate_knee,4.0,0.7252252252252253,0.7370689655172413,True,False,True,False,6.0,6.0,False,3.116813106288351,2.37501142832477,0.0463382165237761,50,False,False,True,1.0185069,0.9372553869734255,292.0,341.0,0,0,0,50,1.030814,1.030354026,-0.000434599486194474,50,1.0287586499999999,1.028516472,-0.00039278952220888133,50,0.017056778,0.0170597996,8.483619879951822e-06,50,33.40839155201761,33.43684696730643,0.00512172508695988,50,39.197243,39.22206093830226,0.006822741225054932,50,10.78237416666816,10.786807266666555,0.004785356862746269,50,10.78237416666816,10.786807266666555,0.004785356862746269,50,1.0018444454332893,1.0017834924832483,-4.0038174558975834e-05,343.0,392.0,0,0,0,50,0.9938787499999999,0.9951706,-0.0008943386861944825,50,0.9966969800000001,0.9986569230000001,-0.0007412404115246106,50,0.017688165,0.01770625054,1.8083764561824702e-05,50,33.576447843459064,33.61566259749931,0.0012242886396380873,50,39.497339385406875,39.57223238407563,0.006953770833207743,50,11.308446666668168,11.327022133333452,0.018011831132426017,50,11.308446666668168,11.327022133333452,0.018011831132426017,50,0.9965857498681103,0.9964860136873778,-0.0001560203009572276,-0.036935249999999975,-0.0004597392000000085,-0.03206166999999982,-0.0003484508893157293,0.0006313869999999971,9.60014468187288e-06,0.1680562914414523,-0.0038974364473217927,0.30009638540687433,0.00013102960815281062,0.5260725000000086,0.01322647426967975,0.5260725000000086,0.01322647426967975,-0.005258695565178995,-0.00011598212639825177,3.7016780074173274,0.43459948619447397,0.8943386861944824,0.45973920000000845
B2c4,B2,4,4.65C(69%)-6C,4.65C(69%)-6C,constant_two_step,4.65,69.0,6.0,4.798452112221864,444.0,False,464,464.0,464,0,0,0,0,False,-6.742782807668557e-05,99,0.82712674,False,445,20.0,464.0,342.0,342.0,-0.0001913253721162,-0.0015090423679491,7.887309201374349,-0.0013177169958328,0.9121383749795774,-0.0004359137110966,-7.36827613210768e-05,-0.0018388245812053,24.955967287823672,89,89,candidate_knee,322.0,123.0,0.4439988665572058,0.0390104619229418,343.0,candidate_knee,1.0,319.0,candidate_knee,-23.0,346.0,candidate_knee,4.0,0.7252252252252253,0.7370689655172413,True,False,True,False,6.0,6.0,False,3.116813106288351,2.37501142832477,0.0463382165237761,100,False,False,True,1.0185069,0.9372553869734255,242.0,341.0,0,0,0,100,1.0423775499999999,1.041459634,-0.00045374697989798875,100,1.0390769,1.0382788840000001,-0.00039874992139213875,100,0.016881397,0.01688511537,7.107365874587485e-06,100,33.34071882247035,33.347278313062674,0.003227381677335107,100,39.08928636536581,39.08414015744124,0.005042565017867335,100,10.662241666665068,10.682300233333176,0.004243475507551331,100,10.662241666665068,10.682300233333176,0.004243475507551331,100,1.0025354249150507,1.003045524857614,-5.1591687559946634e-05,343.0,442.0,0,0,0,100,0.97246644,0.9635896268999999,-0.0012935372111011114,100,0.9787434049999999,0.9720811627,-0.0010941158334833434,100,0.018194448000000002,0.01832294517,2.5025041506150617e-05,100,33.50579976293221,33.524494775393755,-0.0038807192397057708,100,39.6028335492133,39.637851285179856,0.002490798204130998,100,11.897645833333566,12.474252366666757,0.049323067726768526,100,11.897645833333566,12.474252366666757,0.049323067726768526,100,0.9930910377888598,0.9910579266815042,-0.00021730468094424983,-0.06991110999999983,-0.0008397902312031226,-0.06033349500000007,-0.0006953659120912047,0.0013130510000000026,1.7917675631563132e-05,0.16508094046186272,-0.007108100917040878,0.5135471838474928,-0.002551766813736337,1.2354041666684985,0.045079592219217195,1.2354041666684985,0.045079592219217195,-0.00944438712619089,-0.0001657129933843032,7.7780944314028195,0.45374697989798873,1.2935372111011114,0.8397902312031227
B2c5,B2,5,3.6C(30%)-6C,3.6C(30%)-6C,constant_two_step,3.6,30.0,6.0,4.800000000000001,416.0,False,445,445.0,444,0,0,0,1,False,-0.0001990080473249,98,0.8261537,False,425,20.0,445.0,301.0,301.0,-0.0003063524740552,-0.001211272942347,3.953853958850349,-0.0009049204682917,0.906409443471478,-0.0005487184972994,-0.0001942768386985,-0.0015104952249162,7.774962960251346,85,86,candidate_knee,280.0,145.0,0.2616147428752784,0.0244846693817635,301.0,candidate_knee,0.0,246.0,candidate_knee,-55.0,310.0,candidate_knee,9.0,0.6611764705882353,0.6764044943820224,True,False,True,False,6.0,6.0,False,3.210722371941566,2.390243192922303,0.2022416410602876,50,False,False,True,0.99750406,0.9172488659838656,251.0,300.0,0,0,0,50,1.0129755,1.014550722,-0.0005477026218487347,50,1.02014115,1.021499016,-0.00045206362545018416,50,0.016809578999999998,0.01681807994,9.849435342136865e-06,50,33.49295744430309,33.510290164864514,0.0034012915628009593,50,40.03887856286792,40.056512536338026,0.010473142954407067,50,11.068508333332526,11.060734099999616,0.008554542857164978,50,11.068508333332526,11.060734099999616,0.008554542857164978,50,0.9931023202222395,0.9931897383445208,-9.63924441904653e-05,302.0,351.0,0,0,0,50,0.9844838650000001,0.9829547846,-0.0006861526775510112,50,0.99647468,0.9950824064,-0.0005287048633853574,50,0.017428247,0.017434526579999998,1.538809647058837e-05,50,33.5985885094499,33.745300625412625,0.003143265023646714,50,40.627664499999995,40.617035690202194,0.014978035862789339,50,11.647856666665756,11.681401499999994,0.016242337014813743,50,11.647856666665756,11.681401499999994,0.016242337014813743,50,0.9879275774622193,0.9877959270161181,-0.00016486197679566736,-0.02849163499999996,-0.00013845005570227648,-0.023666469999999995,-7.664123793517326e-05,0.0006186680000000028,5.538661128451505e-06,0.10563106514680953,-0.0002580265391542453,0.588785937132073,0.004504892908382272,0.5793483333332308,0.007687794157648765,0.5793483333332308,0.007687794157648765,-0.005174742760020279,-6.846953260520206e-05,3.680449105834256,0.5477026218487346,0.6861526775510112,0.13845005570227653
B2c5,B2,5,3.6C(30%)-6C,3.6C(30%)-6C,constant_two_step,3.6,30.0,6.0,4.800000000000001,416.0,False,445,445.0,444,0,0,0,1,False,-0.0001990080473249,98,0.8261537,False,425,20.0,445.0,301.0,301.0,-0.0003063524740552,-0.001211272942347,3.953853958850349,-0.0009049204682917,0.906409443471478,-0.0005487184972994,-0.0001942768386985,-0.0015104952249162,7.774962960251346,85,86,candidate_knee,280.0,145.0,0.2616147428752784,0.0244846693817635,301.0,candidate_knee,0.0,246.0,candidate_knee,-55.0,310.0,candidate_knee,9.0,0.6611764705882353,0.6764044943820224,True,False,True,False,6.0,6.0,False,3.210722371941566,2.390243192922303,0.2022416410602876,100,False,False,True,0.99750406,0.9172488659838656,201.0,300.0,0,0,0,100,1.0357461,1.0310285499999998,-0.0006103368640864107,100,1.0391148000000001,1.034900193,-0.000493094052805285,100,0.016558736499999997,0.016527193509999996,1.1322694035403622e-05,100,33.543611016232134,33.57591384019432,-0.002415016704201028,100,39.92836806724238,39.93909825088871,0.005241929610621882,100,10.789762499998325,10.83725579999977,0.008437559275925072,100,10.789762499998325,10.83725579999977,0.008437559275925072,100,0.9961032642421948,0.9962132635048682,-0.0001151556377927755,302.0,401.0,0,0,0,100,0.963214665,0.9580435580000001,-0.0009877438835883628,100,0.981512545,0.9739590251,-0.0008308788557455704,100,0.0178390135,0.017925631850000002,1.9615716609661003e-05,100,33.44355353994942,33.63409729233401,-0.004781965741488371,100,40.862341,40.77191269955142,0.006074768795218755,100,12.131551666666443,12.518864983333236,0.03379218712870913,100,12.131551666666443,12.518864983333236,0.03379218712870913,100,0.9835058956635944,0.9835352133920635,-0.0001761052005570795,-0.07253143499999992,-0.0003774070195019521,-0.05760225500000016,-0.0003377848029402854,0.0012802770000000033,8.293022574257381e-06,-0.10005747628271422,-0.0023669490372873426,0.9339729327576194,0.0008328391845968727,1.3417891666681179,0.025354627852784056,1.3417891666681179,0.025354627852784056,-0.012597368578600388,-6.0949562764304004e-05,7.731731222367138,0.6103368640864106,0.9877438835883627,0.3774070195019521
B2c6,B2,6,3.6C(9%)-5C,3.6C(9%)-5C,constant_two_step,3.6,9.0,5.0,4.790419161676646,393.0,False,409,409.0,409,0,0,0,0,False,6.243813358070501e-05,99,0.82940364,False,390,20.0,409.0,291.0,291.0,-0.0001712268535805,-0.0016723360704664,9.76678619910176,-0.0015011092168858,0.925832861388764,-0.0005027638039025,6.224695304695238e-05,-0.0021023203494606,,78,78,candidate_knee,271.0,119.0,0.4554547576141154,0.0337797761391129,293.0,candidate_knee,2.0,275.0,candidate_knee,-16.0,299.0,candidate_knee,8.0,0.6966580976863753,0.7114914425427873,True,True,True,False,5.0,5.0,False,3.1471585788197887,2.3910784720422784,0.022553665413239,50,False,False,True,1.0370224,0.949262424382171,241.0,290.0,0,0,0,50,1.0486388,1.051650414,-0.0006402446626650605,50,1.0455983,1.047481674,-0.0004940216518607504,50,0.016471859999999998,0.016479266139999997,7.749820744297823e-06,50,34.53642199562514,34.38891333988363,0.006736971943225356,50,42.35024054923163,42.33343214246779,0.009923979280570325,50,10.383267500001239,10.377337866666727,0.0045407683073373254,50,10.383267500001239,10.377337866666727,0.0045407683073373254,50,1.0033682802138892,1.003964230181991,-0.0001369644198428851,292.0,341.0,0,0,0,50,1.0163787499999999,1.0140087789999999,-0.0009059481589435838,50,1.01758825,1.0163350314,-0.0007608000782713037,50,0.0170529875,0.01709536184,1.7804195150059873e-05,50,34.792778710689745,34.648081752602,0.005860776030874618,50,42.714143133707395,42.7101841772828,0.00510139936592488,50,10.751723333333697,10.794039133332825,0.01385022537014625,50,10.751723333333697,10.794039133332825,0.01385022537014625,50,0.9977500586799554,0.9976893811782942,-0.0001447577887581497,-0.032260050000000096,-0.0002657034962785233,-0.02801005000000001,-0.0002667784264105533,0.0005811275000000005,1.005437440576205e-05,0.2563567150646051,-0.0008761959123507381,0.36390258447576684,-0.004822579914645445,0.3684558333324581,0.009309457062808925,0.3684558333324581,0.009309457062808925,-0.005618221533933876,-7.7933689152646e-06,3.5280016950119815,0.6402446626650605,0.9059481589435838,0.2657034962785233
B2c6,B2,6,3.6C(9%)-5C,3.6C(9%)-5C,constant_two_step,3.6,9.0,5.0,4.790419161676646,393.0,False,409,409.0,409,0,0,0,0,False,6.243813358070501e-05,99,0.82940364,False,390,20.0,409.0,291.0,291.0,-0.0001712268535805,-0.0016723360704664,9.76678619910176,-0.0015011092168858,0.925832861388764,-0.0005027638039025,6.224695304695238e-05,-0.0021023203494606,,78,78,candidate_knee,271.0,119.0,0.4554547576141154,0.0337797761391129,293.0,candidate_knee,2.0,275.0,candidate_knee,-16.0,299.0,candidate_knee,8.0,0.6966580976863753,0.7114914425427873,True,True,True,False,5.0,5.0,False,3.1471585788197887,2.3910784720422784,0.022553665413239,100,False,False,True,1.0370224,0.949262424382171,191.0,290.0,0,0,0,100,1.07146025,1.0652962859999997,-0.0005281260990098927,100,1.0617082500000001,1.0572270110000002,-0.00038342540114011343,100,0.0162755215,0.01632109256,6.228332085208615e-06,100,34.60658577309767,34.49902817507633,-0.0030086130060427373,100,42.28481594942791,42.281489345961134,0.0033779093718743587,100,10.262314166664147,10.301720849999889,0.0030060837183770433,100,10.262314166664147,10.301720849999889,0.0030060837183770433,100,1.0090667145223746,1.00758975093005,-0.00013439567363187984,292.0,391.0,0,0,0,100,0.988667935,0.9761262293000001,-0.0015110444612661282,100,0.99491447,0.9845147985,-0.0012713367543354353,100,0.017607852,0.017825641830000002,2.9337470225022613e-05,100,34.456692230277966,34.51096827837763,-0.004608387592475171,100,42.7359918079527,42.71694575521155,-0.00021862729720048616,100,11.240029166666016,12.169132416666407,0.058847223652374485,100,11.240029166666016,12.169132416666407,0.058847223652374485,100,0.9934502879858954,0.9911975834128119,-0.0002582018108505245,-0.08279231499999984,-0.0009829183622562356,-0.06679378000000014,-0.0008879113531953219,0.0013323304999999994,2.3109138139814e-05,-0.14989354281970435,-0.0015997745864324334,0.4511758585247918,-0.003596536669074845,0.9777150000018686,0.05584113993399744,0.9777150000018686,0.05584113993399744,-0.015616426536479211,-0.00012380613721864464,8.186100211904112,0.5281260990098927,1.5110444612661282,0.9829183622562355
B2c7,B2,7,4.8C(80%)-4.8C-newstructure,4.8C(80%)-4.8C,constant_two_step,4.8,80.0,4.8,4.8,777.0,False,806,806.0,806,0,0,0,0,False,5.346993939393924e-05,99,0.8264814,False,787,20.0,806.0,625.0,625.0,-0.0001059953335705,-0.001038473143663,9.797347757500114,-0.0009324778100924,0.9313582589744356,-0.0002319054010483,1.7455233593819968e-05,-0.0011412660159973,,158,158,candidate_knee,605.0,182.0,0.8473975290467857,0.0581668417345326,626.0,candidate_knee,1.0,593.0,candidate_knee,-32.0,631.0,candidate_knee,6.0,0.7697201017811705,0.7754342431761787,True,True,True,True,,4.8,False,3.120197095108952,2.3839265432609604,0.0,50,False,False,True,1.0198188,0.9335818811190801,575.0,624.0,0,0,0,50,1.0317588,1.03156889,-0.0003601573253301273,50,1.01962465,1.019333284,-0.00028988407202880563,50,0.0151393785,0.015142410739999999,5.456562929171733e-06,50,35.615546472659204,35.57924589975309,0.0008798499112559504,50,40.08360889449683,40.092283828458754,0.0024353041894548946,50,10.17388416666848,10.178164233333664,0.0016410709083642455,50,10.17388416666848,10.178164233333664,0.0016410709083642455,50,1.011794023865738,1.0119998701196358,-6.556823840043856e-05,626.0,675.0,0,0,0,50,1.0096186,1.0087488817999999,-0.000546193814645869,50,1.0014188,1.001096542,-0.0004177054098439391,50,0.0154370965,0.015439950959999999,6.940420264105533e-06,50,35.86525044097557,35.84712589237674,0.006806645450432586,50,40.41539,40.350544994416225,0.007687064018910568,50,10.281518333333466,10.294457400000033,0.003132800800357134,50,10.281518333333466,10.294457400000033,0.003132800800357134,50,1.0079944365642386,1.0076331825348652,-0.00012530992555629872,-0.022140199999999943,-0.00018603648931574173,-0.018205849999999968,-0.00012782133781513347,0.00029771800000000063,1.4838573349338004e-06,0.24970396831636776,0.005926795539176636,0.3317811055031754,0.005251759829455673,0.10763416666498671,0.0014917298919928886,0.10763416666498671,0.0014917298919928886,-0.0037995873014993187,-5.974168715586016e-05,1.9665140150898575,0.3601573253301273,0.546193814645869,0.18603648931574174
B2c7,B2,7,4.8C(80%)-4.8C-newstructure,4.8C(80%)-4.8C,constant_two_step,4.8,80.0,4.8,4.8,777.0,False,806,806.0,806,0,0,0,0,False,5.346993939393924e-05,99,0.8264814,False,787,20.0,806.0,625.0,625.0,-0.0001059953335705,-0.001038473143663,9.797347757500114,-0.0009324778100924,0.9313582589744356,-0.0002319054010483,1.7455233593819968e-05,-0.0011412660159973,,158,158,candidate_knee,605.0,182.0,0.8473975290467857,0.0581668417345326,626.0,candidate_knee,1.0,593.0,candidate_knee,-32.0,631.0,candidate_knee,6.0,0.7697201017811705,0.7754342431761787,True,True,True,True,,4.8,False,3.120197095108952,2.3839265432609604,0.0,100,False,False,True,1.0198188,0.9335818811190801,525.0,624.0,0,0,0,100,1.04010795,1.039386556,-0.0003114161140114,100,1.0266763,1.0257839979999999,-0.0002565688400840041,100,0.015034669,0.015050052579999997,3.8019774497449308e-06,100,35.475856242009,35.49098284995553,0.0033537339868117133,100,39.999453,39.97464054392517,0.004450588292324717,100,10.144255833333592,10.149149150000149,0.0011797992899378797,100,10.144255833333592,10.149149150000149,0.0011797992899378797,100,1.013477965897669,1.0132502616620715,-5.0225123393564654e-05,626.0,725.0,0,0,0,100,0.99439728,0.9925134281999998,-0.0006584055569156922,100,0.98979482,0.9887988049,-0.0004947001464746448,100,0.0156255095,0.015653857429999998,8.668670681068087e-06,100,36.00881644437871,36.01368732787948,0.006617396588066113,100,40.5641107171131,40.532984651113196,0.007963281141411564,100,10.380892500001938,10.424875216666685,0.005373550165020814,100,10.380892500001938,10.424875216666685,0.005373550165020814,100,1.004426926692766,1.003687267495009,-0.00016430222128456268,-0.04571066999999984,-0.0003469894429042922,-0.03688148000000013,-0.00023813130639064076,0.0005908404999999985,4.866693231323156e-06,0.5329602023697078,0.0032636626012544,0.5646577171131,0.0035126928490868473,0.23663666666834615,0.0041937508750829345,0.23663666666834615,0.0041937508750829345,-0.009051039204903022,-0.00011407709789099803,3.929853726743159,0.3114161140114,0.6584055569156922,0.34698944290429223
B2c8,B2,8,5.2C(58%)-4C-newstructure,5.2C(58%)-4C,constant_two_step,5.2,58.0,4.0,4.803695150115473,904.0,False,947,947.0,946,0,0,0,1,False,-2.2835683305573847e-05,98,0.8255862,False,927,20.0,947.0,713.0,713.0,-4.152696127849324e-05,-0.0009914327372291,23.87443498647282,-0.0009499057759506,0.9706674333550266,-0.0001930558700709,1.5879378168911264e-05,-0.0010936794353789,,185,186,candidate_knee,692.0,235.0,1.666359902456079,0.0488786128933043,713.0,candidate_knee,0.0,699.0,candidate_knee,-14.0,715.0,candidate_knee,2.0,0.7475728155339806,0.7529039070749736,True,True,True,True,4.0,5.2,False,3.134731585432119,2.375282503825051,0.2692353819874439,50,False,False,True,1.0501852,0.9619650671321758,663.0,712.0,0,0,0,50,1.0576390500000001,1.0576113740000002,-0.0002844236590636394,50,1.0366519,1.036313218,-0.00026789397839135606,50,0.016810746,0.016814563020000003,8.607228331331983e-07,50,34.561038674704115,34.56704926766326,0.004485147433715423,50,37.318586499999995,37.35663804353153,0.00407118247766518,50,10.047095000002688,10.04769386666625,0.00020350540218380352,50,10.047095000002688,10.04769386666625,0.00020350540218380352,50,1.0206471011515026,1.0205513865002158,-1.0691088686450468e-05,714.0,763.0,0,0,0,50,1.039552,1.038853382,-0.0004849099207683037,50,1.0199592000000002,1.019214206,-0.00042322834573829167,50,0.0169215145,0.016915079759999996,4.439603649459587e-06,50,34.36518983185451,34.43559757868479,-0.013910347245613942,50,37.267897000000005,37.27944710784356,-0.013176329482141452,50,10.070432500001818,10.07270343333281,0.0009531437374688828,50,10.070432500001818,10.07270343333281,0.0009531437374688828,50,1.0195124616329045,1.0192643288810954,-5.2611994879169066e-05,-0.018087050000000104,-0.00020048626170466433,-0.016692699999999894,-0.0001553343673469356,0.00011076849999999694,3.578880816326389e-06,-0.1958488428496068,-0.018395494679329365,-0.05068949999999006,-0.017247511959806634,0.023337499999129818,0.0007496383352850793,0.023337499999129818,0.0007496383352850793,-0.0011346395185980462,-4.19209061927186e-05,0.6589148393533335,0.2844236590636394,0.48490992076830375,0.20048626170466433
B2c8,B2,8,5.2C(58%)-4C-newstructure,5.2C(58%)-4C,constant_two_step,5.2,58.0,4.0,4.803695150115473,904.0,False,947,947.0,946,0,0,0,1,False,-2.2835683305573847e-05,98,0.8255862,False,927,20.0,947.0,713.0,713.0,-4.152696127849324e-05,-0.0009914327372291,23.87443498647282,-0.0009499057759506,0.9706674333550266,-0.0001930558700709,1.5879378168911264e-05,-0.0010936794353789,,185,186,candidate_knee,692.0,235.0,1.666359902456079,0.0488786128933043,713.0,candidate_knee,0.0,699.0,candidate_knee,-14.0,715.0,candidate_knee,2.0,0.7475728155339806,0.7529039070749736,True,True,True,True,4.0,5.2,False,3.134731585432119,2.375282503825051,0.2692353819874439,100,False,False,True,1.0501852,0.9619650671321758,613.0,712.0,0,0,0,100,1.06440695,1.063820236,-0.0002461297221722175,100,1.0423109,1.0418247069999997,-0.00022134792859285774,100,0.016802004000000002,0.016806843230000004,3.0175707770784903e-07,100,34.43533100286003,34.43099262852969,0.0054343951371611035,100,37.23341,37.24422221495186,0.004113898125705946,100,10.043623333335077,10.04485064999992,0.00011686045604354947,100,10.043623333335077,10.04485064999992,0.00011686045604354947,100,1.0212726607380347,1.0211091860721762,-1.9321475735218638e-05,714.0,813.0,0,0,0,100,1.02490655,1.0220243686000001,-0.0006752146417041704,100,1.0076155999999998,1.0052943930999998,-0.0005558738435643564,100,0.017012384,0.01701746647,4.312113681368121e-06,100,34.36518983185451,34.409958215355246,-0.00212230890671905,100,37.239193,37.24577559535071,-0.0024710524430547848,100,10.100312500000776,10.122295316666598,0.002053538563862745,100,10.100312500000776,10.122295316666598,0.002053538563862745,100,1.0172161416692158,1.0165891938555536,-0.00011025766703947647,-0.03950039999999988,-0.0004290849195319529,-0.034695300000000096,-0.00033452591497149865,0.00021037999999999613,4.010356603660272e-06,-0.07014117100552397,-0.007556704043880154,0.005783000000000982,-0.00658495056876073,0.056689166665698565,0.0019366781078191955,0.056689166665698565,0.0019366781078191955,-0.004056519068818876,-9.093619130425783e-05,1.2521125456225108,0.2461297221722175,0.6752146417041704,0.42908491953195294
B2c9,B2,9,5.6C(26%)-4.5C-newstructure,5.6C(26%)-4.5C,constant_two_step,5.6,26.0,4.5,4.8068669527897,791.0,False,819,819.0,819,0,0,0,0,False,-3.178960420531827e-05,99,0.82610458,False,800,20.0,819.0,637.0,637.0,-6.282363368197952e-05,-0.0011824485225112,18.821714905841937,-0.0011196248888292,0.942615954474294,-0.0002110379492978,1.2559299191374503e-05,-0.0012957284897163,,160,160,candidate_knee,617.0,183.0,1.2391349392241129,0.0711065757649294,638.0,candidate_knee,1.0,612.0,candidate_knee,-25.0,640.0,candidate_knee,3.0,0.772215269086358,0.7777777777777778,True,True,True,True,4.5,5.6,False,3.1165869131485096,2.3658722562213796,0.1088569687296548,50,False,False,True,1.0435005,0.9502367577263499,587.0,636.0,0,0,0,50,1.0552261,1.054543424,-0.00035409720048017895,50,1.03589195,1.035647236,-0.00030685496278511776,50,0.015692909999999997,0.015670024319999996,2.72753046818742e-06,50,32.244936594879505,32.29080455882213,0.006713413028473318,50,33.32920428672584,33.64778592621205,0.005782182793530049,50,10.095945833332372,10.097846533333339,0.0008785034013461095,50,10.095945833332372,10.097846533333339,0.0008785034013461095,50,1.0183427395924751,1.018243444880322,-4.029651771199163e-05,638.0,687.0,0,0,0,50,1.0317581,1.030373654,-0.0005967818151260442,50,1.01618115,1.016349588,-0.0004652920624249607,50,0.015895133999999998,0.015905651820000005,6.064126146458493e-06,50,32.561299175732,32.63862208490743,0.006806395480260962,50,33.715032198765016,33.99192032025228,0.0073542029594477094,50,10.176387499998478,10.177467533334003,0.0023998869947992564,50,10.176387499998478,10.177467533334003,0.0023998869947992564,50,1.0139637623846904,1.0137870433437,-0.0001231035874059288,-0.023468000000000044,-0.0002426846146458653,-0.019710799999999917,-0.00015843709963984297,0.00020222400000000085,3.3365956782710727e-06,0.31636258085249835,9.298245178764389e-05,0.38582791203917566,0.0015720201659176602,0.08044166666610586,0.0015213835934531467,0.08044166666610586,0.0015213835934531467,-0.0043789772077846845,-8.280706969393718e-05,1.288632892178703,0.35409720048017895,0.5967818151260442,0.24268461464586527
B2c9,B2,9,5.6C(26%)-4.5C-newstructure,5.6C(26%)-4.5C,constant_two_step,5.6,26.0,4.5,4.8068669527897,791.0,False,819,819.0,819,0,0,0,0,False,-3.178960420531827e-05,99,0.82610458,False,800,20.0,819.0,637.0,637.0,-6.282363368197952e-05,-0.0011824485225112,18.821714905841937,-0.0011196248888292,0.942615954474294,-0.0002110379492978,1.2559299191374503e-05,-0.0012957284897163,,160,160,candidate_knee,617.0,183.0,1.2391349392241129,0.0711065757649294,638.0,candidate_knee,1.0,612.0,candidate_knee,-25.0,640.0,candidate_knee,3.0,0.772215269086358,0.7777777777777778,True,True,True,True,4.5,5.6,False,3.1165869131485096,2.3658722562213796,0.1088569687296548,100,False,False,True,1.0435005,0.9502367577263499,537.0,636.0,0,0,0,100,1.0627913,1.062135604,-0.0003043377341734175,100,1.0430488,1.042179094,-0.0002629813801380178,100,0.015583541999999999,0.015590974309999998,2.9276898589859055e-06,100,32.130306501767976,32.21464054679775,0.004107824141806082,100,33.243628784078886,33.5657299025686,0.004229671052878452,100,10.077392500000617,10.081370366666816,0.0006513452545196363,100,10.077392500000617,10.081370366666816,0.0006513452545196363,100,1.0192875734696896,1.0191416099352293,-3.490646984098089e-05,638.0,737.0,0,0,0,100,1.01592475,1.0123015185,-0.0007332857989198867,100,1.00418765,1.0025747571000003,-0.0005533472606660688,100,0.016084253,0.016124272220000003,9.088553807380705e-06,100,32.57262359543163,32.643593597637064,-0.0006910075678118946,100,33.694597,33.997775958401775,0.0002825597016918646,100,10.25017916666499,10.295147566667138,0.004895934033395164,100,10.25017916666499,10.295147566667138,0.004895934033395164,100,1.0107366215462754,1.0096198962385146,-0.00017498997573181125,-0.04686655000000006,-0.0004289480647464692,-0.03886115000000001,-0.00029036588052805103,0.0005007110000000009,6.160863948394799e-06,0.4423170936636538,-0.004798831709617976,0.45096821592111525,-0.003947111351186587,0.1727866666643738,0.004244588778875527,0.1727866666643738,0.004244588778875527,-0.008550951923414152,-0.00014008350589083036,3.213075692291271,0.3043377341734175,0.7332857989198867,0.4289480647464692
B2c10,B2,10,4.8C(80%)-4.8C,4.8C(80%)-4.8C,constant_two_step,4.8,80.0,4.8,4.8,492.0,False,519,519.0,518,0,0,0,1,False,4.889580101079108e-05,98,0.82791102,False,499,20.0,519.0,365.0,365.0,-0.0001147295719644,-0.0015696821096436,13.68158254900999,-0.0014549525376792,0.9500111279168656,-0.0004464721291117,6.526797530051062e-05,-0.001874520960336,,99,100,candidate_knee,344.0,155.0,0.9021910646490896,0.0450995137252903,365.0,candidate_knee,0.0,349.0,candidate_knee,-16.0,370.0,candidate_knee,5.0,0.6913827655310621,0.7032755298651252,True,True,True,False,,4.8,False,3.0825494803843245,2.34784181764508,0.0,50,False,False,True,1.0615046,0.9540925291373337,315.0,364.0,0,0,0,50,1.07744485,1.076260936,-0.0005525531332533089,50,1.06256685,1.062318704,-0.000366843543817525,50,0.0174988985,0.01751781406,7.737278127250789e-06,50,32.595861941380306,32.593611269349026,0.00012026952624915501,50,36.1838725,36.20524866213877,0.006937346908939779,50,10.35003999999996,10.360108366666905,0.003343323809517593,50,10.35003999999996,10.360108366666905,0.003343323809517593,50,1.0134475081111236,1.0131121312253855,-0.00017042860231509887,366.0,415.0,0,0,0,50,1.04168345,1.041291556,-0.0008418929171668641,50,1.0384185,1.037665708,-0.0006177080432172828,50,0.018041375999999998,0.018068522519999998,1.3054925618247364e-05,50,32.671527310574156,32.65427439666042,0.00468940060628718,50,36.313688460743805,36.29394493602635,0.002895813228794189,50,10.645893333334243,10.663253500000343,0.00942123321328807,50,10.645893333334243,10.663253500000343,0.00942123321328807,50,1.0037137574954358,1.0034677325651378,-0.00021424305972785534,-0.03576139999999994,-0.00028933978391355517,-0.02414835000000015,-0.0002508644993997578,0.0005424774999999993,5.317647490996575e-06,0.07566536919384959,0.004569131080038025,0.1298159607438052,-0.00404153368014559,0.2958533333342821,0.006077909403770477,0.2958533333342821,0.006077909403770477,-0.00973375061568782,-4.381445741275647e-05,3.1000665556177682,0.5525531332533089,0.8418929171668641,0.2893397839135552
B2c10,B2,10,4.8C(80%)-4.8C,4.8C(80%)-4.8C,constant_two_step,4.8,80.0,4.8,4.8,492.0,False,519,519.0,518,0,0,0,1,False,4.889580101079108e-05,98,0.82791102,False,499,20.0,519.0,365.0,365.0,-0.0001147295719644,-0.0015696821096436,13.68158254900999,-0.0014549525376792,0.9500111279168656,-0.0004464721291117,6.526797530051062e-05,-0.001874520960336,,99,100,candidate_knee,344.0,155.0,0.9021910646490896,0.0450995137252903,365.0,candidate_knee,0.0,349.0,candidate_knee,-16.0,370.0,candidate_knee,5.0,0.6913827655310621,0.7032755298651252,True,True,True,False,,4.8,False,3.0825494803843245,2.34784181764508,0.0,100,False,False,True,1.0615046,0.9540925291373337,265.0,364.0,0,0,0,100,1.0880562500000002,1.0862405139999998,-0.0004074729300930084,100,1.07035345,1.0694098980000002,-0.00028628359195919333,100,0.017336738499999997,0.01736877245,5.960920750075022e-06,100,32.51516867626524,32.508183922941754,0.0031679928047391786,100,36.10903833415412,36.059510712978884,0.005889688261333956,100,10.284570833332449,10.302509383333422,0.0023228408140861844,100,10.284570833332449,10.302509383333422,0.0023228408140861844,100,1.0164925735929602,1.0157131698246606,-0.0001093900533738763,366.0,465.0,0,0,0,100,1.0171095499999998,1.0097144744,-0.0012680368128412836,100,1.02037545,1.0154131574000003,-0.0008992831206720659,100,0.018491295999999997,0.01849257273,1.6734994461446136e-05,100,32.71809740481645,32.72888134233285,0.003487473722863998,100,36.377219999999994,36.402584881486035,0.0036432934363503492,100,10.956336666668843,11.158198083333708,0.02028768673867557,100,10.956336666668843,11.158198083333708,0.02028768673867557,100,0.9971777458798674,0.994104377639988,-0.00037155811072103593,-0.07094670000000036,-0.0008605638827482753,-0.04997800000000008,-0.0006129995287128727,0.0011545575000000002,1.0774073711371116e-05,0.20292872855120692,0.00031948091812481925,0.2681816658458729,-0.0022463948249836067,0.6717658333363943,0.017964845924589388,0.6717658333363943,0.017964845924589388,-0.019314827713092786,-0.00026216805734715964,6.65960036254801,0.4074729300930084,1.2680368128412836,0.8605638827482751
B2c11,B2,11,5.2C(50%)-4.25C,5.2C(50%)-4.25C,constant_two_step,5.2,50.0,4.25,4.797829036635006,449.0,False,468,468.0,467,0,0,0,1,False,0.0001077953190229,98,0.82524824,False,448,20.0,468.0,351.0,351.0,-6.232995879441451e-05,-0.0021155253379716,33.94074661511327,-0.0020531953791772,0.9600693251807026,-0.0004115484732555,0.0001165015766341,-0.0024110803535415,,89,90,candidate_knee,330.0,118.0,0.9541057608210264,0.0380980868785627,352.0,candidate_knee,1.0,343.0,candidate_knee,-8.0,354.0,candidate_knee,3.0,0.7388392857142857,0.75,True,True,True,False,4.25,5.2,False,3.117837984466431,2.3606852251812094,0.2319535429250005,50,False,False,True,1.0681139,0.9692148749362942,301.0,350.0,0,0,1,50,1.08245725,1.08158309,-0.0005107154045618348,50,1.061035,1.060728736,-0.00038029645138054857,50,0.017772646,0.01776107858,5.030647635054293e-06,50,33.621812822991146,33.65892972289432,0.0010824951461211895,50,40.345986637179884,40.55495674039194,0.0031276623920723457,50,10.231176666667064,10.238160766666834,0.002155766706701866,50,10.231176666667064,10.238160766666834,0.002155766706701866,50,1.0199387037943581,1.0196518872773033,-0.00011604843973634731,352.0,401.0,0,0,0,50,1.04175475,1.038324624,-0.0013324097094837924,50,1.0332295500000002,1.030916056,-0.0008669752028811525,50,0.018299079500000003,0.0183258957,1.7851001344537924e-05,50,33.820927681934734,33.786566446500494,0.007060552253036154,50,40.676068694355436,40.75253456263383,0.006058710054616646,50,10.52161999999856,10.568965199999823,0.013348382392955339,50,10.52161999999856,10.568965199999823,0.013348382392955339,50,1.008412982712815,1.0071071964805227,-0.00044684926597628974,-0.040702500000000086,-0.0008216943049219576,-0.027805449999999787,-0.0004866787515006039,0.000526433500000003,1.2820353709483631e-05,0.19911485894358805,0.005978057106914965,0.3300820571755523,0.0029310476625443007,0.2904433333314955,0.011192615686253474,0.2904433333314955,0.011192615686253474,-0.01152572108154315,-0.0003308008262399424,2.962043468372706,0.5107154045618348,1.3324097094837923,0.8216943049219575
B2c11,B2,11,5.2C(50%)-4.25C,5.2C(50%)-4.25C,constant_two_step,5.2,50.0,4.25,4.797829036635006,449.0,False,468,468.0,467,0,0,0,1,False,0.0001077953190229,98,0.82524824,False,448,20.0,468.0,351.0,351.0,-6.232995879441451e-05,-0.0021155253379716,33.94074661511327,-0.0020531953791772,0.9600693251807026,-0.0004115484732555,0.0001165015766341,-0.0024110803535415,,89,90,candidate_knee,330.0,118.0,0.9541057608210264,0.0380980868785627,352.0,candidate_knee,1.0,343.0,candidate_knee,-8.0,354.0,candidate_knee,3.0,0.7388392857142857,0.75,True,True,True,False,4.25,5.2,False,3.117837984466431,2.3606852251812094,0.2319535429250005,100,True,True,True,1.0681139,0.9692148749362942,251.0,350.0,0,0,1,100,1.0925193,1.090952377,-0.0003757157125712585,100,1.06909415,1.067720359,-0.0002826334215421553,100,0.0177232615,0.01769220193,2.846721230123017e-06,100,33.53469485767711,33.553604929103074,0.004084997060047742,100,40.2131780045671,40.3678511915077,0.0073590310034635995,100,10.198423333334116,10.212053783333317,0.001110333683375727,100,10.198423333334116,10.212053783333317,0.001110333683375727,100,1.02219227800193,1.021739989419175,-8.166495858356994e-05,352.0,451.0,0,0,0,100,0.9996963400000001,0.9879444216000001,-0.001997064598259821,100,1.0063743,0.9982680054999998,-0.0013048116867086749,100,0.0188720665,0.019101210599999995,3.071764397239717e-05,100,33.94934569976583,33.96015806452687,0.007293845361622687,100,40.76125070157515,40.885806011299344,0.0046963002919606835,100,11.04563166666776,11.769234066666685,0.051698045764578746,100,11.04563166666776,11.769234066666685,0.051698045764578746,100,0.9935362760352009,0.9888588010538025,-0.0007157369168662954,-0.0928229599999999,-0.0016213488856885623,-0.06271984999999991,-0.0010221782651665195,0.0011488049999999993,2.787092274227415e-05,0.4146508420887187,0.003208848301574945,0.5480726970080525,-0.002662730711502916,0.8472083333336435,0.050587712081203016,0.8472083333336435,0.050587712081203016,-0.028656001966729017,-0.0006340719582827255,6.481905150471313,0.3757157125712585,1.9970645982598207,1.6213488856885623
B2c12,B2,12,4.65C(44%)-5C,4.65C(44%)-5C,constant_two_step,4.65,44.0,5.0,4.80123902942695,466.0,False,493,493.0,493,0,0,0,0,False,3.124443661100793e-05,99,0.82528538,False,474,20.0,493.0,336.0,336.0,-0.0001807531515032,-0.0013664419580687,7.559713049010605,-0.0011856888065655,0.9308112698969774,-0.0004864859194158,3.7668215285554e-05,-0.0017334844486982,,95,95,candidate_knee,316.0,158.0,0.5855842010757526,0.0405158272408243,337.0,candidate_knee,1.0,313.0,candidate_knee,-23.0,344.0,candidate_knee,8.0,0.6680761099365751,0.6815415821501014,True,True,True,False,5.0,5.0,False,3.0948565693364536,2.3555465250217837,0.1668364919839644,50,False,False,True,1.0398232,0.9415489356831751,286.0,335.0,0,0,0,50,1.05569535,1.05521172,-0.0005267759807923149,50,1.0485062,1.048216318,-0.00038597219207682964,50,0.017471932000000003,0.017465690560000004,1.0139875246098271e-05,50,31.26792734663082,31.30361364338624,0.0026137747990536207,50,34.08692868173134,34.30999160627152,-0.0005384718587112951,50,10.529189999999168,10.539409166666212,0.005243742056835414,50,10.529189999999168,10.539409166666212,0.005243742056835414,50,1.0066615836641197,1.0066638338324376,-0.00013187595067858115,337.0,386.0,0,0,0,50,1.022071,1.021291472,-0.0008061749243697455,50,1.0250428500000002,1.0243930079999999,-0.0005598227611044437,50,0.0180199505,0.01806385768,1.506891063625461e-05,50,31.181195281076555,31.268723882211948,-0.0033873006282366027,50,34.074556,34.27688913070427,-0.0029846436234314514,50,10.922808333333037,10.940343633333221,0.011678386954792008,50,10.922808333333037,10.940343633333221,0.011678386954792008,50,0.9974285315824831,0.9969451128526251,-0.000242324227141342,-0.03362434999999997,-0.00027939894357743053,-0.023463349999999883,-0.000173850569027614,0.0005480184999999971,4.929035390156339e-06,-0.0867320655542656,-0.006001075427290224,-0.012372681731335433,-0.002446171764720156,0.393618333333869,0.006434644897956594,0.393618333333869,0.006434644897956594,-0.009233052081636606,-0.00011044827646276086,3.1365649774735673,0.5267759807923149,0.8061749243697455,0.27939894357743056
B2c12,B2,12,4.65C(44%)-5C,4.65C(44%)-5C,constant_two_step,4.65,44.0,5.0,4.80123902942695,466.0,False,493,493.0,493,0,0,0,0,False,3.124443661100793e-05,99,0.82528538,False,474,20.0,493.0,336.0,336.0,-0.0001807531515032,-0.0013664419580687,7.559713049010605,-0.0011856888065655,0.9308112698969774,-0.0004864859194158,3.7668215285554e-05,-0.0017334844486982,,95,95,candidate_knee,316.0,158.0,0.5855842010757526,0.0405158272408243,337.0,candidate_knee,1.0,313.0,candidate_knee,-23.0,344.0,candidate_knee,8.0,0.6680761099365751,0.6815415821501014,True,True,True,False,5.0,5.0,False,3.0948565693364536,2.3555465250217837,0.1668364919839644,100,False,False,True,1.0398232,0.9415489356831751,236.0,335.0,0,0,0,100,1.06803955,1.0665264599999997,-0.0004499389330933086,100,1.0574826000000002,1.056222615,-0.00031845473807380994,100,0.0172013485,0.017226168399999995,9.687608436843757e-06,100,31.212345270182226,31.24330785141589,0.0017478562290401164,100,33.99812646393687,34.190507515609205,0.003526741959670331,100,10.426948333333712,10.441607916666426,0.003962050975093854,100,10.426948333333712,10.441607916666426,0.003962050975093854,100,1.010001032575224,1.009724884411095,-0.00012170778561246719,337.0,436.0,0,0,0,100,0.99977347,0.9957529256999998,-0.0010277396958295842,100,1.00985825,1.0063604654,-0.000728997015541557,100,0.018478011500000002,0.018517228419999997,1.8082934617461715e-05,100,31.266331178409033,31.32124198678696,0.0013890269886720412,100,34.147096233152055,34.34903122569091,0.0019157541098455506,100,11.280694166667914,11.46821353333288,0.021649025182508545,100,11.280694166667914,11.46821353333288,0.021649025182508545,100,0.9900136177464143,0.9892724039386761,-0.0003060535446776528,-0.0682660799999999,-0.0005778007627362757,-0.047624350000000204,-0.00041054227746774703,0.0012766630000000008,8.395326180617958e-06,0.0539859082268066,-0.00035882924036807523,0.148969769215185,-0.0016109878498247803,0.8537458333342016,0.01768697420741469,0.8537458333342016,0.01768697420741469,-0.019987414828809724,-0.00018434575906518558,7.421877418505884,0.4499389330933086,1.0277396958295841,0.5778007627362756
B2c13,B2,13,4.65C(69%)-6C,4.65C(69%)-6C,constant_two_step,4.65,69.0,6.0,4.798452112221864,460.0,False,483,483.0,483,0,0,0,0,False,-1.14459443413729e-05,99,0.82574999,False,464,20.0,483.0,353.0,353.0,-0.0001440684926182,-0.001641501104345,11.39389379671728,-0.0014974326117268,0.9501128707875904,-0.0004327856649081,1.0981640356897549e-05,-0.001935170601295,,93,93,candidate_knee,333.0,131.0,0.6491803653748168,0.0323857447696127,353.0,candidate_knee,0.0,336.0,candidate_knee,-17.0,357.0,candidate_knee,4.0,0.7192224622030238,0.7308488612836439,True,True,True,False,6.0,6.0,False,3.104259555883226,2.3607387298344684,0.0451491639516071,50,False,False,True,1.03692,0.9467125859217086,303.0,352.0,0,0,0,50,1.0527883,1.051658426,-0.0005412662136854759,50,1.0424734999999998,1.042050522,-0.0004304008019207721,50,0.017081282,0.01708172126,9.406381416566751e-06,50,31.963065516084324,31.95282300937416,-0.0024303689186140364,50,36.279362929983606,36.35235658071268,0.00022914362339381878,50,10.72898250000047,10.740042233333691,0.0052905271708632295,50,10.72898250000047,10.740042233333691,0.0052905271708632295,50,1.0091861339713337,1.0092117474137792,-0.00010266454735702165,354.0,403.0,0,0,0,50,1.01648565,1.0144563894,-0.0009901667423769611,50,1.0151017,1.0142084470000001,-0.0007241301546218532,50,0.0177875235,0.01778495584,1.6971694309723827e-05,50,31.98981042892037,32.01250924086453,0.006488396377961904,50,36.34695610106998,36.44120372334331,0.008964241084419835,50,11.199894166667946,11.244371366666165,0.01691957863145964,50,11.199894166667946,11.244371366666165,0.01691957863145964,50,1.0011849352530553,1.0002055145088609,-0.00026263460561815917,-0.0363026500000001,-0.00044890052869148525,-0.027371799999999835,-0.00029372935270108113,0.0007062414999999996,7.565312893157076e-06,0.02674491283604752,0.008918765296575941,0.0675931710863722,0.008735097461026017,0.47091166666747597,0.01162905146059641,0.47091166666747597,0.01162905146059641,-0.008001198718278424,-0.0001599700582611375,4.134593059232905,0.5412662136854759,0.9901667423769611,0.4489005286914852
B2c13,B2,13,4.65C(69%)-6C,4.65C(69%)-6C,constant_two_step,4.65,69.0,6.0,4.798452112221864,460.0,False,483,483.0,483,0,0,0,0,False,-1.14459443413729e-05,99,0.82574999,False,464,20.0,483.0,353.0,353.0,-0.0001440684926182,-0.001641501104345,11.39389379671728,-0.0014974326117268,0.9501128707875904,-0.0004327856649081,1.0981640356897549e-05,-0.001935170601295,,93,93,candidate_knee,333.0,131.0,0.6491803653748168,0.0323857447696127,353.0,candidate_knee,0.0,336.0,candidate_knee,-17.0,357.0,candidate_knee,4.0,0.7192224622030238,0.7308488612836439,True,True,True,False,6.0,6.0,False,3.104259555883226,2.3607387298344684,0.0451491639516071,100,False,False,True,1.03692,0.9467125859217086,253.0,352.0,0,0,0,100,1.06414415,1.0622791410000003,-0.00042496759615961343,100,1.0520808499999998,1.050914798,-0.00035707465586558903,100,0.016878983,0.016895813340000003,7.611299417941759e-06,100,31.858056279217237,31.880152656942087,0.0025019380343399246,100,36.192694,36.25158288464193,0.0038967501402163564,100,10.631554166668018,10.642122083333282,0.003970655215530856,100,10.631554166668018,10.642122083333282,0.003970655215530856,100,1.011179082023185,1.010796061372963,-6.120273761431833e-05,354.0,453.0,0,0,0,100,0.986097965,0.9789665937999998,-0.001425249390939094,100,0.99439788,0.987900216,-0.0010642161500150067,100,0.0182585885,0.01831841605,2.1558468760876127e-05,100,32.02433380901191,32.04734186941673,0.001817783577776543,100,36.480401268683025,36.58432035360209,0.005056028897296666,100,11.756993333333714,12.187409716666677,0.03937469529954665,100,11.756993333333714,12.187409716666677,0.03937469529954665,100,0.9924432718817686,0.9906088682220451,-0.0003789646161193137,-0.07804618499999993,-0.0010002817947794805,-0.05768296999999989,-0.0007071414941494177,0.0013796054999999988,1.3947169342934366e-05,0.16627752979466948,-0.0006841544565633815,0.28770726868302177,0.00115927875708031,1.1254391666656964,0.0354040400840158,1.1254391666656964,0.0354040400840158,-0.018735810141416342,-0.0003177618785049954,8.173510809270907,0.42496759615961344,1.425249390939094,1.0002817947794806
B2c14,B2,14,3.6C(30%)-6C,3.6C(30%)-6C,constant_two_step,3.6,30.0,6.0,4.800000000000001,426.0,False,461,461.0,461,0,0,0,0,False,-0.000101657056277,99,0.82618046,False,442,20.0,461.0,336.0,336.0,-0.0002239803242339,-0.0015545939700381,6.9407613162223285,-0.0013306136458041,0.9614752409415126,-0.0004848817246798,-8.523567926455586e-05,-0.0017188494705481,20.165844695308714,89,89,candidate_knee,316.0,126.0,0.4454844449347666,0.0171621809054158,336.0,candidate_knee,0.0,326.0,candidate_knee,-10.0,339.0,candidate_knee,3.0,0.7165532879818595,0.7288503253796096,True,True,True,False,6.0,6.0,False,3.2261483020130957,2.4036756359150573,0.2067350235352711,50,False,False,True,1.0049835,0.9322431753113466,286.0,335.0,0,0,0,50,1.02078215,1.01913742,-0.0005350171812725147,50,1.03174805,1.031113284,-0.0003669082929171585,50,0.018039506,0.01803694362,1.1256615750299919e-05,50,32.05245159243606,32.07383000538381,0.003333829608793282,50,36.010416,36.06505937748949,0.00540401711194739,50,11.092164999999415,11.10481953333334,0.007856502280902978,50,11.092164999999415,11.10481953333334,0.007856502280902978,50,0.9885596073556717,0.9883733254915386,-0.00016726305450788674,337.0,386.0,0,0,0,50,0.985117585,0.9825420664000001,-0.0010212533042016838,50,1.00770125,1.0063811854,-0.0006764781603841554,50,0.018830424499999998,0.01880742358,1.8132333589435716e-05,50,31.97532258421971,31.96459746951716,-0.009093088358002464,50,36.07335292351377,36.15873794768066,-0.004379234393854265,50,11.773990000000534,11.825926300000013,0.021764426170467487,50,11.773990000000534,11.825926300000013,0.021764426170467487,50,0.9761535676432962,0.9762615018955604,-0.0003592912652775763,-0.03566456500000004,-0.00048623612292916904,-0.024046800000000035,-0.0003095698674669969,0.0007909184999999978,6.875717839135797e-06,-0.07712900821634605,-0.012426917966795745,0.06293692351376734,-0.009783251505801656,0.681825000001119,0.01390792388956451,0.681825000001119,0.01390792388956451,-0.012406039712375527,-0.00019202821076968956,4.38436895112315,0.5350171812725147,1.0212533042016838,0.48623612292916907
B2c14,B2,14,3.6C(30%)-6C,3.6C(30%)-6C,constant_two_step,3.6,30.0,6.0,4.800000000000001,426.0,False,461,461.0,461,0,0,0,0,False,-0.000101657056277,99,0.82618046,False,442,20.0,461.0,336.0,336.0,-0.0002239803242339,-0.0015545939700381,6.9407613162223285,-0.0013306136458041,0.9614752409415126,-0.0004848817246798,-8.523567926455586e-05,-0.0017188494705481,20.165844695308714,89,89,candidate_knee,316.0,126.0,0.4454844449347666,0.0171621809054158,336.0,candidate_knee,0.0,326.0,candidate_knee,-10.0,339.0,candidate_knee,3.0,0.7165532879818595,0.7288503253796096,True,True,True,False,6.0,6.0,False,3.2261483020130957,2.4036756359150573,0.2067350235352711,100,True,True,True,1.0049835,0.9322431753113466,236.0,335.0,0,0,0,100,1.0316979,1.0300438159999998,-0.0004370861446144587,100,1.039787,1.038762267,-0.0003051253975397487,100,0.017759795000000002,0.01777356939,1.067881791179121e-05,100,32.05245159243606,32.07951274271969,-0.0006575056729143503,100,36.01532507898787,36.06266627858716,0.00014337968837809447,100,10.914292500001224,10.947678566666672,0.006350746394641429,100,10.914292500001224,10.947678566666672,0.006350746394641429,100,0.9919245360369019,0.9915749366916918,-0.00012974401153050195,337.0,436.0,0,0,0,100,0.952916205,0.943984684,-0.0015173323873987387,100,0.98589909,0.9785609789999999,-0.0010971854316231642,100,0.019247275,0.01928716019,1.970945607560758e-05,100,31.847807806198475,31.86348294159742,-0.0037282210759711433,100,36.01144577016764,36.09051636663872,-0.002695543871225707,100,12.461636666666406,12.831320666666532,0.041755470307029946,100,12.461636666666406,12.831320666666532,0.041755470307029946,100,0.9668236361977689,0.9642171600330666,-0.00047293019362497596,-0.07878169499999998,-0.00108024624278428,-0.05388791000000004,-0.0007920600340834155,0.0014874799999999994,9.030638163816369e-06,-0.2046437862375825,-0.003070715403056793,-0.003879308820231131,-0.0028389235596038014,1.547344166665182,0.03540472391238852,1.547344166665182,0.03540472391238852,-0.025100899839132995,-0.00034318618209447404,8.375547127655468,0.4370861446144587,1.5173323873987388,1.08024624278428
B2c15,B2,15,3.6C(9%)-5C,3.6C(9%)-5C,constant_two_step,3.6,9.0,5.0,4.790419161676646,396.0,False,414,414.0,414,0,0,0,0,False,9.204142609771162e-05,99,0.82608759,False,395,20.0,414.0,306.0,306.0,-0.0001902076191724,-0.0016772650238648,8.818074855055412,-0.0014870574046923,0.9189497413572428,-0.0004651646575161,9.302043573515109e-05,-0.0020423266512901,,79,79,candidate_knee,286.0,109.0,0.3909461816197344,0.0316862891356777,307.0,candidate_knee,1.0,281.0,candidate_knee,-25.0,315.0,candidate_knee,9.0,0.7258883248730964,0.7391304347826086,True,False,True,False,5.0,5.0,False,3.2007858730712764,2.4369018444384585,0.3601624708187231,50,False,False,True,1.0132951,0.9412043963458464,256.0,305.0,0,0,0,50,1.0295286,1.029726804,-0.0005812919375750278,50,1.0269843,1.0269467939999999,-0.000407093661464592,50,0.017513596,0.017538131300000002,1.1001408931572698e-05,50,32.68385806870639,32.67443193579283,0.009104682055397792,50,36.923766721339014,36.93213808050332,0.012053557602932467,50,10.582802499999525,10.595218999999652,0.006179854181655998,50,10.582802499999525,10.595218999999652,0.006179854181655998,50,1.0029658944261195,1.0026933053994496,-0.00016854846476674863,307.0,356.0,0,0,0,50,0.990908205,0.9904343604,-0.0010103275025210093,50,1.0005616,0.9999941560000001,-0.0006846401181272509,50,0.018308038,0.01838023456,2.3280763025210117e-05,50,32.90044391561595,32.893755435516,-0.00022304338992339823,50,37.33208973125075,37.309297686147154,0.005265532086671655,50,11.099352499999803,11.166154233333268,0.01981524073631008,50,11.099352499999803,11.166154233333268,0.01981524073631008,50,0.9907381047868848,0.9903921649562148,-0.0003329325900306076,-0.03862039499999992,-0.0004290355649459815,-0.026422700000000132,-0.00027754645666265885,0.0007944419999999994,1.227935409363742e-05,0.21658584690955962,-0.00932772544532119,0.408323009911733,-0.006788025516260812,0.5165500000002776,0.013635386554654082,0.5165500000002776,0.013635386554654082,-0.012227789639234654,-0.00016438412526385894,4.536144376060744,0.5812919375750277,1.0103275025210092,0.4290355649459815
B2c15,B2,15,3.6C(9%)-5C,3.6C(9%)-5C,constant_two_step,3.6,9.0,5.0,4.790419161676646,396.0,False,414,414.0,414,0,0,0,0,False,9.204142609771162e-05,99,0.82608759,False,395,20.0,414.0,306.0,306.0,-0.0001902076191724,-0.0016772650238648,8.818074855055412,-0.0014870574046923,0.9189497413572428,-0.0004651646575161,9.302043573515109e-05,-0.0020423266512901,,79,79,candidate_knee,286.0,109.0,0.3909461816197344,0.0316862891356777,307.0,candidate_knee,1.0,281.0,candidate_knee,-25.0,315.0,candidate_knee,9.0,0.7258883248730964,0.7391304347826086,True,False,True,False,5.0,5.0,False,3.2007858730712764,2.4369018444384585,0.3601624708187231,100,True,True,True,1.0132951,0.9412043963458464,206.0,305.0,0,0,0,100,1.04283425,1.040889555,-0.0004504627548754854,100,1.0362106,1.034687047,-0.00030970542394239466,100,0.0172802115,0.01722956065,1.2289980768076832e-05,100,32.7491006525604,32.87562152563393,-0.00758630482828463,100,37.0037515,37.064891174320536,-0.004526896100141269,100,10.461211666666593,10.475731383333256,0.004810415451535453,100,10.461211666666593,10.475731383333256,0.004810415451535453,100,1.0063382396430174,1.005960659523991,-0.0001345084240456913,307.0,406.0,0,0,0,100,0.9615483899999999,0.9511643099999999,-0.0015934891528352824,100,0.98037317,0.9717671333,-0.0011473675674167345,100,0.019061625999999998,0.019169422310000003,3.139823880588059e-05,100,32.76037782967914,32.74118006064486,-0.005254645792222303,100,37.30963764078446,37.28489272578667,-0.00045014647510031023,100,11.822132500001075,12.713882249999909,0.06800856538654043,100,11.822132500001075,12.713882249999909,0.06800856538654043,100,0.9809676637398093,0.9782939378137815,-0.000491197345478955,-0.08128586000000015,-0.001143026397959797,-0.055837429999999966,-0.0008376621434743399,0.0017814144999999983,1.9108258037803758e-05,0.011277177118742543,0.0023316590360623274,0.30588614078445886,0.004076749625040959,1.3609208333344824,0.06319814993500497,1.3609208333344824,0.06319814993500497,-0.025370575903208126,-0.00035668892143326364,10.308985512127546,0.4504627548754854,1.5934891528352824,1.143026397959797
B2c16,B2,16,4.8C(80%)-4.8C,4.8C(80%)-4.8C,constant_two_step,4.8,80.0,4.8,4.8,472.0,False,499,499.0,499,0,0,0,0,False,-1.5038863327148822e-05,99,0.82648873,False,480,20.0,499.0,366.0,366.0,-0.0001910572607471,-0.0015145315305292,7.927107949765133,-0.001323474269782,0.9276716339608576,-0.0004412346906757,-5.370742064568624e-05,-0.0018077352383342,33.658947247905765,96,96,candidate_knee,346.0,134.0,0.5633096677098056,0.0407432678395025,366.0,candidate_knee,0.0,341.0,candidate_knee,-25.0,372.0,candidate_knee,6.0,0.7223382045929019,0.7334669338677354,True,False,True,False,,4.8,False,3.126155413733829,2.398334981294225,0.0,50,False,False,True,1.0227392,0.931939496145042,316.0,365.0,0,0,0,50,1.0397105999999998,1.038606526,-0.0005539233661464574,50,1.0391743999999998,1.0381209160000002,-0.0005022255462184781,50,0.017984246,0.01799810976,7.830096806722657e-06,50,34.111001882890946,34.101672934133674,0.0012601517946473793,50,39.72817773595987,39.71708029819919,0.0014444317562698112,50,10.506004999999035,10.522690166666484,0.005714200160028974,50,10.506004999999035,10.522690166666484,0.005714200160028974,50,1.0004797633585225,1.0004627123785117,-4.9663712016228904e-05,367.0,416.0,0,0,0,50,1.0054783,1.0039781324000001,-0.000793994855222076,50,1.00797245,1.0069866613999998,-0.0006768549075630261,50,0.0185789175,0.018594682680000002,1.566596091236499e-05,50,34.25546001639214,34.24498656466704,0.0016081591884491036,50,39.95088691538492,39.953298268435184,0.006164925742105428,50,10.983117499999935,11.014694399999842,0.01417979719885216,50,10.983117499999935,11.014694399999842,0.01417979719885216,50,0.9975152689214399,0.9969959734620194,-0.00011863302470632076,-0.03423229999999977,-0.00024007148907561856,-0.031201949999999812,-0.00017462936134454796,0.0005946715000000012,7.835864105642334e-06,0.14445813350119607,0.0003480073938017243,0.22270917942505264,0.004720493985835617,0.47711250000089933,0.008465597038823186,0.47711250000089933,0.008465597038823186,-0.0029644944370825765,-6.896931269009186e-05,3.3066245868745416,0.5539233661464574,0.793994855222076,0.2400714890756186
B2c16,B2,16,4.8C(80%)-4.8C,4.8C(80%)-4.8C,constant_two_step,4.8,80.0,4.8,4.8,472.0,False,499,499.0,499,0,0,0,0,False,-1.5038863327148822e-05,99,0.82648873,False,480,20.0,499.0,366.0,366.0,-0.0001910572607471,-0.0015145315305292,7.927107949765133,-0.001323474269782,0.9276716339608576,-0.0004412346906757,-5.370742064568624e-05,-0.0018077352383342,33.658947247905765,96,96,candidate_knee,346.0,134.0,0.5633096677098056,0.0407432678395025,366.0,candidate_knee,0.0,341.0,candidate_knee,-25.0,372.0,candidate_knee,6.0,0.7223382045929019,0.7334669338677354,True,False,True,False,,4.8,False,3.126155413733829,2.398334981294225,0.0,100,False,False,True,1.0227392,0.931939496145042,266.0,365.0,0,0,0,100,1.0495708000000001,1.0488153210000002,-0.00042233616141614287,100,1.04808705,1.047328246,-0.00037898425442544384,100,0.0178292085,0.01785998345,5.617701056105637e-06,100,34.01520153580338,33.993398536424245,0.004369414938383306,100,39.61134446618286,39.593398854797016,0.0049412710676793176,100,10.413092500000495,10.430089733333173,0.0038441398939823594,100,10.413092500000495,10.430089733333173,0.0038441398939823594,100,1.0013368292180085,1.0014074167918698,-4.0941891633099276e-05,367.0,466.0,0,0,0,100,0.979416575,0.9717167722,-0.0012868452034803506,100,0.9858873450000001,0.9780887344,-0.0011520851453945358,100,0.019039340000000002,0.019130658010000003,2.166960462646267e-05,100,34.17949427706456,34.19190562768412,-0.0015807342459902838,100,40.016672571029986,40.004958320167354,0.0023048275300351978,100,11.51868999999909,12.0357310333335,0.04306938137814531,100,11.51868999999909,12.0357310333335,0.04306938137814531,100,0.9939550364207967,0.9933384405891529,-0.0001470140490810765,-0.07015422500000013,-0.0008645090420642078,-0.06219970499999983,-0.000773100890969092,0.001210131500000003,1.605190357035703e-05,0.16429274126118543,-0.00595014918437359,0.4053281048471291,-0.00263644353764412,1.105597499998595,0.039225241484162954,1.105597499998595,0.039225241484162954,-0.007381792797211739,-0.00010607215744797722,6.787354020791237,0.4223361614161429,1.2868452034803506,0.8645090420642076
B2c17,B2,17,5.6C(26%)-4.5C,5.6C(26%)-4.5C,constant_two_step,5.6,26.0,4.5,4.8068669527897,471.0,False,494,494.0,494,0,0,0,0,False,3.904175881261578e-05,99,0.8272146,False,475,20.0,494.0,351.0,351.0,-0.0002038306791621,-0.0012955269024042,6.355897491631779,-0.001091696223242,0.9065638406433892,-0.0004425368770825,6.709825027995656e-06,-0.0016380317417413,,95,95,candidate_knee,331.0,144.0,0.440161397775463,0.0411269905051767,353.0,candidate_knee,2.0,307.0,candidate_knee,-44.0,362.0,candidate_knee,11.0,0.6983122362869199,0.7105263157894737,True,False,True,False,4.5,5.6,False,3.838995431316013,3.2491436353890983,0.1463213871133337,50,False,False,True,1.0196528,0.9323539795399316,301.0,350.0,0,0,0,50,1.03271085,1.033240942,-0.0005402362689075579,50,1.04187885,1.042621796,-0.0006084783769507777,50,0.0179100445,0.017913921680000004,4.775362881152534e-06,50,33.30441552453023,33.31179831231438,0.004258756627746772,50,36.29022234903911,36.29298070955597,0.0061776646962525125,50,10.177065000000098,10.18236653333359,0.003478090756328335,50,10.177065000000098,10.18236653333359,0.003478090756328335,50,0.9912005437864022,0.9910112368034855,6.015253328299377e-05,352.0,401.0,0,0,0,50,1.0032777,1.0024123109999998,-0.0007693630170468202,50,1.0113421,1.0109610766000001,-0.0008040499145258018,50,0.0181940015,0.018203861560000003,7.687416278511429e-06,50,33.347440444874685,33.365596914916715,-0.0014162519849886476,50,36.43773066141685,36.46262236980786,-7.906495448184214e-05,50,10.457219999999506,10.479531000000193,0.01017696566622622,50,10.457219999999506,10.479531000000193,0.01017696566622622,50,0.9915740860774109,0.9915504395037037,2.8070453101240163e-05,-0.02943315000000002,-0.0002291267481392623,-0.03053675,-0.00019557153757502406,0.00028395700000000135,2.9120533973588945e-06,0.043024920344457485,-0.005675008612735419,0.1475083123777381,-0.006256729650734354,0.2801549999994073,0.006698874909897885,0.2801549999994073,0.006698874909897885,0.0003735422910087216,-3.208208018175361e-05,1.5854622806771996,0.5402362689075579,0.7693630170468202,0.22912674813926226
B2c17,B2,17,5.6C(26%)-4.5C,5.6C(26%)-4.5C,constant_two_step,5.6,26.0,4.5,4.8068669527897,471.0,False,494,494.0,494,0,0,0,0,False,3.904175881261578e-05,99,0.8272146,False,475,20.0,494.0,351.0,351.0,-0.0002038306791621,-0.0012955269024042,6.355897491631779,-0.001091696223242,0.9065638406433892,-0.0004425368770825,6.709825027995656e-06,-0.0016380317417413,,95,95,candidate_knee,331.0,144.0,0.440161397775463,0.0411269905051767,353.0,candidate_knee,2.0,307.0,candidate_knee,-44.0,362.0,candidate_knee,11.0,0.6983122362869199,0.7105263157894737,True,False,True,False,4.5,5.6,False,3.838995431316013,3.2491436353890983,0.1463213871133337,100,False,False,True,1.0196528,0.9323539795399316,251.0,350.0,0,0,0,100,1.04585725,1.0460479129999998,-0.0005178889126912713,100,1.0560268000000002,1.0587328990000002,-0.0006516848154815506,100,0.017785390999999998,0.01778943078,4.89388681668167e-06,100,33.25535579509203,33.263209930752275,0.0020187908190444064,100,36.18370940373334,36.20962766413888,0.003613003034407906,100,10.114770833333022,10.130006666666944,0.002159570597063488,100,10.114770833333022,10.130006666666944,0.002159570597063488,100,0.9894896482862834,0.9880853030851446,0.00011845036366228779,352.0,451.0,0,0,0,100,0.98119977,0.9780725526000001,-0.00097732109162916,100,0.987913695,0.9862993945999999,-0.0009809794957095688,100,0.018417243,0.018505797100000002,1.2055120780078019e-05,100,33.25619769608564,33.24233592061184,-0.0050317067632481985,100,36.407402000000005,36.45535793806968,-0.0004474492404474277,100,10.81381166666591,11.07187738333328,0.024400233533343852,100,10.81381166666591,11.07187738333328,0.024400233533343852,100,0.9917760739307718,0.9916538181087201,-5.405527770511978e-06,-0.06465748000000004,-0.00045943217893788866,-0.06811310500000012,-0.00032929468022801817,0.0006318520000000022,7.1612339633963485e-06,0.0008419009936133648,-0.007050497582292605,0.22369259626666604,-0.004060452274855334,0.6990408333328872,0.022240662936280364,0.6990408333328872,0.022240662936280364,0.0022864256444884434,-0.00012385589143279975,3.552646101511079,0.5178889126912712,0.9773210916291599,0.4594321789378887
B2c18,B2,18,5.2C(50%)-4.25C,5.2C(50%)-4.25C,constant_two_step,5.2,50.0,4.25,4.797829036635006,449.0,False,467,467.0,467,0,0,0,0,False,0.0001133929870129,99,0.82719898,False,448,20.0,467.0,366.0,366.0,-0.0001457792577863,-0.0019227833475675,13.18969088445777,-0.0017770040897812,0.9335534911508988,-0.0003780870295363,7.45018710128817e-05,-0.0020789124323579,,90,90,candidate_knee,346.0,102.0,0.5454942486871434,0.036246188422524,367.0,candidate_knee,1.0,350.0,candidate_knee,-16.0,370.0,candidate_knee,4.0,0.7740492170022372,0.7837259100642399,True,True,True,False,4.25,5.2,False,3.185521875228506,2.436789796444822,0.242799817788045,50,False,False,True,1.0228115,0.9448472409440533,316.0,365.0,0,0,0,50,1.0373599,1.036528328,-0.00045603157743096917,50,1.03452195,1.0341090979999998,-0.000411299510204074,50,0.017086463000000003,0.017104553199999997,6.28292638655468e-06,50,33.61057463901938,33.62239879175186,0.005324935986144601,50,38.47465635170784,38.51734063460269,0.00662652324822163,50,10.299642499999997,10.308991400000096,0.003587361024439849,50,10.299642499999997,10.308991400000096,0.003587361024439849,50,1.0024679301549653,1.0023358565802007,-4.241651171853391e-05,367.0,416.0,0,0,0,50,0.997700095,0.9960652412000001,-0.0011871649795918307,50,0.999186755,0.9979859254,-0.0010564209685474178,50,0.017693969,0.017739305719999997,2.0636028523409455e-05,50,33.67276295822986,33.69591909298016,-0.002527865944242384,50,38.74807489532431,38.80057961442436,0.007407570322537339,50,10.843855833335935,10.923862533333324,0.02547070380153243,50,10.843855833335935,10.923862533333324,0.02547070380153243,50,0.998500008055693,0.9980455314179042,-0.0001336260056798627,-0.03965980499999999,-0.0007311334021608616,-0.03533519500000004,-0.0006451214583433438,0.0006075059999999972,1.4353102136854775e-05,0.062188319210477516,-0.007852801930386986,0.2734185436164651,0.000781047074315709,0.5442133333359376,0.02188334277709258,0.5442133333359376,0.02188334277709258,-0.003967922099272325,-9.120949396132879e-05,3.5554813187492176,0.45603157743096917,1.1871649795918306,0.7311334021608615
B2c18,B2,18,5.2C(50%)-4.25C,5.2C(50%)-4.25C,constant_two_step,5.2,50.0,4.25,4.797829036635006,449.0,False,467,467.0,467,0,0,0,0,False,0.0001133929870129,99,0.82719898,False,448,20.0,467.0,366.0,366.0,-0.0001457792577863,-0.0019227833475675,13.18969088445777,-0.0017770040897812,0.9335534911508988,-0.0003780870295363,7.45018710128817e-05,-0.0020789124323579,,90,90,candidate_knee,346.0,102.0,0.5454942486871434,0.036246188422524,367.0,candidate_knee,1.0,350.0,candidate_knee,-16.0,370.0,candidate_knee,4.0,0.7740492170022372,0.7837259100642399,True,True,True,False,4.25,5.2,False,3.185521875228506,2.436789796444822,0.242799817788045,100,True,True,True,1.0228115,0.9448472409440533,266.0,365.0,0,0,0,100,1.0472834999999998,1.0462581800000001,-0.00039198013561355944,100,1.0436305,1.0425206490000003,-0.00033952681848184994,100,0.016990594,0.01703628373,2.710080150014929e-06,100,33.463381185758266,33.46498443902007,0.006347431238377031,100,38.34377264835351,38.32852458898675,0.007675702674864576,100,10.236179166667473,10.255138533333392,0.0021958641864246735,100,10.236179166667473,10.255138533333392,0.0021958641864246735,100,1.0034320643983845,1.0035717354134281,-4.917021707811361e-05,367.0,466.0,11,0,10,100,0.96046129,0.9476104595,-0.0019407489828382825,100,0.967364695,0.9555004453000001,-0.0017182896035403635,100,0.0183602795,0.01871949496,4.0190340918091696e-05,100,33.5819084366979,33.582230725019514,-0.0038219575665894762,100,38.78839562318092,38.81950882812493,0.0010388842465355345,100,11.805445833333458,13.912719583333237,0.12650116750674972,100,11.805445833333458,13.912719583333237,0.12650116750674972,100,0.9927273432344303,0.9913555888632815,-0.0002521189140790051,-0.08682220999999979,-0.001548768847224723,-0.07626580499999991,-0.0013787627850585136,0.0013696854999999987,3.748026076807677e-05,0.11852725093963556,-0.010169388804966508,0.44462297482741064,-0.0066368184283290416,1.5692666666659854,0.12430530332032505,1.5692666666659854,0.12430530332032505,-0.010704721163954156,-0.0002029486970008915,8.061433873353684,0.39198013561355943,1.9407489828382825,1.548768847224723
B2c19,B2,19,6C(60%)-3C,6C(60%)-3C,constant_two_step,6.0,60.0,3.0,4.8,392.0,False,411,411.0,411,0,0,0,0,False,2.198345701917104e-05,99,0.82597393,False,392,20.0,411.0,308.0,308.0,-0.0001431820071136,-0.0021081029199359,14.723239060771688,-0.0019649209128222,0.9439738224155596,-0.0004817797362947,6.8885199610523205e-06,-0.0024541245608568,,79,79,candidate_knee,288.0,104.0,0.602575596562015,0.0337600073810335,310.0,candidate_knee,2.0,293.0,candidate_knee,-15.0,312.0,candidate_knee,4.0,0.7365728900255755,0.7493917274939172,True,True,True,False,3.0,6.0,False,3.2684243840154523,2.398939559425505,0.2444918134729925,50,False,False,True,1.0391697,0.9489620333802927,258.0,307.0,0,0,0,50,1.0563582,1.0552368440000002,-0.0005937020408163178,50,1.0502395,1.0492977780000003,-0.0005074179063625534,50,0.017213358499999998,0.017224768459999998,4.902161776710779e-06,50,33.16616655116712,33.1690902044594,0.007242753702800657,50,38.21488895789237,38.22212285985339,0.006640792355566302,50,10.206490000001697,10.208145866666689,0.0013322911564644297,50,10.206490000001697,10.208145866666689,0.0013322911564644297,50,1.0055478997971021,1.005651910274074,-7.945584918151104e-05,309.0,358.0,0,0,0,50,1.0161324,1.0115578907999998,-0.0013016359385354117,50,1.016101,1.0124780244,-0.001097707873229292,50,0.017853070999999998,0.0178938954,2.3906964417767222e-05,50,33.431928587460604,33.42801815862483,0.0016393482504899557,50,38.32378109511266,38.37418348087926,-0.0013930543403253644,50,10.45723083333578,10.573666500000051,0.020201168547410307,50,10.45723083333578,10.573666500000051,0.020201168547410307,50,0.9991850257450923,0.9990439766086322,-0.0002034680628132966,-0.04022579999999998,-0.0007079338977190939,-0.03413850000000007,-0.0005902899668667385,0.0006397125000000004,1.9004802641056442e-05,0.2657620362934807,-0.005603405452310702,0.10889213722028757,-0.008033846695891666,0.25074083333408304,0.018868877390945876,0.25074083333408304,0.018868877390945876,-0.006362874052009859,-0.00012401221363178555,3.71637237439748,0.5937020408163177,1.3016359385354117,0.707933897719094
B2c19,B2,19,6C(60%)-3C,6C(60%)-3C,constant_two_step,6.0,60.0,3.0,4.8,392.0,False,411,411.0,411,0,0,0,0,False,2.198345701917104e-05,99,0.82597393,False,392,20.0,411.0,308.0,308.0,-0.0001431820071136,-0.0021081029199359,14.723239060771688,-0.0019649209128222,0.9439738224155596,-0.0004817797362947,6.8885199610523205e-06,-0.0024541245608568,,79,79,candidate_knee,288.0,104.0,0.602575596562015,0.0337600073810335,310.0,candidate_knee,2.0,293.0,candidate_knee,-15.0,312.0,candidate_knee,4.0,0.7365728900255755,0.7493917274939172,True,True,True,False,3.0,6.0,False,3.2684243840154523,2.398939559425505,0.2444918134729925,100,True,True,True,1.0391697,0.9489620333802927,208.0,307.0,0,0,0,100,1.06980515,1.069286144,-0.0005383832715271514,100,1.06089495,1.059727951,-0.0004079124050405079,100,0.0171228805,0.01713513245,3.5104151515152335e-06,100,33.143027535329274,33.14678488681678,0.0015503899569150365,100,38.171654982548205,38.18279216944765,0.00224179313074642,100,10.184138333335675,10.19324781666669,0.0006357947494753276,100,10.184138333335675,10.19324781666669,0.0006357947494753276,100,1.0083840897482834,1.0089802078539347,-0.00011983400334578208,309.0,408.0,9,0,8,100,0.97014278,0.9577495592999999,-0.002113004863186315,100,0.9755559300000001,0.9652517033,-0.0018432842163216333,100,0.018630792,0.019030605,4.6016353183318374e-05,100,33.37643119805414,33.37172020194207,-0.001917056922692037,100,38.263145109871274,38.26695880122691,-0.003725592985454489,100,11.445652499998687,13.582388416666731,0.12588979870987008,100,11.445652499998687,13.582388416666731,0.12588979870987008,100,0.9938131318946681,0.9917347216178573,-0.0003008217993987189,-0.09966237000000011,-0.0015746215916591635,-0.08533901999999993,-0.0014353718112811254,0.0015079115000000004,4.250593803180314e-05,0.2334036627248679,-0.0034674468796070737,0.09149012732306971,-0.005967386116200909,1.2615141666630123,0.12525400396039474,1.2615141666630123,0.12525400396039474,-0.014570957853615285,-0.0001809877960529368,8.806412565923125,0.5383832715271514,2.113004863186315,1.5746215916591635
B2c20,B2,20,5.2C(58%)-4C,5.2C(58%)-4C,constant_two_step,5.2,58.0,4.0,4.803695150115473,489.0,False,506,506.0,506,0,0,0,0,False,2.8384829931972855e-05,99,0.82856864,False,487,20.0,506.0,395.0,395.0,-3.812501278368094e-05,-0.0022143888445424,58.08231087309454,-0.0021762638317587,0.9605931391497192,-0.0003281184289518,5.651185471376896e-05,-0.0023879549632767,,98,98,candidate_knee,375.0,112.0,1.0443113631112353,0.0411530325704916,395.0,candidate_knee,0.0,385.0,candidate_knee,-10.0,396.0,candidate_knee,1.0,0.7716049382716049,0.7806324110671937,True,True,True,False,4.0,5.2,False,3.141376133385447,2.3902136539215455,0.2699879053058943,50,False,False,True,1.0669458,0.9697062731367811,345.0,394.0,0,0,0,50,1.0843715,1.0826997299999999,-0.0005370571092436984,50,1.05849475,1.0578471919999999,-0.00040528581992797265,50,0.017349264500000003,0.01731921244,3.1383629291716288e-06,50,33.793456650076095,33.843925535989115,-0.0010132938106053098,50,38.689642,38.83692345202739,-0.000220480052845108,50,10.187831666665929,10.192004233333359,0.0008820175269874323,50,10.187831666665929,10.192004233333359,0.0008820175269874323,50,1.0237011527769129,1.0234841726643866,-0.00011582391080354445,396.0,445.0,0,0,0,50,1.04112355,1.0384529356,-0.0013852289354141574,50,1.0291583000000002,1.026993904,-0.0008546076350540266,50,0.017663177,0.01771473438,1.731559303721504e-05,50,34.155789632527956,34.14856282344236,0.006148758746501189,50,39.177959856565636,39.30170843056019,0.01214042329633195,50,10.371307499997783,10.418744699999845,0.010757965506198416,50,10.371307499997783,10.418744699999845,0.010757965506198416,50,1.0126254886758577,1.011068112460607,-0.0005092734757246256,-0.043247950000000035,-0.0008481718261704591,-0.029336449999999736,-0.0004493218151260539,0.0003139124999999958,1.4177230108043412e-05,0.36233298245186063,0.0071620525571064984,0.48831785656563653,0.012360903349177058,0.1834758333318547,0.009875947979210984,0.1834758333318547,0.009875947979210984,-0.011075664101055205,-0.00039344956492108114,1.8093706508422633,0.5370571092436983,1.3852289354141574,0.848171826170459
B2c20,B2,20,5.2C(58%)-4C,5.2C(58%)-4C,constant_two_step,5.2,58.0,4.0,4.803695150115473,489.0,False,506,506.0,506,0,0,0,0,False,2.8384829931972855e-05,99,0.82856864,False,487,20.0,506.0,395.0,395.0,-3.812501278368094e-05,-0.0022143888445424,58.08231087309454,-0.0021762638317587,0.9605931391497192,-0.0003281184289518,5.651185471376896e-05,-0.0023879549632767,,98,98,candidate_knee,375.0,112.0,1.0443113631112353,0.0411530325704916,395.0,candidate_knee,0.0,385.0,candidate_knee,-10.0,396.0,candidate_knee,1.0,0.7716049382716049,0.7806324110671937,True,True,True,False,4.0,5.2,False,3.141376133385447,2.3902136539215455,0.2699879053058943,100,True,True,True,1.0669458,0.9697062731367811,295.0,394.0,0,0,0,100,1.0936403000000001,1.091269908,-0.00035022029282927796,100,1.0669626,1.0652289499999998,-0.00029748497449744513,100,0.017361909000000002,0.017330576960000003,-1.2824988898879478e-07,100,33.78766735958169,33.816351204289994,0.0010364436736789264,100,38.61397666122694,38.75140295328208,0.002821565518233159,100,10.176322500000243,10.183074133333243,0.0003854691869200906,100,10.176322500000243,10.183074133333243,0.0003854691869200906,100,1.024865889998646,1.0244351621467025,-4.298011353447837e-05,396.0,495.0,0,0,0,100,0.99610999,0.9848248703,-0.002124133373357336,100,1.00189675,0.9933125946,-0.001351060180017995,100,0.0181975075,0.01844574891,2.95987763516353e-05,100,34.35028118659408,34.379135860318755,0.008732230872313227,100,39.37267004732102,39.5100249468635,0.008976179431398229,100,10.81774999999907,11.720374566666552,0.05821639989999678,100,10.81774999999907,11.720374566666552,0.05821639989999678,100,0.9950612742997501,0.9905260486443277,-0.0008001420853377534,-0.09753031000000012,-0.0017739130805280582,-0.06506585000000009,-0.0010535752055205498,0.0008355984999999996,2.9727026240624093e-05,0.5626138270123917,0.007695787198634301,0.7586933860940803,0.006154613913165069,0.6414274999988265,0.05783093071307669,0.6414274999988265,0.05783093071307669,-0.02980461569889592,-0.000757161971803275,4.812826170209736,0.35022029282927797,2.124133373357336,1.7739130805280583
B2c21,B2,21,6C(60%)-3C,6C(60%)-3C,constant_two_step,6.0,60.0,3.0,4.8,408.0,False,426,426.0,425,0,0,0,1,False,3.146870656387434e-05,98,0.82783753,False,406,20.0,426.0,309.0,309.0,-0.000132596256343,-0.0019181990941688,14.466464944571202,-0.0017856028378257,0.946771060156498,-0.0004941626910452,2.216412873533581e-05,-0.0022839389696999,,81,82,candidate_knee,288.0,118.0,0.6542180595221035,0.0348233337348347,310.0,candidate_knee,1.0,294.0,candidate_knee,-15.0,313.0,candidate_knee,4.0,0.7118226600985221,0.7253521126760564,True,True,True,False,3.0,6.0,False,3.2514962994171803,2.3833708109336693,0.2417619661486721,50,False,False,True,1.0482705,0.9507895639314908,259.0,308.0,0,0,0,50,1.06646775,1.064742236,-0.0005755616230492185,50,1.0606046,1.059252444,-0.000499102108043226,50,0.017738656,0.01774958274,7.105009603841459e-06,50,34.07923808188768,34.07825251649828,0.005598636887587565,50,40.773046194930615,40.75035985868837,0.006241060323833711,50,10.222034166667921,10.227660066667168,0.0018382658663326182,50,10.222034166667921,10.227660066667168,0.0018382658663326182,50,1.0051851105710092,1.0051757984999052,-6.974745468259447e-05,310.0,359.0,0,0,0,50,1.0266229,1.0239278016,-0.0011612905296518549,50,1.0271174,1.0244826208,-0.0009771254943577443,50,0.018337205,0.01838280928,1.9937422617046758e-05,50,34.22780173726802,34.23017507857966,0.000438806151889116,50,40.785444,40.757925344822986,-0.007109043051974046,50,10.458438333331529,10.548104533333564,0.01612613957581773,50,10.458438333331529,10.548104533333564,0.01612613957581773,50,0.9996326025793698,0.9994219019360834,-0.0001809451342250728,-0.03984484999999993,-0.0005857289066026364,-0.03348719999999994,-0.0004780233863145183,0.0005985490000000003,1.28324130132053e-05,0.148563655380336,-0.005159830735698449,0.012397805069383594,-0.013350103375807758,0.23640416666360764,0.014287873709485113,0.23640416666360764,0.014287873709485113,-0.0055525079916394215,-0.00011119767954247833,3.3742635293226293,0.5755616230492185,1.1612905296518548,0.5857289066026362
B2c21,B2,21,6C(60%)-3C,6C(60%)-3C,constant_two_step,6.0,60.0,3.0,4.8,408.0,False,426,426.0,425,0,0,0,1,False,3.146870656387434e-05,98,0.82783753,False,406,20.0,426.0,309.0,309.0,-0.000132596256343,-0.0019181990941688,14.466464944571202,-0.0017856028378257,0.946771060156498,-0.0004941626910452,2.216412873533581e-05,-0.0022839389696999,,81,82,candidate_knee,288.0,118.0,0.6542180595221035,0.0348233337348347,310.0,candidate_knee,1.0,294.0,candidate_knee,-15.0,313.0,candidate_knee,4.0,0.7118226600985221,0.7253521126760564,True,True,True,False,3.0,6.0,False,3.2514962994171803,2.3833708109336693,0.2417619661486721,100,True,True,True,1.0482705,0.9507895639314908,209.0,308.0,0,0,0,100,1.07895315,1.0784386439999998,-0.0005151233351335188,100,1.07093835,1.06920563,-0.0003890835955595537,100,0.0176056865,0.01763153391,4.767145328532849e-06,100,34.124658148676,34.10530135513628,-0.0005904485518399465,100,40.75332374601558,40.744842057939124,0.0009874802929682681,100,10.19149416666866,10.203477066666935,0.000985171217128527,100,10.19149416666866,10.203477066666935,0.000985171217128527,100,1.007597892406546,1.0085990933547897,-0.00011500402759545324,310.0,409.0,0,0,0,100,0.988695115,0.9792834306,-0.0017712809952595237,100,0.9942577749999999,0.9859306875,-0.0015232354236423672,100,0.0189751445,0.019276955119999998,3.585985090909084e-05,100,34.13843703081835,33.91930019606909,-0.012596097745701505,100,40.53145179308557,39.98736574500172,-0.03142451043312447,100,11.223117500000322,12.592425300000118,0.08790077469746202,100,11.223117500000322,12.592425300000118,0.08790077469746202,100,0.9944022989374279,0.9929054364731006,-0.0002663940019055423,-0.09025803500000007,-0.001256157660126005,-0.07668057500000014,-0.0011341518280828136,0.0013694580000000005,3.109270558055799e-05,0.01377888214235412,-0.012005649193861559,-0.22187195293000883,-0.032411990726092736,1.0316233333316625,0.08691560348033349,1.0316233333316625,0.08691560348033349,-0.013195593469118139,-0.00015138997431008903,7.778498157399319,0.5151233351335188,1.7712809952595236,1.256157660126005
B2c24,B2,24,4.8C(80%)-4.8C,4.8C(80%)-4.8C,constant_two_step,4.8,80.0,4.8,4.8,514.0,False,536,536.0,536,0,0,0,0,False,4.325509709338285e-05,99,0.82615805,False,517,20.0,536.0,398.0,398.0,-0.0001046262785364,-0.0015896498356299,15.19360009614413,-0.0014850235570935,0.9483464555907654,-0.0003672455868522,6.184932999039778e-05,-0.0018456800166702,,104,104,candidate_knee,378.0,139.0,0.8080815077686837,0.041740274047811,399.0,candidate_knee,1.0,383.0,candidate_knee,-15.0,402.0,candidate_knee,4.0,0.7325581395348837,0.7425373134328358,True,True,True,False,,4.8,False,3.1191485821986458,2.380898959697415,0.0,50,False,False,True,1.0445418,0.9528356558818257,348.0,397.0,0,0,0,50,1.0604797000000001,1.059366756,-0.0004847273085234149,50,1.0502147000000002,1.049348212,-0.00034490299159665284,50,0.016939658500000003,0.01694911064,7.0571064585833584e-06,50,34.564953946398816,34.570630451826474,0.004164943701084607,50,41.502504,41.49873578111622,0.002904960801438166,50,10.34768833333122,10.355851966666524,0.0032167246898822457,50,10.34768833333122,10.355851966666524,0.0032167246898822457,50,1.009536789398655,1.0095385226060636,-0.00013020864601916705,399.0,448.0,0,0,0,50,1.02874745,1.025541972,-0.0008940896518607355,50,1.02600295,1.02487947,-0.0006231817478991614,50,0.01748504,0.017488009479999997,1.4073881104441936e-05,50,34.851138375257456,34.849245831312516,0.006137517317731494,50,41.793078819394225,41.80186253465925,0.009872644762798383,50,10.64364250000023,10.676541733333451,0.010555121728721334,50,10.64364250000023,10.676541733333451,0.010555121728721334,50,1.001102408198939,1.0006125269331008,-0.000264409197449782,-0.03173225000000013,-0.00040936234333732057,-0.024211750000000087,-0.0002782787563025086,0.0005453814999999973,7.016774645858578e-06,0.2861844288586397,0.0019725736166468872,0.290574819394223,0.006967683961360218,0.2959541666690093,0.007338397038839088,0.2959541666690093,0.007338397038839088,-0.008434381199716068,-0.00013420055143061497,3.2195542784997535,0.4847273085234149,0.8940896518607354,0.4093623433373205
B2c24,B2,24,4.8C(80%)-4.8C,4.8C(80%)-4.8C,constant_two_step,4.8,80.0,4.8,4.8,514.0,False,536,536.0,536,0,0,0,0,False,4.325509709338285e-05,99,0.82615805,False,517,20.0,536.0,398.0,398.0,-0.0001046262785364,-0.0015896498356299,15.19360009614413,-0.0014850235570935,0.9483464555907654,-0.0003672455868522,6.184932999039778e-05,-0.0018456800166702,,104,104,candidate_knee,378.0,139.0,0.8080815077686837,0.041740274047811,399.0,candidate_knee,1.0,383.0,candidate_knee,-15.0,402.0,candidate_knee,4.0,0.7325581395348837,0.7425373134328358,True,True,True,False,,4.8,False,3.1191485821986458,2.380898959697415,0.0,100,False,False,True,1.0445418,0.9528356558818257,298.0,397.0,0,0,0,100,1.0703486,1.0688442209999998,-0.0003785866468646892,100,1.0571484999999998,1.0560471580000002,-0.00026812511971197224,100,0.0167887605,0.016812887589999995,5.426873777377778e-06,100,34.533727238042374,34.5402436427049,0.0019175860868954476,100,41.41731178634089,41.43161919436817,0.0031007019957750882,100,10.286288333333019,10.299959950000048,0.002272263096305346,100,10.286288333333019,10.299959950000048,0.002272263096305346,100,1.0123155758976732,1.0120958960887092,-0.00010172458601001626,399.0,498.0,0,0,0,100,0.9992139149999999,0.9920665886999999,-0.001345971263066309,100,1.0074092000000001,1.0011015464,-0.0009623115805580594,100,0.017853199,0.017965403459999998,1.9315290285028563e-05,100,34.928593837795596,34.90563406250364,0.0024274329752098926,100,42.023820331780094,41.954083757878706,0.005853359792620625,100,11.00527416666737,11.31136646666692,0.02657213047305486,100,11.00527416666737,11.31136646666692,0.02657213047305486,100,0.99240151275312,0.9906484107797624,-0.00039573950340537087,-0.07113468500000009,-0.0009673846162016198,-0.04973929999999971,-0.0006941864608460872,0.0010644385000000006,1.3888416507650784e-05,0.3948665997532217,0.000509846888314445,0.6065085454392047,0.002752657796845537,0.7189858333343508,0.024299867376749513,0.7189858333343508,0.024299867376749513,-0.01991406314455313,-0.0002940149173953546,6.340185149463539,0.3785866468646892,1.345971263066309,0.9673846162016198
B2c25,B2,25,5.2C(58%)-4C,5.2C(58%)-4C,constant_two_step,5.2,58.0,4.0,4.803695150115473,493.0,False,511,511.0,511,0,0,0,0,False,3.860060482374758e-05,99,0.82751423,False,492,20.0,511.0,398.0,398.0,-5.770379846645839e-05,-0.0021319119987178,36.94578269326712,-0.0020742082002513,0.9596922610735856,-0.0003379273067195,5.694549536178066e-05,-0.0023184056399505,,99,99,candidate_knee,378.0,114.0,0.9948132570693338,0.0400986730464865,399.0,candidate_knee,1.0,388.0,candidate_knee,-10.0,400.0,candidate_knee,2.0,0.769857433808554,0.7788649706457925,True,True,True,False,4.0,5.2,False,3.1420865217633893,2.394605930265739,0.2699655412134021,50,False,False,True,1.0632302,0.9646060772992958,348.0,397.0,0,0,0,50,1.0798622,1.07922988,-0.0004990557983193248,50,1.05570355,1.05529145,-0.0004206705450180064,50,0.017109098000000003,0.01710930348,2.501747322929297e-06,50,32.61878439995923,32.64275048880954,-0.002646375787565595,50,35.625268965003286,35.65018064501757,-0.00760718535984713,50,10.183934166666585,10.188142699999656,0.0008053732693212122,50,10.183934166666585,10.188142699999656,0.0008053732693212122,50,1.0230501737618847,1.0226783668225112,-6.537044041690595e-05,399.0,448.0,0,0,0,50,1.03817575,1.0356626832,-0.0013085594890756265,50,1.02571705,1.0239430919999999,-0.0008322910348139329,50,0.017494655,0.017539559119999996,1.7600831692677226e-05,50,32.76928469975658,32.77296105297082,0.0020420715457850447,50,35.85386237384165,35.89563508776584,0.0011022617119136441,50,10.334479166666277,10.380896533333386,0.009166424649835884,50,10.334479166666277,10.380896533333386,0.009166424649835884,50,1.013477745691649,1.0113668744764044,-0.0004573344220586275,-0.04168645000000004,-0.0008095036907563017,-0.029986500000000138,-0.00041162048979592644,0.0003855569999999982,1.5099084369747929e-05,0.15050029979735058,0.00468844733335064,0.2285934088383641,0.008709447071760775,0.15054499999969195,0.008361051380514671,0.15054499999969195,0.008361051380514671,-0.009572428070235617,-0.0003919639816417216,2.2535203200075076,0.4990557983193248,1.3085594890756265,0.8095036907563017
B2c25,B2,25,5.2C(58%)-4C,5.2C(58%)-4C,constant_two_step,5.2,58.0,4.0,4.803695150115473,493.0,False,511,511.0,511,0,0,0,0,False,3.860060482374758e-05,99,0.82751423,False,492,20.0,511.0,398.0,398.0,-5.770379846645839e-05,-0.0021319119987178,36.94578269326712,-0.0020742082002513,0.9596922610735856,-0.0003379273067195,5.694549536178066e-05,-0.0023184056399505,,99,99,candidate_knee,378.0,114.0,0.9948132570693338,0.0400986730464865,399.0,candidate_knee,1.0,388.0,candidate_knee,-10.0,400.0,candidate_knee,2.0,0.769857433808554,0.7788649706457925,True,True,True,False,4.0,5.2,False,3.1420865217633893,2.394605930265739,0.2699655412134021,100,True,True,True,1.0632302,0.9646060772992958,298.0,397.0,0,0,0,100,1.08990375,1.087794881,-0.00035310301650164766,100,1.0652404500000001,1.063147733,-0.000318762898889891,100,0.017091832,0.017092874250000004,7.740163876387491e-07,100,32.66199084798471,32.67241343382611,-0.0011657942031197102,100,35.62155081924605,35.64079938221082,-0.000993385917194825,100,10.175025000000218,10.18076141666629,0.00032726757676151714,100,10.175025000000218,10.18076141666629,0.00032726757676151714,100,1.0233362294020238,1.023176042642473,-2.5487032391566858e-05,399.0,498.0,0,0,0,100,0.997363065,0.9849736816000001,-0.002016775083348332,100,1.00091025,0.9918260769999999,-0.0012953023098709877,100,0.0180928365,0.01836560382,3.3416972061206064e-05,100,32.87877819274253,32.87479493028714,0.003644213868549264,100,35.929902642440695,35.9541943868667,0.002216980427925257,100,10.7164058333321,11.60624383333345,0.054273015961594895,100,10.7164058333321,11.60624383333345,0.054273015961594895,100,0.9960857905887579,0.9922561590592892,-0.0007462266288586433,-0.0925406849999999,-0.0016636720668466842,-0.06433020000000012,-0.0009765394109810967,0.0010010044999999995,3.264295567356732e-05,0.2167873447578188,0.004810008071668974,0.3083518231946414,0.003210366345120082,0.5413808333318819,0.053945748384833375,0.5413808333318819,0.053945748384833375,-0.027250438813265943,-0.0007207395964670764,5.856624965656106,0.35310301650164766,2.0167750833483318,1.6636720668466842
B2c26,B2,26,5.6C(26%)-4.5C,5.6C(26%)-4.5C,constant_two_step,5.6,26.0,4.5,4.8068669527897,450.0,False,476,476.0,476,0,0,0,0,False,-1.223195670995654e-05,99,0.82529837,False,457,20.0,476.0,352.0,352.0,-0.0002179644654013,-0.0016922785108447,7.764011017707513,-0.0014743140454434,0.9324936046725012,-0.0004866028314852,1.940354407163595e-05,-0.0019787796892483,,92,92,candidate_knee,332.0,125.0,0.5774963627840927,0.0389846977662955,352.0,candidate_knee,0.0,328.0,candidate_knee,-24.0,357.0,candidate_knee,5.0,0.7280701754385965,0.7394957983193278,True,False,True,False,4.5,5.6,False,3.6654280885937505,3.0114755766632015,0.1308704666949795,50,False,False,True,1.0258126,0.928504997690533,302.0,351.0,0,0,0,50,1.0425863999999998,1.04227786,-0.0006023304681872737,50,1.0745125999999998,1.07439968,-0.0006322081152460929,50,0.0188272245,0.018825539199999998,7.812771860744413e-06,50,31.88926895645392,31.91013114741197,-0.0023402672010624927,50,33.782436248091216,33.83209867628819,0.00670643462055479,50,10.306769999999474,10.314412333333246,0.004727600000001187,50,10.306769999999474,10.314412333333246,0.004727600000001187,50,0.9699919612559558,0.9701065050115021,1.02006324273338e-05,353.0,402.0,0,0,0,50,1.0027062,1.0035454008,-0.000998023921248496,50,1.03517585,1.034475064,-0.001051402583433372,50,0.0193531355,0.01938842862,1.5815690804321742e-05,50,31.667354781556725,31.684362688882867,-0.008015681877236268,50,33.3811285,33.458356831720664,-0.005724406217085707,50,10.784057499999957,10.813210466666689,0.018099548459399473,50,10.784057499999957,10.813210466666689,0.018099548459399473,50,0.9703773811949479,0.9701076305423924,2.0916990648767646e-05,-0.03988019999999981,-0.00039569345306122224,-0.03933674999999992,-0.0004191944681872791,0.0005259110000000004,8.002918943577329e-06,-0.22191417489719356,-0.005675414676173775,-0.40130774809121306,-0.012430840837640497,0.47728750000048237,0.013371948459398287,0.47728750000048237,0.013371948459398287,0.00038541993899210425,1.0716358221433846e-05,2.7933538477750686,0.6023304681872736,0.9980239212484959,0.3956934530612223
B2c26,B2,26,5.6C(26%)-4.5C,5.6C(26%)-4.5C,constant_two_step,5.6,26.0,4.5,4.8068669527897,450.0,False,476,476.0,476,0,0,0,0,False,-1.223195670995654e-05,99,0.82529837,False,457,20.0,476.0,352.0,352.0,-0.0002179644654013,-0.0016922785108447,7.764011017707513,-0.0014743140454434,0.9324936046725012,-0.0004866028314852,1.940354407163595e-05,-0.0019787796892483,,92,92,candidate_knee,332.0,125.0,0.5774963627840927,0.0389846977662955,352.0,candidate_knee,0.0,328.0,candidate_knee,-24.0,357.0,candidate_knee,5.0,0.7280701754385965,0.7394957983193278,True,False,True,False,4.5,5.6,False,3.6654280885937505,3.0114755766632015,0.1308704666949795,100,True,True,True,1.0258126,0.928504997690533,252.0,351.0,0,0,0,100,1.0568639,1.0541995949999998,-0.0004770211215121542,100,1.09133755,1.0871376879999999,-0.0005011012877287762,100,0.0186475675,0.018639580279999998,7.562915031503163e-06,100,31.90535721029834,31.946821547048394,-0.0019449317435649765,100,33.771748704318156,33.82731794185961,0.0006002036967540571,100,10.203697499997602,10.23058633333336,0.0033605728772843598,100,10.203697499997602,10.23058633333336,0.0033605728772843598,100,0.9696200217823223,0.9697083741739055,8.328369633157596e-06,353.0,452.0,0,0,0,100,0.9736443450000001,0.9654011943999998,-0.0015222159768376812,100,1.00458895,0.9975495038,-0.0014741608903690363,100,0.019813228500000002,0.01989522668,2.0484968496849635e-05,100,31.586292752840215,31.6059008108188,-0.003607600611230206,100,33.34238699808728,33.410211107395625,-0.0021915517089068017,100,11.397595833333131,12.022850333333402,0.05122015233523438,100,11.397595833333131,12.022850333333402,0.05122015233523438,100,0.9684519849038786,0.9676429385172566,-9.902444512536995e-05,-0.08321955499999989,-0.0010451948553255271,-0.08674859999999995,-0.00097305960264026,0.0011656610000000019,1.2922053465346472e-05,-0.3190644574581256,-0.0016626688676652296,-0.4293617062308783,-0.002791755405660859,1.1938983333355289,0.04785957945795002,1.1938983333355289,0.04785957945795002,-0.00116803687844369,-0.00010735281475852754,6.251008341972764,0.4770211215121542,1.5222159768376813,1.045194855325527
B2c27,B2,27,5.2C(50%)-4.25C,5.2C(50%)-4.25C,constant_two_step,5.2,50.0,4.25,4.797829036635006,474.0,False,493,493.0,493,0,0,0,0,False,8.322792949907228e-05,99,0.8266983,False,474,20.0,493.0,376.0,376.0,-6.129539019185238e-05,-0.0020674581950867,33.72942383783978,-0.0020061628048949,0.960717418105759,-0.0003700060813811,0.000101032649776,-0.0022943584463885,,95,95,candidate_knee,356.0,118.0,0.9637704283604576,0.0378593907793174,377.0,candidate_knee,1.0,366.0,candidate_knee,-10.0,379.0,candidate_knee,3.0,0.7526427061310782,0.7626774847870182,True,True,True,False,4.25,5.2,False,3.133868226431411,2.3818937114038796,0.2344914032485032,50,False,False,True,1.0620784,0.9672209168031027,326.0,375.0,0,0,0,50,1.07855445,1.076401426,-0.0004969119567827181,50,1.0569201499999998,1.055708518,-0.00035830262184874157,50,0.0181626745,0.018186032640000002,5.7931549579830426e-06,50,34.116601333246976,34.12509486438884,-0.00013924669984248603,50,41.10227326022439,41.12904194901356,0.002439071955513119,50,10.23248916666683,10.242331699999902,0.002089186794742211,50,10.23248916666683,10.242331699999902,0.002089186794742211,50,1.0198484253915088,1.0195920856171679,-0.000124734861048152,377.0,426.0,0,0,0,50,1.0354934,1.0336817898,-0.0013787375082833205,50,1.02788145,1.026584638,-0.0008728511644657941,50,0.018707956499999998,0.0187424196,1.6735732340936457e-05,50,34.19093585406519,34.20585317088131,0.003730844966842919,50,41.2926085,41.32825116525162,0.003369067244177093,50,10.533204999998755,10.574888999999812,0.013624515886348111,50,10.533204999998755,10.574888999999812,0.013624515886348111,50,1.0078518651596928,1.0068258057840749,-0.0004883317260678329,-0.043061049999999934,-0.0008818255515006024,-0.029038699999999862,-0.0005145485426170525,0.0005452819999999976,1.0942577382953414e-05,0.07433452081821201,0.003870091666685405,0.19033523977560662,0.0009299952886639741,0.30071583333192464,0.0115353290916059,0.30071583333192464,0.0115353290916059,-0.011996560231815945,-0.0003635968650196809,3.00221203655881,0.4969119567827181,1.3787375082833204,0.8818255515006024
B2c27,B2,27,5.2C(50%)-4.25C,5.2C(50%)-4.25C,constant_two_step,5.2,50.0,4.25,4.797829036635006,474.0,False,493,493.0,493,0,0,0,0,False,8.322792949907228e-05,99,0.8266983,False,474,20.0,493.0,376.0,376.0,-6.129539019185238e-05,-0.0020674581950867,33.72942383783978,-0.0020061628048949,0.960717418105759,-0.0003700060813811,0.000101032649776,-0.0022943584463885,,95,95,candidate_knee,356.0,118.0,0.9637704283604576,0.0378593907793174,377.0,candidate_knee,1.0,366.0,candidate_knee,-10.0,379.0,candidate_knee,3.0,0.7526427061310782,0.7626774847870182,True,True,True,False,4.25,5.2,False,3.133868226431411,2.3818937114038796,0.2344914032485032,100,True,True,True,1.0620784,0.9672209168031027,276.0,375.0,0,0,0,100,1.0872408999999998,1.0853025859999998,-0.00036007620882087577,100,1.0640979000000002,1.0625258119999998,-0.00027298180498049957,100,0.0180930445,0.0181120057,3.1387404980498507e-06,100,34.04113289511889,34.04281707781858,0.0033328037414140344,100,41.00287617656792,41.002247556545136,0.005117124539689799,100,10.201691666666495,10.214233116666632,0.0011361077607756399,100,10.201691666666495,10.214233116666632,0.0011361077607756399,100,1.0219613310183093,1.0214193155628266,-7.668455310790752e-05,377.0,476.0,0,0,0,100,0.99446061,0.9854182986999999,-0.001928003455445545,100,1.0023338000000002,0.9953272423000001,-0.0012563048007800746,100,0.019266948,0.019493236339999997,3.0138653621362087e-05,100,34.26880187554779,34.26409657296868,0.002772390476489407,100,41.313525999999996,41.36340133810606,0.0012499780539349072,100,11.03303166666689,11.771209316666663,0.051544569006907334,100,11.03303166666689,11.771209316666663,0.051544569006907334,100,0.9927450053732021,0.9892975588713873,-0.0006951404002234358,-0.09278028999999988,-0.0015679272466246692,-0.06176409999999999,-0.000983322995799575,0.0011739035000000002,2.6999913123312237e-05,0.22766898042889494,-0.0005604132649246274,0.3106498234320725,-0.0038671464857548913,0.8313400000003952,0.05040846124613169,0.8313400000003952,0.05040846124613169,-0.029216325645107233,-0.0006184558471155283,6.488147973106463,0.36007620882087576,1.928003455445545,1.5679272466246692
B2c28,B2,28,4.8C(80%)-4.8C,4.8C(80%)-4.8C,constant_two_step,4.8,80.0,4.8,4.8,437.0,False,456,456.0,456,0,0,0,0,False,5.740212987012978e-05,99,0.82741743,False,437,20.0,456.0,334.0,334.0,-0.0001697259096982,-0.0016809067432997,9.90365434651912,-0.0015111808336014,0.9310126023514766,-0.0004593912591434,5.462354531365604e-05,-0.0020274237944683,,88,88,candidate_knee,314.0,123.0,0.560253217387864,0.0386504114918011,335.0,candidate_knee,1.0,316.0,candidate_knee,-18.0,340.0,candidate_knee,6.0,0.7201834862385321,0.7324561403508771,True,True,True,False,,4.8,False,3.1237261572666855,2.382830995233404,0.0,50,False,False,True,1.033703,0.943875242645177,284.0,333.0,0,0,0,50,1.0504672,1.0497632220000002,-0.0005939253157262911,50,1.0392556000000002,1.03882054,-0.0004258390588235362,50,0.016950289,0.016958706479999995,9.644047346938606e-06,50,32.66501251812471,32.67026180607347,0.003560288641348602,50,37.35311126179133,37.34146991824139,0.006846461219582097,50,10.420420833333628,10.433502566666965,0.004628943977584495,50,10.420420833333628,10.433502566666965,0.004628943977584495,50,1.0108854799247622,1.0105201212848154,-0.00015764659443028286,335.0,384.0,0,0,0,50,1.0126913000000002,1.0117207366,-0.0009469071198079273,50,1.01244215,1.0122849712,-0.0006685318117647006,50,0.017641416,0.017663813799999997,1.9175320720288084e-05,50,32.7439323374531,32.75162161539837,-0.001646044648026964,50,37.43234298582627,37.45040811895024,-1.2118030047508498e-05,50,10.830527499999153,10.865579333333065,0.014961207523019432,50,10.830527499999153,10.865579333333065,0.014961207523019432,50,0.9995187772334284,0.9994047040984423,-0.00027563562512116174,-0.03777589999999975,-0.0003529818040816363,-0.026813450000000127,-0.00024269275294116436,0.0006911269999999997,9.531273373349478e-06,0.07891981932839087,-0.005206333289375566,0.0792317240349405,-0.006858579249629605,0.4101066666655253,0.010332263545434938,0.4101066666655253,0.010332263545434938,-0.011366702691333774,-0.00011798903069087889,4.077375907867999,0.593925315726291,0.9469071198079273,0.35298180408163626
B2c28,B2,28,4.8C(80%)-4.8C,4.8C(80%)-4.8C,constant_two_step,4.8,80.0,4.8,4.8,437.0,False,456,456.0,456,0,0,0,0,False,5.740212987012978e-05,99,0.82741743,False,437,20.0,456.0,334.0,334.0,-0.0001697259096982,-0.0016809067432997,9.90365434651912,-0.0015111808336014,0.9310126023514766,-0.0004593912591434,5.462354531365604e-05,-0.0020274237944683,,88,88,candidate_knee,314.0,123.0,0.560253217387864,0.0386504114918011,335.0,candidate_knee,1.0,316.0,candidate_knee,-18.0,340.0,candidate_knee,6.0,0.7201834862385321,0.7324561403508771,True,True,True,False,,4.8,False,3.1237261572666855,2.382830995233404,0.0,100,False,False,True,1.033703,0.943875242645177,234.0,333.0,0,0,0,100,1.0616608,1.0602458609999998,-0.0004291274257425743,100,1.0484746,1.046611989,-0.00031526161236124,100,0.0167404645,0.01675887442,8.079524596459605e-06,100,32.548658685764806,32.53124542376097,0.004495360871224656,100,37.1166188590787,37.1187903905459,0.007563523403868608,100,10.336318333334445,10.35627248333375,0.003148700080003234,100,10.336318333334445,10.35627248333375,0.003148700080003234,100,1.0133274158655308,1.0129992828841647,-0.00010517725329267546,335.0,434.0,0,0,0,100,0.9846583600000001,0.9744311414000002,-0.0014865749629762997,100,0.9937182950000001,0.9855319387,-0.0010766009187518752,100,0.0181890865,0.01832814204,2.6640584674467457e-05,100,32.671793677294275,32.675164037875504,-0.0033077509180412805,100,37.40318609259407,37.414716933328634,-0.0012764910021611214,100,11.356455000001006,11.852677049999706,0.04123476314631626,100,11.356455000001006,11.852677049999706,0.04123476314631626,100,0.9901770216000461,0.9883300539125,-0.0004330810349811409,-0.07700244,-0.0010574475372337254,-0.05475630499999995,-0.0007613393063906352,0.001448622,1.856106007800785e-05,0.12313499152946861,-0.007803111789265937,0.2865672335153704,-0.00884001440602973,1.020136666666561,0.03808606306631303,1.020136666666561,0.03808606306631303,-0.02315039426548471,-0.0003279037816884654,8.653415799782616,0.4291274257425743,1.4865749629762997,1.0574475372337253
B2c29,B2,29,5.2C(58%)-4C,5.2C(58%)-4C,constant_two_step,5.2,58.0,4.0,4.803695150115473,452.0,False,470,470.0,470,0,0,0,0,False,0.0001200828880643,99,0.82541627,False,451,20.0,470.0,352.0,352.0,-7.15181511728242e-05,-0.0021154729511445,29.57952514785415,-0.0020439547999717,0.958727276664595,-0.0004206881813269,0.0001167592052874,-0.0024150985275521,,91,91,candidate_knee,332.0,119.0,0.968563946394128,0.0399752717921728,353.0,candidate_knee,1.0,342.0,candidate_knee,-10.0,355.0,candidate_knee,3.0,0.7377777777777778,0.7489361702127659,True,True,True,False,4.0,5.2,False,3.095792693801408,2.331694966000355,0.2619555036024281,50,False,False,True,1.0711086,0.9651127733916104,302.0,351.0,0,0,0,50,1.08713015,1.086702512,-0.000530155265306126,50,1.06329785,1.062447536,-0.0004247998751500573,50,0.0171363895,0.01715042304,2.8593680672266376e-06,50,31.990608328599123,31.99666036443743,-0.00013261118774463192,50,35.63839426992052,35.61846004673067,0.0019396507838429122,50,10.190064166666708,10.195445966666409,0.0010530677070896394,50,10.190064166666708,10.195445966666409,0.0010530677070896394,50,1.0225647637971251,1.0228213939861766,-9.028037670081268e-05,353.0,402.0,0,0,0,50,1.0428755,1.0420556159999999,-0.0013392958559423805,50,1.0315821,1.0309974080000002,-0.0008303578679471719,50,0.017658946000000002,0.017708044200000002,2.059023423769516e-05,50,32.044694557180875,32.06165395974193,0.005716784626631273,50,35.76353769493451,35.767551626821536,0.006017427680113954,50,10.386501666666785,10.42519943333293,0.010870662264916777,50,10.386501666666785,10.42519943333293,0.010870662264916777,50,1.0117863750558427,1.0106435340688518,-0.00048607417318443513,-0.04425464999999984,-0.0008091405906362545,-0.03171575000000004,-0.0004055579927971146,0.0005225565000000001,1.7730866170468522e-05,0.054086228581752493,0.005849395814375905,0.1251434250139951,0.004077776896271042,0.19643750000007643,0.009817594557827138,0.19643750000007643,0.009817594557827138,-0.010778388741282452,-0.00039579379648362246,3.0493967238548128,0.530155265306126,1.3392958559423804,0.8091405906362544
B2c29,B2,29,5.2C(58%)-4C,5.2C(58%)-4C,constant_two_step,5.2,58.0,4.0,4.803695150115473,452.0,False,470,470.0,470,0,0,0,0,False,0.0001200828880643,99,0.82541627,False,451,20.0,470.0,352.0,352.0,-7.15181511728242e-05,-0.0021154729511445,29.57952514785415,-0.0020439547999717,0.958727276664595,-0.0004206881813269,0.0001167592052874,-0.0024150985275521,,91,91,candidate_knee,332.0,119.0,0.968563946394128,0.0399752717921728,353.0,candidate_knee,1.0,342.0,candidate_knee,-10.0,355.0,candidate_knee,3.0,0.7377777777777778,0.7489361702127659,True,True,True,False,4.0,5.2,False,3.095792693801408,2.331694966000355,0.2619555036024281,100,True,False,True,1.0711086,0.9651127733916104,252.0,351.0,0,0,0,100,1.09857635,1.0965484220000001,-0.0003914751935193451,100,1.0720022999999999,1.070645001,-0.00032991962496249806,100,0.0171299085,0.017137789219999998,6.725927752774276e-07,100,31.95000310535287,31.909276039255502,0.003499677752622629,100,35.536688925060446,35.52007568102336,0.0042911991232649814,100,10.177109999999328,10.184458916666529,0.0004705156415577332,100,10.177109999999328,10.184458916666529,0.0004705156415577332,100,1.0246596791970473,1.024180162227107,-5.033825868247069e-05,353.0,452.0,0,0,0,100,1.0032524999999999,0.9930652815000001,-0.001956094147314724,100,1.0077517,0.9998725200000002,-0.0012605991956795703,100,0.018303317,0.01855393763,3.405930711671167e-05,100,32.12938276837474,32.107980886123215,0.0018265422489863554,100,35.80225487058566,35.79459870986357,0.0013133171135062288,100,10.822984166666476,11.503336299999617,0.0465498250025,100,10.822984166666476,11.503336299999617,0.0465498250025,100,0.9955349985886772,0.9924269956702132,-0.0007123894267262892,-0.09532385000000021,-0.0015646189537953789,-0.06425059999999982,-0.0009306795707170721,0.0011734085000000005,3.338671434143424e-05,0.17937966302186936,-0.0016731355036362734,0.2655659455252106,-0.0029778820097587527,0.6458741666671486,0.04607930936094227,0.6458741666671486,0.04607930936094227,-0.029124680608370035,-0.0006620511680438185,6.8500570216122325,0.3914751935193451,1.956094147314724,1.564618953795379
B2c30,B2,30,5.6C(26%)-4.5C,5.6C(26%)-4.5C,constant_two_step,5.6,26.0,4.5,4.8068669527897,412.0,False,429,429.0,429,0,0,0,0,False,-8.503881385281397e-05,99,0.82665932,False,410,20.0,429.0,331.0,331.0,-0.0002036524870203,-0.0019175717832125,9.415901623735891,-0.0017139192961922,0.9287171070266504,-0.0004528840112577,-8.026784101174456e-05,-0.0021586022802864,26.89249209992601,82,82,candidate_knee,311.0,99.0,0.4418839224429787,0.0314987643501467,332.0,candidate_knee,1.0,305.0,candidate_knee,-26.0,334.0,candidate_knee,3.0,0.7603911980440098,0.7715617715617715,True,False,True,False,4.5,5.6,False,3.629724891614475,2.965228951284645,0.1294049572773248,50,False,False,True,1.0206381,0.933753119255748,281.0,330.0,0,0,0,50,1.03932735,1.037138468,-0.0006407128067226861,50,1.0740198,1.0712906240000002,-0.0006612399903961464,50,0.017903218999999998,0.017903756280000002,1.055883025210081e-05,50,34.14933039810234,34.11175393696571,-0.005713909289835564,50,40.07338796985968,40.05884950331469,0.0074699938814192695,50,10.284949999999178,10.299275866666811,0.005052172388964955,50,10.284949999999178,10.299275866666811,0.005052172388964955,50,0.9679281393777119,0.9681232366966809,-2.6171545960809806e-07,332.0,381.0,0,0,0,50,0.995153635,0.9936606229999999,-0.0011774455678271254,50,1.02669625,1.0255523408,-0.0012156650900360124,50,0.0186119115,0.01863905296,2.02541363745497e-05,50,34.03347372992664,34.01316308762586,-0.0037739808170321994,50,40.2681720268009,40.282815211960674,0.007334129080229418,50,10.806883333332372,10.916756866666331,0.024420176070395965,50,10.806883333332372,10.916756866666331,0.024420176070395965,50,0.9688957767906742,0.9689042112963763,-3.6973239360195425e-07,-0.044173715,-0.0005367327611044393,-0.04732354999999999,-0.000554425099639866,0.0007086925000000036,9.69530612244889e-06,-0.11585666817570228,0.0019399284728033647,0.19478405694121648,-0.00013586480118985174,0.5219333333331946,0.01936800368143101,0.5219333333331946,0.01936800368143101,0.0009676374129622412,-1.0801693399385618e-07,3.9584641175422344,0.6407128067226862,1.1774455678271254,0.5367327611044392
B2c30,B2,30,5.6C(26%)-4.5C,5.6C(26%)-4.5C,constant_two_step,5.6,26.0,4.5,4.8068669527897,412.0,False,429,429.0,429,0,0,0,0,False,-8.503881385281397e-05,99,0.82665932,False,410,20.0,429.0,331.0,331.0,-0.0002036524870203,-0.0019175717832125,9.415901623735891,-0.0017139192961922,0.9287171070266504,-0.0004528840112577,-8.026784101174456e-05,-0.0021586022802864,26.89249209992601,82,82,candidate_knee,311.0,99.0,0.4418839224429787,0.0314987643501467,332.0,candidate_knee,1.0,305.0,candidate_knee,-26.0,334.0,candidate_knee,3.0,0.7603911980440098,0.7715617715617715,True,False,True,False,4.5,5.6,False,3.629724891614475,2.965228951284645,0.1294049572773248,100,True,True,False,1.0206381,0.933753119255748,231.0,330.0,0,0,0,100,,,,100,,,,100,,,,100,,,,100,,,,100,,,,100,,,,100,,,,332.0,429.0,4,0,3,98,,,,98,,,,98,,,,98,,,,98,,,,98,,,,98,,,,98,,,,,,,,,,,,,,,,,,,,,,,
B2c31,B2,31,5.6C(26%)-4.5C,5.6C(26%)-4.5C,constant_two_step,5.6,26.0,4.5,4.8068669527897,425.0,False,446,446.0,446,0,0,0,0,False,3.9791858998144905e-05,99,0.82528561,False,427,20.0,446.0,335.0,335.0,-0.0002293068066668,-0.0017724420016221,7.729565586761123,-0.0015431351949553,0.916014994089768,-0.0004900118319107,4.899555828105107e-05,-0.0020854711379782,,86,86,candidate_knee,315.0,112.0,0.4845348293082434,0.040693660503166,337.0,candidate_knee,2.0,304.0,candidate_knee,-31.0,344.0,candidate_knee,9.0,0.7394366197183099,0.7511210762331838,True,False,True,False,4.5,5.6,False,3.6683727006507345,3.0220894865957453,0.1310860798656876,50,False,False,True,1.0226754,0.9301683020268279,285.0,334.0,0,0,0,50,1.0373128999999999,1.0382075219999998,-0.0006390785642256857,50,1.0745004,1.074120628,-0.0006669007539015533,50,0.017638704499999998,0.017635360059999997,8.329464057623196e-06,50,33.05825831983181,33.16807737304423,0.001259874705676004,50,36.88438540323935,37.129647382959554,0.003537058406724582,50,10.253610000000723,10.261555033333446,0.004191450900352253,50,10.253610000000723,10.261555033333446,0.004191450900352253,50,0.966619896308036,0.9665666122774098,5.24840082498029e-06,336.0,385.0,0,0,0,50,0.99980234,0.9981968108000001,-0.001031570774549814,50,1.0319848999999999,1.030843998,-0.0011263742280912502,50,0.0181779465,0.01821763862,1.7580621512604922e-05,50,33.10275855768269,33.18350658311683,-0.003276390060726731,50,37.05872710688018,37.2705533874373,0.0036343753558044883,50,10.66869333333258,10.744853600000186,0.018934821768730258,50,10.66869333333258,10.744853600000186,0.018934821768730258,50,0.9681230332469387,0.9683447779383662,5.723928377303809e-05,-0.03751055999999986,-0.00039249221032412827,-0.04251550000000015,-0.0004594734741896969,0.0005392420000000023,9.251157454981726e-06,0.044500237850883195,-0.004536264766402735,0.17434170364082746,9.731694907990631e-05,0.4150833333318573,0.014743370868378004,0.4150833333318573,0.014743370868378004,0.0015031369389026938,5.19908829480578e-05,3.057151958070403,0.6390785642256857,1.031570774549814,0.3924922103241283
B2c31,B2,31,5.6C(26%)-4.5C,5.6C(26%)-4.5C,constant_two_step,5.6,26.0,4.5,4.8068669527897,425.0,False,446,446.0,446,0,0,0,0,False,3.9791858998144905e-05,99,0.82528561,False,427,20.0,446.0,335.0,335.0,-0.0002293068066668,-0.0017724420016221,7.729565586761123,-0.0015431351949553,0.916014994089768,-0.0004900118319107,4.899555828105107e-05,-0.0020854711379782,,86,86,candidate_knee,315.0,112.0,0.4845348293082434,0.040693660503166,337.0,candidate_knee,2.0,304.0,candidate_knee,-31.0,344.0,candidate_knee,9.0,0.7394366197183099,0.7511210762331838,True,False,True,False,4.5,5.6,False,3.6683727006507345,3.0220894865957453,0.1310860798656876,100,True,True,True,1.0226754,0.9301683020268279,235.0,334.0,0,0,0,100,1.0526179500000001,1.050999002,-0.0005168770513051256,100,1.089647,1.088207248,-0.0005675434947494805,100,0.0174345255,0.01740993343,9.023494707470813e-06,100,33.071068749778625,33.19166223023898,-0.0009745183100094137,100,36.82461839679442,37.00521908529275,0.00426827703491988,100,10.175159999999838,10.190426366666797,0.0028762520452027167,100,10.175159999999838,10.190426366666797,0.0028762520452027167,100,0.9658441193615304,0.9658220000932797,2.8604439466611653e-05,336.0,435.0,0,0,0,100,0.968894395,0.9566286628999998,-0.0016731057960396006,100,0.99969076,0.9903524095,-0.0016407287282928342,100,0.018670531,0.018788530350000002,2.274670256825691e-05,100,33.008531114308184,33.05771989379139,-0.004043753154447304,100,37.02228824088543,37.20506740739172,-0.0018286342046136958,100,11.376759166668247,12.600898850000194,0.08584420691069002,100,11.376759166668247,12.600898850000194,0.08584420691069002,100,0.9666962272469669,0.9658062651158075,-9.275663355090165e-05,-0.08372355500000017,-0.001156228744734475,-0.08995624000000002,-0.0010731852335433536,0.0012360055000000016,1.3723207860786098e-05,-0.06253763547044144,-0.00306923484443789,0.19766984409100985,-0.006096911239533576,1.2015991666684087,0.0829679548654873,1.2015991666684087,0.0829679548654873,0.0008521078854365483,-0.00012136107301751329,7.089412900855843,0.5168770513051256,1.6731057960396005,1.156228744734475
B2c32,B2,32,4.8C(80%)-4.8C-newstructure,4.8C(80%)-4.8C,constant_two_step,4.8,80.0,4.8,4.8,809.0,False,834,834.0,834,0,0,0,0,False,-5.5682572665429874e-05,99,0.82744044,False,815,20.0,834.0,645.0,645.0,-0.0001003846817565,-0.0009435269273416,9.399112601959768,-0.000843142245585,0.9206582618895008,-0.0002159358658136,-2.5740350308411247e-05,-0.0010474034995372,40.69111286317583,163,163,candidate_knee,625.0,190.0,0.7918061129818855,0.0628232732505011,646.0,candidate_knee,1.0,605.0,candidate_knee,-40.0,649.0,candidate_knee,4.0,0.7678132678132679,0.7733812949640287,True,True,True,True,,4.8,False,3.1244599901043535,2.3894680917245172,0.0,50,False,False,True,1.0192814,0.9340579524210988,595.0,644.0,0,0,0,50,1.0271092,1.0277751499999999,-0.00034397034813925763,50,1.0143545500000002,1.014210346,-0.00028105632172869497,50,0.0151616645,0.015166913780000003,4.617119279711786e-06,50,32.748029195910746,32.754419669104294,0.0016228817086684408,50,35.13504883873577,35.106117099987266,0.0022539118831229926,50,10.202625833331453,10.202708899999891,0.0015956032813122035,50,10.202625833331453,10.202708899999891,0.0015956032813122035,50,1.013468344134211,1.013371467613458,-5.833298392895869e-05,646.0,695.0,0,0,0,50,1.0058786999999998,1.0069748124,-0.00048654563937575076,50,0.99672106,0.9975723006000001,-0.0003740515567827107,50,0.015449732,0.01545826428,6.8460457142859505e-06,50,32.88294021308262,32.873486790632214,0.0022869353206245524,50,35.2413505,35.22454416256358,0.0021610824564789423,50,10.322461666667369,10.32224516666665,0.003285268747499293,50,10.322461666667369,10.32224516666665,0.003285268747499293,50,1.0094201774680873,1.009416975096125,-0.00010915343340342224,-0.021230500000000152,-0.00014257529123649313,-0.01763349000000014,-9.299523505401571e-05,0.00028806750000000096,2.2289264345741646e-06,0.13491101717187348,0.0006640536119561116,0.1063016612642329,-9.282942664405039e-05,0.11983583333591596,0.0016896654661870895,0.11983583333591596,0.0016896654661870895,-0.00404816666612362,-5.082044947446355e-05,1.8999727899268644,0.34397034813925764,0.48654563937575074,0.1425752912364931
B2c32,B2,32,4.8C(80%)-4.8C-newstructure,4.8C(80%)-4.8C,constant_two_step,4.8,80.0,4.8,4.8,809.0,False,834,834.0,834,0,0,0,0,False,-5.5682572665429874e-05,99,0.82744044,False,815,20.0,834.0,645.0,645.0,-0.0001003846817565,-0.0009435269273416,9.399112601959768,-0.000843142245585,0.9206582618895008,-0.0002159358658136,-2.5740350308411247e-05,-0.0010474034995372,40.69111286317583,163,163,candidate_knee,625.0,190.0,0.7918061129818855,0.0628232732505011,646.0,candidate_knee,1.0,605.0,candidate_knee,-40.0,649.0,candidate_knee,4.0,0.7678132678132679,0.7733812949640287,True,True,True,True,,4.8,False,3.1244599901043535,2.3894680917245172,0.0,100,False,False,True,1.0192814,0.9340579524210988,545.0,644.0,0,0,0,100,1.0354798,1.03538669,-0.0003113562016201596,100,1.0205418499999999,1.020529128,-0.0002555161524152454,100,0.0150628805,0.015074716069999996,3.709424908490816e-06,100,32.71055608967657,32.70597826695047,0.0020449853296022717,100,35.03026269567734,35.01666453742133,0.0033423387049998005,100,10.166288333333796,10.170632466666712,0.001293613661362749,100,10.166288333333796,10.170632466666712,0.001293613661362749,100,1.0148390771586062,1.0145480208258633,-5.107410714867163e-05,646.0,745.0,0,0,0,100,0.9947599199999999,0.9923853842,-0.0005894824354035394,100,0.98794538,0.9867972600999999,-0.0004359332181818159,100,0.0156362895,0.01567174322,8.592736453645373e-06,100,32.91708474171725,32.91797066693604,0.0016985683438164917,100,35.276683600568404,35.28317428354095,0.002262049095524047,100,10.41419749999962,10.454727283333273,0.0054436478347823815,100,10.41419749999962,10.454727283333273,0.0054436478347823815,100,1.005957276113015,1.005605695865288,-0.00015355751546434622,-0.04071988000000015,-0.0002781262337833798,-0.03259646999999988,-0.00018041706576657046,0.0005734090000000004,4.883311545154557e-06,0.2065286520406744,-0.00034641698578578004,0.2464209048910675,-0.0010802896094757536,0.2479091666658242,0.004150034173419632,0.2479091666658242,0.004150034173419632,-0.008881801045591109,-0.0001024834083156746,3.8067685659459385,0.3113562016201596,0.5894824354035394,0.2781262337833798
B2c33,B2,33,5.2C(58%)-4C-newstructure,5.2C(58%)-4C,constant_two_step,5.2,58.0,4.0,4.803695150115473,1140.0,False,1190,1190.0,1189,0,0,0,1,False,-8.247454406634085e-05,98,0.82506907,False,1170,20.0,1190.0,923.0,923.0,-5.896833036790852e-05,-0.0006731528726216,11.415498258501948,-0.0006141845422537,0.9814202715591336,-0.0001405732121106,-4.085409810230494e-05,-0.0007057362578111,17.274552385022808,234,235,candidate_knee,902.0,268.0,1.1258262047424306,0.0209175451557257,923.0,candidate_knee,0.0,905.0,candidate_knee,-18.0,923.0,candidate_knee,0.0,0.7717948717948718,0.7756302521008404,True,True,True,True,4.0,5.2,False,3.2281375760495967,2.4960461784741574,0.2855858309001287,50,False,False,True,1.0109679,0.9417728360614872,873.0,922.0,0,0,0,50,1.0171231,1.0169403799999999,-0.00021069691236493048,50,1.0152603,1.015069944,-0.00020812920048018542,50,0.015417802000000001,0.01541971152,2.1060523409377684e-07,50,33.46296854694078,33.474858067934186,0.0016824451534678728,50,34.875403978281284,34.910036691296966,0.0011217614198958013,50,10.03969250000082,10.039678299999952,-4.0567426827875535e-06,50,10.03969250000082,10.039678299999952,-4.0567426827875535e-06,50,1.0018591351772694,1.0018425703287341,-2.157658785947976e-06,924.0,973.0,0,0,0,50,1.00198685,1.0013888601999998,-0.0004263047755102061,50,1.00054115,0.9999497115999999,-0.0004120560268907437,50,0.015440834,0.015442648199999999,3.8101291716680915e-07,50,33.57608334845037,33.57458115221725,0.0027763022501446086,50,34.97859188144031,34.98239625015336,0.002364442568284785,50,10.046728333334128,10.048550133333077,0.00046606402567184185,50,10.046728333334128,10.048550133333077,0.00046606402567184185,50,1.0014278693424807,1.0014380487082888,-1.3662879022950925e-05,-0.015136250000000073,-0.00021560786314527562,-0.014719149999999903,-0.00020392682641055828,2.303199999999922e-05,1.704076830730323e-07,0.11311480150958886,0.0010938570966767358,0.10318790315902504,0.0012426811483889839,0.007035833333308261,0.0004701207683546294,0.007035833333308261,0.0004701207683546294,-0.0004312658347886966,-1.150522023700295e-05,0.14938575550522193,0.2106969123649305,0.42630477551020607,0.21560786314527558
B2c33,B2,33,5.2C(58%)-4C-newstructure,5.2C(58%)-4C,constant_two_step,5.2,58.0,4.0,4.803695150115473,1140.0,False,1190,1190.0,1189,0,0,0,1,False,-8.247454406634085e-05,98,0.82506907,False,1170,20.0,1190.0,923.0,923.0,-5.896833036790852e-05,-0.0006731528726216,11.415498258501948,-0.0006141845422537,0.9814202715591336,-0.0001405732121106,-4.085409810230494e-05,-0.0007057362578111,17.274552385022808,234,235,candidate_knee,902.0,268.0,1.1258262047424306,0.0209175451557257,923.0,candidate_knee,0.0,905.0,candidate_knee,-18.0,923.0,candidate_knee,0.0,0.7717948717948718,0.7756302521008404,True,True,True,True,4.0,5.2,False,3.2281375760495967,2.4960461784741574,0.2855858309001287,100,False,False,True,1.0109679,0.9417728360614872,823.0,922.0,0,0,0,100,1.02187085,1.021241289,-0.0001728648346834676,100,1.0199493,1.0193258819999997,-0.00017086184818481464,100,0.015403383999999999,0.015403468949999999,5.941677467746403e-07,100,33.425405614039384,33.42840639806324,0.0017550066416573988,100,34.858925,34.885603435206505,0.001117718336077196,100,10.039726666663773,10.03970246666693,-1.1329933042673705e-06,100,10.039726666663773,10.03970246666693,-1.1329933042673705e-06,100,1.0018866822795496,1.0018788595782158,-1.6513789094001354e-06,924.0,1023.0,0,0,0,100,0.9896623449999999,0.9880865032,-0.0005270525468946816,100,0.9885583849999999,0.987007719,-0.0005129118451845212,100,0.015439409000000001,0.01543927322,-4.937710171028393e-08,100,33.666867553982414,33.68343953719265,0.004319724542207171,100,35.03040642769595,35.03799638210604,0.0024712414787748105,100,10.064325000000341,10.077467066666578,0.0011752608060933848,100,10.064325000000341,10.077467066666578,0.0011752608060933848,100,1.001103572744083,1.0010870313293072,-1.3772115302920137e-05,-0.032208505000000054,-0.000354187712211214,-0.03139091500000002,-0.0003420499969997066,3.602500000000203e-05,-6.435448484849243e-07,0.24146193994302934,0.002564717900549772,0.17148142769595154,0.0013535231426976145,0.024598333336568245,0.0011763937993976522,0.024598333336568245,0.0011763937993976522,-0.0007831095354666751,-1.212073639352e-05,0.23387717919648066,0.1728648346834676,0.5270525468946816,0.35418771221121403
B2c34,B2,34,5.6C(26%)-4.5C-newstructure,5.6C(26%)-4.5C,constant_two_step,5.6,26.0,4.5,4.8068669527897,1186.0,False,1252,1252.0,1252,0,0,0,0,False,-5.4562957328385595e-05,99,0.82562441,False,1233,20.0,1252.0,961.0,961.0,-6.182401627135634e-05,-0.0006062996296323,9.806862546282998,-0.0005444756133609,0.9810939149807164,-0.0001387304686327,-4.263733726830532e-05,-0.0006455332352311,15.140092618095396,247,247,candidate_knee,941.0,292.0,1.1107402804025437,0.0209997501756333,961.0,candidate_knee,0.0,940.0,candidate_knee,-21.0,961.0,candidate_knee,0.0,0.7637987012987013,0.7675718849840255,True,True,True,True,4.5,5.6,False,3.2378347042449556,2.509969372886578,0.1180343923288969,50,False,False,True,1.0010467,0.9372150451480648,911.0,960.0,0,0,0,50,1.0070219,1.00676005,-0.00021011509723888885,50,1.0055933499999998,1.005416824,-0.0002060846962785057,50,0.014983599,0.014981766620000003,4.7305551020407257e-07,50,37.21810836227662,37.22240256766167,0.004270274427097211,50,40.9353025,40.96191978634501,0.0012939660123419503,50,10.098016666667537,10.097488800000244,0.000572602801133347,50,10.098016666667537,10.097488800000244,0.000572602801133347,50,1.0013565074483046,1.0013358292240317,-3.7376300495818884e-06,962.0,1011.0,0,0,0,50,0.9933561099999999,0.9930095048000002,-0.00033607350108043506,50,0.99231887,0.992033138,-0.00032509796110442987,50,0.015041977500000001,0.015041718060000002,1.561179975990451e-06,50,37.355384034017945,37.36226639641839,0.00484967271353388,50,41.03040930701084,41.03099464156019,0.0024630797645580627,50,10.146628333333258,10.148098799999337,0.0013548529811964634,50,10.146628333333258,10.148098799999337,0.0013548529811964634,50,1.001008521136756,1.0009834709783547,-1.0748835167980645e-05,-0.013665790000000122,-0.0001259584038415462,-0.013274479999999866,-0.00011901326482592416,5.837850000000103e-05,1.0881244657863783e-06,0.13727567174132815,0.0005793982864366687,0.0951068070108434,0.0011691137522161124,0.04861166666572103,0.0007822501800631164,0.04861166666572103,0.0007822501800631164,-0.00034798631154853155,-7.011205118398757e-06,0.3896160061411215,0.21011509723888885,0.33607350108043504,0.1259584038415462
B2c34,B2,34,5.6C(26%)-4.5C-newstructure,5.6C(26%)-4.5C,constant_two_step,5.6,26.0,4.5,4.8068669527897,1186.0,False,1252,1252.0,1252,0,0,0,0,False,-5.4562957328385595e-05,99,0.82562441,False,1233,20.0,1252.0,961.0,961.0,-6.182401627135634e-05,-0.0006062996296323,9.806862546282998,-0.0005444756133609,0.9810939149807164,-0.0001387304686327,-4.263733726830532e-05,-0.0006455332352311,15.140092618095396,247,247,candidate_knee,941.0,292.0,1.1107402804025437,0.0209997501756333,961.0,candidate_knee,0.0,940.0,candidate_knee,-21.0,961.0,candidate_knee,0.0,0.7637987012987013,0.7675718849840255,True,True,True,True,4.5,5.6,False,3.2378347042449556,2.509969372886578,0.1180343923288969,100,False,False,True,1.0010467,0.9372150451480648,861.0,960.0,0,0,0,100,1.01171935,1.011191794,-0.00017797639843984385,100,1.0102913500000001,1.009730416,-0.00017329574437443334,100,0.014973817,0.014973349950000001,3.1771688568858674e-07,100,37.12864077302879,37.13761444975579,0.0033891329058434298,100,40.90634096798024,40.91784050359433,0.001656488828823489,100,10.083953333331738,10.086010466666735,0.000458113071309474,100,10.083953333331738,10.086010466666735,0.000458113071309474,100,1.0014344511241484,1.0014466710058216,-4.388355056068307e-06,962.0,1061.0,0,0,0,100,0.9839357449999999,0.9825208430000002,-0.0004203338663066325,100,0.98326349,0.9818802172999999,-0.00040687745460546686,100,0.015092752000000001,0.015099313080000001,2.3019442184218783e-06,100,37.52129576445689,37.52654874269866,0.006472785659403709,100,41.120245625531055,41.13022114285888,0.0037807533573253568,100,10.188510833335265,10.203100133333123,0.002232618701886396,100,10.188510833335265,10.203100133333123,0.002232618701886396,100,1.0006645092454272,1.0006477433616707,-1.3467924488900218e-05,-0.02778360499999999,-0.00024235746786678864,-0.027027860000000126,-0.00023358171023103353,0.00011893500000000057,1.9842273327332917e-06,0.39265499142809546,0.003083652753560279,0.21390465755081323,0.002124264528501868,0.10455750000352637,0.0017745056305769218,0.10455750000352637,0.0017745056305769218,-0.0007699418787212586,-9.07956943283191e-06,0.7942864534807695,0.17797639843984386,0.4203338663066325,0.24235746786678863
B2c41,B2,41,5.6C(26%)-4.5C,5.6C(26%)-4.5C,constant_two_step,5.6,26.0,4.5,4.8068669527897,442.0,False,463,463.0,463,0,0,0,0,False,2.399820408163264e-05,99,0.82606894,False,444,20.0,463.0,339.0,339.0,-0.0001719442446077,-0.0017718227158737,10.304635202623652,-0.0015998784712659,0.9364536818906084,-0.0004787760969043,3.8163949608444186e-05,-0.0021203878794688,,89,89,candidate_knee,319.0,125.0,0.6551496103907741,0.041632345551136,340.0,candidate_knee,1.0,321.0,candidate_knee,-18.0,345.0,candidate_knee,6.0,0.7200902934537246,0.7321814254859611,True,True,True,False,4.5,5.6,False,3.669127378487155,3.0232145027977015,0.1305642612357384,50,False,False,True,1.0413975,0.9416174955012204,289.0,338.0,0,0,0,50,1.0580103,1.0576949599999999,-0.0006017588091236494,50,1.09268655,1.09224401,-0.000639136581032412,0,,,,50,29.551312239874104,29.62184251349599,0.002356515091766166,50,31.825855295603446,31.62537464501174,-0.0014210972046916528,50,10.233502499997849,10.237040499999887,0.0038144756302372126,50,10.233502499997849,10.237040499999887,0.0038144756302372126,50,0.9683055443306208,0.9683711018234701,1.5586540513216345e-05,340.0,389.0,0,0,0,50,1.0199323,1.0183139208,-0.0010216025258103273,50,1.0528943000000002,1.051152156,-0.0010756839759903944,0,,,,50,29.569713407492756,29.633636616087728,-0.000924573609889553,50,31.832419524459084,31.701140902749838,0.010429118439055243,50,10.588766666666682,10.627322866666905,0.013838860184083113,50,10.588766666666682,10.627322866666905,0.013838860184083113,50,0.9685827608757942,0.9687646297242403,1.9538999885343974e-05,-0.038078000000000056,-0.0004198437166866779,-0.03979224999999986,-0.00043654739495798246,,,0.01840116761865218,-0.003281088701655719,0.006564228855637566,0.011850215643746895,0.3552641666688334,0.0100243845538459,0.3552641666688334,0.0100243845538459,0.00027721654517343097,3.9524593721276295e-06,,0.6017588091236493,1.0216025258103272,0.41984371668667786
B2c41,B2,41,5.6C(26%)-4.5C,5.6C(26%)-4.5C,constant_two_step,5.6,26.0,4.5,4.8068669527897,442.0,False,463,463.0,463,0,0,0,0,False,2.399820408163264e-05,99,0.82606894,False,444,20.0,463.0,339.0,339.0,-0.0001719442446077,-0.0017718227158737,10.304635202623652,-0.0015998784712659,0.9364536818906084,-0.0004787760969043,3.8163949608444186e-05,-0.0021203878794688,,89,89,candidate_knee,319.0,125.0,0.6551496103907741,0.041632345551136,340.0,candidate_knee,1.0,321.0,candidate_knee,-18.0,345.0,candidate_knee,6.0,0.7200902934537246,0.7321814254859611,True,True,True,False,4.5,5.6,False,3.669127378487155,3.0232145027977015,0.1305642612357384,100,False,False,True,1.0413975,0.9416174955012204,239.0,338.0,0,0,0,100,1.0716801,1.069714173,-0.0004827405910591057,100,1.10722045,1.1052520959999999,-0.0005212423306330592,0,,,,100,29.577926386214926,29.673370570397136,-0.0009535182169147509,100,31.830128823395228,31.755783666224914,-0.003241073815160803,100,10.155885833333013,10.172678883333148,0.002585188968902415,100,10.155885833333013,10.172678883333148,0.002585188968902415,100,0.9678002747360293,0.9678545491589332,1.9689153741705182e-05,340.0,439.0,0,0,0,100,0.9899843349999999,0.9790815122,-0.0015779117245724558,100,1.0204436499999998,1.0126666587,-0.0015473704259826,0,,,,100,29.552368079343072,29.620414389001265,0.0002078992106123122,100,32.05676036882501,31.88169187514517,0.007959340297202466,100,11.132874166666685,11.633331183333494,0.04268659470947234,100,11.132874166666685,11.633331183333494,0.04268659470947234,100,0.9680067058418911,0.9667176753376023,-8.371432281119011e-05,-0.08169576500000009,-0.0010951711335133502,-0.08677680000000021,-0.0010261280953495408,,,-0.02555830687185434,0.001161417427527063,0.22663154542978248,0.01120041411236327,0.9769883333336722,0.04010140574056993,0.9769883333336722,0.04010140574056993,0.00020643110586182623,-0.00010340347655289529,,0.48274059105910566,1.5779117245724559,1.0951711335133503
B2c42,B2,42,5.2C(50%)-4.25C,5.2C(50%)-4.25C,constant_two_step,5.2,50.0,4.25,4.797829036635006,474.0,False,497,497.0,497,0,0,0,0,False,8.583347433518891e-05,99,0.82577723,False,478,20.0,497.0,352.0,352.0,-6.97578452882376e-05,-0.0017218357929647,24.683041539631994,-0.0016520779476765,0.9570489600612132,-0.0004357871303112,0.000102125140396,-0.0020412993636733,,96,96,candidate_knee,332.0,146.0,0.985572142986168,0.0423313484759546,352.0,candidate_knee,0.0,340.0,candidate_knee,-12.0,356.0,candidate_knee,4.0,0.6960167714884696,0.7082494969818913,True,True,True,False,4.25,5.2,False,3.102345834665354,2.3459105837109164,0.2295185081837716,50,False,False,True,1.0696282,0.9663942023658867,302.0,351.0,0,0,0,50,1.0853633999999999,1.08435849,-0.0005231387418967662,50,1.0635949999999998,1.063112882,-0.0003631941944777841,0,,,,50,31.737439212129733,31.77954704720326,0.002098075177867673,50,37.139137615656104,37.31413715829992,0.005248460176444389,50,10.233825833334897,10.241955733333405,0.001918716446584087,50,10.233825833334897,10.241955733333405,0.001918716446584087,50,1.0198719807453618,1.019974254554811,-0.00014371275510755623,353.0,402.0,0,0,0,50,1.04848615,1.047189958,-0.0009910329075630243,50,1.0380015999999999,1.0375918960000001,-0.0006701840672268975,0,,,,50,31.932372701143223,31.915397101410854,0.008358894133835748,50,37.3210787136867,37.409728439231934,0.009739508748956183,50,10.458072499998767,10.48552999999995,0.009016040816308324,50,10.458072499998767,10.48552999999995,0.009016040816308324,50,1.0101716009110366,1.0092094425164668,-0.00030386441337191985,-0.03687724999999986,-0.0004678941656662581,-0.02559339999999999,-0.00030698987274911345,,,0.19493348901348995,0.006260818955968075,0.18194109803059888,0.004491048572511793,0.22424666666386983,0.007097324369724238,0.22424666666386983,0.007097324369724238,-0.009700379834325146,-0.00016015165826436362,,0.5231387418967661,0.9910329075630243,0.4678941656662582
B2c42,B2,42,5.2C(50%)-4.25C,5.2C(50%)-4.25C,constant_two_step,5.2,50.0,4.25,4.797829036635006,474.0,False,497,497.0,497,0,0,0,0,False,8.583347433518891e-05,99,0.82577723,False,478,20.0,497.0,352.0,352.0,-6.97578452882376e-05,-0.0017218357929647,24.683041539631994,-0.0016520779476765,0.9570489600612132,-0.0004357871303112,0.000102125140396,-0.0020412993636733,,96,96,candidate_knee,332.0,146.0,0.985572142986168,0.0423313484759546,352.0,candidate_knee,0.0,340.0,candidate_knee,-12.0,356.0,candidate_knee,4.0,0.6960167714884696,0.7082494969818913,True,True,True,False,4.25,5.2,False,3.102345834665354,2.3459105837109164,0.2295185081837716,100,False,False,True,1.0696282,0.9663942023658867,252.0,351.0,0,0,0,100,1.0955694,1.093728545,-0.0003814997833783379,100,1.0707865,1.0696586700000001,-0.000266337614161413,0,,,,100,31.67624826745977,31.70165199001649,0.0029092453607219818,100,37.069163891011925,37.20151896411474,0.004482905791476918,100,10.202262500000263,10.21453475000003,0.0011209095409571712,100,10.202262500000263,10.21453475000003,0.0011209095409571712,100,1.0229133788513745,1.0224806918856368,-0.00010229453514644598,353.0,452.0,0,0,0,100,1.0186662499999999,1.0111676249,-0.001439655820762086,100,1.01884905,1.0147833477,-0.000916711787398739,0,,,,100,32.07602881440004,32.08082453955403,0.006637526723348865,100,37.499257951293856,37.55914179556322,0.006463753465393802,100,10.78732916666583,11.109665499999927,0.02597597475747485,100,10.78732916666583,11.109665499999927,0.02597597475747485,100,0.9996584140570847,0.996032276893645,-0.0005231406063401038,-0.07690315000000014,-0.0010581560373837482,-0.05193745000000005,-0.0006503741732373261,,,0.39978054694027065,0.003728281362626883,0.430094060281931,0.0019808476739168832,0.5850666666655666,0.024855065216517678,0.5850666666655666,0.024855065216517678,-0.02325496479428979,-0.00042084607119365785,,0.3814997833783379,1.439655820762086,1.058156037383748
B2c43,B2,43,4.8C(80%)-4.8C-newstructure,4.8C(80%)-4.8C,constant_two_step,4.8,80.0,4.8,4.8,1029.0,False,1061,1061.0,1061,0,0,0,0,False,-7.295969944341347e-05,99,0.82532436,False,1042,20.0,1061.0,833.0,833.0,-5.380360338761858e-05,-0.0009263334343393,17.216940428054638,-0.0008725298309516,0.9533501499039972,-0.0001612758754161,-4.970732294021845e-06,-0.0009791621937667,196.985501501332,209,209,candidate_knee,813.0,229.0,1.5111755243392933,0.0704961116791764,833.0,candidate_knee,0.0,809.0,candidate_knee,-24.0,835.0,candidate_knee,2.0,0.7809798270893372,0.7851083883129123,True,True,True,True,,4.8,False,3.1017678215951276,2.369652424171033,0.0,50,False,False,True,1.0416331,0.9467131755637246,783.0,832.0,0,0,0,50,1.0494139,1.049701438,-0.00027931306122448517,50,1.0331142500000001,1.0329429760000002,-0.00024387743577430839,0,,,,50,35.228827178962845,35.258010957431594,-0.002300988526766469,50,39.03541772018413,39.12473035879632,-0.005963968489115955,50,10.08982750000044,10.089770633333364,0.0008360813925398094,50,10.08982750000044,10.089770633333364,0.0008360813925398094,50,1.016459686054076,1.0162228130222906,-3.036120900894304e-05,834.0,883.0,0,0,0,50,1.03127585,1.031608734,-0.0004468674045618165,50,1.0178566500000001,1.0173998260000001,-0.00039815030492196723,0,,,,50,36.1951705026862,36.06863398772279,0.026924245109624243,50,40.042495425648255,40.010751845488954,0.03019325147762466,50,10.116149999996804,10.117966899999884,0.000550470988362319,50,10.116149999996804,10.117966899999884,0.000550470988362319,50,1.0137547319084779,1.0139627691512674,-4.2338666349025274e-05,-0.018138049999999906,-0.00016755434333733132,-0.015257599999999982,-0.00015427286914765885,,,0.9663433237233576,0.02922523363639071,1.007077705464127,0.036157219966740616,0.026322499996362936,-0.00028561040417749036,0.026322499996362936,-0.00028561040417749036,-0.0027049541455981263,-1.1977457340082235e-05,,0.2793130612244852,0.4468674045618165,0.16755434333733132
B2c43,B2,43,4.8C(80%)-4.8C-newstructure,4.8C(80%)-4.8C,constant_two_step,4.8,80.0,4.8,4.8,1029.0,False,1061,1061.0,1061,0,0,0,0,False,-7.295969944341347e-05,99,0.82532436,False,1042,20.0,1061.0,833.0,833.0,-5.380360338761858e-05,-0.0009263334343393,17.216940428054638,-0.0008725298309516,0.9533501499039972,-0.0001612758754161,-4.970732294021845e-06,-0.0009791621937667,196.985501501332,209,209,candidate_knee,813.0,229.0,1.5111755243392933,0.0704961116791764,833.0,candidate_knee,0.0,809.0,candidate_knee,-24.0,835.0,candidate_knee,2.0,0.7809798270893372,0.7851083883129123,True,True,True,True,,4.8,False,3.1017678215951276,2.369652424171033,0.0,100,False,False,True,1.0416331,0.9467131755637246,733.0,832.0,0,0,0,100,1.05750015,1.056302147,-0.0002578617875787557,100,1.0393322500000002,1.038317328,-0.0002134647932793313,0,,,,100,35.20677013881063,35.21227854197144,0.0016428778006872266,100,39.03541772018413,39.12738209855761,-0.0008216264816132556,100,10.072838333334463,10.077219900000298,0.0005164888488819615,100,10.072838333334463,10.077219900000298,0.0005164888488819615,100,1.0173366176108867,1.0173144837368926,-3.919349368519569e-05,834.0,933.0,0,0,0,100,1.0193159,1.0176329342,-0.0005631237750975107,100,1.0063441499999999,1.0061277473999999,-0.00045778329960996256,0,,,,100,35.71350939964177,35.83037358427322,-0.006848502587453625,100,39.45977890575859,39.745763011055125,-0.0077531786867718056,100,10.140801666669237,10.19791708333348,0.0031607434243457397,100,10.140801666669237,10.19791708333348,0.0031607434243457397,100,1.0122657657213532,1.0113972481452795,-9.986228817406859e-05,-0.03818425000000003,-0.000305261987518755,-0.0329881000000003,-0.00024431850633063127,,,0.5067392608311394,-0.008491380388140853,0.4243611855744618,-0.00693155220515855,0.06796333333477378,0.002644254575463778,0.06796333333477378,0.002644254575463778,-0.00507085188953349,-6.06687944888729e-05,,0.2578617875787557,0.5631237750975107,0.30526198751875494
B2c44,B2,44,5.2C(58%)-4C-newstructure,5.2C(58%)-4C,constant_two_step,5.2,58.0,4.0,4.803695150115473,841.0,False,874,874.0,874,0,0,0,0,False,-2.4462076685219143e-05,99,0.82503617,False,855,20.0,874.0,701.0,701.0,-4.733437899710438e-05,-0.0013799015698011,29.152206050607028,-0.001332567190804,0.9707778808215948,-0.0001896813595605,2.5171625026998914e-06,-0.0013905319662202,,171,171,candidate_knee,681.0,174.0,1.61262833869906,0.0471244175039373,701.0,candidate_knee,0.0,691.0,candidate_knee,-10.0,702.0,candidate_knee,1.0,0.797423887587822,0.8020594965675057,True,True,True,True,4.0,5.2,False,3.1331024834042585,2.3841515029056826,0.2684013791482811,50,False,False,True,1.0520577,0.9581687557759062,651.0,700.0,0,0,0,50,1.0612939,1.060563094,-0.0003434968883553355,50,1.03581325,1.035456968,-0.0002971368067226885,0,,,,50,33.9254406565556,33.95240325981505,0.0029407858137267184,50,38.201589322031865,38.23545367945169,0.0033782947370602657,50,10.050893333336958,10.052393733333485,0.0004387918367650967,50,10.050893333336958,10.052393733333485,0.0004387918367650967,50,1.0242769727415852,1.0242442094932795,-3.784071356010736e-05,702.0,751.0,0,0,0,50,1.0361841,1.035012112,-0.0007184805090036027,50,1.01459375,1.0135484966,-0.0005986567207683146,0,,,,50,34.12059364807308,34.3348656772898,0.024407105000799494,50,38.50392409326464,38.65371576932802,0.02344196010309135,50,10.101825000004222,10.10279870000016,0.0016677871948305024,50,10.101825000004222,10.10279870000016,0.0016677871948305024,50,1.0211487254396288,1.021163643563562,-0.00010588328323400587,-0.02510979999999985,-0.00037498362064826717,-0.021219499999999947,-0.0003015199140456261,,,0.19515299151748167,0.021466319187072775,0.30233477123277197,0.020063665366031082,0.0509316666672639,0.0012289953580654058,0.0509316666672639,0.0012289953580654058,-0.0031282473019564883,-6.80425696738985e-05,,0.34349688835533554,0.7184805090036027,0.3749836206482672
B2c44,B2,44,5.2C(58%)-4C-newstructure,5.2C(58%)-4C,constant_two_step,5.2,58.0,4.0,4.803695150115473,841.0,False,874,874.0,874,0,0,0,0,False,-2.4462076685219143e-05,99,0.82503617,False,855,20.0,874.0,701.0,701.0,-4.733437899710438e-05,-0.0013799015698011,29.152206050607028,-0.001332567190804,0.9707778808215948,-0.0001896813595605,2.5171625026998914e-06,-0.0013905319662202,,171,171,candidate_knee,681.0,174.0,1.61262833869906,0.0471244175039373,701.0,candidate_knee,0.0,691.0,candidate_knee,-10.0,702.0,candidate_knee,1.0,0.797423887587822,0.8020594965675057,True,True,True,True,4.0,5.2,False,3.1331024834042585,2.3841515029056826,0.2684013791482811,100,False,False,True,1.0520577,0.9581687557759062,601.0,700.0,0,0,0,100,1.06811285,1.0671870929999998,-0.00026626728892889783,100,1.04240945,1.041620263,-0.0002474867908790854,0,,,,100,33.85346272314591,33.851883203299096,0.004033348155069399,100,38.0877725,38.10603634061821,0.005068067748156219,100,10.045102499999727,10.047665250000234,0.00020592042204012256,100,10.045102499999727,10.047665250000234,0.00020592042204012256,100,1.0245076723906261,1.0245426708379748,-1.2285096723724765e-05,702.0,801.0,0,0,0,100,1.0143556,1.0075938497999999,-0.0010972021300930134,100,0.99681714,0.9933221789,-0.0008045095389739023,0,,,,100,34.796190241629034,34.615844325210126,0.012250998396724841,100,39.081983171991055,38.92257811814741,0.011055535918617205,100,10.15996833332659,10.236519466666659,0.005604680988091404,100,10.15996833332659,10.236519466666659,0.005604680988091404,100,1.0179941696426815,1.0141666922480015,-0.00028599689570357804,-0.05375724999999987,-0.0008309348411641155,-0.04559231000000008,-0.0005570227480948169,,,0.9427275184831245,0.008217650241655442,0.9942106719910555,0.005987468170460986,0.11486583332686351,0.005398760566051281,0.11486583332686351,0.005398760566051281,-0.0065135027479445995,-0.0002737117989798533,,0.26626728892889784,1.0972021300930135,0.8309348411641156
B2c45,B2,45,5.6C(26%)-4.5C-newstructure,5.6C(26%)-4.5C,constant_two_step,5.6,26.0,4.5,4.8068669527897,997.0,False,1027,1027.0,1027,0,0,0,0,False,-7.610656895485454e-05,99,0.82734823,False,1008,20.0,1027.0,773.0,773.0,-4.8426998782861294e-05,-0.0008460387371582,17.47039375600593,-0.0007976117383753,0.9451106306485444,-0.0001752862823381,3.3733428890275303e-06,-0.0009762543646069,,202,202,candidate_knee,753.0,255.0,1.544937670699482,0.0848006544320014,773.0,candidate_knee,0.0,746.0,candidate_knee,-27.0,775.0,candidate_knee,2.0,0.7477656405163853,0.7526777020447907,True,True,True,True,4.5,5.6,False,3.114261742939577,2.371619270070779,0.1085896325637292,50,False,False,True,1.0512136,0.9530979771500617,723.0,772.0,0,0,0,50,1.0586519,1.0592517659999998,-0.0002936561968787634,50,1.038246,1.0383097579999998,-0.00024592295318126914,0,,,,50,33.69652967819991,33.41636934992896,0.028914049181893626,50,35.074543,34.827033691458986,0.026501453643093264,50,10.073190833333259,10.073069599999736,0.00017653109241102957,50,10.073190833333259,10.073069599999736,0.00017653109241102957,50,1.020194355933713,1.0201673523451604,-4.1111238309649195e-05,774.0,823.0,0,0,0,50,1.0410395000000001,1.0415621279999998,-0.0004164949819927828,50,1.0241166,1.0240544719999998,-0.0003212922833133272,0,,,,50,33.76980822460659,33.76756037294014,0.0027915372491910716,50,35.10608696993428,35.108820189250274,0.002451387504902388,50,10.10102416666535,10.1020394666673,0.0008566349739742194,50,10.10102416666535,10.1020394666673,0.0008566349739742194,50,1.0169398853537481,1.0170906474962114,-8.758609670054728e-05,-0.017612399999999973,-0.00012283878511401943,-0.01412940000000007,-7.536933013205807e-05,,,0.07327854640668363,-0.026122511932702555,0.03154396993428321,-0.024050066138190877,0.027833333332091925,0.0006801038815631899,0.027833333332091925,0.0006801038815631899,-0.0032544705799648632,-4.6474858390898085e-05,,0.2936561968787634,0.41649498199278284,0.12283878511401947
B2c45,B2,45,5.6C(26%)-4.5C-newstructure,5.6C(26%)-4.5C,constant_two_step,5.6,26.0,4.5,4.8068669527897,997.0,False,1027,1027.0,1027,0,0,0,0,False,-7.610656895485454e-05,99,0.82734823,False,1008,20.0,1027.0,773.0,773.0,-4.8426998782861294e-05,-0.0008460387371582,17.47039375600593,-0.0007976117383753,0.9451106306485444,-0.0001752862823381,3.3733428890275303e-06,-0.0009762543646069,,202,202,candidate_knee,753.0,255.0,1.544937670699482,0.0848006544320014,773.0,candidate_knee,0.0,746.0,candidate_knee,-27.0,775.0,candidate_knee,2.0,0.7477656405163853,0.7526777020447907,True,True,True,True,4.5,5.6,False,3.114261742939577,2.371619270070779,0.1085896325637292,100,False,False,True,1.0512136,0.9530979771500617,673.0,772.0,0,0,0,100,1.06623805,1.0658094880000002,-0.00026425104110411215,100,1.04464685,1.043898833,-0.0002220052031203107,0,,,,100,32.34017524927254,32.83133639715006,0.02136907272468579,100,33.833933,34.27278547847772,0.019928635993180576,100,10.068564999999944,10.068640833333136,0.00019129216921931906,100,10.068564999999944,10.068640833333136,0.00019129216921931906,100,1.0210260557420159,1.0209829752043675,-3.600172318022136e-05,774.0,873.0,0,0,0,100,1.03038995,1.030286061,-0.0004569195769576974,100,1.01559335,1.0144458106,-0.0003857602411041124,0,,,,100,33.83907804770183,33.86897919383592,0.004072101948249597,100,35.188638038765035,35.200335175444536,0.0038636540912494045,100,10.12802916667036,10.137387683333753,0.0014308390538973624,100,10.12802916667036,10.137387683333753,0.0014308390538973624,100,1.0157043706567501,1.0155943760825954,-6.425382263067961e-05,-0.03584809999999994,-0.00019266853585358525,-0.029053499999999843,-0.0001637550379838017,,,1.4989027984292917,-0.017296970776436195,1.354705038765033,-0.01606498190193117,0.05946416667041632,0.0012395468846780433,0.05946416667041632,0.0012395468846780433,-0.005321685085265759,-2.825209945045825e-05,,0.2642510411041121,0.4569195769576974,0.1926685358535853
B2c46,B2,46,4.8C(80%)-4.8C,4.8C(80%)-4.8C,constant_two_step,4.8,80.0,4.8,4.8,503.0,False,523,523.0,523,0,0,0,0,False,1.963826963512669e-05,99,0.82638663,False,504,20.0,523.0,399.0,399.0,-0.0001642145909963,-0.0016780991559358,10.218940629780302,-0.0015138845649394,0.9383520882629836,-0.0003957076160734,-1.237169714618477e-05,-0.0018393509141525,148.6740980173296,101,101,candidate_knee,379.0,125.0,0.6707351608416947,0.0413494219944823,399.0,candidate_knee,0.0,386.0,candidate_knee,-13.0,402.0,candidate_knee,3.0,0.7534791252485089,0.762906309751434,True,True,True,False,,4.8,False,3.0896020056249163,2.347305951437806,0.0,50,False,False,True,1.0364805,0.9400759893182139,349.0,398.0,0,0,0,50,1.0469168,1.046703706,-0.0004319323361344532,50,1.04423435,1.044030046,-0.00038801517887153734,0,,,,50,30.98830063652086,30.98925283872287,0.0015707255612240792,50,32.39722067430461,32.355270991174706,0.0023677067415814523,50,10.52529083333405,10.529955299999799,0.005040914685910965,50,10.52529083333405,10.529955299999799,0.005040914685910965,50,1.0027073971478209,1.0025577852054255,-4.112919673864647e-05,400.0,449.0,0,0,0,50,1.0106909499999999,1.0110821932,-0.0011577336451380606,50,1.0151115,1.0139783230000001,-0.0009438799678271308,0,,,,50,30.919101044938884,30.920712365600643,0.0026435556873712985,50,32.348538761398146,32.320322429214706,0.0069659414795784635,50,11.025110000001344,11.06687613333366,0.01853095734293885,50,11.025110000001344,11.06687613333366,0.01853095734293885,50,0.9977513599599372,0.9971030170587664,-0.00021388264151314267,-0.036225850000000115,-0.0007258013090036073,-0.029122850000000033,-0.0005558647889555934,,,-0.06919959158197742,0.0010728301261472193,-0.04868191290646706,0.004598234737997011,0.49981916666729376,0.013490042657027888,0.49981916666729376,0.013490042657027888,-0.004956037187883622,-0.0001727534447744962,,0.4319323361344532,1.1577336451380607,0.7258013090036075
B2c46,B2,46,4.8C(80%)-4.8C,4.8C(80%)-4.8C,constant_two_step,4.8,80.0,4.8,4.8,503.0,False,523,523.0,523,0,0,0,0,False,1.963826963512669e-05,99,0.82638663,False,504,20.0,523.0,399.0,399.0,-0.0001642145909963,-0.0016780991559358,10.218940629780302,-0.0015138845649394,0.9383520882629836,-0.0003957076160734,-1.237169714618477e-05,-0.0018393509141525,148.6740980173296,101,101,candidate_knee,379.0,125.0,0.6707351608416947,0.0413494219944823,399.0,candidate_knee,0.0,386.0,candidate_knee,-13.0,402.0,candidate_knee,3.0,0.7534791252485089,0.762906309751434,True,True,True,False,,4.8,False,3.0896020056249163,2.347305951437806,0.0,100,False,False,True,1.0364805,0.9400759893182139,299.0,398.0,0,0,0,100,1.05771675,1.056935453,-0.0003938236885688613,100,1.05348455,1.052637519,-0.00033578837743774415,0,,,,100,30.9858064920502,30.982370219633534,0.0005130029250951661,100,32.375235862497505,32.3497479468153,0.0002545618008824688,100,10.411813333333702,10.439156316666477,0.0036086583558398297,100,10.411813333333702,10.439156316666477,0.0036086583558398297,100,1.003678169798131,1.0040684721296025,-5.3918196364154837e-05,400.0,499.0,0,0,0,100,0.9786480399999999,0.9730568234,-0.0015060852394839456,100,0.9882239100000001,0.9829210357,-0.0012251837063906375,0,,,,100,30.956576424332503,30.94738137895838,0.0006790373913617127,100,32.423394674878715,32.383040248795716,0.0015950347283086468,100,11.632696666665531,12.149424050000148,0.0452809493249274,100,11.632696666665531,12.149424050000148,0.0452809493249274,100,0.9908293110019393,0.9896491294769468,-0.00030112945777969005,-0.07906871000000004,-0.0011122615509150842,-0.06526063999999998,-0.0008893953289528934,,,-0.029230067717698205,0.00016603446626654666,0.048158812381210225,0.001340472927426178,1.2208833333318285,0.04167229096908757,1.2208833333318285,0.04167229096908757,-0.012848858796191687,-0.0002472112614155352,,0.3938236885688613,1.5060852394839457,1.1122615509150844
B3c0,B3,0,5C(67%)-4C-newstructure,5C(67%)-4C,constant_two_step,5.0,67.0,4.0,4.804804804804805,1009.0,False,1008,1008.0,1008,0,0,0,0,False,-5.346195423623609e-06,99,0.8804329,False,989,20.0,1008.0,841.0,841.0,-6.335946946939641e-05,-0.000780828432003,12.323784251069297,-0.0007174689625336,0.9544374604727416,-0.0001181273993052,-2.847167563706881e-05,-0.0006881545043901,24.16979292550592,198,198,candidate_knee,821.0,168.0,0.4841885872812773,0.0220608616466506,842.0,candidate_knee,1.0,841.0,candidate_knee,0.0,843.0,candidate_knee,2.0,0.8309716599190283,0.8343253968253969,True,True,True,True,4.0,5.0,False,3.1716332709564647,2.4383406474855644,0.1527176079691045,50,False,False,True,1.0104623,0.9438690359706451,791.0,840.0,0,0,0,50,1.01745405,1.017237994,-0.00024613600480192404,50,1.0173005000000002,1.0171160240000001,-0.0002441645906362592,50,0.015224910500000001,0.01522627854,-7.862066266508851e-07,50,33.459402818671336,33.41918160748524,-0.005154428111119749,50,35.17608749180132,35.1448851832055,-0.006401957425323664,50,10.048522500003067,10.049809166667051,0.0002901414165316243,50,10.048522500003067,10.049809166667051,0.0002901414165316243,50,1.0001217312290098,1.000119820873175,-1.9123619624341624e-06,842.0,891.0,0,0,0,50,1.0017576,1.0013396016,-0.0003943456345738276,50,1.00176025,1.0013806592,-0.0003895486012004734,50,0.015226196000000001,0.01522802918,2.8102410564222507e-07,50,33.01698703250672,33.02016028093758,-0.0009525544763924535,50,34.76257296964061,34.76150368116933,-0.001521920412127216,50,10.079984999999095,10.084358400000413,0.0011845607042352052,50,10.079984999999095,10.084358400000413,0.0011845607042352052,50,0.9999515887416648,0.9999586124689874,-4.8076745455363066e-06,-0.015696450000000084,-0.00014820962977190358,-0.015540250000000144,-0.0001453840105642142,1.2854999999999117e-06,1.06723073229311e-06,-0.4424157861646165,0.004201873634727295,-0.4135145221607104,0.004880037013196448,0.031462499996028015,0.0008944192877035808,0.031462499996028015,0.0008944192877035808,-0.00017014248734503745,-2.895312583102144e-06,0.008443399388127186,0.24613600480192405,0.3943456345738276,0.14820962977190355
B3c0,B3,0,5C(67%)-4C-newstructure,5C(67%)-4C,constant_two_step,5.0,67.0,4.0,4.804804804804805,1009.0,False,1008,1008.0,1008,0,0,0,0,False,-5.346195423623609e-06,99,0.8804329,False,989,20.0,1008.0,841.0,841.0,-6.335946946939641e-05,-0.000780828432003,12.323784251069297,-0.0007174689625336,0.9544374604727416,-0.0001181273993052,-2.847167563706881e-05,-0.0006881545043901,24.16979292550592,198,198,candidate_knee,821.0,168.0,0.4841885872812773,0.0220608616466506,842.0,candidate_knee,1.0,841.0,candidate_knee,0.0,843.0,candidate_knee,2.0,0.8309716599190283,0.8343253968253969,True,True,True,True,4.0,5.0,False,3.1716332709564647,2.4383406474855644,0.1527176079691045,100,False,False,True,1.0104623,0.9438690359706451,741.0,840.0,0,0,0,100,1.0231085000000002,1.022273696,-0.00020119102190218856,100,1.0229519,1.022103514,-0.00019938676267626857,100,0.015230609999999999,0.015230100290000001,-2.7492580258023716e-07,100,33.530711575630555,33.513131189688856,-0.0032220256161979745,100,35.266543999999996,35.24388572104829,-0.003631877735760859,100,10.044512500000806,10.046303283333197,0.000141741224131111,100,10.044512500000806,10.046303283333197,0.000141741224131111,100,1.000162327215934,1.0001662150571784,-1.7356521913520458e-06,842.0,941.0,0,0,0,100,0.9905243850000001,0.9880961814000001,-0.0005330749602160234,100,0.990719855,0.9883119537999998,-0.0005260032146414649,100,0.0152541445,0.01529778855,2.7269863366336292e-06,100,33.00128189042347,33.00115869059967,-0.00044749466543053695,100,34.747008471610755,34.73830772224136,-0.000677308280870906,100,10.12301083333247,10.157156800000074,0.002999676447633857,100,10.12301083333247,10.157156800000074,0.002999676447633857,100,0.9998129074406892,0.9997783433451007,-7.308520885311701e-06,-0.032584115000000136,-0.0003318839383138348,-0.03223204499999999,-0.00032661645196519634,2.3534500000001873e-05,3.0019121392138666e-06,-0.5294296852070843,0.0027745309507674377,-0.5195355283892411,0.0029545694548899527,0.07849833333166423,0.0028579352235027456,0.07849833333166423,0.0028579352235027456,-0.00034941977524471923,-5.572868693959656e-06,0.15452105989190107,0.20119102190218857,0.5330749602160234,0.33188393831383484
B3c1,B3,1,5.3C(54%)-4C-newstructure,5.3C(54%)-4C,constant_two_step,5.3,54.0,4.0,4.7936687394007915,1063.0,False,1062,1062.0,1062,0,0,0,0,False,-1.4719340754483132e-05,99,0.8802734,False,1043,20.0,1062.0,869.0,869.0,-5.9430219035584014e-05,-0.0007002118773829,11.782084749909458,-0.0006407816583473,0.9756560714541392,-0.0001174109966181,-3.252523174194225e-05,-0.0006668677291918,20.503089247229408,209,209,candidate_knee,849.0,194.0,0.5491381304902906,0.0133681794104631,869.0,candidate_knee,0.0,869.0,candidate_knee,0.0,870.0,candidate_knee,1.0,0.8147792706333973,0.8182674199623352,True,True,True,True,4.0,5.3,False,3.1978258820176104,2.45137343974785,0.2577384657782616,50,False,False,True,1.010301,0.9461090169728212,819.0,868.0,0,0,0,50,1.01642785,1.0162553619999999,-0.0002231862809123627,50,1.01628305,1.01601911,-0.00022146644417767538,50,0.0153185035,0.015332917699999999,2.262917310924368e-06,50,36.58802765045854,36.52623985636695,-0.011670967104271773,50,40.563304078701705,40.504592875650104,-0.009131025756741303,50,10.04161749999815,10.041737900001152,2.747875152743131e-05,50,10.04161749999815,10.041737900001152,2.747875152743131e-05,50,1.0002370385109909,1.0002324546025694,-1.642572423424948e-06,870.0,919.0,0,0,0,50,1.0020462,1.0017592032,-0.00035807311980792024,50,1.00190515,1.0016719090000001,-0.00035432056422569425,50,0.0153995505,0.015401104179999998,8.420296278511984e-07,50,36.30003412810233,36.296989415679924,0.0005964880549846188,50,40.32526500392076,40.33257952732041,-0.0003125051344493017,50,10.053068333332583,10.055123199999954,0.0005770789916325657,50,10.053068333332583,10.055123199999954,0.0005770789916325657,50,1.000097112613655,1.0000868738749256,-3.719404238464936e-06,-0.014381649999999802,-0.00013488683889555754,-0.014377899999999944,-0.00013285412004801887,8.104699999999902e-05,-1.4208876830731698e-06,-0.28799352235621,0.012267455159256391,-0.23803907478094288,0.008818520622292,0.01145083333443253,0.0005496002401051345,0.01145083333443253,0.0005496002401051345,-0.00013992589733580196,-2.0768318150399876e-06,0.529079097054089,0.2231862809123627,0.3580731198079202,0.13488683889555753
B3c1,B3,1,5.3C(54%)-4C-newstructure,5.3C(54%)-4C,constant_two_step,5.3,54.0,4.0,4.7936687394007915,1063.0,False,1062,1062.0,1062,0,0,0,0,False,-1.4719340754483132e-05,99,0.8802734,False,1043,20.0,1062.0,869.0,869.0,-5.9430219035584014e-05,-0.0007002118773829,11.782084749909458,-0.0006407816583473,0.9756560714541392,-0.0001174109966181,-3.252523174194225e-05,-0.0006668677291918,20.503089247229408,209,209,candidate_knee,849.0,194.0,0.5491381304902906,0.0133681794104631,869.0,candidate_knee,0.0,869.0,candidate_knee,0.0,870.0,candidate_knee,1.0,0.8147792706333973,0.8182674199623352,True,True,True,True,4.0,5.3,False,3.1978258820176104,2.45137343974785,0.2577384657782616,100,False,False,True,1.010301,0.9461090169728212,769.0,868.0,0,0,0,100,1.0213681000000001,1.0207696759999998,-0.00018122561896189758,100,1.02104115,1.020505459,-0.00017994319411941673,100,0.0152985585,0.015296784180000005,1.6359601080108147e-06,100,36.67834671876494,36.63175146784387,-0.005205973151488295,100,40.644792499999994,40.61895759418206,-0.0048928170879398636,100,10.041497500000212,10.041579116667387,8.10910093146021e-06,100,10.041497500000212,10.041579116667387,8.10910093146021e-06,100,1.0002651242668796,1.0002587315651417,-1.2117018784153208e-06,870.0,969.0,0,0,0,100,0.99201712,0.9890874432,-0.0005118368532853238,100,0.992038905,0.9891884874999998,-0.0005045055612961296,100,0.015422231,0.0154248019,9.679664326433402e-07,100,36.31532216439681,36.32879013563388,0.0018253278814059305,100,40.344464127014234,40.360989439204445,0.0015622511942671206,100,10.074036666665537,10.091574666666798,0.001519509931004058,100,10.074036666665537,10.091574666666798,0.001519509931004058,100,0.9999592818780201,0.9998945619476914,-7.500806502533842e-06,-0.029350980000000138,-0.0003306112343234262,-0.029002245000000038,-0.0003245623671767129,0.00012367249999999975,-6.679936753674745e-07,-0.3630245543681312,0.007031301032894226,-0.30032837298576,0.006455068282206984,0.03253916666532497,0.0015114008300725977,0.03253916666532497,0.0015114008300725977,-0.0003058423888595563,-6.289104624118521e-06,0.8083931567800964,0.18122561896189757,0.5118368532853238,0.3306112343234262
B3c2,B3,2,5.6C(19%)-4.6C-newstructure,5.6C(19%)-4.6C,constant_two_step,5.6,19.0,4.6,4.803729603729602,1267.0,False,1266,1266.0,1266,0,0,0,0,False,-2.0391179962894333e-05,99,0.88013124,False,1247,20.0,1266.0,988.0,988.0,-5.3186039377431134e-05,-0.000476456090476,8.958292364936431,-0.0004232700510986,0.9862188942434096,-0.0001070924627332,-3.6507367695483166e-05,-0.0004958942342303,13.583401530526167,250,250,candidate_knee,968.0,279.0,0.6127955353112905,0.0084450000792912,988.0,candidate_knee,0.0,988.0,candidate_knee,0.0,989.0,candidate_knee,1.0,0.7768860353130016,0.7804107424960506,True,True,True,True,4.6,5.6,False,3.2282202030566776,2.5115304740203985,0.0862310572082408,50,False,False,True,1.0058218,0.9469057948945581,938.0,987.0,0,0,0,50,1.0105408,1.010282488,-0.00015210977190876498,50,1.0100775,1.0097833840000001,-0.0001505985018007237,50,0.01490848,0.014911198859999999,-9.253905882351578e-07,50,38.92203541758151,38.89035400366116,0.012258502662813295,50,43.11367729060554,43.07196366778024,0.02021670226152701,50,10.071143333330596,10.070598800000269,0.00031165666267820495,50,10.071143333330596,10.070598800000269,0.00031165666267820495,50,1.0004987510111896,1.0004942252226159,-1.4233407327708603e-06,989.0,1038.0,0,0,0,50,0.99951488,0.9993350958,-0.0002540644566626631,50,0.99913371,0.9989542608,-0.00025186039375751126,50,0.0150173605,0.015006513000000004,-1.2706488355341667e-06,50,38.84239981868333,38.84577429561121,0.01022845922238966,50,42.79860659716712,42.805694441503874,0.003492590494146741,50,10.107410000000769,10.106595633333084,0.0005805084433553742,50,10.107410000000769,10.106595633333084,0.0005805084433553742,50,1.0003846663047473,1.0003811239880152,-2.1118064125247935e-06,-0.011025920000000022,-0.00010195468475389814,-0.010943790000000009,-0.00010126189195678757,0.00010888050000000017,-3.4525824729900893e-07,-0.07963559889817873,-0.0020300434404236355,-0.31507069343841465,-0.01672411176738027,0.036266666670172754,0.00026885178067716925,0.036266666670172754,0.00026885178067716925,-0.00011408470644225233,-6.884656797539332e-07,0.7303259621369863,0.15210977190876498,0.25406445666266314,0.10195468475389816
B3c2,B3,2,5.6C(19%)-4.6C-newstructure,5.6C(19%)-4.6C,constant_two_step,5.6,19.0,4.6,4.803729603729602,1267.0,False,1266,1266.0,1266,0,0,0,0,False,-2.0391179962894333e-05,99,0.88013124,False,1247,20.0,1266.0,988.0,988.0,-5.3186039377431134e-05,-0.000476456090476,8.958292364936431,-0.0004232700510986,0.9862188942434096,-0.0001070924627332,-3.6507367695483166e-05,-0.0004958942342303,13.583401530526167,250,250,candidate_knee,968.0,279.0,0.6127955353112905,0.0084450000792912,988.0,candidate_knee,0.0,988.0,candidate_knee,0.0,989.0,candidate_knee,1.0,0.7768860353130016,0.7804107424960506,True,True,True,True,4.6,5.6,False,3.2282202030566776,2.5115304740203985,0.0862310572082408,100,False,False,True,1.0058218,0.9469057948945581,888.0,987.0,0,0,0,100,1.01374355,1.013496855,-0.00012967337833783105,100,1.01319195,1.012969641,-0.0001285288622862303,100,0.014934004,0.014928388149999998,-6.434522832283034e-07,100,38.6528743162998,38.72487158336255,0.007102197771049224,100,42.663751329453035,42.813969749784064,0.01046558736569723,100,10.064008333332216,10.064839700000052,0.00023794601460938524,100,10.064008333332216,10.064839700000052,0.00023794601460938524,100,1.0005226433769359,1.0005203508744167,-1.0647149398513672e-06,989.0,1088.0,0,0,0,100,0.9926129850000001,0.9909368814,-0.0003376547446744646,100,0.992262035,0.9906547305999999,-0.00033379600924092034,100,0.01504405,0.01503307538,9.78805664566452e-07,100,39.02866121970993,38.99160632011788,0.00571659108087149,100,42.84926141096396,42.87514131829217,0.0017702097600008617,100,10.120781666661301,10.13868379999992,0.0012884131813202912,100,10.120781666661301,10.13868379999992,0.0012884131813202912,100,1.000316314545779,1.000283719328232,-3.80979119943431e-06,-0.02113056499999999,-0.00020798136633663357,-0.020929914999999966,-0.00020526714695469003,0.00011004599999999906,1.6222579477947555e-06,0.37578690341013044,-0.0013856066901777337,0.18551008151092674,-0.008695377605696369,0.05677333332908496,0.001050467166710906,0.05677333332908496,0.001050467166710906,-0.00020632883115689893,-2.745076259582943e-06,0.7368820846706553,0.12967337833783105,0.3376547446744646,0.20798136633663356
B3c3,B3,3,5.6C(36%)-4.3C-newstructure,5.6C(36%)-4.3C,constant_two_step,5.6,36.0,4.3,4.8015952143569285,1115.0,False,1114,1114.0,1114,0,0,0,0,False,-1.2654854669140367e-05,99,0.88058406,False,1095,20.0,1114.0,905.0,905.0,-5.7147472222583824e-05,-0.0006314949463535,11.050269098411704,-0.0005743474741309,0.9707904414395804,-0.0001121743012681,-2.9916360551601117e-05,-0.0006149202400744,20.554647314597258,219,219,candidate_knee,885.0,210.0,0.5507793020713702,0.0160880202777207,906.0,candidate_knee,1.0,905.0,candidate_knee,0.0,907.0,candidate_knee,2.0,0.8089579524680073,0.8123877917414721,True,True,True,True,4.3,5.6,False,3.2276226967961965,2.488465593469422,0.1641544023067349,50,False,False,True,1.0073078,0.9460078178164396,855.0,904.0,0,0,0,50,1.0130519,1.0128623639999998,-0.00019920840336134425,50,1.01258355,1.012403908,-0.00019700819207683315,50,0.0151537905,0.015148491880000002,1.2713005522210196e-06,50,38.058199342111976,38.064623163199975,-0.005956631025566679,50,42.274756909673485,42.295200938008,-0.004888704660681795,50,10.066070000004643,10.065824966667376,0.0005071664665631064,50,10.066070000004643,10.065824966667376,0.0005071664665631064,50,1.000444204641704,1.000452754905038,-2.0866763309321693e-06,906.0,955.0,0,0,0,50,0.999942645,0.9997046429999998,-0.00031833588139254575,50,0.99962202,0.9993724066,-0.000315103454982001,50,0.015232006,0.01522621582,2.000654837935132e-06,50,38.01609198867785,38.01449766230208,-0.0024398450308648905,50,42.29507640589123,42.306716917396926,-0.0026081059844214323,50,10.106775833332602,10.1080718999994,0.0012622168067146892,50,10.106775833332602,10.1080718999994,0.0012622168067146892,50,1.000323427582487,1.000332241157254,-3.131143436576035e-06,-0.013109255000000042,-0.0001191274780312015,-0.012961529999999999,-0.00011809526290516782,7.821549999999927e-05,7.293542857141125e-07,-0.04210735343412608,0.003516785994701789,0.02031949621774487,0.0022805986762603624,0.04070583332795863,0.0007550503401515828,0.04070583332795863,0.0007550503401515828,-0.00012077705921686999,-1.0444671056438657e-06,0.5161447889885984,0.19920840336134424,0.31833588139254576,0.11912747803120152
B3c3,B3,3,5.6C(36%)-4.3C-newstructure,5.6C(36%)-4.3C,constant_two_step,5.6,36.0,4.3,4.8015952143569285,1115.0,False,1114,1114.0,1114,0,0,0,0,False,-1.2654854669140367e-05,99,0.88058406,False,1095,20.0,1114.0,905.0,905.0,-5.7147472222583824e-05,-0.0006314949463535,11.050269098411704,-0.0005743474741309,0.9707904414395804,-0.0001121743012681,-2.9916360551601117e-05,-0.0006149202400744,20.554647314597258,219,219,candidate_knee,885.0,210.0,0.5507793020713702,0.0160880202777207,906.0,candidate_knee,1.0,905.0,candidate_knee,0.0,907.0,candidate_knee,2.0,0.8089579524680073,0.8123877917414721,True,True,True,True,4.3,5.6,False,3.2276226967961965,2.488465593469422,0.1641544023067349,100,False,False,True,1.0073078,0.9460078178164396,805.0,904.0,0,0,0,100,1.0175402,1.017130052,-0.00017126281308130423,100,1.01708685,1.0166401300000003,-0.00016977490189018973,100,0.015116870000000001,0.015123907069999996,8.866123312330934e-07,100,38.23951138922908,38.20026832679935,-0.004655079456105097,100,42.51144496690539,42.45580371383743,-0.005549891299857128,100,10.05371916666627,10.057164366667235,0.0003432758275798155,100,10.05371916666627,10.057164366667235,0.0003432758275798155,100,1.0004801903121519,1.0004817112100344,-1.383786028135756e-06,906.0,1005.0,0,0,0,100,0.9911703199999999,0.9890141503000001,-0.0004314233276327621,100,0.99097669,0.9888117173999998,-0.00042631484980498334,100,0.015270047500000002,0.015289799919999998,2.638647800780153e-06,100,38.06339108483721,38.08866312305581,0.0027145456962791668,100,42.32084374827015,42.3250553271765,0.0005722806488274888,100,10.142509166663512,10.163257166666211,0.0022687576157681363,100,10.142509166663512,10.163257166666211,0.0022687576157681363,100,1.0002312908681539,1.000202855139051,-5.095498362957178e-06,-0.026369880000000068,-0.0002601605145514579,-0.026110160000000104,-0.0002565399479147936,0.0001531775000000006,1.7520354695470598e-06,-0.17612030439187265,0.0073696251523842635,-0.19060121863523705,0.006122171948684617,0.08878999999724257,0.0019254817881883208,0.08878999999724257,0.0019254817881883208,-0.00024889944399797415,-3.711712334821422e-06,1.0132884651386207,0.17126281308130423,0.43142332763276214,0.26016051455145794
B3c4,B3,4,5.6C(19%)-4.6C-newstructure,5.6C(19%)-4.6C,constant_two_step,5.6,19.0,4.6,4.803729603729602,1048.0,False,1047,1047.0,1047,0,0,0,0,False,-5.233104514533014e-06,99,0.88001466,False,1028,20.0,1047.0,817.0,817.0,-6.395715845691135e-05,-0.0006126567932382,9.579174685363292,-0.0005486996347813,0.9625840224864286,-0.0001343443836231,-2.8207468830112546e-05,-0.0006539192073805,23.182484444775103,206,206,candidate_knee,797.0,231.0,0.5961216952187327,0.0223044759436561,817.0,candidate_knee,0.0,817.0,candidate_knee,0.0,819.0,candidate_knee,2.0,0.7760467380720545,0.7803247373447947,True,True,True,True,4.6,5.6,False,3.156894787564546,2.4222578050657244,0.0822791227604695,50,False,False,True,1.0164474,0.9458435816655598,767.0,816.0,0,0,0,50,1.02293395,1.0226869219999999,-0.00023240581512604932,50,1.02274065,1.022495776,-0.0002308718847538996,50,0.0151539875,0.01514273264,1.9086409603842355e-06,50,33.31407275217454,33.3213793112837,-0.006475465765296562,50,34.316907962603935,34.331649255783404,-0.00861408646761586,50,10.100836666669542,10.100055366667142,0.0007737756702946829,50,10.100836666669542,10.100055366667142,0.0007737756702946829,50,1.0001884664500311,1.0001868742236242,-1.4579063191315997e-06,818.0,867.0,0,0,0,50,1.0089681499999998,1.008855582,-0.00032119697959183435,50,1.0088781,1.0087830159999998,-0.0003178653925570239,50,0.015239271,0.015230627180000001,3.289215414165769e-06,50,32.933834202896136,33.004880613622134,-0.014095559308885324,50,33.876372555258165,33.95697878648109,-0.013394476392324975,50,10.149239166670789,10.149293033334116,0.0015010558623625048,50,10.149239166670789,10.149293033334116,0.0015010558623625048,50,1.0000874404555575,1.0000717332137306,-3.2735671299656357e-06,-0.01396580000000025,-8.879116446578502e-05,-0.013862550000000029,-8.699350780312431e-05,8.528349999999997e-05,1.3805744537815335e-06,-0.3802385492784026,-0.007620093543588762,-0.4405354073457701,-0.004780389924709116,0.048402500001246906,0.0007272801920678219,0.048402500001246906,0.0007272801920678219,-0.0001010259944735914,-1.815660810834036e-06,0.5627792684928634,0.23240581512604933,0.32119697959183435,0.08879116446578503
B3c4,B3,4,5.6C(19%)-4.6C-newstructure,5.6C(19%)-4.6C,constant_two_step,5.6,19.0,4.6,4.803729603729602,1048.0,False,1047,1047.0,1047,0,0,0,0,False,-5.233104514533014e-06,99,0.88001466,False,1028,20.0,1047.0,817.0,817.0,-6.395715845691135e-05,-0.0006126567932382,9.579174685363292,-0.0005486996347813,0.9625840224864286,-0.0001343443836231,-2.8207468830112546e-05,-0.0006539192073805,23.182484444775103,206,206,candidate_knee,797.0,231.0,0.5961216952187327,0.0223044759436561,817.0,candidate_knee,0.0,817.0,candidate_knee,0.0,819.0,candidate_knee,2.0,0.7760467380720545,0.7803247373447947,True,True,True,True,4.6,5.6,False,3.156894787564546,2.4222578050657244,0.0822791227604695,100,False,False,True,1.0164474,0.9458435816655598,717.0,816.0,0,0,0,100,1.02802155,1.027457484,-0.0001921185334533406,100,1.02775375,1.027238082,-0.00019094261026102367,100,0.0151303665,0.015130890950000002,4.5599032103206427e-07,100,33.31861497014447,33.31873116294034,-2.009778454044458e-05,100,34.32550953824323,34.33065538607145,-0.0004523625007620503,100,10.083372499995555,10.08779268333347,0.0004904014901614763,100,10.083372499995555,10.08779268333347,0.0004904014901614763,100,1.0002133186936009,1.000213413160389,-1.1060218166299903e-06,818.0,917.0,0,0,0,100,1.0004857999999999,0.9993369741000001,-0.00038239586180618533,100,1.0004021,0.9993385539999998,-0.0003792318695469491,100,0.0152924055,0.01531112766,3.4263716411640956e-06,100,32.81714876990942,32.880349443816705,-0.006205803650060477,100,33.809810104901885,33.837364293874536,-0.006124653641401417,100,10.18621249999851,10.200366883333773,0.0020969686668529538,100,10.18621249999851,10.200366883333773,0.0020969686668529538,100,1.0000011062554026,0.9999974140374046,-3.172388496824553e-06,-0.027535750000000192,-0.00019027732835284473,-0.02735164999999995,-0.00018828925928592543,0.00016203899999999924,2.9703813201320312e-06,-0.5014662002350505,-0.006185705865520032,-0.5156994333413465,-0.005672291140639367,0.10284000000295457,0.0016065671766914776,0.10284000000295457,0.0016065671766914776,-0.00021221243819824487,-2.0663666801945623e-06,1.07095224692673,0.1921185334533406,0.38239586180618534,0.19027732835284475
B3c5,B3,5,5.6C(36%)-4.3C-newstructure,5.6C(36%)-4.3C,constant_two_step,5.6,36.0,4.3,4.8015952143569285,828.0,False,827,827.0,827,0,0,0,0,False,-1.6020900432900766e-05,99,0.88066918,False,808,20.0,827.0,681.0,681.0,-8.413821629879262e-05,-0.0007670785388322,9.1168861496686,-0.0006829403225334,0.9362385683489274,-0.0001433492957333,-3.3731676030716e-05,-0.0007104978465509,21.06322395317651,162,162,candidate_knee,661.0,147.0,0.2865001044498159,0.0182676568279021,682.0,candidate_knee,1.0,681.0,candidate_knee,0.0,684.0,candidate_knee,3.0,0.8190830235439901,0.8234582829504232,True,True,True,True,4.3,5.6,False,3.2443022985424745,2.495061915234863,0.16636891751921,50,False,False,True,0.99214733,0.9418525900612474,631.0,680.0,0,0,0,50,0.99893188,0.9987585414000002,-0.00024605155774309103,50,0.9985882049999999,0.9984830677999998,-0.00024446286722690046,50,0.015137821999999999,0.01513895116,1.5208468667466065e-06,50,38.610351317075,38.62979932090929,-5.3635223997289955e-06,50,42.89992992799037,42.875791720502654,0.003776020856826296,50,10.119817500000742,10.120044599999984,0.000948455862342062,50,10.119817500000742,10.120044599999984,0.000948455862342062,50,1.0002675368925127,1.0002758172613329,-1.522238867178771e-06,682.0,731.0,0,0,0,50,0.98376125,0.9831804578000001,-0.0003841046496998776,50,0.983556035,0.9830620480000001,-0.0003792312211284484,50,0.0152900615,0.015300712499999997,5.3264195438177135e-06,50,31.994999726308414,33.366621389110676,-0.13661858427944137,50,32.12878462678454,34.50524698910667,-0.229181584659275,50,10.195011666667416,10.203402800000196,0.0026397184473775414,50,10.195011666667416,10.203402800000196,0.0026397184473775414,50,1.0001421822878611,1.000120047747837,-4.920759285041126e-06,-0.015170629999999963,-0.00013805309195678655,-0.0150321699999999,-0.00013476835390154794,0.00015223950000000167,3.805572677071107e-06,-6.615351590766586,-0.13661322075704163,-10.771145301205834,-0.23295760551610128,0.07519416666667311,0.0016912625850354795,0.07519416666667311,0.0016912625850354795,-0.000125354604651573,-3.398520417862355e-06,1.0056895899555542,0.24605155774309104,0.38410464969987757,0.13805309195678653
B3c5,B3,5,5.6C(36%)-4.3C-newstructure,5.6C(36%)-4.3C,constant_two_step,5.6,36.0,4.3,4.8015952143569285,828.0,False,827,827.0,827,0,0,0,0,False,-1.6020900432900766e-05,99,0.88066918,False,808,20.0,827.0,681.0,681.0,-8.413821629879262e-05,-0.0007670785388322,9.1168861496686,-0.0006829403225334,0.9362385683489274,-0.0001433492957333,-3.3731676030716e-05,-0.0007104978465509,21.06322395317651,162,162,candidate_knee,661.0,147.0,0.2865001044498159,0.0182676568279021,682.0,candidate_knee,1.0,681.0,candidate_knee,0.0,684.0,candidate_knee,3.0,0.8190830235439901,0.8234582829504232,True,True,True,True,4.3,5.6,False,3.2443022985424745,2.495061915234863,0.16636891751921,100,False,False,True,0.99214733,0.9418525900612474,581.0,680.0,0,0,0,100,1.00462735,1.0040517847,-0.00021135874341434165,100,1.00431855,1.0037467599,-0.0002102562730873078,100,0.0151236215,0.0151298198,2.796437083707836e-07,100,38.471350137958694,37.91443328173001,0.0367262664369157,100,42.753747919922496,41.826068347387036,0.055200894725499425,100,10.097129166667582,10.10351484999988,0.0006574525552608422,100,10.097129166667582,10.10351484999988,0.0006574525552608422,100,1.000302501980825,1.000303701348491,-1.037109847764531e-06,682.0,781.0,0,0,0,100,0.97262636,0.9693010928999999,-0.0005632717837983776,100,0.972685695,0.9694070086,-0.0005541787272727248,100,0.015433711,0.015451393869999998,6.214574227422662e-06,100,31.874853067659018,32.59367002366188,-0.040396404219707485,100,32.00486345102114,33.221568614986516,-0.06727076328679668,100,10.280971666666058,10.33311195000005,0.005403663956388166,100,10.280971666666058,10.33311195000005,0.005403663956388166,100,0.9999466551209176,0.9998859780564249,-9.511726526199791e-06,-0.03200099000000001,-0.000351913040384036,-0.031632855000000015,-0.000343922454185417,0.00031008949999999924,5.934930519051878e-06,-6.596497070299677,-0.07712267065662318,-10.748884468901359,-0.1224716580122961,0.18384249999847668,0.004746211401127324,0.18384249999847668,0.004746211401127324,-0.000355846859907305,-8.47461667843526e-06,2.050365383714471,0.21135874341434166,0.5632717837983776,0.3519130403840359
B3c6,B3,6,3.7C(31%)-5.9C-newstructure,3.7C(31%)-5.9C,constant_two_step,3.7,31.0,5.9,4.795167490389896,667.0,False,666,666.0,666,0,0,0,0,False,-0.0002023977884972,99,0.88052577,False,647,20.0,666.0,464.0,464.0,-0.0002095828770554,-0.000393882238406,1.8793626842988855,-0.0001842993613505,0.9655093792722328,-0.0002524427272544,-0.0002040944680386,-0.0004176134250092,2.046177091532912,130,130,candidate_knee,444.0,203.0,0.0315754031473983,0.0010890552542832,465.0,candidate_knee,1.0,464.0,candidate_knee,0.0,465.0,candidate_knee,1.0,0.6873065015479877,0.6966966966966966,True,True,True,True,5.9,5.9,False,3.2841764486326537,2.49290610206167,0.2145605513936382,50,False,False,True,0.96492022,0.9156716446945822,414.0,463.0,0,0,0,50,0.972022235,0.9718722486,-0.0002586691807923154,50,0.97200841,0.9716980963999999,-0.00025680231548619157,50,0.014577721,0.014586418760000002,3.429122593037305e-06,50,35.714494763202225,35.650574094372274,-8.275346182693738e-05,50,39.225061499999995,39.192491537852455,0.0009588190122092019,50,10.86554166666659,10.870903966666663,0.004272144617853476,50,10.86554166666659,10.870903966666663,0.004272144617853476,50,1.0001912248492881,1.000179146366414,-1.870291762763478e-06,465.0,514.0,0,0,0,50,0.956686795,0.9565020569999999,-0.00033837042448979656,50,0.95658079,0.9564040696,-0.0003368006578631444,50,0.014758773,0.014770628099999999,4.5485981752700805e-06,50,35.70822352208923,35.714306377238465,0.0015765788680533704,50,39.365948,39.29523233624946,0.001602766038272573,50,11.109101666667266,11.119660866666194,0.005913786634651058,50,11.109101666667266,11.119660866666194,0.005913786634651058,50,1.0000857792660778,1.000102338825803,-1.6038032224601511e-06,-0.015335439999999978,-7.970124369748114e-05,-0.015427620000000086,-7.999834237695281e-05,0.00018105199999999926,1.1194755822327754e-06,-0.006271241112997927,0.0016593323298803079,0.1408865000000077,0.0006439470260633712,0.24356000000067546,0.001641642016797582,0.24356000000067546,0.001641642016797582,-0.00010544558321035069,2.664885403033268e-07,1.24197739825038,0.25866918079231543,0.33837042448979654,0.0797012436974811
B3c6,B3,6,3.7C(31%)-5.9C-newstructure,3.7C(31%)-5.9C,constant_two_step,3.7,31.0,5.9,4.795167490389896,667.0,False,666,666.0,666,0,0,0,0,False,-0.0002023977884972,99,0.88052577,False,647,20.0,666.0,464.0,464.0,-0.0002095828770554,-0.000393882238406,1.8793626842988855,-0.0001842993613505,0.9655093792722328,-0.0002524427272544,-0.0002040944680386,-0.0004176134250092,2.046177091532912,130,130,candidate_knee,444.0,203.0,0.0315754031473983,0.0010890552542832,465.0,candidate_knee,1.0,464.0,candidate_knee,0.0,465.0,candidate_knee,1.0,0.6873065015479877,0.6966966966966966,True,True,True,True,5.9,5.9,False,3.2841764486326537,2.49290610206167,0.2145605513936382,100,False,False,True,0.96492022,0.9156716446945822,364.0,463.0,0,0,0,100,0.97793591,0.9778068131999998,-0.0002387522969096938,100,0.9777642200000001,0.9775988054,-0.00023738189402940525,100,0.0145229885,0.014529112970000002,2.4693405280526997e-06,100,35.46995591806619,35.47214455360729,0.005664160528786386,100,39.1041185,38.999914225918594,0.0065209605093741255,100,10.77358916666708,10.786208266666685,0.003468029182917447,100,10.77358916666708,10.786208266666685,0.003468029182917447,100,1.0002170009335012,1.0002125123489751,-1.3511368235650975e-06,465.0,564.0,0,0,0,100,0.9480191149999999,0.9472000402999999,-0.00038000739039903886,100,0.947962165,0.9471660482000002,-0.00037744629090908673,100,0.0148436305,0.01486867657,3.8885541494148775e-06,100,35.78173325982051,35.76651892983807,0.0012460961730425657,100,39.461102391570236,39.383687567829995,0.0026298586281217513,100,11.257207499999398,11.265813249999773,0.005767417611768433,100,11.257207499999398,11.265813249999773,0.005767417611768433,100,1.000100742963633,1.0000362075383558,-2.635026036113405e-06,-0.029916795000000107,-0.00014125509348934505,-0.029802055000000105,-0.00014006439687968148,0.00032064199999999946,1.4192136213621778e-06,0.3117773417543219,-0.00441806435574382,0.3569838915702377,-0.003891101881252374,0.4836183333323181,0.0022993884288509863,0.4836183333323181,0.0022993884288509863,-0.00011625796986813874,-1.2838892125483077e-06,2.207823823588371,0.2387522969096938,0.38000739039903886,0.14125509348934506
B3c7,B3,7,4.8C(80%)-4.8C-newstructure,4.8C(80%)-4.8C,constant_two_step,4.8,80.0,4.8,4.8,1836.0,False,1835,1835.0,1835,0,0,0,0,False,-2.3574483611627117e-06,99,0.88036358,False,1816,20.0,1835.0,1424.0,1424.0,-4.176050876028228e-05,-0.0003083736542464,7.384336623305223,-0.0002666131454861,0.9692297601308052,-7.662512849997967e-05,-2.1204481384120153e-05,-0.0003272747941666,15.4342277105489,364,364,candidate_knee,1404.0,412.0,0.7880292497747723,0.0242478490395114,1424.0,candidate_knee,0.0,1424.0,candidate_knee,0.0,1425.0,candidate_knee,1.0,0.7735537190082644,0.7760217983651226,True,True,True,True,,4.8,False,2.923288994261937,2.293989774481738,0.0,50,False,False,True,1.0077586,0.9415336642009954,1374.0,1423.0,0,0,0,50,1.01133985,1.01123882,-0.00013215931812725633,50,1.0113713500000001,1.011303604,-0.0001328254981992836,50,0.015563124000000001,0.015562660199999996,-8.512134453782249e-07,50,34.2379851747217,34.250347592812034,0.0020651466395393107,50,35.869577241775794,35.88328404396788,0.0015732046077704565,50,11.05032249999931,11.050314833333717,0.00016549379751758334,50,11.05032249999931,11.050314833333717,0.00016549379751758334,50,0.9999644806980885,0.9999359593929806,6.518643370032421e-07,1425.0,1474.0,0,0,0,50,1.0036236,1.0035626962000002,-0.0001691874847538997,50,1.003687,1.0036352236,-0.00016823872268907324,50,0.0155191725,0.015512930360000001,-1.1667105882352402e-06,50,34.345404290594864,34.38028227961143,0.003954536887244153,50,35.974529000000004,35.99627073951236,0.003703793168116282,50,11.060459166668199,11.060773599999955,0.0002590565826132167,50,11.060459166668199,11.060773599999955,0.0002590565826132167,50,0.9999283412545754,0.9999277021578795,-9.573182865771794e-07,-0.007716249999999869,-3.7028166626643376e-05,-0.0076843500000001175,-3.541322448978964e-05,-4.395150000000188e-05,-3.154971428570152e-07,0.10741911587316366,0.0018893902477048422,0.10495175822421032,0.0021305885603458254,0.010136666668888239,9.356278509563336e-05,0.010136666668888239,9.356278509563336e-05,-3.613944351310572e-05,-1.6091826235804217e-06,-0.2824079535702593,0.13215931812725634,0.1691874847538997,0.03702816662664335
B3c7,B3,7,4.8C(80%)-4.8C-newstructure,4.8C(80%)-4.8C,constant_two_step,4.8,80.0,4.8,4.8,1836.0,False,1835,1835.0,1835,0,0,0,0,False,-2.3574483611627117e-06,99,0.88036358,False,1816,20.0,1835.0,1424.0,1424.0,-4.176050876028228e-05,-0.0003083736542464,7.384336623305223,-0.0002666131454861,0.9692297601308052,-7.662512849997967e-05,-2.1204481384120153e-05,-0.0003272747941666,15.4342277105489,364,364,candidate_knee,1404.0,412.0,0.7880292497747723,0.0242478490395114,1424.0,candidate_knee,0.0,1424.0,candidate_knee,0.0,1425.0,candidate_knee,1.0,0.7735537190082644,0.7760217983651226,True,True,True,True,,4.8,False,2.923288994261937,2.293989774481738,0.0,100,False,False,True,1.0077586,0.9415336642009954,1324.0,1423.0,0,0,0,100,1.01452415,1.014258503,-0.00012016749174916963,100,1.0145541,1.0142944969999999,-0.00011924113351336133,100,0.015565316999999999,0.01556357678,-1.8046495049507056e-07,100,34.26682857670314,34.29159475207144,-0.0007783233930510925,100,35.915496657326855,35.93214097369347,-0.0011942894117959871,100,11.04561583333416,11.046802483333199,0.00013630418043260263,100,11.04561583333416,11.046802483333199,0.00013630418043260263,100,0.999973086290584,0.9999644275570531,-9.161224176687518e-07,1425.0,1524.0,0,0,0,100,0.99910134,0.9988307710999998,-0.000189139099129909,100,0.999206215,0.9989131966000002,-0.00018851222094209554,100,0.015502372,0.015503486359999999,-4.2534977497745364e-07,100,34.367227627993,34.387013760962994,0.00024720294422818823,100,35.986906000000005,35.9984314049723,2.1379863971802365e-05,100,11.070141666665828,11.070876200000287,0.00040477371737445653,100,11.070141666665828,11.070876200000287,0.00040477371737445653,100,0.9999059593342976,0.9999173983889251,-6.444219048535113e-07,-0.015422810000000009,-6.897160738073939e-05,-0.015347885000000061,-6.927108742873421e-05,-6.294499999999828e-05,-2.448848244823831e-07,0.10039905128986248,0.0010255263372792806,0.07140934267314947,0.0012156692757677894,0.024525833331667357,0.0002684695369418539,0.024525833331667357,0.0002684695369418539,-6.712695628641185e-05,2.7170051281524045e-07,-0.40439266350950825,0.12016749174916963,0.189139099129909,0.06897160738073937
B3c8,B3,8,5C(67%)-4C-newstructure,5C(67%)-4C,constant_two_step,5.0,67.0,4.0,4.804804804804805,828.0,False,827,827.0,827,0,0,0,0,False,-3.308951144093748e-06,99,0.88094097,False,808,20.0,827.0,685.0,685.0,-7.335331275570595e-05,-0.0009111013317178,12.420725083706996,-0.000837748018962,0.9500132303811544,-0.0001423320371539,-2.957635545845729e-05,-0.0008275075340514,27.97868504162788,162,162,candidate_knee,665.0,143.0,0.3981338547679391,0.0199014252757478,685.0,candidate_knee,0.0,685.0,candidate_knee,0.0,687.0,candidate_knee,2.0,0.8240396530359355,0.8282950423216445,True,True,True,True,4.0,5.0,False,3.139577799802095,2.3960331419694207,0.2834533467425635,50,False,False,True,1.0117078,0.9470767270396511,635.0,684.0,0,0,0,50,1.0201322,1.019632176,-0.0002763127779111703,50,1.02032945,1.019897646,-0.0002723917070828315,50,0.015104734,0.015107060720000001,1.4073681632653334e-06,50,34.792085813243574,34.794384140738934,-0.005978595886425842,50,37.55585584768179,37.57403819183467,-0.005112446490522667,50,10.055399999998432,10.057537999999788,0.0005794120848291818,50,10.055399999998432,10.057537999999788,0.0005794120848291818,50,0.9997723407718591,0.9997394959051016,-3.9115024753585265e-06,686.0,735.0,0,0,0,50,1.00108325,1.0005221236,-0.0004917713344537879,50,1.00155625,1.0009973394,-0.0004858189104441754,50,0.0151751645,0.015166964540000001,1.4996653541416308e-06,50,34.753429534731005,34.78514922400849,0.005619604413386863,50,37.523415854024826,37.55643863768641,0.004848333375424901,50,10.112745000000967,10.115585133333768,0.0019368928371135726,50,10.112745000000967,10.115585133333768,0.0019368928371135726,50,0.9995293981055867,0.9995246323972262,-6.183325881989233e-06,-0.019048949999999953,-0.00021545855654261762,-0.018773200000000045,-0.0002134272033613439,7.043049999999954e-05,9.229719087629743e-08,-0.03865627851256903,0.011598200299812705,-0.032439993656964816,0.009960779865947568,0.05734500000253462,0.001357480752284391,0.05734500000253462,0.001357480752284391,-0.00024294266627233885,-2.2718234066307062e-06,0.46628096860229074,0.27631277791117026,0.4917713344537879,0.21545855654261764
B3c8,B3,8,5C(67%)-4C-newstructure,5C(67%)-4C,constant_two_step,5.0,67.0,4.0,4.804804804804805,828.0,False,827,827.0,827,0,0,0,0,False,-3.308951144093748e-06,99,0.88094097,False,808,20.0,827.0,685.0,685.0,-7.335331275570595e-05,-0.0009111013317178,12.420725083706996,-0.000837748018962,0.9500132303811544,-0.0001423320371539,-2.957635545845729e-05,-0.0008275075340514,27.97868504162788,162,162,candidate_knee,665.0,143.0,0.3981338547679391,0.0199014252757478,685.0,candidate_knee,0.0,685.0,candidate_knee,0.0,687.0,candidate_knee,2.0,0.8240396530359355,0.8282950423216445,True,True,True,True,4.0,5.0,False,3.139577799802095,2.3960331419694207,0.2834533467425635,100,False,False,True,1.0117078,0.9470767270396511,585.0,684.0,0,0,0,100,1.02593835,1.024953899,-0.0002145860504050361,100,1.02610045,1.02515395,-0.00021197390579058044,100,0.015084815,0.01509217346,6.507251485149342e-07,100,34.82809871331399,34.83359666310516,-0.001884571807887122,100,37.57836670947701,37.59762470740206,-0.0013766694553445087,100,10.046559166665732,10.050758283333192,0.000282203790378463,100,10.046559166665732,10.050758283333192,0.000282203790378463,100,0.9998213241006288,0.999804398541136,-2.593295822971803e-06,686.0,785.0,0,0,0,100,0.9870953250000001,0.9834616271000001,-0.0006900711184518417,100,0.9877642099999999,0.9841595846000001,-0.0006810085310531007,100,0.015210485499999999,0.01529252511,5.321365970597026e-06,100,34.99486230968864,34.933992908915485,0.005091445655816629,100,37.70471108324517,37.67416955209249,0.003925919966723022,100,10.177890833333368,10.256864700000579,0.005988890349036724,100,10.177890833333368,10.256864700000579,0.005988890349036724,100,0.9993378422470787,0.9992849802747286,-9.773938452127997e-06,-0.03884302500000003,-0.00047548506804680554,-0.03833624000000002,-0.00046903462526252026,0.00012567049999999934,4.670640822082092e-06,0.16676359637465055,0.006976017463703752,0.12634437376816265,0.00530258942206753,0.13133166666763607,0.005706686558658261,0.13133166666763607,0.005706686558658261,-0.0004834818535501828,-7.180642629156194e-06,0.8330927492315905,0.21458605040503612,0.6900711184518417,0.47548506804680557
B3c9,B3,9,5.3C(54%)-4C-newstructure,5.3C(54%)-4C,constant_two_step,5.3,54.0,4.0,4.7936687394007915,1039.0,False,1038,1038.0,1038,0,0,0,0,False,6.680531849102647e-07,99,0.8801114,False,1019,20.0,1038.0,846.0,846.0,-5.523809345938109e-05,-0.00073580074971,13.320531242649686,-0.0006805626562507,0.9524349617717874,-0.000118923653548,-1.683832349760751e-05,-0.0007055036732371,41.89868862760648,204,204,candidate_knee,826.0,193.0,0.6169887507203103,0.0293470935143886,846.0,candidate_knee,0.0,846.0,candidate_knee,0.0,848.0,candidate_knee,2.0,0.8113948919449901,0.815028901734104,True,True,True,True,4.0,5.3,False,3.1417719062926297,2.3829244615689973,0.2483000741556977,50,False,False,True,1.018893,0.9495831181247018,796.0,845.0,0,0,0,50,1.02517105,1.024987658,-0.00022431016086435433,50,1.02510515,1.024945,-0.000221771793517415,50,0.016160087,0.01616249136,9.900570468187451e-07,50,33.76605359754712,33.76686540927305,-0.00272575369248151,50,36.37292036983588,36.38631704494291,-0.00207128720465902,50,10.064821666665374,10.065681966666753,0.0005187470987684461,50,10.064821666665374,10.065681966666753,0.0005187470987684461,50,1.000036498586267,1.0000415109636471,-2.468282685136791e-06,847.0,896.0,0,0,0,50,1.0110179499999998,1.010721552,-0.0003446436206482544,50,1.0111591999999998,1.010820984,-0.0003367693541416508,50,0.016249098,0.01624828674,1.4122618487395183e-06,50,33.56016086818017,33.57188488139255,-0.0002912483812865895,50,36.192847670099596,36.20423421171452,-0.000125956392604914,50,10.111007500001385,10.11252320000048,0.0013585002000644326,50,10.111007500001385,10.11252320000048,0.0013585002000644326,50,0.9998875033440093,0.9999011443194386,-7.822346335612606e-06,-0.01415310000000014,-0.00012033345978390008,-0.013945950000000096,-0.00011499756062423579,8.901099999999995e-05,4.222048019207732e-07,-0.20589272936695124,0.0024345053111949205,-0.1800726997362858,0.001945330812054106,0.04618583333601123,0.0008397531012959865,0.04618583333601123,0.0008397531012959865,-0.0001489952422577545,-5.354063650475815e-06,0.5508076782012371,0.22431016086435435,0.34464362064825443,0.12033345978390009
B3c9,B3,9,5.3C(54%)-4C-newstructure,5.3C(54%)-4C,constant_two_step,5.3,54.0,4.0,4.7936687394007915,1039.0,False,1038,1038.0,1038,0,0,0,0,False,6.680531849102647e-07,99,0.8801114,False,1019,20.0,1038.0,846.0,846.0,-5.523809345938109e-05,-0.00073580074971,13.320531242649686,-0.0006805626562507,0.9524349617717874,-0.000118923653548,-1.683832349760751e-05,-0.0007055036732371,41.89868862760648,204,204,candidate_knee,826.0,193.0,0.6169887507203103,0.0293470935143886,846.0,candidate_knee,0.0,846.0,candidate_knee,0.0,848.0,candidate_knee,2.0,0.8113948919449901,0.815028901734104,True,True,True,True,4.0,5.3,False,3.1417719062926297,2.3829244615689973,0.2483000741556977,100,False,False,True,1.018893,0.9495831181247018,746.0,845.0,0,0,0,100,1.0303634,1.0298727540000001,-0.00019521260126012348,100,1.0303086,1.029793682,-0.00019359850945094287,100,0.0161310545,0.01611794594,1.5612227182718449e-06,100,33.90420000371994,33.995837685105165,-0.007857958760809114,100,36.542468310950035,36.601642526552446,-0.007387471916223735,100,10.05333250000064,10.05616048333336,0.00037232532252178723,100,10.05333250000064,10.05616048333336,0.00037232532252178723,100,1.0000700070872628,1.000076539922372,-1.554689338777569e-06,847.0,946.0,0,0,0,100,1.00134455,0.9989865337999998,-0.0004725298153015294,100,1.0015891,0.9992434103,-0.0004658566589258932,100,0.016295503,0.01631227551,2.5092331173116236e-06,100,33.53066191851773,33.535150961046135,-0.0009515620448739346,100,36.170289945760274,36.17285201553876,-0.0007578940759633945,100,10.153637499998634,10.176907633333313,0.0026254036803547228,100,10.153637499998634,10.176907633333313,0.0026254036803547228,100,0.9997559495943782,0.9997403084635899,-6.812897843235939e-06,-0.02901884999999993,-0.0002773172140414059,-0.02871950000000001,-0.0002722581494749503,0.0001644485000000008,9.480103990397788e-07,-0.3735380852022132,0.006906396715935179,-0.372178365189761,0.006629577840260341,0.10030499999799503,0.0022530783578329355,0.10030499999799503,0.0022530783578329355,-0.0003140574928846007,-5.25820850445837e-06,1.0194528820171107,0.19521260126012346,0.4725298153015294,0.2773172140414059
B3c10,B3,10,4.8C(80%)-4.8C-newstructure,4.8C(80%)-4.8C,constant_two_step,4.8,80.0,4.8,4.8,1078.0,False,1077,1077.0,1077,0,0,0,0,False,-2.875965367965766e-06,99,0.88064086,False,1058,20.0,1077.0,875.0,875.0,-5.664871594855792e-05,-0.0006862494784123,12.11412239309271,-0.0006296007624638,0.9757379011356002,-0.0001170128525584,-2.6619014273425748e-05,-0.0006673312968439,25.069722341677235,212,212,candidate_knee,855.0,203.0,0.5945024575821349,0.0144238774009863,875.0,candidate_knee,0.0,875.0,candidate_knee,0.0,876.0,candidate_knee,1.0,0.8088930936613056,0.8124419684308264,True,True,True,True,,4.8,False,2.949237492885185,2.326036129486666,0.0,50,False,False,True,1.0098758,0.9486967202527038,825.0,874.0,0,0,0,50,1.0154978,1.0152823679999998,-0.00019349997599040302,50,1.01534655,1.015161258,-0.00019190214165665942,50,0.0155055265,0.01550090804,1.946518127251002e-06,50,33.31981752275711,33.323178851349354,-0.006594808900358779,50,36.4591255,36.47240481277362,-0.005778130709337889,50,11.091522500000428,11.092511833333722,0.0007617308523226034,50,11.091522500000428,11.092511833333722,0.0007617308523226034,50,1.0001287163130834,1.0001192402623758,-1.552143323387306e-06,876.0,925.0,0,0,0,50,1.00275025,1.0021777536,-0.0003458898324129707,50,1.0026899,1.0022078158,-0.000339742144057627,50,0.0155761405,0.015582288020000001,2.7754494597839676e-06,50,33.21589524230187,33.21154096269776,-0.003982299921161084,50,36.372275828651965,36.371270956747765,-0.004637317784987028,50,11.144569999996262,11.14542629999947,0.0016278952380256516,50,11.144569999996262,11.14542629999947,0.0016278952380256516,50,0.9999661381200312,0.9999695675745661,-6.1498014406168375e-06,-0.01274754999999983,-0.00015238985642256766,-0.012656650000000047,-0.0001478400024009676,7.06140000000001e-05,8.289313325329658e-07,-0.10392228045524377,0.0026125089791976946,-0.08684967134803401,0.0011408129243508612,0.05304749999583436,0.0008661643857030482,0.05304749999583436,0.0008661643857030482,-0.00016257819305220966,-4.597658117229531e-06,0.4554118171995004,0.19349997599040303,0.34588983241297067,0.15238985642256764
B3c10,B3,10,4.8C(80%)-4.8C-newstructure,4.8C(80%)-4.8C,constant_two_step,4.8,80.0,4.8,4.8,1078.0,False,1077,1077.0,1077,0,0,0,0,False,-2.875965367965766e-06,99,0.88064086,False,1058,20.0,1077.0,875.0,875.0,-5.664871594855792e-05,-0.0006862494784123,12.11412239309271,-0.0006296007624638,0.9757379011356002,-0.0001170128525584,-2.6619014273425748e-05,-0.0006673312968439,25.069722341677235,212,212,candidate_knee,855.0,203.0,0.5945024575821349,0.0144238774009863,875.0,candidate_knee,0.0,875.0,candidate_knee,0.0,876.0,candidate_knee,1.0,0.8088930936613056,0.8124419684308264,True,True,True,True,,4.8,False,2.949237492885185,2.326036129486666,0.0,100,False,False,True,1.0098758,0.9486967202527038,775.0,874.0,0,0,0,100,1.01980305,1.019353896,-0.00016412177017702316,100,1.01962445,1.0192019630000002,-0.00016292877107710878,100,0.015465142500000001,0.015463187019999998,1.6935738493849202e-06,100,33.424663288728254,33.48415303797348,-0.007608536703342971,100,36.55648939179797,36.608826634337305,-0.006518685395447823,100,11.076170833335103,11.079028916667294,0.000561812571246561,100,11.076170833335103,11.079028916667294,0.000561812571246561,100,1.0001449955621022,1.0001489156101122,-1.148207055897448e-06,876.0,975.0,0,0,0,100,0.9923464049999999,0.9889914303000001,-0.0005285430967296767,100,0.9925812199999999,0.9892021691,-0.0005216760193819407,100,0.015648237500000002,0.01565918233,3.1725137173717554e-06,100,33.2456086338879,33.24341785175864,0.0008840686877431265,100,36.39202483974449,36.39565315325133,0.0005708632142474212,100,11.190849166666158,11.218917216666975,0.0030177436243842837,100,11.190849166666158,11.218917216666975,0.0030177436243842837,100,0.9997833586249301,0.9997838686582945,-7.069347784489462e-06,-0.027456645000000002,-0.00036442132655265354,-0.027043230000000085,-0.00035874724830483196,0.00018309500000000117,1.4789398679868351e-06,-0.17905465484035687,0.008492605391086098,-0.16446455205348087,0.007089548609695244,0.11467833333105482,0.0024559310531377227,0.11467833333105482,0.0024559310531377227,-0.0003616369371721717,-5.9211407285920145e-06,1.1839205490670466,0.16412177017702315,0.5285430967296767,0.3644213265526536
B3c11,B3,11,5.6C(19%)-4.6C-newstructure,5.6C(19%)-4.6C,constant_two_step,5.6,19.0,4.6,4.803729603729602,817.0,False,816,816.0,816,0,0,0,0,False,-1.768216573902283e-05,99,0.88113368,False,797,20.0,816.0,643.0,643.0,-8.743924842362748e-05,-0.0007406996333054,8.471020127219244,-0.0006532603848818,0.9436850311582046,-0.0001668333584505,-3.95479539728115e-05,-0.0007816985782037,19.765841204860862,160,160,candidate_knee,623.0,174.0,0.3769267666734273,0.0212266191208527,644.0,candidate_knee,1.0,643.0,candidate_knee,0.0,647.0,candidate_knee,4.0,0.7826633165829145,0.7879901960784313,True,True,True,True,4.6,5.6,False,3.1350669928169452,2.394525293827765,0.0811379633805567,50,False,False,True,1.0094513,0.9433539772255234,593.0,642.0,0,0,0,50,1.0164835,1.016329316,-0.0002588711164465743,50,1.01645055,1.016323988,-0.0002564011140456211,50,0.0154955785,0.01551244514,2.5169077070827756e-06,50,36.26880386206146,36.28210289414925,0.002929142412617134,50,40.90520080645837,40.9145814651574,0.0031323794719672195,50,10.185197500001717,10.188946033333506,0.0013494440175734412,50,10.185197500001717,10.188946033333506,0.0013494440175734412,50,0.9999763109343909,1.0000051443916351,-2.437946722319881e-06,644.0,693.0,0,0,0,50,1.0006768,1.0003969089999998,-0.00037746172340935645,50,1.0008624,1.0005472496,-0.0003735973186074387,50,0.0157360395,0.01571206978,5.202288451380684e-06,50,36.23576520872478,36.26497960509376,-0.0032561984153297043,50,40.929775,40.94836635689969,-0.0013520299189665908,50,10.300328333332436,10.299696433333292,0.0030913799919515695,50,10.300328333332436,10.299696433333292,0.0030913799919515695,50,0.9998456066928832,0.9998494384576919,-3.918401214215776e-06,-0.015806700000000173,-0.00011859060696278213,-0.015588150000000134,-0.00011719620456181759,0.00024046100000000084,2.685380744297908e-06,-0.03303865333668199,-0.006185340827946839,0.024574193541631928,-0.0044844093909338105,0.11513083333071883,0.0017419359743781283,0.11513083333071883,0.0017419359743781283,-0.00013070424150762872,-1.4804544918958947e-06,1.5518039549152738,0.2588711164465743,0.37746172340935646,0.11859060696278217
B3c11,B3,11,5.6C(19%)-4.6C-newstructure,5.6C(19%)-4.6C,constant_two_step,5.6,19.0,4.6,4.803729603729602,817.0,False,816,816.0,816,0,0,0,0,False,-1.768216573902283e-05,99,0.88113368,False,797,20.0,816.0,643.0,643.0,-8.743924842362748e-05,-0.0007406996333054,8.471020127219244,-0.0006532603848818,0.9436850311582046,-0.0001668333584505,-3.95479539728115e-05,-0.0007816985782037,19.765841204860862,160,160,candidate_knee,623.0,174.0,0.3769267666734273,0.0212266191208527,644.0,candidate_knee,1.0,643.0,candidate_knee,0.0,647.0,candidate_knee,4.0,0.7826633165829145,0.7879901960784313,True,True,True,True,4.6,5.6,False,3.1350669928169452,2.394525293827765,0.0811379633805567,100,False,False,True,1.0094513,0.9433539772255234,543.0,642.0,0,0,0,100,1.0225379499999998,1.021948471,-0.0002249140588058778,100,1.02251825,1.021915162,-0.00022358738913891556,100,0.0154741845,0.01548012916,1.2198582298229477e-06,100,36.19636516358268,36.15312514228365,0.005727172589789349,100,40.824358000000004,40.80906909689075,0.0048347293325707264,100,10.158461666667911,10.163577550000198,0.0010085960295990203,100,10.158461666667911,10.163577550000198,0.0010085960295990203,100,1.0000028886420653,1.0000323874294432,-1.2951131977299703e-06,644.0,743.0,0,0,0,100,0.990234195,0.9877433999999999,-0.0005095609881788176,100,0.9904758899999999,0.9880458329999999,-0.0005036853998199768,100,0.0158282605,0.015848148490000002,5.410222136213579e-06,100,36.27135535897229,36.328369504097495,0.0026230008925368677,100,40.9846555,41.032924036092766,0.0034456541802110573,100,10.382446666667239,10.415322366666787,0.00469164330432724,100,10.382446666667239,10.415322366666787,0.00469164330432724,100,0.9997195026653709,0.9996912617329027,-6.125341387056384e-06,-0.03230375499999982,-0.00028464692937293977,-0.03204236000000016,-0.0002800980106810613,0.00035407600000000004,4.190363906390631e-06,0.07499019538960994,-0.0031041716972524816,0.16029749999999865,-0.0013890751523596692,0.22398499999932753,0.00368304727472822,0.22398499999932753,0.00368304727472822,-0.0002833859766944169,-4.830228189326414e-06,2.2881722781578575,0.2249140588058778,0.5095609881788176,0.2846469293729398
B3c12,B3,12,5.6C(36%)-4.3C-newstructure,5.6C(36%)-4.3C,constant_two_step,5.6,36.0,4.3,4.8015952143569285,932.0,False,931,931.0,931,0,0,0,0,False,-6.67946320346324e-06,99,0.88080788,False,912,20.0,931.0,754.0,754.0,-6.321335267795492e-05,-0.0008067585108777,12.76246990074836,-0.0007435451581998,0.9467005924432704,-0.0001367452921745,-1.9827944436176713e-05,-0.0007895103522769,39.81806358285046,183,183,candidate_knee,734.0,178.0,0.5686776066549195,0.030310179525486,755.0,candidate_knee,1.0,754.0,candidate_knee,0.0,757.0,candidate_knee,3.0,0.8057080131723381,0.8098818474758325,True,True,True,True,4.3,5.6,False,3.1350850274387105,2.37867679081321,0.1544201342101972,50,False,False,True,1.0212984,0.9487196398556882,704.0,753.0,0,0,0,50,1.0283176,1.028183326,-0.0002475534357743067,50,1.0282976000000001,1.028159094,-0.00024632189675870096,50,0.0160344125,0.016039642040000003,1.6786659303722282e-06,50,34.802499159474344,34.790873857083454,0.002412874860437548,50,37.9003655,37.89973144927991,0.0017756369390742475,50,10.124769166662979,10.12445459999959,0.000994906762676219,50,10.124769166662979,10.12445459999959,0.000994906762676219,50,1.0000175461729643,1.0000235086132327,-1.1932461622160273e-06,755.0,804.0,0,0,0,50,1.01279145,1.0122559740000001,-0.0003864976950780252,50,1.01290405,1.012352814,-0.00038552927250900816,50,0.016189861,0.0162185596,4.255930756302611e-06,50,34.612091970531324,34.567941933414865,-0.007087420095238569,50,37.725863468523926,37.68490733120377,-0.007421964757371855,50,10.199644166665772,10.211956533333442,0.002519022328919591,50,10.199644166665772,10.211956533333442,0.002519022328919591,50,0.999888834500853,0.9999043369412468,-9.75464414056848e-07,-0.015526150000000127,-0.00013894425930371853,-0.0153935500000002,-0.0001392073757503072,0.00015544849999999874,2.577264825930383e-06,-0.1904071889430199,-0.009500294955676118,-0.17450203147607368,-0.009197601696446102,0.0748750000027929,0.0015241155662433718,0.0748750000027929,0.0015241155662433718,-0.00012871167211137013,2.1778174815917922e-07,0.9694680113786441,0.2475534357743067,0.3864976950780252,0.13894425930371854
B3c12,B3,12,5.6C(36%)-4.3C-newstructure,5.6C(36%)-4.3C,constant_two_step,5.6,36.0,4.3,4.8015952143569285,932.0,False,931,931.0,931,0,0,0,0,False,-6.67946320346324e-06,99,0.88080788,False,912,20.0,931.0,754.0,754.0,-6.321335267795492e-05,-0.0008067585108777,12.76246990074836,-0.0007435451581998,0.9467005924432704,-0.0001367452921745,-1.9827944436176713e-05,-0.0007895103522769,39.81806358285046,183,183,candidate_knee,734.0,178.0,0.5686776066549195,0.030310179525486,755.0,candidate_knee,1.0,754.0,candidate_knee,0.0,757.0,candidate_knee,3.0,0.8057080131723381,0.8098818474758325,True,True,True,True,4.3,5.6,False,3.1350850274387105,2.37867679081321,0.1544201342101972,100,False,False,True,1.0212984,0.9487196398556882,654.0,753.0,0,0,0,100,1.03395555,1.033496787,-0.000213361300330032,100,1.0338938,1.0334537169999998,-0.00021265679387939016,100,0.0160340685,0.01603660267,3.8303644164417764e-07,100,34.680343967970074,34.69942174995628,0.002916206144449723,100,37.808324999999996,37.82129451227097,0.002618399846266117,100,10.106184166665965,10.107958933333013,0.0006909838583809489,100,10.106184166665965,10.107958933333013,0.0006909838583809489,100,1.0000618336456775,1.0000415718716658,-6.755403277999444e-07,755.0,854.0,0,0,0,100,1.00166445,0.9991905845000001,-0.0005267181027902739,100,1.0017322,0.9994557366,-0.0005206681261326174,100,0.016354215999999998,0.01637019892,5.993024026402622e-06,100,34.310993882368564,34.402913316461955,-0.0060935325244393344,100,37.48491628831387,37.5553706044313,-0.004943078181441996,100,10.287872499999747,10.325831750000129,0.004639514941493498,100,10.287872499999747,10.325831750000129,0.004639514941493498,100,0.9997589074036819,0.9997319930479902,-6.218937398953644e-06,-0.032291099999999906,-0.0003133568024602419,-0.03216160000000001,-0.0003080113322532273,0.00032014749999999953,5.609987584758444e-06,-0.3693500856015106,-0.009009738668889058,-0.3234087116861275,-0.0075614780277081135,0.18168833333378132,0.003948531083112549,0.18168833333378132,0.003948531083112549,-0.0003029262419955714,-5.5433970711536994e-06,1.9966704021502688,0.213361300330032,0.526718102790274,0.313356802460242
B3c13,B3,13,5.6C(19%)-4.6C-newstructure,5.6C(19%)-4.6C,constant_two_step,5.6,19.0,4.6,4.803729603729602,816.0,False,815,815.0,815,0,0,0,0,False,-1.2185193568336118e-05,99,0.88024569,False,796,20.0,815.0,630.0,630.0,-8.794529266079111e-05,-0.0006735674361187,7.6589367746686605,-0.0005856221434579,0.9410338464502548,-0.0001685331377399,-4.010600960975018e-05,-0.0007375310470452,18.389539478542225,160,160,candidate_knee,610.0,186.0,0.3498308774187314,0.0206281812343149,631.0,candidate_knee,1.0,630.0,candidate_knee,0.0,634.0,candidate_knee,4.0,0.7672955974842768,0.7730061349693251,True,True,True,True,4.6,5.6,False,3.123308209539113,2.374391492763347,0.0805769578023857,50,False,False,True,1.0099753,0.9448492063306445,580.0,629.0,0,0,0,50,1.0170116999999999,1.016814554,-0.00025339550060023705,50,1.0170948499999999,1.016930746,-0.00025076085954381367,50,0.014943518999999999,0.01494973074,2.1051482833134067e-06,50,36.24471294973387,36.26745337722318,0.002941697159016164,50,40.27435879684167,40.29512429780728,0.0023388167343601413,50,10.160130833331884,10.161613466666777,0.0012733528611665631,50,10.160130833331884,10.161613466666777,0.0012733528611665631,50,0.999909741591787,0.9998856083266732,-2.6171239666231175e-06,631.0,680.0,0,0,0,50,1.0014341500000001,1.0011600446,-0.0003723547567827103,50,1.00163015,1.0013668642,-0.00036941705498201127,50,0.0151550135,0.01516239862,5.4267886194476906e-06,50,36.16396240816856,36.169284872576775,-0.004209965682905032,50,40.16805803779188,40.168936168671415,-0.005069185849613539,50,10.26685666666599,10.26900689999992,0.0029159229291762017,50,10.26685666666599,10.26900689999992,0.0029159229291762017,50,0.9997933061008177,0.9997932303380415,-3.013726301465895e-06,-0.015577549999999718,-0.00011895925618247326,-0.015464699999999887,-0.0001186561954381976,0.00021149450000000104,3.321640336134284e-06,-0.08075054156530825,-0.007151662841921196,-0.10630075904978753,-0.0074080025839736805,0.10672583333410657,0.0016425700680096386,0.10672583333410657,0.0016425700680096386,-0.00011643549096929107,-3.966023348427774e-07,1.4152924756210439,0.2533955006002371,0.3723547567827103,0.11895925618247322
B3c13,B3,13,5.6C(19%)-4.6C-newstructure,5.6C(19%)-4.6C,constant_two_step,5.6,19.0,4.6,4.803729603729602,816.0,False,815,815.0,815,0,0,0,0,False,-1.2185193568336118e-05,99,0.88024569,False,796,20.0,815.0,630.0,630.0,-8.794529266079111e-05,-0.0006735674361187,7.6589367746686605,-0.0005856221434579,0.9410338464502548,-0.0001685331377399,-4.010600960975018e-05,-0.0007375310470452,18.389539478542225,160,160,candidate_knee,610.0,186.0,0.3498308774187314,0.0206281812343149,631.0,candidate_knee,1.0,630.0,candidate_knee,0.0,634.0,candidate_knee,4.0,0.7672955974842768,0.7730061349693251,True,True,True,True,4.6,5.6,False,3.123308209539113,2.374391492763347,0.0805769578023857,100,False,False,True,1.0099753,0.9448492063306445,530.0,629.0,0,0,0,100,1.02265915,1.022156326,-0.00021465335013501945,100,1.0227348,1.022244984,-0.00021339734293429507,100,0.01494358,0.0149470033,1.8480572457249175e-07,100,36.12952661710572,36.03034743578737,0.009468366398539228,100,40.16686776483152,40.08834673400037,0.00827186704976722,100,10.135401666666924,10.140026200000081,0.0008775791779246049,100,10.135401666666924,10.140026200000081,0.0008775791779246049,100,0.9999369360751094,0.9999130601211884,-1.249556537026714e-06,631.0,730.0,0,0,0,100,0.99124554,0.9898397474999999,-0.0004540169024302404,100,0.99152666,0.9901501254,-0.0004499698520251994,100,0.0153017475,0.015292837369999996,5.25497714371434e-06,100,36.166478616886366,36.17714865380356,0.0003562539506127671,100,40.15448186198815,40.162700734677045,-0.0003926712935730375,100,10.34837333333368,10.36806964999996,0.004014501300132071,100,10.34837333333368,10.36806964999996,0.004014501300132071,100,0.9997029423786992,0.9996849123370828,-4.2410867031400295e-06,-0.03141360999999998,-0.00023936355229522096,-0.03120814000000005,-0.00023657250909090433,0.000358167500000001,5.0701714191418475e-06,0.03695199978064778,-0.009112112447926462,-0.012385902843369934,-0.008664538343340258,0.21297166666675516,0.0031369221222074663,0.21297166666675516,0.0031369221222074663,-0.00023399369641019518,-2.9915301661133157e-06,2.396798491392297,0.21465335013501946,0.4540169024302404,0.23936355229522094
B3c14,B3,14,5.6C(36%)-4.3C-newstructure,5.6C(36%)-4.3C,constant_two_step,5.6,36.0,4.3,4.8015952143569285,858.0,False,857,857.0,857,0,0,0,0,False,4.6361076066786625e-06,99,0.88065648,False,838,20.0,857.0,670.0,670.0,-7.214954228884523e-05,-0.0007313297784701,10.136305169370637,-0.0006591802361813,0.9403698753943462,-0.0001563826803886,-2.37845183259854e-05,-0.0007877669111375,33.120994940516006,168,168,candidate_knee,650.0,188.0,0.4748998140932063,0.0283183350895797,671.0,candidate_knee,1.0,670.0,candidate_knee,0.0,673.0,candidate_knee,3.0,0.7765830346475507,0.7817969661610268,True,True,True,True,4.3,5.6,False,3.1264814395338503,2.3666537613474983,0.1536108872573742,50,False,False,True,1.0226377,0.9493311991961524,620.0,669.0,0,0,0,50,1.0300023,1.029813664,-0.0002670722689075649,50,1.02974435,1.029564234,-0.0002645181608643476,50,0.015368835,0.015366991520000001,2.560804321728762e-06,50,34.74217915661145,34.76542432268118,-0.006359456774683463,50,38.109448771230504,38.12210682702183,-0.0044603487664708775,50,10.099074999999722,10.1002400999999,0.001049767186865641,50,10.099074999999722,10.1002400999999,0.001049767186865641,50,1.000262537541599,1.0002421407909616,-2.414202990456829e-06,671.0,720.0,0,0,0,50,1.01401415,1.013858554,-0.0003666457575030043,50,1.0138743,1.0137368919999998,-0.0003633110684273653,50,0.0154777745,0.01547088406,1.6088582472988786e-06,50,34.727173894665995,34.77495336596776,0.0058293718341497665,50,38.077939286047815,38.13379381289529,0.006438152427425685,50,10.174128333333647,10.172722799999638,0.0019110706682839804,50,10.174128333333647,10.172722799999638,0.0019110706682839804,50,1.0001461856387646,1.000119776546139,-3.238759015095882e-06,-0.01598815000000009,-9.957348859543938e-05,-0.01587005000000019,-9.879290756301768e-05,0.00010893949999999861,-9.519460744298836e-07,-0.015005261945454151,0.01218882860883323,-0.03150948518268848,0.010898501193896563,0.0750533333339245,0.0008613034814183393,0.0750533333339245,0.0008613034814183393,-0.00011635190283443286,-8.245560246390527e-07,0.7088338185685421,0.2670722689075649,0.3666457575030043,0.09957348859543941
B3c14,B3,14,5.6C(36%)-4.3C-newstructure,5.6C(36%)-4.3C,constant_two_step,5.6,36.0,4.3,4.8015952143569285,858.0,False,857,857.0,857,0,0,0,0,False,4.6361076066786625e-06,99,0.88065648,False,838,20.0,857.0,670.0,670.0,-7.214954228884523e-05,-0.0007313297784701,10.136305169370637,-0.0006591802361813,0.9403698753943462,-0.0001563826803886,-2.37845183259854e-05,-0.0007877669111375,33.120994940516006,168,168,candidate_knee,650.0,188.0,0.4748998140932063,0.0283183350895797,671.0,candidate_knee,1.0,670.0,candidate_knee,0.0,673.0,candidate_knee,3.0,0.7765830346475507,0.7817969661610268,True,True,True,True,4.3,5.6,False,3.1264814395338503,2.3666537613474983,0.1536108872573742,100,False,False,True,1.0226377,0.9493311991961524,570.0,669.0,0,0,0,100,1.03608725,1.0353988440000002,-0.0002241386066606713,100,1.0357812,1.0351068139999997,-0.00022233669726972054,100,0.015319626,0.01533739867,1.2468996879688226e-06,100,34.79725254103498,34.80216365442397,-0.0017479814251407625,100,38.14448677150804,38.150681528309335,-0.0013259270500187116,100,10.078244999999878,10.083047283333222,0.0007023229422921839,100,10.078244999999878,10.083047283333222,0.0007023229422921839,100,1.0003100163575773,1.0002818226260506,-1.6814386966663823e-06,671.0,770.0,0,0,0,100,1.00413095,1.0022770879,-0.00046681795889588914,100,1.00407345,1.0022542744,-0.00046260069678967725,100,0.015517564000000001,0.015568370130000002,4.024142508250836e-06,100,34.83225111369859,34.838416949359136,0.002137081764629455,100,38.194379490067625,38.20126899223483,0.002348104212119601,100,10.225306666669592,10.253396366666147,0.003319881568146301,100,10.225306666669592,10.253396366666147,0.003319881568146301,100,1.0000661411531293,1.0000211012759068,-4.214118598175511e-06,-0.03195630000000005,-0.00024267935223521784,-0.031707750000000035,-0.0002402639995199567,0.00019793800000000167,2.777242820282013e-06,0.034998572663610616,0.0038850631897702176,0.049892718559583216,0.0036740312621383127,0.147061666669714,0.002617558625854117,0.147061666669714,0.002617558625854117,-0.00024387520444801858,-2.532679901509129e-06,1.292055041030386,0.22413860666067129,0.4668179588958891,0.24267935223521783
B3c15,B3,15,5.9C(15%)-4.6C-newstructure,5.9C(15%)-4.6C,constant_two_step,5.9,15.0,4.6,4.798232044198895,876.0,False,875,875.0,875,0,0,0,0,False,-1.1564622139765344e-05,99,0.88058048,False,856,20.0,875.0,673.0,673.0,-7.985979001123737e-05,-0.0006323026651424,7.917660002029589,-0.0005524428751312,0.9366394768535636,-0.0001579812951895,-3.288076271806014e-05,-0.0007023808304384,21.361451875708845,172,172,candidate_knee,653.0,203.0,0.4013024001613924,0.0254267300141464,674.0,candidate_knee,1.0,673.0,candidate_knee,0.0,677.0,candidate_knee,4.0,0.7637426900584795,0.7691428571428571,True,True,True,True,4.6,5.9,False,3.128216480998161,2.379467798296019,0.0619405606912795,50,False,False,True,1.0125539,0.9455933167808057,623.0,672.0,0,0,0,50,1.01945795,1.019173282,-0.000248362569027621,50,1.01960685,1.019400908,-0.0002446621080432246,50,0.015273161,0.015293704680000002,3.439038079231704e-06,50,35.53755439908426,35.561030377653246,-0.002652352414503667,50,39.99812033685072,40.028676419582574,-0.0012880431107694884,50,10.198127499998858,10.206587633333324,0.0015922155261975744,50,10.198127499998858,10.206587633333324,0.0015922155261975744,50,0.9998038150738419,0.999776519523804,-3.6872139823517056e-06,674.0,723.0,0,0,0,50,1.00470055,1.0044334478,-0.0003314361647058764,50,1.0050015,1.0047395528,-0.0003298280681872743,50,0.015476018,0.015488357200000002,3.567199327731014e-06,50,35.46043141105121,35.47304875379109,0.0013629400474563505,50,39.97588895610605,39.98645633024068,0.0018619991848592566,50,10.303207500001493,10.308830666666383,0.0024270280912509403,50,10.303207500001493,10.308830666666383,0.0024270280912509403,50,0.9997018840557076,0.9996952278552351,-1.7013191707174905e-06,-0.014757400000000143,-8.307359567825539e-05,-0.01460534999999985,-8.516596014404972e-05,0.000202856999999999,1.2816124849931018e-07,-0.07712298803304662,0.004015292461960017,-0.022231380744671014,0.003150042295628745,0.10508000000263529,0.000834812565053366,0.10508000000263529,0.000834812565053366,-0.00010193101813427141,1.985894811634215e-06,1.3281926380531115,0.248362569027621,0.3314361647058764,0.0830735956782554
B3c15,B3,15,5.9C(15%)-4.6C-newstructure,5.9C(15%)-4.6C,constant_two_step,5.9,15.0,4.6,4.798232044198895,876.0,False,875,875.0,875,0,0,0,0,False,-1.1564622139765344e-05,99,0.88058048,False,856,20.0,875.0,673.0,673.0,-7.985979001123737e-05,-0.0006323026651424,7.917660002029589,-0.0005524428751312,0.9366394768535636,-0.0001579812951895,-3.288076271806014e-05,-0.0007023808304384,21.361451875708845,172,172,candidate_knee,653.0,203.0,0.4013024001613924,0.0254267300141464,674.0,candidate_knee,1.0,673.0,candidate_knee,0.0,677.0,candidate_knee,4.0,0.7637426900584795,0.7691428571428571,True,True,True,True,4.6,5.9,False,3.128216480998161,2.379467798296019,0.0619405606912795,100,False,False,True,1.0125539,0.9455933167808057,573.0,672.0,0,0,0,100,1.02506795,1.024461934,-0.00021256203660365732,100,1.02496135,1.024622841,-0.00021039927332732958,100,0.015210458999999999,0.0152450204,1.95343717971803e-06,100,35.52086276539418,35.531377732512766,0.0011672497214645489,100,39.970360866285894,39.9779641045455,0.0019585193546800285,100,10.169509166667314,10.1784054333334,0.0011405992999299571,100,10.169509166667314,10.1784054333334,0.0011405992999299571,100,0.9998348118551531,0.9998426052272983,-2.151663074132541e-06,674.0,773.0,0,0,0,100,0.995855245,0.9946496204999999,-0.00039414858259825955,100,0.99623296,0.9950351856999999,-0.0003910391152115193,100,0.0155550925,0.01557368522,3.781361524152417e-06,100,35.60892624734747,35.616355208227084,0.004445789704816635,100,40.12955656153309,40.131673330972724,0.004744704270440728,100,10.368507499998667,10.38560058333333,0.003194631913203572,100,10.368507499998667,10.38560058333333,0.003194631913203572,100,0.9996114107808797,0.9996114145047779,-3.2886031061757388e-06,-0.02921270499999995,-0.00018158654599460222,-0.02872839000000016,-0.0001806398418841897,0.0003446335000000002,1.827924344434387e-06,0.0880634819532915,0.003278539983352086,0.1591956952471989,0.002786184915760699,0.1989983333313532,0.002054032613273615,0.1989983333313532,0.002054032613273615,-0.0002234010742734327,-1.1369400320431979e-06,2.2657666017836817,0.21256203660365733,0.3941485825982595,0.1815865459946022
B3c16,B3,16,4.8C(80%)-4.8C-newstructure,4.8C(80%)-4.8C,constant_two_step,4.8,80.0,4.8,4.8,1638.0,False,1637,1637.0,1637,0,0,0,0,False,-9.691301175015842e-06,99,0.88014877,False,1618,20.0,1637.0,1299.0,1299.0,-4.7000811296924915e-05,-0.0003655599279441,7.777736550860029,-0.0003185591166472,0.984346795231784,-8.29952599989406e-05,-3.1326045725172703e-05,-0.0003712527451183,11.851248267188677,324,324,candidate_knee,1279.0,339.0,0.6591312954523278,0.0103175171368548,1299.0,candidate_knee,0.0,1299.0,candidate_knee,0.0,1299.0,candidate_knee,0.0,0.7909709338280767,0.7935247403787417,True,True,True,True,,4.8,False,3.0070921455457222,2.3974486613613837,0.0,50,False,False,True,1.0002493,0.9403599383540864,1249.0,1298.0,0,0,0,50,1.0032958,1.0032912239999998,-0.0001183105498199254,50,1.0033124,1.0032640019999999,-0.00011929607202881486,50,0.015358985,0.015328162280000002,-3.6909092917167534e-06,50,35.90540504248832,36.142831891370975,0.02318931150080543,50,39.169155844190946,39.371001577709556,0.01994954712648719,50,11.059794166664748,11.059856766667217,-2.995558223702572e-05,50,11.059794166664748,11.059856766667217,-2.995558223702572e-05,50,1.0000011446842163,1.0000271946851493,9.864498773372332e-07,1300.0,1349.0,0,0,0,50,0.99615711,0.9959557912,-0.00018905762304921751,50,0.9960450249999999,0.995996053,-0.00018624515678270921,50,0.01519508,0.01519533464,-3.005071788716645e-07,50,37.04843916712957,37.040402635333486,0.002128501591336254,50,40.11102838424152,40.11719837878401,0.000791337072711658,50,11.066020833336127,11.066263333333811,0.0003467905562108172,50,11.066020833336127,11.066263333333811,0.0003467905562108172,50,0.999942327015801,0.9999594946572161,-2.8372544599635923e-06,-0.007138690000000114,-7.074707322929212e-05,-0.007267375000000076,-6.694908475389436e-05,-0.00016390500000000065,3.390402112845089e-06,1.1430341246412539,-0.021060809909469173,0.941872540050575,-0.01915821005377553,0.006226666671379277,0.0003767461384478429,0.006226666671379277,0.0003767461384478429,-5.8817668415311886e-05,-3.823704337300826e-06,-1.0671603624848949,0.11831054981992539,0.18905762304921753,0.07074707322929213
B3c16,B3,16,4.8C(80%)-4.8C-newstructure,4.8C(80%)-4.8C,constant_two_step,4.8,80.0,4.8,4.8,1638.0,False,1637,1637.0,1637,0,0,0,0,False,-9.691301175015842e-06,99,0.88014877,False,1618,20.0,1637.0,1299.0,1299.0,-4.7000811296924915e-05,-0.0003655599279441,7.777736550860029,-0.0003185591166472,0.984346795231784,-8.29952599989406e-05,-3.1326045725172703e-05,-0.0003712527451183,11.851248267188677,324,324,candidate_knee,1279.0,339.0,0.6591312954523278,0.0103175171368548,1299.0,candidate_knee,0.0,1299.0,candidate_knee,0.0,1299.0,candidate_knee,0.0,0.7909709338280767,0.7935247403787417,True,True,True,True,,4.8,False,3.0070921455457222,2.3974486613613837,0.0,100,False,False,True,1.0002493,0.9403599383540864,1199.0,1298.0,0,0,0,100,1.00624665,1.0060429180000001,-0.0001096577545754566,100,1.0061130999999999,1.006012449,-0.00010975006960696411,100,0.0153773685,0.015358935429999998,-1.422463684368361e-06,100,35.864486223646836,35.993497058161054,0.007361931194062256,100,39.15233172902852,39.25496122337081,0.005980218018285986,100,11.05652083333504,11.056318800000243,0.00012506372637827103,100,11.05652083333504,11.056318800000243,0.00012506372637827103,100,1.000016539609815,1.0000303157856312,9.62400294979268e-08,1300.0,1399.0,0,0,0,100,0.99072519,0.9895717894000002,-0.0002552437392139268,100,0.990871485,0.9896925769,-0.00025277478421841795,100,0.0151857795,0.015185318639999999,-3.902001920192343e-07,100,37.09012742500998,37.13146016040307,0.003685691226550715,100,40.136825301901865,40.16919591782277,0.002182984627609122,100,11.077470833330882,11.080820699999729,0.000591937453725874,100,11.077470833330882,11.080820699999729,0.000591937453725874,100,0.9998665569696022,0.9998774953372199,-2.5170961852745992e-06,-0.015521459999999987,-0.00014558598463847017,-0.015241614999999875,-0.00014302471461145384,-0.0001915890000000007,1.0322634923491266e-06,1.2256412013631461,-0.0036762399675115414,0.9844935728733475,-0.0037972333906768642,0.020949999995840685,0.00046687372734760296,0.020949999995840685,0.00046687372734760296,-0.00014998264021282015,-2.613336214772526e-06,-1.2459153853274745,0.1096577545754566,0.2552437392139268,0.1455859846384702
B3c17,B3,17,5.3C(54%)-4C-newstructure,5.3C(54%)-4C,constant_two_step,5.3,54.0,4.0,4.7936687394007915,1315.0,False,1314,1314.0,1314,0,0,0,0,False,-5.833125541125628e-06,99,0.88043362,False,1295,20.0,1314.0,1025.0,1025.0,-5.272330850316849e-05,-0.0004589239175031,8.704383896461406,-0.0004062006089999,0.9857231353558984,-0.0001045472229596,-3.161882415510328e-05,-0.0004787427550127,15.14106763313886,259,259,candidate_knee,1005.0,290.0,0.633705585030916,0.0090473288616976,1025.0,candidate_knee,0.0,1025.0,candidate_knee,0.0,1026.0,candidate_knee,1.0,0.776661514683153,0.7800608828006088,True,True,True,True,4.0,5.3,False,3.237760561442229,2.503276988610837,0.2644102848932336,50,False,False,True,1.0100918,0.9464094241069237,975.0,1024.0,0,0,0,50,1.01464735,1.014499898,-0.00016115436734694181,50,1.0139726,1.0138471820000001,-0.00015889200000000281,50,0.0159146405,0.01591588646,7.308868667468072e-07,50,36.13533857734285,36.14144454012024,0.0005748221981912967,50,39.00987927446439,39.007480611879835,-0.00032794286095706016,50,10.042266666664121,10.042116666666233,4.713085234360813e-05,50,10.042266666664121,10.042116666666233,4.713085234360813e-05,50,1.0006625364924422,1.0006437357004243,-2.1266102448207936e-06,1026.0,1075.0,0,0,0,50,1.00408185,1.0039472142,-0.00025609189675870545,50,1.0035163,1.0033537954,-0.0002525229258103243,50,0.015958596499999998,0.01595796094,8.005781032412131e-07,50,36.183319387630476,36.19905832951158,0.002869142056812412,50,39.02759467429708,39.02528796459792,0.0010695206216675098,50,10.046650833333842,10.04727533333407,0.00022972613046856805,50,10.046650833333842,10.04727533333407,0.00022972613046856805,50,1.0005609923952545,1.0005913025993103,-3.4154901408423154e-06,-0.010565500000000005,-9.493752941176363e-05,-0.010456299999999974,-9.363092581032151e-05,4.3955999999997775e-05,6.969123649440585e-08,0.04798081028762624,0.002294319858621115,0.01771539983268866,0.00139746348262457,0.004384166669721523,0.00018259527812495993,0.004384166669721523,0.00018259527812495993,-0.00010154409718765578,-1.2888798960215218e-06,0.27619851042188337,0.1611543673469418,0.2560918967587055,0.09493752941176367
B3c17,B3,17,5.3C(54%)-4C-newstructure,5.3C(54%)-4C,constant_two_step,5.3,54.0,4.0,4.7936687394007915,1315.0,False,1314,1314.0,1314,0,0,0,0,False,-5.833125541125628e-06,99,0.88043362,False,1295,20.0,1314.0,1025.0,1025.0,-5.272330850316849e-05,-0.0004589239175031,8.704383896461406,-0.0004062006089999,0.9857231353558984,-0.0001045472229596,-3.161882415510328e-05,-0.0004787427550127,15.14106763313886,259,259,candidate_knee,1005.0,290.0,0.633705585030916,0.0090473288616976,1025.0,candidate_knee,0.0,1025.0,candidate_knee,0.0,1026.0,candidate_knee,1.0,0.776661514683153,0.7800608828006088,True,True,True,True,4.0,5.3,False,3.237760561442229,2.503276988610837,0.2644102848932336,100,False,False,True,1.0100918,0.9464094241069237,925.0,1024.0,0,0,0,100,1.0182484,1.0178047229999998,-0.00013185696549655157,100,1.0175458,1.0171269559999998,-0.00013102361836183062,100,0.015898251000000002,0.01589391759,8.998337293729755e-07,100,36.13675502567904,36.14240584521737,-0.0004270822359427893,100,39.03100569289664,39.0318198940824,-0.001222829918716854,100,10.042137499999566,10.04210939999988,4.703470337213862e-06,100,10.042137499999566,10.04210939999988,4.703470337213862e-06,100,1.00068762412765,1.00066626458371,-7.365357693962645e-07,1026.0,1125.0,0,0,0,100,0.997173815,0.9959598835000001,-0.0003215754858085801,100,0.996638355,0.9954286656000001,-0.00031874580150015173,100,0.015972792,0.01597658891,8.188234323432686e-07,100,36.26124025862151,36.25921503353819,0.0021200100906342387,100,39.03404913268379,39.035311918681224,0.00016646356187667718,100,10.05510166666548,10.060603700000016,0.0005451238323712478,100,10.05510166666548,10.060603700000016,0.0005451238323712478,100,1.000503875299712,1.0005330127375311,-2.6738250445573383e-06,-0.021074585000000035,-0.00018971852031202853,-0.02090744499999997,-0.0001877221831383211,7.454099999999741e-05,-8.101029702970696e-08,0.12448523294247593,0.002547092326577028,0.0030434397871488272,0.0013892934805935313,0.012964166665915045,0.0005404203620340339,0.012964166665915045,0.0005404203620340339,-0.00018374882793814606,-1.9372892751610737e-06,0.4688628956732247,0.13185696549655157,0.3215754858085801,0.18971852031202852
B3c18,B3,18,5.6C(19%)-4.6C-newstructure,5.6C(19%)-4.6C,constant_two_step,5.6,19.0,4.6,4.803729603729602,1146.0,False,1145,1145.0,1145,0,0,0,0,False,-2.9274941249226633e-05,99,0.88003904,False,1126,20.0,1145.0,906.0,906.0,-6.180481698397581e-05,-0.0005686060901227,9.200028701164154,-0.0005068012731387,0.9801866176514176,-0.0001208358286559,-3.908129460839741e-05,-0.0005845196768209,14.956507523047115,226,226,candidate_knee,886.0,240.0,0.5855753922877054,0.0116022291413173,906.0,candidate_knee,0.0,906.0,candidate_knee,0.0,907.0,candidate_knee,1.0,0.7875555555555556,0.7912663755458516,True,True,True,True,4.6,5.6,False,3.210746741698596,2.487120545109832,0.0852240473175368,50,False,False,True,1.0084733,0.9432722470827001,856.0,905.0,0,0,0,50,1.0137623,1.01372545,-0.0001913006722689128,50,1.0139372999999998,1.0137036799999999,-0.000189598847539013,50,0.0151885285,0.015184895300000001,1.4524112845138459e-06,50,37.01241479251265,37.029481601708426,-0.004173946582363594,50,40.12061897254702,40.133039721752866,-0.003075822307166235,50,10.107496666667672,10.107405600000172,0.0006826820328441772,50,10.107496666667672,10.107405600000172,0.0006826820328441772,50,1.0000433958453812,1.0000214156976202,-1.6716994672821463e-06,907.0,956.0,0,0,0,50,1.0015306,1.0011919688,-0.00030708377430972445,50,1.0015830000000001,1.0012578462,-0.0003087935678271307,50,0.0152830935,0.015275196020000001,2.3823486674671604e-06,50,36.96129165412016,36.96589283894159,-0.0022391964684338656,50,40.04539149098444,40.05528528248425,-0.0023453665236041776,50,10.156801666668617,10.158020233333577,0.0014091381352813821,50,10.156801666668617,10.158020233333577,0.0014091381352813821,50,0.9999290624875927,0.9999343612243748,1.7030195215669105e-06,-0.012231700000000068,-0.00011578310204081164,-0.012354299999999707,-0.00011919472028811771,9.456500000000131e-05,9.299373829533145e-07,-0.05112313839249083,0.0019347501139297288,-0.07522748156257819,0.0007304557835620573,0.0493050000009454,0.0007264561024372049,0.0493050000009454,0.0007264561024372049,-0.00011433335778843201,3.374718988849057e-06,0.6226080426421909,0.1913006722689128,0.30708377430972444,0.11578310204081163
B3c18,B3,18,5.6C(19%)-4.6C-newstructure,5.6C(19%)-4.6C,constant_two_step,5.6,19.0,4.6,4.803729603729602,1146.0,False,1145,1145.0,1145,0,0,0,0,False,-2.9274941249226633e-05,99,0.88003904,False,1126,20.0,1145.0,906.0,906.0,-6.180481698397581e-05,-0.0005686060901227,9.200028701164154,-0.0005068012731387,0.9801866176514176,-0.0001208358286559,-3.908129460839741e-05,-0.0005845196768209,14.956507523047115,226,226,candidate_knee,886.0,240.0,0.5855753922877054,0.0116022291413173,906.0,candidate_knee,0.0,906.0,candidate_knee,0.0,907.0,candidate_knee,1.0,0.7875555555555556,0.7912663755458516,True,True,True,True,4.6,5.6,False,3.210746741698596,2.487120545109832,0.0852240473175368,100,False,False,True,1.0084733,0.9432722470827001,806.0,905.0,0,0,0,100,1.0182357,1.017712488,-0.0001602022298229845,100,1.0182082000000001,1.0176585820000001,-0.00015921529432943402,100,0.015149045,0.01515448651,1.1504574797480593e-06,100,37.25538065809015,37.200301974148516,-0.005820652329727726,100,40.35840528646514,40.3060188155032,-0.005630727873767311,100,10.089400000000992,10.094156866666783,0.0005270164816533072,100,10.089400000000992,10.094156866666783,0.0005270164816533072,100,1.000078191868507,1.0000528378196585,-9.650892612247576e-07,907.0,1006.0,0,0,0,100,0.992887195,0.9912425679000001,-0.0003988142319231864,100,0.99272531,0.9914018126,-0.00039578663450345175,100,0.015319031,0.015333196420000002,2.4341748934894197e-06,100,37.01554693490653,37.007446062606256,0.0010834503589461628,100,40.08069711442161,40.07458496790761,8.947978454795911e-05,100,10.19364666666758,10.208410250000192,0.0020611660866085377,100,10.19364666666758,10.208410250000192,0.0020611660866085377,100,0.9998440007370487,0.99983830600876,-3.1340228667470912e-06,-0.025348504999999966,-0.00023861200210020187,-0.025482890000000147,-0.00023657134017401773,0.00016998600000000044,1.2837174137413603e-06,-0.23983372318361518,0.006904102688673889,-0.27770817204353193,0.005720207658315271,0.10424666666658666,0.0015341496049552305,0.10424666666658666,0.0015341496049552305,-0.00023419113145839443,-2.1689336055223334e-06,1.1220905344198293,0.16020222982298452,0.3988142319231864,0.23861200210020186
B3c19,B3,19,5.6C(36%)-4.3C-newstructure,5.6C(36%)-4.3C,constant_two_step,5.6,36.0,4.3,4.8015952143569285,1155.0,False,1154,1154.0,1154,0,0,0,0,False,-2.969135807050069e-05,99,0.88007373,False,1135,20.0,1154.0,906.0,906.0,-6.054340763458694e-05,-0.0005630336003003,9.299668160380598,-0.0005024901926657,0.986509229664146,-0.0001222577026843,-3.895826970939882e-05,-0.000583578986107,14.97959202141479,227,227,candidate_knee,886.0,249.0,0.6238217402777818,0.0084158358286003,906.0,candidate_knee,0.0,906.0,candidate_knee,0.0,907.0,candidate_knee,1.0,0.781305114638448,0.7850953206239168,True,True,True,True,4.3,5.6,False,3.199223236020931,2.4521618224356474,0.1611357578648591,50,False,False,True,1.0129629,0.9440782318155765,856.0,905.0,0,0,0,50,1.0194698999999998,1.019299748,-0.00018040830732291596,50,1.0191977,1.0190646780000001,-0.00017883452100840076,50,0.0157866565,0.01578648266,6.99785690276232e-07,50,36.41775449693898,36.417133571889416,-0.0008961303605336009,50,39.679109398402915,39.68953924186871,-0.0015994317843652003,50,10.063255833329944,10.063054600000383,0.0003524067227032694,50,10.063255833329944,10.063054600000383,0.0003524067227032694,50,1.0002293348086009,1.0002306181522744,-1.5057554866769573e-06,907.0,956.0,0,0,0,50,1.0071956,1.0068192926,-0.00031606648691476306,50,1.00708,1.0067404784,-0.0003125355121248495,50,0.0158594485,0.01585490848,1.2869651860745781e-06,50,36.33960830678301,36.34921898003163,-0.0002644127976001602,50,39.61335902491217,39.613401789275706,-0.00038691906717104336,50,10.093480833332675,10.093842099999854,0.0008986315325862785,50,10.093480833332675,10.093842099999854,0.0008986315325862785,50,1.0000865940949146,1.0000780593804561,-3.4870887484990484e-06,-0.01227429999999985,-0.0001356581795918471,-0.01211770000000012,-0.00013370099111644873,7.279200000000208e-05,5.871794957983461e-07,-0.07814619015596946,0.0006317175629334407,-0.06575037349074364,0.001212512717194157,0.03022500000273176,0.0005462248098830091,0.03022500000273176,0.0005462248098830091,-0.0001427407136862513,-1.981333261822091e-06,0.46109826992182973,0.18040830732291596,0.3160664869147631,0.13565817959184712
B3c19,B3,19,5.6C(36%)-4.3C-newstructure,5.6C(36%)-4.3C,constant_two_step,5.6,36.0,4.3,4.8015952143569285,1155.0,False,1154,1154.0,1154,0,0,0,0,False,-2.969135807050069e-05,99,0.88007373,False,1135,20.0,1154.0,906.0,906.0,-6.054340763458694e-05,-0.0005630336003003,9.299668160380598,-0.0005024901926657,0.986509229664146,-0.0001222577026843,-3.895826970939882e-05,-0.000583578986107,14.97959202141479,227,227,candidate_knee,886.0,249.0,0.6238217402777818,0.0084158358286003,906.0,candidate_knee,0.0,906.0,candidate_knee,0.0,907.0,candidate_knee,1.0,0.781305114638448,0.7850953206239168,True,True,True,True,4.3,5.6,False,3.199223236020931,2.4521618224356474,0.1611357578648591,100,False,False,True,1.0129629,0.9440782318155765,806.0,905.0,0,0,0,100,1.0235154,1.023064093,-0.00015069442724272852,100,1.02330115,1.022791272,-0.00014941610801080845,100,0.0157572775,0.01575262824,1.1291407980799174e-06,100,36.53160739489531,36.592505698499366,-0.005673013021466159,100,39.800908056925905,39.86317994532773,-0.005957931406397064,100,10.054630000004543,10.056458016666893,0.00026077358736256777,100,10.054630000004543,10.056458016666893,0.00026077358736256777,100,1.0002507236402862,1.0002666056469065,-1.2143710302425533e-06,907.0,1006.0,0,0,0,100,0.998158035,0.9962162369999998,-0.00042505266534653496,100,0.998212605,0.9962524070999998,-0.00042078997545754815,100,0.015887897499999998,0.015898987019999998,1.7871503750375383e-06,100,36.38027757111534,36.37549564998849,0.001109742902682789,100,39.619793,39.614741759944266,-4.089408570280481e-05,100,10.119765833334533,10.134278750000211,0.0016428734373484992,100,10.119765833334533,10.134278750000211,0.0016428734373484992,100,0.999938611824278,0.9999621863126312,-4.299441901603051e-06,-0.025357364999999965,-0.00027435823810380647,-0.025088545000000018,-0.0002713738674467397,0.00013061999999999796,6.580095769576208e-07,-0.1513298237799674,0.006782755924148948,-0.18111505692590413,0.005917037320694259,0.06513583332998962,0.0013820998499859314,0.06513583332998962,0.0013820998499859314,-0.00031211181600820925,-3.085070871360498e-06,0.8289503056603399,0.15069442724272852,0.42505266534653496,0.27435823810380644
B3c20,B3,20,5C(67%)-4C-newstructure,5C(67%)-4C,constant_two_step,5.0,67.0,4.0,4.804804804804805,813.0,False,812,812.0,812,0,0,0,0,False,-7.154074211502926e-06,99,0.88059181,False,793,20.0,812.0,678.0,678.0,-7.158631317507752e-05,-0.0010123890860148,14.142215754831025,-0.0009408027728397,0.958034590766998,-0.0001435976278278,-2.7584848041556905e-05,-0.0008914630514091,32.31712750659796,159,159,candidate_knee,658.0,135.0,0.4290495766141953,0.0180052410638609,678.0,candidate_knee,0.0,678.0,candidate_knee,0.0,679.0,candidate_knee,1.0,0.8308080808080808,0.8349753694581281,True,True,True,True,4.0,5.0,False,3.145482601020047,2.404515457507907,0.2319556219090198,50,False,False,True,1.012417,0.948309122226507,628.0,677.0,0,0,0,50,1.020705,1.020234724,-0.00027709663385355174,50,1.0203882499999999,1.019927824,-0.0002742185546218445,50,0.015325426,0.015331549079999998,1.623776326530499e-06,50,34.82843539330745,34.8355385202756,-0.004191668100081137,50,38.36243385310035,38.36252186448032,-0.001273986837570543,50,10.049765833333367,10.051492433333692,0.00041484505801715624,50,10.049765833333367,10.051492433333692,0.00041484505801715624,50,1.000310125411024,1.0003007456616078,-2.7458888423565503e-06,679.0,728.0,0,0,0,50,1.00093755,0.9999790004000001,-0.0005565831519807894,50,1.00091545,0.9999774253999999,-0.0005472447630252096,50,0.0154076935,0.015406343280000002,2.062764273709531e-06,50,34.77466498805883,34.79589055550498,0.004212210042463164,50,38.358842421123896,38.38507168216051,0.004872473832385533,50,10.099275833333376,10.105486100000018,0.002084658903560597,50,10.099275833333376,10.105486100000018,0.002084658903560597,50,1.0000088256654098,1.0000005075810343,-9.347072282607392e-06,-0.01976745000000002,-0.0002794865181272377,-0.019472799999999957,-0.00027302620840336515,8.226750000000019e-05,4.38987947179032e-07,-0.053770405248620534,0.008403878142544301,-0.0035914319764529523,0.006146460669956076,0.0495100000000086,0.0016698138455434408,0.0495100000000086,0.0016698138455434408,-0.00030129974561421413,-6.601183440250842e-06,0.5368040014026376,0.2770966338535517,0.5565831519807894,0.27948651812723774
B3c20,B3,20,5C(67%)-4C-newstructure,5C(67%)-4C,constant_two_step,5.0,67.0,4.0,4.804804804804805,813.0,False,812,812.0,812,0,0,0,0,False,-7.154074211502926e-06,99,0.88059181,False,793,20.0,812.0,678.0,678.0,-7.158631317507752e-05,-0.0010123890860148,14.142215754831025,-0.0009408027728397,0.958034590766998,-0.0001435976278278,-2.7584848041556905e-05,-0.0008914630514091,32.31712750659796,159,159,candidate_knee,658.0,135.0,0.4290495766141953,0.0180052410638609,678.0,candidate_knee,0.0,678.0,candidate_knee,0.0,679.0,candidate_knee,1.0,0.8308080808080808,0.8349753694581281,True,True,True,True,4.0,5.0,False,3.145482601020047,2.404515457507907,0.2319556219090198,100,False,False,True,1.012417,0.948309122226507,578.0,677.0,0,0,0,100,1.0266058999999998,1.0256887310000002,-0.0002193649738973839,100,1.0262885499999999,1.0253291059999998,-0.0002172614941494131,100,0.015302368,0.015312837339999998,7.706587578758448e-07,100,34.837612721743184,34.84324137431034,-0.0002857423579020452,100,38.37272759237811,38.37592531011128,-0.00031400706311552365,100,10.044317500000275,10.047363766666889,0.0001770915691620322,100,10.044317500000275,10.047363766666889,0.0001770915691620322,100,1.0003647113253262,1.0003503805752398,-1.9814183853456202e-06,679.0,778.0,0,0,0,100,0.9842290300000001,0.9789906287,-0.0008443360702670262,100,0.984465125,0.9792916002,-0.000832513695769573,100,0.015447699499999999,0.015541283900000003,5.909874239423987e-06,100,35.08505286401993,35.00453823956254,0.0070664484054859845,100,38.59888035004586,38.569157116311175,0.0064037709410554545,100,10.171772499999499,10.279742133333231,0.007425276727667145,100,10.171772499999499,10.279742133333231,0.007425276727667145,100,0.9997652017968366,0.9996837439805232,-1.2411520633308961e-05,-0.04237686999999979,-0.0006249710963696423,-0.0418234249999998,-0.00061525220162016,0.00014533149999999828,5.139215481548142e-06,0.24744014227674427,0.00735219076338803,0.226152757667748,0.0067177780041709784,0.12745499999922316,0.0072481851585051126,0.12745499999922316,0.0072481851585051126,-0.000599509528489639,-1.0430102247963341e-05,0.9497320937517532,0.2193649738973839,0.8443360702670263,0.6249710963696424
B3c21,B3,21,3.7C(31%)-5.9C-newstructure,3.7C(31%)-5.9C,constant_two_step,3.7,31.0,5.9,4.795167490389896,772.0,False,771,771.0,771,0,0,0,0,False,-0.0001594917019171,99,0.8801983,False,752,20.0,771.0,597.0,597.0,-0.0001544075991399,-0.0004679625534432,3.030696390915157,-0.0003135549543033,0.9343404395336776,-0.0001972228904666,-0.0001623560529801,-0.0005035290553851,3.101387636263671,151,151,candidate_knee,577.0,175.0,0.0844091992555414,0.005542270922433,598.0,candidate_knee,1.0,597.0,candidate_knee,0.0,597.0,candidate_knee,0.0,0.7683089214380826,0.77431906614786,True,True,True,True,5.9,5.9,False,3.2841429016899975,2.49537477525535,0.2148061250947364,50,False,False,True,0.97095656,0.9140730620878249,547.0,596.0,0,0,0,50,0.9779076,0.9777789962000001,-0.0002640268547418936,50,0.9778070750000001,0.9776081526,-0.00026657218775509784,50,0.015019677,0.014988376360000001,4.775649267707151e-06,50,37.27864182715106,37.20584441607955,-0.005758894675127547,50,40.060220194078,40.03554423306005,-0.002746979471521454,50,10.896737499998805,10.888229166666667,0.004424299399775217,50,10.896737499998805,10.888229166666667,0.004424299399775217,50,1.0001433434757434,1.000174969541402,2.671970733085103e-06,598.0,647.0,0,0,0,50,0.96298775,0.9630125208,-0.00031887506170467965,50,0.96296063,0.9629402328000001,-0.0003179370141656771,50,0.015191797,0.01517238192,2.2538829291716173e-06,50,37.364177969816836,37.422181589464444,0.010826943270054812,50,40.24136968393516,40.2923477373005,0.009209337058705722,50,11.128413333332476,11.11438363333326,0.00431626130450732,50,11.128413333332476,11.11438363333326,0.00431626130450732,50,1.0000731039948478,1.000075006748321,-9.505791496264468e-07,-0.014919849999999957,-5.4848206962786075e-05,-0.014846445000000097,-5.136482641057927e-05,0.00017211999999999957,-2.521766338535534e-06,0.0855361426657737,0.01658583794518236,0.1811494898571624,0.011956316530227176,0.23167583333367148,-0.00010803809526789727,0.23167583333367148,-0.00010803809526789727,-7.023948089557308e-05,-3.62254988271155e-06,1.1459633918891836,0.2640268547418936,0.31887506170467966,0.054848206962786084
B3c21,B3,21,3.7C(31%)-5.9C-newstructure,3.7C(31%)-5.9C,constant_two_step,3.7,31.0,5.9,4.795167490389896,772.0,False,771,771.0,771,0,0,0,0,False,-0.0001594917019171,99,0.8801983,False,752,20.0,771.0,597.0,597.0,-0.0001544075991399,-0.0004679625534432,3.030696390915157,-0.0003135549543033,0.9343404395336776,-0.0001972228904666,-0.0001623560529801,-0.0005035290553851,3.101387636263671,151,151,candidate_knee,577.0,175.0,0.0844091992555414,0.005542270922433,598.0,candidate_knee,1.0,597.0,candidate_knee,0.0,597.0,candidate_knee,0.0,0.7683089214380826,0.77431906614786,True,True,True,True,5.9,5.9,False,3.2841429016899975,2.49537477525535,0.2148061250947364,100,False,False,True,0.97095656,0.9140730620878249,497.0,596.0,0,0,0,100,0.9841224550000001,0.9836432388999999,-0.000234485690069014,100,0.983969095,0.9834511813,-0.0002340494412841284,100,0.0148684185,0.014890202960000001,3.7814024362436205e-06,100,37.39040835093867,37.332821736767244,-0.003777518566246575,100,40.185437794890724,40.11263852491469,-0.0018451727516443357,100,10.77779833333334,10.796830783333046,0.0036014917391854685,100,10.77779833333334,10.796830783333046,0.0036014917391854685,100,1.0001695423548185,1.000195265770787,-3.893374355061342e-07,598.0,697.0,0,0,0,100,0.95490691,0.9544049496999999,-0.0003451987568556866,100,0.95486593,0.9543534684000001,-0.0003440514346234625,100,0.0152191925,0.015267468119999999,3.929265910591064e-06,100,37.72921919155431,37.63927898654724,0.008241987256487573,100,40.548455714691016,40.486433609996446,0.0073575703929083785,100,11.223653333331459,11.267772983333211,0.0062462813981359585,100,11.223653333331459,11.267772983333211,0.0062462813981359585,100,1.0000511022622174,1.000053597909882,-1.1909369601597442e-06,-0.02921554500000001,-0.0001107130667866726,-0.029103164999999986,-0.0001100019933393341,0.0003507739999999999,1.4786347434744334e-07,0.33881084061563627,0.012019505822734148,0.3630179198002921,0.009202743144552715,0.44585499999811873,0.00264478965895049,0.44585499999811873,0.00264478965895049,-0.0001184400926010909,-8.015995246536101e-07,2.359188369630569,0.23448569006901399,0.3451987568556866,0.11071306678667259
B3c22,B3,22,5.9C(60%)-3.1C-newstructure,5.9C(60%)-3.1C,constant_two_step,5.9,60.0,3.1,4.813157894736842,1002.0,False,1001,1001.0,1001,0,0,0,0,False,-1.598876437847878e-05,99,0.88094068,False,982,20.0,1001.0,853.0,853.0,-5.453631984494761e-05,-0.0007755928330823,14.221583621472698,-0.0007210565132373,0.941380662147142,-9.901636641239748e-05,-2.833381034001047e-05,-0.0006254204291647,22.073290590273388,197,197,candidate_knee,833.0,149.0,0.3686479243805434,0.0216098972280178,853.0,candidate_knee,0.0,853.0,candidate_knee,0.0,858.0,candidate_knee,5.0,0.8491335372069317,0.8521478521478522,True,True,True,True,3.1,5.9,False,3.3533146729097996,2.5126686743247744,0.2645030920362725,50,False,False,True,1.0056181,0.9501462798323177,803.0,852.0,0,0,0,50,1.0112324,1.011060896,-0.00020130901320528476,50,1.01124155,1.011021864,-0.00020182517166867376,50,0.015919917999999998,0.01590481186,2.106814261704612e-06,50,36.63379885600713,36.641815759958945,-0.0044537219733913605,50,40.283041,40.28377075041565,-0.004020658661070473,50,10.045660833335326,10.045815066666343,0.00012173125248226687,50,10.045660833335326,10.045815066666343,0.00012173125248226687,50,0.9999979736058131,1.0000386944116446,5.302101058256953e-07,854.0,903.0,0,0,0,50,0.9978652,0.9974315902000002,-0.00035419987178870825,50,0.998000325,0.9975833414,-0.00034942944009604365,50,0.015997954,0.015987244980000002,1.8789076110443658e-06,50,36.37306450858344,36.392873229227654,-0.006285532769556376,50,40.03791028658013,40.07690983676377,-0.0036926598279361667,50,10.060647499999806,10.062146166666722,0.0006135794317463003,50,10.060647499999806,10.062146166666722,0.0006135794317463003,50,0.9998421427894373,0.999847531576933,-4.84752862113712e-06,-0.013367199999999912,-0.0001528908585834235,-0.013241225000000023,-0.0001476042684273699,7.803600000000355e-05,-2.2790665066024604e-07,-0.2607343474236927,-0.0018318107961650155,-0.24513071341986858,0.0003279988331343067,0.014986666664480452,0.0004918481792640334,0.014986666664480452,0.0004918481792640334,-0.00015583081637582374,-5.377738726962816e-06,0.49017840418527003,0.20130901320528477,0.35419987178870826,0.1528908585834235
B3c22,B3,22,5.9C(60%)-3.1C-newstructure,5.9C(60%)-3.1C,constant_two_step,5.9,60.0,3.1,4.813157894736842,1002.0,False,1001,1001.0,1001,0,0,0,0,False,-1.598876437847878e-05,99,0.88094068,False,982,20.0,1001.0,853.0,853.0,-5.453631984494761e-05,-0.0007755928330823,14.221583621472698,-0.0007210565132373,0.941380662147142,-9.901636641239748e-05,-2.833381034001047e-05,-0.0006254204291647,22.073290590273388,197,197,candidate_knee,833.0,149.0,0.3686479243805434,0.0216098972280178,853.0,candidate_knee,0.0,853.0,candidate_knee,0.0,858.0,candidate_knee,5.0,0.8491335372069317,0.8521478521478522,True,True,True,True,3.1,5.9,False,3.3533146729097996,2.5126686743247744,0.2645030920362725,100,False,False,True,1.0056181,0.9501462798323177,753.0,852.0,0,0,0,100,1.01564425,1.0149733000000003,-0.00015809219681968837,100,1.015561,1.014931656,-0.00015809192439243897,100,0.015888862,0.01588716999,6.40925598559961e-07,100,36.62326136611483,36.63819972689607,0.00017780261643554203,100,40.273779,40.268910116087206,0.0005756927164716115,100,10.044009999996828,10.044552499999874,5.661958195177799e-05,100,10.044009999996828,10.044552499999874,5.661958195177799e-05,100,1.0000389626928299,1.0000410680743017,9.380346625454276e-09,854.0,953.0,0,0,0,100,0.987508775,0.9837398182,-0.0005549081892589261,100,0.98781237,0.9841232533000001,-0.0005456529547554774,100,0.016025113,0.016076031049999998,3.849196849685009e-06,100,36.38865339341564,36.3975896159906,-0.00039341735615163934,100,40.08332010365926,40.08929641519078,-1.9736838143008087e-05,100,10.085163333332943,10.139817516666758,0.0033353262426198266,100,10.085163333332943,10.139817516666758,0.0033353262426198266,100,0.9996809279778809,0.9996056744362432,-9.689885511498493e-06,-0.02813547500000002,-0.0003968159924392378,-0.02774862999999994,-0.0003875610303630384,0.00013625100000000043,3.2082712511250486e-06,-0.23460797269919453,-0.0005712199725871813,-0.19045889634073632,-0.0005954295546146196,0.041153333336115594,0.0032787066606680486,0.041153333336115594,0.0032787066606680486,-0.00035803471494899597,-9.699265858123947e-06,0.8575252274203177,0.15809219681968836,0.5549081892589262,0.3968159924392378
B3c23,B3,23,4.8C(80%)-4.8C-newstructure,4.8C(80%)-4.8C,constant_two_step,4.8,80.0,4.8,4.8,,True,2189,2189.0,2189,0,0,0,0,False,-5.331878787878802e-06,99,0.93701142,False,2170,20.0,2189.0,1855.0,1855.0,-3.685927737686255e-05,-0.0001813133116949,4.919068538461078,-0.000144454034318,0.9680914994979752,-4.609836415232537e-05,-3.1955006959967604e-05,-0.0001533568939838,4.799150698856544,434,434,candidate_knee,1835.0,335.0,0.162739748565336,0.0051927813487964,1855.0,candidate_knee,0.0,1855.0,candidate_knee,0.0,1856.0,candidate_knee,1.0,0.8460119870908253,0.8474189127455459,True,True,True,True,,4.8,False,2.9511888031668585,2.332702053278494,0.0,50,False,False,True,0.99747419,0.9337103623844744,1805.0,1854.0,0,0,0,50,1.00010585,0.9998515216,-8.066534837934284e-05,50,1.00028845,1.0000401064,-7.97608412965182e-05,50,0.015490188,0.01550030864,2.146969411764607e-06,50,34.01013004951926,33.9189483522835,-0.01693913333272124,50,36.707645460696725,36.740577309829604,-0.016169055300293386,50,11.056889166667437,11.057062733332936,0.0002879170867688538,50,11.056889166667437,11.057062733332936,0.0002879170867688538,50,0.9998089191062538,0.9998114127088948,-9.201889647038814e-07,1856.0,1905.0,0,0,0,50,0.9955471149999999,0.995542004,-8.748801920768393e-05,50,0.995770365,0.995740028,-8.712493541417085e-05,50,0.015494824,0.015503827060000001,-8.365552460984551e-07,50,33.67019282396592,33.646045441200414,0.00035619795705253053,50,36.5178145,36.51053513530847,-0.003676628128558439,50,11.069108333329982,11.069553166665449,0.0002164272908420146,50,11.069108333329982,11.069553166665449,0.0002164272908420146,50,0.9997759771581867,0.9998011280787189,-3.823292340473399e-07,-0.004558735000000036,-6.822670828341088e-06,-0.0045180849999999495,-7.364094117652642e-06,4.63600000000057e-06,-2.983524657863062e-06,-0.33993722555334216,0.01729533128977377,-0.18983096069672456,0.012492427171734946,0.012219166662545078,-7.148979592683921e-05,0.012219166662545078,-7.148979592683921e-05,-3.294194806713335e-05,5.378597306565415e-07,0.029928623203285654,0.08066534837934285,0.08748801920768393,0.006822670828341079
B3c23,B3,23,4.8C(80%)-4.8C-newstructure,4.8C(80%)-4.8C,constant_two_step,4.8,80.0,4.8,4.8,,True,2189,2189.0,2189,0,0,0,0,False,-5.331878787878802e-06,99,0.93701142,False,2170,20.0,2189.0,1855.0,1855.0,-3.685927737686255e-05,-0.0001813133116949,4.919068538461078,-0.000144454034318,0.9680914994979752,-4.609836415232537e-05,-3.1955006959967604e-05,-0.0001533568939838,4.799150698856544,434,434,candidate_knee,1835.0,335.0,0.162739748565336,0.0051927813487964,1855.0,candidate_knee,0.0,1855.0,candidate_knee,0.0,1856.0,candidate_knee,1.0,0.8460119870908253,0.8474189127455459,True,True,True,True,,4.8,False,2.9511888031668585,2.332702053278494,0.0,100,False,False,True,0.99747419,0.9337103623844744,1755.0,1854.0,0,0,0,100,1.0017635500000002,1.0017652388,-7.713362904290837e-05,100,1.0019765500000002,1.0019505352,-7.686168328832597e-05,100,0.0155165025,0.01552127612,-5.486685628562725e-07,100,33.98442662673186,33.956607468360545,-0.0027704133666624302,100,36.77813072866824,36.82917876495779,-0.004557088750036344,100,11.052732499999305,11.053946666666306,0.00013840316031870208,100,11.052732499999305,11.053946666666306,0.00013840316031870208,100,0.9998078072498229,0.9998150506746686,-2.85873551221068e-07,1856.0,1955.0,0,0,0,100,0.9932647649999999,0.9930384931999999,-0.00010092022118212236,100,0.993490785,0.9932453917999999,-0.00010022988178818359,100,0.015480984,0.015485568060000001,-7.302742154215153e-07,100,33.6556560798991,33.66281780691043,0.0007151685175745805,100,36.528237338719705,36.53587896579546,3.2805215971965154e-05,100,11.075496666668915,11.07650604999919,0.00027772380238125254,100,11.075496666668915,11.07650604999919,0.00027772380238125254,100,0.9997686228179272,0.9997916499089259,-7.180590781884843e-07,-0.00849878500000023,-2.3786592139213983e-05,-0.0084857650000002,-2.336819849985762e-05,-3.5518499999999745e-05,-1.8160565256524282e-07,-0.3287705468327573,0.0034855818842370106,-0.24989338994853227,0.004589893966008309,0.02276416666961012,0.00013932064206255047,0.02276416666961012,0.00013932064206255047,-3.918443189565579e-05,-4.3218552696741626e-07,-0.228907899831162,0.07713362904290838,0.10092022118212236,0.023786592139213983
B3c24,B3,24,5C(67%)-4C-newstructure,5C(67%)-4C,constant_two_step,5.0,67.0,4.0,4.804804804804805,825.0,False,824,824.0,824,0,0,0,0,False,9.650588744588582e-06,99,0.88021326,False,805,20.0,824.0,683.0,683.0,-7.42015006184541e-05,-0.0007987505057605,10.764613910812663,-0.0007245490051421,0.9352665264536042,-0.0001334906815839,-2.237763946399841e-05,-0.0007226167148895,32.291909790223364,161,161,candidate_knee,663.0,142.0,0.2968122447527238,0.0192136875939468,684.0,candidate_knee,1.0,683.0,candidate_knee,0.0,686.0,candidate_knee,3.0,0.8246268656716418,0.8288834951456311,True,True,True,True,4.0,5.0,False,3.2224773595017018,2.488688863178305,0.3445710220580263,50,False,False,True,0.99555248,0.9476280848641646,633.0,682.0,0,0,0,50,1.0024508,1.0022612517999998,-0.0002437324230492225,50,1.00259675,1.0024463680000002,-0.0002464807154862037,50,0.015542727499999999,0.015547705619999998,1.11180921968772e-06,50,36.796137547406055,36.822117395974324,0.00011081671689300799,50,40.0521145,40.0826584244902,-0.000887016103128877,50,10.068739166665667,10.07184580000001,0.0006548497798925652,50,10.068739166665667,10.07184580000001,0.0006548497798925652,50,0.9998108496552341,0.9998155058944046,2.701574122074368e-06,684.0,733.0,0,0,0,50,0.98665443,0.9860146178,-0.0004108431246098482,50,0.98695597,0.9863488746,-0.0004057985570228176,50,0.015620217,0.0156346109,2.317013829531838e-06,50,36.7977896662295,36.79584419351177,0.0034898765719299446,50,40.03496334114156,40.039913751652264,0.003399873817568167,50,10.125433333332573,10.13515206666702,0.0020934820328111906,50,10.125433333332573,10.13515206666702,0.0020934820328111906,50,0.9996601645730554,0.9996606824447245,-5.276266452015686e-06,-0.015796370000000115,-0.0001671107015606257,-0.01564077999999991,-0.0001593178415366139,7.74895000000015e-05,1.205204609844118e-06,0.0016521188234435158,0.0033790598550369364,-0.01715115885843943,0.004286889920697044,0.0566941666669063,0.0014386322529186253,0.0566941666669063,0.0014386322529186253,-0.00015068508217874754,-7.977840574090054e-06,0.49855792685036465,0.2437324230492225,0.4108431246098482,0.16711070156062569
B3c24,B3,24,5C(67%)-4C-newstructure,5C(67%)-4C,constant_two_step,5.0,67.0,4.0,4.804804804804805,825.0,False,824,824.0,824,0,0,0,0,False,9.650588744588582e-06,99,0.88021326,False,805,20.0,824.0,683.0,683.0,-7.42015006184541e-05,-0.0007987505057605,10.764613910812663,-0.0007245490051421,0.9352665264536042,-0.0001334906815839,-2.237763946399841e-05,-0.0007226167148895,32.291909790223364,161,161,candidate_knee,663.0,142.0,0.2968122447527238,0.0192136875939468,684.0,candidate_knee,1.0,683.0,candidate_knee,0.0,686.0,candidate_knee,3.0,0.8246268656716418,0.8288834951456311,True,True,True,True,4.0,5.0,False,3.2224773595017018,2.488688863178305,0.3445710220580263,100,False,False,True,0.99555248,0.9476280848641646,583.0,682.0,0,0,0,100,1.0080654500000001,1.0072249309,-0.000199206956555658,100,1.00823105,1.007356862,-0.0001978381368136892,100,0.015533548000000001,0.01553844279,3.869126492648313e-07,100,36.74422477094144,36.76316966122344,0.002136701471526615,100,40.01713513662912,40.02817274909011,0.0019394201158790126,100,10.057598333334317,10.061567183333487,0.00042007039703377563,100,10.057598333334317,10.061567183333487,0.00042007039703377563,100,0.999853393377606,0.9998688641929673,-1.3804712762111104e-06,684.0,783.0,0,0,0,100,0.9744172099999999,0.9714596778,-0.0005882343667566703,100,0.974927485,0.972032991,-0.0005789466744674527,100,0.015672804,0.015691962320000002,2.7456729912991083e-06,100,36.94078324898286,37.09723549714683,0.011067700270645098,100,40.145231477202316,40.275188731442746,0.008896744632492222,100,10.199869166667728,10.242758850000257,0.004580787468743505,100,10.199869166667728,10.242758850000257,0.004580787468743505,100,0.9994574154607889,0.999405085682674,-9.969948463207066e-06,-0.03364824000000022,-0.0003890274102010123,-0.03330356499999998,-0.00038110853765376354,0.00013925599999999733,2.358760342034277e-06,0.19655847804141757,0.008930998799118482,0.12809634057319386,0.006957324516613209,0.14227083333341106,0.00416071707170973,0.14227083333341106,0.00416071707170973,-0.00039597791681711403,-8.589477186995955e-06,0.896485464878966,0.199206956555658,0.5882343667566703,0.3890274102010123
B3c25,B3,25,5.3C(54%)-4C-newstructure,5.3C(54%)-4C,constant_two_step,5.3,54.0,4.0,4.7936687394007915,989.0,False,988,988.0,988,0,0,0,0,False,6.950843537415409e-06,99,0.88167018,False,969,20.0,988.0,823.0,823.0,-6.07580998825336e-05,-0.0007789797540776,12.82100255906177,-0.0007182216541951,0.9650941494036565,-0.00011645429369,-2.5695255430964053e-05,-0.0006968133590989,27.11836669501646,194,194,candidate_knee,803.0,166.0,0.4604740265006213,0.0160732375725274,824.0,candidate_knee,1.0,823.0,candidate_knee,0.0,825.0,candidate_knee,2.0,0.8295454545454546,0.832995951417004,True,True,True,True,4.0,5.3,False,3.1940578752875064,2.4477245653366153,0.2572101075894558,50,False,False,True,1.0098988,0.9482445108511639,773.0,822.0,0,0,0,50,1.01639925,1.0160428959999999,-0.00021596047058824091,50,1.0164197000000001,1.016051112,-0.00021846577671068662,50,0.015837327,0.015832596960000004,9.435858823528173e-07,50,37.628758907048535,37.65164391449461,-0.004665393676366905,50,42.029421,42.02770401868899,-0.0036695973076808527,50,10.058039166665791,10.058513100000253,0.00044130588238548555,50,10.058039166665791,10.058513100000253,0.00044130588238548555,50,0.9999774237947838,0.9999920621461129,2.4624559494961456e-06,824.0,873.0,0,0,0,50,1.00067585,1.0001329088,-0.0004233229810324151,50,1.00097025,1.0004132596000002,-0.000416982988715486,50,0.015931331,0.01592980944,1.4045424249701164e-06,50,37.27839868534579,37.26933859540284,0.0015364036734283313,50,41.6711215,41.67464187047568,-0.0004736488526765998,50,10.10254249999998,10.104646500000573,0.0014266366546753584,50,10.10254249999998,10.104646500000573,0.0014266366546753584,50,0.9997307760462122,0.9997192101499018,-6.453472060791958e-06,-0.015723400000000165,-0.00020736251044417418,-0.015449450000000198,-0.00019851721200479937,9.40040000000017e-05,4.609565426172991e-07,-0.3503602217027435,0.006201797349795236,-0.3582995000000011,0.0031959484550042527,0.04450333333418932,0.0009853307722898729,0.04450333333418932,0.0009853307722898729,-0.00024664774857163785,-8.915928010288103e-06,0.5935597591689665,0.21596047058824092,0.4233229810324151,0.2073625104441742
B3c25,B3,25,5.3C(54%)-4C-newstructure,5.3C(54%)-4C,constant_two_step,5.3,54.0,4.0,4.7936687394007915,989.0,False,988,988.0,988,0,0,0,0,False,6.950843537415409e-06,99,0.88167018,False,969,20.0,988.0,823.0,823.0,-6.07580998825336e-05,-0.0007789797540776,12.82100255906177,-0.0007182216541951,0.9650941494036565,-0.00011645429369,-2.5695255430964053e-05,-0.0006968133590989,27.11836669501646,194,194,candidate_knee,803.0,166.0,0.4604740265006213,0.0160732375725274,824.0,candidate_knee,1.0,823.0,candidate_knee,0.0,825.0,candidate_knee,2.0,0.8295454545454546,0.832995951417004,True,True,True,True,4.0,5.3,False,3.1940578752875064,2.4477245653366153,0.2572101075894558,100,False,False,True,1.0098988,0.9482445108511639,723.0,822.0,0,0,0,100,1.0212066000000002,1.0205017330000001,-0.0001781534815481527,100,1.0212983,1.0204657500000003,-0.0001770556963696293,100,0.015816538499999998,0.015814174690000002,5.406478187818873e-07,100,37.68446925502603,37.680585328729826,-0.0006788477402336399,100,42.0272925,42.014407044669305,0.0006676193836205868,100,10.048116666664525,10.051804666666817,0.00026783138314692516,100,10.048116666664525,10.051804666666817,0.00026783138314692516,100,1.0000315600945948,1.0000351404296368,-1.066133288798579e-06,824.0,923.0,0,0,0,100,0.988254635,0.9854237227999999,-0.0005876076837683829,100,0.98872334,0.9858642790000002,-0.0005806370837083715,100,0.0159819995,0.01600442409,2.960004758475799e-06,100,37.347425717451166,37.34815436372751,0.0030617229150590097,100,41.694229249160315,41.705316750274015,0.001346245458079457,100,10.150127500000721,10.18665403333384,0.0033656138013850863,100,10.150127500000721,10.18665403333384,0.0033656138013850863,100,0.9995694951319769,0.9995494560471687,-7.369267451247609e-06,-0.032951965000000194,-0.0004094542022202302,-0.03257496000000004,-0.00040358138733874216,0.00016546100000000216,2.4193569396939117e-06,-0.33704353757486416,0.0037405706552926495,-0.333063250839686,0.0006786260744588702,0.10201083333619643,0.003097782418238161,0.10201083333619643,0.003097782418238161,-0.0004620649626179141,-6.30313416244903e-06,1.0461264960092387,0.17815348154815272,0.5876076837683829,0.4094542022202302
B3c26,B3,26,5.6C(19%)-4.6C-newstructure,5.6C(19%)-4.6C,constant_two_step,5.6,19.0,4.6,4.803729603729602,1028.0,False,1027,1027.0,1027,0,0,0,0,False,-4.288423005563333e-07,99,0.88023561,False,1008,20.0,1027.0,797.0,797.0,-6.258362631796943e-05,-0.0006206099189251,9.91649022976129,-0.0005580262926072,0.9719206023609686,-0.0001367764526059,-2.966834252868712e-05,-0.0006612067104413,22.28660767961731,202,202,candidate_knee,777.0,231.0,0.6001912905875308,0.0168530099078907,797.0,candidate_knee,0.0,797.0,candidate_knee,0.0,799.0,candidate_knee,2.0,0.7715988083416088,0.7760467380720545,True,True,True,True,4.6,5.6,False,3.1329980031310436,2.3958943447801095,0.0809017404957097,50,False,False,True,1.0206612,0.9492011601767867,747.0,796.0,0,0,0,50,1.0264354999999998,1.026329118,-0.00020693452581032454,50,1.0264068499999999,1.0263673679999998,-0.0002053390156062516,50,0.015770770500000003,0.01577209916,2.8002254981992195e-06,50,38.05201488063891,38.03310684529859,-0.005372219505341409,50,42.51190724303183,42.51437429062464,-0.0017414477444454004,50,10.09493416666519,10.095883599999826,0.000814024169664662,50,10.09493416666519,10.095883599999826,0.000814024169664662,50,0.9999541780301033,0.9999626702847664,-1.5649856435863217e-06,798.0,847.0,0,0,0,50,1.0129728,1.012590104,-0.00034872338055222136,50,1.0131481500000001,1.012731444,-0.00034689249459783557,50,0.0159066395,0.015897980620000002,4.192130564225734e-06,50,37.72605775593371,37.77817025140266,-0.01309741735163474,50,42.28123204856962,42.308166220177576,-0.01232143435288337,50,10.149997499996484,10.152024866666334,0.001761772068845714,50,10.149997499996484,10.152024866666334,0.001761772068845714,50,0.9998405348244294,0.9998603410522158,-1.8549887268258548e-06,-0.013462699999999828,-0.0001417888547418968,-0.013258699999999735,-0.00014155347899158396,0.0001358689999999968,1.3919050660265144e-06,-0.325957124705198,-0.007725197846293332,-0.23067519446220786,-0.01057998660843797,0.05506333333129376,0.0009477478991810521,0.05506333333129376,0.0009477478991810521,-0.00011364320567397446,-2.900030832395331e-07,0.8615241722019654,0.20693452581032454,0.34872338055222135,0.1417888547418968
B3c26,B3,26,5.6C(19%)-4.6C-newstructure,5.6C(19%)-4.6C,constant_two_step,5.6,19.0,4.6,4.803729603729602,1028.0,False,1027,1027.0,1027,0,0,0,0,False,-4.288423005563333e-07,99,0.88023561,False,1008,20.0,1027.0,797.0,797.0,-6.258362631796943e-05,-0.0006206099189251,9.91649022976129,-0.0005580262926072,0.9719206023609686,-0.0001367764526059,-2.966834252868712e-05,-0.0006612067104413,22.28660767961731,202,202,candidate_knee,777.0,231.0,0.6001912905875308,0.0168530099078907,797.0,candidate_knee,0.0,797.0,candidate_knee,0.0,799.0,candidate_knee,2.0,0.7715988083416088,0.7760467380720545,True,True,True,True,4.6,5.6,False,3.1329980031310436,2.3958943447801095,0.0809017404957097,100,False,False,True,1.0206612,0.9492011601767867,697.0,796.0,0,0,0,100,1.0312423000000002,1.030715843,-0.00017645760036003126,100,1.0311868,1.030704022,-0.00017488780438044255,100,0.015732362,0.01574935942,9.908648664866634e-07,100,37.97148324244726,38.00083397754247,0.0009381234023173273,100,42.48038263349134,42.48124927790894,0.0011901460500116858,100,10.079369999999956,10.083847750000073,0.0004963670066963558,100,10.079369999999956,10.083847750000073,0.0004963670066963558,100,0.9999841426813112,1.000011269646226,-1.5245773435887525e-06,798.0,897.0,0,0,0,100,1.0032218,1.0016409345000001,-0.0004381258003600399,100,1.0034467,1.0019015758,-0.00043382262682268766,100,0.015982550499999998,0.01598440417,3.641456555655612e-06,100,37.69568139195263,37.73217707704739,-0.0029119631653360873,100,42.16595404483694,42.220970230856345,-0.004408556977359396,100,10.198183333338239,10.212003266666782,0.002446912471252523,100,10.198183333338239,10.212003266666782,0.002446912471252523,100,0.9997390465813245,0.9997382578756187,-4.419533319039874e-06,-0.028020500000000226,-0.00026166820000000864,-0.027740099999999934,-0.0002589348224422451,0.00025018849999999815,2.6505916891689487e-06,-0.2758018504946307,-0.0038500865676534147,-0.31442858865440115,-0.005598703027371081,0.11881333333828259,0.0019505454645561671,0.11881333333828259,0.0019505454645561671,-0.0002450960999866858,-2.8949559754511216e-06,1.590279323600602,0.17645760036003125,0.4381258003600399,0.2616682000000087
B3c27,B3,27,5.6C(36%)-4.3C-newstructure,5.6C(36%)-4.3C,constant_two_step,5.6,36.0,4.3,4.8015952143569285,850.0,False,849,849.0,849,0,0,0,0,False,-4.035370439084673e-06,99,0.88002509,False,830,20.0,849.0,677.0,677.0,-7.367222016050511e-05,-0.0007547375999657,10.244534484253183,-0.0006810653798052,0.9564332130061948,-0.0001496973209284,-3.247189944317285e-05,-0.0007727284085498,23.796834241314674,166,166,candidate_knee,657.0,173.0,0.4124977656032899,0.0179712022894591,677.0,candidate_knee,0.0,677.0,candidate_knee,0.0,679.0,candidate_knee,2.0,0.7925211097708083,0.7974087161366313,True,True,True,True,4.3,5.6,False,3.186522121772305,2.436249643250142,0.1600752095837162,50,False,False,True,1.0089843,0.9483642858311043,627.0,676.0,0,0,0,50,1.01596455,1.015806932,-0.0002553981368547391,50,1.01610735,1.0159088539999999,-0.000253395606242498,50,0.0149311255,0.01493059674,9.500616086435082e-07,50,37.52938403589182,37.5582811758433,0.0035506246621903616,50,41.63980193693766,41.6349845319307,0.0007852633364466973,50,10.084202500000053,10.085262366666846,0.0007056765906580868,50,10.084202500000053,10.085262366666846,0.0007056765906580868,50,0.9998820360241427,0.9998995736007504,-1.9961555727513295e-06,678.0,727.0,0,0,0,50,0.9993781749999999,0.9991602780000001,-0.00041400842929170944,50,0.999552935,0.9993843380000001,-0.00040859289411764754,50,0.0150404115,0.015043709719999998,2.1737580792316605e-06,50,37.48517637433184,37.49200904398936,0.002681672941618487,50,41.58788445622445,41.59265427098149,0.002195771221812438,50,10.145158333335228,10.15061623333348,0.0019103042016811419,50,10.145158333335228,10.15061623333348,0.0019103042016811419,50,0.9997165639491975,0.999775415911271,-5.501210090995323e-06,-0.016586375000000153,-0.0001586102924369703,-0.01655441499999999,-0.00015519728787514954,0.0001092860000000001,1.2236964705881523e-06,-0.04420766155998024,-0.0008689517205718745,-0.05191748071320745,0.0014105078853657409,0.06095583333517496,0.001204627611023055,0.06095583333517496,0.001204627611023055,-0.00016547207494521654,-3.5050545182439934e-06,0.7319341063739643,0.2553981368547391,0.41400842929170945,0.15861029243697033
B3c27,B3,27,5.6C(36%)-4.3C-newstructure,5.6C(36%)-4.3C,constant_two_step,5.6,36.0,4.3,4.8015952143569285,850.0,False,849,849.0,849,0,0,0,0,False,-4.035370439084673e-06,99,0.88002509,False,830,20.0,849.0,677.0,677.0,-7.367222016050511e-05,-0.0007547375999657,10.244534484253183,-0.0006810653798052,0.9564332130061948,-0.0001496973209284,-3.247189944317285e-05,-0.0007727284085498,23.796834241314674,166,166,candidate_knee,657.0,173.0,0.4124977656032899,0.0179712022894591,677.0,candidate_knee,0.0,677.0,candidate_knee,0.0,679.0,candidate_knee,2.0,0.7925211097708083,0.7974087161366313,True,True,True,True,4.3,5.6,False,3.186522121772305,2.436249643250142,0.1600752095837162,100,False,False,True,1.0089843,0.9483642858311043,577.0,676.0,0,0,0,100,1.0214577,1.020850426,-0.00020373211761176024,100,1.02155365,1.0209100050000002,-0.00020221134293429215,100,0.014914499000000001,0.014919816979999998,4.453834143414087e-07,100,37.475113396640126,37.476974620041794,0.0034838709772326685,100,41.5732051243355,41.57124472700796,0.0022779067067430513,100,10.070148333332812,10.07325161666683,0.0004893303430388334,100,10.070148333332812,10.07325161666683,0.0004893303430388334,100,0.9999501220454574,0.9999413877453498,-1.5044940544448312e-06,678.0,777.0,0,0,0,100,0.987936885,0.9858805891,-0.0005320997849984966,100,0.98829174,0.9862564640000001,-0.0005263984229222956,100,0.0151162195,0.015114437369999997,2.8253724992499602e-06,100,37.55464923421642,37.669245703320996,0.00744034744826332,100,41.6520085,41.728547906804316,0.005821711755112965,100,10.20911583333315,10.233312166666806,0.003371965496547878,100,10.20911583333315,10.233312166666806,0.003371965496547878,100,0.9995838622627844,0.9996163544548718,-5.9838361413044075e-06,-0.03352081500000004,-0.00032836766738673635,-0.033261910000000006,-0.0003241870799880034,0.00020172049999999872,2.3799890849085516e-06,0.07953583757629445,0.003956476471030651,0.07880337566449924,0.0035438050483699132,0.13896750000033897,0.0028826351535090446,0.13896750000033897,0.0028826351535090446,-0.0003662597826730174,-4.479342086859576e-06,1.3525127461539184,0.20373211761176024,0.5320997849984966,0.3283676673867364
B3c28,B3,28,3.7C(31%)-5.9C-newstructure,3.7C(31%)-5.9C,constant_two_step,3.7,31.0,5.9,4.795167490389896,541.0,False,540,540.0,540,0,0,0,0,False,-0.0001980220853432,99,0.88010961,False,521,20.0,540.0,379.0,379.0,-0.000237603110642,-0.0004886256477167,2.0564783280678567,-0.0002510225370747,0.951848006919261,-0.0002950099610819,-0.0002178165716359,-0.0005575129301264,2.559552406592741,105,105,candidate_knee,359.0,162.0,0.0305379494036567,0.0014704631283848,380.0,candidate_knee,1.0,379.0,candidate_knee,0.0,381.0,candidate_knee,2.0,0.6903846153846154,0.7018518518518518,True,True,True,True,5.9,5.9,False,3.2793281431152432,2.4761541259584976,0.2141113793906184,50,False,False,True,0.9635148,0.922140654197781,329.0,378.0,0,0,0,50,0.972151635,0.9719978966,-0.00031444454021607737,50,0.972284975,0.9721480396,-0.0003140505786314566,50,0.014404581999999999,0.01440267354,4.19031226890744e-06,50,38.14157429542905,38.16760506144973,0.004840316508537021,50,41.80815847939165,41.825841207972296,0.006160817367791514,50,10.85872500000017,10.860281100000218,0.005084544457793941,50,10.85872500000017,10.860281100000218,0.005084544457793941,50,0.9998803280903832,0.9998455246206587,-4.5306067831156146e-07,380.0,429.0,0,0,0,50,0.9538722900000001,0.9537690922000001,-0.0003967251318127305,50,0.95412728,0.9540173305999998,-0.0003940645623049272,50,0.0146043925,0.01461702536,3.6135896278512242e-06,50,38.679163539849554,38.59266968006771,0.01567570158364179,50,42.37383430317941,42.28719557065692,0.013525778685550716,50,11.146421666668417,11.156718233333514,0.0062750992396845475,50,11.146421666668417,11.156718233333514,0.0062750992396845475,50,0.9997697617668351,0.9997395499552222,-2.8917777174081987e-06,-0.018279344999999947,-8.228059159665313e-05,-0.018157694999999974,-8.001398367347057e-05,0.0001998105000000014,-5.767226410562161e-07,0.5375892444205022,0.010835385075104769,0.5656758237877568,0.0073649613177592015,0.28769666666824634,0.0011905547818906069,0.28769666666824634,0.0011905547818906069,-0.00011056632354811136,-2.4387170390966373e-06,1.3871315391172157,0.3144445402160774,0.3967251318127305,0.08228059159665313
B3c28,B3,28,3.7C(31%)-5.9C-newstructure,3.7C(31%)-5.9C,constant_two_step,3.7,31.0,5.9,4.795167490389896,541.0,False,540,540.0,540,0,0,0,0,False,-0.0001980220853432,99,0.88010961,False,521,20.0,540.0,379.0,379.0,-0.000237603110642,-0.0004886256477167,2.0564783280678567,-0.0002510225370747,0.951848006919261,-0.0002950099610819,-0.0002178165716359,-0.0005575129301264,2.559552406592741,105,105,candidate_knee,359.0,162.0,0.0305379494036567,0.0014704631283848,380.0,candidate_knee,1.0,379.0,candidate_knee,0.0,381.0,candidate_knee,2.0,0.6903846153846154,0.7018518518518518,True,True,True,True,5.9,5.9,False,3.2793281431152432,2.4761541259584976,0.2141113793906184,100,False,False,True,0.9635148,0.922140654197781,279.0,378.0,0,0,0,100,0.9798011799999999,0.9791306731,-0.0002868111039303892,100,0.979790685,0.9792302326000002,-0.0002852017923792383,100,0.014281722,0.014296100489999998,4.212788820882072e-06,100,38.07522515075131,38.09533309569613,0.003327388992771866,100,41.68871821980445,41.69830719933682,0.0052231206966980494,100,10.730111666665955,10.746822900000105,0.0045259560156063,100,10.730111666665955,10.746822900000105,0.0045259560156063,100,0.9999191348038524,0.9998979255643442,-1.673439116449896e-06,380.0,479.0,0,0,0,100,0.94375458,0.9433166387,-0.0004187669617161685,100,0.9440302549999999,0.9435837953999999,-0.00041772007224722687,100,0.014728261,0.014770616559999998,6.080847200720109e-06,100,38.81639042428955,38.76146804939941,0.007657546693112672,100,42.49809418626981,42.454773082803406,0.007364083616058541,100,11.333911666667943,11.382190583333259,0.009048534923482296,100,11.333911666667943,11.382190583333259,0.009048534923482296,100,0.9997265205130283,0.9997164208598118,-1.231033882303735e-06,-0.03604659999999993,-0.00013195585778577932,-0.035760430000000065,-0.00013251827986798857,0.00044653899999999927,1.8680583798380365e-06,0.7411652735382432,0.004330157700340806,0.8093759664653604,0.002140962919360492,0.6038000000019874,0.004522578907875996,0.6038000000019874,0.004522578907875996,-0.0001926142908240669,4.4240523414616096e-07,3.1266467727070957,0.28681110393038917,0.4187669617161685,0.13195585778577934
B3c29,B3,29,5.9C(15%)-4.6C-newstructure,5.9C(15%)-4.6C,constant_two_step,5.9,15.0,4.6,4.798232044198895,858.0,False,857,857.0,857,0,0,0,0,False,4.077620284476881e-06,99,0.88007307,False,838,20.0,857.0,668.0,668.0,-8.185895780796391e-05,-0.0006835411087584,8.350229798453832,-0.0006016821509504,0.9459730926666128,-0.000160246847943,-3.45286365983166e-05,-0.0007372072048633,21.350602789200472,168,168,candidate_knee,648.0,190.0,0.4023089866589847,0.0217355103416139,669.0,candidate_knee,1.0,668.0,candidate_knee,0.0,671.0,candidate_knee,3.0,0.7741935483870968,0.779463243873979,True,True,True,True,4.6,5.9,False,3.123055552196826,2.3684987673045494,0.0617824587694224,50,False,False,True,1.0119973,0.9451462547685884,618.0,667.0,0,0,0,50,1.0189786,1.018885282,-0.0002538420792316885,50,1.0191050000000001,1.0189900280000002,-0.0002527135942377024,50,0.014620437,0.01462979742,2.2472641056422748e-06,50,32.524601968083175,32.5429527708533,-0.004295640996861271,50,33.009990046865326,33.01421859499114,-0.006126197287370188,50,10.128401666664285,10.130073866666372,0.001130375510222029,50,10.128401666664285,10.130073866666372,0.001130375510222029,50,0.9998750554935931,0.9998971555019779,-1.1287983765384969e-06,669.0,718.0,0,0,0,50,1.0034732499999999,1.003087061,-0.0003678958372148795,50,1.0037216500000001,1.0033547604,-0.00036448696182472004,50,0.014789610500000001,0.01480315444,3.5355968307322585e-06,50,32.28616861715513,32.2878648261258,-0.0011057006812320491,50,32.75991554406593,32.76888106843791,-0.0015858529860445579,50,10.209144999998777,10.217281499999885,0.00231995206079391,50,10.209144999998777,10.217281499999885,0.00231995206079391,50,0.9997497999686867,0.9997329366948009,-3.4926110604997165e-06,-0.015505350000000195,-0.000114053757983191,-0.015383350000000018,-0.00011177336758701764,0.00016917350000000136,1.2883327250899837e-06,-0.23843335092804807,0.003189940315629222,-0.2500745027993929,0.00454034430132563,0.08074333333449246,0.001189576550571881,0.08074333333449246,0.001189576550571881,-0.00012525552490638692,-2.3638126839612194e-06,1.1571028964455807,0.2538420792316885,0.3678958372148795,0.114053757983191
B3c29,B3,29,5.9C(15%)-4.6C-newstructure,5.9C(15%)-4.6C,constant_two_step,5.9,15.0,4.6,4.798232044198895,858.0,False,857,857.0,857,0,0,0,0,False,4.077620284476881e-06,99,0.88007307,False,838,20.0,857.0,668.0,668.0,-8.185895780796391e-05,-0.0006835411087584,8.350229798453832,-0.0006016821509504,0.9459730926666128,-0.000160246847943,-3.45286365983166e-05,-0.0007372072048633,21.350602789200472,168,168,candidate_knee,648.0,190.0,0.4023089866589847,0.0217355103416139,669.0,candidate_knee,1.0,668.0,candidate_knee,0.0,671.0,candidate_knee,3.0,0.7741935483870968,0.779463243873979,True,True,True,True,4.6,5.9,False,3.123055552196826,2.3684987673045494,0.0617824587694224,100,False,False,True,1.0119973,0.9451462547685884,568.0,667.0,0,0,0,100,1.02484085,1.024041219,-0.00020789613741374594,100,1.0247974,1.02410972,-0.00020656701350135412,100,0.014595628499999999,0.014604400659999999,1.125723852385188e-06,100,32.519543513267344,32.529526788710506,0.00021484326861038344,100,32.981661,32.99777058484374,9.745515853966052e-05,100,10.107330833334709,10.111402699999898,0.0007722534053380875,100,10.107330833334709,10.111402699999898,0.0007722534053380875,100,0.9999432983745464,0.9999328952854684,-1.3117128470145628e-06,669.0,768.0,0,0,0,100,0.99321708,0.9918485546,-0.00045083112439243836,100,0.993522405,0.9921895219,-0.00044814882478247603,100,0.014885792500000002,0.01489236131,3.7876523912391123e-06,100,32.30927147947655,32.33089777485355,0.001153780102362456,100,32.804123,32.79930560370762,0.0007879145730162974,100,10.28122249999821,10.298679766666883,0.003349414681476777,100,10.28122249999821,10.298679766666883,0.003349414681476777,100,0.9996776784718283,0.9996553416059275,-2.8489102451416207e-06,-0.03162376999999994,-0.00024293498697869242,-0.03127499499999997,-0.00024158181128112192,0.0002901640000000025,2.6619285388539243e-06,-0.21027203379079396,0.0009389368337520726,-0.17753800000000552,0.0006904594144766369,0.17389166666350064,0.0025771612761386897,0.17389166666350064,0.0025771612761386897,-0.0002656199027181172,-1.5371973981270579e-06,1.9880199060972434,0.20789613741374594,0.4508311243924384,0.24293498697869245
B3c30,B3,30,5.3C(54%)-4C-newstructure,5.3C(54%)-4C,constant_two_step,5.3,54.0,4.0,4.7936687394007915,935.0,False,934,934.0,934,0,0,0,0,False,-3.416536796536511e-06,99,0.88024825,False,915,20.0,934.0,762.0,762.0,-6.105068227936557e-05,-0.0007790804167286,12.761207371338037,-0.0007180297344492,0.9493438801052684,-0.0001279875610425,-2.7517467083878225e-05,-0.0007453635854291,27.086925666420505,183,183,candidate_knee,742.0,173.0,0.4965153218022769,0.0251515396707873,762.0,candidate_knee,0.0,762.0,candidate_knee,0.0,764.0,candidate_knee,2.0,0.811816192560175,0.815845824411135,True,True,True,True,4.0,5.3,False,3.147065071885747,2.390987160677631,0.2491956384974717,50,False,False,True,1.0173775,0.9491221405593844,712.0,761.0,0,0,0,50,1.0244908499999998,1.024237164,-0.00024575167346939115,50,1.0243790000000002,1.0241233319999998,-0.0002438785594237625,50,0.0156391915,0.0156404944,-1.8637982232893512e-06,50,33.701414410371456,33.633384393451344,0.008568521295597185,50,35.912373,35.86066496151782,0.007666903819628541,50,10.046816666664867,10.048086233333143,0.0001995517407442214,50,10.046816666664867,10.048086233333143,0.0001995517407442214,50,1.0001197334163812,1.0001110626477474,-1.802500482716375e-06,763.0,812.0,0,0,0,50,1.00848045,1.0081581177999999,-0.0003852689406962736,50,1.0084982,1.0081885328,-0.00038192725282113155,50,0.0156915665,0.015688328780000003,6.544891716687622e-07,50,33.40092066580719,33.43036736032675,-0.004394090341528502,50,35.6642455,35.6681095911686,-0.003999906788691303,50,10.07972749999802,10.080840999999706,0.0010589840736555858,50,10.07972749999802,10.080840999999706,0.0010589840736555858,50,0.99996359331113,0.9999695716982351,-3.3261799473105293e-06,-0.01601039999999987,-0.00013951726722688247,-0.01588080000000014,-0.00013804869339736905,5.237500000000034e-05,2.5182873949581136e-06,-0.3004937445642639,-0.012962611637125688,-0.2481275000000025,-0.011666810608319846,0.03291083333315292,0.0008594323329113643,0.03291083333315292,0.0008594323329113643,-0.00015614010525111244,-1.5236794645941542e-06,0.3348958288540705,0.24575167346939114,0.3852689406962736,0.13951726722688246
B3c30,B3,30,5.3C(54%)-4C-newstructure,5.3C(54%)-4C,constant_two_step,5.3,54.0,4.0,4.7936687394007915,935.0,False,934,934.0,934,0,0,0,0,False,-3.416536796536511e-06,99,0.88024825,False,915,20.0,934.0,762.0,762.0,-6.105068227936557e-05,-0.0007790804167286,12.761207371338037,-0.0007180297344492,0.9493438801052684,-0.0001279875610425,-2.7517467083878225e-05,-0.0007453635854291,27.086925666420505,183,183,candidate_knee,742.0,173.0,0.4965153218022769,0.0251515396707873,762.0,candidate_knee,0.0,762.0,candidate_knee,0.0,764.0,candidate_knee,2.0,0.811816192560175,0.815845824411135,True,True,True,True,4.0,5.3,False,3.147065071885747,2.390987160677631,0.2491956384974717,100,False,False,True,1.0173775,0.9491221405593844,662.0,761.0,0,0,0,100,1.0300017,1.029431996,-0.000208753759375942,100,1.0298503,1.02927706,-0.0002071255865586545,100,0.015656986999999997,0.01564952908,-4.2412298829883074e-07,100,33.533755411568976,33.57077364301485,0.0027363641359548583,100,35.75898508938542,35.79753661540674,0.002792246911862633,100,10.044720833331425,10.045643999999971,0.000101369276932327,100,10.044720833331425,10.045643999999971,0.000101369276932327,100,1.0001468719211863,1.000150268244621,-1.5528022379766181e-06,763.0,862.0,0,0,0,100,0.99782008,0.9954036366,-0.0005137604417641717,100,0.997918935,0.9955868822,-0.0005076826493849421,100,0.015728045500000003,0.015748569480000002,2.290277935793608e-06,100,33.22160959295119,33.25076937732972,-0.0059644467125761075,100,35.462940051775576,35.496511853700376,-0.005699420169787651,100,10.115440833331862,10.140738416666476,0.0024425261026187048,100,10.115440833331862,10.140738416666476,0.0024425261026187048,100,0.9998624813837671,0.9998132135754781,-6.230078474710052e-06,-0.03218161999999991,-0.0003050066823882297,-0.031931365000000156,-0.0003005570628262876,7.105850000000552e-05,2.7144009240924386e-06,-0.3121458186177861,-0.008700810848530966,-0.2960450376098436,-0.008491667081650285,0.07072000000043666,0.002341156825686378,0.07072000000043666,0.002341156825686378,-0.00028439053741924347,-4.677276236733434e-06,0.4538453024199709,0.208753759375942,0.5137604417641717,0.3050066823882297
B3c31,B3,31,5.9C(60%)-3.1C-newstructure,5.9C(60%)-3.1C,constant_two_step,5.9,60.0,3.1,4.813157894736842,731.0,False,730,730.0,730,0,0,0,0,False,-8.999562152133592e-06,99,0.88031369,False,711,20.0,730.0,597.0,597.0,-7.79579909446603e-05,-0.0010384760587672,13.320970001708035,-0.0009605180678225,0.9551278582697466,-0.0001668301383774,-2.8422588151285517e-05,-0.0009888809399931,34.79207926912101,143,143,candidate_knee,577.0,134.0,0.4105045139272158,0.0184202167298508,598.0,candidate_knee,1.0,597.0,candidate_knee,0.0,599.0,candidate_knee,2.0,0.8126760563380282,0.8178082191780822,True,True,True,True,3.1,5.9,False,3.256009175058173,2.4110608749182214,0.2484345222276802,50,False,False,True,1.0178367,0.9503736650850084,547.0,596.0,0,0,0,50,1.0262234000000001,1.025827726,-0.00029100644897960264,50,1.026413,1.0260625,-0.000289662079231696,50,0.0161708005,0.016167339120000002,3.848344777910494e-07,50,35.81169680320089,35.771324340758206,0.01133220891242468,50,39.35199713996646,39.319863123948465,0.009862889035159595,50,10.04592583333336,10.046367399999871,6.269995998871025e-05,50,10.04592583333336,10.046367399999871,6.269995998871025e-05,50,0.9997960236474013,0.9997711165497459,-1.3714179400314986e-06,598.0,647.0,0,0,0,50,1.00656505,1.0053271706000002,-0.0005732856840336103,50,1.0069751999999998,1.0057898217999999,-0.0005650153166866584,50,0.016231083,0.016233229519999996,8.302823529412807e-07,50,35.94546320836878,35.96207489758825,0.002354338724400761,50,39.593224488229026,39.60563078534224,0.005101528784102316,50,10.058643333332535,10.06264906666684,0.0007298767506901456,50,10.058643333332535,10.06264906666684,0.0007298767506901456,50,0.9995461192575115,0.999539012295603,-8.519918146849584e-06,-0.019658350000000047,-0.0002822792350540077,-0.01943780000000017,-0.0002753532374549624,6.0282500000001515e-05,4.454478751502313e-07,0.13376640516788996,-0.00897787018802392,0.2412273482625693,-0.004761360251057279,0.01271749999917482,0.0006671767907014354,0.01271749999917482,0.0006671767907014354,-0.0002499043898898101,-7.148500206818086e-06,0.37278612150339446,0.29100644897960265,0.5732856840336104,0.2822792350540077
B3c31,B3,31,5.9C(60%)-3.1C-newstructure,5.9C(60%)-3.1C,constant_two_step,5.9,60.0,3.1,4.813157894736842,731.0,False,730,730.0,730,0,0,0,0,False,-8.999562152133592e-06,99,0.88031369,False,711,20.0,730.0,597.0,597.0,-7.79579909446603e-05,-0.0010384760587672,13.320970001708035,-0.0009605180678225,0.9551278582697466,-0.0001668301383774,-2.8422588151285517e-05,-0.0009888809399931,34.79207926912101,143,143,candidate_knee,577.0,134.0,0.4105045139272158,0.0184202167298508,598.0,candidate_knee,1.0,597.0,candidate_knee,0.0,599.0,candidate_knee,2.0,0.8126760563380282,0.8178082191780822,True,True,True,True,3.1,5.9,False,3.256009175058173,2.4110608749182214,0.2484345222276802,100,False,False,True,1.0178367,0.9503736650850084,497.0,596.0,0,0,0,100,1.0325218,1.031825348,-0.00024057384938494037,100,1.03268505,1.031985427,-0.00023845980138013654,100,0.0161695835,0.016163809,3.298803480348124e-07,100,35.472297109621906,35.51377639897196,0.009545217821300087,100,38.994894,39.085004986900906,0.008613316541431711,100,10.045953333335152,10.046128550000063,1.681099109559788e-05,100,10.045953333335152,10.046128550000063,1.681099109559788e-05,100,0.9998447696192434,0.9998444958589006,-2.0909582173955037e-06,598.0,697.0,0,0,0,100,0.9885423200000001,0.9834246185,-0.0008734659929792974,100,0.989282875,0.9842025427999999,-0.0008616598714671441,100,0.016257857,0.016337545489999997,4.429414767476686e-06,100,35.97190056713475,36.0024826085124,0.002293494366391349,100,39.591231866465144,39.60410448622844,0.0005691078077413138,100,10.09077250000167,10.193852033333233,0.005649346414629247,100,10.09077250000167,10.193852033333233,0.005649346414629247,100,0.9992323176131435,0.999200162988783,-1.2765064030685794e-05,-0.04397947999999996,-0.000632892143594357,-0.04340217499999999,-0.0006232000700870076,8.827349999999956e-05,4.099534419441873e-06,0.4996034575128476,-0.007251723454908737,0.5963378664651415,-0.008044208733690397,0.04481916666651742,0.005632535423533649,0.04481916666651742,0.005632535423533649,-0.0006124520060999394,-1.0674105813290289e-05,0.5459231525660482,0.24057384938494036,0.8734659929792975,0.6328921435943571
B3c32,B3,32,4.8C(80%)-4.8C-newstructure,4.8C(80%)-4.8C,constant_two_step,4.8,80.0,4.8,4.8,,True,2237,2237.0,2237,0,0,0,0,False,-1.0736820037105784e-05,99,0.97388279,False,2218,20.0,2237.0,1904.0,1904.0,-3.592533998511532e-05,-9.751152887797812e-05,2.7142827018026647,-6.158618889286281e-05,0.9269640902202388,-3.9683703219189103e-05,-3.125573678759035e-05,-8.300856534313498e-05,2.6557865491141572,444,444,candidate_knee,1884.0,334.0,0.0310294022084668,0.0022662606202175,1904.0,candidate_knee,0.0,1904.0,candidate_knee,0.0,1906.0,candidate_knee,2.0,0.8497970230040596,0.8511399195350916,True,True,True,True,,4.8,False,2.990531394762564,2.383822135790356,0.0,50,False,False,True,1.0061344,0.9363307549521652,1854.0,1903.0,0,0,0,50,1.0075995500000001,1.0076072040000001,-5.8651966386565075e-05,50,1.0078578999999999,1.007877094,-5.88359231692665e-05,50,0.015909198,0.01590475778,3.1388538295319484e-06,50,35.84547042666254,35.863608777076635,-0.01821803679773863,50,38.5799140444752,38.64549854055749,-0.01720147258593967,50,11.0384249999964,11.038475533331743,1.318767519920904e-05,50,11.0384249999964,11.038475533331743,1.318767519920904e-05,50,0.9997296775099667,0.9997322219448276,1.6673080442007137e-07,1905.0,1954.0,0,0,1,50,1.0049792000000002,1.004921786,-5.206386074429431e-05,50,1.0052352999999998,1.00518665,-5.24372196878724e-05,50,0.015931773,0.01593389582,5.150311164465974e-07,50,35.72945794205041,35.68712786196748,-0.0014899889336641473,50,38.4441299400008,38.44807909981189,-0.0009292812749469392,50,11.038944999997813,11.039118433333623,2.887531012072934e-05,50,11.038944999997813,11.039118433333623,2.887531012072934e-05,50,0.9997302538041655,0.9997365077339095,3.576931479001854e-07,-0.002620349999999938,6.588105642270768e-06,-0.0026226000000000305,6.398703481394098e-06,2.2575000000000373e-05,-2.623822713085351e-06,-0.11601248461212776,0.01672804786407448,-0.13578410447440348,0.01627219131099273,0.000520000001413834,1.56876349215203e-05,0.000520000001413834,1.56876349215203e-05,5.762941988063375e-07,1.90962343480114e-07,0.1418990448167178,0.05865196638656508,0.05206386074429431,-0.006588105642270768
B3c32,B3,32,4.8C(80%)-4.8C-newstructure,4.8C(80%)-4.8C,constant_two_step,4.8,80.0,4.8,4.8,,True,2237,2237.0,2237,0,0,0,0,False,-1.0736820037105784e-05,99,0.97388279,False,2218,20.0,2237.0,1904.0,1904.0,-3.592533998511532e-05,-9.751152887797812e-05,2.7142827018026647,-6.158618889286281e-05,0.9269640902202388,-3.9683703219189103e-05,-3.125573678759035e-05,-8.300856534313498e-05,2.6557865491141572,444,444,candidate_knee,1884.0,334.0,0.0310294022084668,0.0022662606202175,1904.0,candidate_knee,0.0,1904.0,candidate_knee,0.0,1906.0,candidate_knee,2.0,0.8497970230040596,0.8511399195350916,True,True,True,True,,4.8,False,2.990531394762564,2.383822135790356,0.0,100,False,False,True,1.0061344,0.9363307549521652,1804.0,1903.0,0,0,0,100,1.0090088000000002,1.0089238569999999,-5.3011584158419226e-05,100,1.0092837000000001,1.0091924999999997,-5.301120552055354e-05,100,0.015892207499999998,0.01588028146,1.1102669546954816e-06,100,36.10745200225332,36.02103455174578,-0.006934025029513856,100,38.8677021745737,38.795721246142236,-0.006897738834391978,100,11.038315833336675,11.038335249998298,5.728982920654846e-06,100,11.038315833336675,11.038335249998298,5.728982920654846e-06,100,0.9997318347473958,0.9997338042526563,-1.4347539643571662e-08,1905.0,2004.0,0,0,1,100,1.0035715500000002,1.0036177489999998,-5.246593159315481e-05,100,1.0038084999999999,1.003885009,-5.237113051305701e-05,100,0.015923229,0.0159244534,-2.4523324332434786e-07,100,35.72945794205041,35.71346800478077,0.0005867446156765667,100,38.48116227314419,38.48285896277064,0.0007101949321507178,100,11.039445833334078,11.039649166666438,2.320214020492685e-05,100,11.039445833334078,11.039649166666438,2.320214020492685e-05,100,0.9997302538041655,0.9997337707320949,-1.0860166392816934e-07,-0.005437249999999949,5.456525652644144e-07,-0.0054752000000002354,6.400750074965321e-07,3.102150000000234e-05,-1.3555001980198295e-06,-0.3779940602029086,0.007520769645190422,-0.3865399014295079,0.0076079337665426955,0.0011299999974028196,1.7473157284272005e-05,0.0011299999974028196,1.7473157284272005e-05,-1.5809432303282023e-06,-9.425412428459768e-08,0.19519943972542733,0.05301158415841922,0.05246593159315481,-0.0005456525652644123
B3c33,B3,33,5C(67%)-4C-newstructure,5C(67%)-4C,constant_two_step,5.0,67.0,4.0,4.804804804804805,1284.0,False,1283,1283.0,1283,0,0,0,0,False,-1.2591045145330918e-05,99,0.88079751,False,1264,20.0,1283.0,1088.0,1088.0,-5.3377144468213855e-05,-0.0006232396477559,11.6761519179266,-0.0005698625032877,0.9770267219989858,-9.005690115671393e-05,-3.4482331408178745e-05,-0.000518295392893,15.030752612340748,253,253,candidate_knee,1068.0,196.0,0.5000736882957395,0.0114883318622105,1088.0,candidate_knee,0.0,1088.0,candidate_knee,0.0,1090.0,candidate_knee,2.0,0.8456057007125891,0.848012470771629,True,True,True,True,4.0,5.0,False,3.2350149350412867,2.508437071322853,0.1836936345329063,50,False,False,True,0.99933267,0.9406048758504275,1038.0,1087.0,0,0,0,50,1.00437445,1.004235751,-0.0001769815707082848,50,1.0044696,1.004348023,-0.00017536968499399572,50,0.0156004275,0.015602285419999999,-8.367144777911373e-07,50,33.71953767050181,33.71921334036474,0.0006060036269592685,50,35.0337045,35.03814953746055,0.0002770965016211268,50,10.043875833333004,10.044238966666782,5.918535413072112e-05,50,10.043875833333004,10.044238966666782,5.918535413072112e-05,50,0.9998887039926962,0.9998881554811951,-1.624313080258966e-06,1089.0,1138.0,0,0,0,50,0.992212055,0.9915903356,-0.0003506366204081597,50,0.9925271250000001,0.9918808713999999,-0.0003451003529411704,50,0.0155334955,0.015534300219999998,-1.8435909243696724e-06,50,33.77666264582991,33.80440205671964,0.004849851909036288,50,35.07053908952252,35.07594586922185,0.0038286500060850316,50,10.054649999997734,10.056406900000603,0.0004937303721529217,50,10.054649999997734,10.056406900000603,0.0004937303721529217,50,0.9997035240029665,0.9997066795765447,-5.683657054668688e-06,-0.012162395000000048,-0.00017365504969987493,-0.011942474999999897,-0.0001697306679471747,-6.693200000000045e-05,-1.006876446578535e-06,0.0571249753281009,0.0042438482820770194,0.03683458952252039,0.003551553504463905,0.010774166664729634,0.0004345450180222006,0.010774166664729634,0.0004345450180222006,-0.0001851799897297779,-4.0593439744097224e-06,-0.42903952471815565,0.1769815707082848,0.35063662040815974,0.17365504969987494
B3c33,B3,33,5C(67%)-4C-newstructure,5C(67%)-4C,constant_two_step,5.0,67.0,4.0,4.804804804804805,1284.0,False,1283,1283.0,1283,0,0,0,0,False,-1.2591045145330918e-05,99,0.88079751,False,1264,20.0,1283.0,1088.0,1088.0,-5.3377144468213855e-05,-0.0006232396477559,11.6761519179266,-0.0005698625032877,0.9770267219989858,-9.005690115671393e-05,-3.4482331408178745e-05,-0.000518295392893,15.030752612340748,253,253,candidate_knee,1068.0,196.0,0.5000736882957395,0.0114883318622105,1088.0,candidate_knee,0.0,1088.0,candidate_knee,0.0,1090.0,candidate_knee,2.0,0.8456057007125891,0.848012470771629,True,True,True,True,4.0,5.0,False,3.2350149350412867,2.508437071322853,0.1836936345329063,100,False,False,True,0.99933267,0.9406048758504275,988.0,1087.0,0,0,1,100,1.0083717,1.0079125974999998,-0.0001478808455445631,100,1.0084533,1.0079954334999999,-0.00014663427656766187,100,0.0156175615,0.01561441168,-4.7319511551153007e-07,100,33.71282412467136,33.71365564565821,-9.156585239424558e-05,100,35.04057970271375,35.04090781914399,-0.0003695605425782515,100,10.043479166664959,10.043670616666864,2.4788488847812863e-05,100,10.043479166664959,10.043670616666864,2.4788488847812863e-05,100,0.9999218246582615,0.999917668926745,-1.2494151952937385e-06,1089.0,1188.0,0,0,0,100,0.981665165,0.9798541767000002,-0.0004669281441944218,100,0.982058585,0.9802615693,-0.00046226694635463156,100,0.015483835,0.015491065939999998,-1.6389130753074558e-06,100,33.92066009163307,33.89667240211553,0.003829258386101478,100,35.13533493316262,35.128856546437994,0.0023022649446920716,100,10.073057499997473,10.087035033333505,0.0012591485748437157,100,10.073057499997473,10.087035033333505,0.0012591485748437157,100,0.9995699270968554,0.9995824780454832,-4.954647682646266e-06,-0.026706535000000087,-0.0003190472986498587,-0.026394715000000013,-0.0003156326697869697,-0.00013372650000000041,-1.1657179597959257e-06,0.20783596696171003,0.003920824238495724,0.09475523044886813,0.002671825487270323,0.02957833333251436,0.0012343600859959028,0.02957833333251436,0.0012343600859959028,-0.0003518975614060782,-3.705232487352527e-06,-0.8562572332434895,0.1478808455445631,0.4669281441944218,0.3190472986498587
B3c34,B3,34,5.3C(54%)-4C-newstructure,5.3C(54%)-4C,constant_two_step,5.3,54.0,4.0,4.7936687394007915,1158.0,False,1157,1157.0,1157,0,0,0,0,False,-2.1157972789115335e-05,99,0.88017184,False,1138,20.0,1157.0,923.0,923.0,-5.896638046492681e-05,-0.0005566168829084,9.439563332864823,-0.0004976505024435,0.9888181450872284,-0.0001136512291648,-3.9476272303597307e-05,-0.0005627230432393,14.254715817938555,228,228,candidate_knee,903.0,235.0,0.5387623055574803,0.006024361933214,923.0,candidate_knee,0.0,923.0,candidate_knee,0.0,924.0,candidate_knee,1.0,0.7941952506596306,0.797752808988764,True,True,True,True,4.0,5.3,False,3.246364018560293,2.503039422494171,0.2662223448046619,50,False,False,True,1.0067487,0.9466920697992475,873.0,922.0,0,0,0,50,1.01119935,1.0110307859999998,-0.0001513767635054018,50,1.0112667,1.011089348,-0.0001498279663865536,50,0.015690877,0.0156863301,9.857120288114603e-07,50,37.39335044031719,37.40213426409857,-0.0031153437738300266,50,41.19021739452748,41.20026903771586,-0.002141920491239087,50,10.044337499995406,10.04458856666647,2.3148379335132315e-05,50,10.044337499995406,10.04458856666647,2.3148379335132315e-05,50,0.9999419821176703,0.9999420328898253,-1.5416149440692693e-06,924.0,973.0,0,0,0,50,0.9998641500000001,0.9993352278000001,-0.000330317962545023,50,1.00011371,0.9995887423999998,-0.00032523979831932325,50,0.015751077500000002,0.015747880560000004,1.0044917166867272e-06,50,37.33132875935231,37.345759922381056,0.0005381873243388904,50,41.093596873221045,41.101698570446324,-0.0017676215971302682,50,10.049443333332118,10.05107249999962,0.0003548970788359193,50,10.049443333332118,10.05107249999962,0.0003548970788359193,50,0.999762631313811,0.9997460289294581,-5.166500964678732e-06,-0.01133519999999999,-0.00017894119903962122,-0.01115299000000003,-0.00017541183193276965,6.020050000000304e-05,1.8779687875266927e-08,-0.062021680964882364,0.003653531098168917,-0.09662052130643417,0.0003742988941088188,0.005105833336711996,0.000331748699500787,0.005105833336711996,0.000331748699500787,-0.00017935080385922397,-3.6248860206094626e-06,0.3836656166510199,0.1513767635054018,0.330317962545023,0.1789411990396212
B3c34,B3,34,5.3C(54%)-4C-newstructure,5.3C(54%)-4C,constant_two_step,5.3,54.0,4.0,4.7936687394007915,1158.0,False,1157,1157.0,1157,0,0,0,0,False,-2.1157972789115335e-05,99,0.88017184,False,1138,20.0,1157.0,923.0,923.0,-5.896638046492681e-05,-0.0005566168829084,9.439563332864823,-0.0004976505024435,0.9888181450872284,-0.0001136512291648,-3.9476272303597307e-05,-0.0005627230432393,14.254715817938555,228,228,candidate_knee,903.0,235.0,0.5387623055574803,0.006024361933214,923.0,candidate_knee,0.0,923.0,candidate_knee,0.0,924.0,candidate_knee,1.0,0.7941952506596306,0.797752808988764,True,True,True,True,4.0,5.3,False,3.246364018560293,2.503039422494171,0.2662223448046619,100,False,False,True,1.0067487,0.9466920697992475,823.0,922.0,0,0,1,100,1.0146665,1.014228982,-0.00012825972397240067,100,1.01467805,1.014258932,-0.00012698970777077736,100,0.015632395,0.01564454745,1.448624452445223e-06,100,37.61433798988632,37.58873582588867,-0.006233885448745827,100,41.39038039846733,41.38709153840198,-0.006260324795224481,100,10.044162500001645,10.044037566666725,1.864896487948456e-05,100,10.044162500001645,10.044037566666725,1.864896487948456e-05,100,0.9999674171088556,0.9999703410248003,-1.256389324177306e-06,924.0,1023.0,0,0,0,100,0.99001056,0.9876838857999999,-0.000465105929432943,100,0.990368455,0.9880635971000001,-0.00046015116261626296,100,0.0157618365,0.015759328250000003,5.279898049805423e-07,100,37.45475321263366,37.455266646668846,0.003918714472347667,100,41.128015279657475,41.124156501139986,0.0005322205352475904,100,10.063042500001998,10.075714466666646,0.0010112734673642099,100,10.063042500001998,10.075714466666646,0.0010112734673642099,100,0.9996217195587411,0.9996136923644906,-5.200962318250308e-06,-0.024655939999999932,-0.0003368462054605423,-0.024309595000000073,-0.0003331614548454856,0.0001294415000000007,-9.206346474646806e-07,-0.15958477725266107,0.010152599921093495,-0.26236511880985347,0.006792545330472071,0.018880000000352837,0.0009926245024847254,0.018880000000352837,0.0009926245024847254,-0.00034569755011448766,-3.944572994073002e-06,0.8280337082065845,0.12825972397240068,0.465105929432943,0.33684620546054234
B3c35,B3,35,5.6C(19%)-4.6C-newstructure,5.6C(19%)-4.6C,constant_two_step,5.6,19.0,4.6,4.803729603729602,1093.0,False,1092,1092.0,1092,0,0,0,0,False,-1.953093877550982e-05,99,0.88011736,False,1073,20.0,1092.0,851.0,851.0,-6.373364679807764e-05,-0.0005428999569362,8.518262867591622,-0.0004791663101381,0.9702195292591042,-0.0001256258565117,-3.3951725228815004e-05,-0.0005756321614504,16.954430373448808,215,215,candidate_knee,831.0,242.0,0.517035382968531,0.0153975570945021,851.0,candidate_knee,0.0,851.0,candidate_knee,0.0,853.0,candidate_knee,2.0,0.7751865671641791,0.7793040293040293,True,True,True,True,4.6,5.6,False,3.225708462995446,2.4979490632754384,0.0861820009890434,50,False,False,True,1.0059799,0.9448371273935453,801.0,850.0,0,0,0,50,1.0116257,1.011395442,-0.00019200416326530559,50,1.0116066,1.0113951939999999,-0.0001903166818727521,50,0.015383038500000001,0.015384074119999997,7.907281632653191e-07,50,37.768690499382416,37.7536225607117,-0.004937718923743833,50,41.24580691564687,41.221610891302404,-0.005119153296442007,50,10.10800416667092,10.112535700000977,0.000660454021561475,50,10.10800416667092,10.112535700000977,0.000660454021561475,50,0.9999924610023951,1.000000180677545,-1.6682425209712536e-06,852.0,901.0,0,0,0,50,0.9997227200000001,0.9994549782,-0.0002818802501800702,50,0.99984173,0.9995479139999999,-0.00027932985066025934,50,0.0154657295,0.015469460439999997,1.7056241056421585e-06,50,37.53693967567177,37.54787901755272,0.0003145205322751399,50,40.9808235,40.98984483857234,-0.00039323520084971346,50,10.157152500003576,10.160821266667297,0.001227362785128291,50,10.157152500003576,10.160821266667297,0.001227362785128291,50,0.9999018105555888,0.9999068744686997,-2.5765767927859887e-06,-0.011902979999999896,-8.987608691476463e-05,-0.011764869999999927,-8.901316878750723e-05,8.269099999999932e-05,9.148959423768394e-07,-0.23175082371064804,0.005252239456018973,-0.2649834156468671,0.004725918095592294,0.049148333332656335,0.000566908763566816,0.049148333332656335,0.000566908763566816,-9.06504468063396e-05,-9.083342718147351e-07,0.5375465971823402,0.1920041632653056,0.28188025018007024,0.08987608691476465
B3c35,B3,35,5.6C(19%)-4.6C-newstructure,5.6C(19%)-4.6C,constant_two_step,5.6,19.0,4.6,4.803729603729602,1093.0,False,1092,1092.0,1092,0,0,0,0,False,-1.953093877550982e-05,99,0.88011736,False,1073,20.0,1092.0,851.0,851.0,-6.373364679807764e-05,-0.0005428999569362,8.518262867591622,-0.0004791663101381,0.9702195292591042,-0.0001256258565117,-3.3951725228815004e-05,-0.0005756321614504,16.954430373448808,215,215,candidate_knee,831.0,242.0,0.517035382968531,0.0153975570945021,851.0,candidate_knee,0.0,851.0,candidate_knee,0.0,853.0,candidate_knee,2.0,0.7751865671641791,0.7793040293040293,True,True,True,True,4.6,5.6,False,3.225708462995446,2.4979490632754384,0.0861820009890434,100,False,False,True,1.0059799,0.9448371273935453,751.0,850.0,0,0,0,100,1.0159935999999998,1.015550993,-0.00016623534893489618,100,1.0159025499999998,1.015505343,-0.0001646171611161107,100,0.015357136,0.01536054563,9.188795979598121e-07,100,37.84226096121253,37.8175383851813,-0.002555660657532856,100,41.30495062561871,41.284461887479765,-0.0025696253201025416,100,10.099140000001839,10.099434650000145,0.0005287236023773087,100,10.099140000001839,10.099434650000145,0.0005287236023773087,100,1.0000567987711415,1.0000447357416575,-1.5879859541773684e-06,852.0,951.0,0,0,0,100,0.9917793,0.9904931868999999,-0.0003589738097209674,100,0.991943595,0.9906648682,-0.0003558703279927998,100,0.0155379855,0.01554098158,2.7181678967896466e-06,100,37.530245330572754,37.539213254235825,0.00036356255166091725,100,40.96121,40.95728371895514,-0.0007288482093916477,100,10.198519166663754,10.209316499999957,0.0019390709270824694,100,10.198519166663754,10.209316499999957,0.0019390709270824694,100,0.9998381547517207,0.999825736520662,-3.2005698551307547e-06,-0.0242142999999998,-0.00019273846078607124,-0.023958954999999893,-0.0001912531668766891,0.00018084950000000002,1.7992882988298343e-06,-0.31201563063977744,0.002919223209193773,-0.34374062561870744,0.0018407771107108938,0.09937916666191526,0.0014103473247051607,0.09937916666191526,0.0014103473247051607,-0.00021864401942084388,-1.6125839009533863e-06,1.1776251769861257,0.16623534893489617,0.35897380972096743,0.19273846078607126
B3c36,B3,36,5.6C(36%)-4.3C-newstructure,5.6C(36%)-4.3C,constant_two_step,5.6,36.0,4.3,4.8015952143569285,923.0,False,922,922.0,922,0,0,0,0,False,-2.197191960420531e-05,99,0.88060242,False,903,20.0,922.0,786.0,786.0,-7.083296386244094e-05,-0.0008042036474273,11.353522478448454,-0.0007333706835649,0.9313143477252808,-0.0001160391205759,-4.128865237892866e-05,-0.0006427005205107,15.56603288023016,181,181,candidate_knee,766.0,137.0,0.2994321000633393,0.0205666891048394,786.0,candidate_knee,0.0,786.0,candidate_knee,0.0,791.0,candidate_knee,5.0,0.8492239467849224,0.8524945770065075,True,True,True,True,4.3,5.6,False,3.268468785864835,2.529168415956368,0.1687794272626207,50,False,False,True,0.99805385,0.9419741712914976,736.0,785.0,0,0,0,50,1.0046680499999998,1.0044199958,-0.00023007626938777046,50,1.0046879,1.0044531222,-0.00022809449555822342,50,0.015398357500000001,0.015403884460000001,2.5126991116446623e-06,50,38.34301282195858,38.34575981710992,0.0009783780492613413,50,42.570504931277306,42.558539718047825,0.0034879628735782213,50,10.109715833332544,10.112499166666607,0.0010448989996107532,50,10.109715833332544,10.112499166666607,0.0010448989996107532,50,0.9999692211153421,0.9999669261802299,-1.9821506270195106e-06,787.0,836.0,0,0,0,50,0.989934655,0.9894375450000001,-0.00037707051284513053,50,0.99013451,0.9896282089999999,-0.00037325546170468557,50,0.015549035,0.015554884480000001,5.204055894357706e-06,50,38.52200336197211,38.518061223383214,-0.0004725883936279623,50,42.96463017510662,42.98095603050752,0.008139591061001511,50,10.196852499999416,10.202602400000439,0.0030121358943197753,50,10.196852499999416,10.202602400000439,0.0030121358943197753,50,0.9998205350816272,0.9998070243268374,-3.932987328628628e-06,-0.014733394999999816,-0.00014699424345736008,-0.01455339,-0.00014516096614646215,0.0001506774999999981,2.691356782713044e-06,0.17899054001352965,-0.0014509664428893035,0.3941252438293148,0.00465162818742329,0.08713666666687203,0.001967236894709022,0.08713666666687203,0.001967236894709022,-0.00014868603371498423,-1.9508367016091176e-06,0.9785296905854932,0.23007626938777045,0.37707051284513055,0.1469942434573601
B3c36,B3,36,5.6C(36%)-4.3C-newstructure,5.6C(36%)-4.3C,constant_two_step,5.6,36.0,4.3,4.8015952143569285,923.0,False,922,922.0,922,0,0,0,0,False,-2.197191960420531e-05,99,0.88060242,False,903,20.0,922.0,786.0,786.0,-7.083296386244094e-05,-0.0008042036474273,11.353522478448454,-0.0007333706835649,0.9313143477252808,-0.0001160391205759,-4.128865237892866e-05,-0.0006427005205107,15.56603288023016,181,181,candidate_knee,766.0,137.0,0.2994321000633393,0.0205666891048394,786.0,candidate_knee,0.0,786.0,candidate_knee,0.0,791.0,candidate_knee,5.0,0.8492239467849224,0.8524945770065075,True,True,True,True,4.3,5.6,False,3.268468785864835,2.529168415956368,0.1687794272626207,100,False,False,True,0.99805385,0.9419741712914976,686.0,785.0,0,0,0,100,1.00971885,1.0092064469,-0.0001923824393039285,100,1.00970445,1.0092150241,-0.0001913787666966701,100,0.01535172,0.01534262552,2.501859681968108e-06,100,38.34934768727104,38.36486930469324,-0.0006677726006254702,100,42.54937310109415,42.55219334012948,0.0005419141437927514,100,10.090833333332558,10.093755716666617,0.000760995929593384,100,10.090833333332558,10.093755716666617,0.000760995929593384,100,1.0000028386115956,0.9999913478544485,-9.993954958804526e-07,787.0,886.0,0,0,0,100,0.978782535,0.9749949387,-0.0005876698958895887,100,0.97911057,0.9754443132,-0.0005772143666366656,100,0.015721631,0.01576946091,8.632345520551985e-06,100,38.424641405708215,38.36393024847228,-0.006125781455618383,100,43.15272855775109,43.18220746285204,0.007832195539093971,100,10.299064999997306,10.38777835000023,0.007699172467233103,100,10.299064999997306,10.38777835000023,0.007699172467233103,100,0.999663775248262,0.9995334255312639,-1.1094802680225424e-05,-0.030936315000000048,-0.00039528745658566026,-0.030593880000000073,-0.00038583559993999553,0.00036991100000000054,6.130485838583877e-06,0.07529371843717314,-0.005458008854992913,0.6033554566569421,0.00729028139530122,0.2082316666647479,0.006938176537639718,0.2082316666647479,0.006938176537639718,-0.00033906336333355824,-1.0095407184344972e-05,2.4095736503792446,0.1923824393039285,0.5876698958895887,0.3952874565856602
B3c37,B3,37,4.8C(80%)-4.8C-newstructure,4.8C(80%)-4.8C,constant_two_step,4.8,80.0,4.8,4.8,1390.0,False,1389,1389.0,1389,0,0,0,0,False,-2.0516487322200843e-06,99,0.88049883,False,1370,20.0,1389.0,1170.0,1170.0,-5.493315907129264e-05,-0.0004560574657379,8.30204330950687,-0.0004011243066666,0.9391307760722224,-8.252423837788774e-05,-3.694114125290769e-05,-0.0003890800856763,10.532432742470904,274,274,candidate_knee,1150.0,220.0,0.3576939199785486,0.0217725513127788,1170.0,candidate_knee,0.0,1170.0,candidate_knee,0.0,1171.0,candidate_knee,1.0,0.8400292184075968,0.8423326133909287,True,True,True,True,,4.8,True,3.059467745595066,2.4503787606948246,0.0,50,False,False,True,0.98249578,0.9362100244940275,1120.0,1169.0,0,0,0,50,0.987086985,0.9868879547999999,-0.00015844051380552466,50,0.987005025,0.9868018528,-0.00015557297767106895,50,0.014922297000000001,0.01491942134,-6.870894117646338e-07,50,36.232712097388614,36.23953910648953,0.002915193168602094,50,39.187706,39.1881461072115,0.0022199299565589816,50,11.067369166668504,11.067973300000032,0.0003448961184447189,50,11.067369166668504,11.067973300000032,0.0003448961184447189,50,1.0000936234247928,1.0000871656240857,-2.89207752137855e-06,1171.0,1220.0,0,0,0,50,0.976780385,0.9766351105999999,-0.00019090091764706273,50,0.9772007149999999,0.9776347882,-0.00013768875918366948,50,0.0147137065,0.014725309659999998,-5.271621752701253e-06,50,37.745666851640365,37.475631651373405,0.01308148167055803,50,40.487434257838885,40.29079738168473,0.023302155643539667,50,11.078890000000442,11.079437833334318,0.00028585010011116186,50,11.078890000000442,11.079437833334318,0.00028585010011116186,50,0.999992171663847,0.99900003084723,-5.291424279376848e-05,-0.010306600000000055,-3.246040384153806e-05,-0.009804310000000038,1.788421848739947e-05,-0.0002085905000000013,-4.584532340936619e-06,1.5129547542517514,0.010166288501955936,1.2997282578388862,0.021082225686980687,0.011520833331937652,-5.904601833355705e-05,0.011520833331937652,-5.904601833355705e-05,-0.00010145176094578101,-5.002216527238993e-05,-1.3978444471384082,0.15844051380552465,0.1909009176470627,0.03246040384153806
B3c37,B3,37,4.8C(80%)-4.8C-newstructure,4.8C(80%)-4.8C,constant_two_step,4.8,80.0,4.8,4.8,1390.0,False,1389,1389.0,1389,0,0,0,0,False,-2.0516487322200843e-06,99,0.88049883,False,1370,20.0,1389.0,1170.0,1170.0,-5.493315907129264e-05,-0.0004560574657379,8.30204330950687,-0.0004011243066666,0.9391307760722224,-8.252423837788774e-05,-3.694114125290769e-05,-0.0003890800856763,10.532432742470904,274,274,candidate_knee,1150.0,220.0,0.3576939199785486,0.0217725513127788,1170.0,candidate_knee,0.0,1170.0,candidate_knee,0.0,1171.0,candidate_knee,1.0,0.8400292184075968,0.8423326133909287,True,True,True,True,,4.8,True,3.059467745595066,2.4503787606948246,0.0,100,False,False,True,0.98249578,0.9362100244940275,1070.0,1169.0,0,0,1,100,0.990502115,0.9898868540000001,-0.00012087218061806731,100,0.9903660400000001,0.9897675614999999,-0.00011936635661566508,100,0.0149231255,0.014922723500000002,-1.5230745874595291e-07,100,36.204058459599466,36.20935997828073,0.0013582310831082634,100,39.18175485890955,39.18044075606824,0.0005788005240367265,100,11.06009250000352,11.061287999999784,0.00026614859486848814,100,11.06009250000352,11.061287999999784,0.00026614859486848814,100,1.0001248148950757,1.0001203718702856,-1.5087431600826352e-06,1171.0,1270.0,0,0,0,100,0.97047156,0.9693487804,-0.0002862017662166254,100,0.9704973699999999,0.9699087937,-0.00029244326174617723,100,0.0146963415,0.014705664949999999,-1.2358949234923798e-06,100,37.92393212822246,37.74519097429419,0.010176684603696721,100,40.5780625,40.48342809957316,0.008938449080717172,100,11.093096666662799,11.10082816666737,0.0008493903990404463,100,11.093096666662799,11.10082816666737,0.0008493903990404463,100,0.9999338284796723,0.9994373800701234,6.1916206691725665e-06,-0.02003055499999995,-0.00016532958559855806,-0.019868670000000144,-0.00017307690513051213,-0.0002267840000000007,-1.083587464746427e-06,1.719873668622995,0.008818453520588458,1.396307641090452,0.008359648556680446,0.03300416665927841,0.0005832418041719582,0.03300416665927841,0.0005832418041719582,-0.00019098641540338246,7.700363829255202e-06,-1.5196816511393723,0.12087218061806732,0.2862017662166254,0.1653295855985581
B3c38,B3,38,5C(67%)-4C-newstructure,5C(67%)-4C,constant_two_step,5.0,67.0,4.0,4.804804804804805,1935.0,False,1934,1934.0,1934,0,0,0,0,False,-8.787589363017988e-06,99,0.88000458,False,1915,20.0,1934.0,1523.0,1523.0,-4.2580163724478354e-05,-0.0002894747210437,6.798346829215566,-0.0002468945573193,0.9730375161436008,-7.188140017113508e-05,-2.8077577282373934e-05,-0.0002994999881957,10.666874324081167,383,383,candidate_knee,1503.0,412.0,0.7041831506871348,0.0189865268323501,1523.0,candidate_knee,0.0,1523.0,candidate_knee,0.0,1524.0,candidate_knee,1.0,0.7852664576802508,0.7874870734229577,True,True,True,True,4.0,5.0,False,3.2096836137409523,2.485330634633484,0.1447156190777414,50,False,False,True,1.0042684,0.9367243017882455,1473.0,1522.0,0,0,0,50,1.0081647500000002,1.0080519719999999,-0.00014008891236494305,50,1.0081456,1.0080349999999998,-0.00013874011044417937,50,0.0160026485,0.01600158766,4.4252086434574146e-07,50,37.15976720971699,37.18160558487755,-0.0011561329272661185,50,40.165752499999996,40.18370692177144,-0.001461149876903231,50,10.043636666669045,10.043636600000474,3.2124850174359144e-06,50,10.043636666669045,10.043636600000474,3.2124850174359144e-06,50,1.0000197049438317,1.0000167990044868,-1.3353733192465641e-06,1524.0,1573.0,0,0,0,50,0.9999712249999999,0.9998685838,-0.00017971558079231682,50,1.000002955,0.9999035819999998,-0.0001786630050420187,50,0.016033707,0.01603336418,-1.526205522207984e-07,50,37.06828948592265,37.078446428277466,0.003762781126411953,50,40.06460680555889,40.07187901808042,0.002707499886613584,50,10.043512499999876,10.04349883333283,3.828971577749755e-06,50,10.043512499999876,10.04349883333283,3.828971577749755e-06,50,0.9999666339333729,0.9999649588155062,-1.0597803966026479e-06,-0.008193525000000257,-3.962666842737377e-05,-0.008142644999999948,-3.992289459783932e-05,3.105850000000021e-05,-5.951414165665398e-07,-0.09147772379434116,0.0049189140536780715,-0.10114569444110799,0.004168649763516815,-0.00012416666916870156,6.164865603138408e-07,-0.00012416666916870156,6.164865603138408e-07,-5.3071010458816126e-05,2.7559292264391625e-07,0.1940834981159538,0.14008891236494306,0.17971558079231684,0.03962666842737378
B3c38,B3,38,5C(67%)-4C-newstructure,5C(67%)-4C,constant_two_step,5.0,67.0,4.0,4.804804804804805,1935.0,False,1934,1934.0,1934,0,0,0,0,False,-8.787589363017988e-06,99,0.88000458,False,1915,20.0,1934.0,1523.0,1523.0,-4.2580163724478354e-05,-0.0002894747210437,6.798346829215566,-0.0002468945573193,0.9730375161436008,-7.188140017113508e-05,-2.8077577282373934e-05,-0.0002994999881957,10.666874324081167,383,383,candidate_knee,1503.0,412.0,0.7041831506871348,0.0189865268323501,1523.0,candidate_knee,0.0,1523.0,candidate_knee,0.0,1524.0,candidate_knee,1.0,0.7852664576802508,0.7874870734229577,True,True,True,True,4.0,5.0,False,3.2096836137409523,2.485330634633484,0.1447156190777414,100,False,False,True,1.0042684,0.9367243017882455,1423.0,1522.0,0,0,0,100,1.0112331499999998,1.01072681,-0.00010806483888388904,100,1.01116155,1.0106828620000001,-0.00010702546534653007,100,0.0160025965,0.01600169841,1.3246631263127127e-07,100,37.12146270939127,37.13567989513228,0.0008313773116569359,100,40.14870585875322,40.15983124252458,0.00019202655254109172,100,10.04360666666568,10.043608650000223,1.402090223637386e-06,100,10.04360666666568,10.043608650000223,1.402090223637386e-06,100,1.0000448296882318,1.0000433910729063,-1.0246758690050338e-06,1524.0,1623.0,0,0,0,100,0.9952474250000001,0.9949270018,-0.00019708233771376988,100,0.99530908,0.9949794630999999,-0.00019635312385237984,100,0.016021124999999997,0.016016302550000003,-6.76461812181184e-07,100,37.14891075422024,37.18461803766078,0.0047483796946349585,100,40.1116445,40.142747111276265,0.0032689746581564885,100,10.043870833333736,10.044290099999712,3.3677287737721646e-05,100,10.043870833333736,10.044290099999712,3.3677287737721646e-05,100,0.9999481908216588,0.9999471526484288,-7.430101815156876e-07,-0.01598572499999973,-8.901749882988084e-05,-0.015852470000000007,-8.932765850584978e-05,1.852849999999656e-05,-8.089281248124553e-07,0.02744804482897223,0.003917002382978023,-0.037061358753220475,0.003076948105615397,0.00026416666805673117,3.227519751408426e-05,0.00026416666805673117,3.227519751408426e-05,-9.66388665730733e-05,2.816656874893462e-07,0.11578433537330371,0.10806483888388904,0.19708233771376987,0.08901749882988083
B3c39,B3,39,5.3C(54%)-4C-newstructure,5.3C(54%)-4C,constant_two_step,5.3,54.0,4.0,4.7936687394007915,1156.0,False,1155,1155.0,1155,0,0,0,0,False,-6.583238095237747e-06,99,0.88043225,False,1136,20.0,1155.0,984.0,984.0,-5.5384800978413346e-05,-0.0006179061600404,11.15660161496843,-0.000562521359062,0.9510211356656084,-8.997550457431732e-05,-3.465657694772687e-05,-0.0005038915862777,14.539565954183203,228,228,candidate_knee,964.0,172.0,0.34239639508538,0.0167701865834715,984.0,candidate_knee,0.0,984.0,candidate_knee,0.0,989.0,candidate_knee,5.0,0.8493392070484581,0.8519480519480519,True,True,True,True,4.0,5.3,False,3.295886400860893,2.5547497424698116,0.2752229481636588,50,False,False,True,0.99164909,0.9437079701500037,934.0,983.0,0,0,0,50,0.996541145,0.9963439681999999,-0.0001634407006002382,50,0.99653995,0.9963057180000001,-0.0001623036264105605,50,0.015747098,0.015747490660000002,3.512649699880599e-07,50,35.068853636639986,35.0670261300408,-0.003354465021542635,50,37.586731,37.589598188668184,-0.003325566880574948,50,10.054852499999106,10.05531243333298,0.0003200160864194557,50,10.054852499999106,10.05531243333298,0.0003200160864194557,50,1.00004249525578,1.00003835374997,-1.135883299591353e-06,985.0,1034.0,0,0,0,50,0.9855340699999999,0.985167711,-0.00028163393181271894,50,0.9856365650000001,0.9852527226,-0.0002784761435774236,50,0.015763457,0.01576451428,-1.6497018007204803e-07,50,34.98523606200663,34.9791595897773,0.0017345269320185662,50,37.48620144673078,37.48864405117805,0.00014558891911724812,50,10.078155833335284,10.081003100000322,0.0007634635454618344,50,10.078155833335284,10.081003100000322,0.0007634635454618344,50,0.9999103955406747,0.9999135253086706,-3.2312581462628e-06,-0.011007075000000088,-0.00011819323121248075,-0.010903384999999877,-0.0001161725171668631,1.6359000000000512e-05,-5.16235150060108e-07,-0.08361757463335806,0.0050889919535612015,-0.10052955326921875,0.0034711557996921962,0.02330333333617851,0.0004434474590423787,0.02330333333617851,0.0004434474590423787,-0.00013209971510530494,-2.095374846671447e-06,0.10388580803904637,0.1634407006002382,0.28163393181271895,0.11819323121248076
B3c39,B3,39,5.3C(54%)-4C-newstructure,5.3C(54%)-4C,constant_two_step,5.3,54.0,4.0,4.7936687394007915,1156.0,False,1155,1155.0,1155,0,0,0,0,False,-6.583238095237747e-06,99,0.88043225,False,1136,20.0,1155.0,984.0,984.0,-5.5384800978413346e-05,-0.0006179061600404,11.15660161496843,-0.000562521359062,0.9510211356656084,-8.997550457431732e-05,-3.465657694772687e-05,-0.0005038915862777,14.539565954183203,228,228,candidate_knee,964.0,172.0,0.34239639508538,0.0167701865834715,984.0,candidate_knee,0.0,984.0,candidate_knee,0.0,989.0,candidate_knee,5.0,0.8493392070484581,0.8519480519480519,True,True,True,True,4.0,5.3,False,3.295886400860893,2.5547497424698116,0.2752229481636588,100,False,False,True,0.99164909,0.9437079701500037,884.0,983.0,0,0,0,100,1.0001548,0.9998070230999998,-0.00013921461140113675,100,1.0000917999999999,0.9997461959999999,-0.0001383093256525618,100,0.015740901,0.01573658745,5.172955475547877e-07,100,35.11301782649949,35.17343449138932,-0.005011929546746416,100,37.64537402347446,37.69805463873924,-0.004948317900786948,100,10.050200833333655,10.050840333333007,0.0001940585058485751,100,10.050200833333655,10.050840333333007,0.0001940585058485751,100,1.0000642369608028,1.000060738352396,-8.978788121740878e-07,985.0,1084.0,0,0,0,100,0.97743958,0.9751267119000001,-0.00040674851599159837,100,0.9776209899999999,0.9753670091000001,-0.0004005556707470716,100,0.0157716355,0.01578066426,6.564563096309919e-07,100,35.00967241233268,35.01575034041344,0.0019813829539301565,100,37.49419942292752,37.49146103935117,0.0005022190135716237,100,10.104705000001317,10.121839116666543,0.0016916319331843797,100,10.104705000001317,10.121839116666543,0.0016916319331843797,100,0.999821684051023,0.9997513167434035,-6.481542354775974e-06,-0.022715220000000036,-0.0002675339045904616,-0.022470809999999952,-0.00026224634509450977,3.073449999999728e-05,1.3916076207620421e-07,-0.1033454141668102,0.006993312500676573,-0.15117460054693765,0.005450536914358572,0.054504166667662446,0.0014975734273358046,0.054504166667662446,0.0014975734273358046,-0.00024255290977981403,-5.583663542601887e-06,0.19525248268823542,0.13921461140113675,0.4067485159915984,0.26753390459046167
B3c40,B3,40,5.6C(19%)-4.6C-newstructure,5.6C(19%)-4.6C,constant_two_step,5.6,19.0,4.6,4.803729603729602,796.0,False,795,795.0,795,0,0,0,0,False,-7.692147186147422e-06,99,0.88070726,False,776,20.0,795.0,622.0,622.0,-8.343037709282785e-05,-0.0007166319412733,8.589580513054983,-0.0006332015641805,0.9481907093271104,-0.0001642352149972,-3.48168853029033e-05,-0.0007664805807795,22.01462233370971,156,156,candidate_knee,602.0,174.0,0.3445492954704803,0.0178508546001694,623.0,candidate_knee,1.0,622.0,candidate_knee,0.0,626.0,candidate_knee,4.0,0.7767741935483871,0.7823899371069183,True,True,True,True,4.6,5.6,False,3.14798952444348,2.4006224294027265,0.0819695474228601,50,False,False,True,1.0073907,0.9474817153809756,572.0,621.0,0,0,0,50,1.0145765,1.014354536,-0.0002550685906362555,50,1.014492,1.014279414,-0.000253086218487401,50,0.0152479385,0.015253140920000002,1.356557887154842e-06,50,36.507318914888785,36.46916369272197,0.006322790600219134,50,41.16358748587458,41.133843910654505,0.0054962478784611555,50,10.151540833333275,10.155965500000244,0.0011576669867944178,50,10.151540833333275,10.155965500000244,0.0011576669867944178,50,1.000075128496868,1.0000739632300268,-1.937481980498424e-06,623.0,672.0,0,0,0,50,0.998655735,0.9982856454,-0.0003863646333733533,50,0.998720555,0.9983425242000001,-0.0003827415687875217,50,0.015356508000000001,0.015355777340000001,3.4455348379352382e-06,50,36.73301341925233,36.76219099676298,0.0031056939122498122,50,41.346032722308664,41.35710463361156,0.0018032403976329045,50,10.2419241666658,10.245839899999943,0.0025231917567192373,50,10.2419241666658,10.245839899999943,0.0025231917567192373,50,0.9999342417632391,0.9999427347343588,-3.653694473720242e-06,-0.015920764999999948,-0.0001312960427370978,-0.01577144499999994,-0.00012965535030012073,0.0001085695000000008,2.0889769507803963e-06,0.22569450436354543,-0.0032170966879693217,0.18244523643408428,-0.0036930074808282512,0.09038333333252524,0.0013655247699248196,0.09038333333252524,0.0013655247699248196,-0.00014088673362899762,-1.7162124932218177e-06,0.7120273996383236,0.25506859063625553,0.3863646333733533,0.13129604273709777
B3c40,B3,40,5.6C(19%)-4.6C-newstructure,5.6C(19%)-4.6C,constant_two_step,5.6,19.0,4.6,4.803729603729602,796.0,False,795,795.0,795,0,0,0,0,False,-7.692147186147422e-06,99,0.88070726,False,776,20.0,795.0,622.0,622.0,-8.343037709282785e-05,-0.0007166319412733,8.589580513054983,-0.0006332015641805,0.9481907093271104,-0.0001642352149972,-3.48168853029033e-05,-0.0007664805807795,22.01462233370971,156,156,candidate_knee,602.0,174.0,0.3445492954704803,0.0178508546001694,623.0,candidate_knee,1.0,622.0,candidate_knee,0.0,626.0,candidate_knee,4.0,0.7767741935483871,0.7823899371069183,True,True,True,True,4.6,5.6,False,3.14798952444348,2.4006224294027265,0.0819695474228601,100,False,False,True,1.0073907,0.9474817153809756,522.0,621.0,0,0,0,100,1.02028465,1.019622917,-0.00021251911131112207,100,1.0201635,1.019510792,-0.0002110674491449143,100,0.0152501325,0.015253712400000001,1.9170745874582207e-07,100,36.2438143808574,36.188550931883256,0.010043639735315893,100,40.91981263262916,40.883575260057434,0.00890576035543335,100,10.13066833333384,10.135658083333439,0.0008459972697297584,100,10.13066833333384,10.135658083333439,0.0008459972697297584,100,1.0001101107639045,1.000109732477984,-1.4035854901243047e-06,623.0,722.0,0,0,0,100,0.9878154699999999,0.9857625177,-0.0005024629053105326,100,0.98796576,0.9859501320000001,-0.0004972847051905206,100,0.01550611,0.01555135857,7.331394953495371e-06,100,36.65730004659392,36.639872358565,-0.0033221055825847614,100,41.2661115,41.244397860403986,-0.0033212022200009247,100,10.328589166665916,10.37039374999993,0.0049533555655592205,100,10.328589166665916,10.37039374999993,0.0049533555655592205,100,0.9998267820780391,0.9998074155369003,-5.36823207395955e-06,-0.0324691800000001,-0.00028994379399941046,-0.032197739999999975,-0.00028621725604560634,0.0002559775000000007,7.139687494749549e-06,0.41348566573651624,-0.013365745317900656,0.3462988673708409,-0.012226962575434274,0.19792083333207522,0.004107358295829462,0.19792083333207522,0.004107358295829462,-0.00028332868586544713,-3.964646583835245e-06,1.6785263996886632,0.21251911131112206,0.5024629053105325,0.28994379399941045
B3c41,B3,41,5.6C(36%)-4.3C-newstructure,5.6C(36%)-4.3C,constant_two_step,5.6,36.0,4.3,4.8015952143569285,786.0,False,785,785.0,785,0,0,0,0,False,9.73224489795927e-06,99,0.88062328,False,766,20.0,785.0,605.0,605.0,-6.580991367705537e-05,-0.0007111224004344,10.80570328543581,-0.0006453124867573,0.9544561346983992,-0.0001564176333658,-1.62973248888998e-05,-0.0007799721579634,47.85890710779915,154,154,candidate_knee,585.0,181.0,0.3819346761860513,0.017394781446228,605.0,candidate_knee,0.0,605.0,candidate_knee,0.0,608.0,candidate_knee,3.0,0.7647058823529411,0.7707006369426752,True,True,True,True,4.3,5.6,False,3.2341581509360258,2.493033441517428,0.1651325654211808,50,False,False,True,1.0098044,0.9575679208368452,555.0,604.0,0,0,0,50,1.0166124,1.016444476,-0.0002414959039615959,50,1.01648265,1.016323868,-0.0002389658295318101,50,0.018364137000000003,0.01836488334,-3.6220614645840736e-07,50,35.14163410962287,35.10420099500448,0.014829786980551901,50,39.189151649175464,39.14435583445492,0.013764085768939335,50,10.116969166668909,10.117786766666763,0.0007432484193811248,50,10.116969166668909,10.117786766666763,0.0007432484193811248,50,1.0001254373581112,1.000118549706142,-2.463866573626864e-06,606.0,655.0,0,0,0,50,1.0005001500000001,1.0002326496,-0.00040349890036013754,50,1.0004716999999999,1.0002403286000001,-0.00040137907370948296,50,0.0184575365,0.01845379602,3.0408640096037153e-06,50,35.5509471137955,35.55528001336853,0.004396123128572593,50,39.554176052836766,39.562217456888355,0.004836745615947843,50,10.18771916666689,10.189466400000423,0.0020794172068634765,50,10.18771916666689,10.189466400000423,0.0020794172068634765,50,0.9999940283500385,0.9999921452506959,-2.123949118714574e-06,-0.01611224999999994,-0.00016200299639854165,-0.01601095000000008,-0.00016241324417767285,9.339949999999722e-05,3.4030701560621225e-06,0.40931300417263117,-0.01043366385197931,0.36502440366130173,-0.008927340152991492,0.0707499999979806,0.0013361687874823517,0.0707499999979806,0.0013361687874823517,-0.00013140900807273592,3.3991745491228997e-07,0.508597273043635,0.2414959039615959,0.4034989003601375,0.16200299639854163
B3c41,B3,41,5.6C(36%)-4.3C-newstructure,5.6C(36%)-4.3C,constant_two_step,5.6,36.0,4.3,4.8015952143569285,786.0,False,785,785.0,785,0,0,0,0,False,9.73224489795927e-06,99,0.88062328,False,766,20.0,785.0,605.0,605.0,-6.580991367705537e-05,-0.0007111224004344,10.80570328543581,-0.0006453124867573,0.9544561346983992,-0.0001564176333658,-1.62973248888998e-05,-0.0007799721579634,47.85890710779915,154,154,candidate_knee,585.0,181.0,0.3819346761860513,0.017394781446228,605.0,candidate_knee,0.0,605.0,candidate_knee,0.0,608.0,candidate_knee,3.0,0.7647058823529411,0.7707006369426752,True,True,True,True,4.3,5.6,False,3.2341581509360258,2.493033441517428,0.1651325654211808,100,False,False,True,1.0098044,0.9575679208368452,505.0,604.0,0,0,0,100,1.022238,1.021495778,-0.00020222550855085445,100,1.02206345,1.021318126,-0.00019990176417642358,100,0.0183489425,0.01833816516,9.60846552655332e-07,100,34.98697912859656,35.00926662576089,0.004075406526955007,100,39.003196400884704,39.03155978498204,0.004803813707856172,100,10.09744499999991,10.099965883333313,0.0007035805080570887,100,10.09744499999991,10.099965883333313,0.0007035805080570887,100,1.00017303075446,1.0001735770694367,-2.2427993442898658e-06,606.0,705.0,0,0,0,100,0.9895981300000001,0.988062914,-0.0004889509077707759,100,0.9896880699999999,0.9881792267,-0.0004846275113711388,100,0.0185403005,0.01857187654,4.7930004560456005e-06,100,35.59706253363738,35.60033680064928,0.0017877001509276444,100,39.5969891351337,39.60102123027883,0.0014986133660279276,100,10.249634999997216,10.274126416666784,0.003459720702058229,100,10.249634999997216,10.274126416666784,0.003459720702058229,100,0.9999201289463207,0.9998804277563687,-4.454829148349052e-06,-0.032639869999999904,-0.0002867253992199215,-0.032375380000000176,-0.0002847257471947152,0.0001913579999999991,3.832153903390268e-06,0.6100834050408181,-0.0022877063760273625,0.5937927342489928,-0.003305200341828244,0.1521899999973062,0.0027561401940011405,0.1521899999973062,0.0027561401940011405,-0.0002529018081394163,-2.212029804059186e-06,1.042882989033287,0.20222550855085444,0.48895090777077593,0.28672539921992146
B3c42,B3,42,4.8C(80%)-4.8C-newstructure,4.8C(80%)-4.8C,constant_two_step,4.8,80.0,4.8,4.8,1642.0,False,1641,1641.0,1641,0,0,0,0,False,1.8104885590601044e-06,99,0.88037544,False,1622,20.0,1641.0,1298.0,1298.0,-5.198561352319624e-05,-0.0003546762519688,6.822584710106569,-0.0003026906384456,0.9530273070204134,-8.696172613831206e-05,-2.556095992169604e-05,-0.0003644125361578,14.256606061517834,325,325,candidate_knee,1278.0,344.0,0.6360645202361033,0.0298776634242585,1298.0,candidate_knee,0.0,1298.0,candidate_knee,0.0,1299.0,candidate_knee,1.0,0.7884022208513264,0.7909811090798293,True,True,True,True,,4.8,False,2.9363878542596424,2.3124256621962256,0.0,50,False,False,True,1.0009274,0.935762490928008,1248.0,1297.0,0,0,0,50,1.0039395999999998,1.004070344,-0.00012445063145257023,50,1.003977,1.004110194,-0.00012371177430972792,50,0.0156762245,0.015643290620000003,2.018003409363793e-06,50,36.470667861268424,36.502334190228154,-0.002965517201037363,50,39.72234702432617,39.69719263820757,-0.0027620317694886146,50,11.072735000002043,11.07276413333478,0.0003555471788518771,50,11.072735000002043,11.07276413333478,0.0003555471788518771,50,0.9999624468490778,0.9999602940071487,-7.405285768260737e-07,1299.0,1348.0,0,0,0,50,0.9972278800000001,0.9968826984,-0.00017595138055220944,50,0.99733466,0.9969788850000001,-0.00017381108235293375,50,0.015484389500000001,0.01552729398,1.0063994717888207e-06,50,37.0384555161236,36.89871527485766,-0.0008817762619027337,50,40.294712000000004,40.14284487146031,0.0017427465578929225,50,11.073228333331645,11.079313866666364,0.00046926818723985996,50,11.073228333331645,11.079313866666364,0.00046926818723985996,50,0.9999009892348429,0.9999034431424435,-2.1639471790609007e-06,-0.0067117199999997545,-5.15007490996392e-05,-0.006642339999999858,-5.0099308043205834e-05,-0.00019183499999999784,-1.0116039375749723e-06,0.5677876548551737,0.002083740939134629,0.5723649756738354,0.004504778327381537,0.0004933333296026632,0.00011372100838798286,0.0004933333296026632,0.00011372100838798286,-6.145761423481666e-05,-1.423418602234827e-06,-1.2237321556602985,0.12445063145257024,0.17595138055220944,0.0515007490996392
B3c42,B3,42,4.8C(80%)-4.8C-newstructure,4.8C(80%)-4.8C,constant_two_step,4.8,80.0,4.8,4.8,1642.0,False,1641,1641.0,1641,0,0,0,0,False,1.8104885590601044e-06,99,0.88037544,False,1622,20.0,1641.0,1298.0,1298.0,-5.198561352319624e-05,-0.0003546762519688,6.822584710106569,-0.0003026906384456,0.9530273070204134,-8.696172613831206e-05,-2.556095992169604e-05,-0.0003644125361578,14.256606061517834,325,325,candidate_knee,1278.0,344.0,0.6360645202361033,0.0298776634242585,1298.0,candidate_knee,0.0,1298.0,candidate_knee,0.0,1299.0,candidate_knee,1.0,0.7884022208513264,0.7909811090798293,True,True,True,True,,4.8,False,2.9363878542596424,2.3124256621962256,0.0,100,False,False,True,1.0009274,0.935762490928008,1198.0,1297.0,0,0,0,100,1.0070100000000002,1.0067474020000002,-0.00010740782598259795,100,1.00703735,1.006775004,-0.00010691141554155381,100,0.0156884175,0.015676527330000002,-8.46863468346846e-07,100,36.31104824428071,36.30511371566265,0.0071559679195516614,100,39.53328309579916,39.51190196831256,0.00597719885587462,100,11.068260833333868,11.070285450000704,0.0001311859286118168,100,11.068260833333868,11.070285450000704,0.0001311859286118168,100,0.9999743411300572,0.9999725387086968,-4.963614832081559e-07,1299.0,1398.0,0,0,0,100,0.9924139949999999,0.9914605224000002,-0.0002179873130513084,100,0.992529955,0.9916014814,-0.00021617808232822906,100,0.015566165,0.015563420290000001,2.164915649564952e-06,100,36.81965471079853,36.836386242992376,-0.004556148012505164,100,40.008046535974245,40.02334200685511,-0.006473673687783662,100,11.094224166668331,11.096982450000398,0.0007857518651962,100,11.094224166668331,11.096982450000398,0.0007857518651962,100,0.9998585172502884,0.9998575122615705,-1.8558355419180337e-06,-0.014596005000000245,-0.00011057948706871045,-0.01450739500000009,-0.00010926666678667525,-0.00012225249999999951,3.011779117911798e-06,0.5086064665178185,-0.011712115932056826,0.47476344017508154,-0.012450872543658282,0.0259633333344631,0.0006545659365843831,0.0259633333344631,0.0006545659365843831,-0.00011582387976882824,-1.359474058709878e-06,-0.7792532293330383,0.10740782598259795,0.2179873130513084,0.11057948706871044
B3c43,B3,43,5C(67%)-4C-newstructure,5C(67%)-4C,constant_two_step,5.0,67.0,4.0,4.804804804804805,1046.0,False,1045,1045.0,1045,0,0,0,0,False,3.0410142238714205e-06,99,0.88060749,False,1026,20.0,1045.0,868.0,868.0,-5.6954035443558425e-05,-0.0007933535472824,13.929716149238583,-0.0007363995118388,0.967118432855305,-0.0001154482255428,-2.1487788267836268e-05,-0.0007151777224069,33.28298443248698,206,206,candidate_knee,848.0,178.0,0.5911988443730272,0.0194395444971178,868.0,candidate_knee,0.0,868.0,candidate_knee,0.0,869.0,candidate_knee,1.0,0.8273170731707317,0.830622009569378,True,True,True,True,4.0,5.0,False,3.14173262121664,2.4075174634152585,0.1471181379793712,50,False,False,True,1.018103,0.948815023832605,818.0,867.0,0,0,0,50,1.0244192499999998,1.0240503079999999,-0.00021422833133252637,50,1.0243381500000002,1.02401166,-0.00021058458583432437,50,0.015843317,0.01580757064,7.6151231692677054e-06,50,35.953751231255175,36.025205854946705,-0.025989868414147677,50,40.251913,40.30603485043398,-0.029240293446048348,50,10.046739166672342,10.0483094000003,0.0003495617446822931,50,10.046739166672342,10.0483094000003,0.0003495617446822931,50,1.0000504383958115,1.0000375870319298,-3.5533507066742266e-06,869.0,918.0,0,0,0,50,1.00902205,1.0083000283999999,-0.00043279193277310905,50,1.00920425,1.0085192354,-0.00042618020120047725,50,0.015983495,0.015980821239999998,3.956445234093702e-06,50,35.50782008612753,35.50562541119737,-0.005941544183060643,50,39.49354161285044,39.58973646152015,-0.019439823155072176,50,10.08127833333565,10.087241833333703,0.0016330761905008744,50,10.08127833333565,10.087241833333703,0.0016330761905008744,50,0.9998013288730406,0.9997820433524838,-6.661746346309082e-06,-0.015397199999999778,-0.00021856360144058268,-0.015133900000000144,-0.00021559561536615288,0.00014017800000000122,-3.6586779351740038e-06,-0.44593114512764487,0.020048324231087034,-0.758371387149559,0.009800470290976172,0.0345391666633077,0.0012835144458185812,0.0345391666633077,0.0012835144458185812,-0.00024910952277090725,-3.108395639634855e-06,0.8847768431320362,0.21422833133252636,0.43279193277310907,0.2185636014405827
B3c43,B3,43,5C(67%)-4C-newstructure,5C(67%)-4C,constant_two_step,5.0,67.0,4.0,4.804804804804805,1046.0,False,1045,1045.0,1045,0,0,0,0,False,3.0410142238714205e-06,99,0.88060749,False,1026,20.0,1045.0,868.0,868.0,-5.6954035443558425e-05,-0.0007933535472824,13.929716149238583,-0.0007363995118388,0.967118432855305,-0.0001154482255428,-2.1487788267836268e-05,-0.0007151777224069,33.28298443248698,206,206,candidate_knee,848.0,178.0,0.5911988443730272,0.0194395444971178,868.0,candidate_knee,0.0,868.0,candidate_knee,0.0,869.0,candidate_knee,1.0,0.8273170731707317,0.830622009569378,True,True,True,True,4.0,5.0,False,3.14173262121664,2.4075174634152585,0.1471181379793712,100,False,False,True,1.018103,0.948815023832605,768.0,867.0,0,0,0,100,1.0287885,1.028217775,-0.0001699951725172603,100,1.02868635,1.0281357850000001,-0.0001680931479147879,100,0.0158258565,0.01580928085,1.0597858805880912e-06,100,36.15537636688036,36.09784222481097,-0.006284380582751392,100,40.34112746304952,40.38113168829065,-0.0067267918101479125,100,10.04382583333257,10.04612930000007,0.00011182168216869625,100,10.04382583333257,10.04612930000007,0.00011182168216869625,100,1.000096447654426,1.0000794846755305,-1.8408076018264365e-06,869.0,968.0,0,0,0,100,0.9959412249999999,0.9932006702000001,-0.0006020999809180913,100,0.996361675,0.9935975839000001,-0.0005951855954995518,100,0.0160954455,0.01606783032,3.5066462886288286e-06,100,35.532567485162474,35.55203997201729,0.0022479705285428954,100,39.5173444044588,39.59753706490617,0.00030396659504257454,100,10.143127500001961,10.1743465166667,0.003554725782576551,100,10.143127500001961,10.1743465166667,0.003554725782576551,100,0.9995891087374293,0.9995969174444171,-7.217107139465652e-06,-0.032847275000000176,-0.00043210480840083097,-0.032324675000000136,-0.0004270924475847639,0.00026958900000000063,2.4468604080407374e-06,-0.6228088817178872,0.008532351111294287,-0.8237830585907204,0.007030758405190487,0.09930166666939222,0.003442904100407855,0.09930166666939222,0.003442904100407855,-0.0005073389169967246,-5.376299537639215e-06,1.7034717836598647,0.16999517251726032,0.6020999809180912,0.43210480840083093
B3c44,B3,44,5.3C(54%)-4C-newstructure,5.3C(54%)-4C,constant_two_step,5.3,54.0,4.0,4.7936687394007915,940.0,False,939,939.0,939,0,0,0,0,False,4.689736549164844e-06,99,0.88046378,False,920,20.0,939.0,787.0,787.0,-5.994387700450192e-05,-0.000885215039941,14.76739717510429,-0.0008252711629365,0.9395126534986892,-0.0001204529105378,-1.8680152665138426e-05,-0.0007588823520785,40.62506156573395,184,184,candidate_knee,767.0,153.0,0.497564166950318,0.03009633617296,788.0,candidate_knee,1.0,787.0,candidate_knee,0.0,790.0,candidate_knee,3.0,0.8346028291621328,0.838125665601704,True,True,True,True,4.0,5.3,False,3.1464704202052047,2.391317979463872,0.2490772100899548,50,False,False,True,1.018405,0.9486544245140638,737.0,786.0,0,0,0,50,1.0255800499999999,1.0253670380000002,-0.0002570117791116447,50,1.02554715,1.025323886,-0.0002542571764705909,50,0.0155852055,0.01557487594,1.1415326290516032e-06,50,34.96109581837014,34.987294330995965,-0.0042728863732942315,50,39.08403530730685,39.08997322356119,-0.003850338392198767,50,10.054275833334152,10.054962033333412,0.0004627301320057565,50,10.054275833334152,10.054962033333412,0.0004627301320057565,50,1.000039859745245,1.000041948588252,-2.675969211748139e-06,788.0,837.0,0,0,0,50,1.00894395,1.008464283,-0.00042630786122450047,50,1.0090842,1.0086232068,-0.0004203972936374475,50,0.015659731,0.01566325336,2.7840572388955754e-06,50,34.70496826058324,34.72972222960544,-0.004281767863759051,50,38.86229786354794,38.889590575735795,-0.00399234704194169,50,10.101788333337755,10.105878866667393,0.0017451657462761907,50,10.101788333337755,10.105878866667393,0.0017451657462761907,50,0.9998531226979128,0.9998419161646889,-5.932332026855404e-06,-0.01663609999999993,-0.00016929608211285578,-0.016462949999999976,-0.00016614011716685663,7.452550000000037e-05,1.6425246098439722e-06,-0.2561275577868969,-8.881490464819446e-06,-0.22173744375891147,-0.00014200864974292298,0.0475125000036023,0.0012824356142704342,0.0475125000036023,0.0012824356142704342,-0.00018673704733207508,-3.256362815107265e-06,0.47818105446219733,0.2570117791116447,0.4263078612245005,0.1692960821128558
B3c44,B3,44,5.3C(54%)-4C-newstructure,5.3C(54%)-4C,constant_two_step,5.3,54.0,4.0,4.7936687394007915,940.0,False,939,939.0,939,0,0,0,0,False,4.689736549164844e-06,99,0.88046378,False,920,20.0,939.0,787.0,787.0,-5.994387700450192e-05,-0.000885215039941,14.76739717510429,-0.0008252711629365,0.9395126534986892,-0.0001204529105378,-1.8680152665138426e-05,-0.0007588823520785,40.62506156573395,184,184,candidate_knee,767.0,153.0,0.497564166950318,0.03009633617296,788.0,candidate_knee,1.0,787.0,candidate_knee,0.0,790.0,candidate_knee,3.0,0.8346028291621328,0.838125665601704,True,True,True,True,4.0,5.3,False,3.1464704202052047,2.391317979463872,0.2490772100899548,100,False,False,True,1.018405,0.9486544245140638,687.0,786.0,0,0,0,100,1.0312877,1.030580332,-0.00020998971737173504,100,1.0311743500000001,1.030501342,-0.0002086444716471723,100,0.015573271,0.01556993534,1.6427461146114713e-07,100,34.944983514240576,34.964487284609206,0.0010358985427578098,100,39.072861,39.061242503287275,0.00120123961674632,100,10.045753333337295,10.049331133333462,0.00023299317931422525,100,10.045753333337295,10.049331133333462,0.00023299317931422525,100,1.0000898833767904,1.000076423416247,-1.2948360471480873e-06,788.0,887.0,0,0,0,100,0.996795505,0.9933565992999999,-0.0006119731580558014,100,0.99709201,0.9937405156999999,-0.000602762827302731,100,0.015742322500000003,0.015779723130000003,4.709178739874119e-06,100,34.65508152396819,34.66709127764297,-0.0025117891749976496,100,38.81806816353374,38.83092532786503,-0.002260634779012841,100,10.159345833332434,10.208177233333465,0.004251415381515719,100,10.159345833332434,10.208177233333465,0.004251415381515719,100,0.9996866055631395,0.9996086276005992,-9.568694242580215e-06,-0.034492195,-0.0004019834406840664,-0.0340823400000001,-0.00039411835565555866,0.00016905150000000313,4.544904128412972e-06,-0.2899019902723836,-0.003547687717755459,-0.25479283646626527,-0.003461874395759161,0.1135924999951392,0.004018422202201494,0.1135924999951392,0.004018422202201494,-0.0004032778136509041,-8.273858195432128e-06,1.085523394539292,0.20998971737173505,0.6119731580558014,0.4019834406840664
B3c45,B3,45,4.8C(80%)-4.8C-newstructure,4.8C(80%)-4.8C,constant_two_step,4.8,80.0,4.8,4.8,1801.0,False,1800,1800.0,1800,0,0,0,0,False,-1.258453927026678e-07,99,0.88047254,False,1781,20.0,1800.0,1428.0,1428.0,-4.6393512725043386e-05,-0.0003369463626472,7.262790482027243,-0.0002905528499222,0.9675379727725336,-7.920714121455427e-05,-2.548108346973206e-05,-0.0003434589980978,13.478979357603478,357,357,candidate_knee,1408.0,373.0,0.7435643392576206,0.024137605826354,1428.0,candidate_knee,0.0,1428.0,candidate_knee,0.0,1429.0,candidate_knee,1.0,0.7910112359550562,0.7933333333333333,True,True,True,True,,4.8,False,2.9650080807908914,2.347252157792544,0.0,50,False,False,True,1.0035068,0.9365532628277295,1378.0,1427.0,0,0,0,50,1.0066591,1.006537932,-0.00011667911644657955,50,1.00659405,1.0064860020000002,-0.00011634984393756749,50,0.015530801,0.015531602600000001,-6.152580072029227e-07,50,34.40231532000526,34.42310056784622,0.0011276564950855627,50,36.36473027277634,36.38268185649687,0.0007313243199279008,50,11.047649166667057,11.048621699999863,0.0001238150460408906,50,11.047649166667057,11.048621699999863,0.0001238150460408906,50,1.000039858103562,1.0000515881310355,-3.2195696861020737e-07,1429.0,1478.0,0,0,0,50,0.99957511,0.9994172174,-0.00017096168883553767,50,0.99961376,0.9994173500000001,-0.00016906272557022333,50,0.0155168075,0.0155165895,1.0444873949570755e-07,50,34.411438841943585,34.427641673102634,-0.001847503586405733,50,36.34091770003998,36.35805295133034,-0.0022374255198833693,50,11.058817500000199,11.058775633333404,0.00029672308923378376,50,11.058817500000199,11.058775633333404,0.00029672308923378376,50,1.0000062927642408,0.999999799960041,-1.9010607086105848e-06,-0.00708399000000004,-5.428257238895812e-05,-0.006980289999999889,-5.271288163265584e-05,-1.3993500000000075e-05,7.197067466986302e-07,0.009123521938327883,-0.0029751600814912956,-0.02381257273636095,-0.00296874983981127,0.011168333333142044,0.00017290804319289316,0.011168333333142044,0.00017290804319289316,-3.356533932130645e-05,-1.5791037400003774e-06,-0.09010159875205455,0.11667911644657955,0.17096168883553767,0.05428257238895812
B3c45,B3,45,4.8C(80%)-4.8C-newstructure,4.8C(80%)-4.8C,constant_two_step,4.8,80.0,4.8,4.8,1801.0,False,1800,1800.0,1800,0,0,0,0,False,-1.258453927026678e-07,99,0.88047254,False,1781,20.0,1800.0,1428.0,1428.0,-4.6393512725043386e-05,-0.0003369463626472,7.262790482027243,-0.0002905528499222,0.9675379727725336,-7.920714121455427e-05,-2.548108346973206e-05,-0.0003434589980978,13.478979357603478,357,357,candidate_knee,1408.0,373.0,0.7435643392576206,0.024137605826354,1428.0,candidate_knee,0.0,1428.0,candidate_knee,0.0,1429.0,candidate_knee,1.0,0.7910112359550562,0.7933333333333333,True,True,True,True,,4.8,False,2.9650080807908914,2.347252157792544,0.0,100,False,False,True,1.0035068,0.9365532628277295,1328.0,1427.0,0,0,0,100,1.0093689000000001,1.0092700430000001,-0.0001085286618661918,100,1.0093089499999999,1.009202279,-0.00010792428502850323,100,0.0155350135,0.015534949709999999,-1.4548655865589938e-07,100,34.41805956170303,34.44055791914772,-0.0007525217077996152,100,36.401781668138455,36.41750479655546,-0.0013381009127556875,100,11.045674999997331,11.045707683333353,0.00011257924792287205,100,11.045674999997331,11.045707683333353,0.00011257924792287205,100,1.000064735141992,1.0000670946727914,-5.916028539546463e-07,1429.0,1528.0,0,0,0,100,0.994639155,0.9939882214999999,-0.0002172781601560147,100,0.9946876149999999,0.9940324056000002,-0.00021549214113410873,100,0.015499468,0.015493230310000002,-8.287372397240401e-07,100,34.46585455840754,34.48100073153588,0.0020267008032008255,100,36.3688118700252,36.38978721660022,0.0010814691994182858,100,11.066952499999509,11.068711433333501,0.0004039359736027795,100,11.066952499999509,11.068711433333501,0.0004039359736027795,100,0.9999616786516183,0.999955225489158,-1.8073089426681443e-06,-0.014729745000000127,-0.0001087494982898229,-0.014621334999999958,-0.0001075678561056055,-3.554549999999941e-05,-6.832506810681407e-07,0.047794996704510595,0.0027792225110004408,-0.03296979811325684,0.0024195701121739735,0.021277500002177874,0.0002913567256799075,0.021277500002177874,0.0002913567256799075,-0.00010305649037367637,-1.215706088713498e-06,-0.22880894181391867,0.10852866186619181,0.2172781601560147,0.10874949828982289
