model,cell_key,actual_cycle_life,predicted_cycle_life,role,model_family,scenario,APE_percent,batch,life_group,residual_cycles,residual_log10,residual_relative_percent,APE_percent_recomputed
OLS_delta_only,B1c3,1226.0,1221.914820339661,train_oof,individual,,,B1,long_>1000,-4.0851796603390085,-0.0014495378812767721,-0.3332120440733286,0.3332120440733286
OLS_delta_only,B1c4,1227.0,1410.679615376013,train_oof,individual,,,B1,long_>1000,183.6796153760131,0.06058382801279305,14.969813804076047,14.969813804076047
OLS_delta_only,B1c5,1074.0,997.6870452911857,train_oof,individual,,,B1,long_>1000,-76.31295470881435,-0.03200994831037604,-7.105489265252732,7.105489265252732
OLS_delta_only,B1c6,636.0,769.0827348788285,train_oof,individual,,,B1,mid_500_1000,133.08273487882855,0.08251594634884714,20.924958314281216,20.924958314281216
OLS_delta_only,B1c7,870.0,792.2835019896089,train_oof,individual,,,B1,mid_500_1000,-77.71649801039109,-0.040638640071401465,-8.93293080579208,8.93293080579208
OLS_delta_only,B1c8,879.0,881.0032978920428,train_oof,individual,,,B1,mid_500_1000,2.0032978920428377,0.0009886590518235652,0.22790647235982225,0.22790647235982225
OLS_delta_only,B1c9,1054.0,914.9602782085736,train_oof,individual,,,B1,long_>1000,-139.03972179142636,-0.061438370721867565,-13.191624458389597,13.191624458389597
OLS_delta_only,B1c10,906.0,898.9636839035696,train_oof,individual,,,B1,mid_500_1000,-7.036316096430369,-0.003386050102487333,-0.7766353307318288,0.7766353307318288
OLS_delta_only,B1c11,788.0,976.6418069215908,train_oof,individual,,,B1,mid_500_1000,188.64180692159084,0.09320909361842593,23.939315599186653,23.939315599186653
OLS_delta_only,B1c12,902.0,970.0969875521636,train_oof,individual,,,B1,mid_500_1000,68.09698755216357,0.03160861842849962,7.549555160993744,7.549555160993744
OLS_delta_only,B1c13,897.0,921.1022916873934,train_oof,individual,,,B1,mid_500_1000,24.102291687393404,0.011515419778736042,2.686989039843189,2.686989039843189
OLS_delta_only,B1c16,862.0,958.5502429612404,train_oof,individual,,,B1,mid_500_1000,96.55024296124043,0.04610761578055377,11.200724241443206,11.200724241443206
OLS_delta_only,B1c17,857.0,879.4571137398732,train_oof,individual,,,B1,mid_500_1000,22.457113739873193,0.01123384424635833,2.6204333418755184,2.6204333418755184
OLS_delta_only,B1c20,534.0,575.4143110381336,train_oof,individual,,,B1,mid_500_1000,41.41431103813363,0.032439401929300386,7.755488958451992,7.755488958451992
OLS_delta_only,B1c21,559.0,568.6446529964051,train_oof,individual,,,B1,mid_500_1000,9.644652996405057,0.007429151914915754,1.7253404286950011,1.7253404286950011
OLS_delta_only,B1c22,891.0,853.3737013771134,train_oof,individual,,,B1,mid_500_1000,-37.626298622886566,-0.018738449065007233,-4.222929138371107,4.222929138371107
OLS_delta_only,B1c23,1014.0,903.971907350758,train_oof,individual,,,B1,long_>1000,-110.02809264924201,-0.049883020840673455,-10.850896710970613,10.850896710970613
OLS_delta_only,B1c24,1017.0,850.0588246995931,train_oof,individual,,,B1,long_>1000,-166.94117530040694,-0.07787197266907722,-16.41506148479911,16.41506148479911
OLS_delta_only,B1c25,854.0,902.154876972564,train_oof,individual,,,B1,mid_500_1000,48.15487697256401,0.023823230534339174,5.638744376178456,5.638744376178456
OLS_delta_only,B1c26,870.0,777.3096809522843,train_oof,individual,,,B1,mid_500_1000,-92.69031904771566,-0.048925175987394806,-10.654059660656973,10.654059660656973
OLS_delta_only,B1c27,842.0,808.4405127887017,train_oof,individual,,,B1,mid_500_1000,-33.55948721129835,-0.017664022629017215,-3.985687317256336,3.985687317256336
OLS_delta_only,B1c30,709.0,756.7925805575335,train_oof,individual,,,B1,mid_500_1000,47.79258055753348,0.028330630495663207,6.740843520103454,6.740843520103454
OLS_delta_only,B1c31,876.0,773.633399558862,train_oof,individual,,,B1,mid_500_1000,-102.36660044113796,-0.05396889518233575,-11.685684981865064,11.685684981865064
OLS_delta_only,B1c32,731.0,699.6861784200726,train_oof,individual,,,B1,mid_500_1000,-31.313821579927435,-0.019014082001245415,-4.283696522561892,4.283696522561892
OLS_delta_only,B1c33,757.0,709.8501806787853,train_oof,individual,,,B1,mid_500_1000,-47.14981932121475,-0.027929182288477572,-6.228509817861921,6.228509817861921
OLS_delta_only,B1c36,704.0,714.3875763865062,train_oof,individual,,,B1,mid_500_1000,10.387576386506225,0.0063612341716072955,1.475508009446907,1.475508009446907
OLS_delta_only,B1c37,648.0,716.5193200829589,train_oof,individual,,,B1,mid_500_1000,68.51932008295887,0.04365289924978546,10.573969148604764,10.573969148604764
OLS_delta_only,B1c38,617.0,608.98975762769,train_oof,individual,,,B1,mid_500_1000,-8.010242372310017,-0.005675175576363017,-1.2982564622868749,1.2982564622868749
OLS_delta_only,B1c39,625.0,637.9517272453047,train_oof,individual,,,B1,mid_500_1000,12.95172724530471,0.008907800273406196,2.0722763592487534,2.0722763592487534
OLS_delta_only,B1c40,966.0,918.73805392914,train_oof,individual,,,B1,mid_500_1000,-47.26194607085995,-0.021785421285293153,-4.8925410011242185,4.8925410011242185
OLS_delta_only,B1c41,1051.0,928.7762972428204,train_oof,individual,,,B1,long_>1000,-122.22370275717958,-0.053691592532006796,-11.629277141501387,11.629277141501387
OLS_delta_only,B1c42,702.0,718.0640926080898,train_oof,individual,,,B1,mid_500_1000,16.064092608089823,0.00982609788372486,2.2883322803546755,2.2883322803546755
OLS_delta_only,B1c43,651.0,718.9848187938658,train_oof,individual,,,B1,mid_500_1000,67.98481879386577,0.04313873187914366,10.443136527475541,10.443136527475541
OLS_delta_only,B1c44,616.0,597.3660618169245,train_oof,individual,,,B1,mid_500_1000,-18.633938183075543,-0.01334016678603141,-3.0249899647849907,3.0249899647849907
OLS_delta_only,B1c45,599.0,599.2902429146378,train_oof,individual,,,B1,mid_500_1000,0.2902429146378154,0.0002103845866209482,0.048454576734192886,0.048454576734192886
OLS_two_features,B1c3,1226.0,1273.121574672676,train_oof,individual,,,B1,long_>1000,47.12157467267593,0.0163794076962512,3.843521588309619,3.843521588309619
OLS_two_features,B1c4,1227.0,1395.7162893527843,train_oof,individual,,,B1,long_>1000,168.71628935278432,0.05595258443499748,13.750308830707766,13.750308830707766
OLS_two_features,B1c5,1074.0,996.7230342383148,train_oof,individual,,,B1,long_>1000,-77.27696576168523,-0.03242978645465481,-7.19524820872302,7.19524820872302
OLS_two_features,B1c6,636.0,765.7617657378632,train_oof,individual,,,B1,mid_500_1000,129.76176573786324,0.08063656270747224,20.402793355009944,20.402793355009944
OLS_two_features,B1c7,870.0,810.3039372551676,train_oof,individual,,,B1,mid_500_1000,-59.696062744832375,-0.030871303475742046,-6.861616407451997,6.861616407451997
OLS_two_features,B1c8,879.0,917.2225595854128,train_oof,individual,,,B1,mid_500_1000,38.222559585412796,0.018485852823390568,4.3484140597739245,4.3484140597739245
OLS_two_features,B1c9,1054.0,933.9533641350256,train_oof,individual,,,B1,long_>1000,-120.0466358649744,-0.05251542009020434,-11.38962389610763,11.38962389610763
OLS_two_features,B1c10,906.0,916.1238809742248,train_oof,individual,,,B1,mid_500_1000,10.12388097422479,0.004826006543222455,1.1174261560954515,1.1174261560954515
OLS_two_features,B1c11,788.0,970.830022621576,train_oof,individual,,,B1,mid_500_1000,182.83002262157595,0.09061698080206039,23.201779520504562,23.201779520504562
OLS_two_features,B1c12,902.0,910.2125274188832,train_oof,individual,,,B1,mid_500_1000,8.212527418883155,0.003936270942707653,0.9104797581910372,0.9104797581910372
OLS_two_features,B1c13,897.0,887.3519553019715,train_oof,individual,,,B1,mid_500_1000,-9.648044698028457,-0.004696532425218546,-1.0755902673387354,1.0755902673387354
OLS_two_features,B1c16,862.0,849.7564259540687,train_oof,individual,,,B1,mid_500_1000,-12.243574045931268,-0.0062128083732742425,-1.42036821878553,1.42036821878553
OLS_two_features,B1c17,857.0,795.5177097087252,train_oof,individual,,,B1,mid_500_1000,-61.48229029127481,-0.032330969627380655,-7.174129555574656,7.174129555574656
OLS_two_features,B1c20,534.0,541.6178006389104,train_oof,individual,,,B1,mid_500_1000,7.617800638910353,0.0061516722678335856,1.4265544267622383,1.4265544267622383
OLS_two_features,B1c21,559.0,541.6397660363625,train_oof,individual,,,B1,mid_500_1000,-17.360233963637484,-0.013701266064257187,-3.105587471133718,3.105587471133718
OLS_two_features,B1c22,891.0,886.2391616561762,train_oof,individual,,,B1,mid_500_1000,-4.760838343823821,-0.0023267670578229938,-0.5343252911137846,0.5343252911137846
OLS_two_features,B1c23,1014.0,920.606398382479,train_oof,individual,,,B1,long_>1000,-93.39360161752097,-0.04196396600296461,-9.210414360702266,9.210414360702266
OLS_two_features,B1c24,1017.0,881.9515910251222,train_oof,individual,,,B1,long_>1000,-135.04840897487782,-0.06187620489708611,-13.279096261049933,13.279096261049933
OLS_two_features,B1c25,854.0,920.38425626632,train_oof,individual,,,B1,mid_500_1000,66.38425626632,0.0325113104993211,7.773332115494144,7.773332115494144
OLS_two_features,B1c26,870.0,798.9805331504841,train_oof,individual,,,B1,mid_500_1000,-71.01946684951588,-0.03698305459163257,-8.163157109139757,8.163157109139757
OLS_two_features,B1c27,842.0,812.106753579673,train_oof,individual,,,B1,mid_500_1000,-29.893246420327046,-0.015698969348122104,-3.550266795763307,3.550266795763307
OLS_two_features,B1c30,709.0,722.6461649018111,train_oof,individual,,,B1,mid_500_1000,13.646164901811062,0.008279467027761764,1.924705909987456,1.924705909987456
OLS_two_features,B1c31,876.0,747.0951545403589,train_oof,individual,,,B1,mid_500_1000,-128.90484545964114,-0.06912818646782545,-14.71516500680835,14.71516500680835
OLS_two_features,B1c32,731.0,664.0206527257109,train_oof,individual,,,B1,mid_500_1000,-66.97934727428913,-0.04173578972037602,-9.162701405511507,9.162701405511507
OLS_two_features,B1c33,757.0,684.445264069803,train_oof,individual,,,B1,mid_500_1000,-72.55473593019701,-0.043757156705651425,-9.584509369907135,9.584509369907135
OLS_two_features,B1c36,704.0,744.0073805210739,train_oof,individual,,,B1,mid_500_1000,40.007380521073856,0.02400458460763416,5.6828665512889,5.6828665512889
OLS_two_features,B1c37,648.0,745.586428473223,train_oof,individual,,,B1,mid_500_1000,97.58642847322301,0.06092298830790534,15.059634023645526,15.059634023645526
OLS_two_features,B1c38,617.0,607.32623549317,train_oof,individual,,,B1,mid_500_1000,-9.673764506830025,-0.006863121699068341,-1.5678710707990318,1.5678710707990318
OLS_two_features,B1c39,625.0,639.2584351290891,train_oof,individual,,,B1,mid_500_1000,14.258435129089094,0.00979644998526893,2.281349620654255,2.281349620654255
OLS_two_features,B1c40,966.0,955.0517626244962,train_oof,individual,,,B1,mid_500_1000,-10.948237375503822,-0.004950215969991639,-1.1333579063668553,1.1333579063668553
OLS_two_features,B1c41,1051.0,956.091986262789,train_oof,individual,,,B1,long_>1000,-94.90801373721104,-0.04110303797336376,-9.030258205253192,9.030258205253192
OLS_two_features,B1c42,702.0,747.093671448804,train_oof,individual,,,B1,mid_500_1000,45.093671448804,0.02703794543245615,6.423599921482051,6.423599921482051
OLS_two_features,B1c43,651.0,740.9473791871209,train_oof,individual,,,B1,mid_500_1000,89.94737918712087,0.05620637765656755,13.816801718451748,13.816801718451748
OLS_two_features,B1c44,616.0,580.1701799025194,train_oof,individual,,,B1,mid_500_1000,-35.82982009748059,-0.026025309374108626,-5.8165292366039925,5.8165292366039925
OLS_two_features,B1c45,599.0,581.7835692715048,train_oof,individual,,,B1,mid_500_1000,-17.216430728495197,-0.012665370647542936,-2.8741954471611346,2.8741954471611346
Ridge_existing,B1c3,1226.0,1261.9319721308386,train_oof,individual,,,B1,long_>1000,35.93197213083863,0.012545473533558974,2.9308297007209325,2.9308297007209325
Ridge_existing,B1c4,1227.0,1376.717369256107,train_oof,individual,,,B1,long_>1000,149.71736925610708,0.05000022896711461,12.201904584849803,12.201904584849803
Ridge_existing,B1c5,1074.0,990.263009445698,train_oof,individual,,,B1,long_>1000,-83.736990554302,-0.03525372476499827,-7.796740275074673,7.796740275074673
Ridge_existing,B1c6,636.0,766.794993668063,train_oof,individual,,,B1,mid_500_1000,130.79499366806294,0.08122215309930064,20.565250576739455,20.565250576739455
Ridge_existing,B1c7,870.0,810.8604043591029,train_oof,individual,,,B1,mid_500_1000,-59.13959564089714,-0.030573158992931084,-6.7976546713674875,6.7976546713674875
Ridge_existing,B1c8,879.0,918.579834458018,train_oof,individual,,,B1,mid_500_1000,39.57983445801801,0.019128032065463214,4.50282530807941,4.50282530807941
Ridge_existing,B1c9,1054.0,932.9707173439804,train_oof,individual,,,B1,long_>1000,-121.02928265601963,-0.05297259788618887,-11.482854141937347,11.482854141937347
Ridge_existing,B1c10,906.0,917.0760632765626,train_oof,individual,,,B1,mid_500_1000,11.07606327656265,0.005277160339245954,1.2225235404594537,1.2225235404594537
Ridge_existing,B1c11,788.0,963.8702817502844,train_oof,individual,,,B1,mid_500_1000,175.87028175028445,0.08749237272993028,22.318563673893966,22.318563673893966
Ridge_existing,B1c12,902.0,904.1825328037896,train_oof,individual,,,B1,mid_500_1000,2.182532803789627,0.001049575441446353,0.24196594277046862,0.24196594277046862
Ridge_existing,B1c13,897.0,883.5089325849881,train_oof,individual,,,B1,mid_500_1000,-13.491067415011912,-0.006581498309675373,-1.5040208935353303,1.5040208935353303
Ridge_existing,B1c16,862.0,847.6283767093087,train_oof,individual,,,B1,mid_500_1000,-14.371623290691332,-0.00730177833105075,-1.6672416810546788,1.6672416810546788
Ridge_existing,B1c17,857.0,794.7897123576828,train_oof,individual,,,B1,mid_500_1000,-62.21028764231721,-0.03272858489358086,-7.259076737726629,7.259076737726629
Ridge_existing,B1c20,534.0,545.9334286695255,train_oof,individual,,,B1,mid_500_1000,11.933428669525483,0.009598430870045622,2.2347244699485924,2.2347244699485924
Ridge_existing,B1c21,559.0,546.2732941958948,train_oof,individual,,,B1,mid_500_1000,-12.726705804105222,-0.010001838319771932,-2.276691557085013,2.276691557085013
Ridge_existing,B1c22,891.0,887.9898861244474,train_oof,individual,,,B1,mid_500_1000,-3.0101138755526335,-0.0014696846832253003,-0.3378354518016424,0.3378354518016424
Ridge_existing,B1c23,1014.0,919.7029884510218,train_oof,individual,,,B1,long_>1000,-94.29701154897816,-0.04239035732874041,-9.299508042305538,9.299508042305538
Ridge_existing,B1c24,1017.0,888.035823671416,train_oof,individual,,,B1,long_>1000,-128.96417632858402,-0.05889046720157007,-12.680843296812588,12.680843296812588
Ridge_existing,B1c25,854.0,921.5070195548489,train_oof,individual,,,B1,mid_500_1000,67.50701955484885,0.03304077710518158,7.904803226563097,7.904803226563097
Ridge_existing,B1c26,870.0,800.7224271149794,train_oof,individual,,,B1,mid_500_1000,-69.27757288502062,-0.036037259960233506,-7.962939412071336,7.962939412071336
Ridge_existing,B1c27,842.0,812.3400097971812,train_oof,individual,,,B1,mid_500_1000,-29.65999020281879,-0.015574247638413271,-3.5225641571043695,3.5225641571043695
Ridge_existing,B1c30,709.0,723.9466875882329,train_oof,individual,,,B1,mid_500_1000,14.946687588232862,0.009060350159458653,2.10813647224723,2.10813647224723
Ridge_existing,B1c31,876.0,748.0943462222516,train_oof,individual,,,B1,mid_500_1000,-127.9056537777484,-0.06854773362464263,-14.601102029423332,14.601102029423332
Ridge_existing,B1c32,731.0,666.1184413069395,train_oof,individual,,,B1,mid_500_1000,-64.88155869306047,-0.04036591981056609,-8.875726223400886,8.875726223400886
Ridge_existing,B1c33,757.0,686.6131276653533,train_oof,individual,,,B1,mid_500_1000,-70.38687233464668,-0.042383776859336066,-9.298133729808017,9.298133729808017
Ridge_existing,B1c36,704.0,747.3647883712061,train_oof,individual,,,B1,mid_500_1000,43.364788371206146,0.025959973338164345,6.159771075455418,6.159771075455418
Ridge_existing,B1c37,648.0,748.8752780828136,train_oof,individual,,,B1,mid_500_1000,100.87527808281357,0.06283448799614255,15.56717254364407,15.56717254364407
Ridge_existing,B1c38,617.0,610.9870570634672,train_oof,individual,,,B1,mid_500_1000,-6.012942936532795,-0.004253153635945294,-0.9745450464396751,0.9745450464396751
Ridge_existing,B1c39,625.0,642.7104369202233,train_oof,individual,,,B1,mid_500_1000,17.710436920223287,0.012135335094810538,2.833669907235726,2.833669907235726
Ridge_existing,B1c40,966.0,960.2050269733272,train_oof,individual,,,B1,mid_500_1000,-5.794973026672778,-0.002613151109088886,-0.5998936880613642,0.5998936880613642
Ridge_existing,B1c41,1051.0,958.6726155672286,train_oof,individual,,,B1,long_>1000,-92.3273844327714,-0.03993239407877932,-8.784717833755604,8.784717833755604
Ridge_existing,B1c42,702.0,748.9819604746523,train_oof,individual,,,B1,mid_500_1000,46.98196047465228,0.02813424554207509,6.6925869622011795,6.6925869622011795
Ridge_existing,B1c43,651.0,742.825399807224,train_oof,individual,,,B1,mid_500_1000,91.82539980722402,0.05730575680585462,14.105284148575118,14.105284148575118
Ridge_existing,B1c44,616.0,584.6686545944908,train_oof,individual,,,B1,mid_500_1000,-31.331345405509182,-0.022670901209909868,-5.086257371024218,5.086257371024218
Ridge_existing,B1c45,599.0,586.2404926169971,train_oof,individual,,,B1,mid_500_1000,-12.75950738300287,-0.009351009800425775,-2.1301347884812802,2.1301347884812802
XGBoost,B1c3,1226.0,1004.0282592773438,train_oof,individual,,,B1,long_>1000,-221.97174072265625,-0.086744533593021,-18.105362212288437,18.105362212288437
XGBoost,B1c4,1227.0,1004.0282592773438,train_oof,individual,,,B1,long_>1000,-222.97174072265625,-0.08709862613762902,-18.17210600836644,18.17210600836644
XGBoost,B1c5,1074.0,1031.06005859375,train_oof,individual,,,B1,long_>1000,-42.93994140625,-0.0177203179653944,-3.998132346950652,3.998132346950652
XGBoost,B1c6,636.0,840.0667114257812,train_oof,individual,,,B1,mid_500_1000,204.06671142578125,0.12085666000119054,32.085960916003344,32.085960916003344
XGBoost,B1c7,870.0,846.3650512695312,train_oof,individual,,,B1,mid_500_1000,-23.63494873046875,-0.011961530765597798,-2.7166607736170976,2.7166607736170976
XGBoost,B1c8,879.0,1030.9202880859375,train_oof,individual,,,B1,mid_500_1000,151.9202880859375,0.06923621137099266,17.2833092247938,17.2833092247938
XGBoost,B1c9,1054.0,1047.1077880859375,train_oof,individual,,,B1,long_>1000,-6.8922119140625,-0.0028492211160430236,-0.6539100487725332,0.6539100487725332
XGBoost,B1c10,906.0,996.9857177734376,train_oof,individual,,,B1,mid_500_1000,90.98571777343761,0.04156073923402707,10.042573705677441,10.042573705677441
XGBoost,B1c11,788.0,1031.06005859375,train_oof,individual,,,B1,mid_500_1000,243.06005859375,0.11675774590858708,30.845185100729694,30.845185100729694
XGBoost,B1c12,902.0,863.5123901367188,train_oof,individual,,,B1,mid_500_1000,-38.48760986328125,-0.01893796410470354,-4.266919053578852,4.266919053578852
XGBoost,B1c13,897.0,863.4375,train_oof,individual,,,B1,mid_500_1000,-33.5625,-0.01656153644748671,-3.741638795986622,3.741638795986622
XGBoost,B1c16,862.0,866.0303955078125,train_oof,individual,,,B1,mid_500_1000,4.0303955078125,0.002025869113720256,0.4675632839689675,0.4675632839689675
XGBoost,B1c17,857.0,840.0667114257812,train_oof,individual,,,B1,mid_500_1000,-16.93328857421875,-0.008667046273593723,-1.975879646933343,1.975879646933343
XGBoost,B1c20,534.0,670.0629272460938,train_oof,individual,,,B1,mid_500_1000,136.06292724609375,0.09857433324306883,25.479948922489466,25.479948922489466
XGBoost,B1c21,559.0,670.0629272460938,train_oof,individual,,,B1,mid_500_1000,111.06292724609375,0.07870378238520198,19.868144408961314,19.868144408961314
XGBoost,B1c22,891.0,876.4989624023438,train_oof,individual,,,B1,mid_500_1000,-14.50103759765625,-0.007126297723664877,-1.627501413878367,1.627501413878367
XGBoost,B1c23,1014.0,876.4989624023438,train_oof,individual,,,B1,long_>1000,-137.50103759765625,-0.06328654868410727,-13.560260118112057,13.560260118112057
XGBoost,B1c24,1017.0,922.5803833007812,train_oof,individual,,,B1,long_>1000,-94.41961669921875,-0.04231673689588681,-9.284131435518068,9.284131435518068
XGBoost,B1c25,854.0,996.9857177734376,train_oof,individual,,,B1,mid_500_1000,142.9857177734376,0.06723106622183501,16.743058287287777,16.743058287287777
XGBoost,B1c26,870.0,841.7290649414062,train_oof,individual,,,B1,mid_500_1000,-28.27093505859375,-0.014346928976360097,-3.2495327653556036,3.2495327653556036
XGBoost,B1c27,842.0,841.7290649414062,train_oof,individual,,,B1,mid_500_1000,-0.27093505859375,-0.00013976785739108354,-0.03217756040305819,0.03217756040305819
XGBoost,B1c30,709.0,840.0667114257812,train_oof,individual,,,B1,mid_500_1000,131.06671142578125,0.07366754046653788,18.486137013509346,18.486137013509346
XGBoost,B1c31,876.0,840.0667114257812,train_oof,individual,,,B1,mid_500_1000,-35.93328857421875,-0.01819033051847631,-4.101973581531821,4.101973581531821
XGBoost,B1c32,731.0,670.0629272460938,train_oof,individual,,,B1,mid_500_1000,-60.93707275390625,-0.03780178668623517,-8.336124863735465,8.336124863735465
XGBoost,B1c33,757.0,670.0629272460938,train_oof,individual,,,B1,mid_500_1000,-86.93707275390625,-0.05298028922844749,-11.484421764056307,11.484421764056307
XGBoost,B1c36,704.0,700.1156616210938,train_oof,individual,,,B1,mid_500_1000,-3.88433837890625,-0.00240286619300839,-0.5517526106400923,0.5517526106400923
XGBoost,B1c37,648.0,700.1156616210938,train_oof,individual,,,B1,mid_500_1000,52.11566162109375,0.03359478707851045,8.04254037362558,8.04254037362558
XGBoost,B1c38,617.0,627.3768920898438,train_oof,individual,,,B1,mid_500_1000,10.37689208984375,0.007243354436412319,1.6818301604284847,1.6818301604284847
XGBoost,B1c39,625.0,627.3768920898438,train_oof,individual,,,B1,mid_500_1000,2.37689208984375,0.0016485011255787383,0.380302734375,0.380302734375
XGBoost,B1c40,966.0,1031.06005859375,train_oof,individual,,,B1,mid_500_1000,65.06005859375,0.028306836982649068,6.734995713638717,6.734995713638717
XGBoost,B1c41,1051.0,1031.06005859375,train_oof,individual,,,B1,long_>1000,-19.93994140625,-0.008318752630099792,-1.8972351480732637,1.8972351480732637
XGBoost,B1c42,702.0,710.8302001953125,train_oof,individual,,,B1,mid_500_1000,8.8302001953125,0.005428758747346419,1.2578632756855412,1.2578632756855412
XGBoost,B1c43,651.0,710.8302001953125,train_oof,individual,,,B1,mid_500_1000,59.8302001953125,0.0381848823089598,9.190506942444317,9.190506942444317
XGBoost,B1c44,616.0,670.0629272460938,train_oof,individual,,,B1,mid_500_1000,54.06292724609375,0.03653487810719981,8.776449228261972,8.776449228261972
XGBoost,B1c45,599.0,670.0629272460938,train_oof,individual,,,B1,mid_500_1000,71.06292724609375,0.04868876788231391,11.863593864122496,11.863593864122496
OLS_delta_only,B1c0,1190.0,1752.9180641950832,valid,individual,provided_labels,47.304039007990184,B1,long_>1000,562.9180641950832,0.1682146551578632,47.30403900799018,47.30403900799018
OLS_delta_only,B1c1,1179.0,1751.8628524414069,valid,individual,provided_labels,48.58887637331695,B1,long_>1000,572.8628524414069,0.1719862985866785,48.58887637331695,48.58887637331695
OLS_delta_only,B1c2,1177.0,1455.965899895271,valid,individual,provided_labels,23.701435844967794,B1,long_>1000,278.9658998952709,0.09237474066329461,23.701435844967794,23.701435844967794
OLS_delta_only,B1c14,880.0,917.7097653384898,valid,individual,provided_labels,4.285200606646565,B1,mid_500_1000,37.709765338489774,0.0182226809010784,4.2852006066465655,4.2852006066465655
OLS_delta_only,B1c15,719.0,900.6317205738187,valid,individual,provided_labels,25.26171357076755,B1,mid_500_1000,181.6317205738187,0.09781834852159123,25.261713570767554,25.261713570767554
OLS_delta_only,B1c18,691.0,704.4088399958712,valid,individual,provided_labels,1.9404978286354817,B1,mid_500_1000,13.408839995871176,0.008346750144403996,1.9404978286354813,1.9404978286354813
OLS_delta_only,B1c19,788.0,690.3528030451947,valid,individual,provided_labels,12.391776263300162,B1,mid_500_1000,-97.64719695480528,-0.05745512492968605,-12.391776263300162,12.391776263300162
OLS_delta_only,B1c28,860.0,802.2123114909451,valid,individual,provided_labels,6.71949866384359,B1,mid_500_1000,-57.787688509054874,-0.03020912846262099,-6.7194986638435905,6.7194986638435905
OLS_delta_only,B1c29,917.0,798.7739335983993,valid,individual,provided_labels,12.892700807153842,B1,mid_500_1000,-118.22606640160075,-0.05994545157837567,-12.892700807153844,12.892700807153844
OLS_delta_only,B1c34,742.0,804.307307743236,valid,individual,provided_labels,8.397211286150409,B1,mid_500_1000,62.30730774323604,0.035018109336911345,8.397211286150409,8.397211286150409
OLS_delta_only,B1c35,703.0,764.4879335750218,valid,individual,provided_labels,8.746505487200821,B1,mid_500_1000,61.48793357502177,0.03641531002198735,8.746505487200821,8.746505487200821
OLS_delta_only,B2c0,477.0,631.8155043447359,test_b2,individual,provided_labels,32.45608057541634,B2,short_<500,154.81550434473593,0.12207189996609502,32.45608057541634,32.45608057541634
OLS_delta_only,B2c1,491.0,556.7978148634849,test_b2,individual,provided_labels,13.40077695793989,B2,short_<500,65.79781486348486,0.054616030107064374,13.40077695793989,13.40077695793989
OLS_delta_only,B2c2,424.0,620.5153584595855,test_b2,individual,provided_labels,46.34796190084564,B2,short_<500,196.5153584595855,0.1653866786565231,46.34796190084564,46.34796190084564
OLS_delta_only,B2c3,499.0,635.6161846681989,test_b2,individual,provided_labels,27.37799291947874,B2,short_<500,136.6161846681989,0.10509440147488626,27.37799291947874,27.37799291947874
OLS_delta_only,B2c4,444.0,532.9449791975887,test_b2,individual,provided_labels,20.032652972429897,B2,short_<500,88.94497919758874,0.07929940502021382,20.032652972429894,20.032652972429894
OLS_delta_only,B2c5,416.0,483.2200360385361,test_b2,individual,provided_labels,16.15866250926348,B2,short_<500,67.22003603853608,0.06505160276897826,16.158662509263483,16.158662509263483
OLS_delta_only,B2c6,393.0,650.1292612115369,test_b2,individual,provided_labels,65.42729292914426,B2,short_<500,257.1292612115369,0.21860716295942,65.42729292914424,65.42729292914424
OLS_delta_only,B2c7,777.0,1038.8429312427772,test_b2,individual,provided_labels,33.699218950164386,B2,mid_500_1000,261.84293124277724,0.12612887018925073,33.69921895016438,33.69921895016438
OLS_delta_only,B2c8,904.0,952.9142729145234,test_b2,individual,provided_labels,5.410870897624269,B2,mid_500_1000,48.914272914523394,0.022885401459059297,5.410870897624269,5.410870897624269
OLS_delta_only,B2c9,791.0,1120.1119816265625,test_b2,individual,provided_labels,41.60707732320636,B2,mid_500_1000,329.1119816265625,0.15108495932554208,41.60707732320638,41.60707732320638
OLS_delta_only,B2c10,492.0,616.6525212878245,test_b2,individual,provided_labels,25.335878310533428,B2,short_<500,124.65252128782447,0.09807540875852871,25.33587831053343,25.33587831053343
OLS_delta_only,B2c11,449.0,631.0260901961011,test_b2,individual,provided_labels,40.540331892227414,B2,short_<500,182.0260901961011,0.14780097480809307,40.540331892227414,40.540331892227414
OLS_delta_only,B2c12,466.0,510.4569375512587,test_b2,individual,provided_labels,9.540115354347362,B2,short_<500,44.456937551258704,0.03957319393921648,9.540115354347362,9.540115354347362
OLS_delta_only,B2c13,460.0,574.3248145842479,test_b2,individual,provided_labels,24.853220561793012,B2,short_<500,114.32481458424786,0.09639974936398618,24.853220561793016,24.853220561793016
OLS_delta_only,B2c14,426.0,493.8711101752066,test_b2,individual,provided_labels,15.932185487137696,B2,short_<500,67.87111017520658,0.06420402301255727,15.932185487137694,15.932185487137694
OLS_delta_only,B2c15,396.0,644.1688840771877,test_b2,individual,provided_labels,62.668910120501955,B2,short_<500,248.16888407718773,0.2113045569115463,62.66891012050195,62.66891012050195
OLS_delta_only,B2c16,472.0,635.0381486504169,test_b2,individual,provided_labels,34.54198064627477,B2,short_<500,163.03814865041693,0.12885781681650357,34.54198064627477,34.54198064627477
OLS_delta_only,B2c17,471.0,637.3598873609601,test_b2,individual,provided_labels,35.32057056495968,B2,short_<500,166.3598873609601,0.13136382027682944,35.32057056495968,35.32057056495968
OLS_delta_only,B2c18,449.0,731.8558387423949,test_b2,individual,provided_labels,62.996846045076815,B2,short_<500,282.8558387423949,0.21217920097775309,62.99684604507681,62.99684604507681
OLS_delta_only,B2c19,392.0,554.5360386990412,test_b2,individual,provided_labels,41.46327517832684,B2,short_<500,162.53603869904123,0.15064370871185145,41.463275178326846,41.463275178326846
OLS_delta_only,B2c20,489.0,612.7128603386893,test_b2,individual,provided_labels,25.29915344349475,B2,short_<500,123.71286033868932,0.09794813678775868,25.29915344349475,25.29915344349475
OLS_delta_only,B2c21,408.0,567.5481526701982,test_b2,individual,provided_labels,39.10493937995054,B2,short_<500,159.5481526701982,0.14334255132469098,39.10493937995054,39.10493937995054
OLS_delta_only,B2c24,514.0,700.095285900707,test_b2,individual,provided_labels,36.205308540993585,B2,mid_500_1000,186.09528590070704,0.13419403433985416,36.205308540993585,36.205308540993585
OLS_delta_only,B2c25,493.0,652.0596001015208,test_b2,individual,provided_labels,32.2636105682598,B2,short_<500,159.0596001015208,0.12144037401947534,32.2636105682598,32.2636105682598
OLS_delta_only,B2c26,450.0,529.236505689805,test_b2,individual,provided_labels,17.608112375512217,B2,short_<500,79.23650568980497,0.07043727954970282,17.608112375512217,17.608112375512217
OLS_delta_only,B2c27,474.0,631.3677937258473,test_b2,individual,provided_labels,33.19995648224626,B2,short_<500,157.36779372584726,0.1245040829459684,33.19995648224626,33.19995648224626
OLS_delta_only,B2c28,437.0,605.4324392979962,test_b2,individual,provided_labels,38.54289228787099,B2,short_<500,168.4324392979962,0.14158424993537194,38.542892287870984,38.542892287870984
OLS_delta_only,B2c29,452.0,640.734005139997,test_b2,individual,provided_labels,41.75531087168074,B2,short_<500,188.73400513999695,0.1515393387399583,41.75531087168074,41.75531087168074
OLS_delta_only,B2c30,412.0,516.4389376063968,test_b2,individual,provided_labels,25.34925670058176,B2,short_<500,104.43893760639685,0.09812176301068651,25.34925670058176,25.34925670058176
OLS_delta_only,B2c31,425.0,577.3679536917789,test_b2,individual,provided_labels,35.85128322159503,B2,short_<500,152.3679536917789,0.13306374502424984,35.85128322159503,35.85128322159503
OLS_delta_only,B2c32,809.0,971.5825360562188,test_b2,individual,provided_labels,20.096728807938035,B2,mid_500_1000,162.58253605621883,0.07953117826044528,20.09672880793805,20.09672880793805
OLS_delta_only,B2c33,1140.0,1038.813944929769,test_b2,individual,provided_labels,8.875969743002726,B2,long_>1000,-101.18605507023108,-0.04036708041636568,-8.875969743002727,8.875969743002727
OLS_delta_only,B2c34,1186.0,1200.8235023807174,test_b2,individual,provided_labels,1.2498737251869647,B2,long_>1000,14.8235023807174,0.005394490252249859,1.2498737251869647,1.2498737251869647
OLS_delta_only,B2c41,442.0,511.95861282997834,test_b2,individual,provided_labels,15.827740459271118,B2,short_<500,69.95861282997834,0.06381258431019973,15.827740459271118,15.827740459271118
OLS_delta_only,B2c42,474.0,629.8445710705116,test_b2,individual,provided_labels,32.878601491669116,B2,short_<500,155.84457107051162,0.123455048645271,32.87860149166912,32.87860149166912
OLS_delta_only,B2c43,1029.0,1067.054851626432,test_b2,individual,provided_labels,3.698236309662982,B2,long_>1000,38.05485162643208,0.01577137001011311,3.6982363096629816,3.6982363096629816
OLS_delta_only,B2c44,841.0,1135.2513317519342,test_b2,individual,provided_labels,34.98826774696007,B2,mid_500_1000,294.25133175193423,0.13029602424188533,34.98826774696008,34.98826774696008
OLS_delta_only,B2c45,997.0,1000.3953714015596,test_b2,individual,provided_labels,0.340558816605766,B2,mid_500_1000,3.3953714015596006,0.0014765153711475366,0.3405588166057774,0.3405588166057774
OLS_delta_only,B2c46,503.0,641.0024054273639,test_b2,individual,provided_labels,27.43586589013199,B2,mid_500_1000,138.0024054273639,0.10529167420059773,27.43586589013199,27.43586589013199
OLS_delta_only,B3c0,1009.0,1048.2149698028234,test_b3,individual,provided_labels,3.8865183154433462,B3,long_>1000,39.21496980282336,0.016559191434890028,3.8865183154433462,3.8865183154433462
OLS_delta_only,B3c1,1063.0,1076.908707907903,test_b3,individual,provided_labels,1.308439125861045,B3,long_>1000,13.908707907902908,0.005645624167160073,1.308439125861045,1.308439125861045
OLS_delta_only,B3c2,1267.0,1497.7741199387096,test_b3,individual,provided_labels,18.214216254041805,B3,long_>1000,230.77411993870965,0.07266970725106263,18.2142162540418,18.2142162540418
OLS_delta_only,B3c3,1115.0,961.9868381045094,test_b3,individual,provided_labels,13.723153533227858,B3,long_>1000,-153.0131618954906,-0.06410573731901399,-13.723153533227858,13.723153533227858
OLS_delta_only,B3c4,1048.0,1002.570085441952,test_b3,individual,provided_labels,4.334915511264115,B3,long_>1000,-45.42991455804804,-0.019246540600584765,-4.334915511264126,4.334915511264126
OLS_delta_only,B3c5,828.0,960.5845308987736,test_b3,individual,provided_labels,16.012624504682808,B3,mid_500_1000,132.58453089877355,0.06450525176478783,16.012624504682798,16.012624504682798
OLS_delta_only,B3c6,667.0,648.2508615447889,test_b3,individual,provided_labels,2.810965285638845,B3,mid_500_1000,-18.749138455211096,-0.012382731284416955,-2.810965285638845,2.810965285638845
OLS_delta_only,B3c7,1836.0,1233.4715616886524,test_b3,individual,provided_labels,32.817453067066864,B3,long_>1000,-602.5284383113476,-0.17274353580320326,-32.81745306706686,32.81745306706686
OLS_delta_only,B3c8,828.0,946.1788402504894,test_b3,individual,provided_labels,14.27280679353737,B3,mid_500_1000,118.17884025048943,0.057942894747149636,14.27280679353737,14.27280679353737
OLS_delta_only,B3c9,1039.0,879.4358883743473,test_b3,individual,provided_labels,15.357469838850111,B3,long_>1000,-159.56411162565269,-0.07241136304752135,-15.357469838850115,15.357469838850115
OLS_delta_only,B3c10,1078.0,1171.3281813864312,test_b3,individual,provided_labels,8.657530740856325,B3,long_>1000,93.3281813864312,0.03605983140076246,8.657530740856327,8.657530740856327
OLS_delta_only,B3c11,817.0,824.0517188798485,test_b3,individual,provided_labels,0.8631234859055719,B3,mid_500_1000,7.051718879848522,0.003732413076425433,0.8631234859055719,0.8631234859055719
OLS_delta_only,B3c12,932.0,858.8221692069194,test_b3,individual,provided_labels,7.851698582948563,B3,mid_500_1000,-73.1778307930806,-0.03551266578403384,-7.851698582948562,7.851698582948562
OLS_delta_only,B3c13,816.0,947.8633172497936,test_b3,individual,provided_labels,16.159720251200206,B3,mid_500_1000,131.86331724979357,0.06505555744084653,16.15972025120019,16.15972025120019
OLS_delta_only,B3c14,858.0,889.7000498291712,test_b3,individual,provided_labels,3.6946445022344094,B3,mid_500_1000,31.700049829171235,0.015756327042964605,3.6946445022344094,3.6946445022344094
OLS_delta_only,B3c15,876.0,890.304519098433,test_b3,individual,provided_labels,1.632935970140759,B3,mid_500_1000,14.304519098433047,0.007034471649858551,1.6329359701407589,1.6329359701407589
OLS_delta_only,B3c16,1638.0,1415.225055518869,test_b3,individual,provided_labels,13.600423960997002,B3,long_>1000,-222.7749444811309,-0.06348838859024195,-13.600423960997,13.600423960997
OLS_delta_only,B3c17,1315.0,1193.7277613721012,test_b3,individual,provided_labels,9.22222346980219,B3,long_>1000,-121.27223862789879,-0.04202045887551882,-9.22222346980219,9.22222346980219
OLS_delta_only,B3c18,1146.0,1054.4915671231593,test_b3,individual,provided_labels,7.985029046844742,B3,long_>1000,-91.50843287684074,-0.036141506639339224,-7.985029046844742,7.985029046844742
OLS_delta_only,B3c19,1155.0,998.210470996588,test_b3,individual,provided_labels,13.574850995966395,B3,long_>1000,-156.78952900341199,-0.06335986302566217,-13.574850995966406,13.574850995966406
OLS_delta_only,B3c20,813.0,930.2234767231564,test_b3,individual,provided_labels,14.418631823266455,B3,mid_500_1000,117.22347672315641,0.05849675032391437,14.418631823266471,14.418631823266471
OLS_delta_only,B3c21,772.0,730.4023456199322,test_b3,individual,provided_labels,5.3882971994906415,B3,mid_500_1000,-41.59765438006775,-0.024055141110482813,-5.3882971994906415,5.3882971994906415
OLS_delta_only,B3c22,1002.0,918.1712239448314,test_b3,individual,provided_labels,8.36614531488709,B3,long_>1000,-83.82877605516865,-0.03794404394614423,-8.36614531488709,8.36614531488709
OLS_delta_only,B3c24,825.0,987.145309421509,test_b3,individual,provided_labels,19.653976899576843,B3,mid_500_1000,162.14530942150895,0.07792713769110853,19.653976899576843,19.653976899576843
OLS_delta_only,B3c25,989.0,981.4287930371852,test_b3,individual,provided_labels,0.7655416544807697,B3,mid_500_1000,-7.571206962814813,-0.003337496487299118,-0.7655416544807697,0.7655416544807697
OLS_delta_only,B3c26,1028.0,1030.4368277364963,test_b3,individual,provided_labels,0.237045499659195,B3,long_>1000,2.436827736496298,0.0010282572867247601,0.23704549965917293,0.23704549965917293
OLS_delta_only,B3c27,850.0,970.717229252062,test_b3,individual,provided_labels,14.202026970830836,B3,mid_500_1000,120.717229252062,0.057673812267399455,14.202026970830822,14.202026970830822
OLS_delta_only,B3c28,541.0,616.9647495302564,test_b3,individual,provided_labels,14.041543351248878,B3,mid_500_1000,75.96474953025643,0.0570630860874009,14.041543351248878,14.041543351248878
OLS_delta_only,B3c29,858.0,928.5046834046258,test_b3,individual,provided_labels,8.217329068138204,B3,mid_500_1000,70.50468340462578,0.03429681082661538,8.217329068138202,8.217329068138202
OLS_delta_only,B3c30,935.0,951.5168402837947,test_b3,individual,provided_labels,1.7665069822240376,B3,mid_500_1000,16.51684028379475,0.007604868116896348,1.7665069822240373,1.7665069822240373
OLS_delta_only,B3c31,731.0,799.4792800678979,test_b3,individual,provided_labels,9.367890570163867,B3,mid_500_1000,68.47928006789789,0.03888983575380755,9.367890570163869,9.367890570163869
OLS_delta_only,B3c33,1284.0,1159.2955974548,test_b3,individual,provided_labels,9.71218088358256,B3,long_>1000,-124.70440254520008,-0.044370837143372754,-9.712180883582562,9.712180883582562
OLS_delta_only,B3c34,1158.0,1091.4779762971389,test_b3,individual,provided_labels,5.744561632371427,B3,long_>1000,-66.52202370286113,-0.025693582396301897,-5.744561632371428,5.744561632371428
OLS_delta_only,B3c35,1093.0,1041.0577425853485,test_b3,individual,provided_labels,4.752265088257251,B3,long_>1000,-51.94225741465152,-0.02114534349515595,-4.7522650882572295,4.7522650882572295
OLS_delta_only,B3c36,923.0,1054.0731773982598,test_b3,individual,provided_labels,14.200777616279495,B3,mid_500_1000,131.07317739825976,0.05766906111919383,14.200777616279497,14.200777616279497
OLS_delta_only,B3c37,1390.0,1854.083851338006,test_b3,individual,provided_labels,33.38732743438892,B3,long_>1000,464.08385133800607,0.125114571059194,33.38732743438892,33.38732743438892
OLS_delta_only,B3c38,1935.0,1118.3380873345782,test_b3,individual,provided_labels,42.20475000854893,B3,long_>1000,-816.6619126654218,-0.2381078534007717,-42.204750008548935,42.204750008548935
OLS_delta_only,B3c39,1156.0,1205.6862781450577,test_b3,individual,provided_labels,4.29812094680428,B3,long_>1000,49.68627814505771,0.018276484171639115,4.298120946804301,4.298120946804301
OLS_delta_only,B3c40,796.0,1083.812004588063,test_b3,individual,provided_labels,36.15728700855063,B3,mid_500_1000,287.812004588063,0.13404088932574862,36.15728700855063,36.15728700855063
OLS_delta_only,B3c41,786.0,1030.4381747104735,test_b3,individual,provided_labels,31.099004416090803,B3,mid_500_1000,244.4381747104735,0.11759939361045187,31.099004416090775,31.099004416090775
OLS_delta_only,B3c42,1642.0,1121.4364002020072,test_b3,individual,provided_labels,31.703020694153032,B3,long_>1000,-520.5635997979928,-0.16559850422202516,-31.703020694153032,31.703020694153032
OLS_delta_only,B3c43,1046.0,1099.5927533328384,test_b3,individual,provided_labels,5.123590184783781,B3,long_>1000,53.592753332838356,0.02170018451037284,5.123590184783781,5.123590184783781
OLS_delta_only,B3c44,940.0,971.601596167026,test_b3,individual,provided_labels,3.3618719326623343,B3,mid_500_1000,31.601596167025946,0.01436036600186087,3.3618719326623347,3.3618719326623347
OLS_delta_only,B3c45,1801.0,1260.2136485814071,test_b3,individual,provided_labels,30.027004520743635,B3,long_>1000,-540.7863514185929,-0.15506953394457368,-30.02700452074363,30.02700452074363
OLS_two_features,B1c0,1190.0,1683.7386341186268,valid,individual,provided_labels,41.49064152257368,B1,long_>1000,493.7386341186268,0.15072771569413254,41.49064152257368,41.49064152257368
OLS_two_features,B1c1,1179.0,1698.1079276290775,valid,individual,provided_labels,44.02951040110922,B1,long_>1000,519.1079276290775,0.15845148439598633,44.0295104011092,44.0295104011092
OLS_two_features,B1c2,1177.0,1499.9015912061147,valid,individual,provided_labels,27.43428982209981,B1,long_>1000,322.90159120611474,0.1052863030134725,27.43428982209981,27.43428982209981
OLS_two_features,B1c14,880.0,869.3576309259922,valid,individual,provided_labels,1.209360122046338,B1,mid_500_1000,-10.642369074007775,-0.005284201585694861,-1.209360122046338,1.209360122046338
OLS_two_features,B1c15,719.0,851.8615760733258,valid,individual,provided_labels,18.478661484468116,B1,mid_500_1000,132.86157607332575,0.07364013908849716,18.478661484468113,18.478661484468113
OLS_two_features,B1c18,691.0,682.7680791056911,valid,individual,provided_labels,1.1913054839810315,B1,mid_500_1000,-8.231920894308928,-0.005204838669515069,-1.1913054839810315,1.1913054839810315
OLS_two_features,B1c19,788.0,692.3832071856477,valid,individual,provided_labels,12.134110763242674,B1,mid_500_1000,-95.61679281435227,-0.0561796913813021,-12.134110763242674,12.134110763242674
OLS_two_features,B1c28,860.0,799.1895259326275,valid,individual,provided_labels,7.0709853566712235,B1,mid_500_1000,-60.810474067372525,-0.03184866779174668,-7.0709853566712235,7.0709853566712235
OLS_two_features,B1c29,917.0,794.9053855351995,valid,individual,provided_labels,13.314570824950986,B1,mid_500_1000,-122.09461446480054,-0.06205389630323239,-13.314570824950986,13.314570824950986
OLS_two_features,B1c34,742.0,805.9749480180022,valid,individual,provided_labels,8.621960649326448,B1,mid_500_1000,63.97494801800224,0.03591763763446281,8.621960649326446,8.621960649326446
OLS_two_features,B1c35,703.0,764.2537064675593,valid,individual,provided_labels,8.71318726423318,B1,mid_500_1000,61.253706467559255,0.03628222861906792,8.71318726423318,8.71318726423318
OLS_two_features,B2c0,477.0,682.8708084209594,test_b2,individual,provided_labels,43.159498620746206,B2,short_<500,205.8708084209594,0.1558201687161187,43.159498620746206,43.159498620746206
OLS_two_features,B2c1,491.0,475.3463441623931,test_b2,individual,provided_labels,3.1881172785350085,B2,short_<500,-15.653655837606891,-0.014071333976292167,-3.1881172785350085,3.1881172785350085
OLS_two_features,B2c2,424.0,652.79674701031,test_b2,individual,provided_labels,53.96149693639387,B2,short_<500,228.79674701031,0.1874121250002044,53.96149693639387,53.96149693639387
OLS_two_features,B2c3,499.0,683.788679798162,test_b2,individual,provided_labels,37.031799558749896,B2,short_<500,184.78867979816198,0.13682136110058596,37.031799558749896,37.031799558749896
OLS_two_features,B2c4,444.0,607.28387921939,test_b2,individual,provided_labels,36.775648472835584,B2,short_<500,163.28387921938997,0.13600878250639986,36.77564847283558,36.77564847283558
OLS_two_features,B2c5,416.0,546.7427180565832,test_b2,individual,provided_labels,31.428537994370952,B2,short_<500,130.74271805658316,0.11868967685082633,31.428537994370952,31.428537994370952
OLS_two_features,B2c6,393.0,685.9708723484938,test_b2,individual,provided_labels,74.54729576297552,B2,short_<500,292.9708723484938,0.24191312473819462,74.54729576297552,74.54729576297552
OLS_two_features,B2c7,777.0,952.2744382420436,test_b2,individual,provided_labels,22.557842759593775,B2,mid_500_1000,175.27443824204363,0.08834110798492327,22.557842759593772,22.557842759593772
OLS_two_features,B2c8,904.0,892.9013275755327,test_b2,individual,provided_labels,1.2277292504941684,B2,mid_500_1000,-11.098672424467281,-0.005364961796403591,-1.2277292504941684,1.2277292504941684
OLS_two_features,B2c9,791.0,1003.5197960712558,test_b2,individual,provided_labels,26.867230856037395,B2,mid_500_1000,212.51979607125577,0.10334946058014872,26.86723085603739,26.86723085603739
OLS_two_features,B2c10,492.0,679.7910614102774,test_b2,individual,provided_labels,38.16891492078809,B2,short_<500,187.7910614102774,0.14041034696818522,38.16891492078809,38.16891492078809
OLS_two_features,B2c11,449.0,680.4706921016199,test_b2,individual,provided_labels,51.552492672966565,B2,short_<500,231.47069210161987,0.1805630838591133,51.55249267296656,51.55249267296656
OLS_two_features,B2c12,466.0,595.2132321531334,test_b2,individual,provided_labels,27.7281614062518,B2,short_<500,129.2132321531334,0.10628666073225143,27.7281614062518,27.7281614062518
OLS_two_features,B2c13,460.0,642.0966739629922,test_b2,individual,provided_labels,39.586233470215696,B2,short_<500,182.0966739629922,0.14484258861140356,39.586233470215696,39.586233470215696
OLS_two_features,B2c14,426.0,551.3367776407315,test_b2,individual,provided_labels,29.421778788904103,B2,short_<500,125.3367776407315,0.112007364524179,29.421778788904106,29.421778788904106
OLS_two_features,B2c15,396.0,666.7750874609377,test_b2,individual,provided_labels,68.37754733862063,B2,short_<500,270.7750874609377,0.22628417910513565,68.37754733862063,68.37754733862063
OLS_two_features,B2c16,472.0,681.0484925600379,test_b2,individual,provided_labels,44.2899348644148,B2,short_<500,209.04849256003786,0.15923603736306255,44.289934864414796,44.289934864414796
OLS_two_features,B2c17,471.0,508.56898995977343,test_b2,individual,provided_labels,7.976430989336185,B2,short_<500,37.56898995977343,0.0333289683727358,7.976430989336186,7.976430989336186
OLS_two_features,B2c18,449.0,731.4608650380151,test_b2,individual,provided_labels,62.90887862762028,B2,short_<500,282.4608650380151,0.21194475425267764,62.90887862762028,62.90887862762028
OLS_two_features,B2c19,392.0,585.9358853836286,test_b2,individual,provided_labels,49.47344014888485,B2,short_<500,193.9358853836286,0.1745640299746655,49.47344014888485,49.47344014888485
OLS_two_features,B2c20,489.0,660.6001891167097,test_b2,individual,provided_labels,35.09206321405106,B2,short_<500,171.60018911670966,0.13062983456167476,35.09206321405106,35.09206321405106
OLS_two_features,B2c21,408.0,599.3736254896874,test_b2,individual,provided_labels,46.90530036511945,B2,short_<500,191.37362548968736,0.16703746548253798,46.90530036511945,46.90530036511945
OLS_two_features,B2c24,514.0,729.579699460112,test_b2,individual,provided_labels,41.94157577044981,B2,mid_500_1000,215.579699460112,0.15210962225832128,41.94157577044981,41.94157577044981
OLS_two_features,B2c25,493.0,688.7890620497561,test_b2,individual,provided_labels,39.7138056896057,B2,short_<500,195.78906204975613,0.145239322639403,39.71380568960571,39.71380568960571
OLS_two_features,B2c26,450.0,481.8450928653603,test_b2,individual,provided_labels,7.076687303413412,B2,short_<500,31.8450928653603,0.029694926690256432,7.076687303413401,7.076687303413401
OLS_two_features,B2c27,474.0,676.2265070724318,test_b2,individual,provided_labels,42.66382005747506,B2,short_<500,202.2265070724318,0.15431384878651605,42.66382005747506,42.66382005747506
OLS_two_features,B2c28,437.0,660.0786570840171,test_b2,individual,provided_labels,51.04774761647989,B2,short_<500,223.0786570840171,0.17911425357469352,51.04774761647989,51.04774761647989
OLS_two_features,B2c29,452.0,693.8213515515577,test_b2,individual,provided_labels,53.500299015831345,B2,short_<500,241.82135155155765,0.18610922581189626,53.500299015831345,53.500299015831345
OLS_two_features,B2c30,412.0,480.97885215100985,test_b2,individual,provided_labels,16.74243984247812,B2,short_<500,68.97885215100985,0.06722876554645821,16.74243984247812,16.74243984247812
OLS_two_features,B2c31,425.0,510.4314111147355,test_b2,individual,provided_labels,20.101508497584827,B2,short_<500,85.43141111473551,0.0795484622577166,20.101508497584827,20.101508497584827
OLS_two_features,B2c32,809.0,908.5380090499606,test_b2,individual,provided_labels,12.303833009883878,B2,mid_500_1000,99.53800904996058,0.05039457929470258,12.30383300988388,12.30383300988388
OLS_two_features,B2c33,1140.0,910.7243679156752,test_b2,individual,provided_labels,20.11189755125655,B2,long_>1000,-229.2756320843248,-0.09751789434805541,-20.11189755125656,20.11189755125656
OLS_two_features,B2c34,1186.0,1000.463728486762,test_b2,individual,provided_labels,15.643867749851426,B2,long_>1000,-185.53627151323803,-0.07388334098714555,-15.643867749851436,15.643867749851436
OLS_two_features,B2c41,442.0,470.43308427559253,test_b2,individual,provided_labels,6.432824496740393,B2,short_<500,28.433084275592535,0.027075587539299343,6.432824496740393,6.432824496740393
OLS_two_features,B2c42,474.0,683.9727179729601,test_b2,individual,provided_labels,44.29804176644729,B2,short_<500,209.97271797296014,0.1592604374289286,44.298041766447284,44.298041766447284
OLS_two_features,B2c43,1029.0,977.0940304202652,test_b2,individual,provided_labels,5.044311912510682,B2,long_>1000,-51.9059695797348,-0.022479014802488224,-5.044311912510671,5.044311912510671
OLS_two_features,B2c44,841.0,1005.7839256893234,test_b2,individual,provided_labels,19.593808048671033,B2,mid_500_1000,164.78392568932338,0.07770869470332985,19.59380804867103,19.59380804867103
OLS_two_features,B2c45,997.0,930.5803101752686,test_b2,individual,provided_labels,6.661954847014187,B2,mid_500_1000,-66.41968982473145,-0.02994129910290446,-6.661954847014187,6.661954847014187
OLS_two_features,B2c46,503.0,695.7951266121519,test_b2,individual,provided_labels,38.329051016332386,B2,mid_500_1000,192.79512661215188,0.14091339754353782,38.32905101633238,38.32905101633238
OLS_two_features,B3c0,1009.0,937.9299169051988,test_b3,individual,provided_labels,7.0436157675719775,B3,long_>1000,-71.07008309480125,-0.031720777579007556,-7.043615767571977,7.043615767571977
OLS_two_features,B3c1,1063.0,944.9317073615184,test_b3,individual,provided_labels,11.10708303278284,B3,long_>1000,-118.06829263848158,-0.05113284245614126,-11.107083032782839,11.107083032782839
OLS_two_features,B3c2,1267.0,1166.2970270899746,test_b3,individual,provided_labels,7.948143086821266,B3,long_>1000,-100.70297291002544,-0.035967446279870606,-7.948143086821266,7.948143086821266
OLS_two_features,B3c3,1115.0,864.8066434781917,test_b3,individual,provided_labels,22.438866055767555,B3,long_>1000,-250.19335652180825,-0.1103558501590492,-22.438866055767555,22.438866055767555
OLS_two_features,B3c4,1048.0,915.6766166976806,test_b3,individual,provided_labels,12.626277032664063,B3,long_>1000,-132.32338330231937,-0.05861915874030737,-12.626277032664063,12.626277032664063
OLS_two_features,B3c5,828.0,858.0211319352122,test_b3,individual,provided_labels,3.6257405718855344,B3,mid_500_1000,30.021131935212225,0.0154676472990689,3.6257405718855344,3.6257405718855344
OLS_two_features,B3c6,667.0,646.9518620221106,test_b3,individual,provided_labels,3.005717837764525,B3,mid_500_1000,-20.048137977889382,-0.013253866750059247,-3.005717837764525,3.005717837764525
OLS_two_features,B3c7,1836.0,1160.1508551666705,test_b3,individual,provided_labels,36.81095560094387,B3,long_>1000,-675.8491448333295,-0.19935821237386447,-36.81095560094387,36.81095560094387
OLS_two_features,B3c8,828.0,886.8520489607646,test_b3,individual,provided_labels,7.107735381734854,B3,mid_500_1000,58.85204896076459,0.02982083695967859,7.107735381734853,7.107735381734853
OLS_two_features,B3c9,1039.0,843.2933105980383,test_b3,individual,provided_labels,18.83606250259497,B3,long_>1000,-195.70668940196174,-0.09063689224594265,-18.83606250259497,18.83606250259497
OLS_two_features,B3c10,1078.0,1108.357958111856,test_b3,individual,provided_labels,2.81613711612763,B3,long_>1000,30.357958111856078,0.012061283049158157,2.816137116127651,2.816137116127651
OLS_two_features,B3c11,817.0,809.2490923193493,test_b3,individual,provided_labels,0.9487035104835616,B3,mid_500_1000,-7.750907680650698,-0.004139835576641967,-0.9487035104835616,0.9487035104835616
OLS_two_features,B3c12,932.0,832.1737960534749,test_b3,individual,provided_labels,10.71096608868295,B3,mid_500_1000,-99.82620394652508,-0.049201875985434886,-10.71096608868295,10.71096608868295
OLS_two_features,B3c13,816.0,893.9074978985299,test_b3,individual,provided_labels,9.547487487564934,B3,mid_500_1000,77.90749789852987,0.03960242130521918,9.547487487564936,9.547487487564936
OLS_two_features,B3c14,858.0,855.3212043946711,test_b3,individual,provided_labels,0.3122139400150234,B3,mid_500_1000,-2.678795605328901,-0.0013580490272919387,-0.3122139400150234,0.3122139400150234
OLS_two_features,B3c15,876.0,855.1008840695314,test_b3,individual,provided_labels,2.385743827679065,B3,mid_500_1000,-20.89911593046861,-0.01048675072637078,-2.385743827679065,2.385743827679065
OLS_two_features,B3c16,1638.0,1229.8116392950026,test_b3,individual,provided_labels,24.91992434096443,B3,long_>1000,-408.1883607049974,-0.12447529840704326,-24.91992434096443,24.91992434096443
OLS_two_features,B3c17,1315.0,996.493485395849,test_b3,individual,provided_labels,24.221027726551405,B3,long_>1000,-318.506514604151,-0.12045128899236379,-24.221027726551405,24.221027726551405
OLS_two_features,B3c18,1146.0,926.6281430037496,test_b3,individual,provided_labels,19.142395898451163,B3,long_>1000,-219.37185699625036,-0.09227913142792381,-19.142395898451166,19.142395898451166
OLS_two_features,B3c19,1155.0,897.1557585576969,test_b3,individual,provided_labels,22.324176748251347,B3,long_>1000,-257.8442414423031,-0.10971413515316843,-22.32417674825135,22.32417674825135
OLS_two_features,B3c20,813.0,874.5771676619081,test_b3,individual,provided_labels,7.574067363088329,B3,mid_500_1000,61.577167661908106,0.03170758955989041,7.574067363088328,7.574067363088328
OLS_two_features,B3c21,772.0,701.3140071127345,test_b3,individual,provided_labels,9.15621669524164,B3,mid_500_1000,-70.68599288726546,-0.04170478733026801,-9.156216695241639,9.156216695241639
OLS_two_features,B3c22,1002.0,795.5714688707745,test_b3,individual,provided_labels,20.601649813295957,B3,long_>1000,-206.42853112922546,-0.10018852165671552,-20.601649813295953,20.601649813295953
OLS_two_features,B3c24,825.0,881.9064893798698,test_b3,individual,provided_labels,6.89775628846906,B3,mid_500_1000,56.906489379869754,0.028968589757298848,6.897756288469061,6.897756288469061
OLS_two_features,B3c25,989.0,888.8251512627869,test_b3,individual,provided_labels,10.128902804571595,B3,mid_500_1000,-100.1748487372131,-0.04637995617281344,-10.128902804571599,10.128902804571599
OLS_two_features,B3c26,1028.0,942.0625626962905,test_b3,individual,provided_labels,8.359672889465921,B3,long_>1000,-85.93743730370954,-0.03791336926388865,-8.359672889465909,8.359672889465909
OLS_two_features,B3c27,850.0,885.00580787542,test_b3,individual,provided_labels,4.11833033828471,B3,mid_500_1000,35.00580787542003,0.017527195062594886,4.11833033828471,4.11833033828471
OLS_two_features,B3c28,541.0,626.9277809104864,test_b3,individual,provided_labels,15.883138800459587,B3,mid_500_1000,85.92778091048638,0.06402024995300452,15.883138800459589,15.883138800459589
OLS_two_features,B3c29,858.0,881.6151025589538,test_b3,individual,provided_labels,2.7523429555890235,B3,mid_500_1000,23.615102558953822,0.011791733429690194,2.7523429555890235,2.7523429555890235
OLS_two_features,B3c30,935.0,887.4821985419464,test_b3,individual,provided_labels,5.08211780300038,B3,mid_500_1000,-47.517801458053555,-0.02265196030317585,-5.08211780300038,5.08211780300038
OLS_two_features,B3c31,731.0,754.212400158367,test_b3,individual,provided_labels,3.175430938217102,B3,mid_500_1000,23.212400158367018,0.013576291493712178,3.175430938217102,3.175430938217102
OLS_two_features,B3c33,1284.0,978.0773341296842,test_b3,individual,provided_labels,23.8257527936383,B3,long_>1000,-305.92266587031577,-0.11819182900865062,-23.825752793638298,23.825752793638298
OLS_two_features,B3c34,1158.0,934.6248370056588,test_b3,individual,provided_labels,19.28973773698975,B3,long_>1000,-223.37516299434117,-0.09307124147566678,-19.289737736989736,19.289737736989736
OLS_two_features,B3c35,1093.0,912.9696213967233,test_b3,individual,provided_labels,16.47121487678654,B3,long_>1000,-180.03037860327674,-0.07816383510463511,-16.471214876786526,16.471214876786526
OLS_two_features,B3c36,923.0,904.5494521816364,test_b3,individual,provided_labels,1.998975928316736,B3,mid_500_1000,-18.45054781836359,-0.008769386079368632,-1.9989759283167485,1.9989759283167485
OLS_two_features,B3c37,1390.0,1444.60662752006,test_b3,individual,provided_labels,3.9285343539611586,B3,long_>1000,54.6066275200601,0.01673480271707543,3.9285343539611586,3.9285343539611586
OLS_two_features,B3c38,1935.0,964.6214293132022,test_b3,individual,provided_labels,50.14876334298697,B3,long_>1000,-970.3785706867978,-0.30232406369826054,-50.148763342986975,50.148763342986975
OLS_two_features,B3c39,1156.0,979.427269501277,test_b3,individual,provided_labels,15.274457655598876,B3,long_>1000,-176.572730498723,-0.07198564247964474,-15.274457655598875,15.274457655598875
OLS_two_features,B3c40,796.0,968.7649186505818,test_b3,individual,provided_labels,21.704135508867054,B3,mid_500_1000,172.76491865058176,0.08530533581565194,21.704135508867054,21.704135508867054
OLS_two_features,B3c41,786.0,903.5032067528492,test_b3,individual,provided_labels,14.94951739858131,B3,mid_500_1000,117.50320675284922,0.06050715227712856,14.949517398581326,14.949517398581326
OLS_two_features,B3c42,1642.0,1081.9438634529145,test_b3,individual,provided_labels,34.10816909543761,B3,long_>1000,-560.0561365470855,-0.181168424753253,-34.10816909543761,34.10816909543761
OLS_two_features,B3c43,1046.0,980.811365365724,test_b3,individual,provided_labels,6.232183043429818,B3,long_>1000,-65.18863463427601,-0.027946194845679246,-6.2321830434298295,6.2321830434298295
OLS_two_features,B3c44,940.0,900.3257870841517,test_b3,individual,provided_labels,4.220660948494503,B3,mid_500_1000,-39.67421291584833,-0.018728164237182234,-4.220660948494503,4.220660948494503
OLS_two_features,B3c45,1801.0,1156.9829210016571,test_b3,individual,provided_labels,35.758860577364956,B3,long_>1000,-644.0170789983429,-0.1921867647316407,-35.758860577364956,35.758860577364956
Ridge_existing,B1c0,1190.0,1655.7517790400782,valid,individual,provided_labels,39.138804961351106,B1,long_>1000,465.7517790400782,0.14344826895896273,39.138804961351106,39.138804961351106
Ridge_existing,B1c1,1179.0,1670.9333710654614,valid,individual,provided_labels,41.72462858909766,B1,long_>1000,491.9333710654614,0.15144532752988535,41.72462858909766,41.72462858909766
Ridge_existing,B1c2,1177.0,1487.0084771846127,valid,individual,provided_labels,26.338868070060556,B1,long_>1000,310.00847718461273,0.10153698152519426,26.338868070060553,26.338868070060553
Ridge_existing,B1c14,880.0,864.2044506750381,valid,individual,provided_labels,1.794948786927493,B1,mid_500_1000,-15.79554932496194,-0.00786617354150151,-1.7949487869274932,1.7949487869274932
Ridge_existing,B1c15,719.0,847.0122028573292,valid,individual,provided_labels,17.804200675567337,B1,mid_500_1000,128.01220285732916,0.07116077684915319,17.804200675567337,17.804200675567337
Ridge_existing,B1c18,691.0,683.0538518982287,valid,individual,provided_labels,1.1499490740624188,B1,mid_500_1000,-7.946148101771314,-0.005023102608801757,-1.1499490740624188,1.1499490740624188
Ridge_existing,B1c19,788.0,694.5360180217375,valid,individual,provided_labels,11.86091141856123,B1,mid_500_1000,-93.4639819782625,-0.054831444705364496,-11.86091141856123,11.86091141856123
Ridge_existing,B1c28,860.0,799.1255431328351,valid,individual,provided_labels,7.078425217112197,B1,mid_500_1000,-60.874456867164895,-0.03188343862941091,-7.078425217112198,7.078425217112198
Ridge_existing,B1c29,917.0,794.8454648204811,valid,individual,provided_labels,13.321105254036958,B1,mid_500_1000,-122.15453517951892,-0.062086635063221575,-13.32110525403696,13.32110525403696
Ridge_existing,B1c34,742.0,806.1924308992542,valid,individual,provided_labels,8.651271010681159,B1,mid_500_1000,64.19243089925419,0.03603481109553666,8.651271010681159,8.651271010681159
Ridge_existing,B1c35,703.0,765.041889609105,valid,individual,provided_labels,8.825304354068999,B1,mid_500_1000,62.041889609105056,0.03672989043185155,8.825304354068997,8.825304354068997
Ridge_existing,B2c0,477.0,689.5923144905415,test_b2,individual,provided_labels,44.568619390050635,B2,short_<500,212.59231449054153,0.16007403358955274,44.568619390050635,44.568619390050635
Ridge_existing,B2c1,491.0,473.479400524161,test_b2,individual,provided_labels,3.568350198745212,B2,short_<500,-17.520599475838992,-0.015780403046177467,-3.5683501987452124,3.5683501987452124
Ridge_existing,B2c2,424.0,658.2300572919507,test_b2,individual,provided_labels,55.24293804055442,B2,short_<500,234.23005729195074,0.19101185335892118,55.242938040554414,55.242938040554414
Ridge_existing,B2c3,499.0,690.2256647914729,test_b2,individual,provided_labels,38.32177651131722,B2,short_<500,191.22566479147292,0.14089055808619286,38.32177651131722,38.32177651131722
Ridge_existing,B2c4,444.0,617.3743896349466,test_b2,individual,provided_labels,39.04828595381681,B2,short_<500,173.37438963494662,0.14316563969146073,39.04828595381681,39.04828595381681
Ridge_existing,B2c5,416.0,556.549811291832,test_b2,individual,provided_labels,33.78601232976732,B2,short_<500,140.54981129183204,0.1264107092049587,33.78601232976732,33.78601232976732
Ridge_existing,B2c6,393.0,691.2331222937678,test_b2,individual,provided_labels,75.8862906599918,B2,short_<500,298.2331222937678,0.24523198998192916,75.88629065999181,75.88629065999181
Ridge_existing,B2c7,777.0,942.3917970877492,test_b2,individual,provided_labels,21.285945571138907,B2,mid_500_1000,165.39179708774918,0.08381047840544986,21.285945571138893,21.285945571138893
Ridge_existing,B2c8,904.0,886.3436783372752,test_b2,individual,provided_labels,1.9531329272925717,B2,mid_500_1000,-17.65632166272485,-0.008566278944419657,-1.953132927292572,1.953132927292572
Ridge_existing,B2c9,791.0,990.2048524615008,test_b2,individual,provided_labels,25.183925722060778,B2,mid_500_1000,199.20485246150076,0.09754856674671807,25.18392572206078,25.18392572206078
Ridge_existing,B2c10,492.0,687.7085746119075,test_b2,individual,provided_labels,39.77816557152591,B2,short_<500,195.70857461190747,0.14543933655709676,39.7781655715259,39.7781655715259
Ridge_existing,B2c11,449.0,687.078165489809,test_b2,individual,provided_labels,53.02409030953429,B2,short_<500,238.07816548980895,0.1847598064053449,53.02409030953429,53.02409030953429
Ridge_existing,B2c12,466.0,606.5259327647537,test_b2,individual,provided_labels,30.155779563251876,B2,short_<500,140.52593276475375,0.11446345770609452,30.155779563251876,30.155779563251876
Ridge_existing,B2c13,460.0,651.0368050955192,test_b2,individual,provided_labels,41.52974023815634,B2,short_<500,191.03680509551918,0.15084770957181326,41.52974023815634,41.52974023815634
Ridge_existing,B2c14,426.0,560.4921076382675,test_b2,individual,provided_labels,31.570917285978283,B2,short_<500,134.4921076382675,0.11915990251465701,31.570917285978286,31.570917285978286
Ridge_existing,B2c15,396.0,671.1276763971892,test_b2,individual,provided_labels,69.47668595888618,B2,short_<500,275.12767639718925,0.2291099629768126,69.47668595888618,69.47668595888618
Ridge_existing,B2c16,472.0,687.3259930436099,test_b2,individual,provided_labels,45.61991378042582,B2,short_<500,215.32599304360986,0.16322076957578727,45.61991378042582,45.61991378042582
Ridge_existing,B2c17,471.0,503.01440067528296,test_b2,individual,provided_labels,6.797112669911456,B2,short_<500,32.01440067528296,0.028559511414677708,6.797112669911456,6.797112669911456
Ridge_existing,B2c18,449.0,732.7841774221359,test_b2,individual,provided_labels,63.203602989339856,B2,short_<500,283.78417742213594,0.21272974229232894,63.203602989339856,63.203602989339856
Ridge_existing,B2c19,392.0,592.1962320056895,test_b2,individual,provided_labels,51.07046734839017,B2,short_<500,200.19623200568947,0.1791795727360603,51.07046734839017,51.07046734839017
Ridge_existing,B2c20,489.0,667.3633307650719,test_b2,individual,provided_labels,36.47511876586336,B2,short_<500,178.36333076507185,0.1350534809178168,36.475118765863364,36.475118765863364
Ridge_existing,B2c21,408.0,605.5009654900189,test_b2,individual,provided_labels,48.40709938480855,B2,short_<500,197.50096549001887,0.17145467688572819,48.40709938480855,48.40709938480855
Ridge_existing,B2c24,514.0,733.5691736968862,test_b2,individual,provided_labels,42.71773807332416,B2,mid_500_1000,219.5691736968862,0.15447795397390393,42.71773807332416,42.71773807332416
Ridge_existing,B2c25,493.0,694.0890779647152,test_b2,individual,provided_labels,40.78885962773128,B2,short_<500,201.08907796471522,0.1485682912150652,40.788859627731284,40.788859627731284
Ridge_existing,B2c26,450.0,482.5004920984507,test_b2,individual,provided_labels,7.22233157743349,B2,short_<500,32.50049209845071,0.03028524683821421,7.22233157743349,7.22233157743349
Ridge_existing,B2c27,474.0,682.4707393571551,test_b2,individual,provided_labels,43.98116864075003,B2,short_<500,208.47073935715514,0.15830569424656216,43.98116864075003,43.98116864075003
Ridge_existing,B2c28,437.0,667.487427427513,test_b2,individual,provided_labels,52.743118404465214,B2,short_<500,230.487427427513,0.18396165291596273,52.74311840446522,52.74311840446522
Ridge_existing,B2c29,452.0,700.5622780014046,test_b2,individual,provided_labels,54.99165442508951,B2,short_<500,248.5622780014046,0.1903083140753904,54.991654425089514,54.991654425089514
Ridge_existing,B2c30,412.0,482.5904193272269,test_b2,individual,provided_labels,17.133596924084205,B2,short_<500,70.59041932722693,0.06868147975219009,17.133596924084205,17.133596924084205
Ridge_existing,B2c31,425.0,509.2991811637464,test_b2,individual,provided_labels,19.835101450293266,B2,short_<500,84.29918116374643,0.07858404788052523,19.83510145029328,19.83510145029328
Ridge_existing,B2c32,809.0,901.4226703603804,test_b2,individual,provided_labels,11.424310304126116,B2,mid_500_1000,92.42267036038038,0.046979954564009545,11.424310304126129,11.424310304126129
Ridge_existing,B2c33,1140.0,898.5471473274605,test_b2,individual,provided_labels,21.1800747958368,B2,long_>1000,-241.4528526725395,-0.10336398159214379,-21.1800747958368,21.1800747958368
Ridge_existing,B2c34,1186.0,981.088519440966,test_b2,individual,provided_labels,17.277527871756647,B2,long_>1000,-204.91148055903398,-0.08237649533799596,-17.27752787175666,17.27752787175666
Ridge_existing,B2c41,442.0,471.6526053024556,test_b2,individual,provided_labels,6.708734231324792,B2,short_<500,29.652605302455584,0.028199968376894938,6.708734231324793,6.708734231324793
Ridge_existing,B2c42,474.0,690.9666306903313,test_b2,individual,provided_labels,45.773550778550906,B2,short_<500,216.96663069033127,0.16367873253515403,45.7735507785509,45.7735507785509
Ridge_existing,B2c43,1029.0,966.4132281645442,test_b2,individual,provided_labels,6.082290751744977,B2,long_>1000,-62.58677183545581,-0.027252508866637565,-6.082290751744976,6.082290751744976
Ridge_existing,B2c44,841.0,991.4440009884704,test_b2,individual,provided_labels,17.888704041435258,B2,mid_500_1000,150.4440009884704,0.07147219349629629,17.888704041435243,17.888704041435243
Ridge_existing,B2c45,997.0,922.4729287542898,test_b2,individual,provided_labels,7.475132522137433,B2,mid_500_1000,-74.5270712457102,-0.033741528266616964,-7.475132522137432,7.475132522137432
Ridge_existing,B2c46,503.0,702.6655088236276,test_b2,individual,provided_labels,39.69493217169536,B2,mid_500_1000,199.66550882362765,0.1451806511407393,39.694932171695356,39.694932171695356
Ridge_existing,B3c0,1009.0,926.5224959226208,test_b3,individual,provided_labels,8.174182762872059,B3,long_>1000,-82.4775040773792,-0.03703519780438729,-8.174182762872071,8.174182762872071
Ridge_existing,B3c1,1063.0,931.741525167354,test_b3,individual,provided_labels,12.34792801812286,B3,long_>1000,-131.25847483264602,-0.05723781328769786,-12.347928018122863,12.347928018122863
Ridge_existing,B3c2,1267.0,1133.9071199318057,test_b3,individual,provided_labels,10.50456827688986,B3,long_>1000,-133.0928800681943,-0.04819913259559721,-10.50456827688984,10.50456827688984
Ridge_existing,B3c3,1115.0,855.8938085788053,test_b3,individual,provided_labels,23.23822344584706,B3,long_>1000,-259.1061914211947,-0.11485498262420146,-23.23822344584706,23.23822344584706
Ridge_existing,B3c4,1048.0,906.5343154081232,test_b3,individual,provided_labels,13.498634025942438,B3,long_>1000,-141.46568459187677,-0.06297703438129439,-13.498634025942438,13.498634025942438
Ridge_existing,B3c5,828.0,848.8304652442296,test_b3,individual,provided_labels,2.5157566720084024,B3,mid_500_1000,20.830465244229572,0.010790621584867393,2.5157566720084024,2.5157566720084024
Ridge_existing,B3c6,667.0,649.48762682886,test_b3,individual,provided_labels,2.625543204068963,B3,mid_500_1000,-17.512373171139984,-0.011554952027340198,-2.625543204068963,2.625543204068963
Ridge_existing,B3c7,1836.0,1146.5367774850936,test_b3,individual,provided_labels,37.55246309994044,B3,long_>1000,-689.4632225149064,-0.20448468670230963,-37.55246309994043,37.55246309994043
Ridge_existing,B3c8,828.0,880.4699659498629,test_b3,individual,provided_labels,6.336952409403726,B3,mid_500_1000,52.46996594986285,0.026684209384731032,6.336952409403726,6.336952409403726
Ridge_existing,B3c9,1039.0,839.6372317179763,test_b3,individual,provided_labels,19.18794689913606,B3,long_>1000,-199.3627682820237,-0.0925238594629605,-19.18794689913606,19.18794689913606
Ridge_existing,B3c10,1078.0,1096.8297822542638,test_b3,individual,provided_labels,1.7467330477053635,B3,long_>1000,18.82978225426382,0.007520473502838385,1.7467330477053635,1.7467330477053635
Ridge_existing,B3c11,817.0,808.0012015430408,test_b3,individual,provided_labels,1.1014441195788502,B3,mid_500_1000,-8.998798456959207,-0.004810049937130835,-1.1014441195788502,1.1014441195788502
Ridge_existing,B3c12,932.0,829.5115935369686,test_b3,individual,provided_labels,10.996610135518392,B3,mid_500_1000,-102.48840646303142,-0.05059345210337217,-10.996610135518393,10.996610135518393
Ridge_existing,B3c13,816.0,887.8166075362152,test_b3,individual,provided_labels,8.801054845124412,B3,mid_500_1000,71.8166075362152,0.03663310594300708,8.801054845124412,8.801054845124412
Ridge_existing,B3c14,858.0,851.5814851594619,test_b3,individual,provided_labels,0.7480786527433726,B3,mid_500_1000,-6.418514840538137,-0.0032610772859078207,-0.7480786527433726,0.7480786527433726
Ridge_existing,B3c15,876.0,851.2974326820132,test_b3,individual,provided_labels,2.819927776025889,B3,mid_500_1000,-24.70256731798679,-0.012422782506375775,-2.819927776025889,2.819927776025889
Ridge_existing,B3c16,1638.0,1205.8463707798594,test_b3,individual,provided_labels,26.38300544689503,B3,long_>1000,-432.1536292201406,-0.13302191679488723,-26.38300544689503,26.38300544689503
Ridge_existing,B3c17,1315.0,977.4299139934697,test_b3,individual,provided_labels,25.670728973880635,B3,long_>1000,-337.57008600653035,-0.12884012645826756,-25.67072897388063,25.67072897388063
Ridge_existing,B3c18,1146.0,914.1343895755108,test_b3,individual,provided_labels,20.23260125868143,B3,long_>1000,-231.8656104244892,-0.09817457029942134,-20.23260125868143,20.23260125868143
Ridge_existing,B3c19,1155.0,887.2989591854172,test_b3,individual,provided_labels,23.17757929130587,B3,long_>1000,-267.7010408145828,-0.11451201214266628,-23.17757929130587,23.17757929130587
Ridge_existing,B3c20,813.0,868.7329023792325,test_b3,individual,provided_labels,6.855215544801051,B3,mid_500_1000,55.73290237923254,0.028795724694263183,6.855215544801051,6.855215544801051
Ridge_existing,B3c21,772.0,700.6963616057689,test_b3,individual,provided_labels,9.236222589926314,B3,mid_500_1000,-71.30363839423114,-0.04208743792798916,-9.236222589926314,9.236222589926314
Ridge_existing,B3c22,1002.0,786.0698239161643,test_b3,individual,provided_labels,21.549917772837897,B3,long_>1000,-215.9301760838357,-0.1054065968726589,-21.549917772837894,21.549917772837894
Ridge_existing,B3c24,825.0,872.0385080654872,test_b3,individual,provided_labels,5.70163734127118,B3,mid_500_1000,47.038508065487235,0.024081714675180124,5.701637341271181,5.701637341271181
Ridge_existing,B3c25,989.0,879.7864590932576,test_b3,individual,provided_labels,11.042825167516929,B3,mid_500_1000,-109.21354090674242,-0.050819018187221336,-11.042825167516929,11.042825167516929
Ridge_existing,B3c26,1028.0,932.2552180903384,test_b3,individual,provided_labels,9.313694738293918,B3,long_>1000,-95.74478190966158,-0.04245829175275816,-9.313694738293927,9.313694738293927
Ridge_existing,B3c27,850.0,876.5777031554006,test_b3,individual,provided_labels,3.1267886065177204,B3,mid_500_1000,26.577703155400627,0.01337149392360323,3.126788606517721,3.126788606517721
Ridge_existing,B3c28,541.0,630.7229973574406,test_b3,individual,provided_labels,16.584657552207133,B3,mid_500_1000,89.72299735744059,0.06664140137644228,16.58465755220713,16.58465755220713
Ridge_existing,B3c29,858.0,876.3404212194322,test_b3,individual,provided_labels,2.137578230703052,B3,mid_500_1000,18.340421219432187,0.009185556148157543,2.137578230703052,2.137578230703052
Ridge_existing,B3c30,935.0,880.7113200445193,test_b3,individual,provided_labels,5.806275931067454,B3,mid_500_1000,-54.28867995548069,-0.025978032377292206,-5.806275931067454,5.806275931067454
Ridge_existing,B3c31,731.0,751.4104459488788,test_b3,individual,provided_labels,2.792126668793264,B3,mid_500_1000,20.41044594887876,0.011959851281380019,2.792126668793264,2.792126668793264
Ridge_existing,B3c33,1284.0,960.5689281317829,test_b3,individual,provided_labels,25.18933581528171,B3,long_>1000,-323.43107186821715,-0.1260364894823166,-25.18933581528171,25.18933581528171
Ridge_existing,B3c34,1158.0,919.8269264199608,test_b3,individual,provided_labels,20.567622934372984,B3,long_>1000,-238.17307358003916,-0.10000244071086382,-20.567622934372984,20.567622934372984
Ridge_existing,B3c35,1093.0,900.745716236343,test_b3,individual,provided_labels,17.5895959527591,B3,long_>1000,-192.25428376365699,-0.08401795656652263,-17.589595952759105,17.589595952759105
Ridge_existing,B3c36,923.0,890.9228315788148,test_b3,individual,provided_labels,3.4753161886441175,B3,mid_500_1000,-32.077168421185206,-0.015361612332333784,-3.4753161886441175,3.4753161886441175
Ridge_existing,B3c37,1390.0,1399.1086615459328,test_b3,individual,provided_labels,0.655299391793728,B3,long_>1000,9.108661545932819,0.002836644957676275,0.655299391793728,0.655299391793728
Ridge_existing,B3c38,1935.0,949.3988231519014,test_b3,individual,provided_labels,50.93546133581904,B3,long_>1000,-985.6011768480986,-0.30923228031148936,-50.93546133581905,50.93546133581905
Ridge_existing,B3c39,1156.0,958.7398711829096,test_b3,individual,provided_labels,17.06402498417737,B3,long_>1000,-197.2601288170904,-0.08125704530229114,-17.06402498417737,17.06402498417737
Ridge_existing,B3c40,796.0,956.3338125374316,test_b3,individual,provided_labels,20.14243876098386,B3,mid_500_1000,160.33381253743164,0.07969644340697656,20.142438760983875,20.142438760983875
Ridge_existing,B3c41,786.0,891.5618365608079,test_b3,individual,provided_labels,13.43025910442849,B3,mid_500_1000,105.56183656080793,0.05472892412570517,13.43025910442849,13.43025910442849
Ridge_existing,B3c42,1642.0,1072.9515013771218,test_b3,individual,provided_labels,34.65581599408515,B3,long_>1000,-569.0484986228782,-0.18479306097620096,-34.65581599408515,34.65581599408515
Ridge_existing,B3c43,1046.0,967.83348811134,test_b3,individual,provided_labels,7.472897886105175,B3,long_>1000,-78.16651188866001,-0.03373103942826457,-7.472897886105163,7.472897886105163
Ridge_existing,B3c44,940.0,892.7223022516955,test_b3,individual,provided_labels,5.029542313649414,B3,mid_500_1000,-47.27769774830449,-0.022411469017549958,-5.029542313649414,5.029542313649414
Ridge_existing,B3c45,1801.0,1141.0839652413974,test_b3,individual,provided_labels,36.641645461332736,B3,long_>1000,-659.9160347586026,-0.19819611020733247,-36.641645461332736,36.641645461332736
XGBoost,B1c0,1190.0,1072.7069091796875,valid,individual,provided_labels,9.856562614440918,B1,long_>1000,-117.2930908203125,-0.04506588352117183,-9.856562253807773,9.856562253807773
XGBoost,B1c1,1179.0,1072.7069091796875,valid,individual,provided_labels,9.01552963256836,B1,long_>1000,-106.2930908203125,-0.041032727223730185,-9.015529331663487,9.015529331663487
XGBoost,B1c2,1177.0,1072.7069091796875,valid,individual,provided_labels,8.860925674438477,B1,long_>1000,-104.2930908203125,-0.04029538497207574,-8.860925303340059,8.860925303340059
XGBoost,B1c14,880.0,868.5114135742188,valid,individual,provided_labels,1.3055211305618286,B1,mid_500_1000,-11.48858642578125,-0.005707142032875573,-1.3055211847478694,1.3055211847478694
XGBoost,B1c15,719.0,852.3001098632812,valid,individual,provided_labels,18.539653778076172,B1,mid_500_1000,133.30010986328125,0.0738636540411937,18.539653666659422,18.539653666659422
XGBoost,B1c18,691.0,695.2620849609375,valid,individual,provided_labels,0.6167995929718018,B1,mid_500_1000,4.2620849609375,0.0026704990814307287,0.6167995601935601,0.6167995601935601
XGBoost,B1c19,788.0,695.2620849609375,valid,individual,provided_labels,11.768771171569824,B1,mid_500_1000,-92.7379150390625,-0.05437767103392616,-11.768770944043464,11.768770944043464
XGBoost,B1c28,860.0,856.163818359375,valid,individual,provided_labels,0.446067601442337,B1,mid_500_1000,-3.836181640625,-0.0019415807222595844,-0.44606763263081395,0.44606763263081395
XGBoost,B1c29,917.0,856.163818359375,valid,individual,provided_labels,6.6342620849609375,B1,mid_500_1000,-60.836181640625,-0.02981246514871295,-6.634261901922028,6.634261901922028
XGBoost,B1c34,742.0,856.163818359375,valid,individual,provided_labels,15.38595962524414,B1,mid_500_1000,114.163818359375,0.06215296524228102,15.385959347624663,15.385959347624663
XGBoost,B1c35,703.0,856.163818359375,valid,individual,provided_labels,21.787172317504883,B1,mid_500_1000,153.163818359375,0.08560154550148412,21.787171886113086,21.787171886113086
XGBoost,B2c0,477.0,629.0474243164062,test_b2,individual,provided_labels,31.875770568847656,B2,short_<500,152.04742431640625,0.1201650093980421,31.875770296940512,31.875770296940512
XGBoost,B2c1,491.0,609.0216064453125,test_b2,individual,provided_labels,24.0369873046875,B2,short_<500,118.0216064453125,0.09355120838103842,24.03698705607179,24.03698705607179
XGBoost,B2c2,424.0,629.0474243164062,test_b2,individual,provided_labels,48.3602409362793,B2,short_<500,205.04742431640625,0.1713175318454234,48.36024158405808,48.36024158405808
XGBoost,B2c3,499.0,629.0474243164062,test_b2,individual,provided_labels,26.061609268188477,B2,short_<500,130.04742431640625,0.10058284281476615,26.06160807944013,26.06160807944013
XGBoost,B2c4,444.0,609.0216064453125,test_b2,individual,provided_labels,37.16702651977539,B2,short_<500,165.0216064453125,0.13724973038938704,37.167028478673984,37.167028478673984
XGBoost,B2c5,416.0,609.0216064453125,test_b2,individual,provided_labels,46.39942169189453,B2,short_<500,193.0216064453125,0.16553936987726411,46.399424626277046,46.399424626277046
XGBoost,B2c6,393.0,693.0358276367188,test_b2,individual,provided_labels,76.3449935913086,B2,short_<500,300.03582763671875,0.24636313639038618,76.34499430959765,76.34499430959765
XGBoost,B2c7,777.0,869.775390625,test_b2,individual,provided_labels,11.940204620361328,B2,mid_500_1000,92.775390625,0.04898609679908238,11.940204713642213,11.940204713642213
XGBoost,B2c8,904.0,869.775390625,test_b2,individual,provided_labels,3.7859082221984863,B2,mid_500_1000,-34.224609375,-0.01676131487536665,-3.7859081167035398,3.7859081167035398
XGBoost,B2c9,791.0,869.775390625,test_b2,individual,provided_labels,9.958962440490724,B2,mid_500_1000,78.775390625,0.041230632102320065,9.958962152338811,9.958962152338811
XGBoost,B2c10,492.0,629.0474243164062,test_b2,individual,provided_labels,27.855167388916016,B2,short_<500,137.04742431640625,0.1067182856707957,27.85516754398501,27.85516754398501
XGBoost,B2c11,449.0,629.0474243164062,test_b2,individual,provided_labels,40.099647521972656,B2,short_<500,180.04742431640625,0.14643704743483288,40.09964906824192,40.09964906824192
XGBoost,B2c12,466.0,609.0216064453125,test_b2,individual,provided_labels,30.69133186340332,B2,short_<500,143.0216064453125,0.11624678381400673,30.691331855217275,30.691331855217275
XGBoost,B2c13,460.0,609.0216064453125,test_b2,individual,provided_labels,32.395999908447266,B2,short_<500,149.0216064453125,0.12187486882243276,32.39600140115489,32.39600140115489
XGBoost,B2c14,426.0,609.0216064453125,test_b2,individual,provided_labels,42.96281814575195,B2,short_<500,183.0216064453125,0.15522310140128792,42.96281841439261,42.96281841439261
XGBoost,B2c15,396.0,693.0358276367188,test_b2,individual,provided_labels,75.00904846191406,B2,short_<500,297.03582763671875,0.24306050084030054,75.00904738300979,75.00904738300979
XGBoost,B2c16,472.0,629.0474243164062,test_b2,individual,provided_labels,33.27275848388672,B2,short_<500,157.04742431640625,0.12474138980406829,33.27275938906912,33.27275938906912
XGBoost,B2c17,471.0,629.818359375,test_b2,individual,provided_labels,33.719398498535156,B2,short_<500,158.818359375,0.12619440915740146,33.719396894904456,33.719396894904456
XGBoost,B2c18,449.0,693.0358276367188,test_b2,individual,provided_labels,54.35096740722656,B2,short_<500,244.03582763671875,0.1885093457624897,54.35096383891286,54.35096383891286
XGBoost,B2c19,392.0,609.0216064453125,test_b2,individual,provided_labels,55.36265563964844,B2,short_<500,217.0216064453125,0.1913466334835496,55.36265470543686,55.36265470543686
XGBoost,B2c20,489.0,629.0474243164062,test_b2,individual,provided_labels,28.639554977416992,B2,short_<500,140.04742431640625,0.10937452931453578,28.639555074929703,28.639555074929703
XGBoost,B2c21,408.0,609.0216064453125,test_b2,individual,provided_labels,49.27000045776367,B2,short_<500,201.0216064453125,0.17397253741412688,49.27000157973345,49.27000157973345
XGBoost,B2c24,514.0,693.0358276367188,test_b2,individual,provided_labels,34.831871032714844,B2,mid_500_1000,179.03582763671875,0.12979256777053716,34.83187308107369,34.83187308107369
XGBoost,B2c25,493.0,693.0358276367188,test_b2,individual,provided_labels,40.575218200683594,B2,short_<500,200.03582763671875,0.14790876748858284,40.57521858756973,40.57521858756973
XGBoost,B2c26,450.0,609.0216064453125,test_b2,individual,provided_labels,35.338134765625,B2,short_<500,159.0216064453125,0.13142018672866315,35.338134765625,35.338134765625
XGBoost,B2c27,474.0,629.0474243164062,test_b2,individual,provided_labels,32.710426330566406,B2,short_<500,155.04742431640625,0.12290504676407098,32.71042707097178,32.71042707097178
XGBoost,B2c28,437.0,609.0216064453125,test_b2,individual,provided_labels,39.36421203613281,B2,short_<500,172.0216064453125,0.144151263533585,39.36421200121568,39.36421200121568
XGBoost,B2c29,452.0,693.0358276367188,test_b2,individual,provided_labels,53.32651138305664,B2,short_<500,241.03582763671875,0.18561725195443077,53.32651053909707,53.32651053909707
XGBoost,B2c30,412.0,609.0216064453125,test_b2,individual,provided_labels,47.820777893066406,B2,short_<500,197.0216064453125,0.16973548447087228,47.82077826342537,47.82077826342537
XGBoost,B2c31,425.0,609.0216064453125,test_b2,individual,provided_labels,43.29920196533203,B2,short_<500,184.0216064453125,0.1562437704536953,43.299201516544116,43.299201516544116
XGBoost,B2c32,809.0,869.775390625,test_b2,individual,provided_labels,7.512409210205078,B2,mid_500_1000,60.775390625,0.03145859398772438,7.5124092243510505,7.5124092243510505
XGBoost,B2c33,1140.0,872.5693359375,test_b2,individual,provided_labels,23.458829879760746,B2,long_>1000,-267.4306640625,-0.11610490450910997,-23.45883018092105,23.45883018092105
XGBoost,B2c34,1186.0,872.5693359375,test_b2,individual,provided_labels,26.42754364013672,B2,long_>1000,-313.4306640625,-0.13328474220088116,-26.427543344224283,26.427543344224283
XGBoost,B2c41,442.0,609.0216064453125,test_b2,individual,provided_labels,37.78769302368164,B2,short_<500,167.0216064453125,0.13921043115491497,37.787693765907804,37.787693765907804
XGBoost,B2c42,474.0,629.0474243164062,test_b2,individual,provided_labels,32.710426330566406,B2,short_<500,155.04742431640625,0.12290504676407098,32.71042707097178,32.71042707097178
XGBoost,B2c43,1029.0,869.775390625,test_b2,individual,provided_labels,15.47372341156006,B2,long_>1000,-159.224609375,-0.07300825916243629,-15.473722971331389,15.473722971331389
XGBoost,B2c44,841.0,869.775390625,test_b2,individual,provided_labels,3.4215683937072754,B2,mid_500_1000,28.775390625,0.014611119802084497,3.4215684453032105,3.4215684453032105
XGBoost,B2c45,997.0,869.775390625,test_b2,individual,provided_labels,12.760743141174316,B2,mid_500_1000,-127.224609375,-0.059288042711659036,-12.760743167001003,12.760743167001003
XGBoost,B2c46,503.0,693.0358276367188,test_b2,individual,provided_labels,37.78048324584961,B2,mid_500_1000,190.03582763671875,0.13918770170988548,37.78048263155442,37.78048263155442
XGBoost,B3c0,1009.0,869.775390625,test_b3,individual,provided_labels,13.798276901245115,B3,long_>1000,-139.224609375,-0.06448405063691386,-13.798276449454907,13.798276449454907
XGBoost,B3c1,1063.0,869.775390625,test_b3,individual,provided_labels,18.177291870117188,B3,long_>1000,-193.224609375,-0.08712614892330012,-18.177291568673564,18.177291568673564
XGBoost,B3c2,1267.0,872.5693359375,test_b3,individual,provided_labels,31.13107109069824,B3,long_>1000,-394.4306640625,-0.16197666805607872,-31.13107056531176,31.13107056531176
XGBoost,B3c3,1115.0,872.5693359375,test_b3,individual,provided_labels,21.742660522460938,B3,long_>1000,-242.4306640625,-0.10647492055681687,-21.742660454035875,21.742660454035875
XGBoost,B3c4,1048.0,869.775390625,test_b3,individual,provided_labels,17.00616455078125,B3,long_>1000,-178.224609375,-0.08095416704771118,-17.006165016698475,17.006165016698475
XGBoost,B3c5,828.0,872.5693359375,test_b3,individual,provided_labels,5.38277006149292,B3,mid_500_1000,44.5693359375,0.02276961004248246,5.382770040760869,5.382770040760869
XGBoost,B3c6,667.0,695.2620849609375,test_b3,individual,provided_labels,4.237194061279297,B3,mid_500_1000,28.2620849609375,0.018022712539080173,4.2371941470670915,4.2371941470670915
XGBoost,B3c7,1836.0,1072.7069091796875,test_b3,individual,provided_labels,41.57369613647461,B3,long_>1000,-763.2930908203125,-0.23339159899386466,-41.573697757097634,41.573697757097634
XGBoost,B3c8,828.0,867.6921997070312,test_b3,individual,provided_labels,4.79374361038208,B3,mid_500_1000,39.69219970703125,0.020335356507170083,4.793743925969958,4.793743925969958
XGBoost,B3c9,1039.0,852.3001098632812,test_b3,individual,provided_labels,17.96919059753418,B3,long_>1000,-186.69989013671875,-0.0860230031331011,-17.96919058101239,17.96919058101239
XGBoost,B3c10,1078.0,1072.7069091796875,test_b3,individual,provided_labels,0.4910102486610412,B3,long_>1000,-5.2930908203125,-0.0021376829793609262,-0.4910102801774119,0.4910102801774119
XGBoost,B3c11,817.0,856.163818359375,test_b3,individual,provided_labels,4.793612957000732,B3,mid_500_1000,39.163818359375,0.020334813988892655,4.793613018283354,4.793613018283354
XGBoost,B3c12,932.0,852.3001098632812,test_b3,individual,provided_labels,8.551490783691406,B3,mid_500_1000,-79.69989013671875,-0.038823367929905025,-8.551490358017034,8.551490358017034
XGBoost,B3c13,816.0,867.6921997070312,test_b3,individual,provided_labels,6.3348283767700195,B3,mid_500_1000,51.69219970703125,0.026675534538189015,6.334828395469516,6.334828395469516
XGBoost,B3c14,858.0,852.3001098632812,test_b3,individual,provided_labels,0.6643228530883789,B3,mid_500_1000,-5.69989013671875,-0.0028947434246290927,-0.6643228597574301,0.6643228597574301
XGBoost,B3c15,876.0,852.3001098632812,test_b3,individual,provided_labels,2.705466985702514,B3,mid_500_1000,-23.69989013671875,-0.011911561744004387,-2.7054669105843323,2.7054669105843323
XGBoost,B3c16,1638.0,867.175537109375,test_b3,individual,provided_labels,47.05887985229492,B3,long_>1000,-770.824462890625,-0.2762068794388755,-47.05888051835318,47.05888051835318
XGBoost,B3c17,1315.0,872.5693359375,test_b3,individual,provided_labels,33.64491653442383,B3,long_>1000,-442.4306640625,-0.17812580599841407,-33.64491741920152,33.64491741920152
XGBoost,B3c18,1146.0,872.5693359375,test_b3,individual,provided_labels,23.859569549560547,B3,long_>1000,-273.4306640625,-0.11838467080400855,-23.859569289921467,23.859569289921467
XGBoost,B3c19,1155.0,869.775390625,test_b3,individual,provided_labels,24.69477272033691,B3,long_>1000,-285.224609375,-0.12317486862816648,-24.694771374458874,24.694771374458874
XGBoost,B3c20,813.0,867.6921997070312,test_b3,individual,provided_labels,6.727208137512207,B3,mid_500_1000,54.69219970703125,0.02827514769798208,6.727207836043204,6.727207836043204
XGBoost,B3c21,772.0,695.2620849609375,test_b3,individual,provided_labels,9.940144538879396,B3,mid_500_1000,-76.7379150390625,-0.045468753880106995,-9.940144435111723,9.940144435111723
XGBoost,B3c22,1002.0,871.3013305664062,test_b3,individual,provided_labels,13.043779373168944,B3,long_>1000,-130.69866943359375,-0.060699344284473426,-13.043779384590195,13.043779384590195
XGBoost,B3c24,825.0,872.5693359375,test_b3,individual,provided_labels,5.765980243682861,B3,mid_500_1000,47.5693359375,0.02434599827743752,5.765980113636363,5.765980113636363
XGBoost,B3c25,989.0,869.775390625,test_b3,individual,provided_labels,12.05506706237793,B3,mid_500_1000,-119.224609375,-0.05578917599718275,-12.055066670879677,12.055066670879677
XGBoost,B3c26,1028.0,869.775390625,test_b3,individual,provided_labels,15.391498565673828,B3,long_>1000,-158.224609375,-0.07258599905926026,-15.39149896643969,15.39149896643969
XGBoost,B3c27,850.0,869.775390625,test_b3,individual,provided_labels,2.326516628265381,B3,mid_500_1000,19.775390625,0.009988189885703897,2.326516544117647,2.326516544117647
XGBoost,B3c28,541.0,629.818359375,test_b3,individual,provided_labels,16.417442321777344,B3,mid_500_1000,88.818359375,0.0660180511797282,16.41744165896488,16.41744165896488
XGBoost,B3c29,858.0,867.6921997070312,test_b3,individual,provided_labels,1.129626989364624,B3,mid_500_1000,9.69219970703125,0.004878405443344743,1.1296270054814976,1.1296270054814976
XGBoost,B3c30,935.0,869.775390625,test_b3,individual,provided_labels,6.975894451141357,B3,mid_500_1000,-65.224609375,-0.031404495272521094,-6.975894050802139,6.975894050802139
XGBoost,B3c31,731.0,858.9140625,test_b3,individual,provided_labels,17.498502731323242,B3,mid_500_1000,127.9140625,0.07003233629237272,17.498503761969904,17.498503761969904
XGBoost,B3c33,1284.0,872.5693359375,test_b3,individual,provided_labels,32.04288864135742,B3,long_>1000,-411.4306640625,-0.16776507690547185,-32.04288660922897,32.04288660922897
XGBoost,B3c34,1158.0,872.5693359375,test_b3,individual,provided_labels,24.648588180541992,B3,long_>1000,-285.4306640625,-0.12290861256405475,-24.64858929727979,24.64858929727979
XGBoost,B3c35,1093.0,872.5693359375,test_b3,individual,provided_labels,20.167490005493164,B3,long_>1000,-220.4306640625,-0.09782021512234018,-20.16748985018298,20.16748985018298
XGBoost,B3c36,923.0,872.5693359375,test_b3,individual,provided_labels,5.4637770652771,B3,mid_500_1000,-50.4306640625,-0.02440175419854941,-5.463777254875406,5.463777254875406
XGBoost,B3c37,1390.0,867.175537109375,test_b3,individual,provided_labels,37.6132698059082,B3,long_>1000,-522.824462890625,-0.2049077822685709,-37.61327071155576,37.61327071155576
XGBoost,B3c38,1935.0,872.5693359375,test_b3,individual,provided_labels,54.905975341796875,B3,long_>1000,-1062.4306640625,-0.3458810225275676,-54.90597747093023,54.90597747093023
XGBoost,B3c39,1156.0,872.5693359375,test_b3,individual,provided_labels,24.51822280883789,B3,long_>1000,-283.4306640625,-0.12215788725714763,-24.51822353481834,24.51822353481834
XGBoost,B3c40,796.0,869.775390625,test_b3,individual,provided_labels,9.268264770507812,B3,mid_500_1000,73.775390625,0.03849404786232762,9.268265153894472,9.268265153894472
XGBoost,B3c41,786.0,872.5693359375,test_b3,individual,provided_labels,11.013910293579102,B3,mid_500_1000,86.5693359375,0.04537740078795474,11.01391042461832,11.01391042461832
XGBoost,B3c42,1642.0,1072.7069091796875,test_b3,individual,provided_labels,34.670711517333984,B3,long_>1000,-569.2930908203125,-0.18489207491206303,-34.67071198662074,34.67071198662074
XGBoost,B3c43,1046.0,869.775390625,test_b3,individual,provided_labels,16.847476959228516,B3,long_>1000,-176.224609375,-0.08012456893125877,-16.847476995697896,16.847476995697896
XGBoost,B3c44,940.0,869.775390625,test_b3,individual,provided_labels,7.470703125,B3,mid_500_1000,-70.224609375,-0.033720737999702,-7.470703125,7.470703125
XGBoost,B3c45,1801.0,1008.8921508789062,test_b3,individual,provided_labels,43.98155975341797,B3,long_>1000,-792.1078491210938,-0.25166896955740203,-43.98155741927228,43.98155741927228
Voting_equal,B1c3,1226.0,1162.6250172492812,train_oof,ensembles/,,,B1,long_>1000,-63.3749827507188,-0.023050806356091958,-5.169248185213605,5.169248185213605
Voting_equal,B1c4,1227.0,1263.808414636488,train_oof,ensembles/,,,B1,long_>1000,36.808414636487896,0.012836679912001594,2.999870793519796,2.999870793519796
Voting_equal,B1c5,1074.0,1006.3367044435444,train_oof,ensembles/,,,B1,long_>1000,-67.66329555645564,-0.02826096822196601,-6.300120629092703,6.300120629092703
Voting_equal,B1c6,636.0,791.9814799908909,train_oof,ensembles/,,,B1,mid_500_1000,155.98147999089088,0.09525791034536985,24.525389935674667,24.525389935674667
Voting_equal,B1c7,870.0,816.5029858727477,train_oof,ensembles/,,,B1,mid_500_1000,-53.49701412725233,-0.027561475369952432,-6.149082083592222,6.149082083592222
Voting_equal,B1c8,879.0,943.5011401453328,train_oof,ensembles/,,,B1,mid_500_1000,64.50114014533278,0.03075355423748817,7.33801366841101,7.33801366841101
Voting_equal,B1c9,1054.0,965.0129278794972,train_oof,ensembles/,,,B1,long_>1000,-88.98707212050283,-0.03830747943001962,-8.442796216366492,8.442796216366492
Voting_equal,B1c10,906.0,937.6751549845234,train_oof,ensembles/,,,B1,mid_500_1000,31.675154984523374,0.014924211243577934,3.496153971801697,3.496153971801697
Voting_equal,B1c11,788.0,990.5240490885416,train_oof,ensembles/,,,B1,mid_500_1000,202.52404908854157,0.09933880681676922,25.701021457936747,25.701021457936747
Voting_equal,B1c12,902.0,912.5973034975574,train_oof,ensembles/,,,B1,mid_500_1000,10.597303497557391,0.005072643662329779,1.174867350061795,1.174867350061795
Voting_equal,B1c13,897.0,889.3495747574606,train_oof,ensembles/,,,B1,mid_500_1000,-7.650425242539427,-0.0037199413013236223,-0.8528902165595794,0.8528902165595794
Voting_equal,B1c16,862.0,890.7363383927872,train_oof,ensembles/,,,B1,mid_500_1000,28.73633839278716,0.014241904287730284,3.3336819481191604,3.3336819481191604
Voting_equal,B1c17,857.0,838.1045125077791,train_oof,ensembles/,,,B1,mid_500_1000,-18.895487492220923,-0.009682642940582718,-2.2048410142614845,2.2048410142614845
Voting_equal,B1c20,534.0,597.1368889845843,train_oof,ensembles/,,,B1,mid_500_1000,63.13688898458429,0.04853264414415877,11.823387450296684,11.823387450296684
Voting_equal,B1c21,559.0,594.9936248127979,train_oof,ensembles/,,,B1,mid_500_1000,35.99362481279786,0.02710050452539363,6.438931093523768,6.438931093523768
Voting_equal,B1c22,891.0,872.6208499679682,train_oof,ensembles/,,,B1,mid_500_1000,-18.379150032031816,-0.009052118446058074,-2.0627553346837058,2.0627553346837058
Voting_equal,B1c23,1014.0,900.0579527347078,train_oof,ensembles/,,,B1,long_>1000,-113.94204726529222,-0.05176748139954367,-11.236888290462744,11.236888290462744
Voting_equal,B1c24,1017.0,886.8916772239301,train_oof,ensembles/,,,B1,long_>1000,-130.10832277606994,-0.05945037351572294,-12.793345405709927,12.793345405709927
Voting_equal,B1c25,854.0,940.2158714336168,train_oof,ensembles/,,,B1,mid_500_1000,86.21587143361683,0.0417697073883524,10.095535296676443,10.095535296676443
Voting_equal,B1c26,870.0,806.5870576695567,train_oof,ensembles/,,,B1,mid_500_1000,-63.41294233044334,-0.032868003491265195,-7.288843946027971,7.288843946027971
Voting_equal,B1c27,842.0,820.8365291757631,train_oof,ensembles/,,,B1,mid_500_1000,-21.163470824236924,-0.011055416165564685,-2.51347634492125,2.51347634492125
Voting_equal,B1c30,709.0,773.6019931905158,train_oof,ensembles/,,,B1,mid_500_1000,64.60199319051583,0.03787134485584881,9.111705668620003,9.111705668620003
Voting_equal,B1c31,876.0,787.264819068965,train_oof,ensembles/,,,B1,mid_500_1000,-88.73518093103496,-0.046383261846091026,-10.129586864273397,10.129586864273397
Voting_equal,B1c32,731.0,678.6225156577019,train_oof,ensembles/,,,B1,mid_500_1000,-52.37748434229809,-0.03228911218268731,-7.1651825365660855,7.1651825365660855
Voting_equal,B1c33,757.0,688.8420785300774,train_oof,ensembles/,,,B1,mid_500_1000,-68.1579214699226,-0.04097621098006727,-9.003688437242088,9.003688437242088
Voting_equal,B1c36,704.0,720.622675459602,train_oof,ensembles/,,,B1,mid_500_1000,16.622675459601965,0.010135264578436809,2.3611754914207337,2.3611754914207337
Voting_equal,B1c37,648.0,721.8367532622888,train_oof,ensembles/,,,B1,mid_500_1000,73.83675326228877,0.04686398508736533,11.394560688624809,11.394560688624809
Voting_equal,B1c38,617.0,615.7845689270004,train_oof,ensembles/,,,B1,mid_500_1000,-1.2154310729996496,-0.0008563624050387472,-0.19699044943268226,0.19699044943268226
Voting_equal,B1c39,625.0,636.0130187517906,train_oof,ensembles/,,,B1,mid_500_1000,11.013018751790582,0.007585988106535242,1.7620830002864931,1.7620830002864931
Voting_equal,B1c40,966.0,970.001046498739,train_oof,ensembles/,,,B1,mid_500_1000,4.001046498739015,0.0017950763954757347,0.41418700815103676,0.41418700815103676
Voting_equal,B1c41,1051.0,972.8363238012664,train_oof,ensembles/,,,B1,long_>1000,-78.16367619873358,-0.0335629380922428,-7.437076707776744,7.437076707776744
Voting_equal,B1c42,702.0,725.9587510926849,train_oof,ensembles/,,,B1,mid_500_1000,23.958751092684906,0.014574832700091933,3.412927506080471,3.412927506080471
Voting_equal,B1c43,651.0,724.2134729321341,train_oof,ensembles/,,,B1,mid_500_1000,73.2134729321341,0.04628561140141432,11.246309206164993,11.246309206164993
Voting_equal,B1c44,616.0,617.3658812191696,train_oof,ensembles/,,,B1,mid_500_1000,1.365881219169637,0.000961912321326639,0.2217339641509151,0.2217339641509151
Voting_equal,B1c45,599.0,618.5312209259096,train_oof,ensembles/,,,B1,mid_500_1000,19.531220925909565,0.01393480353804852,3.260637884125136,3.260637884125136
Stacking_Ridge,B1c3,1226.0,1209.6301797506237,train_oof,ensembles/,,,B1,long_>1000,-16.36982024937629,-0.005837856430312893,-1.3352218800470057,1.3352218800470057
Stacking_Ridge,B1c4,1227.0,1307.9760591293768,train_oof,ensembles/,,,B1,long_>1000,80.97605912937684,0.027755232115098446,6.599515821465105,6.599515821465105
Stacking_Ridge,B1c5,1074.0,1006.55808242744,train_oof,ensembles/,,,B1,long_>1000,-67.44191757255999,-0.028165440887069546,-6.279508153869645,6.279508153869645
Stacking_Ridge,B1c6,636.0,781.9731609159682,train_oof,ensembles/,,,B1,mid_500_1000,145.97316091596815,0.08973473170027894,22.95175486100128,22.95175486100128
Stacking_Ridge,B1c7,870.0,805.3802849246574,train_oof,ensembles/,,,B1,mid_500_1000,-64.61971507534258,-0.03351825840410677,-7.427553456935929,7.427553456935929
Stacking_Ridge,B1c8,879.0,953.6731887107622,train_oof,ensembles/,,,B1,mid_500_1000,74.67318871076225,0.03541069810418335,8.495243311804579,8.495243311804579
Stacking_Ridge,B1c9,1054.0,976.646674203236,train_oof,ensembles/,,,B1,long_>1000,-77.35332579676401,-0.03310313538414477,-7.339025217909299,7.339025217909299
Stacking_Ridge,B1c10,906.0,936.2327999445675,train_oof,ensembles/,,,B1,mid_500_1000,30.232799944567546,0.01425565443762137,3.3369536362657337,3.3369536362657337
Stacking_Ridge,B1c11,788.0,989.8985499421324,train_oof,ensembles/,,,B1,mid_500_1000,201.89854994213238,0.0990644705848088,25.621643393671622,25.621643393671622
Stacking_Ridge,B1c12,902.0,901.6004044359815,train_oof,ensembles/,,,B1,mid_500_1000,-0.39959556401845475,-0.0001924396899212525,-0.04430106031246727,0.04430106031246727
Stacking_Ridge,B1c13,897.0,882.8488869770943,train_oof,ensembles/,,,B1,mid_500_1000,-14.151113022905747,-0.006906069215389209,-1.5776045733451223,1.5776045733451223
Stacking_Ridge,B1c16,862.0,885.4288458558174,train_oof,ensembles/,,,B1,mid_500_1000,23.42884585581737,0.011646400668286302,2.7179635563593236,2.7179635563593236
Stacking_Ridge,B1c17,857.0,831.92437948603,train_oof,ensembles/,,,B1,mid_500_1000,-25.075620513969966,-0.012896970469628309,-2.9259767227502875,2.9259767227502875
Stacking_Ridge,B1c20,534.0,561.91377078455,train_oof,ensembles/,,,B1,mid_500_1000,27.913770784550024,0.022128418423627887,5.227297899728469,5.227297899728469
Stacking_Ridge,B1c21,559.0,560.1226027408065,train_oof,ensembles/,,,B1,mid_500_1000,1.122602740806542,0.0008712903090931035,0.20082338833748514,0.20082338833748514
Stacking_Ridge,B1c22,891.0,883.6512106395909,train_oof,ensembles/,,,B1,mid_500_1000,-7.348789360409114,-0.003596827242955332,-0.8247799506632002,0.8247799506632002
Stacking_Ridge,B1c23,1014.0,914.8140816826644,train_oof,ensembles/,,,B1,long_>1000,-99.18591831733556,-0.044705113940166095,-9.781648749244138,9.781648749244138
Stacking_Ridge,B1c24,1017.0,884.0500830202014,train_oof,ensembles/,,,B1,long_>1000,-132.94991697979856,-0.06084408365267084,-13.072754865270262,13.072754865270262
Stacking_Ridge,B1c25,854.0,938.9543958687036,train_oof,ensembles/,,,B1,mid_500_1000,84.95439586870361,0.041186628815086224,9.947821530293163,9.947821530293163
Stacking_Ridge,B1c26,870.0,806.4083657486058,train_oof,ensembles/,,,B1,mid_500_1000,-63.591634251394225,-0.03296422808610341,-7.309383247286693,7.309383247286693
Stacking_Ridge,B1c27,842.0,818.285778168467,train_oof,ensembles/,,,B1,mid_500_1000,-23.714221831532996,-0.01240708830916978,-2.8164158944813535,2.8164158944813535
Stacking_Ridge,B1c30,709.0,765.076522806162,train_oof,ensembles/,,,B1,mid_500_1000,56.07652280616196,0.03305864019329582,7.909241580558809,7.909241580558809
Stacking_Ridge,B1c31,876.0,778.5478408938942,train_oof,ensembles/,,,B1,mid_500_1000,-97.4521591061058,-0.05121880153388167,-11.12467569704404,11.12467569704404
Stacking_Ridge,B1c32,731.0,646.3030256050703,train_oof,ensembles/,,,B1,mid_500_1000,-84.69697439492973,-0.05348118792283932,-11.586453405599142,11.586453405599142
Stacking_Ridge,B1c33,757.0,657.2723487329052,train_oof,ensembles/,,,B1,mid_500_1000,-99.72765126709476,-0.06135051748490607,-13.17406225456998,13.17406225456998
Stacking_Ridge,B1c36,704.0,702.1498282192658,train_oof,ensembles/,,,B1,mid_500_1000,-1.850171780734172,-0.0011428652089839654,-0.2628084915815585,0.2628084915815585
Stacking_Ridge,B1c37,648.0,703.1943928325012,train_oof,ensembles/,,,B1,mid_500_1000,55.194392832501194,0.03550039320932487,8.51765321489216,8.51765321489216
Stacking_Ridge,B1c38,617.0,598.4060333251138,train_oof,ensembles/,,,B1,mid_500_1000,-18.593966674886246,-0.0132892004559221,-3.0136088614078194,3.0136088614078194
Stacking_Ridge,B1c39,625.0,622.2621511512624,train_oof,ensembles/,,,B1,mid_500_1000,-2.737848848737599,-0.0019066313460205644,-0.43805581579801584,0.43805581579801584
Stacking_Ridge,B1c40,966.0,971.1603844459725,train_oof,ensembles/,,,B1,mid_500_1000,5.160384445972454,0.002313831945614647,0.5342012884029456,0.5342012884029456
Stacking_Ridge,B1c41,1051.0,973.6013042912095,train_oof,ensembles/,,,B1,long_>1000,-77.39869570879046,-0.033221569000465696,-7.364290742986722,7.364290742986722
Stacking_Ridge,B1c42,702.0,710.7510208072065,train_oof,ensembles/,,,B1,mid_500_1000,8.751020807206487,0.005380379983105023,1.2465841605707246,1.2465841605707246
Stacking_Ridge,B1c43,651.0,709.5178854810712,train_oof,ensembles/,,,B1,mid_500_1000,58.517885481071175,0.037382359030561516,8.988922500932592,8.988922500932592
Stacking_Ridge,B1c44,616.0,584.5390873509161,train_oof,ensembles/,,,B1,mid_500_1000,-31.460912649083866,-0.022767155001484355,-5.107291014461667,5.107291014461667
Stacking_Ridge,B1c45,599.0,585.7423887382408,train_oof,ensembles/,,,B1,mid_500_1000,-13.257611261759166,-0.009720168398942842,-2.2132906947845017,2.2132906947845017
Voting_equal,B1c0,1190.0,1493.7922508049496,valid,ensembles/,provided_labels,25.528760571844504,B1,long_>1000,303.7922508049496,0.09874324077044035,25.528760571844504,25.528760571844504
Voting_equal,B1c1,1179.0,1498.501044228852,valid,ensembles/,provided_labels,27.099325210250377,B1,long_>1000,319.5010442288519,0.10414324482432566,27.099325210250377,27.099325210250377
Voting_equal,B1c2,1177.0,1338.5604287531903,valid,ensembles/,provided_labels,13.726459537229424,B1,long_>1000,161.5604287531903,0.05586151916563221,13.726459537229424,13.726459537229424
Voting_equal,B1c14,880.0,883.4752098625822,valid,ensembles/,provided_labels,0.3949102116570718,B1,mid_500_1000,3.4752098625822327,0.0017116956474147918,0.3949102116570719,0.3949102116570719
Voting_equal,B1c15,719.0,866.648011098143,valid,ensembles/,provided_labels,20.535189304331432,B1,mid_500_1000,147.648011098143,0.08111385429404012,20.535189304331432,20.535189304331432
Voting_equal,B1c18,691.0,694.2415922850124,valid,ensembles/,provided_labels,0.469116104922202,B1,mid_500_1000,3.241592285012416,0.002032581492698869,0.46911610492220207,0.46911610492220207
Voting_equal,B1c19,788.0,693.3836353426232,valid,ensembles/,provided_labels,12.007152875301628,B1,mid_500_1000,-94.61636465737683,-0.055552629901314744,-12.007152875301628,12.007152875301628
Voting_equal,B1c28,860.0,819.1672243277184,valid,ensembles/,provided_labels,4.7479971711955375,B1,mid_500_1000,-40.83277567228163,-0.02112588380611481,-4.747997171195538,4.747997171195538
Voting_equal,B1c29,917.0,816.5944055927517,valid,ensembles/,provided_labels,10.949355987704282,B1,mid_500_1000,-100.40559440724826,-0.05036293538125481,-10.949355987704282,10.949355987704282
Voting_equal,B1c34,742.0,822.2211856672884,valid,ensembles/,provided_labels,10.811480548152076,B1,mid_500_1000,80.22118566728841,0.044584757508118154,10.811480548152076,10.811480548152076
Voting_equal,B1c35,703.0,795.231213847834,valid,ensembles/,provided_labels,13.119660575794317,B1,mid_500_1000,92.23121384783406,0.0535380933209226,13.119660575794319,13.119660575794319
Voting_equal,B2c0,477.0,650.1517477172279,test_b2,ensembles/,provided_labels,36.30015675413582,B2,short_<500,173.15174771722786,0.13449635530215012,36.30015675413582,36.30015675413582
Voting_equal,B2c1,491.0,546.4329406109861,test_b2,ensembles/,provided_labels,11.289804605088811,B2,short_<500,55.432940610986066,0.046455379909166414,11.289804605088811,11.289804605088811
Voting_equal,B2c2,424.0,635.9309466893142,test_b2,ensembles/,provided_labels,49.98371384181938,B2,short_<500,211.93094668931417,0.17604410323814962,49.98371384181937,49.98371384181937
Voting_equal,B2c3,499.0,651.6297579253593,test_b2,ensembles/,provided_labels,30.58712583674535,B2,short_<500,152.62975792535929,0.11590036335820013,30.587125836745347,30.587125836745347
Voting_equal,B2c4,444.0,586.4469917592827,test_b2,ensembles/,provided_labels,32.08265580164025,B2,short_<500,142.4469917592827,0.12084579275323462,32.08265580164025,32.08265580164025
Voting_equal,B2c5,416.0,549.5971512585602,test_b2,ensembles/,provided_labels,32.11469982176928,B2,short_<500,133.5971512585602,0.12095114234051896,32.11469982176928,32.11469982176928
Voting_equal,B2c6,393.0,678.1327370473412,test_b2,ensembles/,provided_labels,72.5528592995779,B2,short_<500,285.13273704734115,0.2369221601951107,72.5528592995779,72.5528592995779
Voting_equal,B2c7,777.0,950.3367063185088,test_b2,ensembles/,provided_labels,22.3084564116485,B2,mid_500_1000,173.33670631850885,0.0874564852125062,22.3084564116485,22.3084564116485
Voting_equal,B2c8,904.0,903.0111139589328,test_b2,ensembles/,provided_labels,0.1093900487906057,B2,mid_500_1000,-0.9888860410671896,-0.0004753349776563871,-0.10939004879061831,0.10939004879061831
Voting_equal,B2c9,791.0,993.3640749043544,test_b2,ensembles/,provided_labels,25.58332173253531,B2,mid_500_1000,202.36407490435442,0.09893196614892236,25.583321732535325,25.583321732535325
Voting_equal,B2c10,492.0,644.4695067387128,test_b2,ensembles/,provided_labels,30.98973714201479,B2,short_<500,152.46950673871277,0.1172372706390408,30.98973714201479,30.98973714201479
Voting_equal,B2c11,449.0,649.0505600007722,test_b2,ensembles/,provided_labels,44.55469042333456,B2,short_<500,200.05056000077218,0.16003218796048885,44.554690423334556,44.554690423334556
Voting_equal,B2c12,466.0,575.3348255871083,test_b2,ensembles/,provided_labels,23.462408924272168,B2,short_<500,109.3348255871083,0.09153474640650314,23.462408924272168,23.462408924272168
Voting_equal,B2c13,460.0,611.4610753750266,test_b2,ensembles/,provided_labels,32.926320733701424,B2,short_<500,151.46107537502655,0.12361098408502418,32.926320733701424,32.926320733701424
Voting_equal,B2c14,426.0,554.4616080862621,test_b2,ensembles/,provided_labels,30.15530706250285,B2,short_<500,128.46160808626212,0.11446188109657963,30.155307062502843,30.155307062502843
Voting_equal,B2c15,396.0,669.4441293703652,test_b2,ensembles/,provided_labels,69.0515478207993,B2,short_<500,273.4441293703652,0.22801915148128943,69.05154782079929,69.05154782079929
Voting_equal,B2c16,472.0,650.4705220034776,test_b2,ensembles/,provided_labels,37.81155127192323,B2,short_<500,178.47052200347764,0.13928562136988767,37.81155127192323,37.81155127192323
Voting_equal,B2c17,471.0,590.0642158037477,test_b2,ensembles/,provided_labels,25.279026709925212,B2,short_<500,119.06421580374774,0.09787837070244801,25.27902670992521,25.27902670992521
Voting_equal,B2c18,449.0,719.2252812670831,test_b2,ensembles/,provided_labels,60.18380429110982,B2,short_<500,270.2252812670831,0.2046186037421755,60.18380429110982,60.18380429110982
Voting_equal,B2c19,392.0,585.2512923833477,test_b2,ensembles/,provided_labels,49.29879907738462,B2,short_<500,193.25129238334773,0.174056314381672,49.29879907738462,49.29879907738462
Voting_equal,B2c20,489.0,636.3745384733892,test_b2,ensembles/,provided_labels,30.137942428095947,B2,short_<500,147.37453847338918,0.11440393595256128,30.137942428095947,30.137942428095947
Voting_equal,B2c21,408.0,594.0235748685099,test_b2,ensembles/,provided_labels,45.594013448164176,B2,short_<500,186.02357486850985,0.16314351797235332,45.59401344816418,45.59401344816418
Voting_equal,B2c24,514.0,708.9000957447706,test_b2,ensembles/,provided_labels,37.91830656513047,B2,mid_500_1000,194.90009574477062,0.13962191601301574,37.91830656513047,37.91830656513047
Voting_equal,B2c25,493.0,679.7281685676516,test_b2,ensembles/,provided_labels,37.87589626118693,B2,short_<500,186.72816856765155,0.13948834858531098,37.87589626118693,37.87589626118693
Voting_equal,B2c26,450.0,540.2528680778561,test_b2,ensembles/,provided_labels,20.05619290619024,B2,short_<500,90.25286807785608,0.07938456735528049,20.056192906190237,20.056192906190237
Voting_equal,B2c27,474.0,647.6286524664696,test_b2,ensembles/,provided_labels,36.630517397989365,B2,short_<500,173.6286524664696,0.13554771294216583,36.630517397989365,36.630517397989365
Voting_equal,B2c28,437.0,627.3138243902739,test_b2,ensembles/,provided_labels,43.55007423118396,B2,short_<500,190.3138243902739,0.15700342141061774,43.55007423118396,43.55007423118396
Voting_equal,B2c29,452.0,678.1107035927067,test_b2,ensembles/,provided_labels,50.02449194528909,B2,short_<500,226.11070359270673,0.17616216471171484,50.0244919452891,50.0244919452891
Voting_equal,B2c30,412.0,536.0169877929787,test_b2,ensembles/,provided_labels,30.101210629363777,B2,short_<500,124.01698779297874,0.11428133781605274,30.101210629363774,30.101210629363774
Voting_equal,B2c31,425.0,565.2295804336126,test_b2,ensembles/,provided_labels,32.99519539614413,B2,short_<500,140.22958043361257,0.12383595186458561,32.99519539614413,32.99519539614413
Voting_equal,B2c32,809.0,914.2601990138664,test_b2,ensembles/,provided_labels,13.011149445471734,B2,mid_500_1000,105.26019901386644,0.05312129218942799,13.011149445471748,13.011149445471748
Voting_equal,B2c33,1140.0,936.6434760649098,test_b2,ensembles/,provided_labels,17.838291573253525,B2,long_>1000,-203.3565239350902,-0.08533053882905096,-17.838291573253525,17.838291573253525
Voting_equal,B2c34,1186.0,1018.1604525863944,test_b2,ensembles/,provided_labels,14.151732496931324,B2,long_>1000,-167.8395474136056,-0.06626846487638262,-14.151732496931334,14.151732496931334
Voting_equal,B2c41,442.0,530.8776081925821,test_b2,ensembles/,provided_labels,20.108056152167897,B2,short_<500,88.8776081925821,0.0795721383362248,20.108056152167897,20.108056152167897
Voting_equal,B2c42,474.0,649.952875359083,test_b2,ensembles/,provided_labels,37.12085978039726,B2,short_<500,175.952875359083,0.1371035277173342,37.12085978039726,37.12085978039726
Voting_equal,B2c43,1029.0,967.747823471992,test_b2,ensembles/,provided_labels,5.952592471137795,B2,long_>1000,-61.25217652800802,-0.026653171526972722,-5.952592471137806,5.952592471137806
Voting_equal,B2c44,841.0,998.8235744551348,test_b2,ensembles/,provided_labels,18.766180077899513,B2,mid_500_1000,157.8235744551348,0.07469278831687572,18.766180077899502,18.766180077899502
Voting_equal,B2c45,997.0,930.8812302602832,test_b2,ensembles/,provided_labels,6.63177229084422,B2,mid_500_1000,-66.11876973971675,-0.029800884777155257,-6.631772290844208,6.631772290844208
Voting_equal,B2c46,503.0,678.9012472959034,test_b2,ensembles/,provided_labels,34.97042689779392,B2,mid_500_1000,175.90124729590343,0.13023862151687365,34.97042689779393,34.97042689779393
Voting_equal,B3c0,1009.0,948.1709521168146,test_b3,ensembles/,provided_labels,6.0286469656278845,B3,long_>1000,-60.82904788318535,-0.02700451996670862,-6.0286469656278845,6.0286469656278845
Voting_equal,B3c1,1063.0,959.4752079000856,test_b3,ensembles/,provided_labels,9.738926820311796,B3,long_>1000,-103.52479209991441,-0.04449950714153321,-9.738926820311798,9.738926820311798
Voting_equal,B3c2,1267.0,1168.0835252693385,test_b3,ensembles/,provided_labels,7.807140862719933,B3,long_>1000,-98.91647473066155,-0.0353027162281109,-7.807140862719932,7.807140862719932
Voting_equal,B3c3,1115.0,896.816660873605,test_b3,ensembles/,provided_labels,19.56801247770359,B3,long_>1000,-218.18333912639503,-0.09457119948966014,-19.56801247770359,19.56801247770359
Voting_equal,B3c4,1048.0,926.2932638250252,test_b3,ensembles/,provided_labels,11.613238184635014,B3,long_>1000,-121.70673617497482,-0.05361277685419237,-11.613238184635003,11.613238184635003
Voting_equal,B3c5,828.0,893.9947773601676,test_b3,ensembles/,provided_labels,7.97038373915068,B3,mid_500_1000,65.99477736016763,0.033304644907810085,7.970383739150679,7.970383739150679
Voting_equal,B3c6,667.0,664.3335244448622,test_b3,ensembles/,provided_labels,0.3997714475468998,B3,mid_500_1000,-2.666475555137822,-0.0017396650004446398,-0.39977144754689986,0.39977144754689986
Voting_equal,B3c7,1836.0,1150.9050827844778,test_b3,ensembles/,provided_labels,37.31453797470164,B3,long_>1000,-685.0949172155222,-0.20283316880686486,-37.31453797470164,37.31453797470164
Voting_equal,B3c8,828.0,898.1136686357945,test_b3,ensembles/,provided_labels,8.467834376303685,B3,mid_500_1000,70.11366863579451,0.03530096930025006,8.467834376303685,8.467834376303685
Voting_equal,B3c9,1039.0,857.1244099852016,test_b3,ensembles/,provided_labels,17.50486910633286,B3,long_>1000,-181.87559001479838,-0.08357168403694362,-17.504869106332855,17.504869106332855
Voting_equal,B3c10,1078.0,1113.6216242734608,test_b3,ensembles/,provided_labels,3.304417836128093,B3,long_>1000,35.62162427346084,0.014118894615711853,3.3044178361280925,3.3044178361280925
Voting_equal,B3c11,817.0,829.4055795940881,test_b3,ensembles/,provided_labels,1.5184307948700204,B3,mid_500_1000,12.405579594088067,0.006544896100084479,1.5184307948700204,1.5184307948700204
Voting_equal,B3c12,932.0,846.877957535723,test_b3,ensembles/,provided_labels,9.133266358828005,B3,mid_500_1000,-85.122042464277,-0.04159508311850543,-9.133266358828005,9.133266358828005
Voting_equal,B3c13,816.0,901.12404149768,test_b3,ensembles/,provided_labels,10.43186783059805,B3,mid_500_1000,85.12404149767997,0.04309441783020352,10.431867830598035,10.431867830598035
Voting_equal,B3c14,858.0,864.5272149506382,test_b3,ensembles/,provided_labels,0.7607476632445401,B3,mid_500_1000,6.527214950638154,0.003291381382811579,0.76074766324454,0.76074766324454
Voting_equal,B3c15,876.0,864.6340205479091,test_b3,ensembles/,provided_labels,1.2974862388231585,B3,mid_500_1000,-11.365979452090869,-0.005671786553201059,-1.2974862388231585,1.2974862388231585
Voting_equal,B3c16,1638.0,1162.748987802701,test_b3,ensembles/,provided_labels,29.014103308748407,B3,long_>1000,-475.2510121972989,-0.14882792730310562,-29.014103308748407,29.014103308748407
Voting_equal,B3c17,1315.0,1014.575670434357,test_b3,ensembles/,provided_labels,22.845956620961445,B3,long_>1000,-300.424329565643,-0.11264130911877901,-22.845956620961445,22.845956620961445
Voting_equal,B3c18,1146.0,947.06509754539,test_b3,ensembles/,provided_labels,17.35906653181588,B3,long_>1000,-198.93490245460998,-0.0828047859004422,-17.35906653181588,17.35906653181588
Voting_equal,B3c19,1155.0,918.4282736023353,test_b3,ensembles/,provided_labels,20.482400553910377,B3,long_>1000,-236.57172639766475,-0.09953673931312407,-20.482400553910367,20.482400553910367
Voting_equal,B3c20,813.0,888.88285960314,test_b3,ensembles/,provided_labels,9.3336850680369,B3,mid_500_1000,75.88285960313999,0.03875398615233799,9.333685068036898,9.333685068036898
Voting_equal,B3c21,772.0,708.7869307288796,test_b3,ensembles/,provided_labels,8.188221408176217,B3,mid_500_1000,-63.21306927112039,-0.037101599307558186,-8.188221408176215,8.188221408176215
Voting_equal,B3c22,1002.0,858.5141261424673,test_b3,ensembles/,provided_labels,14.319947490771732,B3,long_>1000,-143.48587385753274,-0.06712027601769124,-14.31994749077173,14.31994749077173
Voting_equal,B3c24,825.0,910.584384474832,test_b3,ensembles/,provided_labels,10.373864784828127,B3,mid_500_1000,85.58438447483195,0.04286624981126212,10.373864784828115,10.373864784828115
Voting_equal,B3c25,989.0,910.3302142518144,test_b3,ensembles/,provided_labels,7.954477830959125,B3,mid_500_1000,-78.66978574818563,-0.03599733420590342,-7.954477830959114,7.954477830959114
Voting_equal,B3c26,1028.0,944.1558121506116,test_b3,ensembles/,provided_labels,8.156049401691465,B3,long_>1000,-83.84418784938839,-0.03694944369452492,-8.156049401691478,8.156049401691478
Voting_equal,B3c27,850.0,905.6901076774876,test_b3,ensembles/,provided_labels,6.55177737382206,B3,mid_500_1000,55.69010767748762,0.02756069851014723,6.551777373822072,6.551777373822072
Voting_equal,B3c28,541.0,625.8353687542323,test_b3,ensembles/,provided_labels,15.681214187473616,B3,mid_500_1000,84.83536875423226,0.0632628383196848,15.681214187473616,15.681214187473616
Voting_equal,B3c29,858.0,890.8457681103631,test_b3,ensembles/,provided_labels,3.8281781014409217,B3,mid_500_1000,32.84576811036311,0.016315233408639388,3.8281781014409217,3.8281781014409217
Voting_equal,B3c30,935.0,900.6678503177714,test_b3,ensembles/,provided_labels,3.6718876665485185,B3,mid_500_1000,-34.332149682228646,-0.01624695015916014,-3.6718876665485185,3.6718876665485185
Voting_equal,B3c31,731.0,803.2679295055923,test_b3,ensembles/,provided_labels,9.88617366697569,B3,mid_500_1000,72.26792950559229,0.04094305113241066,9.88617366697569,9.88617366697569
Voting_equal,B3c33,1284.0,997.4779538413608,test_b3,ensembles/,provided_labels,22.31480110269775,B3,long_>1000,-286.5220461586392,-0.10966171800146816,-22.31480110269776,22.31480110269776
Voting_equal,B3c34,1158.0,961.2914128848664,test_b3,ensembles/,provided_labels,16.986924621341405,B3,long_>1000,-196.70858711513358,-0.08085349656896541,-16.986924621341416,16.986924621341416
Voting_equal,B3c35,1093.0,938.1242649197304,test_b3,ensembles/,provided_labels,14.169783630399769,B3,long_>1000,-154.87573508026958,-0.0663597926596842,-14.16978363039978,14.16978363039978
Voting_equal,B3c36,923.0,939.1884483048584,test_b3,ensembles/,provided_labels,1.7538947242533367,B3,mid_500_1000,16.18844830485841,0.007551041237604685,1.7538947242533491,1.7538947242533491
Voting_equal,B3c37,1390.0,1373.456016664438,test_b3,ensembles/,provided_labels,1.190214628457695,B3,long_>1000,-16.54398333556196,-0.005200044051778795,-1.190214628457695,1.190214628457695
Voting_equal,B3c38,1935.0,980.1020821413266,test_b3,ensembles/,provided_labels,49.3487296050994,B3,long_>1000,-954.8979178586734,-0.2954096575381303,-49.3487296050994,49.3487296050994
Voting_equal,B3c39,1156.0,1012.3318284218224,test_b3,ensembles/,provided_labels,12.4280425240638,B3,long_>1000,-143.66817157817763,-0.057634942498601675,-12.42804252406381,12.42804252406381
Voting_equal,B3c40,796.0,969.9737359168316,test_b3,ensembles/,provided_labels,21.855996974476323,B3,mid_500_1000,173.97373591683163,0.08584690724938372,21.855996974476337,21.855996974476337
Voting_equal,B3c41,786.0,931.5231157362604,test_b3,ensembles/,provided_labels,18.51439131504586,B3,mid_500_1000,145.52311573626037,0.07377109033954453,18.51439131504585,18.51439131504585
Voting_equal,B3c42,1642.0,1089.0316035862722,test_b3,ensembles/,provided_labels,33.67651622495297,B3,long_>1000,-552.9683964137278,-0.17833266966311845,-33.67651622495297,33.67651622495297
Voting_equal,B3c43,1046.0,979.067210689726,test_b3,ensembles/,provided_labels,6.398928232339767,B3,long_>1000,-66.93278931027396,-0.028719178397409183,-6.398928232339768,6.398928232339768
Voting_equal,B3c44,940.0,911.3664296812404,test_b3,ensembles/,provided_labels,3.0461245019956973,B3,mid_500_1000,-28.633570318759553,-0.013434826360847103,-3.0461245019956973,3.0461245019956973
Voting_equal,B3c45,1801.0,1136.729921567237,test_b3,ensembles/,provided_labels,36.88340246711622,B3,long_>1000,-664.2700784327631,-0.19985642096025905,-36.88340246711622,36.88340246711622
Stacking_Ridge,B1c0,1190.0,1456.5345614305986,valid,ensembles/,provided_labels,22.39786230509232,B1,long_>1000,266.5345614305986,0.08777383286501979,22.39786230509232,22.39786230509232
Stacking_Ridge,B1c1,1179.0,1460.609045953002,valid,ensembles/,provided_labels,23.885415263189305,B1,long_>1000,281.6090459530019,0.09302018092368375,23.885415263189305,23.885415263189305
Stacking_Ridge,B1c2,1177.0,1340.094032002819,valid,ensembles/,provided_labels,13.856757179508833,B1,long_>1000,163.09403200281895,0.05635881025806179,13.856757179508831,13.856757179508831
Stacking_Ridge,B1c14,880.0,882.9210046785056,valid,ensembles/,provided_labels,0.3319323498301814,B1,mid_500_1000,2.9210046785055965,0.0014391766517296992,0.33193234983018144,0.33193234983018144
Stacking_Ridge,B1c15,719.0,863.5265778868965,valid,ensembles/,provided_labels,20.101053948107992,B1,mid_500_1000,144.52657788689646,0.07954681857558822,20.101053948107992,20.101053948107992
Stacking_Ridge,B1c18,691.0,672.1272603829506,valid,ensembles/,provided_labels,2.7312213628146793,B1,mid_500_1000,-18.872739617049433,-0.012026537341964277,-2.7312213628146793,2.7312213628146793
Stacking_Ridge,B1c19,788.0,672.2051616969184,valid,ensembles/,provided_labels,14.694776434401222,B1,mid_500_1000,-115.79483830308163,-0.06902437450354959,-14.694776434401222,14.694776434401222
Stacking_Ridge,B1c28,860.0,824.2886998594302,valid,ensembles/,provided_labels,4.1524767605313775,B1,mid_500_1000,-35.71130014056985,-0.01841910508460723,-4.1524767605313775,4.1524767605313775
Stacking_Ridge,B1c29,917.0,821.9343920619519,valid,ensembles/,provided_labels,10.367023766417455,B1,mid_500_1000,-95.06560793804806,-0.047532182731692095,-10.367023766417454,10.367023766417454
Stacking_Ridge,B1c34,742.0,827.2028301051187,valid,ensembles/,provided_labels,11.482861200150763,B1,mid_500_1000,85.20283010511866,0.04720810632303277,11.482861200150763,11.482861200150763
Stacking_Ridge,B1c35,703.0,802.5745873059916,valid,ensembles/,provided_labels,14.164237170126828,B1,mid_500_1000,99.5745873059916,0.05753007911023189,14.164237170126826,14.164237170126826
Stacking_Ridge,B2c0,477.0,618.7550950798515,test_b2,ensembles/,provided_labels,29.718049282987728,B2,short_<500,141.75509507985146,0.1130004090727499,29.718049282987725,29.718049282987725
Stacking_Ridge,B2c1,491.0,520.3638058148991,test_b2,ensembles/,provided_labels,5.980408516272736,B2,short_<500,29.363805814899138,0.02522558923021751,5.980408516272737,5.980408516272737
Stacking_Ridge,B2c2,424.0,606.6415099900464,test_b2,ensembles/,provided_labels,43.07582782784113,B2,short_<500,182.64150999004642,0.15556626738855728,43.07582782784113,43.07582782784113
Stacking_Ridge,B2c3,499.0,619.9108286680265,test_b2,ensembles/,provided_labels,24.230626987580465,B2,short_<500,120.91082866802651,0.0942286770964612,24.230626987580465,24.230626987580465
Stacking_Ridge,B2c4,444.0,560.5233959520997,test_b2,ensembles/,provided_labels,26.24400809731975,B2,short_<500,116.52339595209969,0.10121077441822939,26.24400809731975,26.24400809731975
Stacking_Ridge,B2c5,416.0,528.3231244353676,test_b2,ensembles/,provided_labels,27.00075106619414,B2,short_<500,112.32312443536762,0.10380628932555645,27.000751066194137,27.000751066194137
Stacking_Ridge,B2c6,393.0,659.4964445464562,test_b2,ensembles/,provided_labels,67.81080013904739,B2,short_<500,266.49644454645625,0.22481990816045702,67.81080013904739,67.81080013904739
Stacking_Ridge,B2c7,777.0,938.7163377380756,test_b2,ensembles/,provided_labels,20.81291347980381,B2,mid_500_1000,161.7163377380756,0.08211335773943532,20.81291347980381,20.81291347980381
Stacking_Ridge,B2c8,904.0,899.7325208758803,test_b2,ensembles/,provided_labels,0.4720662747920072,B2,mid_500_1000,-4.267479124119745,-0.0020550121172267346,-0.47206627479200725,0.47206627479200725
Stacking_Ridge,B2c9,791.0,972.8433636408016,test_b2,ensembles/,provided_labels,22.989047236510935,B2,mid_500_1000,181.8433636408016,0.08986643715855924,22.98904723651095,22.98904723651095
Stacking_Ridge,B2c10,492.0,614.2911696100789,test_b2,ensembles/,provided_labels,24.85592878253636,B2,short_<500,122.2911696100789,0.09640916964616437,24.855928782536363,24.855928782536363
Stacking_Ridge,B2c11,449.0,617.8226744173643,test_b2,ensembles/,provided_labels,37.59970477001432,B2,short_<500,168.82267441736428,0.13861750209069,37.59970477001432,37.59970477001432
Stacking_Ridge,B2c12,466.0,551.0681891594357,test_b2,ensembles/,provided_labels,18.254976214471192,B2,short_<500,85.06818915943575,0.07281942507170217,18.254976214471192,18.254976214471192
Stacking_Ridge,B2c13,460.0,581.4949157627445,test_b2,ensembles/,provided_labels,26.41193820929229,B2,short_<500,121.49491576274454,0.10178809019314651,26.411938209292288,26.411938209292288
Stacking_Ridge,B2c14,426.0,532.5596986704161,test_b2,ensembles/,provided_labels,25.01401377239814,B2,short_<500,106.55969867041608,0.0969586991111888,25.01401377239814,25.01401377239814
Stacking_Ridge,B2c15,396.0,651.659968643934,test_b2,ensembles/,provided_labels,64.56059814240757,B2,short_<500,255.659968643934,0.21632585725664147,64.56059814240757,64.56059814240757
Stacking_Ridge,B2c16,472.0,618.9202496937903,test_b2,ensembles/,provided_labels,31.12717154529456,B2,short_<500,146.9202496937903,0.11769269344054291,31.12717154529456,31.12717154529456
Stacking_Ridge,B2c17,471.0,560.4249231608715,test_b2,ensembles/,provided_labels,18.98618326133152,B2,short_<500,89.42492316087146,0.07549653381487789,18.98618326133152,18.98618326133152
Stacking_Ridge,B2c18,449.0,693.2104365033828,test_b2,ensembles/,provided_labels,54.3898522279249,B2,short_<500,244.21043650338277,0.188618751529194,54.38985222792489,54.38985222792489
Stacking_Ridge,B2c19,392.0,558.8046525498828,test_b2,ensembles/,provided_labels,42.55220728313337,B2,short_<500,166.8046525498828,0.15397394632778813,42.55220728313337,42.55220728313337
Stacking_Ridge,B2c20,489.0,607.3361669702317,test_b2,ensembles/,provided_labels,24.19962514728665,B2,short_<500,118.33616697023172,0.0941202850779961,24.19962514728665,24.19962514728665
Stacking_Ridge,B2c21,408.0,566.2594564073112,test_b2,ensembles/,provided_labels,38.78908245277235,B2,short_<500,158.25945640731118,0.14235530461307777,38.78908245277235,38.78908245277235
Stacking_Ridge,B2c24,514.0,685.4467650723363,test_b2,ensembles/,provided_labels,33.35540176504598,B2,mid_500_1000,171.44676507233635,0.12501061214616552,33.35540176504598,33.35540176504598
Stacking_Ridge,B2c25,493.0,660.8886998787871,test_b2,ensembles/,provided_labels,34.05450301800955,B2,short_<500,167.88869987878707,0.12728140692782977,34.05450301800955,34.05450301800955
Stacking_Ridge,B2c26,450.0,516.6403392138411,test_b2,ensembles/,provided_labels,14.80896426974247,B2,short_<500,66.64033921384112,0.05997579904533299,14.80896426974247,14.80896426974247
Stacking_Ridge,B2c27,474.0,616.5674261760516,test_b2,ensembles/,provided_labels,30.07751607089697,B2,short_<500,142.56742617605164,0.11420223514572897,30.07751607089697,30.07751607089697
Stacking_Ridge,B2c28,437.0,594.3523762140826,test_b2,ensembles/,provided_labels,36.00740874464133,B2,short_<500,157.3523762140826,0.1335625663796166,36.007408744641324,36.007408744641324
Stacking_Ridge,B2c29,452.0,659.8431780813786,test_b2,ensembles/,provided_labels,45.983004000305,B2,short_<500,207.8431780813786,0.16430229620535763,45.983004000305,45.983004000305
Stacking_Ridge,B2c30,412.0,513.3728029045917,test_b2,ensembles/,provided_labels,24.60504924868731,B2,short_<500,101.37280290459171,0.095535641170763,24.605049248687305,24.605049248687305
Stacking_Ridge,B2c31,425.0,537.8606265366323,test_b2,ensembles/,provided_labels,26.555441538031115,B2,short_<500,112.86062653663225,0.10228082337126265,26.555441538031122,26.555441538031122
Stacking_Ridge,B2c32,809.0,909.2574495926668,test_b2,ensembles/,provided_labels,12.392762619612697,B2,mid_500_1000,100.25744959266683,0.050738346325897646,12.39276261961271,12.39276261961271
Stacking_Ridge,B2c33,1140.0,926.0613173270564,test_b2,ensembles/,provided_labels,18.766551111661723,B2,long_>1000,-213.93868267294363,-0.09026510774833194,-18.76655111166172,18.76655111166172
Stacking_Ridge,B2c34,1186.0,989.5759571855406,test_b2,ensembles/,provided_labels,16.561892311505854,B2,long_>1000,-196.42404281445943,-0.07863555393152662,-16.561892311505854,16.561892311505854
Stacking_Ridge,B2c41,442.0,508.4211043452914,test_b2,ensembles/,provided_labels,15.027399173142848,B2,short_<500,66.42110434529138,0.06080130028754735,15.027399173142848,15.027399173142848
Stacking_Ridge,B2c42,474.0,618.6475730718909,test_b2,ensembles/,provided_labels,30.51636562698119,B2,short_<500,144.64757307189086,0.11566497187247975,30.516365626981194,30.516365626981194
Stacking_Ridge,B2c43,1029.0,953.0454099604364,test_b2,ensembles/,provided_labels,7.381398448937175,B2,long_>1000,-75.95459003956364,-0.03330178070815573,-7.381398448937186,7.381398448937186
Stacking_Ridge,B2c44,841.0,976.6616598748373,test_b2,ensembles/,provided_labels,16.13099403981418,B2,mid_500_1000,135.66165987483726,0.06494814346011463,16.13099403981418,16.13099403981418
Stacking_Ridge,B2c45,997.0,923.1008792066624,test_b2,ensembles/,provided_labels,7.412148524908497,B2,mid_500_1000,-73.8991207933376,-0.033445993700920856,-7.412148524908486,7.412148524908486
Stacking_Ridge,B2c46,503.0,660.5554071538166,test_b2,ensembles/,provided_labels,31.323142575311454,B2,mid_500_1000,157.55540715381665,0.11834126688997586,31.32314257531146,31.32314257531146
Stacking_Ridge,B3c0,1009.0,935.7725182941834,test_b3,ensembles/,provided_labels,7.257431288980828,B3,long_>1000,-73.22748170581656,-0.032720879525270474,-7.257431288980828,7.257431288980828
Stacking_Ridge,B3c1,1063.0,944.1214719891144,test_b3,ensembles/,provided_labels,11.18330461061952,B3,long_>1000,-118.87852801088559,-0.05150538969483435,-11.183304610619528,11.183304610619528
Stacking_Ridge,B3c2,1267.0,1098.718986663603,test_b3,ensembles/,provided_labels,13.281847934995843,B3,long_>1000,-168.2810133363971,-0.06188998537813477,-13.281847934995826,13.281847934995826
Stacking_Ridge,B3c3,1115.0,893.4694919389287,test_b3,ensembles/,provided_labels,19.86820700099294,B3,long_>1000,-221.53050806107126,-0.09619513953947234,-19.86820700099294,19.86820700099294
Stacking_Ridge,B3c4,1048.0,918.4353141837856,test_b3,ensembles/,provided_labels,12.363042539715122,B3,long_>1000,-129.56468581621436,-0.057312708486345204,-12.363042539715112,12.363042539715112
Stacking_Ridge,B3c5,828.0,890.7387459997775,test_b3,ensembles/,provided_labels,7.577143236688105,B3,mid_500_1000,62.73874599977751,0.031720007197957915,7.577143236688105,7.577143236688105
Stacking_Ridge,B3c6,667.0,647.0455956356128,test_b3,ensembles/,provided_labels,2.991664822246954,B3,mid_500_1000,-19.954404364387187,-0.013190948556606635,-2.9916648222469546,2.9916648222469546
Stacking_Ridge,B3c7,1836.0,1179.7198591737724,test_b3,ensembles/,provided_labels,35.74510570948952,B3,long_>1000,-656.2801408262276,-0.19209378655841922,-35.74510570948952,35.74510570948952
Stacking_Ridge,B3c8,828.0,894.9048569888889,test_b3,ensembles/,provided_labels,8.080296737788517,B3,mid_500_1000,66.90485698888892,0.03374652838450725,8.080296737788517,8.080296737788517
Stacking_Ridge,B3c9,1039.0,855.7391626446546,test_b3,ensembles/,provided_labels,17.63819416317088,B3,long_>1000,-183.26083735534542,-0.08427413975711112,-17.63819416317088,17.63819416317088
Stacking_Ridge,B3c10,1078.0,1147.3105842711225,test_b3,ensembles/,provided_labels,6.429553271903756,B3,long_>1000,69.31058427112248,0.027062239244399905,6.429553271903755,6.429553271903755
Stacking_Ridge,B3c11,817.0,833.0720914648524,test_b3,ensembles/,provided_labels,1.9672082576318732,B3,mid_500_1000,16.072091464852406,0.008460528992799726,1.9672082576318735,1.9672082576318735
Stacking_Ridge,B3c12,932.0,847.1151309140819,test_b3,ensembles/,provided_labels,9.107818571450444,B3,mid_500_1000,-84.88486908591813,-0.0414734733069295,-9.107818571450442,9.107818571450442
Stacking_Ridge,B3c13,816.0,897.7300660225371,test_b3,ensembles/,provided_labels,10.015939463546216,B3,mid_500_1000,81.73006602253713,0.041455611699743905,10.015939463546218,10.015939463546218
Stacking_Ridge,B3c14,858.0,862.2703187476725,test_b3,ensembles/,provided_labels,0.4977061477473765,B3,mid_500_1000,4.270318747672491,0.002156149132182245,0.49770614774737654,0.49770614774737654
Stacking_Ridge,B3c15,876.0,862.3305472101982,test_b3,ensembles/,provided_labels,1.5604398161874165,B3,mid_500_1000,-13.669452789801767,-0.0068303353407299285,-1.5604398161874162,1.5604398161874162
Stacking_Ridge,B3c16,1638.0,1100.369178681042,test_b3,ensembles/,provided_labels,32.82239446391685,B3,long_>1000,-537.6308213189579,-0.1727754801162511,-32.82239446391685,32.82239446391685
Stacking_Ridge,B3c17,1315.0,986.8497794984576,test_b3,ensembles/,provided_labels,24.954389391752276,B3,long_>1000,-328.15022050154244,-0.12467470441158246,-24.954389391752276,24.954389391752276
Stacking_Ridge,B3c18,1146.0,934.8821370909138,test_b3,ensembles/,provided_labels,18.422152086307698,B3,long_>1000,-211.11786290908617,-0.08842775588992391,-18.422152086307694,18.422152086307694
Stacking_Ridge,B3c19,1155.0,911.0492253937958,test_b3,ensembles/,provided_labels,21.121279186684344,B3,long_>1000,-243.95077460620416,-0.10304014102099038,-21.121279186684344,21.121279186684344
Stacking_Ridge,B3c20,813.0,887.0740474390783,test_b3,ensembles/,provided_labels,9.1111989469961,B3,mid_500_1000,74.0740474390783,0.037869327960275805,9.111198946996101,9.111198946996101
Stacking_Ridge,B3c21,772.0,684.1480051571511,test_b3,ensembles/,provided_labels,11.37979207808923,B3,mid_500_1000,-87.85199484284885,-0.05246723535572056,-11.37979207808923,11.37979207808923
Stacking_Ridge,B3c22,1002.0,857.9674308075952,test_b3,ensembles/,provided_labels,14.374507903433614,B3,long_>1000,-144.03256919240482,-0.06739691956714752,-14.374507903433615,14.374507903433615
Stacking_Ridge,B3c24,825.0,904.9767549973265,test_b3,ensembles/,provided_labels,9.694152120888042,B3,mid_500_1000,79.97675499732645,0.040183475620976634,9.694152120888054,9.694152120888054
Stacking_Ridge,B3c25,989.0,904.5264010707976,test_b3,ensembles/,provided_labels,8.541314350778801,B3,mid_500_1000,-84.47359892920235,-0.03877504414702822,-8.541314350778801,8.541314350778801
Stacking_Ridge,B3c26,1028.0,933.4532593226844,test_b3,ensembles/,provided_labels,9.197153762384795,B3,long_>1000,-94.5467406773156,-0.041900538197887846,-9.197153762384785,9.197153762384785
Stacking_Ridge,B3c27,850.0,900.8678980120094,test_b3,ensembles/,provided_labels,5.984458589648164,B3,mid_500_1000,50.86789801200939,0.02524218560812184,5.984458589648163,5.984458589648163
Stacking_Ridge,B3c28,541.0,597.8480193932313,test_b3,ensembles/,provided_labels,10.507951828693402,B3,mid_500_1000,56.84801939323131,0.04339352970502139,10.507951828693404,10.507951828693404
Stacking_Ridge,B3c29,858.0,889.1478766047215,test_b3,ensembles/,provided_labels,3.630288648568945,B3,mid_500_1000,31.147876604721546,0.015486707826423578,3.630288648568945,3.630288648568945
Stacking_Ridge,B3c30,935.0,897.5352394128076,test_b3,ensembles/,provided_labels,4.006926266009878,B3,mid_500_1000,-37.46476058719236,-0.01776010183154009,-4.006926266009878,4.006926266009878
Stacking_Ridge,B3c31,731.0,808.8069952183539,test_b3,ensembles/,provided_labels,10.643911794576455,B3,mid_500_1000,77.8069952183539,0.04392752177196021,10.643911794576457,10.643911794576457
Stacking_Ridge,B3c33,1284.0,973.826805957581,test_b3,ensembles/,provided_labels,24.15679081327251,B3,long_>1000,-310.173194042419,-0.12008329878971677,-24.156790813272508,24.156790813272508
Stacking_Ridge,B3c34,1158.0,945.2486178472134,test_b3,ensembles/,provided_labels,18.372312793850313,B3,long_>1000,-212.75138215278662,-0.08816250838648418,-18.372312793850313,18.372312793850313
Stacking_Ridge,B3c35,1093.0,927.3167018929024,test_b3,ensembles/,provided_labels,15.158581711536833,B3,long_>1000,-165.68329810709758,-0.07139208002222691,-15.158581711536833,15.158581711536833
Stacking_Ridge,B3c36,923.0,927.0438300339212,test_b3,ensembles/,provided_labels,0.4381180968495414,B3,mid_500_1000,4.043830033921154,0.0018985667667855398,0.4381180968495291,0.4381180968495291
Stacking_Ridge,B3c37,1390.0,1239.096924601261,test_b3,ensembles/,provided_labels,10.856336359621514,B3,long_>1000,-150.90307539873902,-0.0499095211797954,-10.856336359621512,10.856336359621512
Stacking_Ridge,B3c38,1935.0,961.0631810731634,test_b3,ensembles/,provided_labels,50.33265214092179,B3,long_>1000,-973.9368189268366,-0.3039290298763136,-50.33265214092179,50.33265214092179
Stacking_Ridge,B3c39,1156.0,983.2699367193144,test_b3,ensembles/,provided_labels,14.942046996599112,B3,long_>1000,-172.7300632806856,-0.07028507318588764,-14.942046996599101,14.942046996599101
Stacking_Ridge,B3c40,796.0,953.700650687328,test_b3,ensembles/,provided_labels,19.81163953358392,B3,mid_500_1000,157.700650687328,0.07849901120568899,19.811639533583918,19.811639533583918
Stacking_Ridge,B3c41,786.0,921.7728962579046,test_b3,ensembles/,provided_labels,17.273905376323736,B3,mid_500_1000,135.77289625790456,0.06920138797399476,17.273905376323736,17.273905376323736
Stacking_Ridge,B3c42,1642.0,1126.2737749778792,test_b3,ensembles/,provided_labels,31.40841808904512,B3,long_>1000,-515.7262250221208,-0.1637291809981063,-31.408418089045117,31.408418089045117
Stacking_Ridge,B3c43,1046.0,961.0215944373324,test_b3,ensembles/,provided_labels,8.124130550924246,B3,long_>1000,-84.9784055626676,-0.03679853802857336,-8.124130550924246,8.124130550924246
Stacking_Ridge,B3c44,940.0,906.4153125100092,test_b3,ensembles/,provided_labels,3.5728390946798796,B3,mid_500_1000,-33.584687489990756,-0.015800619936735604,-3.5728390946798676,3.5728390946798676
Stacking_Ridge,B3c45,1801.0,1143.6172499652062,test_b3,ensembles/,provided_labels,36.50098556550771,B3,long_>1000,-657.3827500347938,-0.19723301532193327,-36.50098556550771,36.50098556550771
