scope,model_kind,variant,trial,parameters,inner_MAPE_percent,features_by_inner_fold,n_training
CatBoost_baseline/repeat1/outer1/tune,cat,baseline,0,"{""depth"": 3, ""iterations"": 250, ""l2_leaf_reg"": 30.0, ""learning_rate"": 0.07}",9.192681613659385,"[[""dq100_10_log_variance"", ""cycle10_rms_c_timeweighted""], [""dq100_10_log_variance"", ""cycle10_rms_c_timeweighted""], [""dq100_10_log_variance"", ""cycle10_rms_c_timeweighted""]]",28
CatBoost_baseline/repeat1/outer1/tune,cat,baseline,1,"{""depth"": 2, ""iterations"": 100, ""l2_leaf_reg"": 3.0, ""learning_rate"": 0.07}",8.266449237260174,"[[""dq100_10_log_variance"", ""cycle10_rms_c_timeweighted""], [""dq100_10_log_variance"", ""cycle10_rms_c_timeweighted""], [""dq100_10_log_variance"", ""cycle10_rms_c_timeweighted""]]",28
CatBoost_baseline/repeat1/outer1/tune,cat,baseline,2,"{""depth"": 3, ""iterations"": 100, ""l2_leaf_reg"": 10.0, ""learning_rate"": 0.03}",11.439760179301036,"[[""dq100_10_log_variance"", ""cycle10_rms_c_timeweighted""], [""dq100_10_log_variance"", ""cycle10_rms_c_timeweighted""], [""dq100_10_log_variance"", ""cycle10_rms_c_timeweighted""]]",28
CatBoost_baseline/repeat1/outer1/tune,cat,baseline,3,"{""depth"": 3, ""iterations"": 250, ""l2_leaf_reg"": 3.0, ""learning_rate"": 0.03}",8.323080950713761,"[[""dq100_10_log_variance"", ""cycle10_rms_c_timeweighted""], [""dq100_10_log_variance"", ""cycle10_rms_c_timeweighted""], [""dq100_10_log_variance"", ""cycle10_rms_c_timeweighted""]]",28
CatBoost_baseline/repeat1/outer1/tune,cat,baseline,4,"{""depth"": 2, ""iterations"": 100, ""l2_leaf_reg"": 30.0, ""learning_rate"": 0.03}",13.329163678682999,"[[""dq100_10_log_variance"", ""cycle10_rms_c_timeweighted""], [""dq100_10_log_variance"", ""cycle10_rms_c_timeweighted""], [""dq100_10_log_variance"", ""cycle10_rms_c_timeweighted""]]",28
CatBoost_baseline/repeat1/outer1/tune,cat,baseline,5,"{""depth"": 3, ""iterations"": 250, ""l2_leaf_reg"": 3.0, ""learning_rate"": 0.07}",8.428840627685737,"[[""dq100_10_log_variance"", ""cycle10_rms_c_timeweighted""], [""dq100_10_log_variance"", ""cycle10_rms_c_timeweighted""], [""dq100_10_log_variance"", ""cycle10_rms_c_timeweighted""]]",28
CatBoost_baseline/repeat1/outer1/tune,cat,baseline,6,"{""depth"": 2, ""iterations"": 250, ""l2_leaf_reg"": 10.0, ""learning_rate"": 0.07}",8.091592625146067,"[[""dq100_10_log_variance"", ""cycle10_rms_c_timeweighted""], [""dq100_10_log_variance"", ""cycle10_rms_c_timeweighted""], [""dq100_10_log_variance"", ""cycle10_rms_c_timeweighted""]]",28
CatBoost_baseline/repeat1/outer1/tune,cat,baseline,7,"{""depth"": 2, ""iterations"": 100, ""l2_leaf_reg"": 3.0, ""learning_rate"": 0.03}",9.481535999999917,"[[""dq100_10_log_variance"", ""cycle10_rms_c_timeweighted""], [""dq100_10_log_variance"", ""cycle10_rms_c_timeweighted""], [""dq100_10_log_variance"", ""cycle10_rms_c_timeweighted""]]",28
CatBoost_baseline/repeat1/outer1/tune,cat,baseline,8,"{""depth"": 1, ""iterations"": 250, ""l2_leaf_reg"": 10.0, ""learning_rate"": 0.03}",9.929525369510317,"[[""dq100_10_log_variance"", ""cycle10_rms_c_timeweighted""], [""dq100_10_log_variance"", ""cycle10_rms_c_timeweighted""], [""dq100_10_log_variance"", ""cycle10_rms_c_timeweighted""]]",28
CatBoost_baseline/repeat1/outer1/tune,cat,baseline,9,"{""depth"": 2, ""iterations"": 100, ""l2_leaf_reg"": 30.0, ""learning_rate"": 0.07}",11.231053452917532,"[[""dq100_10_log_variance"", ""cycle10_rms_c_timeweighted""], [""dq100_10_log_variance"", ""cycle10_rms_c_timeweighted""], [""dq100_10_log_variance"", ""cycle10_rms_c_timeweighted""]]",28
CatBoost_baseline/repeat1/outer1/tune,cat,baseline,10,"{""depth"": 1, ""iterations"": 250, ""l2_leaf_reg"": 10.0, ""learning_rate"": 0.07}",8.399868508919615,"[[""dq100_10_log_variance"", ""cycle10_rms_c_timeweighted""], [""dq100_10_log_variance"", ""cycle10_rms_c_timeweighted""], [""dq100_10_log_variance"", ""cycle10_rms_c_timeweighted""]]",28
CatBoost_baseline/repeat1/outer1/tune,cat,baseline,11,"{""depth"": 3, ""iterations"": 250, ""l2_leaf_reg"": 30.0, ""learning_rate"": 0.03}",11.415618315201518,"[[""dq100_10_log_variance"", ""cycle10_rms_c_timeweighted""], [""dq100_10_log_variance"", ""cycle10_rms_c_timeweighted""], [""dq100_10_log_variance"", ""cycle10_rms_c_timeweighted""]]",28
CatBoost_baseline/repeat1/outer2/tune,cat,baseline,0,"{""depth"": 3, ""iterations"": 250, ""l2_leaf_reg"": 30.0, ""learning_rate"": 0.07}",9.04418141360864,"[[""dq100_10_log_variance"", ""cycle10_rms_c_timeweighted""], [""dq100_10_log_variance"", ""cycle10_rms_c_timeweighted""], [""dq100_10_log_variance"", ""cycle10_rms_c_timeweighted""]]",27
CatBoost_baseline/repeat1/outer2/tune,cat,baseline,1,"{""depth"": 2, ""iterations"": 100, ""l2_leaf_reg"": 3.0, ""learning_rate"": 0.07}",9.034347761627592,"[[""dq100_10_log_variance"", ""cycle10_rms_c_timeweighted""], [""dq100_10_log_variance"", ""cycle10_rms_c_timeweighted""], [""dq100_10_log_variance"", ""cycle10_rms_c_timeweighted""]]",27
CatBoost_baseline/repeat1/outer2/tune,cat,baseline,2,"{""depth"": 3, ""iterations"": 100, ""l2_leaf_reg"": 10.0, ""learning_rate"": 0.03}",11.262423755642107,"[[""dq100_10_log_variance"", ""cycle10_rms_c_timeweighted""], [""dq100_10_log_variance"", ""cycle10_rms_c_timeweighted""], [""dq100_10_log_variance"", ""cycle10_rms_c_timeweighted""]]",27
CatBoost_baseline/repeat1/outer2/tune,cat,baseline,3,"{""depth"": 3, ""iterations"": 250, ""l2_leaf_reg"": 3.0, ""learning_rate"": 0.03}",8.953835747707808,"[[""dq100_10_log_variance"", ""cycle10_rms_c_timeweighted""], [""dq100_10_log_variance"", ""cycle10_rms_c_timeweighted""], [""dq100_10_log_variance"", ""cycle10_rms_c_timeweighted""]]",27
CatBoost_baseline/repeat1/outer2/tune,cat,baseline,4,"{""depth"": 2, ""iterations"": 100, ""l2_leaf_reg"": 30.0, ""learning_rate"": 0.03}",12.827581082535943,"[[""dq100_10_log_variance"", ""cycle10_rms_c_timeweighted""], [""dq100_10_log_variance"", ""cycle10_rms_c_timeweighted""], [""dq100_10_log_variance"", ""cycle10_rms_c_timeweighted""]]",27
CatBoost_baseline/repeat1/outer2/tune,cat,baseline,5,"{""depth"": 3, ""iterations"": 250, ""l2_leaf_reg"": 3.0, ""learning_rate"": 0.07}",9.042294286871424,"[[""dq100_10_log_variance"", ""cycle10_rms_c_timeweighted""], [""dq100_10_log_variance"", ""cycle10_rms_c_timeweighted""], [""dq100_10_log_variance"", ""cycle10_rms_c_timeweighted""]]",27
CatBoost_baseline/repeat1/outer2/tune,cat,baseline,6,"{""depth"": 2, ""iterations"": 250, ""l2_leaf_reg"": 10.0, ""learning_rate"": 0.07}",8.90225273674341,"[[""dq100_10_log_variance"", ""cycle10_rms_c_timeweighted""], [""dq100_10_log_variance"", ""cycle10_rms_c_timeweighted""], [""dq100_10_log_variance"", ""cycle10_rms_c_timeweighted""]]",27
CatBoost_baseline/repeat1/outer2/tune,cat,baseline,7,"{""depth"": 2, ""iterations"": 100, ""l2_leaf_reg"": 3.0, ""learning_rate"": 0.03}",9.652751118534413,"[[""dq100_10_log_variance"", ""cycle10_rms_c_timeweighted""], [""dq100_10_log_variance"", ""cycle10_rms_c_timeweighted""], [""dq100_10_log_variance"", ""cycle10_rms_c_timeweighted""]]",27
CatBoost_baseline/repeat1/outer2/tune,cat,baseline,8,"{""depth"": 1, ""iterations"": 250, ""l2_leaf_reg"": 10.0, ""learning_rate"": 0.03}",10.087584644526498,"[[""dq100_10_log_variance"", ""cycle10_rms_c_timeweighted""], [""dq100_10_log_variance"", ""cycle10_rms_c_timeweighted""], [""dq100_10_log_variance"", ""cycle10_rms_c_timeweighted""]]",27
CatBoost_baseline/repeat1/outer2/tune,cat,baseline,9,"{""depth"": 2, ""iterations"": 100, ""l2_leaf_reg"": 30.0, ""learning_rate"": 0.07}",11.277785859061838,"[[""dq100_10_log_variance"", ""cycle10_rms_c_timeweighted""], [""dq100_10_log_variance"", ""cycle10_rms_c_timeweighted""], [""dq100_10_log_variance"", ""cycle10_rms_c_timeweighted""]]",27
CatBoost_baseline/repeat1/outer2/tune,cat,baseline,10,"{""depth"": 1, ""iterations"": 250, ""l2_leaf_reg"": 10.0, ""learning_rate"": 0.07}",9.038315801342353,"[[""dq100_10_log_variance"", ""cycle10_rms_c_timeweighted""], [""dq100_10_log_variance"", ""cycle10_rms_c_timeweighted""], [""dq100_10_log_variance"", ""cycle10_rms_c_timeweighted""]]",27
CatBoost_baseline/repeat1/outer2/tune,cat,baseline,11,"{""depth"": 3, ""iterations"": 250, ""l2_leaf_reg"": 30.0, ""learning_rate"": 0.03}",11.298303343820942,"[[""dq100_10_log_variance"", ""cycle10_rms_c_timeweighted""], [""dq100_10_log_variance"", ""cycle10_rms_c_timeweighted""], [""dq100_10_log_variance"", ""cycle10_rms_c_timeweighted""]]",27
CatBoost_baseline/repeat1/outer3/tune,cat,baseline,0,"{""depth"": 3, ""iterations"": 250, ""l2_leaf_reg"": 30.0, ""learning_rate"": 0.07}",11.959289278106402,"[[""dq100_10_log_variance"", ""cycle10_rms_c_timeweighted""], [""dq100_10_log_variance"", ""cycle10_rms_c_timeweighted""], [""dq100_10_log_variance"", ""cycle10_rms_c_timeweighted""]]",27
CatBoost_baseline/repeat1/outer3/tune,cat,baseline,1,"{""depth"": 2, ""iterations"": 100, ""l2_leaf_reg"": 3.0, ""learning_rate"": 0.07}",11.262251602964524,"[[""dq100_10_log_variance"", ""cycle10_rms_c_timeweighted""], [""dq100_10_log_variance"", ""cycle10_rms_c_timeweighted""], [""dq100_10_log_variance"", ""cycle10_rms_c_timeweighted""]]",27
CatBoost_baseline/repeat1/outer3/tune,cat,baseline,2,"{""depth"": 3, ""iterations"": 100, ""l2_leaf_reg"": 10.0, ""learning_rate"": 0.03}",12.10977337987456,"[[""dq100_10_log_variance"", ""cycle10_rms_c_timeweighted""], [""dq100_10_log_variance"", ""cycle10_rms_c_timeweighted""], [""dq100_10_log_variance"", ""cycle10_rms_c_timeweighted""]]",27
CatBoost_baseline/repeat1/outer3/tune,cat,baseline,3,"{""depth"": 3, ""iterations"": 250, ""l2_leaf_reg"": 3.0, ""learning_rate"": 0.03}",11.553565368690993,"[[""dq100_10_log_variance"", ""cycle10_rms_c_timeweighted""], [""dq100_10_log_variance"", ""cycle10_rms_c_timeweighted""], [""dq100_10_log_variance"", ""cycle10_rms_c_timeweighted""]]",27
CatBoost_baseline/repeat1/outer3/tune,cat,baseline,4,"{""depth"": 2, ""iterations"": 100, ""l2_leaf_reg"": 30.0, ""learning_rate"": 0.03}",12.603229326572517,"[[""dq100_10_log_variance"", ""cycle10_rms_c_timeweighted""], [""dq100_10_log_variance"", ""cycle10_rms_c_timeweighted""], [""dq100_10_log_variance"", ""cycle10_rms_c_timeweighted""]]",27
CatBoost_baseline/repeat1/outer3/tune,cat,baseline,5,"{""depth"": 3, ""iterations"": 250, ""l2_leaf_reg"": 3.0, ""learning_rate"": 0.07}",12.28629609777558,"[[""dq100_10_log_variance"", ""cycle10_rms_c_timeweighted""], [""dq100_10_log_variance"", ""cycle10_rms_c_timeweighted""], [""dq100_10_log_variance"", ""cycle10_rms_c_timeweighted""]]",27
CatBoost_baseline/repeat1/outer3/tune,cat,baseline,6,"{""depth"": 2, ""iterations"": 250, ""l2_leaf_reg"": 10.0, ""learning_rate"": 0.07}",11.312368799505457,"[[""dq100_10_log_variance"", ""cycle10_rms_c_timeweighted""], [""dq100_10_log_variance"", ""cycle10_rms_c_timeweighted""], [""dq100_10_log_variance"", ""cycle10_rms_c_timeweighted""]]",27
CatBoost_baseline/repeat1/outer3/tune,cat,baseline,7,"{""depth"": 2, ""iterations"": 100, ""l2_leaf_reg"": 3.0, ""learning_rate"": 0.03}",11.132777444248713,"[[""dq100_10_log_variance"", ""cycle10_rms_c_timeweighted""], [""dq100_10_log_variance"", ""cycle10_rms_c_timeweighted""], [""dq100_10_log_variance"", ""cycle10_rms_c_timeweighted""]]",27
CatBoost_baseline/repeat1/outer3/tune,cat,baseline,8,"{""depth"": 1, ""iterations"": 250, ""l2_leaf_reg"": 10.0, ""learning_rate"": 0.03}",10.586706746705271,"[[""dq100_10_log_variance"", ""cycle10_rms_c_timeweighted""], [""dq100_10_log_variance"", ""cycle10_rms_c_timeweighted""], [""dq100_10_log_variance"", ""cycle10_rms_c_timeweighted""]]",27
CatBoost_baseline/repeat1/outer3/tune,cat,baseline,9,"{""depth"": 2, ""iterations"": 100, ""l2_leaf_reg"": 30.0, ""learning_rate"": 0.07}",11.542966437531764,"[[""dq100_10_log_variance"", ""cycle10_rms_c_timeweighted""], [""dq100_10_log_variance"", ""cycle10_rms_c_timeweighted""], [""dq100_10_log_variance"", ""cycle10_rms_c_timeweighted""]]",27
CatBoost_baseline/repeat1/outer3/tune,cat,baseline,10,"{""depth"": 1, ""iterations"": 250, ""l2_leaf_reg"": 10.0, ""learning_rate"": 0.07}",10.65072330635229,"[[""dq100_10_log_variance"", ""cycle10_rms_c_timeweighted""], [""dq100_10_log_variance"", ""cycle10_rms_c_timeweighted""], [""dq100_10_log_variance"", ""cycle10_rms_c_timeweighted""]]",27
CatBoost_baseline/repeat1/outer3/tune,cat,baseline,11,"{""depth"": 3, ""iterations"": 250, ""l2_leaf_reg"": 30.0, ""learning_rate"": 0.03}",12.361851390693129,"[[""dq100_10_log_variance"", ""cycle10_rms_c_timeweighted""], [""dq100_10_log_variance"", ""cycle10_rms_c_timeweighted""], [""dq100_10_log_variance"", ""cycle10_rms_c_timeweighted""]]",27
CatBoost_baseline/repeat1/outer4/tune,cat,baseline,0,"{""depth"": 3, ""iterations"": 250, ""l2_leaf_reg"": 30.0, ""learning_rate"": 0.07}",9.42894796662317,"[[""dq100_10_log_variance"", ""cycle10_rms_c_timeweighted""], [""dq100_10_log_variance"", ""cycle10_rms_c_timeweighted""], [""dq100_10_log_variance"", ""cycle10_rms_c_timeweighted""]]",29
CatBoost_baseline/repeat1/outer4/tune,cat,baseline,1,"{""depth"": 2, ""iterations"": 100, ""l2_leaf_reg"": 3.0, ""learning_rate"": 0.07}",8.883939895578983,"[[""dq100_10_log_variance"", ""cycle10_rms_c_timeweighted""], [""dq100_10_log_variance"", ""cycle10_rms_c_timeweighted""], [""dq100_10_log_variance"", ""cycle10_rms_c_timeweighted""]]",29
CatBoost_baseline/repeat1/outer4/tune,cat,baseline,2,"{""depth"": 3, ""iterations"": 100, ""l2_leaf_reg"": 10.0, ""learning_rate"": 0.03}",10.502327873176608,"[[""dq100_10_log_variance"", ""cycle10_rms_c_timeweighted""], [""dq100_10_log_variance"", ""cycle10_rms_c_timeweighted""], [""dq100_10_log_variance"", ""cycle10_rms_c_timeweighted""]]",29
CatBoost_baseline/repeat1/outer4/tune,cat,baseline,3,"{""depth"": 3, ""iterations"": 250, ""l2_leaf_reg"": 3.0, ""learning_rate"": 0.03}",9.320939529214911,"[[""dq100_10_log_variance"", ""cycle10_rms_c_timeweighted""], [""dq100_10_log_variance"", ""cycle10_rms_c_timeweighted""], [""dq100_10_log_variance"", ""cycle10_rms_c_timeweighted""]]",29
CatBoost_baseline/repeat1/outer4/tune,cat,baseline,4,"{""depth"": 2, ""iterations"": 100, ""l2_leaf_reg"": 30.0, ""learning_rate"": 0.03}",12.710153506960035,"[[""dq100_10_log_variance"", ""cycle10_rms_c_timeweighted""], [""dq100_10_log_variance"", ""cycle10_rms_c_timeweighted""], [""dq100_10_log_variance"", ""cycle10_rms_c_timeweighted""]]",29
CatBoost_baseline/repeat1/outer4/tune,cat,baseline,5,"{""depth"": 3, ""iterations"": 250, ""l2_leaf_reg"": 3.0, ""learning_rate"": 0.07}",9.78668099711997,"[[""dq100_10_log_variance"", ""cycle10_rms_c_timeweighted""], [""dq100_10_log_variance"", ""cycle10_rms_c_timeweighted""], [""dq100_10_log_variance"", ""cycle10_rms_c_timeweighted""]]",29
CatBoost_baseline/repeat1/outer4/tune,cat,baseline,6,"{""depth"": 2, ""iterations"": 250, ""l2_leaf_reg"": 10.0, ""learning_rate"": 0.07}",8.901180596654742,"[[""dq100_10_log_variance"", ""cycle10_rms_c_timeweighted""], [""dq100_10_log_variance"", ""cycle10_rms_c_timeweighted""], [""dq100_10_log_variance"", ""cycle10_rms_c_timeweighted""]]",29
CatBoost_baseline/repeat1/outer4/tune,cat,baseline,7,"{""depth"": 2, ""iterations"": 100, ""l2_leaf_reg"": 3.0, ""learning_rate"": 0.03}",9.379138880914814,"[[""dq100_10_log_variance"", ""cycle10_rms_c_timeweighted""], [""dq100_10_log_variance"", ""cycle10_rms_c_timeweighted""], [""dq100_10_log_variance"", ""cycle10_rms_c_timeweighted""]]",29
CatBoost_baseline/repeat1/outer4/tune,cat,baseline,8,"{""depth"": 1, ""iterations"": 250, ""l2_leaf_reg"": 10.0, ""learning_rate"": 0.03}",9.73399268361219,"[[""dq100_10_log_variance"", ""cycle10_rms_c_timeweighted""], [""dq100_10_log_variance"", ""cycle10_rms_c_timeweighted""], [""dq100_10_log_variance"", ""cycle10_rms_c_timeweighted""]]",29
CatBoost_baseline/repeat1/outer4/tune,cat,baseline,9,"{""depth"": 2, ""iterations"": 100, ""l2_leaf_reg"": 30.0, ""learning_rate"": 0.07}",9.946371833335412,"[[""dq100_10_log_variance"", ""cycle10_rms_c_timeweighted""], [""dq100_10_log_variance"", ""cycle10_rms_c_timeweighted""], [""dq100_10_log_variance"", ""cycle10_rms_c_timeweighted""]]",29
CatBoost_baseline/repeat1/outer4/tune,cat,baseline,10,"{""depth"": 1, ""iterations"": 250, ""l2_leaf_reg"": 10.0, ""learning_rate"": 0.07}",9.011054284263622,"[[""dq100_10_log_variance"", ""cycle10_rms_c_timeweighted""], [""dq100_10_log_variance"", ""cycle10_rms_c_timeweighted""], [""dq100_10_log_variance"", ""cycle10_rms_c_timeweighted""]]",29
CatBoost_baseline/repeat1/outer4/tune,cat,baseline,11,"{""depth"": 3, ""iterations"": 250, ""l2_leaf_reg"": 30.0, ""learning_rate"": 0.03}",10.208806705385529,"[[""dq100_10_log_variance"", ""cycle10_rms_c_timeweighted""], [""dq100_10_log_variance"", ""cycle10_rms_c_timeweighted""], [""dq100_10_log_variance"", ""cycle10_rms_c_timeweighted""]]",29
CatBoost_baseline/repeat1/outer5/tune,cat,baseline,0,"{""depth"": 3, ""iterations"": 250, ""l2_leaf_reg"": 30.0, ""learning_rate"": 0.07}",9.41150949878132,"[[""dq100_10_log_variance"", ""cycle10_rms_c_timeweighted""], [""dq100_10_log_variance"", ""cycle10_rms_c_timeweighted""], [""dq100_10_log_variance"", ""cycle10_rms_c_timeweighted""]]",29
CatBoost_baseline/repeat1/outer5/tune,cat,baseline,1,"{""depth"": 2, ""iterations"": 100, ""l2_leaf_reg"": 3.0, ""learning_rate"": 0.07}",9.138000247405525,"[[""dq100_10_log_variance"", ""cycle10_rms_c_timeweighted""], [""dq100_10_log_variance"", ""cycle10_rms_c_timeweighted""], [""dq100_10_log_variance"", ""cycle10_rms_c_timeweighted""]]",29
CatBoost_baseline/repeat1/outer5/tune,cat,baseline,2,"{""depth"": 3, ""iterations"": 100, ""l2_leaf_reg"": 10.0, ""learning_rate"": 0.03}",11.795424019753437,"[[""dq100_10_log_variance"", ""cycle10_rms_c_timeweighted""], [""dq100_10_log_variance"", ""cycle10_rms_c_timeweighted""], [""dq100_10_log_variance"", ""cycle10_rms_c_timeweighted""]]",29
CatBoost_baseline/repeat1/outer5/tune,cat,baseline,3,"{""depth"": 3, ""iterations"": 250, ""l2_leaf_reg"": 3.0, ""learning_rate"": 0.03}",9.424029276459683,"[[""dq100_10_log_variance"", ""cycle10_rms_c_timeweighted""], [""dq100_10_log_variance"", ""cycle10_rms_c_timeweighted""], [""dq100_10_log_variance"", ""cycle10_rms_c_timeweighted""]]",29
CatBoost_baseline/repeat1/outer5/tune,cat,baseline,4,"{""depth"": 2, ""iterations"": 100, ""l2_leaf_reg"": 30.0, ""learning_rate"": 0.03}",13.860808481795958,"[[""dq100_10_log_variance"", ""cycle10_rms_c_timeweighted""], [""dq100_10_log_variance"", ""cycle10_rms_c_timeweighted""], [""dq100_10_log_variance"", ""cycle10_rms_c_timeweighted""]]",29
CatBoost_baseline/repeat1/outer5/tune,cat,baseline,5,"{""depth"": 3, ""iterations"": 250, ""l2_leaf_reg"": 3.0, ""learning_rate"": 0.07}",10.043786586805814,"[[""dq100_10_log_variance"", ""cycle10_rms_c_timeweighted""], [""dq100_10_log_variance"", ""cycle10_rms_c_timeweighted""], [""dq100_10_log_variance"", ""cycle10_rms_c_timeweighted""]]",29
CatBoost_baseline/repeat1/outer5/tune,cat,baseline,6,"{""depth"": 2, ""iterations"": 250, ""l2_leaf_reg"": 10.0, ""learning_rate"": 0.07}",9.006938958051483,"[[""dq100_10_log_variance"", ""cycle10_rms_c_timeweighted""], [""dq100_10_log_variance"", ""cycle10_rms_c_timeweighted""], [""dq100_10_log_variance"", ""cycle10_rms_c_timeweighted""]]",29
CatBoost_baseline/repeat1/outer5/tune,cat,baseline,7,"{""depth"": 2, ""iterations"": 100, ""l2_leaf_reg"": 3.0, ""learning_rate"": 0.03}",10.077664129290993,"[[""dq100_10_log_variance"", ""cycle10_rms_c_timeweighted""], [""dq100_10_log_variance"", ""cycle10_rms_c_timeweighted""], [""dq100_10_log_variance"", ""cycle10_rms_c_timeweighted""]]",29
CatBoost_baseline/repeat1/outer5/tune,cat,baseline,8,"{""depth"": 1, ""iterations"": 250, ""l2_leaf_reg"": 10.0, ""learning_rate"": 0.03}",9.938680111219385,"[[""dq100_10_log_variance"", ""cycle10_rms_c_timeweighted""], [""dq100_10_log_variance"", ""cycle10_rms_c_timeweighted""], [""dq100_10_log_variance"", ""cycle10_rms_c_timeweighted""]]",29
CatBoost_baseline/repeat1/outer5/tune,cat,baseline,9,"{""depth"": 2, ""iterations"": 100, ""l2_leaf_reg"": 30.0, ""learning_rate"": 0.07}",11.139093968754787,"[[""dq100_10_log_variance"", ""cycle10_rms_c_timeweighted""], [""dq100_10_log_variance"", ""cycle10_rms_c_timeweighted""], [""dq100_10_log_variance"", ""cycle10_rms_c_timeweighted""]]",29
CatBoost_baseline/repeat1/outer5/tune,cat,baseline,10,"{""depth"": 1, ""iterations"": 250, ""l2_leaf_reg"": 10.0, ""learning_rate"": 0.07}",9.08912766481287,"[[""dq100_10_log_variance"", ""cycle10_rms_c_timeweighted""], [""dq100_10_log_variance"", ""cycle10_rms_c_timeweighted""], [""dq100_10_log_variance"", ""cycle10_rms_c_timeweighted""]]",29
CatBoost_baseline/repeat1/outer5/tune,cat,baseline,11,"{""depth"": 3, ""iterations"": 250, ""l2_leaf_reg"": 30.0, ""learning_rate"": 0.03}",11.353781389614086,"[[""dq100_10_log_variance"", ""cycle10_rms_c_timeweighted""], [""dq100_10_log_variance"", ""cycle10_rms_c_timeweighted""], [""dq100_10_log_variance"", ""cycle10_rms_c_timeweighted""]]",29
CatBoost_baseline/repeat2/outer1/tune,cat,baseline,0,"{""depth"": 3, ""iterations"": 250, ""l2_leaf_reg"": 30.0, ""learning_rate"": 0.07}",12.021949558710837,"[[""dq100_10_log_variance"", ""cycle10_rms_c_timeweighted""], [""dq100_10_log_variance"", ""cycle10_rms_c_timeweighted""], [""dq100_10_log_variance"", ""cycle10_rms_c_timeweighted""]]",27
CatBoost_baseline/repeat2/outer1/tune,cat,baseline,1,"{""depth"": 2, ""iterations"": 100, ""l2_leaf_reg"": 3.0, ""learning_rate"": 0.07}",9.620532491297869,"[[""dq100_10_log_variance"", ""cycle10_rms_c_timeweighted""], [""dq100_10_log_variance"", ""cycle10_rms_c_timeweighted""], [""dq100_10_log_variance"", ""cycle10_rms_c_timeweighted""]]",27
CatBoost_baseline/repeat2/outer1/tune,cat,baseline,2,"{""depth"": 3, ""iterations"": 100, ""l2_leaf_reg"": 10.0, ""learning_rate"": 0.03}",15.082169642491728,"[[""dq100_10_log_variance"", ""cycle10_rms_c_timeweighted""], [""dq100_10_log_variance"", ""cycle10_rms_c_timeweighted""], [""dq100_10_log_variance"", ""cycle10_rms_c_timeweighted""]]",27
CatBoost_baseline/repeat2/outer1/tune,cat,baseline,3,"{""depth"": 3, ""iterations"": 250, ""l2_leaf_reg"": 3.0, ""learning_rate"": 0.03}",9.573762817200741,"[[""dq100_10_log_variance"", ""cycle10_rms_c_timeweighted""], [""dq100_10_log_variance"", ""cycle10_rms_c_timeweighted""], [""dq100_10_log_variance"", ""cycle10_rms_c_timeweighted""]]",27
CatBoost_baseline/repeat2/outer1/tune,cat,baseline,4,"{""depth"": 2, ""iterations"": 100, ""l2_leaf_reg"": 30.0, ""learning_rate"": 0.03}",17.817180806483034,"[[""dq100_10_log_variance"", ""cycle10_rms_c_timeweighted""], [""dq100_10_log_variance"", ""cycle10_rms_c_timeweighted""], [""dq100_10_log_variance"", ""cycle10_rms_c_timeweighted""]]",27
CatBoost_baseline/repeat2/outer1/tune,cat,baseline,5,"{""depth"": 3, ""iterations"": 250, ""l2_leaf_reg"": 3.0, ""learning_rate"": 0.07}",9.361667038236389,"[[""dq100_10_log_variance"", ""cycle10_rms_c_timeweighted""], [""dq100_10_log_variance"", ""cycle10_rms_c_timeweighted""], [""dq100_10_log_variance"", ""cycle10_rms_c_timeweighted""]]",27
CatBoost_baseline/repeat2/outer1/tune,cat,baseline,6,"{""depth"": 2, ""iterations"": 250, ""l2_leaf_reg"": 10.0, ""learning_rate"": 0.07}",9.522301951574137,"[[""dq100_10_log_variance"", ""cycle10_rms_c_timeweighted""], [""dq100_10_log_variance"", ""cycle10_rms_c_timeweighted""], [""dq100_10_log_variance"", ""cycle10_rms_c_timeweighted""]]",27
CatBoost_baseline/repeat2/outer1/tune,cat,baseline,7,"{""depth"": 2, ""iterations"": 100, ""l2_leaf_reg"": 3.0, ""learning_rate"": 0.03}",11.310266146401931,"[[""dq100_10_log_variance"", ""cycle10_rms_c_timeweighted""], [""dq100_10_log_variance"", ""cycle10_rms_c_timeweighted""], [""dq100_10_log_variance"", ""cycle10_rms_c_timeweighted""]]",27
CatBoost_baseline/repeat2/outer1/tune,cat,baseline,8,"{""depth"": 1, ""iterations"": 250, ""l2_leaf_reg"": 10.0, ""learning_rate"": 0.03}",11.410668485420251,"[[""dq100_10_log_variance"", ""cycle10_rms_c_timeweighted""], [""dq100_10_log_variance"", ""cycle10_rms_c_timeweighted""], [""dq100_10_log_variance"", ""cycle10_rms_c_timeweighted""]]",27
CatBoost_baseline/repeat2/outer1/tune,cat,baseline,9,"{""depth"": 2, ""iterations"": 100, ""l2_leaf_reg"": 30.0, ""learning_rate"": 0.07}",14.840801303700177,"[[""dq100_10_log_variance"", ""cycle10_rms_c_timeweighted""], [""dq100_10_log_variance"", ""cycle10_rms_c_timeweighted""], [""dq100_10_log_variance"", ""cycle10_rms_c_timeweighted""]]",27
CatBoost_baseline/repeat2/outer1/tune,cat,baseline,10,"{""depth"": 1, ""iterations"": 250, ""l2_leaf_reg"": 10.0, ""learning_rate"": 0.07}",9.331260161322811,"[[""dq100_10_log_variance"", ""cycle10_rms_c_timeweighted""], [""dq100_10_log_variance"", ""cycle10_rms_c_timeweighted""], [""dq100_10_log_variance"", ""cycle10_rms_c_timeweighted""]]",27
CatBoost_baseline/repeat2/outer1/tune,cat,baseline,11,"{""depth"": 3, ""iterations"": 250, ""l2_leaf_reg"": 30.0, ""learning_rate"": 0.03}",15.0459148339249,"[[""dq100_10_log_variance"", ""cycle10_rms_c_timeweighted""], [""dq100_10_log_variance"", ""cycle10_rms_c_timeweighted""], [""dq100_10_log_variance"", ""cycle10_rms_c_timeweighted""]]",27
CatBoost_baseline/repeat2/outer2/tune,cat,baseline,0,"{""depth"": 3, ""iterations"": 250, ""l2_leaf_reg"": 30.0, ""learning_rate"": 0.07}",7.953403031492176,"[[""dq100_10_log_variance"", ""cycle10_rms_c_timeweighted""], [""dq100_10_log_variance"", ""cycle10_rms_c_timeweighted""], [""dq100_10_log_variance"", ""cycle10_rms_c_timeweighted""]]",28
CatBoost_baseline/repeat2/outer2/tune,cat,baseline,1,"{""depth"": 2, ""iterations"": 100, ""l2_leaf_reg"": 3.0, ""learning_rate"": 0.07}",6.614869900496808,"[[""dq100_10_log_variance"", ""cycle10_rms_c_timeweighted""], [""dq100_10_log_variance"", ""cycle10_rms_c_timeweighted""], [""dq100_10_log_variance"", ""cycle10_rms_c_timeweighted""]]",28
CatBoost_baseline/repeat2/outer2/tune,cat,baseline,2,"{""depth"": 3, ""iterations"": 100, ""l2_leaf_reg"": 10.0, ""learning_rate"": 0.03}",10.111679925063385,"[[""dq100_10_log_variance"", ""cycle10_rms_c_timeweighted""], [""dq100_10_log_variance"", ""cycle10_rms_c_timeweighted""], [""dq100_10_log_variance"", ""cycle10_rms_c_timeweighted""]]",28
CatBoost_baseline/repeat2/outer2/tune,cat,baseline,3,"{""depth"": 3, ""iterations"": 250, ""l2_leaf_reg"": 3.0, ""learning_rate"": 0.03}",6.780102907257084,"[[""dq100_10_log_variance"", ""cycle10_rms_c_timeweighted""], [""dq100_10_log_variance"", ""cycle10_rms_c_timeweighted""], [""dq100_10_log_variance"", ""cycle10_rms_c_timeweighted""]]",28
CatBoost_baseline/repeat2/outer2/tune,cat,baseline,4,"{""depth"": 2, ""iterations"": 100, ""l2_leaf_reg"": 30.0, ""learning_rate"": 0.03}",12.245532744148111,"[[""dq100_10_log_variance"", ""cycle10_rms_c_timeweighted""], [""dq100_10_log_variance"", ""cycle10_rms_c_timeweighted""], [""dq100_10_log_variance"", ""cycle10_rms_c_timeweighted""]]",28
CatBoost_baseline/repeat2/outer2/tune,cat,baseline,5,"{""depth"": 3, ""iterations"": 250, ""l2_leaf_reg"": 3.0, ""learning_rate"": 0.07}",7.3287395132057105,"[[""dq100_10_log_variance"", ""cycle10_rms_c_timeweighted""], [""dq100_10_log_variance"", ""cycle10_rms_c_timeweighted""], [""dq100_10_log_variance"", ""cycle10_rms_c_timeweighted""]]",28
CatBoost_baseline/repeat2/outer2/tune,cat,baseline,6,"{""depth"": 2, ""iterations"": 250, ""l2_leaf_reg"": 10.0, ""learning_rate"": 0.07}",6.381536019189206,"[[""dq100_10_log_variance"", ""cycle10_rms_c_timeweighted""], [""dq100_10_log_variance"", ""cycle10_rms_c_timeweighted""], [""dq100_10_log_variance"", ""cycle10_rms_c_timeweighted""]]",28
CatBoost_baseline/repeat2/outer2/tune,cat,baseline,7,"{""depth"": 2, ""iterations"": 100, ""l2_leaf_reg"": 3.0, ""learning_rate"": 0.03}",7.513867732981779,"[[""dq100_10_log_variance"", ""cycle10_rms_c_timeweighted""], [""dq100_10_log_variance"", ""cycle10_rms_c_timeweighted""], [""dq100_10_log_variance"", ""cycle10_rms_c_timeweighted""]]",28
CatBoost_baseline/repeat2/outer2/tune,cat,baseline,8,"{""depth"": 1, ""iterations"": 250, ""l2_leaf_reg"": 10.0, ""learning_rate"": 0.03}",7.320921892757102,"[[""dq100_10_log_variance"", ""cycle10_rms_c_timeweighted""], [""dq100_10_log_variance"", ""cycle10_rms_c_timeweighted""], [""dq100_10_log_variance"", ""cycle10_rms_c_timeweighted""]]",28
CatBoost_baseline/repeat2/outer2/tune,cat,baseline,9,"{""depth"": 2, ""iterations"": 100, ""l2_leaf_reg"": 30.0, ""learning_rate"": 0.07}",8.789376028497234,"[[""dq100_10_log_variance"", ""cycle10_rms_c_timeweighted""], [""dq100_10_log_variance"", ""cycle10_rms_c_timeweighted""], [""dq100_10_log_variance"", ""cycle10_rms_c_timeweighted""]]",28
CatBoost_baseline/repeat2/outer2/tune,cat,baseline,10,"{""depth"": 1, ""iterations"": 250, ""l2_leaf_reg"": 10.0, ""learning_rate"": 0.07}",6.224280766373556,"[[""dq100_10_log_variance"", ""cycle10_rms_c_timeweighted""], [""dq100_10_log_variance"", ""cycle10_rms_c_timeweighted""], [""dq100_10_log_variance"", ""cycle10_rms_c_timeweighted""]]",28
CatBoost_baseline/repeat2/outer2/tune,cat,baseline,11,"{""depth"": 3, ""iterations"": 250, ""l2_leaf_reg"": 30.0, ""learning_rate"": 0.03}",9.896801340152965,"[[""dq100_10_log_variance"", ""cycle10_rms_c_timeweighted""], [""dq100_10_log_variance"", ""cycle10_rms_c_timeweighted""], [""dq100_10_log_variance"", ""cycle10_rms_c_timeweighted""]]",28
CatBoost_baseline/repeat2/outer3/tune,cat,baseline,0,"{""depth"": 3, ""iterations"": 250, ""l2_leaf_reg"": 30.0, ""learning_rate"": 0.07}",10.066701164664654,"[[""dq100_10_log_variance"", ""cycle10_rms_c_timeweighted""], [""dq100_10_log_variance"", ""cycle10_rms_c_timeweighted""], [""dq100_10_log_variance"", ""cycle10_rms_c_timeweighted""]]",27
CatBoost_baseline/repeat2/outer3/tune,cat,baseline,1,"{""depth"": 2, ""iterations"": 100, ""l2_leaf_reg"": 3.0, ""learning_rate"": 0.07}",10.54170746133809,"[[""dq100_10_log_variance"", ""cycle10_rms_c_timeweighted""], [""dq100_10_log_variance"", ""cycle10_rms_c_timeweighted""], [""dq100_10_log_variance"", ""cycle10_rms_c_timeweighted""]]",27
CatBoost_baseline/repeat2/outer3/tune,cat,baseline,2,"{""depth"": 3, ""iterations"": 100, ""l2_leaf_reg"": 10.0, ""learning_rate"": 0.03}",11.444346781920634,"[[""dq100_10_log_variance"", ""cycle10_rms_c_timeweighted""], [""dq100_10_log_variance"", ""cycle10_rms_c_timeweighted""], [""dq100_10_log_variance"", ""cycle10_rms_c_timeweighted""]]",27
CatBoost_baseline/repeat2/outer3/tune,cat,baseline,3,"{""depth"": 3, ""iterations"": 250, ""l2_leaf_reg"": 3.0, ""learning_rate"": 0.03}",10.617180785298125,"[[""dq100_10_log_variance"", ""cycle10_rms_c_timeweighted""], [""dq100_10_log_variance"", ""cycle10_rms_c_timeweighted""], [""dq100_10_log_variance"", ""cycle10_rms_c_timeweighted""]]",27
CatBoost_baseline/repeat2/outer3/tune,cat,baseline,4,"{""depth"": 2, ""iterations"": 100, ""l2_leaf_reg"": 30.0, ""learning_rate"": 0.03}",12.918851245771679,"[[""dq100_10_log_variance"", ""cycle10_rms_c_timeweighted""], [""dq100_10_log_variance"", ""cycle10_rms_c_timeweighted""], [""dq100_10_log_variance"", ""cycle10_rms_c_timeweighted""]]",27
CatBoost_baseline/repeat2/outer3/tune,cat,baseline,5,"{""depth"": 3, ""iterations"": 250, ""l2_leaf_reg"": 3.0, ""learning_rate"": 0.07}",10.39758723977966,"[[""dq100_10_log_variance"", ""cycle10_rms_c_timeweighted""], [""dq100_10_log_variance"", ""cycle10_rms_c_timeweighted""], [""dq100_10_log_variance"", ""cycle10_rms_c_timeweighted""]]",27
CatBoost_baseline/repeat2/outer3/tune,cat,baseline,6,"{""depth"": 2, ""iterations"": 250, ""l2_leaf_reg"": 10.0, ""learning_rate"": 0.07}",10.32939117570007,"[[""dq100_10_log_variance"", ""cycle10_rms_c_timeweighted""], [""dq100_10_log_variance"", ""cycle10_rms_c_timeweighted""], [""dq100_10_log_variance"", ""cycle10_rms_c_timeweighted""]]",27
CatBoost_baseline/repeat2/outer3/tune,cat,baseline,7,"{""depth"": 2, ""iterations"": 100, ""l2_leaf_reg"": 3.0, ""learning_rate"": 0.03}",10.629443873064169,"[[""dq100_10_log_variance"", ""cycle10_rms_c_timeweighted""], [""dq100_10_log_variance"", ""cycle10_rms_c_timeweighted""], [""dq100_10_log_variance"", ""cycle10_rms_c_timeweighted""]]",27
CatBoost_baseline/repeat2/outer3/tune,cat,baseline,8,"{""depth"": 1, ""iterations"": 250, ""l2_leaf_reg"": 10.0, ""learning_rate"": 0.03}",10.82064144388006,"[[""dq100_10_log_variance"", ""cycle10_rms_c_timeweighted""], [""dq100_10_log_variance"", ""cycle10_rms_c_timeweighted""], [""dq100_10_log_variance"", ""cycle10_rms_c_timeweighted""]]",27
CatBoost_baseline/repeat2/outer3/tune,cat,baseline,9,"{""depth"": 2, ""iterations"": 100, ""l2_leaf_reg"": 30.0, ""learning_rate"": 0.07}",11.311060502979243,"[[""dq100_10_log_variance"", ""cycle10_rms_c_timeweighted""], [""dq100_10_log_variance"", ""cycle10_rms_c_timeweighted""], [""dq100_10_log_variance"", ""cycle10_rms_c_timeweighted""]]",27
CatBoost_baseline/repeat2/outer3/tune,cat,baseline,10,"{""depth"": 1, ""iterations"": 250, ""l2_leaf_reg"": 10.0, ""learning_rate"": 0.07}",10.745556314397264,"[[""dq100_10_log_variance"", ""cycle10_rms_c_timeweighted""], [""dq100_10_log_variance"", ""cycle10_rms_c_timeweighted""], [""dq100_10_log_variance"", ""cycle10_rms_c_timeweighted""]]",27
CatBoost_baseline/repeat2/outer3/tune,cat,baseline,11,"{""depth"": 3, ""iterations"": 250, ""l2_leaf_reg"": 30.0, ""learning_rate"": 0.03}",11.280082780408868,"[[""dq100_10_log_variance"", ""cycle10_rms_c_timeweighted""], [""dq100_10_log_variance"", ""cycle10_rms_c_timeweighted""], [""dq100_10_log_variance"", ""cycle10_rms_c_timeweighted""]]",27
CatBoost_baseline/repeat2/outer4/tune,cat,baseline,0,"{""depth"": 3, ""iterations"": 250, ""l2_leaf_reg"": 30.0, ""learning_rate"": 0.07}",10.14468366547963,"[[""dq100_10_log_variance"", ""cycle10_rms_c_timeweighted""], [""dq100_10_log_variance"", ""cycle10_rms_c_timeweighted""], [""dq100_10_log_variance"", ""cycle10_rms_c_timeweighted""]]",29
CatBoost_baseline/repeat2/outer4/tune,cat,baseline,1,"{""depth"": 2, ""iterations"": 100, ""l2_leaf_reg"": 3.0, ""learning_rate"": 0.07}",9.043604425384618,"[[""dq100_10_log_variance"", ""cycle10_rms_c_timeweighted""], [""dq100_10_log_variance"", ""cycle10_rms_c_timeweighted""], [""dq100_10_log_variance"", ""cycle10_rms_c_timeweighted""]]",29
CatBoost_baseline/repeat2/outer4/tune,cat,baseline,2,"{""depth"": 3, ""iterations"": 100, ""l2_leaf_reg"": 10.0, ""learning_rate"": 0.03}",12.66095855494366,"[[""dq100_10_log_variance"", ""cycle10_rms_c_timeweighted""], [""dq100_10_log_variance"", ""cycle10_rms_c_timeweighted""], [""dq100_10_log_variance"", ""cycle10_rms_c_timeweighted""]]",29
CatBoost_baseline/repeat2/outer4/tune,cat,baseline,3,"{""depth"": 3, ""iterations"": 250, ""l2_leaf_reg"": 3.0, ""learning_rate"": 0.03}",9.076406912018543,"[[""dq100_10_log_variance"", ""cycle10_rms_c_timeweighted""], [""dq100_10_log_variance"", ""cycle10_rms_c_timeweighted""], [""dq100_10_log_variance"", ""cycle10_rms_c_timeweighted""]]",29
CatBoost_baseline/repeat2/outer4/tune,cat,baseline,4,"{""depth"": 2, ""iterations"": 100, ""l2_leaf_reg"": 30.0, ""learning_rate"": 0.03}",14.111259829198634,"[[""dq100_10_log_variance"", ""cycle10_rms_c_timeweighted""], [""dq100_10_log_variance"", ""cycle10_rms_c_timeweighted""], [""dq100_10_log_variance"", ""cycle10_rms_c_timeweighted""]]",29
CatBoost_baseline/repeat2/outer4/tune,cat,baseline,5,"{""depth"": 3, ""iterations"": 250, ""l2_leaf_reg"": 3.0, ""learning_rate"": 0.07}",9.376141985792835,"[[""dq100_10_log_variance"", ""cycle10_rms_c_timeweighted""], [""dq100_10_log_variance"", ""cycle10_rms_c_timeweighted""], [""dq100_10_log_variance"", ""cycle10_rms_c_timeweighted""]]",29
CatBoost_baseline/repeat2/outer4/tune,cat,baseline,6,"{""depth"": 2, ""iterations"": 250, ""l2_leaf_reg"": 10.0, ""learning_rate"": 0.07}",9.046744953962232,"[[""dq100_10_log_variance"", ""cycle10_rms_c_timeweighted""], [""dq100_10_log_variance"", ""cycle10_rms_c_timeweighted""], [""dq100_10_log_variance"", ""cycle10_rms_c_timeweighted""]]",29
CatBoost_baseline/repeat2/outer4/tune,cat,baseline,7,"{""depth"": 2, ""iterations"": 100, ""l2_leaf_reg"": 3.0, ""learning_rate"": 0.03}",10.219120055374631,"[[""dq100_10_log_variance"", ""cycle10_rms_c_timeweighted""], [""dq100_10_log_variance"", ""cycle10_rms_c_timeweighted""], [""dq100_10_log_variance"", ""cycle10_rms_c_timeweighted""]]",29
CatBoost_baseline/repeat2/outer4/tune,cat,baseline,8,"{""depth"": 1, ""iterations"": 250, ""l2_leaf_reg"": 10.0, ""learning_rate"": 0.03}",10.039767629226803,"[[""dq100_10_log_variance"", ""cycle10_rms_c_timeweighted""], [""dq100_10_log_variance"", ""cycle10_rms_c_timeweighted""], [""dq100_10_log_variance"", ""cycle10_rms_c_timeweighted""]]",29
CatBoost_baseline/repeat2/outer4/tune,cat,baseline,9,"{""depth"": 2, ""iterations"": 100, ""l2_leaf_reg"": 30.0, ""learning_rate"": 0.07}",11.693831936198412,"[[""dq100_10_log_variance"", ""cycle10_rms_c_timeweighted""], [""dq100_10_log_variance"", ""cycle10_rms_c_timeweighted""], [""dq100_10_log_variance"", ""cycle10_rms_c_timeweighted""]]",29
CatBoost_baseline/repeat2/outer4/tune,cat,baseline,10,"{""depth"": 1, ""iterations"": 250, ""l2_leaf_reg"": 10.0, ""learning_rate"": 0.07}",9.225018571794132,"[[""dq100_10_log_variance"", ""cycle10_rms_c_timeweighted""], [""dq100_10_log_variance"", ""cycle10_rms_c_timeweighted""], [""dq100_10_log_variance"", ""cycle10_rms_c_timeweighted""]]",29
CatBoost_baseline/repeat2/outer4/tune,cat,baseline,11,"{""depth"": 3, ""iterations"": 250, ""l2_leaf_reg"": 30.0, ""learning_rate"": 0.03}",12.678721969393102,"[[""dq100_10_log_variance"", ""cycle10_rms_c_timeweighted""], [""dq100_10_log_variance"", ""cycle10_rms_c_timeweighted""], [""dq100_10_log_variance"", ""cycle10_rms_c_timeweighted""]]",29
CatBoost_baseline/repeat2/outer5/tune,cat,baseline,0,"{""depth"": 3, ""iterations"": 250, ""l2_leaf_reg"": 30.0, ""learning_rate"": 0.07}",10.358606547529357,"[[""dq100_10_log_variance"", ""cycle10_rms_c_timeweighted""], [""dq100_10_log_variance"", ""cycle10_rms_c_timeweighted""], [""dq100_10_log_variance"", ""cycle10_rms_c_timeweighted""]]",29
CatBoost_baseline/repeat2/outer5/tune,cat,baseline,1,"{""depth"": 2, ""iterations"": 100, ""l2_leaf_reg"": 3.0, ""learning_rate"": 0.07}",9.079513727577135,"[[""dq100_10_log_variance"", ""cycle10_rms_c_timeweighted""], [""dq100_10_log_variance"", ""cycle10_rms_c_timeweighted""], [""dq100_10_log_variance"", ""cycle10_rms_c_timeweighted""]]",29
CatBoost_baseline/repeat2/outer5/tune,cat,baseline,2,"{""depth"": 3, ""iterations"": 100, ""l2_leaf_reg"": 10.0, ""learning_rate"": 0.03}",12.759953385114734,"[[""dq100_10_log_variance"", ""cycle10_rms_c_timeweighted""], [""dq100_10_log_variance"", ""cycle10_rms_c_timeweighted""], [""dq100_10_log_variance"", ""cycle10_rms_c_timeweighted""]]",29
CatBoost_baseline/repeat2/outer5/tune,cat,baseline,3,"{""depth"": 3, ""iterations"": 250, ""l2_leaf_reg"": 3.0, ""learning_rate"": 0.03}",9.046338624856215,"[[""dq100_10_log_variance"", ""cycle10_rms_c_timeweighted""], [""dq100_10_log_variance"", ""cycle10_rms_c_timeweighted""], [""dq100_10_log_variance"", ""cycle10_rms_c_timeweighted""]]",29
CatBoost_baseline/repeat2/outer5/tune,cat,baseline,4,"{""depth"": 2, ""iterations"": 100, ""l2_leaf_reg"": 30.0, ""learning_rate"": 0.03}",14.207766893965607,"[[""dq100_10_log_variance"", ""cycle10_rms_c_timeweighted""], [""dq100_10_log_variance"", ""cycle10_rms_c_timeweighted""], [""dq100_10_log_variance"", ""cycle10_rms_c_timeweighted""]]",29
CatBoost_baseline/repeat2/outer5/tune,cat,baseline,5,"{""depth"": 3, ""iterations"": 250, ""l2_leaf_reg"": 3.0, ""learning_rate"": 0.07}",9.369521171242653,"[[""dq100_10_log_variance"", ""cycle10_rms_c_timeweighted""], [""dq100_10_log_variance"", ""cycle10_rms_c_timeweighted""], [""dq100_10_log_variance"", ""cycle10_rms_c_timeweighted""]]",29
CatBoost_baseline/repeat2/outer5/tune,cat,baseline,6,"{""depth"": 2, ""iterations"": 250, ""l2_leaf_reg"": 10.0, ""learning_rate"": 0.07}",8.939544592792359,"[[""dq100_10_log_variance"", ""cycle10_rms_c_timeweighted""], [""dq100_10_log_variance"", ""cycle10_rms_c_timeweighted""], [""dq100_10_log_variance"", ""cycle10_rms_c_timeweighted""]]",29
CatBoost_baseline/repeat2/outer5/tune,cat,baseline,7,"{""depth"": 2, ""iterations"": 100, ""l2_leaf_reg"": 3.0, ""learning_rate"": 0.03}",10.754347204509141,"[[""dq100_10_log_variance"", ""cycle10_rms_c_timeweighted""], [""dq100_10_log_variance"", ""cycle10_rms_c_timeweighted""], [""dq100_10_log_variance"", ""cycle10_rms_c_timeweighted""]]",29
CatBoost_baseline/repeat2/outer5/tune,cat,baseline,8,"{""depth"": 1, ""iterations"": 250, ""l2_leaf_reg"": 10.0, ""learning_rate"": 0.03}",10.604198176868843,"[[""dq100_10_log_variance"", ""cycle10_rms_c_timeweighted""], [""dq100_10_log_variance"", ""cycle10_rms_c_timeweighted""], [""dq100_10_log_variance"", ""cycle10_rms_c_timeweighted""]]",29
CatBoost_baseline/repeat2/outer5/tune,cat,baseline,9,"{""depth"": 2, ""iterations"": 100, ""l2_leaf_reg"": 30.0, ""learning_rate"": 0.07}",11.612205738617,"[[""dq100_10_log_variance"", ""cycle10_rms_c_timeweighted""], [""dq100_10_log_variance"", ""cycle10_rms_c_timeweighted""], [""dq100_10_log_variance"", ""cycle10_rms_c_timeweighted""]]",29
CatBoost_baseline/repeat2/outer5/tune,cat,baseline,10,"{""depth"": 1, ""iterations"": 250, ""l2_leaf_reg"": 10.0, ""learning_rate"": 0.07}",9.118771215650332,"[[""dq100_10_log_variance"", ""cycle10_rms_c_timeweighted""], [""dq100_10_log_variance"", ""cycle10_rms_c_timeweighted""], [""dq100_10_log_variance"", ""cycle10_rms_c_timeweighted""]]",29
CatBoost_baseline/repeat2/outer5/tune,cat,baseline,11,"{""depth"": 3, ""iterations"": 250, ""l2_leaf_reg"": 30.0, ""learning_rate"": 0.03}",12.716696913560337,"[[""dq100_10_log_variance"", ""cycle10_rms_c_timeweighted""], [""dq100_10_log_variance"", ""cycle10_rms_c_timeweighted""], [""dq100_10_log_variance"", ""cycle10_rms_c_timeweighted""]]",29
CatBoost_baseline/repeat3/outer1/tune,cat,baseline,0,"{""depth"": 3, ""iterations"": 250, ""l2_leaf_reg"": 30.0, ""learning_rate"": 0.07}",10.13478992638483,"[[""dq100_10_log_variance"", ""cycle10_rms_c_timeweighted""], [""dq100_10_log_variance"", ""cycle10_rms_c_timeweighted""], [""dq100_10_log_variance"", ""cycle10_rms_c_timeweighted""]]",27
CatBoost_baseline/repeat3/outer1/tune,cat,baseline,1,"{""depth"": 2, ""iterations"": 100, ""l2_leaf_reg"": 3.0, ""learning_rate"": 0.07}",9.245893567874354,"[[""dq100_10_log_variance"", ""cycle10_rms_c_timeweighted""], [""dq100_10_log_variance"", ""cycle10_rms_c_timeweighted""], [""dq100_10_log_variance"", ""cycle10_rms_c_timeweighted""]]",27
CatBoost_baseline/repeat3/outer1/tune,cat,baseline,2,"{""depth"": 3, ""iterations"": 100, ""l2_leaf_reg"": 10.0, ""learning_rate"": 0.03}",12.362849520231823,"[[""dq100_10_log_variance"", ""cycle10_rms_c_timeweighted""], [""dq100_10_log_variance"", ""cycle10_rms_c_timeweighted""], [""dq100_10_log_variance"", ""cycle10_rms_c_timeweighted""]]",27
CatBoost_baseline/repeat3/outer1/tune,cat,baseline,3,"{""depth"": 3, ""iterations"": 250, ""l2_leaf_reg"": 3.0, ""learning_rate"": 0.03}",9.379435420163155,"[[""dq100_10_log_variance"", ""cycle10_rms_c_timeweighted""], [""dq100_10_log_variance"", ""cycle10_rms_c_timeweighted""], [""dq100_10_log_variance"", ""cycle10_rms_c_timeweighted""]]",27
CatBoost_baseline/repeat3/outer1/tune,cat,baseline,4,"{""depth"": 2, ""iterations"": 100, ""l2_leaf_reg"": 30.0, ""learning_rate"": 0.03}",14.278451977965043,"[[""dq100_10_log_variance"", ""cycle10_rms_c_timeweighted""], [""dq100_10_log_variance"", ""cycle10_rms_c_timeweighted""], [""dq100_10_log_variance"", ""cycle10_rms_c_timeweighted""]]",27
CatBoost_baseline/repeat3/outer1/tune,cat,baseline,5,"{""depth"": 3, ""iterations"": 250, ""l2_leaf_reg"": 3.0, ""learning_rate"": 0.07}",9.876075237307113,"[[""dq100_10_log_variance"", ""cycle10_rms_c_timeweighted""], [""dq100_10_log_variance"", ""cycle10_rms_c_timeweighted""], [""dq100_10_log_variance"", ""cycle10_rms_c_timeweighted""]]",27
CatBoost_baseline/repeat3/outer1/tune,cat,baseline,6,"{""depth"": 2, ""iterations"": 250, ""l2_leaf_reg"": 10.0, ""learning_rate"": 0.07}",9.162626213417747,"[[""dq100_10_log_variance"", ""cycle10_rms_c_timeweighted""], [""dq100_10_log_variance"", ""cycle10_rms_c_timeweighted""], [""dq100_10_log_variance"", ""cycle10_rms_c_timeweighted""]]",27
CatBoost_baseline/repeat3/outer1/tune,cat,baseline,7,"{""depth"": 2, ""iterations"": 100, ""l2_leaf_reg"": 3.0, ""learning_rate"": 0.03}",10.335647698839306,"[[""dq100_10_log_variance"", ""cycle10_rms_c_timeweighted""], [""dq100_10_log_variance"", ""cycle10_rms_c_timeweighted""], [""dq100_10_log_variance"", ""cycle10_rms_c_timeweighted""]]",27
CatBoost_baseline/repeat3/outer1/tune,cat,baseline,8,"{""depth"": 1, ""iterations"": 250, ""l2_leaf_reg"": 10.0, ""learning_rate"": 0.03}",10.246363909487922,"[[""dq100_10_log_variance"", ""cycle10_rms_c_timeweighted""], [""dq100_10_log_variance"", ""cycle10_rms_c_timeweighted""], [""dq100_10_log_variance"", ""cycle10_rms_c_timeweighted""]]",27
CatBoost_baseline/repeat3/outer1/tune,cat,baseline,9,"{""depth"": 2, ""iterations"": 100, ""l2_leaf_reg"": 30.0, ""learning_rate"": 0.07}",12.079778367646528,"[[""dq100_10_log_variance"", ""cycle10_rms_c_timeweighted""], [""dq100_10_log_variance"", ""cycle10_rms_c_timeweighted""], [""dq100_10_log_variance"", ""cycle10_rms_c_timeweighted""]]",27
CatBoost_baseline/repeat3/outer1/tune,cat,baseline,10,"{""depth"": 1, ""iterations"": 250, ""l2_leaf_reg"": 10.0, ""learning_rate"": 0.07}",9.275886118707627,"[[""dq100_10_log_variance"", ""cycle10_rms_c_timeweighted""], [""dq100_10_log_variance"", ""cycle10_rms_c_timeweighted""], [""dq100_10_log_variance"", ""cycle10_rms_c_timeweighted""]]",27
CatBoost_baseline/repeat3/outer1/tune,cat,baseline,11,"{""depth"": 3, ""iterations"": 250, ""l2_leaf_reg"": 30.0, ""learning_rate"": 0.03}",12.037551417921174,"[[""dq100_10_log_variance"", ""cycle10_rms_c_timeweighted""], [""dq100_10_log_variance"", ""cycle10_rms_c_timeweighted""], [""dq100_10_log_variance"", ""cycle10_rms_c_timeweighted""]]",27
CatBoost_baseline/repeat3/outer2/tune,cat,baseline,0,"{""depth"": 3, ""iterations"": 250, ""l2_leaf_reg"": 30.0, ""learning_rate"": 0.07}",12.290562590082452,"[[""dq100_10_log_variance"", ""cycle10_rms_c_timeweighted""], [""dq100_10_log_variance"", ""cycle10_rms_c_timeweighted""], [""dq100_10_log_variance"", ""cycle10_rms_c_timeweighted""]]",28
CatBoost_baseline/repeat3/outer2/tune,cat,baseline,1,"{""depth"": 2, ""iterations"": 100, ""l2_leaf_reg"": 3.0, ""learning_rate"": 0.07}",12.364220701974805,"[[""dq100_10_log_variance"", ""cycle10_rms_c_timeweighted""], [""dq100_10_log_variance"", ""cycle10_rms_c_timeweighted""], [""dq100_10_log_variance"", ""cycle10_rms_c_timeweighted""]]",28
CatBoost_baseline/repeat3/outer2/tune,cat,baseline,2,"{""depth"": 3, ""iterations"": 100, ""l2_leaf_reg"": 10.0, ""learning_rate"": 0.03}",14.273902270005545,"[[""dq100_10_log_variance"", ""cycle10_rms_c_timeweighted""], [""dq100_10_log_variance"", ""cycle10_rms_c_timeweighted""], [""dq100_10_log_variance"", ""cycle10_rms_c_timeweighted""]]",28
CatBoost_baseline/repeat3/outer2/tune,cat,baseline,3,"{""depth"": 3, ""iterations"": 250, ""l2_leaf_reg"": 3.0, ""learning_rate"": 0.03}",12.533014809701198,"[[""dq100_10_log_variance"", ""cycle10_rms_c_timeweighted""], [""dq100_10_log_variance"", ""cycle10_rms_c_timeweighted""], [""dq100_10_log_variance"", ""cycle10_rms_c_timeweighted""]]",28
CatBoost_baseline/repeat3/outer2/tune,cat,baseline,4,"{""depth"": 2, ""iterations"": 100, ""l2_leaf_reg"": 30.0, ""learning_rate"": 0.03}",13.94374276621018,"[[""dq100_10_log_variance"", ""cycle10_rms_c_timeweighted""], [""dq100_10_log_variance"", ""cycle10_rms_c_timeweighted""], [""dq100_10_log_variance"", ""cycle10_rms_c_timeweighted""]]",28
CatBoost_baseline/repeat3/outer2/tune,cat,baseline,5,"{""depth"": 3, ""iterations"": 250, ""l2_leaf_reg"": 3.0, ""learning_rate"": 0.07}",12.492199228843013,"[[""dq100_10_log_variance"", ""cycle10_rms_c_timeweighted""], [""dq100_10_log_variance"", ""cycle10_rms_c_timeweighted""], [""dq100_10_log_variance"", ""cycle10_rms_c_timeweighted""]]",28
CatBoost_baseline/repeat3/outer2/tune,cat,baseline,6,"{""depth"": 2, ""iterations"": 250, ""l2_leaf_reg"": 10.0, ""learning_rate"": 0.07}",12.522223896832212,"[[""dq100_10_log_variance"", ""cycle10_rms_c_timeweighted""], [""dq100_10_log_variance"", ""cycle10_rms_c_timeweighted""], [""dq100_10_log_variance"", ""cycle10_rms_c_timeweighted""]]",28
CatBoost_baseline/repeat3/outer2/tune,cat,baseline,7,"{""depth"": 2, ""iterations"": 100, ""l2_leaf_reg"": 3.0, ""learning_rate"": 0.03}",12.215351226038393,"[[""dq100_10_log_variance"", ""cycle10_rms_c_timeweighted""], [""dq100_10_log_variance"", ""cycle10_rms_c_timeweighted""], [""dq100_10_log_variance"", ""cycle10_rms_c_timeweighted""]]",28
CatBoost_baseline/repeat3/outer2/tune,cat,baseline,8,"{""depth"": 1, ""iterations"": 250, ""l2_leaf_reg"": 10.0, ""learning_rate"": 0.03}",12.034951045366368,"[[""dq100_10_log_variance"", ""cycle10_rms_c_timeweighted""], [""dq100_10_log_variance"", ""cycle10_rms_c_timeweighted""], [""dq100_10_log_variance"", ""cycle10_rms_c_timeweighted""]]",28
CatBoost_baseline/repeat3/outer2/tune,cat,baseline,9,"{""depth"": 2, ""iterations"": 100, ""l2_leaf_reg"": 30.0, ""learning_rate"": 0.07}",12.511875505002317,"[[""dq100_10_log_variance"", ""cycle10_rms_c_timeweighted""], [""dq100_10_log_variance"", ""cycle10_rms_c_timeweighted""], [""dq100_10_log_variance"", ""cycle10_rms_c_timeweighted""]]",28
CatBoost_baseline/repeat3/outer2/tune,cat,baseline,10,"{""depth"": 1, ""iterations"": 250, ""l2_leaf_reg"": 10.0, ""learning_rate"": 0.07}",12.39004639623315,"[[""dq100_10_log_variance"", ""cycle10_rms_c_timeweighted""], [""dq100_10_log_variance"", ""cycle10_rms_c_timeweighted""], [""dq100_10_log_variance"", ""cycle10_rms_c_timeweighted""]]",28
CatBoost_baseline/repeat3/outer2/tune,cat,baseline,11,"{""depth"": 3, ""iterations"": 250, ""l2_leaf_reg"": 30.0, ""learning_rate"": 0.03}",14.437954403232862,"[[""dq100_10_log_variance"", ""cycle10_rms_c_timeweighted""], [""dq100_10_log_variance"", ""cycle10_rms_c_timeweighted""], [""dq100_10_log_variance"", ""cycle10_rms_c_timeweighted""]]",28
CatBoost_baseline/repeat3/outer3/tune,cat,baseline,0,"{""depth"": 3, ""iterations"": 250, ""l2_leaf_reg"": 30.0, ""learning_rate"": 0.07}",7.648665974647864,"[[""dq100_10_log_variance"", ""cycle10_rms_c_timeweighted""], [""dq100_10_log_variance"", ""cycle10_rms_c_timeweighted""], [""dq100_10_log_variance"", ""cycle10_rms_c_timeweighted""]]",27
CatBoost_baseline/repeat3/outer3/tune,cat,baseline,1,"{""depth"": 2, ""iterations"": 100, ""l2_leaf_reg"": 3.0, ""learning_rate"": 0.07}",6.552266526111455,"[[""dq100_10_log_variance"", ""cycle10_rms_c_timeweighted""], [""dq100_10_log_variance"", ""cycle10_rms_c_timeweighted""], [""dq100_10_log_variance"", ""cycle10_rms_c_timeweighted""]]",27
CatBoost_baseline/repeat3/outer3/tune,cat,baseline,2,"{""depth"": 3, ""iterations"": 100, ""l2_leaf_reg"": 10.0, ""learning_rate"": 0.03}",9.356114727294813,"[[""dq100_10_log_variance"", ""cycle10_rms_c_timeweighted""], [""dq100_10_log_variance"", ""cycle10_rms_c_timeweighted""], [""dq100_10_log_variance"", ""cycle10_rms_c_timeweighted""]]",27
CatBoost_baseline/repeat3/outer3/tune,cat,baseline,3,"{""depth"": 3, ""iterations"": 250, ""l2_leaf_reg"": 3.0, ""learning_rate"": 0.03}",6.715510456438538,"[[""dq100_10_log_variance"", ""cycle10_rms_c_timeweighted""], [""dq100_10_log_variance"", ""cycle10_rms_c_timeweighted""], [""dq100_10_log_variance"", ""cycle10_rms_c_timeweighted""]]",27
CatBoost_baseline/repeat3/outer3/tune,cat,baseline,4,"{""depth"": 2, ""iterations"": 100, ""l2_leaf_reg"": 30.0, ""learning_rate"": 0.03}",12.414292493560147,"[[""dq100_10_log_variance"", ""cycle10_rms_c_timeweighted""], [""dq100_10_log_variance"", ""cycle10_rms_c_timeweighted""], [""dq100_10_log_variance"", ""cycle10_rms_c_timeweighted""]]",27
CatBoost_baseline/repeat3/outer3/tune,cat,baseline,5,"{""depth"": 3, ""iterations"": 250, ""l2_leaf_reg"": 3.0, ""learning_rate"": 0.07}",6.735010572249524,"[[""dq100_10_log_variance"", ""cycle10_rms_c_timeweighted""], [""dq100_10_log_variance"", ""cycle10_rms_c_timeweighted""], [""dq100_10_log_variance"", ""cycle10_rms_c_timeweighted""]]",27
CatBoost_baseline/repeat3/outer3/tune,cat,baseline,6,"{""depth"": 2, ""iterations"": 250, ""l2_leaf_reg"": 10.0, ""learning_rate"": 0.07}",6.506997358862813,"[[""dq100_10_log_variance"", ""cycle10_rms_c_timeweighted""], [""dq100_10_log_variance"", ""cycle10_rms_c_timeweighted""], [""dq100_10_log_variance"", ""cycle10_rms_c_timeweighted""]]",27
CatBoost_baseline/repeat3/outer3/tune,cat,baseline,7,"{""depth"": 2, ""iterations"": 100, ""l2_leaf_reg"": 3.0, ""learning_rate"": 0.03}",8.139471953785193,"[[""dq100_10_log_variance"", ""cycle10_rms_c_timeweighted""], [""dq100_10_log_variance"", ""cycle10_rms_c_timeweighted""], [""dq100_10_log_variance"", ""cycle10_rms_c_timeweighted""]]",27
CatBoost_baseline/repeat3/outer3/tune,cat,baseline,8,"{""depth"": 1, ""iterations"": 250, ""l2_leaf_reg"": 10.0, ""learning_rate"": 0.03}",7.9852060458215846,"[[""dq100_10_log_variance"", ""cycle10_rms_c_timeweighted""], [""dq100_10_log_variance"", ""cycle10_rms_c_timeweighted""], [""dq100_10_log_variance"", ""cycle10_rms_c_timeweighted""]]",27
CatBoost_baseline/repeat3/outer3/tune,cat,baseline,9,"{""depth"": 2, ""iterations"": 100, ""l2_leaf_reg"": 30.0, ""learning_rate"": 0.07}",9.54266310141557,"[[""dq100_10_log_variance"", ""cycle10_rms_c_timeweighted""], [""dq100_10_log_variance"", ""cycle10_rms_c_timeweighted""], [""dq100_10_log_variance"", ""cycle10_rms_c_timeweighted""]]",27
CatBoost_baseline/repeat3/outer3/tune,cat,baseline,10,"{""depth"": 1, ""iterations"": 250, ""l2_leaf_reg"": 10.0, ""learning_rate"": 0.07}",6.869242815199512,"[[""dq100_10_log_variance"", ""cycle10_rms_c_timeweighted""], [""dq100_10_log_variance"", ""cycle10_rms_c_timeweighted""], [""dq100_10_log_variance"", ""cycle10_rms_c_timeweighted""]]",27
CatBoost_baseline/repeat3/outer3/tune,cat,baseline,11,"{""depth"": 3, ""iterations"": 250, ""l2_leaf_reg"": 30.0, ""learning_rate"": 0.03}",9.307077429083877,"[[""dq100_10_log_variance"", ""cycle10_rms_c_timeweighted""], [""dq100_10_log_variance"", ""cycle10_rms_c_timeweighted""], [""dq100_10_log_variance"", ""cycle10_rms_c_timeweighted""]]",27
CatBoost_baseline/repeat3/outer4/tune,cat,baseline,0,"{""depth"": 3, ""iterations"": 250, ""l2_leaf_reg"": 30.0, ""learning_rate"": 0.07}",10.555807250836967,"[[""dq100_10_log_variance"", ""cycle10_rms_c_timeweighted""], [""dq100_10_log_variance"", ""cycle10_rms_c_timeweighted""], [""dq100_10_log_variance"", ""cycle10_rms_c_timeweighted""]]",29
CatBoost_baseline/repeat3/outer4/tune,cat,baseline,1,"{""depth"": 2, ""iterations"": 100, ""l2_leaf_reg"": 3.0, ""learning_rate"": 0.07}",9.312099537315532,"[[""dq100_10_log_variance"", ""cycle10_rms_c_timeweighted""], [""dq100_10_log_variance"", ""cycle10_rms_c_timeweighted""], [""dq100_10_log_variance"", ""cycle10_rms_c_timeweighted""]]",29
CatBoost_baseline/repeat3/outer4/tune,cat,baseline,2,"{""depth"": 3, ""iterations"": 100, ""l2_leaf_reg"": 10.0, ""learning_rate"": 0.03}",13.992036868329452,"[[""dq100_10_log_variance"", ""cycle10_rms_c_timeweighted""], [""dq100_10_log_variance"", ""cycle10_rms_c_timeweighted""], [""dq100_10_log_variance"", ""cycle10_rms_c_timeweighted""]]",29
CatBoost_baseline/repeat3/outer4/tune,cat,baseline,3,"{""depth"": 3, ""iterations"": 250, ""l2_leaf_reg"": 3.0, ""learning_rate"": 0.03}",9.28621146848318,"[[""dq100_10_log_variance"", ""cycle10_rms_c_timeweighted""], [""dq100_10_log_variance"", ""cycle10_rms_c_timeweighted""], [""dq100_10_log_variance"", ""cycle10_rms_c_timeweighted""]]",29
CatBoost_baseline/repeat3/outer4/tune,cat,baseline,4,"{""depth"": 2, ""iterations"": 100, ""l2_leaf_reg"": 30.0, ""learning_rate"": 0.03}",16.15496730349435,"[[""dq100_10_log_variance"", ""cycle10_rms_c_timeweighted""], [""dq100_10_log_variance"", ""cycle10_rms_c_timeweighted""], [""dq100_10_log_variance"", ""cycle10_rms_c_timeweighted""]]",29
CatBoost_baseline/repeat3/outer4/tune,cat,baseline,5,"{""depth"": 3, ""iterations"": 250, ""l2_leaf_reg"": 3.0, ""learning_rate"": 0.07}",9.468214429927505,"[[""dq100_10_log_variance"", ""cycle10_rms_c_timeweighted""], [""dq100_10_log_variance"", ""cycle10_rms_c_timeweighted""], [""dq100_10_log_variance"", ""cycle10_rms_c_timeweighted""]]",29
CatBoost_baseline/repeat3/outer4/tune,cat,baseline,6,"{""depth"": 2, ""iterations"": 250, ""l2_leaf_reg"": 10.0, ""learning_rate"": 0.07}",9.265413019796071,"[[""dq100_10_log_variance"", ""cycle10_rms_c_timeweighted""], [""dq100_10_log_variance"", ""cycle10_rms_c_timeweighted""], [""dq100_10_log_variance"", ""cycle10_rms_c_timeweighted""]]",29
CatBoost_baseline/repeat3/outer4/tune,cat,baseline,7,"{""depth"": 2, ""iterations"": 100, ""l2_leaf_reg"": 3.0, ""learning_rate"": 0.03}",10.894749631575824,"[[""dq100_10_log_variance"", ""cycle10_rms_c_timeweighted""], [""dq100_10_log_variance"", ""cycle10_rms_c_timeweighted""], [""dq100_10_log_variance"", ""cycle10_rms_c_timeweighted""]]",29
CatBoost_baseline/repeat3/outer4/tune,cat,baseline,8,"{""depth"": 1, ""iterations"": 250, ""l2_leaf_reg"": 10.0, ""learning_rate"": 0.03}",10.773486150395815,"[[""dq100_10_log_variance"", ""cycle10_rms_c_timeweighted""], [""dq100_10_log_variance"", ""cycle10_rms_c_timeweighted""], [""dq100_10_log_variance"", ""cycle10_rms_c_timeweighted""]]",29
CatBoost_baseline/repeat3/outer4/tune,cat,baseline,9,"{""depth"": 2, ""iterations"": 100, ""l2_leaf_reg"": 30.0, ""learning_rate"": 0.07}",12.680813933312072,"[[""dq100_10_log_variance"", ""cycle10_rms_c_timeweighted""], [""dq100_10_log_variance"", ""cycle10_rms_c_timeweighted""], [""dq100_10_log_variance"", ""cycle10_rms_c_timeweighted""]]",29
CatBoost_baseline/repeat3/outer4/tune,cat,baseline,10,"{""depth"": 1, ""iterations"": 250, ""l2_leaf_reg"": 10.0, ""learning_rate"": 0.07}",9.480716521315093,"[[""dq100_10_log_variance"", ""cycle10_rms_c_timeweighted""], [""dq100_10_log_variance"", ""cycle10_rms_c_timeweighted""], [""dq100_10_log_variance"", ""cycle10_rms_c_timeweighted""]]",29
CatBoost_baseline/repeat3/outer4/tune,cat,baseline,11,"{""depth"": 3, ""iterations"": 250, ""l2_leaf_reg"": 30.0, ""learning_rate"": 0.03}",13.791680969242378,"[[""dq100_10_log_variance"", ""cycle10_rms_c_timeweighted""], [""dq100_10_log_variance"", ""cycle10_rms_c_timeweighted""], [""dq100_10_log_variance"", ""cycle10_rms_c_timeweighted""]]",29
CatBoost_baseline/repeat3/outer5/tune,cat,baseline,0,"{""depth"": 3, ""iterations"": 250, ""l2_leaf_reg"": 30.0, ""learning_rate"": 0.07}",7.815080627125375,"[[""dq100_10_log_variance"", ""cycle10_rms_c_timeweighted""], [""dq100_10_log_variance"", ""cycle10_rms_c_timeweighted""], [""dq100_10_log_variance"", ""cycle10_rms_c_timeweighted""]]",29
CatBoost_baseline/repeat3/outer5/tune,cat,baseline,1,"{""depth"": 2, ""iterations"": 100, ""l2_leaf_reg"": 3.0, ""learning_rate"": 0.07}",7.605098387705253,"[[""dq100_10_log_variance"", ""cycle10_rms_c_timeweighted""], [""dq100_10_log_variance"", ""cycle10_rms_c_timeweighted""], [""dq100_10_log_variance"", ""cycle10_rms_c_timeweighted""]]",29
CatBoost_baseline/repeat3/outer5/tune,cat,baseline,2,"{""depth"": 3, ""iterations"": 100, ""l2_leaf_reg"": 10.0, ""learning_rate"": 0.03}",11.162212486760776,"[[""dq100_10_log_variance"", ""cycle10_rms_c_timeweighted""], [""dq100_10_log_variance"", ""cycle10_rms_c_timeweighted""], [""dq100_10_log_variance"", ""cycle10_rms_c_timeweighted""]]",29
CatBoost_baseline/repeat3/outer5/tune,cat,baseline,3,"{""depth"": 3, ""iterations"": 250, ""l2_leaf_reg"": 3.0, ""learning_rate"": 0.03}",7.584070592786071,"[[""dq100_10_log_variance"", ""cycle10_rms_c_timeweighted""], [""dq100_10_log_variance"", ""cycle10_rms_c_timeweighted""], [""dq100_10_log_variance"", ""cycle10_rms_c_timeweighted""]]",29
CatBoost_baseline/repeat3/outer5/tune,cat,baseline,4,"{""depth"": 2, ""iterations"": 100, ""l2_leaf_reg"": 30.0, ""learning_rate"": 0.03}",13.915810650351085,"[[""dq100_10_log_variance"", ""cycle10_rms_c_timeweighted""], [""dq100_10_log_variance"", ""cycle10_rms_c_timeweighted""], [""dq100_10_log_variance"", ""cycle10_rms_c_timeweighted""]]",29
CatBoost_baseline/repeat3/outer5/tune,cat,baseline,5,"{""depth"": 3, ""iterations"": 250, ""l2_leaf_reg"": 3.0, ""learning_rate"": 0.07}",7.5644171537552,"[[""dq100_10_log_variance"", ""cycle10_rms_c_timeweighted""], [""dq100_10_log_variance"", ""cycle10_rms_c_timeweighted""], [""dq100_10_log_variance"", ""cycle10_rms_c_timeweighted""]]",29
CatBoost_baseline/repeat3/outer5/tune,cat,baseline,6,"{""depth"": 2, ""iterations"": 250, ""l2_leaf_reg"": 10.0, ""learning_rate"": 0.07}",7.473010170973436,"[[""dq100_10_log_variance"", ""cycle10_rms_c_timeweighted""], [""dq100_10_log_variance"", ""cycle10_rms_c_timeweighted""], [""dq100_10_log_variance"", ""cycle10_rms_c_timeweighted""]]",29
CatBoost_baseline/repeat3/outer5/tune,cat,baseline,7,"{""depth"": 2, ""iterations"": 100, ""l2_leaf_reg"": 3.0, ""learning_rate"": 0.03}",8.874726350239525,"[[""dq100_10_log_variance"", ""cycle10_rms_c_timeweighted""], [""dq100_10_log_variance"", ""cycle10_rms_c_timeweighted""], [""dq100_10_log_variance"", ""cycle10_rms_c_timeweighted""]]",29
CatBoost_baseline/repeat3/outer5/tune,cat,baseline,8,"{""depth"": 1, ""iterations"": 250, ""l2_leaf_reg"": 10.0, ""learning_rate"": 0.03}",8.593184664800887,"[[""dq100_10_log_variance"", ""cycle10_rms_c_timeweighted""], [""dq100_10_log_variance"", ""cycle10_rms_c_timeweighted""], [""dq100_10_log_variance"", ""cycle10_rms_c_timeweighted""]]",29
CatBoost_baseline/repeat3/outer5/tune,cat,baseline,9,"{""depth"": 2, ""iterations"": 100, ""l2_leaf_reg"": 30.0, ""learning_rate"": 0.07}",10.39092024461622,"[[""dq100_10_log_variance"", ""cycle10_rms_c_timeweighted""], [""dq100_10_log_variance"", ""cycle10_rms_c_timeweighted""], [""dq100_10_log_variance"", ""cycle10_rms_c_timeweighted""]]",29
CatBoost_baseline/repeat3/outer5/tune,cat,baseline,10,"{""depth"": 1, ""iterations"": 250, ""l2_leaf_reg"": 10.0, ""learning_rate"": 0.07}",7.66943105585613,"[[""dq100_10_log_variance"", ""cycle10_rms_c_timeweighted""], [""dq100_10_log_variance"", ""cycle10_rms_c_timeweighted""], [""dq100_10_log_variance"", ""cycle10_rms_c_timeweighted""]]",29
CatBoost_baseline/repeat3/outer5/tune,cat,baseline,11,"{""depth"": 3, ""iterations"": 250, ""l2_leaf_reg"": 30.0, ""learning_rate"": 0.03}",10.76095863617465,"[[""dq100_10_log_variance"", ""cycle10_rms_c_timeweighted""], [""dq100_10_log_variance"", ""cycle10_rms_c_timeweighted""], [""dq100_10_log_variance"", ""cycle10_rms_c_timeweighted""]]",29
CatBoost_plus_top2/repeat1/outer1/tune,cat,plus_top2,0,"{""depth"": 3, ""iterations"": 250, ""l2_leaf_reg"": 30.0, ""learning_rate"": 0.07}",8.989543004924302,"[[""dq100_10_log_variance"", ""cycle10_rms_c_timeweighted"", ""dq100_10_q05_ah"", ""dq100_10_mean_ah""], [""dq100_10_log_variance"", ""cycle10_rms_c_timeweighted"", ""dq100_10_q05_ah"", ""dq100_10_mean_ah""], [""dq100_10_log_variance"", ""cycle10_rms_c_timeweighted"", ""dq100_10_q05_ah"", ""dq100_10_mean_ah""]]",28
CatBoost_plus_top2/repeat1/outer1/tune,cat,plus_top2,1,"{""depth"": 2, ""iterations"": 100, ""l2_leaf_reg"": 3.0, ""learning_rate"": 0.07}",7.9986250805276535,"[[""dq100_10_log_variance"", ""cycle10_rms_c_timeweighted"", ""dq100_10_q05_ah"", ""dq100_10_mean_ah""], [""dq100_10_log_variance"", ""cycle10_rms_c_timeweighted"", ""dq100_10_q05_ah"", ""dq100_10_mean_ah""], [""dq100_10_log_variance"", ""cycle10_rms_c_timeweighted"", ""dq100_10_q05_ah"", ""dq100_10_mean_ah""]]",28
CatBoost_plus_top2/repeat1/outer1/tune,cat,plus_top2,2,"{""depth"": 3, ""iterations"": 100, ""l2_leaf_reg"": 10.0, ""learning_rate"": 0.03}",11.193908698179765,"[[""dq100_10_log_variance"", ""cycle10_rms_c_timeweighted"", ""dq100_10_q05_ah"", ""dq100_10_mean_ah""], [""dq100_10_log_variance"", ""cycle10_rms_c_timeweighted"", ""dq100_10_q05_ah"", ""dq100_10_mean_ah""], [""dq100_10_log_variance"", ""cycle10_rms_c_timeweighted"", ""dq100_10_q05_ah"", ""dq100_10_mean_ah""]]",28
CatBoost_plus_top2/repeat1/outer1/tune,cat,plus_top2,3,"{""depth"": 3, ""iterations"": 250, ""l2_leaf_reg"": 3.0, ""learning_rate"": 0.03}",8.268131804876607,"[[""dq100_10_log_variance"", ""cycle10_rms_c_timeweighted"", ""dq100_10_q05_ah"", ""dq100_10_mean_ah""], [""dq100_10_log_variance"", ""cycle10_rms_c_timeweighted"", ""dq100_10_q05_ah"", ""dq100_10_mean_ah""], [""dq100_10_log_variance"", ""cycle10_rms_c_timeweighted"", ""dq100_10_q05_ah"", ""dq100_10_mean_ah""]]",28
CatBoost_plus_top2/repeat1/outer1/tune,cat,plus_top2,4,"{""depth"": 2, ""iterations"": 100, ""l2_leaf_reg"": 30.0, ""learning_rate"": 0.03}",13.329163678682999,"[[""dq100_10_log_variance"", ""cycle10_rms_c_timeweighted"", ""dq100_10_q05_ah"", ""dq100_10_mean_ah""], [""dq100_10_log_variance"", ""cycle10_rms_c_timeweighted"", ""dq100_10_q05_ah"", ""dq100_10_mean_ah""], [""dq100_10_log_variance"", ""cycle10_rms_c_timeweighted"", ""dq100_10_q05_ah"", ""dq100_10_mean_ah""]]",28
CatBoost_plus_top2/repeat1/outer1/tune,cat,plus_top2,5,"{""depth"": 3, ""iterations"": 250, ""l2_leaf_reg"": 3.0, ""learning_rate"": 0.07}",8.046648140917249,"[[""dq100_10_log_variance"", ""cycle10_rms_c_timeweighted"", ""dq100_10_q05_ah"", ""dq100_10_mean_ah""], [""dq100_10_log_variance"", ""cycle10_rms_c_timeweighted"", ""dq100_10_q05_ah"", ""dq100_10_mean_ah""], [""dq100_10_log_variance"", ""cycle10_rms_c_timeweighted"", ""dq100_10_q05_ah"", ""dq100_10_mean_ah""]]",28
CatBoost_plus_top2/repeat1/outer1/tune,cat,plus_top2,6,"{""depth"": 2, ""iterations"": 250, ""l2_leaf_reg"": 10.0, ""learning_rate"": 0.07}",7.80373880527846,"[[""dq100_10_log_variance"", ""cycle10_rms_c_timeweighted"", ""dq100_10_q05_ah"", ""dq100_10_mean_ah""], [""dq100_10_log_variance"", ""cycle10_rms_c_timeweighted"", ""dq100_10_q05_ah"", ""dq100_10_mean_ah""], [""dq100_10_log_variance"", ""cycle10_rms_c_timeweighted"", ""dq100_10_q05_ah"", ""dq100_10_mean_ah""]]",28
CatBoost_plus_top2/repeat1/outer1/tune,cat,plus_top2,7,"{""depth"": 2, ""iterations"": 100, ""l2_leaf_reg"": 3.0, ""learning_rate"": 0.03}",9.235958763474075,"[[""dq100_10_log_variance"", ""cycle10_rms_c_timeweighted"", ""dq100_10_q05_ah"", ""dq100_10_mean_ah""], [""dq100_10_log_variance"", ""cycle10_rms_c_timeweighted"", ""dq100_10_q05_ah"", ""dq100_10_mean_ah""], [""dq100_10_log_variance"", ""cycle10_rms_c_timeweighted"", ""dq100_10_q05_ah"", ""dq100_10_mean_ah""]]",28
CatBoost_plus_top2/repeat1/outer1/tune,cat,plus_top2,8,"{""depth"": 1, ""iterations"": 250, ""l2_leaf_reg"": 10.0, ""learning_rate"": 0.03}",9.645556129151336,"[[""dq100_10_log_variance"", ""cycle10_rms_c_timeweighted"", ""dq100_10_q05_ah"", ""dq100_10_mean_ah""], [""dq100_10_log_variance"", ""cycle10_rms_c_timeweighted"", ""dq100_10_q05_ah"", ""dq100_10_mean_ah""], [""dq100_10_log_variance"", ""cycle10_rms_c_timeweighted"", ""dq100_10_q05_ah"", ""dq100_10_mean_ah""]]",28
CatBoost_plus_top2/repeat1/outer1/tune,cat,plus_top2,9,"{""depth"": 2, ""iterations"": 100, ""l2_leaf_reg"": 30.0, ""learning_rate"": 0.07}",11.06256165102053,"[[""dq100_10_log_variance"", ""cycle10_rms_c_timeweighted"", ""dq100_10_q05_ah"", ""dq100_10_mean_ah""], [""dq100_10_log_variance"", ""cycle10_rms_c_timeweighted"", ""dq100_10_q05_ah"", ""dq100_10_mean_ah""], [""dq100_10_log_variance"", ""cycle10_rms_c_timeweighted"", ""dq100_10_q05_ah"", ""dq100_10_mean_ah""]]",28
CatBoost_plus_top2/repeat1/outer1/tune,cat,plus_top2,10,"{""depth"": 1, ""iterations"": 250, ""l2_leaf_reg"": 10.0, ""learning_rate"": 0.07}",8.118194648883657,"[[""dq100_10_log_variance"", ""cycle10_rms_c_timeweighted"", ""dq100_10_q05_ah"", ""dq100_10_mean_ah""], [""dq100_10_log_variance"", ""cycle10_rms_c_timeweighted"", ""dq100_10_q05_ah"", ""dq100_10_mean_ah""], [""dq100_10_log_variance"", ""cycle10_rms_c_timeweighted"", ""dq100_10_q05_ah"", ""dq100_10_mean_ah""]]",28
CatBoost_plus_top2/repeat1/outer1/tune,cat,plus_top2,11,"{""depth"": 3, ""iterations"": 250, ""l2_leaf_reg"": 30.0, ""learning_rate"": 0.03}",11.199628362882011,"[[""dq100_10_log_variance"", ""cycle10_rms_c_timeweighted"", ""dq100_10_q05_ah"", ""dq100_10_mean_ah""], [""dq100_10_log_variance"", ""cycle10_rms_c_timeweighted"", ""dq100_10_q05_ah"", ""dq100_10_mean_ah""], [""dq100_10_log_variance"", ""cycle10_rms_c_timeweighted"", ""dq100_10_q05_ah"", ""dq100_10_mean_ah""]]",28
CatBoost_plus_top2/repeat1/outer2/tune,cat,plus_top2,0,"{""depth"": 3, ""iterations"": 250, ""l2_leaf_reg"": 30.0, ""learning_rate"": 0.07}",9.709607016111582,"[[""dq100_10_log_variance"", ""cycle10_rms_c_timeweighted"", ""dq100_10_q05_ah"", ""dq100_10_mean_ah""], [""dq100_10_log_variance"", ""cycle10_rms_c_timeweighted"", ""dq100_10_q05_ah"", ""dq100_10_mean_ah""], [""dq100_10_log_variance"", ""cycle10_rms_c_timeweighted"", ""dq100_10_q05_ah"", ""dq100_10_mean_ah""]]",27
CatBoost_plus_top2/repeat1/outer2/tune,cat,plus_top2,1,"{""depth"": 2, ""iterations"": 100, ""l2_leaf_reg"": 3.0, ""learning_rate"": 0.07}",9.112702294821661,"[[""dq100_10_log_variance"", ""cycle10_rms_c_timeweighted"", ""dq100_10_q05_ah"", ""dq100_10_mean_ah""], [""dq100_10_log_variance"", ""cycle10_rms_c_timeweighted"", ""dq100_10_q05_ah"", ""dq100_10_mean_ah""], [""dq100_10_log_variance"", ""cycle10_rms_c_timeweighted"", ""dq100_10_q05_ah"", ""dq100_10_mean_ah""]]",27
CatBoost_plus_top2/repeat1/outer2/tune,cat,plus_top2,2,"{""depth"": 3, ""iterations"": 100, ""l2_leaf_reg"": 10.0, ""learning_rate"": 0.03}",11.565513900905762,"[[""dq100_10_log_variance"", ""cycle10_rms_c_timeweighted"", ""dq100_10_q05_ah"", ""dq100_10_mean_ah""], [""dq100_10_log_variance"", ""cycle10_rms_c_timeweighted"", ""dq100_10_q05_ah"", ""dq100_10_mean_ah""], [""dq100_10_log_variance"", ""cycle10_rms_c_timeweighted"", ""dq100_10_q05_ah"", ""dq100_10_mean_ah""]]",27
CatBoost_plus_top2/repeat1/outer2/tune,cat,plus_top2,3,"{""depth"": 3, ""iterations"": 250, ""l2_leaf_reg"": 3.0, ""learning_rate"": 0.03}",8.927315028231195,"[[""dq100_10_log_variance"", ""cycle10_rms_c_timeweighted"", ""dq100_10_q05_ah"", ""dq100_10_mean_ah""], [""dq100_10_log_variance"", ""cycle10_rms_c_timeweighted"", ""dq100_10_q05_ah"", ""dq100_10_mean_ah""], [""dq100_10_log_variance"", ""cycle10_rms_c_timeweighted"", ""dq100_10_q05_ah"", ""dq100_10_mean_ah""]]",27
CatBoost_plus_top2/repeat1/outer2/tune,cat,plus_top2,4,"{""depth"": 2, ""iterations"": 100, ""l2_leaf_reg"": 30.0, ""learning_rate"": 0.03}",12.827581082535943,"[[""dq100_10_log_variance"", ""cycle10_rms_c_timeweighted"", ""dq100_10_q05_ah"", ""dq100_10_mean_ah""], [""dq100_10_log_variance"", ""cycle10_rms_c_timeweighted"", ""dq100_10_q05_ah"", ""dq100_10_mean_ah""], [""dq100_10_log_variance"", ""cycle10_rms_c_timeweighted"", ""dq100_10_q05_ah"", ""dq100_10_mean_ah""]]",27
CatBoost_plus_top2/repeat1/outer2/tune,cat,plus_top2,5,"{""depth"": 3, ""iterations"": 250, ""l2_leaf_reg"": 3.0, ""learning_rate"": 0.07}",8.631279352314039,"[[""dq100_10_log_variance"", ""cycle10_rms_c_timeweighted"", ""dq100_10_q05_ah"", ""dq100_10_mean_ah""], [""dq100_10_log_variance"", ""cycle10_rms_c_timeweighted"", ""dq100_10_q05_ah"", ""dq100_10_mean_ah""], [""dq100_10_log_variance"", ""cycle10_rms_c_timeweighted"", ""dq100_10_q05_ah"", ""dq100_10_mean_ah""]]",27
CatBoost_plus_top2/repeat1/outer2/tune,cat,plus_top2,6,"{""depth"": 2, ""iterations"": 250, ""l2_leaf_reg"": 10.0, ""learning_rate"": 0.07}",8.978470669053682,"[[""dq100_10_log_variance"", ""cycle10_rms_c_timeweighted"", ""dq100_10_q05_ah"", ""dq100_10_mean_ah""], [""dq100_10_log_variance"", ""cycle10_rms_c_timeweighted"", ""dq100_10_q05_ah"", ""dq100_10_mean_ah""], [""dq100_10_log_variance"", ""cycle10_rms_c_timeweighted"", ""dq100_10_q05_ah"", ""dq100_10_mean_ah""]]",27
CatBoost_plus_top2/repeat1/outer2/tune,cat,plus_top2,7,"{""depth"": 2, ""iterations"": 100, ""l2_leaf_reg"": 3.0, ""learning_rate"": 0.03}",9.659473042761418,"[[""dq100_10_log_variance"", ""cycle10_rms_c_timeweighted"", ""dq100_10_q05_ah"", ""dq100_10_mean_ah""], [""dq100_10_log_variance"", ""cycle10_rms_c_timeweighted"", ""dq100_10_q05_ah"", ""dq100_10_mean_ah""], [""dq100_10_log_variance"", ""cycle10_rms_c_timeweighted"", ""dq100_10_q05_ah"", ""dq100_10_mean_ah""]]",27
CatBoost_plus_top2/repeat1/outer2/tune,cat,plus_top2,8,"{""depth"": 1, ""iterations"": 250, ""l2_leaf_reg"": 10.0, ""learning_rate"": 0.03}",10.068708697112193,"[[""dq100_10_log_variance"", ""cycle10_rms_c_timeweighted"", ""dq100_10_q05_ah"", ""dq100_10_mean_ah""], [""dq100_10_log_variance"", ""cycle10_rms_c_timeweighted"", ""dq100_10_q05_ah"", ""dq100_10_mean_ah""], [""dq100_10_log_variance"", ""cycle10_rms_c_timeweighted"", ""dq100_10_q05_ah"", ""dq100_10_mean_ah""]]",27
CatBoost_plus_top2/repeat1/outer2/tune,cat,plus_top2,9,"{""depth"": 2, ""iterations"": 100, ""l2_leaf_reg"": 30.0, ""learning_rate"": 0.07}",11.277785859061838,"[[""dq100_10_log_variance"", ""cycle10_rms_c_timeweighted"", ""dq100_10_q05_ah"", ""dq100_10_mean_ah""], [""dq100_10_log_variance"", ""cycle10_rms_c_timeweighted"", ""dq100_10_q05_ah"", ""dq100_10_mean_ah""], [""dq100_10_log_variance"", ""cycle10_rms_c_timeweighted"", ""dq100_10_q05_ah"", ""dq100_10_mean_ah""]]",27
CatBoost_plus_top2/repeat1/outer2/tune,cat,plus_top2,10,"{""depth"": 1, ""iterations"": 250, ""l2_leaf_reg"": 10.0, ""learning_rate"": 0.07}",9.03671857359692,"[[""dq100_10_log_variance"", ""cycle10_rms_c_timeweighted"", ""dq100_10_q05_ah"", ""dq100_10_mean_ah""], [""dq100_10_log_variance"", ""cycle10_rms_c_timeweighted"", ""dq100_10_q05_ah"", ""dq100_10_mean_ah""], [""dq100_10_log_variance"", ""cycle10_rms_c_timeweighted"", ""dq100_10_q05_ah"", ""dq100_10_mean_ah""]]",27
CatBoost_plus_top2/repeat1/outer2/tune,cat,plus_top2,11,"{""depth"": 3, ""iterations"": 250, ""l2_leaf_reg"": 30.0, ""learning_rate"": 0.03}",11.696080571545336,"[[""dq100_10_log_variance"", ""cycle10_rms_c_timeweighted"", ""dq100_10_q05_ah"", ""dq100_10_mean_ah""], [""dq100_10_log_variance"", ""cycle10_rms_c_timeweighted"", ""dq100_10_q05_ah"", ""dq100_10_mean_ah""], [""dq100_10_log_variance"", ""cycle10_rms_c_timeweighted"", ""dq100_10_q05_ah"", ""dq100_10_mean_ah""]]",27
CatBoost_plus_top2/repeat1/outer3/tune,cat,plus_top2,0,"{""depth"": 3, ""iterations"": 250, ""l2_leaf_reg"": 30.0, ""learning_rate"": 0.07}",12.030846238804699,"[[""dq100_10_log_variance"", ""cycle10_rms_c_timeweighted"", ""dq100_10_q05_ah"", ""dq100_10_mean_ah""], [""dq100_10_log_variance"", ""cycle10_rms_c_timeweighted"", ""dq100_10_q05_ah"", ""dq100_10_mean_ah""], [""dq100_10_log_variance"", ""cycle10_rms_c_timeweighted"", ""dq100_10_q05_ah"", ""dq100_10_mean_ah""]]",27
CatBoost_plus_top2/repeat1/outer3/tune,cat,plus_top2,1,"{""depth"": 2, ""iterations"": 100, ""l2_leaf_reg"": 3.0, ""learning_rate"": 0.07}",11.424555072137045,"[[""dq100_10_log_variance"", ""cycle10_rms_c_timeweighted"", ""dq100_10_q05_ah"", ""dq100_10_mean_ah""], [""dq100_10_log_variance"", ""cycle10_rms_c_timeweighted"", ""dq100_10_q05_ah"", ""dq100_10_mean_ah""], [""dq100_10_log_variance"", ""cycle10_rms_c_timeweighted"", ""dq100_10_q05_ah"", ""dq100_10_mean_ah""]]",27
CatBoost_plus_top2/repeat1/outer3/tune,cat,plus_top2,2,"{""depth"": 3, ""iterations"": 100, ""l2_leaf_reg"": 10.0, ""learning_rate"": 0.03}",12.257922692397479,"[[""dq100_10_log_variance"", ""cycle10_rms_c_timeweighted"", ""dq100_10_q05_ah"", ""dq100_10_mean_ah""], [""dq100_10_log_variance"", ""cycle10_rms_c_timeweighted"", ""dq100_10_q05_ah"", ""dq100_10_mean_ah""], [""dq100_10_log_variance"", ""cycle10_rms_c_timeweighted"", ""dq100_10_q05_ah"", ""dq100_10_mean_ah""]]",27
CatBoost_plus_top2/repeat1/outer3/tune,cat,plus_top2,3,"{""depth"": 3, ""iterations"": 250, ""l2_leaf_reg"": 3.0, ""learning_rate"": 0.03}",11.532952115799239,"[[""dq100_10_log_variance"", ""cycle10_rms_c_timeweighted"", ""dq100_10_q05_ah"", ""dq100_10_mean_ah""], [""dq100_10_log_variance"", ""cycle10_rms_c_timeweighted"", ""dq100_10_q05_ah"", ""dq100_10_mean_ah""], [""dq100_10_log_variance"", ""cycle10_rms_c_timeweighted"", ""dq100_10_q05_ah"", ""dq100_10_mean_ah""]]",27
CatBoost_plus_top2/repeat1/outer3/tune,cat,plus_top2,4,"{""depth"": 2, ""iterations"": 100, ""l2_leaf_reg"": 30.0, ""learning_rate"": 0.03}",12.689204014388528,"[[""dq100_10_log_variance"", ""cycle10_rms_c_timeweighted"", ""dq100_10_q05_ah"", ""dq100_10_mean_ah""], [""dq100_10_log_variance"", ""cycle10_rms_c_timeweighted"", ""dq100_10_q05_ah"", ""dq100_10_mean_ah""], [""dq100_10_log_variance"", ""cycle10_rms_c_timeweighted"", ""dq100_10_q05_ah"", ""dq100_10_mean_ah""]]",27
CatBoost_plus_top2/repeat1/outer3/tune,cat,plus_top2,5,"{""depth"": 3, ""iterations"": 250, ""l2_leaf_reg"": 3.0, ""learning_rate"": 0.07}",12.199410732546182,"[[""dq100_10_log_variance"", ""cycle10_rms_c_timeweighted"", ""dq100_10_q05_ah"", ""dq100_10_mean_ah""], [""dq100_10_log_variance"", ""cycle10_rms_c_timeweighted"", ""dq100_10_q05_ah"", ""dq100_10_mean_ah""], [""dq100_10_log_variance"", ""cycle10_rms_c_timeweighted"", ""dq100_10_q05_ah"", ""dq100_10_mean_ah""]]",27
CatBoost_plus_top2/repeat1/outer3/tune,cat,plus_top2,6,"{""depth"": 2, ""iterations"": 250, ""l2_leaf_reg"": 10.0, ""learning_rate"": 0.07}",11.461854609185941,"[[""dq100_10_log_variance"", ""cycle10_rms_c_timeweighted"", ""dq100_10_q05_ah"", ""dq100_10_mean_ah""], [""dq100_10_log_variance"", ""cycle10_rms_c_timeweighted"", ""dq100_10_q05_ah"", ""dq100_10_mean_ah""], [""dq100_10_log_variance"", ""cycle10_rms_c_timeweighted"", ""dq100_10_q05_ah"", ""dq100_10_mean_ah""]]",27
CatBoost_plus_top2/repeat1/outer3/tune,cat,plus_top2,7,"{""depth"": 2, ""iterations"": 100, ""l2_leaf_reg"": 3.0, ""learning_rate"": 0.03}",11.17720729094762,"[[""dq100_10_log_variance"", ""cycle10_rms_c_timeweighted"", ""dq100_10_q05_ah"", ""dq100_10_mean_ah""], [""dq100_10_log_variance"", ""cycle10_rms_c_timeweighted"", ""dq100_10_q05_ah"", ""dq100_10_mean_ah""], [""dq100_10_log_variance"", ""cycle10_rms_c_timeweighted"", ""dq100_10_q05_ah"", ""dq100_10_mean_ah""]]",27
CatBoost_plus_top2/repeat1/outer3/tune,cat,plus_top2,8,"{""depth"": 1, ""iterations"": 250, ""l2_leaf_reg"": 10.0, ""learning_rate"": 0.03}",10.792380505438013,"[[""dq100_10_log_variance"", ""cycle10_rms_c_timeweighted"", ""dq100_10_q05_ah"", ""dq100_10_mean_ah""], [""dq100_10_log_variance"", ""cycle10_rms_c_timeweighted"", ""dq100_10_q05_ah"", ""dq100_10_mean_ah""], [""dq100_10_log_variance"", ""cycle10_rms_c_timeweighted"", ""dq100_10_q05_ah"", ""dq100_10_mean_ah""]]",27
CatBoost_plus_top2/repeat1/outer3/tune,cat,plus_top2,9,"{""depth"": 2, ""iterations"": 100, ""l2_leaf_reg"": 30.0, ""learning_rate"": 0.07}",11.612776393074824,"[[""dq100_10_log_variance"", ""cycle10_rms_c_timeweighted"", ""dq100_10_q05_ah"", ""dq100_10_mean_ah""], [""dq100_10_log_variance"", ""cycle10_rms_c_timeweighted"", ""dq100_10_q05_ah"", ""dq100_10_mean_ah""], [""dq100_10_log_variance"", ""cycle10_rms_c_timeweighted"", ""dq100_10_q05_ah"", ""dq100_10_mean_ah""]]",27
CatBoost_plus_top2/repeat1/outer3/tune,cat,plus_top2,10,"{""depth"": 1, ""iterations"": 250, ""l2_leaf_reg"": 10.0, ""learning_rate"": 0.07}",10.968381269751138,"[[""dq100_10_log_variance"", ""cycle10_rms_c_timeweighted"", ""dq100_10_q05_ah"", ""dq100_10_mean_ah""], [""dq100_10_log_variance"", ""cycle10_rms_c_timeweighted"", ""dq100_10_q05_ah"", ""dq100_10_mean_ah""], [""dq100_10_log_variance"", ""cycle10_rms_c_timeweighted"", ""dq100_10_q05_ah"", ""dq100_10_mean_ah""]]",27
CatBoost_plus_top2/repeat1/outer3/tune,cat,plus_top2,11,"{""depth"": 3, ""iterations"": 250, ""l2_leaf_reg"": 30.0, ""learning_rate"": 0.03}",12.385741340831778,"[[""dq100_10_log_variance"", ""cycle10_rms_c_timeweighted"", ""dq100_10_q05_ah"", ""dq100_10_mean_ah""], [""dq100_10_log_variance"", ""cycle10_rms_c_timeweighted"", ""dq100_10_q05_ah"", ""dq100_10_mean_ah""], [""dq100_10_log_variance"", ""cycle10_rms_c_timeweighted"", ""dq100_10_q05_ah"", ""dq100_10_mean_ah""]]",27
CatBoost_plus_top2/repeat1/outer4/tune,cat,plus_top2,0,"{""depth"": 3, ""iterations"": 250, ""l2_leaf_reg"": 30.0, ""learning_rate"": 0.07}",9.420052520385271,"[[""dq100_10_log_variance"", ""cycle10_rms_c_timeweighted"", ""dq100_10_q05_ah"", ""dq100_10_mean_ah""], [""dq100_10_log_variance"", ""cycle10_rms_c_timeweighted"", ""dq100_10_q05_ah"", ""dq100_10_mean_ah""], [""dq100_10_log_variance"", ""cycle10_rms_c_timeweighted"", ""dq100_10_q05_ah"", ""dq100_10_mean_ah""]]",29
CatBoost_plus_top2/repeat1/outer4/tune,cat,plus_top2,1,"{""depth"": 2, ""iterations"": 100, ""l2_leaf_reg"": 3.0, ""learning_rate"": 0.07}",9.15726171203129,"[[""dq100_10_log_variance"", ""cycle10_rms_c_timeweighted"", ""dq100_10_q05_ah"", ""dq100_10_mean_ah""], [""dq100_10_log_variance"", ""cycle10_rms_c_timeweighted"", ""dq100_10_q05_ah"", ""dq100_10_mean_ah""], [""dq100_10_log_variance"", ""cycle10_rms_c_timeweighted"", ""dq100_10_q05_ah"", ""dq100_10_mean_ah""]]",29
CatBoost_plus_top2/repeat1/outer4/tune,cat,plus_top2,2,"{""depth"": 3, ""iterations"": 100, ""l2_leaf_reg"": 10.0, ""learning_rate"": 0.03}",10.45398873211834,"[[""dq100_10_log_variance"", ""cycle10_rms_c_timeweighted"", ""dq100_10_q05_ah"", ""dq100_10_mean_ah""], [""dq100_10_log_variance"", ""cycle10_rms_c_timeweighted"", ""dq100_10_q05_ah"", ""dq100_10_mean_ah""], [""dq100_10_log_variance"", ""cycle10_rms_c_timeweighted"", ""dq100_10_q05_ah"", ""dq100_10_mean_ah""]]",29
CatBoost_plus_top2/repeat1/outer4/tune,cat,plus_top2,3,"{""depth"": 3, ""iterations"": 250, ""l2_leaf_reg"": 3.0, ""learning_rate"": 0.03}",9.542427717618773,"[[""dq100_10_log_variance"", ""cycle10_rms_c_timeweighted"", ""dq100_10_q05_ah"", ""dq100_10_mean_ah""], [""dq100_10_log_variance"", ""cycle10_rms_c_timeweighted"", ""dq100_10_q05_ah"", ""dq100_10_mean_ah""], [""dq100_10_log_variance"", ""cycle10_rms_c_timeweighted"", ""dq100_10_q05_ah"", ""dq100_10_mean_ah""]]",29
CatBoost_plus_top2/repeat1/outer4/tune,cat,plus_top2,4,"{""depth"": 2, ""iterations"": 100, ""l2_leaf_reg"": 30.0, ""learning_rate"": 0.03}",12.710153506960035,"[[""dq100_10_log_variance"", ""cycle10_rms_c_timeweighted"", ""dq100_10_q05_ah"", ""dq100_10_mean_ah""], [""dq100_10_log_variance"", ""cycle10_rms_c_timeweighted"", ""dq100_10_q05_ah"", ""dq100_10_mean_ah""], [""dq100_10_log_variance"", ""cycle10_rms_c_timeweighted"", ""dq100_10_q05_ah"", ""dq100_10_mean_ah""]]",29
CatBoost_plus_top2/repeat1/outer4/tune,cat,plus_top2,5,"{""depth"": 3, ""iterations"": 250, ""l2_leaf_reg"": 3.0, ""learning_rate"": 0.07}",9.763579921594943,"[[""dq100_10_log_variance"", ""cycle10_rms_c_timeweighted"", ""dq100_10_q05_ah"", ""dq100_10_mean_ah""], [""dq100_10_log_variance"", ""cycle10_rms_c_timeweighted"", ""dq100_10_q05_ah"", ""dq100_10_mean_ah""], [""dq100_10_log_variance"", ""cycle10_rms_c_timeweighted"", ""dq100_10_q05_ah"", ""dq100_10_mean_ah""]]",29
CatBoost_plus_top2/repeat1/outer4/tune,cat,plus_top2,6,"{""depth"": 2, ""iterations"": 250, ""l2_leaf_reg"": 10.0, ""learning_rate"": 0.07}",9.17272271738322,"[[""dq100_10_log_variance"", ""cycle10_rms_c_timeweighted"", ""dq100_10_q05_ah"", ""dq100_10_mean_ah""], [""dq100_10_log_variance"", ""cycle10_rms_c_timeweighted"", ""dq100_10_q05_ah"", ""dq100_10_mean_ah""], [""dq100_10_log_variance"", ""cycle10_rms_c_timeweighted"", ""dq100_10_q05_ah"", ""dq100_10_mean_ah""]]",29
CatBoost_plus_top2/repeat1/outer4/tune,cat,plus_top2,7,"{""depth"": 2, ""iterations"": 100, ""l2_leaf_reg"": 3.0, ""learning_rate"": 0.03}",9.491894621335966,"[[""dq100_10_log_variance"", ""cycle10_rms_c_timeweighted"", ""dq100_10_q05_ah"", ""dq100_10_mean_ah""], [""dq100_10_log_variance"", ""cycle10_rms_c_timeweighted"", ""dq100_10_q05_ah"", ""dq100_10_mean_ah""], [""dq100_10_log_variance"", ""cycle10_rms_c_timeweighted"", ""dq100_10_q05_ah"", ""dq100_10_mean_ah""]]",29
CatBoost_plus_top2/repeat1/outer4/tune,cat,plus_top2,8,"{""depth"": 1, ""iterations"": 250, ""l2_leaf_reg"": 10.0, ""learning_rate"": 0.03}",9.77654325011645,"[[""dq100_10_log_variance"", ""cycle10_rms_c_timeweighted"", ""dq100_10_q05_ah"", ""dq100_10_mean_ah""], [""dq100_10_log_variance"", ""cycle10_rms_c_timeweighted"", ""dq100_10_q05_ah"", ""dq100_10_mean_ah""], [""dq100_10_log_variance"", ""cycle10_rms_c_timeweighted"", ""dq100_10_q05_ah"", ""dq100_10_mean_ah""]]",29
CatBoost_plus_top2/repeat1/outer4/tune,cat,plus_top2,9,"{""depth"": 2, ""iterations"": 100, ""l2_leaf_reg"": 30.0, ""learning_rate"": 0.07}",9.851513085887932,"[[""dq100_10_log_variance"", ""cycle10_rms_c_timeweighted"", ""dq100_10_q05_ah"", ""dq100_10_mean_ah""], [""dq100_10_log_variance"", ""cycle10_rms_c_timeweighted"", ""dq100_10_q05_ah"", ""dq100_10_mean_ah""], [""dq100_10_log_variance"", ""cycle10_rms_c_timeweighted"", ""dq100_10_q05_ah"", ""dq100_10_mean_ah""]]",29
CatBoost_plus_top2/repeat1/outer4/tune,cat,plus_top2,10,"{""depth"": 1, ""iterations"": 250, ""l2_leaf_reg"": 10.0, ""learning_rate"": 0.07}",9.095280491088594,"[[""dq100_10_log_variance"", ""cycle10_rms_c_timeweighted"", ""dq100_10_q05_ah"", ""dq100_10_mean_ah""], [""dq100_10_log_variance"", ""cycle10_rms_c_timeweighted"", ""dq100_10_q05_ah"", ""dq100_10_mean_ah""], [""dq100_10_log_variance"", ""cycle10_rms_c_timeweighted"", ""dq100_10_q05_ah"", ""dq100_10_mean_ah""]]",29
CatBoost_plus_top2/repeat1/outer4/tune,cat,plus_top2,11,"{""depth"": 3, ""iterations"": 250, ""l2_leaf_reg"": 30.0, ""learning_rate"": 0.03}",10.187832379018568,"[[""dq100_10_log_variance"", ""cycle10_rms_c_timeweighted"", ""dq100_10_q05_ah"", ""dq100_10_mean_ah""], [""dq100_10_log_variance"", ""cycle10_rms_c_timeweighted"", ""dq100_10_q05_ah"", ""dq100_10_mean_ah""], [""dq100_10_log_variance"", ""cycle10_rms_c_timeweighted"", ""dq100_10_q05_ah"", ""dq100_10_mean_ah""]]",29
CatBoost_plus_top2/repeat1/outer5/tune,cat,plus_top2,0,"{""depth"": 3, ""iterations"": 250, ""l2_leaf_reg"": 30.0, ""learning_rate"": 0.07}",9.40716062750785,"[[""dq100_10_log_variance"", ""cycle10_rms_c_timeweighted"", ""dq100_10_q05_ah"", ""dq100_10_mean_ah""], [""dq100_10_log_variance"", ""cycle10_rms_c_timeweighted"", ""dq100_10_q05_ah"", ""dq100_10_mean_ah""], [""dq100_10_log_variance"", ""cycle10_rms_c_timeweighted"", ""dq100_10_q05_ah"", ""dq100_10_mean_ah""]]",29
CatBoost_plus_top2/repeat1/outer5/tune,cat,plus_top2,1,"{""depth"": 2, ""iterations"": 100, ""l2_leaf_reg"": 3.0, ""learning_rate"": 0.07}",9.207977568759103,"[[""dq100_10_log_variance"", ""cycle10_rms_c_timeweighted"", ""dq100_10_q05_ah"", ""dq100_10_mean_ah""], [""dq100_10_log_variance"", ""cycle10_rms_c_timeweighted"", ""dq100_10_q05_ah"", ""dq100_10_mean_ah""], [""dq100_10_log_variance"", ""cycle10_rms_c_timeweighted"", ""dq100_10_q05_ah"", ""dq100_10_mean_ah""]]",29
CatBoost_plus_top2/repeat1/outer5/tune,cat,plus_top2,2,"{""depth"": 3, ""iterations"": 100, ""l2_leaf_reg"": 10.0, ""learning_rate"": 0.03}",11.799730915497326,"[[""dq100_10_log_variance"", ""cycle10_rms_c_timeweighted"", ""dq100_10_q05_ah"", ""dq100_10_mean_ah""], [""dq100_10_log_variance"", ""cycle10_rms_c_timeweighted"", ""dq100_10_q05_ah"", ""dq100_10_mean_ah""], [""dq100_10_log_variance"", ""cycle10_rms_c_timeweighted"", ""dq100_10_q05_ah"", ""dq100_10_mean_ah""]]",29
CatBoost_plus_top2/repeat1/outer5/tune,cat,plus_top2,3,"{""depth"": 3, ""iterations"": 250, ""l2_leaf_reg"": 3.0, ""learning_rate"": 0.03}",9.127135103280427,"[[""dq100_10_log_variance"", ""cycle10_rms_c_timeweighted"", ""dq100_10_q05_ah"", ""dq100_10_mean_ah""], [""dq100_10_log_variance"", ""cycle10_rms_c_timeweighted"", ""dq100_10_q05_ah"", ""dq100_10_mean_ah""], [""dq100_10_log_variance"", ""cycle10_rms_c_timeweighted"", ""dq100_10_q05_ah"", ""dq100_10_mean_ah""]]",29
CatBoost_plus_top2/repeat1/outer5/tune,cat,plus_top2,4,"{""depth"": 2, ""iterations"": 100, ""l2_leaf_reg"": 30.0, ""learning_rate"": 0.03}",13.856049751659821,"[[""dq100_10_log_variance"", ""cycle10_rms_c_timeweighted"", ""dq100_10_q05_ah"", ""dq100_10_mean_ah""], [""dq100_10_log_variance"", ""cycle10_rms_c_timeweighted"", ""dq100_10_q05_ah"", ""dq100_10_mean_ah""], [""dq100_10_log_variance"", ""cycle10_rms_c_timeweighted"", ""dq100_10_q05_ah"", ""dq100_10_mean_ah""]]",29
CatBoost_plus_top2/repeat1/outer5/tune,cat,plus_top2,5,"{""depth"": 3, ""iterations"": 250, ""l2_leaf_reg"": 3.0, ""learning_rate"": 0.07}",9.148325860190955,"[[""dq100_10_log_variance"", ""cycle10_rms_c_timeweighted"", ""dq100_10_q05_ah"", ""dq100_10_mean_ah""], [""dq100_10_log_variance"", ""cycle10_rms_c_timeweighted"", ""dq100_10_q05_ah"", ""dq100_10_mean_ah""], [""dq100_10_log_variance"", ""cycle10_rms_c_timeweighted"", ""dq100_10_q05_ah"", ""dq100_10_mean_ah""]]",29
CatBoost_plus_top2/repeat1/outer5/tune,cat,plus_top2,6,"{""depth"": 2, ""iterations"": 250, ""l2_leaf_reg"": 10.0, ""learning_rate"": 0.07}",9.079387730618949,"[[""dq100_10_log_variance"", ""cycle10_rms_c_timeweighted"", ""dq100_10_q05_ah"", ""dq100_10_mean_ah""], [""dq100_10_log_variance"", ""cycle10_rms_c_timeweighted"", ""dq100_10_q05_ah"", ""dq100_10_mean_ah""], [""dq100_10_log_variance"", ""cycle10_rms_c_timeweighted"", ""dq100_10_q05_ah"", ""dq100_10_mean_ah""]]",29
CatBoost_plus_top2/repeat1/outer5/tune,cat,plus_top2,7,"{""depth"": 2, ""iterations"": 100, ""l2_leaf_reg"": 3.0, ""learning_rate"": 0.03}",10.16022690740937,"[[""dq100_10_log_variance"", ""cycle10_rms_c_timeweighted"", ""dq100_10_q05_ah"", ""dq100_10_mean_ah""], [""dq100_10_log_variance"", ""cycle10_rms_c_timeweighted"", ""dq100_10_q05_ah"", ""dq100_10_mean_ah""], [""dq100_10_log_variance"", ""cycle10_rms_c_timeweighted"", ""dq100_10_q05_ah"", ""dq100_10_mean_ah""]]",29
CatBoost_plus_top2/repeat1/outer5/tune,cat,plus_top2,8,"{""depth"": 1, ""iterations"": 250, ""l2_leaf_reg"": 10.0, ""learning_rate"": 0.03}",9.964738760377182,"[[""dq100_10_log_variance"", ""cycle10_rms_c_timeweighted"", ""dq100_10_q05_ah"", ""dq100_10_mean_ah""], [""dq100_10_log_variance"", ""cycle10_rms_c_timeweighted"", ""dq100_10_q05_ah"", ""dq100_10_mean_ah""], [""dq100_10_log_variance"", ""cycle10_rms_c_timeweighted"", ""dq100_10_q05_ah"", ""dq100_10_mean_ah""]]",29
CatBoost_plus_top2/repeat1/outer5/tune,cat,plus_top2,9,"{""depth"": 2, ""iterations"": 100, ""l2_leaf_reg"": 30.0, ""learning_rate"": 0.07}",11.123735967678924,"[[""dq100_10_log_variance"", ""cycle10_rms_c_timeweighted"", ""dq100_10_q05_ah"", ""dq100_10_mean_ah""], [""dq100_10_log_variance"", ""cycle10_rms_c_timeweighted"", ""dq100_10_q05_ah"", ""dq100_10_mean_ah""], [""dq100_10_log_variance"", ""cycle10_rms_c_timeweighted"", ""dq100_10_q05_ah"", ""dq100_10_mean_ah""]]",29
CatBoost_plus_top2/repeat1/outer5/tune,cat,plus_top2,10,"{""depth"": 1, ""iterations"": 250, ""l2_leaf_reg"": 10.0, ""learning_rate"": 0.07}",9.288124759234014,"[[""dq100_10_log_variance"", ""cycle10_rms_c_timeweighted"", ""dq100_10_q05_ah"", ""dq100_10_mean_ah""], [""dq100_10_log_variance"", ""cycle10_rms_c_timeweighted"", ""dq100_10_q05_ah"", ""dq100_10_mean_ah""], [""dq100_10_log_variance"", ""cycle10_rms_c_timeweighted"", ""dq100_10_q05_ah"", ""dq100_10_mean_ah""]]",29
CatBoost_plus_top2/repeat1/outer5/tune,cat,plus_top2,11,"{""depth"": 3, ""iterations"": 250, ""l2_leaf_reg"": 30.0, ""learning_rate"": 0.03}",11.202478036318203,"[[""dq100_10_log_variance"", ""cycle10_rms_c_timeweighted"", ""dq100_10_q05_ah"", ""dq100_10_mean_ah""], [""dq100_10_log_variance"", ""cycle10_rms_c_timeweighted"", ""dq100_10_q05_ah"", ""dq100_10_mean_ah""], [""dq100_10_log_variance"", ""cycle10_rms_c_timeweighted"", ""dq100_10_q05_ah"", ""dq100_10_mean_ah""]]",29
CatBoost_plus_top2/repeat2/outer1/tune,cat,plus_top2,0,"{""depth"": 3, ""iterations"": 250, ""l2_leaf_reg"": 30.0, ""learning_rate"": 0.07}",12.113317389297553,"[[""dq100_10_log_variance"", ""cycle10_rms_c_timeweighted"", ""dq100_10_q05_ah"", ""dq100_10_mean_ah""], [""dq100_10_log_variance"", ""cycle10_rms_c_timeweighted"", ""dq100_10_q05_ah"", ""dq100_10_mean_ah""], [""dq100_10_log_variance"", ""cycle10_rms_c_timeweighted"", ""dq100_10_q05_ah"", ""dq100_10_mean_ah""]]",27
CatBoost_plus_top2/repeat2/outer1/tune,cat,plus_top2,1,"{""depth"": 2, ""iterations"": 100, ""l2_leaf_reg"": 3.0, ""learning_rate"": 0.07}",9.671665456461998,"[[""dq100_10_log_variance"", ""cycle10_rms_c_timeweighted"", ""dq100_10_q05_ah"", ""dq100_10_mean_ah""], [""dq100_10_log_variance"", ""cycle10_rms_c_timeweighted"", ""dq100_10_q05_ah"", ""dq100_10_mean_ah""], [""dq100_10_log_variance"", ""cycle10_rms_c_timeweighted"", ""dq100_10_q05_ah"", ""dq100_10_mean_ah""]]",27
CatBoost_plus_top2/repeat2/outer1/tune,cat,plus_top2,2,"{""depth"": 3, ""iterations"": 100, ""l2_leaf_reg"": 10.0, ""learning_rate"": 0.03}",14.985498457891829,"[[""dq100_10_log_variance"", ""cycle10_rms_c_timeweighted"", ""dq100_10_q05_ah"", ""dq100_10_mean_ah""], [""dq100_10_log_variance"", ""cycle10_rms_c_timeweighted"", ""dq100_10_q05_ah"", ""dq100_10_mean_ah""], [""dq100_10_log_variance"", ""cycle10_rms_c_timeweighted"", ""dq100_10_q05_ah"", ""dq100_10_mean_ah""]]",27
CatBoost_plus_top2/repeat2/outer1/tune,cat,plus_top2,3,"{""depth"": 3, ""iterations"": 250, ""l2_leaf_reg"": 3.0, ""learning_rate"": 0.03}",9.567235680212207,"[[""dq100_10_log_variance"", ""cycle10_rms_c_timeweighted"", ""dq100_10_q05_ah"", ""dq100_10_mean_ah""], [""dq100_10_log_variance"", ""cycle10_rms_c_timeweighted"", ""dq100_10_q05_ah"", ""dq100_10_mean_ah""], [""dq100_10_log_variance"", ""cycle10_rms_c_timeweighted"", ""dq100_10_q05_ah"", ""dq100_10_mean_ah""]]",27
CatBoost_plus_top2/repeat2/outer1/tune,cat,plus_top2,4,"{""depth"": 2, ""iterations"": 100, ""l2_leaf_reg"": 30.0, ""learning_rate"": 0.03}",17.818506673249175,"[[""dq100_10_log_variance"", ""cycle10_rms_c_timeweighted"", ""dq100_10_q05_ah"", ""dq100_10_mean_ah""], [""dq100_10_log_variance"", ""cycle10_rms_c_timeweighted"", ""dq100_10_q05_ah"", ""dq100_10_mean_ah""], [""dq100_10_log_variance"", ""cycle10_rms_c_timeweighted"", ""dq100_10_q05_ah"", ""dq100_10_mean_ah""]]",27
CatBoost_plus_top2/repeat2/outer1/tune,cat,plus_top2,5,"{""depth"": 3, ""iterations"": 250, ""l2_leaf_reg"": 3.0, ""learning_rate"": 0.07}",9.189378926938302,"[[""dq100_10_log_variance"", ""cycle10_rms_c_timeweighted"", ""dq100_10_q05_ah"", ""dq100_10_mean_ah""], [""dq100_10_log_variance"", ""cycle10_rms_c_timeweighted"", ""dq100_10_q05_ah"", ""dq100_10_mean_ah""], [""dq100_10_log_variance"", ""cycle10_rms_c_timeweighted"", ""dq100_10_q05_ah"", ""dq100_10_mean_ah""]]",27
CatBoost_plus_top2/repeat2/outer1/tune,cat,plus_top2,6,"{""depth"": 2, ""iterations"": 250, ""l2_leaf_reg"": 10.0, ""learning_rate"": 0.07}",9.483727197406072,"[[""dq100_10_log_variance"", ""cycle10_rms_c_timeweighted"", ""dq100_10_q05_ah"", ""dq100_10_mean_ah""], [""dq100_10_log_variance"", ""cycle10_rms_c_timeweighted"", ""dq100_10_q05_ah"", ""dq100_10_mean_ah""], [""dq100_10_log_variance"", ""cycle10_rms_c_timeweighted"", ""dq100_10_q05_ah"", ""dq100_10_mean_ah""]]",27
CatBoost_plus_top2/repeat2/outer1/tune,cat,plus_top2,7,"{""depth"": 2, ""iterations"": 100, ""l2_leaf_reg"": 3.0, ""learning_rate"": 0.03}",11.391983297282339,"[[""dq100_10_log_variance"", ""cycle10_rms_c_timeweighted"", ""dq100_10_q05_ah"", ""dq100_10_mean_ah""], [""dq100_10_log_variance"", ""cycle10_rms_c_timeweighted"", ""dq100_10_q05_ah"", ""dq100_10_mean_ah""], [""dq100_10_log_variance"", ""cycle10_rms_c_timeweighted"", ""dq100_10_q05_ah"", ""dq100_10_mean_ah""]]",27
CatBoost_plus_top2/repeat2/outer1/tune,cat,plus_top2,8,"{""depth"": 1, ""iterations"": 250, ""l2_leaf_reg"": 10.0, ""learning_rate"": 0.03}",11.405154526210321,"[[""dq100_10_log_variance"", ""cycle10_rms_c_timeweighted"", ""dq100_10_q05_ah"", ""dq100_10_mean_ah""], [""dq100_10_log_variance"", ""cycle10_rms_c_timeweighted"", ""dq100_10_q05_ah"", ""dq100_10_mean_ah""], [""dq100_10_log_variance"", ""cycle10_rms_c_timeweighted"", ""dq100_10_q05_ah"", ""dq100_10_mean_ah""]]",27
CatBoost_plus_top2/repeat2/outer1/tune,cat,plus_top2,9,"{""depth"": 2, ""iterations"": 100, ""l2_leaf_reg"": 30.0, ""learning_rate"": 0.07}",14.83717188495348,"[[""dq100_10_log_variance"", ""cycle10_rms_c_timeweighted"", ""dq100_10_q05_ah"", ""dq100_10_mean_ah""], [""dq100_10_log_variance"", ""cycle10_rms_c_timeweighted"", ""dq100_10_q05_ah"", ""dq100_10_mean_ah""], [""dq100_10_log_variance"", ""cycle10_rms_c_timeweighted"", ""dq100_10_q05_ah"", ""dq100_10_mean_ah""]]",27
CatBoost_plus_top2/repeat2/outer1/tune,cat,plus_top2,10,"{""depth"": 1, ""iterations"": 250, ""l2_leaf_reg"": 10.0, ""learning_rate"": 0.07}",9.206198434100113,"[[""dq100_10_log_variance"", ""cycle10_rms_c_timeweighted"", ""dq100_10_q05_ah"", ""dq100_10_mean_ah""], [""dq100_10_log_variance"", ""cycle10_rms_c_timeweighted"", ""dq100_10_q05_ah"", ""dq100_10_mean_ah""], [""dq100_10_log_variance"", ""cycle10_rms_c_timeweighted"", ""dq100_10_q05_ah"", ""dq100_10_mean_ah""]]",27
CatBoost_plus_top2/repeat2/outer1/tune,cat,plus_top2,11,"{""depth"": 3, ""iterations"": 250, ""l2_leaf_reg"": 30.0, ""learning_rate"": 0.03}",14.801738353056917,"[[""dq100_10_log_variance"", ""cycle10_rms_c_timeweighted"", ""dq100_10_q05_ah"", ""dq100_10_mean_ah""], [""dq100_10_log_variance"", ""cycle10_rms_c_timeweighted"", ""dq100_10_q05_ah"", ""dq100_10_mean_ah""], [""dq100_10_log_variance"", ""cycle10_rms_c_timeweighted"", ""dq100_10_q05_ah"", ""dq100_10_mean_ah""]]",27
CatBoost_plus_top2/repeat2/outer2/tune,cat,plus_top2,0,"{""depth"": 3, ""iterations"": 250, ""l2_leaf_reg"": 30.0, ""learning_rate"": 0.07}",8.640184695401931,"[[""dq100_10_log_variance"", ""cycle10_rms_c_timeweighted"", ""dq100_10_q05_ah"", ""dq100_10_mean_ah""], [""dq100_10_log_variance"", ""cycle10_rms_c_timeweighted"", ""dq100_10_q05_ah"", ""dq100_10_mean_ah""], [""dq100_10_log_variance"", ""cycle10_rms_c_timeweighted"", ""dq100_10_q05_ah"", ""dq100_10_mean_ah""]]",28
CatBoost_plus_top2/repeat2/outer2/tune,cat,plus_top2,1,"{""depth"": 2, ""iterations"": 100, ""l2_leaf_reg"": 3.0, ""learning_rate"": 0.07}",7.029790922289762,"[[""dq100_10_log_variance"", ""cycle10_rms_c_timeweighted"", ""dq100_10_q05_ah"", ""dq100_10_mean_ah""], [""dq100_10_log_variance"", ""cycle10_rms_c_timeweighted"", ""dq100_10_q05_ah"", ""dq100_10_mean_ah""], [""dq100_10_log_variance"", ""cycle10_rms_c_timeweighted"", ""dq100_10_q05_ah"", ""dq100_10_mean_ah""]]",28
CatBoost_plus_top2/repeat2/outer2/tune,cat,plus_top2,2,"{""depth"": 3, ""iterations"": 100, ""l2_leaf_reg"": 10.0, ""learning_rate"": 0.03}",10.218153504887384,"[[""dq100_10_log_variance"", ""cycle10_rms_c_timeweighted"", ""dq100_10_q05_ah"", ""dq100_10_mean_ah""], [""dq100_10_log_variance"", ""cycle10_rms_c_timeweighted"", ""dq100_10_q05_ah"", ""dq100_10_mean_ah""], [""dq100_10_log_variance"", ""cycle10_rms_c_timeweighted"", ""dq100_10_q05_ah"", ""dq100_10_mean_ah""]]",28
CatBoost_plus_top2/repeat2/outer2/tune,cat,plus_top2,3,"{""depth"": 3, ""iterations"": 250, ""l2_leaf_reg"": 3.0, ""learning_rate"": 0.03}",7.90863595323449,"[[""dq100_10_log_variance"", ""cycle10_rms_c_timeweighted"", ""dq100_10_q05_ah"", ""dq100_10_mean_ah""], [""dq100_10_log_variance"", ""cycle10_rms_c_timeweighted"", ""dq100_10_q05_ah"", ""dq100_10_mean_ah""], [""dq100_10_log_variance"", ""cycle10_rms_c_timeweighted"", ""dq100_10_q05_ah"", ""dq100_10_mean_ah""]]",28
CatBoost_plus_top2/repeat2/outer2/tune,cat,plus_top2,4,"{""depth"": 2, ""iterations"": 100, ""l2_leaf_reg"": 30.0, ""learning_rate"": 0.03}",12.245532744148111,"[[""dq100_10_log_variance"", ""cycle10_rms_c_timeweighted"", ""dq100_10_q05_ah"", ""dq100_10_mean_ah""], [""dq100_10_log_variance"", ""cycle10_rms_c_timeweighted"", ""dq100_10_q05_ah"", ""dq100_10_mean_ah""], [""dq100_10_log_variance"", ""cycle10_rms_c_timeweighted"", ""dq100_10_q05_ah"", ""dq100_10_mean_ah""]]",28
CatBoost_plus_top2/repeat2/outer2/tune,cat,plus_top2,5,"{""depth"": 3, ""iterations"": 250, ""l2_leaf_reg"": 3.0, ""learning_rate"": 0.07}",7.940590619083787,"[[""dq100_10_log_variance"", ""cycle10_rms_c_timeweighted"", ""dq100_10_q05_ah"", ""dq100_10_mean_ah""], [""dq100_10_log_variance"", ""cycle10_rms_c_timeweighted"", ""dq100_10_q05_ah"", ""dq100_10_mean_ah""], [""dq100_10_log_variance"", ""cycle10_rms_c_timeweighted"", ""dq100_10_q05_ah"", ""dq100_10_mean_ah""]]",28
CatBoost_plus_top2/repeat2/outer2/tune,cat,plus_top2,6,"{""depth"": 2, ""iterations"": 250, ""l2_leaf_reg"": 10.0, ""learning_rate"": 0.07}",6.844696170237456,"[[""dq100_10_log_variance"", ""cycle10_rms_c_timeweighted"", ""dq100_10_q05_ah"", ""dq100_10_mean_ah""], [""dq100_10_log_variance"", ""cycle10_rms_c_timeweighted"", ""dq100_10_q05_ah"", ""dq100_10_mean_ah""], [""dq100_10_log_variance"", ""cycle10_rms_c_timeweighted"", ""dq100_10_q05_ah"", ""dq100_10_mean_ah""]]",28
CatBoost_plus_top2/repeat2/outer2/tune,cat,plus_top2,7,"{""depth"": 2, ""iterations"": 100, ""l2_leaf_reg"": 3.0, ""learning_rate"": 0.03}",7.687991002447579,"[[""dq100_10_log_variance"", ""cycle10_rms_c_timeweighted"", ""dq100_10_q05_ah"", ""dq100_10_mean_ah""], [""dq100_10_log_variance"", ""cycle10_rms_c_timeweighted"", ""dq100_10_q05_ah"", ""dq100_10_mean_ah""], [""dq100_10_log_variance"", ""cycle10_rms_c_timeweighted"", ""dq100_10_q05_ah"", ""dq100_10_mean_ah""]]",28
CatBoost_plus_top2/repeat2/outer2/tune,cat,plus_top2,8,"{""depth"": 1, ""iterations"": 250, ""l2_leaf_reg"": 10.0, ""learning_rate"": 0.03}",7.417211857356546,"[[""dq100_10_log_variance"", ""cycle10_rms_c_timeweighted"", ""dq100_10_q05_ah"", ""dq100_10_mean_ah""], [""dq100_10_log_variance"", ""cycle10_rms_c_timeweighted"", ""dq100_10_q05_ah"", ""dq100_10_mean_ah""], [""dq100_10_log_variance"", ""cycle10_rms_c_timeweighted"", ""dq100_10_q05_ah"", ""dq100_10_mean_ah""]]",28
CatBoost_plus_top2/repeat2/outer2/tune,cat,plus_top2,9,"{""depth"": 2, ""iterations"": 100, ""l2_leaf_reg"": 30.0, ""learning_rate"": 0.07}",8.782971395623349,"[[""dq100_10_log_variance"", ""cycle10_rms_c_timeweighted"", ""dq100_10_q05_ah"", ""dq100_10_mean_ah""], [""dq100_10_log_variance"", ""cycle10_rms_c_timeweighted"", ""dq100_10_q05_ah"", ""dq100_10_mean_ah""], [""dq100_10_log_variance"", ""cycle10_rms_c_timeweighted"", ""dq100_10_q05_ah"", ""dq100_10_mean_ah""]]",28
CatBoost_plus_top2/repeat2/outer2/tune,cat,plus_top2,10,"{""depth"": 1, ""iterations"": 250, ""l2_leaf_reg"": 10.0, ""learning_rate"": 0.07}",6.389794534437519,"[[""dq100_10_log_variance"", ""cycle10_rms_c_timeweighted"", ""dq100_10_q05_ah"", ""dq100_10_mean_ah""], [""dq100_10_log_variance"", ""cycle10_rms_c_timeweighted"", ""dq100_10_q05_ah"", ""dq100_10_mean_ah""], [""dq100_10_log_variance"", ""cycle10_rms_c_timeweighted"", ""dq100_10_q05_ah"", ""dq100_10_mean_ah""]]",28
CatBoost_plus_top2/repeat2/outer2/tune,cat,plus_top2,11,"{""depth"": 3, ""iterations"": 250, ""l2_leaf_reg"": 30.0, ""learning_rate"": 0.03}",10.052348746906448,"[[""dq100_10_log_variance"", ""cycle10_rms_c_timeweighted"", ""dq100_10_q05_ah"", ""dq100_10_mean_ah""], [""dq100_10_log_variance"", ""cycle10_rms_c_timeweighted"", ""dq100_10_q05_ah"", ""dq100_10_mean_ah""], [""dq100_10_log_variance"", ""cycle10_rms_c_timeweighted"", ""dq100_10_q05_ah"", ""dq100_10_mean_ah""]]",28
CatBoost_plus_top2/repeat2/outer3/tune,cat,plus_top2,0,"{""depth"": 3, ""iterations"": 250, ""l2_leaf_reg"": 30.0, ""learning_rate"": 0.07}",10.220880259448402,"[[""dq100_10_log_variance"", ""cycle10_rms_c_timeweighted"", ""dq100_10_q05_ah"", ""dq100_10_mean_ah""], [""dq100_10_log_variance"", ""cycle10_rms_c_timeweighted"", ""dq100_10_q05_ah"", ""dq100_10_mean_ah""], [""dq100_10_log_variance"", ""cycle10_rms_c_timeweighted"", ""dq100_10_q05_ah"", ""dq100_10_mean_ah""]]",27
CatBoost_plus_top2/repeat2/outer3/tune,cat,plus_top2,1,"{""depth"": 2, ""iterations"": 100, ""l2_leaf_reg"": 3.0, ""learning_rate"": 0.07}",10.601233177948583,"[[""dq100_10_log_variance"", ""cycle10_rms_c_timeweighted"", ""dq100_10_q05_ah"", ""dq100_10_mean_ah""], [""dq100_10_log_variance"", ""cycle10_rms_c_timeweighted"", ""dq100_10_q05_ah"", ""dq100_10_mean_ah""], [""dq100_10_log_variance"", ""cycle10_rms_c_timeweighted"", ""dq100_10_q05_ah"", ""dq100_10_mean_ah""]]",27
CatBoost_plus_top2/repeat2/outer3/tune,cat,plus_top2,2,"{""depth"": 3, ""iterations"": 100, ""l2_leaf_reg"": 10.0, ""learning_rate"": 0.03}",11.448117332465515,"[[""dq100_10_log_variance"", ""cycle10_rms_c_timeweighted"", ""dq100_10_q05_ah"", ""dq100_10_mean_ah""], [""dq100_10_log_variance"", ""cycle10_rms_c_timeweighted"", ""dq100_10_q05_ah"", ""dq100_10_mean_ah""], [""dq100_10_log_variance"", ""cycle10_rms_c_timeweighted"", ""dq100_10_q05_ah"", ""dq100_10_mean_ah""]]",27
CatBoost_plus_top2/repeat2/outer3/tune,cat,plus_top2,3,"{""depth"": 3, ""iterations"": 250, ""l2_leaf_reg"": 3.0, ""learning_rate"": 0.03}",10.821763746485429,"[[""dq100_10_log_variance"", ""cycle10_rms_c_timeweighted"", ""dq100_10_q05_ah"", ""dq100_10_mean_ah""], [""dq100_10_log_variance"", ""cycle10_rms_c_timeweighted"", ""dq100_10_q05_ah"", ""dq100_10_mean_ah""], [""dq100_10_log_variance"", ""cycle10_rms_c_timeweighted"", ""dq100_10_q05_ah"", ""dq100_10_mean_ah""]]",27
CatBoost_plus_top2/repeat2/outer3/tune,cat,plus_top2,4,"{""depth"": 2, ""iterations"": 100, ""l2_leaf_reg"": 30.0, ""learning_rate"": 0.03}",12.918851245771679,"[[""dq100_10_log_variance"", ""cycle10_rms_c_timeweighted"", ""dq100_10_q05_ah"", ""dq100_10_mean_ah""], [""dq100_10_log_variance"", ""cycle10_rms_c_timeweighted"", ""dq100_10_q05_ah"", ""dq100_10_mean_ah""], [""dq100_10_log_variance"", ""cycle10_rms_c_timeweighted"", ""dq100_10_q05_ah"", ""dq100_10_mean_ah""]]",27
CatBoost_plus_top2/repeat2/outer3/tune,cat,plus_top2,5,"{""depth"": 3, ""iterations"": 250, ""l2_leaf_reg"": 3.0, ""learning_rate"": 0.07}",11.025942782204067,"[[""dq100_10_log_variance"", ""cycle10_rms_c_timeweighted"", ""dq100_10_q05_ah"", ""dq100_10_mean_ah""], [""dq100_10_log_variance"", ""cycle10_rms_c_timeweighted"", ""dq100_10_q05_ah"", ""dq100_10_mean_ah""], [""dq100_10_log_variance"", ""cycle10_rms_c_timeweighted"", ""dq100_10_q05_ah"", ""dq100_10_mean_ah""]]",27
CatBoost_plus_top2/repeat2/outer3/tune,cat,plus_top2,6,"{""depth"": 2, ""iterations"": 250, ""l2_leaf_reg"": 10.0, ""learning_rate"": 0.07}",10.327188116242993,"[[""dq100_10_log_variance"", ""cycle10_rms_c_timeweighted"", ""dq100_10_q05_ah"", ""dq100_10_mean_ah""], [""dq100_10_log_variance"", ""cycle10_rms_c_timeweighted"", ""dq100_10_q05_ah"", ""dq100_10_mean_ah""], [""dq100_10_log_variance"", ""cycle10_rms_c_timeweighted"", ""dq100_10_q05_ah"", ""dq100_10_mean_ah""]]",27
CatBoost_plus_top2/repeat2/outer3/tune,cat,plus_top2,7,"{""depth"": 2, ""iterations"": 100, ""l2_leaf_reg"": 3.0, ""learning_rate"": 0.03}",10.751547896025706,"[[""dq100_10_log_variance"", ""cycle10_rms_c_timeweighted"", ""dq100_10_q05_ah"", ""dq100_10_mean_ah""], [""dq100_10_log_variance"", ""cycle10_rms_c_timeweighted"", ""dq100_10_q05_ah"", ""dq100_10_mean_ah""], [""dq100_10_log_variance"", ""cycle10_rms_c_timeweighted"", ""dq100_10_q05_ah"", ""dq100_10_mean_ah""]]",27
CatBoost_plus_top2/repeat2/outer3/tune,cat,plus_top2,8,"{""depth"": 1, ""iterations"": 250, ""l2_leaf_reg"": 10.0, ""learning_rate"": 0.03}",10.830211605138677,"[[""dq100_10_log_variance"", ""cycle10_rms_c_timeweighted"", ""dq100_10_q05_ah"", ""dq100_10_mean_ah""], [""dq100_10_log_variance"", ""cycle10_rms_c_timeweighted"", ""dq100_10_q05_ah"", ""dq100_10_mean_ah""], [""dq100_10_log_variance"", ""cycle10_rms_c_timeweighted"", ""dq100_10_q05_ah"", ""dq100_10_mean_ah""]]",27
CatBoost_plus_top2/repeat2/outer3/tune,cat,plus_top2,9,"{""depth"": 2, ""iterations"": 100, ""l2_leaf_reg"": 30.0, ""learning_rate"": 0.07}",11.311060502979243,"[[""dq100_10_log_variance"", ""cycle10_rms_c_timeweighted"", ""dq100_10_q05_ah"", ""dq100_10_mean_ah""], [""dq100_10_log_variance"", ""cycle10_rms_c_timeweighted"", ""dq100_10_q05_ah"", ""dq100_10_mean_ah""], [""dq100_10_log_variance"", ""cycle10_rms_c_timeweighted"", ""dq100_10_q05_ah"", ""dq100_10_mean_ah""]]",27
CatBoost_plus_top2/repeat2/outer3/tune,cat,plus_top2,10,"{""depth"": 1, ""iterations"": 250, ""l2_leaf_reg"": 10.0, ""learning_rate"": 0.07}",10.8025905940947,"[[""dq100_10_log_variance"", ""cycle10_rms_c_timeweighted"", ""dq100_10_q05_ah"", ""dq100_10_mean_ah""], [""dq100_10_log_variance"", ""cycle10_rms_c_timeweighted"", ""dq100_10_q05_ah"", ""dq100_10_mean_ah""], [""dq100_10_log_variance"", ""cycle10_rms_c_timeweighted"", ""dq100_10_q05_ah"", ""dq100_10_mean_ah""]]",27
CatBoost_plus_top2/repeat2/outer3/tune,cat,plus_top2,11,"{""depth"": 3, ""iterations"": 250, ""l2_leaf_reg"": 30.0, ""learning_rate"": 0.03}",11.280688052928925,"[[""dq100_10_log_variance"", ""cycle10_rms_c_timeweighted"", ""dq100_10_q05_ah"", ""dq100_10_mean_ah""], [""dq100_10_log_variance"", ""cycle10_rms_c_timeweighted"", ""dq100_10_q05_ah"", ""dq100_10_mean_ah""], [""dq100_10_log_variance"", ""cycle10_rms_c_timeweighted"", ""dq100_10_q05_ah"", ""dq100_10_mean_ah""]]",27
CatBoost_plus_top2/repeat2/outer4/tune,cat,plus_top2,0,"{""depth"": 3, ""iterations"": 250, ""l2_leaf_reg"": 30.0, ""learning_rate"": 0.07}",10.592238745828094,"[[""dq100_10_log_variance"", ""cycle10_rms_c_timeweighted"", ""dq100_10_q05_ah"", ""dq100_10_mean_ah""], [""dq100_10_log_variance"", ""cycle10_rms_c_timeweighted"", ""dq100_10_q05_ah"", ""dq100_10_mean_ah""], [""dq100_10_log_variance"", ""cycle10_rms_c_timeweighted"", ""dq100_10_q05_ah"", ""dq100_10_mean_ah""]]",29
CatBoost_plus_top2/repeat2/outer4/tune,cat,plus_top2,1,"{""depth"": 2, ""iterations"": 100, ""l2_leaf_reg"": 3.0, ""learning_rate"": 0.07}",9.405433628468366,"[[""dq100_10_log_variance"", ""cycle10_rms_c_timeweighted"", ""dq100_10_q05_ah"", ""dq100_10_mean_ah""], [""dq100_10_log_variance"", ""cycle10_rms_c_timeweighted"", ""dq100_10_q05_ah"", ""dq100_10_mean_ah""], [""dq100_10_log_variance"", ""cycle10_rms_c_timeweighted"", ""dq100_10_q05_ah"", ""dq100_10_mean_ah""]]",29
CatBoost_plus_top2/repeat2/outer4/tune,cat,plus_top2,2,"{""depth"": 3, ""iterations"": 100, ""l2_leaf_reg"": 10.0, ""learning_rate"": 0.03}",12.888461302276244,"[[""dq100_10_log_variance"", ""cycle10_rms_c_timeweighted"", ""dq100_10_q05_ah"", ""dq100_10_mean_ah""], [""dq100_10_log_variance"", ""cycle10_rms_c_timeweighted"", ""dq100_10_q05_ah"", ""dq100_10_mean_ah""], [""dq100_10_log_variance"", ""cycle10_rms_c_timeweighted"", ""dq100_10_q05_ah"", ""dq100_10_mean_ah""]]",29
CatBoost_plus_top2/repeat2/outer4/tune,cat,plus_top2,3,"{""depth"": 3, ""iterations"": 250, ""l2_leaf_reg"": 3.0, ""learning_rate"": 0.03}",9.319901745109195,"[[""dq100_10_log_variance"", ""cycle10_rms_c_timeweighted"", ""dq100_10_q05_ah"", ""dq100_10_mean_ah""], [""dq100_10_log_variance"", ""cycle10_rms_c_timeweighted"", ""dq100_10_q05_ah"", ""dq100_10_mean_ah""], [""dq100_10_log_variance"", ""cycle10_rms_c_timeweighted"", ""dq100_10_q05_ah"", ""dq100_10_mean_ah""]]",29
CatBoost_plus_top2/repeat2/outer4/tune,cat,plus_top2,4,"{""depth"": 2, ""iterations"": 100, ""l2_leaf_reg"": 30.0, ""learning_rate"": 0.03}",14.131764382493559,"[[""dq100_10_log_variance"", ""cycle10_rms_c_timeweighted"", ""dq100_10_q05_ah"", ""dq100_10_mean_ah""], [""dq100_10_log_variance"", ""cycle10_rms_c_timeweighted"", ""dq100_10_q05_ah"", ""dq100_10_mean_ah""], [""dq100_10_log_variance"", ""cycle10_rms_c_timeweighted"", ""dq100_10_q05_ah"", ""dq100_10_mean_ah""]]",29
CatBoost_plus_top2/repeat2/outer4/tune,cat,plus_top2,5,"{""depth"": 3, ""iterations"": 250, ""l2_leaf_reg"": 3.0, ""learning_rate"": 0.07}",9.6302247720555,"[[""dq100_10_log_variance"", ""cycle10_rms_c_timeweighted"", ""dq100_10_q05_ah"", ""dq100_10_mean_ah""], [""dq100_10_log_variance"", ""cycle10_rms_c_timeweighted"", ""dq100_10_q05_ah"", ""dq100_10_mean_ah""], [""dq100_10_log_variance"", ""cycle10_rms_c_timeweighted"", ""dq100_10_q05_ah"", ""dq100_10_mean_ah""]]",29
CatBoost_plus_top2/repeat2/outer4/tune,cat,plus_top2,6,"{""depth"": 2, ""iterations"": 250, ""l2_leaf_reg"": 10.0, ""learning_rate"": 0.07}",9.38055995856715,"[[""dq100_10_log_variance"", ""cycle10_rms_c_timeweighted"", ""dq100_10_q05_ah"", ""dq100_10_mean_ah""], [""dq100_10_log_variance"", ""cycle10_rms_c_timeweighted"", ""dq100_10_q05_ah"", ""dq100_10_mean_ah""], [""dq100_10_log_variance"", ""cycle10_rms_c_timeweighted"", ""dq100_10_q05_ah"", ""dq100_10_mean_ah""]]",29
CatBoost_plus_top2/repeat2/outer4/tune,cat,plus_top2,7,"{""depth"": 2, ""iterations"": 100, ""l2_leaf_reg"": 3.0, ""learning_rate"": 0.03}",10.347528102089926,"[[""dq100_10_log_variance"", ""cycle10_rms_c_timeweighted"", ""dq100_10_q05_ah"", ""dq100_10_mean_ah""], [""dq100_10_log_variance"", ""cycle10_rms_c_timeweighted"", ""dq100_10_q05_ah"", ""dq100_10_mean_ah""], [""dq100_10_log_variance"", ""cycle10_rms_c_timeweighted"", ""dq100_10_q05_ah"", ""dq100_10_mean_ah""]]",29
CatBoost_plus_top2/repeat2/outer4/tune,cat,plus_top2,8,"{""depth"": 1, ""iterations"": 250, ""l2_leaf_reg"": 10.0, ""learning_rate"": 0.03}",10.003059833928095,"[[""dq100_10_log_variance"", ""cycle10_rms_c_timeweighted"", ""dq100_10_q05_ah"", ""dq100_10_mean_ah""], [""dq100_10_log_variance"", ""cycle10_rms_c_timeweighted"", ""dq100_10_q05_ah"", ""dq100_10_mean_ah""], [""dq100_10_log_variance"", ""cycle10_rms_c_timeweighted"", ""dq100_10_q05_ah"", ""dq100_10_mean_ah""]]",29
CatBoost_plus_top2/repeat2/outer4/tune,cat,plus_top2,9,"{""depth"": 2, ""iterations"": 100, ""l2_leaf_reg"": 30.0, ""learning_rate"": 0.07}",11.775351509212195,"[[""dq100_10_log_variance"", ""cycle10_rms_c_timeweighted"", ""dq100_10_q05_ah"", ""dq100_10_mean_ah""], [""dq100_10_log_variance"", ""cycle10_rms_c_timeweighted"", ""dq100_10_q05_ah"", ""dq100_10_mean_ah""], [""dq100_10_log_variance"", ""cycle10_rms_c_timeweighted"", ""dq100_10_q05_ah"", ""dq100_10_mean_ah""]]",29
CatBoost_plus_top2/repeat2/outer4/tune,cat,plus_top2,10,"{""depth"": 1, ""iterations"": 250, ""l2_leaf_reg"": 10.0, ""learning_rate"": 0.07}",9.547201298669615,"[[""dq100_10_log_variance"", ""cycle10_rms_c_timeweighted"", ""dq100_10_q05_ah"", ""dq100_10_mean_ah""], [""dq100_10_log_variance"", ""cycle10_rms_c_timeweighted"", ""dq100_10_q05_ah"", ""dq100_10_mean_ah""], [""dq100_10_log_variance"", ""cycle10_rms_c_timeweighted"", ""dq100_10_q05_ah"", ""dq100_10_mean_ah""]]",29
CatBoost_plus_top2/repeat2/outer4/tune,cat,plus_top2,11,"{""depth"": 3, ""iterations"": 250, ""l2_leaf_reg"": 30.0, ""learning_rate"": 0.03}",13.022709904019681,"[[""dq100_10_log_variance"", ""cycle10_rms_c_timeweighted"", ""dq100_10_q05_ah"", ""dq100_10_mean_ah""], [""dq100_10_log_variance"", ""cycle10_rms_c_timeweighted"", ""dq100_10_q05_ah"", ""dq100_10_mean_ah""], [""dq100_10_log_variance"", ""cycle10_rms_c_timeweighted"", ""dq100_10_q05_ah"", ""dq100_10_mean_ah""]]",29
CatBoost_plus_top2/repeat2/outer5/tune,cat,plus_top2,0,"{""depth"": 3, ""iterations"": 250, ""l2_leaf_reg"": 30.0, ""learning_rate"": 0.07}",10.977427653981236,"[[""dq100_10_log_variance"", ""cycle10_rms_c_timeweighted"", ""dq100_10_q05_ah"", ""dq100_10_mean_ah""], [""dq100_10_log_variance"", ""cycle10_rms_c_timeweighted"", ""dq100_10_q05_ah"", ""dq100_10_mean_ah""], [""dq100_10_log_variance"", ""cycle10_rms_c_timeweighted"", ""dq100_10_q05_ah"", ""dq100_10_mean_ah""]]",29
CatBoost_plus_top2/repeat2/outer5/tune,cat,plus_top2,1,"{""depth"": 2, ""iterations"": 100, ""l2_leaf_reg"": 3.0, ""learning_rate"": 0.07}",9.32926850040051,"[[""dq100_10_log_variance"", ""cycle10_rms_c_timeweighted"", ""dq100_10_q05_ah"", ""dq100_10_mean_ah""], [""dq100_10_log_variance"", ""cycle10_rms_c_timeweighted"", ""dq100_10_q05_ah"", ""dq100_10_mean_ah""], [""dq100_10_log_variance"", ""cycle10_rms_c_timeweighted"", ""dq100_10_q05_ah"", ""dq100_10_mean_ah""]]",29
CatBoost_plus_top2/repeat2/outer5/tune,cat,plus_top2,2,"{""depth"": 3, ""iterations"": 100, ""l2_leaf_reg"": 10.0, ""learning_rate"": 0.03}",12.939346511459124,"[[""dq100_10_log_variance"", ""cycle10_rms_c_timeweighted"", ""dq100_10_q05_ah"", ""dq100_10_mean_ah""], [""dq100_10_log_variance"", ""cycle10_rms_c_timeweighted"", ""dq100_10_q05_ah"", ""dq100_10_mean_ah""], [""dq100_10_log_variance"", ""cycle10_rms_c_timeweighted"", ""dq100_10_q05_ah"", ""dq100_10_mean_ah""]]",29
CatBoost_plus_top2/repeat2/outer5/tune,cat,plus_top2,3,"{""depth"": 3, ""iterations"": 250, ""l2_leaf_reg"": 3.0, ""learning_rate"": 0.03}",9.831903380223697,"[[""dq100_10_log_variance"", ""cycle10_rms_c_timeweighted"", ""dq100_10_q05_ah"", ""dq100_10_mean_ah""], [""dq100_10_log_variance"", ""cycle10_rms_c_timeweighted"", ""dq100_10_q05_ah"", ""dq100_10_mean_ah""], [""dq100_10_log_variance"", ""cycle10_rms_c_timeweighted"", ""dq100_10_q05_ah"", ""dq100_10_mean_ah""]]",29
CatBoost_plus_top2/repeat2/outer5/tune,cat,plus_top2,4,"{""depth"": 2, ""iterations"": 100, ""l2_leaf_reg"": 30.0, ""learning_rate"": 0.03}",14.226448080967474,"[[""dq100_10_log_variance"", ""cycle10_rms_c_timeweighted"", ""dq100_10_q05_ah"", ""dq100_10_mean_ah""], [""dq100_10_log_variance"", ""cycle10_rms_c_timeweighted"", ""dq100_10_q05_ah"", ""dq100_10_mean_ah""], [""dq100_10_log_variance"", ""cycle10_rms_c_timeweighted"", ""dq100_10_q05_ah"", ""dq100_10_mean_ah""]]",29
CatBoost_plus_top2/repeat2/outer5/tune,cat,plus_top2,5,"{""depth"": 3, ""iterations"": 250, ""l2_leaf_reg"": 3.0, ""learning_rate"": 0.07}",9.907226539198959,"[[""dq100_10_log_variance"", ""cycle10_rms_c_timeweighted"", ""dq100_10_q05_ah"", ""dq100_10_mean_ah""], [""dq100_10_log_variance"", ""cycle10_rms_c_timeweighted"", ""dq100_10_q05_ah"", ""dq100_10_mean_ah""], [""dq100_10_log_variance"", ""cycle10_rms_c_timeweighted"", ""dq100_10_q05_ah"", ""dq100_10_mean_ah""]]",29
CatBoost_plus_top2/repeat2/outer5/tune,cat,plus_top2,6,"{""depth"": 2, ""iterations"": 250, ""l2_leaf_reg"": 10.0, ""learning_rate"": 0.07}",9.587485422894154,"[[""dq100_10_log_variance"", ""cycle10_rms_c_timeweighted"", ""dq100_10_q05_ah"", ""dq100_10_mean_ah""], [""dq100_10_log_variance"", ""cycle10_rms_c_timeweighted"", ""dq100_10_q05_ah"", ""dq100_10_mean_ah""], [""dq100_10_log_variance"", ""cycle10_rms_c_timeweighted"", ""dq100_10_q05_ah"", ""dq100_10_mean_ah""]]",29
CatBoost_plus_top2/repeat2/outer5/tune,cat,plus_top2,7,"{""depth"": 2, ""iterations"": 100, ""l2_leaf_reg"": 3.0, ""learning_rate"": 0.03}",10.767862486723924,"[[""dq100_10_log_variance"", ""cycle10_rms_c_timeweighted"", ""dq100_10_q05_ah"", ""dq100_10_mean_ah""], [""dq100_10_log_variance"", ""cycle10_rms_c_timeweighted"", ""dq100_10_q05_ah"", ""dq100_10_mean_ah""], [""dq100_10_log_variance"", ""cycle10_rms_c_timeweighted"", ""dq100_10_q05_ah"", ""dq100_10_mean_ah""]]",29
CatBoost_plus_top2/repeat2/outer5/tune,cat,plus_top2,8,"{""depth"": 1, ""iterations"": 250, ""l2_leaf_reg"": 10.0, ""learning_rate"": 0.03}",10.602422664003072,"[[""dq100_10_log_variance"", ""cycle10_rms_c_timeweighted"", ""dq100_10_q05_ah"", ""dq100_10_mean_ah""], [""dq100_10_log_variance"", ""cycle10_rms_c_timeweighted"", ""dq100_10_q05_ah"", ""dq100_10_mean_ah""], [""dq100_10_log_variance"", ""cycle10_rms_c_timeweighted"", ""dq100_10_q05_ah"", ""dq100_10_mean_ah""]]",29
CatBoost_plus_top2/repeat2/outer5/tune,cat,plus_top2,9,"{""depth"": 2, ""iterations"": 100, ""l2_leaf_reg"": 30.0, ""learning_rate"": 0.07}",11.850585450404491,"[[""dq100_10_log_variance"", ""cycle10_rms_c_timeweighted"", ""dq100_10_q05_ah"", ""dq100_10_mean_ah""], [""dq100_10_log_variance"", ""cycle10_rms_c_timeweighted"", ""dq100_10_q05_ah"", ""dq100_10_mean_ah""], [""dq100_10_log_variance"", ""cycle10_rms_c_timeweighted"", ""dq100_10_q05_ah"", ""dq100_10_mean_ah""]]",29
CatBoost_plus_top2/repeat2/outer5/tune,cat,plus_top2,10,"{""depth"": 1, ""iterations"": 250, ""l2_leaf_reg"": 10.0, ""learning_rate"": 0.07}",9.62758473611558,"[[""dq100_10_log_variance"", ""cycle10_rms_c_timeweighted"", ""dq100_10_q05_ah"", ""dq100_10_mean_ah""], [""dq100_10_log_variance"", ""cycle10_rms_c_timeweighted"", ""dq100_10_q05_ah"", ""dq100_10_mean_ah""], [""dq100_10_log_variance"", ""cycle10_rms_c_timeweighted"", ""dq100_10_q05_ah"", ""dq100_10_mean_ah""]]",29
CatBoost_plus_top2/repeat2/outer5/tune,cat,plus_top2,11,"{""depth"": 3, ""iterations"": 250, ""l2_leaf_reg"": 30.0, ""learning_rate"": 0.03}",12.861229368820048,"[[""dq100_10_log_variance"", ""cycle10_rms_c_timeweighted"", ""dq100_10_q05_ah"", ""dq100_10_mean_ah""], [""dq100_10_log_variance"", ""cycle10_rms_c_timeweighted"", ""dq100_10_q05_ah"", ""dq100_10_mean_ah""], [""dq100_10_log_variance"", ""cycle10_rms_c_timeweighted"", ""dq100_10_q05_ah"", ""dq100_10_mean_ah""]]",29
CatBoost_plus_top2/repeat3/outer1/tune,cat,plus_top2,0,"{""depth"": 3, ""iterations"": 250, ""l2_leaf_reg"": 30.0, ""learning_rate"": 0.07}",10.062777381896609,"[[""dq100_10_log_variance"", ""cycle10_rms_c_timeweighted"", ""dq100_10_q05_ah"", ""dq100_10_mean_ah""], [""dq100_10_log_variance"", ""cycle10_rms_c_timeweighted"", ""dq100_10_q05_ah"", ""dq100_10_mean_ah""], [""dq100_10_log_variance"", ""cycle10_rms_c_timeweighted"", ""dq100_10_q05_ah"", ""dq100_10_mean_ah""]]",27
CatBoost_plus_top2/repeat3/outer1/tune,cat,plus_top2,1,"{""depth"": 2, ""iterations"": 100, ""l2_leaf_reg"": 3.0, ""learning_rate"": 0.07}",9.008844014522245,"[[""dq100_10_log_variance"", ""cycle10_rms_c_timeweighted"", ""dq100_10_q05_ah"", ""dq100_10_mean_ah""], [""dq100_10_log_variance"", ""cycle10_rms_c_timeweighted"", ""dq100_10_q05_ah"", ""dq100_10_mean_ah""], [""dq100_10_log_variance"", ""cycle10_rms_c_timeweighted"", ""dq100_10_q05_ah"", ""dq100_10_mean_ah""]]",27
CatBoost_plus_top2/repeat3/outer1/tune,cat,plus_top2,2,"{""depth"": 3, ""iterations"": 100, ""l2_leaf_reg"": 10.0, ""learning_rate"": 0.03}",11.93926979817868,"[[""dq100_10_log_variance"", ""cycle10_rms_c_timeweighted"", ""dq100_10_q05_ah"", ""dq100_10_mean_ah""], [""dq100_10_log_variance"", ""cycle10_rms_c_timeweighted"", ""dq100_10_q05_ah"", ""dq100_10_mean_ah""], [""dq100_10_log_variance"", ""cycle10_rms_c_timeweighted"", ""dq100_10_q05_ah"", ""dq100_10_mean_ah""]]",27
CatBoost_plus_top2/repeat3/outer1/tune,cat,plus_top2,3,"{""depth"": 3, ""iterations"": 250, ""l2_leaf_reg"": 3.0, ""learning_rate"": 0.03}",9.08457085258666,"[[""dq100_10_log_variance"", ""cycle10_rms_c_timeweighted"", ""dq100_10_q05_ah"", ""dq100_10_mean_ah""], [""dq100_10_log_variance"", ""cycle10_rms_c_timeweighted"", ""dq100_10_q05_ah"", ""dq100_10_mean_ah""], [""dq100_10_log_variance"", ""cycle10_rms_c_timeweighted"", ""dq100_10_q05_ah"", ""dq100_10_mean_ah""]]",27
CatBoost_plus_top2/repeat3/outer1/tune,cat,plus_top2,4,"{""depth"": 2, ""iterations"": 100, ""l2_leaf_reg"": 30.0, ""learning_rate"": 0.03}",14.148308123738198,"[[""dq100_10_log_variance"", ""cycle10_rms_c_timeweighted"", ""dq100_10_q05_ah"", ""dq100_10_mean_ah""], [""dq100_10_log_variance"", ""cycle10_rms_c_timeweighted"", ""dq100_10_q05_ah"", ""dq100_10_mean_ah""], [""dq100_10_log_variance"", ""cycle10_rms_c_timeweighted"", ""dq100_10_q05_ah"", ""dq100_10_mean_ah""]]",27
CatBoost_plus_top2/repeat3/outer1/tune,cat,plus_top2,5,"{""depth"": 3, ""iterations"": 250, ""l2_leaf_reg"": 3.0, ""learning_rate"": 0.07}",9.29918123825577,"[[""dq100_10_log_variance"", ""cycle10_rms_c_timeweighted"", ""dq100_10_q05_ah"", ""dq100_10_mean_ah""], [""dq100_10_log_variance"", ""cycle10_rms_c_timeweighted"", ""dq100_10_q05_ah"", ""dq100_10_mean_ah""], [""dq100_10_log_variance"", ""cycle10_rms_c_timeweighted"", ""dq100_10_q05_ah"", ""dq100_10_mean_ah""]]",27
CatBoost_plus_top2/repeat3/outer1/tune,cat,plus_top2,6,"{""depth"": 2, ""iterations"": 250, ""l2_leaf_reg"": 10.0, ""learning_rate"": 0.07}",8.858076413894445,"[[""dq100_10_log_variance"", ""cycle10_rms_c_timeweighted"", ""dq100_10_q05_ah"", ""dq100_10_mean_ah""], [""dq100_10_log_variance"", ""cycle10_rms_c_timeweighted"", ""dq100_10_q05_ah"", ""dq100_10_mean_ah""], [""dq100_10_log_variance"", ""cycle10_rms_c_timeweighted"", ""dq100_10_q05_ah"", ""dq100_10_mean_ah""]]",27
CatBoost_plus_top2/repeat3/outer1/tune,cat,plus_top2,7,"{""depth"": 2, ""iterations"": 100, ""l2_leaf_reg"": 3.0, ""learning_rate"": 0.03}",9.966857087462445,"[[""dq100_10_log_variance"", ""cycle10_rms_c_timeweighted"", ""dq100_10_q05_ah"", ""dq100_10_mean_ah""], [""dq100_10_log_variance"", ""cycle10_rms_c_timeweighted"", ""dq100_10_q05_ah"", ""dq100_10_mean_ah""], [""dq100_10_log_variance"", ""cycle10_rms_c_timeweighted"", ""dq100_10_q05_ah"", ""dq100_10_mean_ah""]]",27
CatBoost_plus_top2/repeat3/outer1/tune,cat,plus_top2,8,"{""depth"": 1, ""iterations"": 250, ""l2_leaf_reg"": 10.0, ""learning_rate"": 0.03}",9.841828126665273,"[[""dq100_10_log_variance"", ""cycle10_rms_c_timeweighted"", ""dq100_10_q05_ah"", ""dq100_10_mean_ah""], [""dq100_10_log_variance"", ""cycle10_rms_c_timeweighted"", ""dq100_10_q05_ah"", ""dq100_10_mean_ah""], [""dq100_10_log_variance"", ""cycle10_rms_c_timeweighted"", ""dq100_10_q05_ah"", ""dq100_10_mean_ah""]]",27
CatBoost_plus_top2/repeat3/outer1/tune,cat,plus_top2,9,"{""depth"": 2, ""iterations"": 100, ""l2_leaf_reg"": 30.0, ""learning_rate"": 0.07}",11.599604873199238,"[[""dq100_10_log_variance"", ""cycle10_rms_c_timeweighted"", ""dq100_10_q05_ah"", ""dq100_10_mean_ah""], [""dq100_10_log_variance"", ""cycle10_rms_c_timeweighted"", ""dq100_10_q05_ah"", ""dq100_10_mean_ah""], [""dq100_10_log_variance"", ""cycle10_rms_c_timeweighted"", ""dq100_10_q05_ah"", ""dq100_10_mean_ah""]]",27
CatBoost_plus_top2/repeat3/outer1/tune,cat,plus_top2,10,"{""depth"": 1, ""iterations"": 250, ""l2_leaf_reg"": 10.0, ""learning_rate"": 0.07}",9.134910189152468,"[[""dq100_10_log_variance"", ""cycle10_rms_c_timeweighted"", ""dq100_10_q05_ah"", ""dq100_10_mean_ah""], [""dq100_10_log_variance"", ""cycle10_rms_c_timeweighted"", ""dq100_10_q05_ah"", ""dq100_10_mean_ah""], [""dq100_10_log_variance"", ""cycle10_rms_c_timeweighted"", ""dq100_10_q05_ah"", ""dq100_10_mean_ah""]]",27
CatBoost_plus_top2/repeat3/outer1/tune,cat,plus_top2,11,"{""depth"": 3, ""iterations"": 250, ""l2_leaf_reg"": 30.0, ""learning_rate"": 0.03}",11.503844238914173,"[[""dq100_10_log_variance"", ""cycle10_rms_c_timeweighted"", ""dq100_10_q05_ah"", ""dq100_10_mean_ah""], [""dq100_10_log_variance"", ""cycle10_rms_c_timeweighted"", ""dq100_10_q05_ah"", ""dq100_10_mean_ah""], [""dq100_10_log_variance"", ""cycle10_rms_c_timeweighted"", ""dq100_10_q05_ah"", ""dq100_10_mean_ah""]]",27
CatBoost_plus_top2/repeat3/outer2/tune,cat,plus_top2,0,"{""depth"": 3, ""iterations"": 250, ""l2_leaf_reg"": 30.0, ""learning_rate"": 0.07}",12.576157337469699,"[[""dq100_10_log_variance"", ""cycle10_rms_c_timeweighted"", ""dq100_10_q05_ah"", ""dq100_10_mean_ah""], [""dq100_10_log_variance"", ""cycle10_rms_c_timeweighted"", ""dq100_10_q05_ah"", ""dq100_10_mean_ah""], [""dq100_10_log_variance"", ""cycle10_rms_c_timeweighted"", ""dq100_10_q05_ah"", ""dq100_10_mean_ah""]]",28
CatBoost_plus_top2/repeat3/outer2/tune,cat,plus_top2,1,"{""depth"": 2, ""iterations"": 100, ""l2_leaf_reg"": 3.0, ""learning_rate"": 0.07}",12.376118896564973,"[[""dq100_10_log_variance"", ""cycle10_rms_c_timeweighted"", ""dq100_10_q05_ah"", ""dq100_10_mean_ah""], [""dq100_10_log_variance"", ""cycle10_rms_c_timeweighted"", ""dq100_10_q05_ah"", ""dq100_10_mean_ah""], [""dq100_10_log_variance"", ""cycle10_rms_c_timeweighted"", ""dq100_10_q05_ah"", ""dq100_10_mean_ah""]]",28
CatBoost_plus_top2/repeat3/outer2/tune,cat,plus_top2,2,"{""depth"": 3, ""iterations"": 100, ""l2_leaf_reg"": 10.0, ""learning_rate"": 0.03}",14.440405378663254,"[[""dq100_10_log_variance"", ""cycle10_rms_c_timeweighted"", ""dq100_10_q05_ah"", ""dq100_10_mean_ah""], [""dq100_10_log_variance"", ""cycle10_rms_c_timeweighted"", ""dq100_10_q05_ah"", ""dq100_10_mean_ah""], [""dq100_10_log_variance"", ""cycle10_rms_c_timeweighted"", ""dq100_10_q05_ah"", ""dq100_10_mean_ah""]]",28
CatBoost_plus_top2/repeat3/outer2/tune,cat,plus_top2,3,"{""depth"": 3, ""iterations"": 250, ""l2_leaf_reg"": 3.0, ""learning_rate"": 0.03}",12.916723856926943,"[[""dq100_10_log_variance"", ""cycle10_rms_c_timeweighted"", ""dq100_10_q05_ah"", ""dq100_10_mean_ah""], [""dq100_10_log_variance"", ""cycle10_rms_c_timeweighted"", ""dq100_10_q05_ah"", ""dq100_10_mean_ah""], [""dq100_10_log_variance"", ""cycle10_rms_c_timeweighted"", ""dq100_10_q05_ah"", ""dq100_10_mean_ah""]]",28
CatBoost_plus_top2/repeat3/outer2/tune,cat,plus_top2,4,"{""depth"": 2, ""iterations"": 100, ""l2_leaf_reg"": 30.0, ""learning_rate"": 0.03}",13.989511837700949,"[[""dq100_10_log_variance"", ""cycle10_rms_c_timeweighted"", ""dq100_10_q05_ah"", ""dq100_10_mean_ah""], [""dq100_10_log_variance"", ""cycle10_rms_c_timeweighted"", ""dq100_10_q05_ah"", ""dq100_10_mean_ah""], [""dq100_10_log_variance"", ""cycle10_rms_c_timeweighted"", ""dq100_10_q05_ah"", ""dq100_10_mean_ah""]]",28
CatBoost_plus_top2/repeat3/outer2/tune,cat,plus_top2,5,"{""depth"": 3, ""iterations"": 250, ""l2_leaf_reg"": 3.0, ""learning_rate"": 0.07}",13.019611444229989,"[[""dq100_10_log_variance"", ""cycle10_rms_c_timeweighted"", ""dq100_10_q05_ah"", ""dq100_10_mean_ah""], [""dq100_10_log_variance"", ""cycle10_rms_c_timeweighted"", ""dq100_10_q05_ah"", ""dq100_10_mean_ah""], [""dq100_10_log_variance"", ""cycle10_rms_c_timeweighted"", ""dq100_10_q05_ah"", ""dq100_10_mean_ah""]]",28
CatBoost_plus_top2/repeat3/outer2/tune,cat,plus_top2,6,"{""depth"": 2, ""iterations"": 250, ""l2_leaf_reg"": 10.0, ""learning_rate"": 0.07}",12.316959069537463,"[[""dq100_10_log_variance"", ""cycle10_rms_c_timeweighted"", ""dq100_10_q05_ah"", ""dq100_10_mean_ah""], [""dq100_10_log_variance"", ""cycle10_rms_c_timeweighted"", ""dq100_10_q05_ah"", ""dq100_10_mean_ah""], [""dq100_10_log_variance"", ""cycle10_rms_c_timeweighted"", ""dq100_10_q05_ah"", ""dq100_10_mean_ah""]]",28
CatBoost_plus_top2/repeat3/outer2/tune,cat,plus_top2,7,"{""depth"": 2, ""iterations"": 100, ""l2_leaf_reg"": 3.0, ""learning_rate"": 0.03}",12.254203832705647,"[[""dq100_10_log_variance"", ""cycle10_rms_c_timeweighted"", ""dq100_10_q05_ah"", ""dq100_10_mean_ah""], [""dq100_10_log_variance"", ""cycle10_rms_c_timeweighted"", ""dq100_10_q05_ah"", ""dq100_10_mean_ah""], [""dq100_10_log_variance"", ""cycle10_rms_c_timeweighted"", ""dq100_10_q05_ah"", ""dq100_10_mean_ah""]]",28
CatBoost_plus_top2/repeat3/outer2/tune,cat,plus_top2,8,"{""depth"": 1, ""iterations"": 250, ""l2_leaf_reg"": 10.0, ""learning_rate"": 0.03}",12.055141392574194,"[[""dq100_10_log_variance"", ""cycle10_rms_c_timeweighted"", ""dq100_10_q05_ah"", ""dq100_10_mean_ah""], [""dq100_10_log_variance"", ""cycle10_rms_c_timeweighted"", ""dq100_10_q05_ah"", ""dq100_10_mean_ah""], [""dq100_10_log_variance"", ""cycle10_rms_c_timeweighted"", ""dq100_10_q05_ah"", ""dq100_10_mean_ah""]]",28
CatBoost_plus_top2/repeat3/outer2/tune,cat,plus_top2,9,"{""depth"": 2, ""iterations"": 100, ""l2_leaf_reg"": 30.0, ""learning_rate"": 0.07}",12.63884588203881,"[[""dq100_10_log_variance"", ""cycle10_rms_c_timeweighted"", ""dq100_10_q05_ah"", ""dq100_10_mean_ah""], [""dq100_10_log_variance"", ""cycle10_rms_c_timeweighted"", ""dq100_10_q05_ah"", ""dq100_10_mean_ah""], [""dq100_10_log_variance"", ""cycle10_rms_c_timeweighted"", ""dq100_10_q05_ah"", ""dq100_10_mean_ah""]]",28
CatBoost_plus_top2/repeat3/outer2/tune,cat,plus_top2,10,"{""depth"": 1, ""iterations"": 250, ""l2_leaf_reg"": 10.0, ""learning_rate"": 0.07}",12.154225435879743,"[[""dq100_10_log_variance"", ""cycle10_rms_c_timeweighted"", ""dq100_10_q05_ah"", ""dq100_10_mean_ah""], [""dq100_10_log_variance"", ""cycle10_rms_c_timeweighted"", ""dq100_10_q05_ah"", ""dq100_10_mean_ah""], [""dq100_10_log_variance"", ""cycle10_rms_c_timeweighted"", ""dq100_10_q05_ah"", ""dq100_10_mean_ah""]]",28
CatBoost_plus_top2/repeat3/outer2/tune,cat,plus_top2,11,"{""depth"": 3, ""iterations"": 250, ""l2_leaf_reg"": 30.0, ""learning_rate"": 0.03}",14.566326340521258,"[[""dq100_10_log_variance"", ""cycle10_rms_c_timeweighted"", ""dq100_10_q05_ah"", ""dq100_10_mean_ah""], [""dq100_10_log_variance"", ""cycle10_rms_c_timeweighted"", ""dq100_10_q05_ah"", ""dq100_10_mean_ah""], [""dq100_10_log_variance"", ""cycle10_rms_c_timeweighted"", ""dq100_10_q05_ah"", ""dq100_10_mean_ah""]]",28
CatBoost_plus_top2/repeat3/outer3/tune,cat,plus_top2,0,"{""depth"": 3, ""iterations"": 250, ""l2_leaf_reg"": 30.0, ""learning_rate"": 0.07}",8.026575493670647,"[[""dq100_10_log_variance"", ""cycle10_rms_c_timeweighted"", ""dq100_10_q05_ah"", ""dq100_10_mean_ah""], [""dq100_10_log_variance"", ""cycle10_rms_c_timeweighted"", ""dq100_10_q05_ah"", ""dq100_10_mean_ah""], [""dq100_10_log_variance"", ""cycle10_rms_c_timeweighted"", ""dq100_10_q05_ah"", ""dq100_10_mean_ah""]]",27
CatBoost_plus_top2/repeat3/outer3/tune,cat,plus_top2,1,"{""depth"": 2, ""iterations"": 100, ""l2_leaf_reg"": 3.0, ""learning_rate"": 0.07}",7.062786462210041,"[[""dq100_10_log_variance"", ""cycle10_rms_c_timeweighted"", ""dq100_10_q05_ah"", ""dq100_10_mean_ah""], [""dq100_10_log_variance"", ""cycle10_rms_c_timeweighted"", ""dq100_10_q05_ah"", ""dq100_10_mean_ah""], [""dq100_10_log_variance"", ""cycle10_rms_c_timeweighted"", ""dq100_10_q05_ah"", ""dq100_10_mean_ah""]]",27
CatBoost_plus_top2/repeat3/outer3/tune,cat,plus_top2,2,"{""depth"": 3, ""iterations"": 100, ""l2_leaf_reg"": 10.0, ""learning_rate"": 0.03}",9.532327963625084,"[[""dq100_10_log_variance"", ""cycle10_rms_c_timeweighted"", ""dq100_10_q05_ah"", ""dq100_10_mean_ah""], [""dq100_10_log_variance"", ""cycle10_rms_c_timeweighted"", ""dq100_10_q05_ah"", ""dq100_10_mean_ah""], [""dq100_10_log_variance"", ""cycle10_rms_c_timeweighted"", ""dq100_10_q05_ah"", ""dq100_10_mean_ah""]]",27
CatBoost_plus_top2/repeat3/outer3/tune,cat,plus_top2,3,"{""depth"": 3, ""iterations"": 250, ""l2_leaf_reg"": 3.0, ""learning_rate"": 0.03}",6.975842272575078,"[[""dq100_10_log_variance"", ""cycle10_rms_c_timeweighted"", ""dq100_10_q05_ah"", ""dq100_10_mean_ah""], [""dq100_10_log_variance"", ""cycle10_rms_c_timeweighted"", ""dq100_10_q05_ah"", ""dq100_10_mean_ah""], [""dq100_10_log_variance"", ""cycle10_rms_c_timeweighted"", ""dq100_10_q05_ah"", ""dq100_10_mean_ah""]]",27
CatBoost_plus_top2/repeat3/outer3/tune,cat,plus_top2,4,"{""depth"": 2, ""iterations"": 100, ""l2_leaf_reg"": 30.0, ""learning_rate"": 0.03}",12.506449851531057,"[[""dq100_10_log_variance"", ""cycle10_rms_c_timeweighted"", ""dq100_10_q05_ah"", ""dq100_10_mean_ah""], [""dq100_10_log_variance"", ""cycle10_rms_c_timeweighted"", ""dq100_10_q05_ah"", ""dq100_10_mean_ah""], [""dq100_10_log_variance"", ""cycle10_rms_c_timeweighted"", ""dq100_10_q05_ah"", ""dq100_10_mean_ah""]]",27
CatBoost_plus_top2/repeat3/outer3/tune,cat,plus_top2,5,"{""depth"": 3, ""iterations"": 250, ""l2_leaf_reg"": 3.0, ""learning_rate"": 0.07}",6.676660056021422,"[[""dq100_10_log_variance"", ""cycle10_rms_c_timeweighted"", ""dq100_10_q05_ah"", ""dq100_10_mean_ah""], [""dq100_10_log_variance"", ""cycle10_rms_c_timeweighted"", ""dq100_10_q05_ah"", ""dq100_10_mean_ah""], [""dq100_10_log_variance"", ""cycle10_rms_c_timeweighted"", ""dq100_10_q05_ah"", ""dq100_10_mean_ah""]]",27
CatBoost_plus_top2/repeat3/outer3/tune,cat,plus_top2,6,"{""depth"": 2, ""iterations"": 250, ""l2_leaf_reg"": 10.0, ""learning_rate"": 0.07}",6.774244002045587,"[[""dq100_10_log_variance"", ""cycle10_rms_c_timeweighted"", ""dq100_10_q05_ah"", ""dq100_10_mean_ah""], [""dq100_10_log_variance"", ""cycle10_rms_c_timeweighted"", ""dq100_10_q05_ah"", ""dq100_10_mean_ah""], [""dq100_10_log_variance"", ""cycle10_rms_c_timeweighted"", ""dq100_10_q05_ah"", ""dq100_10_mean_ah""]]",27
CatBoost_plus_top2/repeat3/outer3/tune,cat,plus_top2,7,"{""depth"": 2, ""iterations"": 100, ""l2_leaf_reg"": 3.0, ""learning_rate"": 0.03}",8.316953867591554,"[[""dq100_10_log_variance"", ""cycle10_rms_c_timeweighted"", ""dq100_10_q05_ah"", ""dq100_10_mean_ah""], [""dq100_10_log_variance"", ""cycle10_rms_c_timeweighted"", ""dq100_10_q05_ah"", ""dq100_10_mean_ah""], [""dq100_10_log_variance"", ""cycle10_rms_c_timeweighted"", ""dq100_10_q05_ah"", ""dq100_10_mean_ah""]]",27
CatBoost_plus_top2/repeat3/outer3/tune,cat,plus_top2,8,"{""depth"": 1, ""iterations"": 250, ""l2_leaf_reg"": 10.0, ""learning_rate"": 0.03}",8.071652873231153,"[[""dq100_10_log_variance"", ""cycle10_rms_c_timeweighted"", ""dq100_10_q05_ah"", ""dq100_10_mean_ah""], [""dq100_10_log_variance"", ""cycle10_rms_c_timeweighted"", ""dq100_10_q05_ah"", ""dq100_10_mean_ah""], [""dq100_10_log_variance"", ""cycle10_rms_c_timeweighted"", ""dq100_10_q05_ah"", ""dq100_10_mean_ah""]]",27
CatBoost_plus_top2/repeat3/outer3/tune,cat,plus_top2,9,"{""depth"": 2, ""iterations"": 100, ""l2_leaf_reg"": 30.0, ""learning_rate"": 0.07}",9.666098266256107,"[[""dq100_10_log_variance"", ""cycle10_rms_c_timeweighted"", ""dq100_10_q05_ah"", ""dq100_10_mean_ah""], [""dq100_10_log_variance"", ""cycle10_rms_c_timeweighted"", ""dq100_10_q05_ah"", ""dq100_10_mean_ah""], [""dq100_10_log_variance"", ""cycle10_rms_c_timeweighted"", ""dq100_10_q05_ah"", ""dq100_10_mean_ah""]]",27
CatBoost_plus_top2/repeat3/outer3/tune,cat,plus_top2,10,"{""depth"": 1, ""iterations"": 250, ""l2_leaf_reg"": 10.0, ""learning_rate"": 0.07}",6.868508833722974,"[[""dq100_10_log_variance"", ""cycle10_rms_c_timeweighted"", ""dq100_10_q05_ah"", ""dq100_10_mean_ah""], [""dq100_10_log_variance"", ""cycle10_rms_c_timeweighted"", ""dq100_10_q05_ah"", ""dq100_10_mean_ah""], [""dq100_10_log_variance"", ""cycle10_rms_c_timeweighted"", ""dq100_10_q05_ah"", ""dq100_10_mean_ah""]]",27
CatBoost_plus_top2/repeat3/outer3/tune,cat,plus_top2,11,"{""depth"": 3, ""iterations"": 250, ""l2_leaf_reg"": 30.0, ""learning_rate"": 0.03}",9.559877886681187,"[[""dq100_10_log_variance"", ""cycle10_rms_c_timeweighted"", ""dq100_10_q05_ah"", ""dq100_10_mean_ah""], [""dq100_10_log_variance"", ""cycle10_rms_c_timeweighted"", ""dq100_10_q05_ah"", ""dq100_10_mean_ah""], [""dq100_10_log_variance"", ""cycle10_rms_c_timeweighted"", ""dq100_10_q05_ah"", ""dq100_10_mean_ah""]]",27
CatBoost_plus_top2/repeat3/outer4/tune,cat,plus_top2,0,"{""depth"": 3, ""iterations"": 250, ""l2_leaf_reg"": 30.0, ""learning_rate"": 0.07}",11.021400570070274,"[[""dq100_10_log_variance"", ""cycle10_rms_c_timeweighted"", ""dq100_10_q05_ah"", ""dq100_10_mean_ah""], [""dq100_10_log_variance"", ""cycle10_rms_c_timeweighted"", ""dq100_10_q05_ah"", ""dq100_10_mean_ah""], [""dq100_10_log_variance"", ""cycle10_rms_c_timeweighted"", ""dq100_10_q05_ah"", ""dq100_10_mean_ah""]]",29
CatBoost_plus_top2/repeat3/outer4/tune,cat,plus_top2,1,"{""depth"": 2, ""iterations"": 100, ""l2_leaf_reg"": 3.0, ""learning_rate"": 0.07}",9.978093251323138,"[[""dq100_10_log_variance"", ""cycle10_rms_c_timeweighted"", ""dq100_10_q05_ah"", ""dq100_10_mean_ah""], [""dq100_10_log_variance"", ""cycle10_rms_c_timeweighted"", ""dq100_10_q05_ah"", ""dq100_10_mean_ah""], [""dq100_10_log_variance"", ""cycle10_rms_c_timeweighted"", ""dq100_10_q05_ah"", ""dq100_10_mean_ah""]]",29
CatBoost_plus_top2/repeat3/outer4/tune,cat,plus_top2,2,"{""depth"": 3, ""iterations"": 100, ""l2_leaf_reg"": 10.0, ""learning_rate"": 0.03}",14.159994008194271,"[[""dq100_10_log_variance"", ""cycle10_rms_c_timeweighted"", ""dq100_10_q05_ah"", ""dq100_10_mean_ah""], [""dq100_10_log_variance"", ""cycle10_rms_c_timeweighted"", ""dq100_10_q05_ah"", ""dq100_10_mean_ah""], [""dq100_10_log_variance"", ""cycle10_rms_c_timeweighted"", ""dq100_10_q05_ah"", ""dq100_10_mean_ah""]]",29
CatBoost_plus_top2/repeat3/outer4/tune,cat,plus_top2,3,"{""depth"": 3, ""iterations"": 250, ""l2_leaf_reg"": 3.0, ""learning_rate"": 0.03}",10.339537293916774,"[[""dq100_10_log_variance"", ""cycle10_rms_c_timeweighted"", ""dq100_10_q05_ah"", ""dq100_10_mean_ah""], [""dq100_10_log_variance"", ""cycle10_rms_c_timeweighted"", ""dq100_10_q05_ah"", ""dq100_10_mean_ah""], [""dq100_10_log_variance"", ""cycle10_rms_c_timeweighted"", ""dq100_10_q05_ah"", ""dq100_10_mean_ah""]]",29
CatBoost_plus_top2/repeat3/outer4/tune,cat,plus_top2,4,"{""depth"": 2, ""iterations"": 100, ""l2_leaf_reg"": 30.0, ""learning_rate"": 0.03}",16.221885793649307,"[[""dq100_10_log_variance"", ""cycle10_rms_c_timeweighted"", ""dq100_10_q05_ah"", ""dq100_10_mean_ah""], [""dq100_10_log_variance"", ""cycle10_rms_c_timeweighted"", ""dq100_10_q05_ah"", ""dq100_10_mean_ah""], [""dq100_10_log_variance"", ""cycle10_rms_c_timeweighted"", ""dq100_10_q05_ah"", ""dq100_10_mean_ah""]]",29
CatBoost_plus_top2/repeat3/outer4/tune,cat,plus_top2,5,"{""depth"": 3, ""iterations"": 250, ""l2_leaf_reg"": 3.0, ""learning_rate"": 0.07}",10.14031773396461,"[[""dq100_10_log_variance"", ""cycle10_rms_c_timeweighted"", ""dq100_10_q05_ah"", ""dq100_10_mean_ah""], [""dq100_10_log_variance"", ""cycle10_rms_c_timeweighted"", ""dq100_10_q05_ah"", ""dq100_10_mean_ah""], [""dq100_10_log_variance"", ""cycle10_rms_c_timeweighted"", ""dq100_10_q05_ah"", ""dq100_10_mean_ah""]]",29
CatBoost_plus_top2/repeat3/outer4/tune,cat,plus_top2,6,"{""depth"": 2, ""iterations"": 250, ""l2_leaf_reg"": 10.0, ""learning_rate"": 0.07}",9.982006382519485,"[[""dq100_10_log_variance"", ""cycle10_rms_c_timeweighted"", ""dq100_10_q05_ah"", ""dq100_10_mean_ah""], [""dq100_10_log_variance"", ""cycle10_rms_c_timeweighted"", ""dq100_10_q05_ah"", ""dq100_10_mean_ah""], [""dq100_10_log_variance"", ""cycle10_rms_c_timeweighted"", ""dq100_10_q05_ah"", ""dq100_10_mean_ah""]]",29
CatBoost_plus_top2/repeat3/outer4/tune,cat,plus_top2,7,"{""depth"": 2, ""iterations"": 100, ""l2_leaf_reg"": 3.0, ""learning_rate"": 0.03}",11.188478627545132,"[[""dq100_10_log_variance"", ""cycle10_rms_c_timeweighted"", ""dq100_10_q05_ah"", ""dq100_10_mean_ah""], [""dq100_10_log_variance"", ""cycle10_rms_c_timeweighted"", ""dq100_10_q05_ah"", ""dq100_10_mean_ah""], [""dq100_10_log_variance"", ""cycle10_rms_c_timeweighted"", ""dq100_10_q05_ah"", ""dq100_10_mean_ah""]]",29
CatBoost_plus_top2/repeat3/outer4/tune,cat,plus_top2,8,"{""depth"": 1, ""iterations"": 250, ""l2_leaf_reg"": 10.0, ""learning_rate"": 0.03}",11.116485630660861,"[[""dq100_10_log_variance"", ""cycle10_rms_c_timeweighted"", ""dq100_10_q05_ah"", ""dq100_10_mean_ah""], [""dq100_10_log_variance"", ""cycle10_rms_c_timeweighted"", ""dq100_10_q05_ah"", ""dq100_10_mean_ah""], [""dq100_10_log_variance"", ""cycle10_rms_c_timeweighted"", ""dq100_10_q05_ah"", ""dq100_10_mean_ah""]]",29
CatBoost_plus_top2/repeat3/outer4/tune,cat,plus_top2,9,"{""depth"": 2, ""iterations"": 100, ""l2_leaf_reg"": 30.0, ""learning_rate"": 0.07}",12.98654025888295,"[[""dq100_10_log_variance"", ""cycle10_rms_c_timeweighted"", ""dq100_10_q05_ah"", ""dq100_10_mean_ah""], [""dq100_10_log_variance"", ""cycle10_rms_c_timeweighted"", ""dq100_10_q05_ah"", ""dq100_10_mean_ah""], [""dq100_10_log_variance"", ""cycle10_rms_c_timeweighted"", ""dq100_10_q05_ah"", ""dq100_10_mean_ah""]]",29
CatBoost_plus_top2/repeat3/outer4/tune,cat,plus_top2,10,"{""depth"": 1, ""iterations"": 250, ""l2_leaf_reg"": 10.0, ""learning_rate"": 0.07}",9.916058237802257,"[[""dq100_10_log_variance"", ""cycle10_rms_c_timeweighted"", ""dq100_10_q05_ah"", ""dq100_10_mean_ah""], [""dq100_10_log_variance"", ""cycle10_rms_c_timeweighted"", ""dq100_10_q05_ah"", ""dq100_10_mean_ah""], [""dq100_10_log_variance"", ""cycle10_rms_c_timeweighted"", ""dq100_10_q05_ah"", ""dq100_10_mean_ah""]]",29
CatBoost_plus_top2/repeat3/outer4/tune,cat,plus_top2,11,"{""depth"": 3, ""iterations"": 250, ""l2_leaf_reg"": 30.0, ""learning_rate"": 0.03}",13.889821905126151,"[[""dq100_10_log_variance"", ""cycle10_rms_c_timeweighted"", ""dq100_10_q05_ah"", ""dq100_10_mean_ah""], [""dq100_10_log_variance"", ""cycle10_rms_c_timeweighted"", ""dq100_10_q05_ah"", ""dq100_10_mean_ah""], [""dq100_10_log_variance"", ""cycle10_rms_c_timeweighted"", ""dq100_10_q05_ah"", ""dq100_10_mean_ah""]]",29
CatBoost_plus_top2/repeat3/outer5/tune,cat,plus_top2,0,"{""depth"": 3, ""iterations"": 250, ""l2_leaf_reg"": 30.0, ""learning_rate"": 0.07}",7.971725372202193,"[[""dq100_10_log_variance"", ""cycle10_rms_c_timeweighted"", ""dq100_10_q05_ah"", ""dq100_10_mean_ah""], [""dq100_10_log_variance"", ""cycle10_rms_c_timeweighted"", ""dq100_10_q05_ah"", ""dq100_10_mean_ah""], [""dq100_10_log_variance"", ""cycle10_rms_c_timeweighted"", ""dq100_10_q05_ah"", ""dq100_10_mean_ah""]]",29
CatBoost_plus_top2/repeat3/outer5/tune,cat,plus_top2,1,"{""depth"": 2, ""iterations"": 100, ""l2_leaf_reg"": 3.0, ""learning_rate"": 0.07}",7.6487771152226145,"[[""dq100_10_log_variance"", ""cycle10_rms_c_timeweighted"", ""dq100_10_q05_ah"", ""dq100_10_mean_ah""], [""dq100_10_log_variance"", ""cycle10_rms_c_timeweighted"", ""dq100_10_q05_ah"", ""dq100_10_mean_ah""], [""dq100_10_log_variance"", ""cycle10_rms_c_timeweighted"", ""dq100_10_q05_ah"", ""dq100_10_mean_ah""]]",29
CatBoost_plus_top2/repeat3/outer5/tune,cat,plus_top2,2,"{""depth"": 3, ""iterations"": 100, ""l2_leaf_reg"": 10.0, ""learning_rate"": 0.03}",10.666845703576207,"[[""dq100_10_log_variance"", ""cycle10_rms_c_timeweighted"", ""dq100_10_q05_ah"", ""dq100_10_mean_ah""], [""dq100_10_log_variance"", ""cycle10_rms_c_timeweighted"", ""dq100_10_q05_ah"", ""dq100_10_mean_ah""], [""dq100_10_log_variance"", ""cycle10_rms_c_timeweighted"", ""dq100_10_q05_ah"", ""dq100_10_mean_ah""]]",29
CatBoost_plus_top2/repeat3/outer5/tune,cat,plus_top2,3,"{""depth"": 3, ""iterations"": 250, ""l2_leaf_reg"": 3.0, ""learning_rate"": 0.03}",7.455278575196321,"[[""dq100_10_log_variance"", ""cycle10_rms_c_timeweighted"", ""dq100_10_q05_ah"", ""dq100_10_mean_ah""], [""dq100_10_log_variance"", ""cycle10_rms_c_timeweighted"", ""dq100_10_q05_ah"", ""dq100_10_mean_ah""], [""dq100_10_log_variance"", ""cycle10_rms_c_timeweighted"", ""dq100_10_q05_ah"", ""dq100_10_mean_ah""]]",29
CatBoost_plus_top2/repeat3/outer5/tune,cat,plus_top2,4,"{""depth"": 2, ""iterations"": 100, ""l2_leaf_reg"": 30.0, ""learning_rate"": 0.03}",13.915810650351085,"[[""dq100_10_log_variance"", ""cycle10_rms_c_timeweighted"", ""dq100_10_q05_ah"", ""dq100_10_mean_ah""], [""dq100_10_log_variance"", ""cycle10_rms_c_timeweighted"", ""dq100_10_q05_ah"", ""dq100_10_mean_ah""], [""dq100_10_log_variance"", ""cycle10_rms_c_timeweighted"", ""dq100_10_q05_ah"", ""dq100_10_mean_ah""]]",29
CatBoost_plus_top2/repeat3/outer5/tune,cat,plus_top2,5,"{""depth"": 3, ""iterations"": 250, ""l2_leaf_reg"": 3.0, ""learning_rate"": 0.07}",7.240975714301209,"[[""dq100_10_log_variance"", ""cycle10_rms_c_timeweighted"", ""dq100_10_q05_ah"", ""dq100_10_mean_ah""], [""dq100_10_log_variance"", ""cycle10_rms_c_timeweighted"", ""dq100_10_q05_ah"", ""dq100_10_mean_ah""], [""dq100_10_log_variance"", ""cycle10_rms_c_timeweighted"", ""dq100_10_q05_ah"", ""dq100_10_mean_ah""]]",29
CatBoost_plus_top2/repeat3/outer5/tune,cat,plus_top2,6,"{""depth"": 2, ""iterations"": 250, ""l2_leaf_reg"": 10.0, ""learning_rate"": 0.07}",7.374054723347887,"[[""dq100_10_log_variance"", ""cycle10_rms_c_timeweighted"", ""dq100_10_q05_ah"", ""dq100_10_mean_ah""], [""dq100_10_log_variance"", ""cycle10_rms_c_timeweighted"", ""dq100_10_q05_ah"", ""dq100_10_mean_ah""], [""dq100_10_log_variance"", ""cycle10_rms_c_timeweighted"", ""dq100_10_q05_ah"", ""dq100_10_mean_ah""]]",29
CatBoost_plus_top2/repeat3/outer5/tune,cat,plus_top2,7,"{""depth"": 2, ""iterations"": 100, ""l2_leaf_reg"": 3.0, ""learning_rate"": 0.03}",8.936520589651348,"[[""dq100_10_log_variance"", ""cycle10_rms_c_timeweighted"", ""dq100_10_q05_ah"", ""dq100_10_mean_ah""], [""dq100_10_log_variance"", ""cycle10_rms_c_timeweighted"", ""dq100_10_q05_ah"", ""dq100_10_mean_ah""], [""dq100_10_log_variance"", ""cycle10_rms_c_timeweighted"", ""dq100_10_q05_ah"", ""dq100_10_mean_ah""]]",29
CatBoost_plus_top2/repeat3/outer5/tune,cat,plus_top2,8,"{""depth"": 1, ""iterations"": 250, ""l2_leaf_reg"": 10.0, ""learning_rate"": 0.03}",8.611470144959371,"[[""dq100_10_log_variance"", ""cycle10_rms_c_timeweighted"", ""dq100_10_q05_ah"", ""dq100_10_mean_ah""], [""dq100_10_log_variance"", ""cycle10_rms_c_timeweighted"", ""dq100_10_q05_ah"", ""dq100_10_mean_ah""], [""dq100_10_log_variance"", ""cycle10_rms_c_timeweighted"", ""dq100_10_q05_ah"", ""dq100_10_mean_ah""]]",29
CatBoost_plus_top2/repeat3/outer5/tune,cat,plus_top2,9,"{""depth"": 2, ""iterations"": 100, ""l2_leaf_reg"": 30.0, ""learning_rate"": 0.07}",10.372341387998617,"[[""dq100_10_log_variance"", ""cycle10_rms_c_timeweighted"", ""dq100_10_q05_ah"", ""dq100_10_mean_ah""], [""dq100_10_log_variance"", ""cycle10_rms_c_timeweighted"", ""dq100_10_q05_ah"", ""dq100_10_mean_ah""], [""dq100_10_log_variance"", ""cycle10_rms_c_timeweighted"", ""dq100_10_q05_ah"", ""dq100_10_mean_ah""]]",29
CatBoost_plus_top2/repeat3/outer5/tune,cat,plus_top2,10,"{""depth"": 1, ""iterations"": 250, ""l2_leaf_reg"": 10.0, ""learning_rate"": 0.07}",7.6917533250655215,"[[""dq100_10_log_variance"", ""cycle10_rms_c_timeweighted"", ""dq100_10_q05_ah"", ""dq100_10_mean_ah""], [""dq100_10_log_variance"", ""cycle10_rms_c_timeweighted"", ""dq100_10_q05_ah"", ""dq100_10_mean_ah""], [""dq100_10_log_variance"", ""cycle10_rms_c_timeweighted"", ""dq100_10_q05_ah"", ""dq100_10_mean_ah""]]",29
CatBoost_plus_top2/repeat3/outer5/tune,cat,plus_top2,11,"{""depth"": 3, ""iterations"": 250, ""l2_leaf_reg"": 30.0, ""learning_rate"": 0.03}",10.372577797301757,"[[""dq100_10_log_variance"", ""cycle10_rms_c_timeweighted"", ""dq100_10_q05_ah"", ""dq100_10_mean_ah""], [""dq100_10_log_variance"", ""cycle10_rms_c_timeweighted"", ""dq100_10_q05_ah"", ""dq100_10_mean_ah""], [""dq100_10_log_variance"", ""cycle10_rms_c_timeweighted"", ""dq100_10_q05_ah"", ""dq100_10_mean_ah""]]",29
Voting_equal_baseline/repeat1/outer1/xgb/tune,xgb,baseline,0,"{""learning_rate"": 0.03, ""max_depth"": 1, ""min_child_weight"": 3, ""n_estimators"": 250, ""reg_lambda"": 10.0}",11.294989500899465,"[[""dq100_10_log_variance"", ""cycle10_rms_c_timeweighted""], [""dq100_10_log_variance"", ""cycle10_rms_c_timeweighted""], [""dq100_10_log_variance"", ""cycle10_rms_c_timeweighted""]]",28
Voting_equal_baseline/repeat1/outer1/xgb/tune,xgb,baseline,1,"{""learning_rate"": 0.07, ""max_depth"": 3, ""min_child_weight"": 3, ""n_estimators"": 100, ""reg_lambda"": 30.0}",12.555664697296285,"[[""dq100_10_log_variance"", ""cycle10_rms_c_timeweighted""], [""dq100_10_log_variance"", ""cycle10_rms_c_timeweighted""], [""dq100_10_log_variance"", ""cycle10_rms_c_timeweighted""]]",28
Voting_equal_baseline/repeat1/outer1/xgb/tune,xgb,baseline,2,"{""learning_rate"": 0.03, ""max_depth"": 2, ""min_child_weight"": 5, ""n_estimators"": 100, ""reg_lambda"": 1.0}",10.505446058742764,"[[""dq100_10_log_variance"", ""cycle10_rms_c_timeweighted""], [""dq100_10_log_variance"", ""cycle10_rms_c_timeweighted""], [""dq100_10_log_variance"", ""cycle10_rms_c_timeweighted""]]",28
Voting_equal_baseline/repeat1/outer1/xgb/tune,xgb,baseline,3,"{""learning_rate"": 0.03, ""max_depth"": 1, ""min_child_weight"": 3, ""n_estimators"": 100, ""reg_lambda"": 1.0}",11.51833917778008,"[[""dq100_10_log_variance"", ""cycle10_rms_c_timeweighted""], [""dq100_10_log_variance"", ""cycle10_rms_c_timeweighted""], [""dq100_10_log_variance"", ""cycle10_rms_c_timeweighted""]]",28
Voting_equal_baseline/repeat1/outer1/xgb/tune,xgb,baseline,4,"{""learning_rate"": 0.03, ""max_depth"": 3, ""min_child_weight"": 3, ""n_estimators"": 250, ""reg_lambda"": 10.0}",11.047740009423414,"[[""dq100_10_log_variance"", ""cycle10_rms_c_timeweighted""], [""dq100_10_log_variance"", ""cycle10_rms_c_timeweighted""], [""dq100_10_log_variance"", ""cycle10_rms_c_timeweighted""]]",28
Voting_equal_baseline/repeat1/outer1/xgb/tune,xgb,baseline,5,"{""learning_rate"": 0.07, ""max_depth"": 2, ""min_child_weight"": 3, ""n_estimators"": 100, ""reg_lambda"": 30.0}",12.564723057903175,"[[""dq100_10_log_variance"", ""cycle10_rms_c_timeweighted""], [""dq100_10_log_variance"", ""cycle10_rms_c_timeweighted""], [""dq100_10_log_variance"", ""cycle10_rms_c_timeweighted""]]",28
Voting_equal_baseline/repeat1/outer1/xgb/tune,xgb,baseline,6,"{""learning_rate"": 0.03, ""max_depth"": 1, ""min_child_weight"": 5, ""n_estimators"": 250, ""reg_lambda"": 10.0}",10.591159468121116,"[[""dq100_10_log_variance"", ""cycle10_rms_c_timeweighted""], [""dq100_10_log_variance"", ""cycle10_rms_c_timeweighted""], [""dq100_10_log_variance"", ""cycle10_rms_c_timeweighted""]]",28
Voting_equal_baseline/repeat1/outer1/xgb/tune,xgb,baseline,7,"{""learning_rate"": 0.03, ""max_depth"": 3, ""min_child_weight"": 5, ""n_estimators"": 250, ""reg_lambda"": 10.0}",10.471974599766627,"[[""dq100_10_log_variance"", ""cycle10_rms_c_timeweighted""], [""dq100_10_log_variance"", ""cycle10_rms_c_timeweighted""], [""dq100_10_log_variance"", ""cycle10_rms_c_timeweighted""]]",28
Voting_equal_baseline/repeat1/outer1/xgb/tune,xgb,baseline,8,"{""learning_rate"": 0.03, ""max_depth"": 2, ""min_child_weight"": 3, ""n_estimators"": 100, ""reg_lambda"": 1.0}",10.575032873243963,"[[""dq100_10_log_variance"", ""cycle10_rms_c_timeweighted""], [""dq100_10_log_variance"", ""cycle10_rms_c_timeweighted""], [""dq100_10_log_variance"", ""cycle10_rms_c_timeweighted""]]",28
Voting_equal_baseline/repeat1/outer1/xgb/tune,xgb,baseline,9,"{""learning_rate"": 0.07, ""max_depth"": 2, ""min_child_weight"": 5, ""n_estimators"": 100, ""reg_lambda"": 1.0}",10.414483707962647,"[[""dq100_10_log_variance"", ""cycle10_rms_c_timeweighted""], [""dq100_10_log_variance"", ""cycle10_rms_c_timeweighted""], [""dq100_10_log_variance"", ""cycle10_rms_c_timeweighted""]]",28
Voting_equal_baseline/repeat1/outer1/xgb/tune,xgb,baseline,10,"{""learning_rate"": 0.07, ""max_depth"": 1, ""min_child_weight"": 5, ""n_estimators"": 250, ""reg_lambda"": 30.0}",10.41174001987313,"[[""dq100_10_log_variance"", ""cycle10_rms_c_timeweighted""], [""dq100_10_log_variance"", ""cycle10_rms_c_timeweighted""], [""dq100_10_log_variance"", ""cycle10_rms_c_timeweighted""]]",28
Voting_equal_baseline/repeat1/outer1/xgb/tune,xgb,baseline,11,"{""learning_rate"": 0.03, ""max_depth"": 3, ""min_child_weight"": 5, ""n_estimators"": 100, ""reg_lambda"": 10.0}",12.021058688426107,"[[""dq100_10_log_variance"", ""cycle10_rms_c_timeweighted""], [""dq100_10_log_variance"", ""cycle10_rms_c_timeweighted""], [""dq100_10_log_variance"", ""cycle10_rms_c_timeweighted""]]",28
Voting_equal_baseline/repeat1/outer2/xgb/tune,xgb,baseline,0,"{""learning_rate"": 0.03, ""max_depth"": 1, ""min_child_weight"": 3, ""n_estimators"": 250, ""reg_lambda"": 10.0}",10.44738746081614,"[[""dq100_10_log_variance"", ""cycle10_rms_c_timeweighted""], [""dq100_10_log_variance"", ""cycle10_rms_c_timeweighted""], [""dq100_10_log_variance"", ""cycle10_rms_c_timeweighted""]]",27
Voting_equal_baseline/repeat1/outer2/xgb/tune,xgb,baseline,1,"{""learning_rate"": 0.07, ""max_depth"": 3, ""min_child_weight"": 3, ""n_estimators"": 100, ""reg_lambda"": 30.0}",11.117570321186127,"[[""dq100_10_log_variance"", ""cycle10_rms_c_timeweighted""], [""dq100_10_log_variance"", ""cycle10_rms_c_timeweighted""], [""dq100_10_log_variance"", ""cycle10_rms_c_timeweighted""]]",27
Voting_equal_baseline/repeat1/outer2/xgb/tune,xgb,baseline,2,"{""learning_rate"": 0.03, ""max_depth"": 2, ""min_child_weight"": 5, ""n_estimators"": 100, ""reg_lambda"": 1.0}",11.110845312042992,"[[""dq100_10_log_variance"", ""cycle10_rms_c_timeweighted""], [""dq100_10_log_variance"", ""cycle10_rms_c_timeweighted""], [""dq100_10_log_variance"", ""cycle10_rms_c_timeweighted""]]",27
Voting_equal_baseline/repeat1/outer2/xgb/tune,xgb,baseline,3,"{""learning_rate"": 0.03, ""max_depth"": 1, ""min_child_weight"": 3, ""n_estimators"": 100, ""reg_lambda"": 1.0}",10.391074700753968,"[[""dq100_10_log_variance"", ""cycle10_rms_c_timeweighted""], [""dq100_10_log_variance"", ""cycle10_rms_c_timeweighted""], [""dq100_10_log_variance"", ""cycle10_rms_c_timeweighted""]]",27
Voting_equal_baseline/repeat1/outer2/xgb/tune,xgb,baseline,4,"{""learning_rate"": 0.03, ""max_depth"": 3, ""min_child_weight"": 3, ""n_estimators"": 250, ""reg_lambda"": 10.0}",10.253178701687329,"[[""dq100_10_log_variance"", ""cycle10_rms_c_timeweighted""], [""dq100_10_log_variance"", ""cycle10_rms_c_timeweighted""], [""dq100_10_log_variance"", ""cycle10_rms_c_timeweighted""]]",27
Voting_equal_baseline/repeat1/outer2/xgb/tune,xgb,baseline,5,"{""learning_rate"": 0.07, ""max_depth"": 2, ""min_child_weight"": 3, ""n_estimators"": 100, ""reg_lambda"": 30.0}",10.991531388970834,"[[""dq100_10_log_variance"", ""cycle10_rms_c_timeweighted""], [""dq100_10_log_variance"", ""cycle10_rms_c_timeweighted""], [""dq100_10_log_variance"", ""cycle10_rms_c_timeweighted""]]",27
Voting_equal_baseline/repeat1/outer2/xgb/tune,xgb,baseline,6,"{""learning_rate"": 0.03, ""max_depth"": 1, ""min_child_weight"": 5, ""n_estimators"": 250, ""reg_lambda"": 10.0}",11.278997892764545,"[[""dq100_10_log_variance"", ""cycle10_rms_c_timeweighted""], [""dq100_10_log_variance"", ""cycle10_rms_c_timeweighted""], [""dq100_10_log_variance"", ""cycle10_rms_c_timeweighted""]]",27
Voting_equal_baseline/repeat1/outer2/xgb/tune,xgb,baseline,7,"{""learning_rate"": 0.03, ""max_depth"": 3, ""min_child_weight"": 5, ""n_estimators"": 250, ""reg_lambda"": 10.0}",11.326462036042273,"[[""dq100_10_log_variance"", ""cycle10_rms_c_timeweighted""], [""dq100_10_log_variance"", ""cycle10_rms_c_timeweighted""], [""dq100_10_log_variance"", ""cycle10_rms_c_timeweighted""]]",27
Voting_equal_baseline/repeat1/outer2/xgb/tune,xgb,baseline,8,"{""learning_rate"": 0.03, ""max_depth"": 2, ""min_child_weight"": 3, ""n_estimators"": 100, ""reg_lambda"": 1.0}",9.792571834274709,"[[""dq100_10_log_variance"", ""cycle10_rms_c_timeweighted""], [""dq100_10_log_variance"", ""cycle10_rms_c_timeweighted""], [""dq100_10_log_variance"", ""cycle10_rms_c_timeweighted""]]",27
Voting_equal_baseline/repeat1/outer2/xgb/tune,xgb,baseline,9,"{""learning_rate"": 0.07, ""max_depth"": 2, ""min_child_weight"": 5, ""n_estimators"": 100, ""reg_lambda"": 1.0}",11.487093454127537,"[[""dq100_10_log_variance"", ""cycle10_rms_c_timeweighted""], [""dq100_10_log_variance"", ""cycle10_rms_c_timeweighted""], [""dq100_10_log_variance"", ""cycle10_rms_c_timeweighted""]]",27
Voting_equal_baseline/repeat1/outer2/xgb/tune,xgb,baseline,10,"{""learning_rate"": 0.07, ""max_depth"": 1, ""min_child_weight"": 5, ""n_estimators"": 250, ""reg_lambda"": 30.0}",11.28757845969194,"[[""dq100_10_log_variance"", ""cycle10_rms_c_timeweighted""], [""dq100_10_log_variance"", ""cycle10_rms_c_timeweighted""], [""dq100_10_log_variance"", ""cycle10_rms_c_timeweighted""]]",27
Voting_equal_baseline/repeat1/outer2/xgb/tune,xgb,baseline,11,"{""learning_rate"": 0.03, ""max_depth"": 3, ""min_child_weight"": 5, ""n_estimators"": 100, ""reg_lambda"": 10.0}",11.155290557089366,"[[""dq100_10_log_variance"", ""cycle10_rms_c_timeweighted""], [""dq100_10_log_variance"", ""cycle10_rms_c_timeweighted""], [""dq100_10_log_variance"", ""cycle10_rms_c_timeweighted""]]",27
Voting_equal_baseline/repeat1/outer3/xgb/tune,xgb,baseline,0,"{""learning_rate"": 0.03, ""max_depth"": 1, ""min_child_weight"": 3, ""n_estimators"": 250, ""reg_lambda"": 10.0}",11.535455054796419,"[[""dq100_10_log_variance"", ""cycle10_rms_c_timeweighted""], [""dq100_10_log_variance"", ""cycle10_rms_c_timeweighted""], [""dq100_10_log_variance"", ""cycle10_rms_c_timeweighted""]]",27
Voting_equal_baseline/repeat1/outer3/xgb/tune,xgb,baseline,1,"{""learning_rate"": 0.07, ""max_depth"": 3, ""min_child_weight"": 3, ""n_estimators"": 100, ""reg_lambda"": 30.0}",11.900252404313019,"[[""dq100_10_log_variance"", ""cycle10_rms_c_timeweighted""], [""dq100_10_log_variance"", ""cycle10_rms_c_timeweighted""], [""dq100_10_log_variance"", ""cycle10_rms_c_timeweighted""]]",27
Voting_equal_baseline/repeat1/outer3/xgb/tune,xgb,baseline,2,"{""learning_rate"": 0.03, ""max_depth"": 2, ""min_child_weight"": 5, ""n_estimators"": 100, ""reg_lambda"": 1.0}",12.396476569342552,"[[""dq100_10_log_variance"", ""cycle10_rms_c_timeweighted""], [""dq100_10_log_variance"", ""cycle10_rms_c_timeweighted""], [""dq100_10_log_variance"", ""cycle10_rms_c_timeweighted""]]",27
Voting_equal_baseline/repeat1/outer3/xgb/tune,xgb,baseline,3,"{""learning_rate"": 0.03, ""max_depth"": 1, ""min_child_weight"": 3, ""n_estimators"": 100, ""reg_lambda"": 1.0}",11.538769376516631,"[[""dq100_10_log_variance"", ""cycle10_rms_c_timeweighted""], [""dq100_10_log_variance"", ""cycle10_rms_c_timeweighted""], [""dq100_10_log_variance"", ""cycle10_rms_c_timeweighted""]]",27
Voting_equal_baseline/repeat1/outer3/xgb/tune,xgb,baseline,4,"{""learning_rate"": 0.03, ""max_depth"": 3, ""min_child_weight"": 3, ""n_estimators"": 250, ""reg_lambda"": 10.0}",12.176695407396762,"[[""dq100_10_log_variance"", ""cycle10_rms_c_timeweighted""], [""dq100_10_log_variance"", ""cycle10_rms_c_timeweighted""], [""dq100_10_log_variance"", ""cycle10_rms_c_timeweighted""]]",27
Voting_equal_baseline/repeat1/outer3/xgb/tune,xgb,baseline,5,"{""learning_rate"": 0.07, ""max_depth"": 2, ""min_child_weight"": 3, ""n_estimators"": 100, ""reg_lambda"": 30.0}",11.976321698633937,"[[""dq100_10_log_variance"", ""cycle10_rms_c_timeweighted""], [""dq100_10_log_variance"", ""cycle10_rms_c_timeweighted""], [""dq100_10_log_variance"", ""cycle10_rms_c_timeweighted""]]",27
Voting_equal_baseline/repeat1/outer3/xgb/tune,xgb,baseline,6,"{""learning_rate"": 0.03, ""max_depth"": 1, ""min_child_weight"": 5, ""n_estimators"": 250, ""reg_lambda"": 10.0}",11.800520217786552,"[[""dq100_10_log_variance"", ""cycle10_rms_c_timeweighted""], [""dq100_10_log_variance"", ""cycle10_rms_c_timeweighted""], [""dq100_10_log_variance"", ""cycle10_rms_c_timeweighted""]]",27
Voting_equal_baseline/repeat1/outer3/xgb/tune,xgb,baseline,7,"{""learning_rate"": 0.03, ""max_depth"": 3, ""min_child_weight"": 5, ""n_estimators"": 250, ""reg_lambda"": 10.0}",12.087141264817587,"[[""dq100_10_log_variance"", ""cycle10_rms_c_timeweighted""], [""dq100_10_log_variance"", ""cycle10_rms_c_timeweighted""], [""dq100_10_log_variance"", ""cycle10_rms_c_timeweighted""]]",27
Voting_equal_baseline/repeat1/outer3/xgb/tune,xgb,baseline,8,"{""learning_rate"": 0.03, ""max_depth"": 2, ""min_child_weight"": 3, ""n_estimators"": 100, ""reg_lambda"": 1.0}",12.302790926419343,"[[""dq100_10_log_variance"", ""cycle10_rms_c_timeweighted""], [""dq100_10_log_variance"", ""cycle10_rms_c_timeweighted""], [""dq100_10_log_variance"", ""cycle10_rms_c_timeweighted""]]",27
Voting_equal_baseline/repeat1/outer3/xgb/tune,xgb,baseline,9,"{""learning_rate"": 0.07, ""max_depth"": 2, ""min_child_weight"": 5, ""n_estimators"": 100, ""reg_lambda"": 1.0}",12.538906263984561,"[[""dq100_10_log_variance"", ""cycle10_rms_c_timeweighted""], [""dq100_10_log_variance"", ""cycle10_rms_c_timeweighted""], [""dq100_10_log_variance"", ""cycle10_rms_c_timeweighted""]]",27
Voting_equal_baseline/repeat1/outer3/xgb/tune,xgb,baseline,10,"{""learning_rate"": 0.07, ""max_depth"": 1, ""min_child_weight"": 5, ""n_estimators"": 250, ""reg_lambda"": 30.0}",11.733154485040403,"[[""dq100_10_log_variance"", ""cycle10_rms_c_timeweighted""], [""dq100_10_log_variance"", ""cycle10_rms_c_timeweighted""], [""dq100_10_log_variance"", ""cycle10_rms_c_timeweighted""]]",27
Voting_equal_baseline/repeat1/outer3/xgb/tune,xgb,baseline,11,"{""learning_rate"": 0.03, ""max_depth"": 3, ""min_child_weight"": 5, ""n_estimators"": 100, ""reg_lambda"": 10.0}",11.921741020708582,"[[""dq100_10_log_variance"", ""cycle10_rms_c_timeweighted""], [""dq100_10_log_variance"", ""cycle10_rms_c_timeweighted""], [""dq100_10_log_variance"", ""cycle10_rms_c_timeweighted""]]",27
Voting_equal_baseline/repeat1/outer4/xgb/tune,xgb,baseline,0,"{""learning_rate"": 0.03, ""max_depth"": 1, ""min_child_weight"": 3, ""n_estimators"": 250, ""reg_lambda"": 10.0}",8.979983734930865,"[[""dq100_10_log_variance"", ""cycle10_rms_c_timeweighted""], [""dq100_10_log_variance"", ""cycle10_rms_c_timeweighted""], [""dq100_10_log_variance"", ""cycle10_rms_c_timeweighted""]]",29
Voting_equal_baseline/repeat1/outer4/xgb/tune,xgb,baseline,1,"{""learning_rate"": 0.07, ""max_depth"": 3, ""min_child_weight"": 3, ""n_estimators"": 100, ""reg_lambda"": 30.0}",8.953048563383359,"[[""dq100_10_log_variance"", ""cycle10_rms_c_timeweighted""], [""dq100_10_log_variance"", ""cycle10_rms_c_timeweighted""], [""dq100_10_log_variance"", ""cycle10_rms_c_timeweighted""]]",29
Voting_equal_baseline/repeat1/outer4/xgb/tune,xgb,baseline,2,"{""learning_rate"": 0.03, ""max_depth"": 2, ""min_child_weight"": 5, ""n_estimators"": 100, ""reg_lambda"": 1.0}",8.890213321046257,"[[""dq100_10_log_variance"", ""cycle10_rms_c_timeweighted""], [""dq100_10_log_variance"", ""cycle10_rms_c_timeweighted""], [""dq100_10_log_variance"", ""cycle10_rms_c_timeweighted""]]",29
Voting_equal_baseline/repeat1/outer4/xgb/tune,xgb,baseline,3,"{""learning_rate"": 0.03, ""max_depth"": 1, ""min_child_weight"": 3, ""n_estimators"": 100, ""reg_lambda"": 1.0}",9.098893416407353,"[[""dq100_10_log_variance"", ""cycle10_rms_c_timeweighted""], [""dq100_10_log_variance"", ""cycle10_rms_c_timeweighted""], [""dq100_10_log_variance"", ""cycle10_rms_c_timeweighted""]]",29
Voting_equal_baseline/repeat1/outer4/xgb/tune,xgb,baseline,4,"{""learning_rate"": 0.03, ""max_depth"": 3, ""min_child_weight"": 3, ""n_estimators"": 250, ""reg_lambda"": 10.0}",8.644671204618822,"[[""dq100_10_log_variance"", ""cycle10_rms_c_timeweighted""], [""dq100_10_log_variance"", ""cycle10_rms_c_timeweighted""], [""dq100_10_log_variance"", ""cycle10_rms_c_timeweighted""]]",29
Voting_equal_baseline/repeat1/outer4/xgb/tune,xgb,baseline,5,"{""learning_rate"": 0.07, ""max_depth"": 2, ""min_child_weight"": 3, ""n_estimators"": 100, ""reg_lambda"": 30.0}",8.928360736343983,"[[""dq100_10_log_variance"", ""cycle10_rms_c_timeweighted""], [""dq100_10_log_variance"", ""cycle10_rms_c_timeweighted""], [""dq100_10_log_variance"", ""cycle10_rms_c_timeweighted""]]",29
Voting_equal_baseline/repeat1/outer4/xgb/tune,xgb,baseline,6,"{""learning_rate"": 0.03, ""max_depth"": 1, ""min_child_weight"": 5, ""n_estimators"": 250, ""reg_lambda"": 10.0}",8.965013221098582,"[[""dq100_10_log_variance"", ""cycle10_rms_c_timeweighted""], [""dq100_10_log_variance"", ""cycle10_rms_c_timeweighted""], [""dq100_10_log_variance"", ""cycle10_rms_c_timeweighted""]]",29
Voting_equal_baseline/repeat1/outer4/xgb/tune,xgb,baseline,7,"{""learning_rate"": 0.03, ""max_depth"": 3, ""min_child_weight"": 5, ""n_estimators"": 250, ""reg_lambda"": 10.0}",8.948923230810644,"[[""dq100_10_log_variance"", ""cycle10_rms_c_timeweighted""], [""dq100_10_log_variance"", ""cycle10_rms_c_timeweighted""], [""dq100_10_log_variance"", ""cycle10_rms_c_timeweighted""]]",29
Voting_equal_baseline/repeat1/outer4/xgb/tune,xgb,baseline,8,"{""learning_rate"": 0.03, ""max_depth"": 2, ""min_child_weight"": 3, ""n_estimators"": 100, ""reg_lambda"": 1.0}",8.396732611153473,"[[""dq100_10_log_variance"", ""cycle10_rms_c_timeweighted""], [""dq100_10_log_variance"", ""cycle10_rms_c_timeweighted""], [""dq100_10_log_variance"", ""cycle10_rms_c_timeweighted""]]",29
Voting_equal_baseline/repeat1/outer4/xgb/tune,xgb,baseline,9,"{""learning_rate"": 0.07, ""max_depth"": 2, ""min_child_weight"": 5, ""n_estimators"": 100, ""reg_lambda"": 1.0}",9.686752521828492,"[[""dq100_10_log_variance"", ""cycle10_rms_c_timeweighted""], [""dq100_10_log_variance"", ""cycle10_rms_c_timeweighted""], [""dq100_10_log_variance"", ""cycle10_rms_c_timeweighted""]]",29
Voting_equal_baseline/repeat1/outer4/xgb/tune,xgb,baseline,10,"{""learning_rate"": 0.07, ""max_depth"": 1, ""min_child_weight"": 5, ""n_estimators"": 250, ""reg_lambda"": 30.0}",9.016334438811576,"[[""dq100_10_log_variance"", ""cycle10_rms_c_timeweighted""], [""dq100_10_log_variance"", ""cycle10_rms_c_timeweighted""], [""dq100_10_log_variance"", ""cycle10_rms_c_timeweighted""]]",29
Voting_equal_baseline/repeat1/outer4/xgb/tune,xgb,baseline,11,"{""learning_rate"": 0.03, ""max_depth"": 3, ""min_child_weight"": 5, ""n_estimators"": 100, ""reg_lambda"": 10.0}",9.101278311471553,"[[""dq100_10_log_variance"", ""cycle10_rms_c_timeweighted""], [""dq100_10_log_variance"", ""cycle10_rms_c_timeweighted""], [""dq100_10_log_variance"", ""cycle10_rms_c_timeweighted""]]",29
Voting_equal_baseline/repeat1/outer5/xgb/tune,xgb,baseline,0,"{""learning_rate"": 0.03, ""max_depth"": 1, ""min_child_weight"": 3, ""n_estimators"": 250, ""reg_lambda"": 10.0}",9.7136996364569,"[[""dq100_10_log_variance"", ""cycle10_rms_c_timeweighted""], [""dq100_10_log_variance"", ""cycle10_rms_c_timeweighted""], [""dq100_10_log_variance"", ""cycle10_rms_c_timeweighted""]]",29
Voting_equal_baseline/repeat1/outer5/xgb/tune,xgb,baseline,1,"{""learning_rate"": 0.07, ""max_depth"": 3, ""min_child_weight"": 3, ""n_estimators"": 100, ""reg_lambda"": 30.0}",11.32177827293729,"[[""dq100_10_log_variance"", ""cycle10_rms_c_timeweighted""], [""dq100_10_log_variance"", ""cycle10_rms_c_timeweighted""], [""dq100_10_log_variance"", ""cycle10_rms_c_timeweighted""]]",29
Voting_equal_baseline/repeat1/outer5/xgb/tune,xgb,baseline,2,"{""learning_rate"": 0.03, ""max_depth"": 2, ""min_child_weight"": 5, ""n_estimators"": 100, ""reg_lambda"": 1.0}",8.509540289522453,"[[""dq100_10_log_variance"", ""cycle10_rms_c_timeweighted""], [""dq100_10_log_variance"", ""cycle10_rms_c_timeweighted""], [""dq100_10_log_variance"", ""cycle10_rms_c_timeweighted""]]",29
Voting_equal_baseline/repeat1/outer5/xgb/tune,xgb,baseline,3,"{""learning_rate"": 0.03, ""max_depth"": 1, ""min_child_weight"": 3, ""n_estimators"": 100, ""reg_lambda"": 1.0}",10.220895560674977,"[[""dq100_10_log_variance"", ""cycle10_rms_c_timeweighted""], [""dq100_10_log_variance"", ""cycle10_rms_c_timeweighted""], [""dq100_10_log_variance"", ""cycle10_rms_c_timeweighted""]]",29
Voting_equal_baseline/repeat1/outer5/xgb/tune,xgb,baseline,4,"{""learning_rate"": 0.03, ""max_depth"": 3, ""min_child_weight"": 3, ""n_estimators"": 250, ""reg_lambda"": 10.0}",10.194658542651718,"[[""dq100_10_log_variance"", ""cycle10_rms_c_timeweighted""], [""dq100_10_log_variance"", ""cycle10_rms_c_timeweighted""], [""dq100_10_log_variance"", ""cycle10_rms_c_timeweighted""]]",29
Voting_equal_baseline/repeat1/outer5/xgb/tune,xgb,baseline,5,"{""learning_rate"": 0.07, ""max_depth"": 2, ""min_child_weight"": 3, ""n_estimators"": 100, ""reg_lambda"": 30.0}",11.298255861284442,"[[""dq100_10_log_variance"", ""cycle10_rms_c_timeweighted""], [""dq100_10_log_variance"", ""cycle10_rms_c_timeweighted""], [""dq100_10_log_variance"", ""cycle10_rms_c_timeweighted""]]",29
Voting_equal_baseline/repeat1/outer5/xgb/tune,xgb,baseline,6,"{""learning_rate"": 0.03, ""max_depth"": 1, ""min_child_weight"": 5, ""n_estimators"": 250, ""reg_lambda"": 10.0}",8.874207289702728,"[[""dq100_10_log_variance"", ""cycle10_rms_c_timeweighted""], [""dq100_10_log_variance"", ""cycle10_rms_c_timeweighted""], [""dq100_10_log_variance"", ""cycle10_rms_c_timeweighted""]]",29
Voting_equal_baseline/repeat1/outer5/xgb/tune,xgb,baseline,7,"{""learning_rate"": 0.03, ""max_depth"": 3, ""min_child_weight"": 5, ""n_estimators"": 250, ""reg_lambda"": 10.0}",8.493350850383596,"[[""dq100_10_log_variance"", ""cycle10_rms_c_timeweighted""], [""dq100_10_log_variance"", ""cycle10_rms_c_timeweighted""], [""dq100_10_log_variance"", ""cycle10_rms_c_timeweighted""]]",29
Voting_equal_baseline/repeat1/outer5/xgb/tune,xgb,baseline,8,"{""learning_rate"": 0.03, ""max_depth"": 2, ""min_child_weight"": 3, ""n_estimators"": 100, ""reg_lambda"": 1.0}",9.846877196618133,"[[""dq100_10_log_variance"", ""cycle10_rms_c_timeweighted""], [""dq100_10_log_variance"", ""cycle10_rms_c_timeweighted""], [""dq100_10_log_variance"", ""cycle10_rms_c_timeweighted""]]",29
Voting_equal_baseline/repeat1/outer5/xgb/tune,xgb,baseline,9,"{""learning_rate"": 0.07, ""max_depth"": 2, ""min_child_weight"": 5, ""n_estimators"": 100, ""reg_lambda"": 1.0}",8.711204469422213,"[[""dq100_10_log_variance"", ""cycle10_rms_c_timeweighted""], [""dq100_10_log_variance"", ""cycle10_rms_c_timeweighted""], [""dq100_10_log_variance"", ""cycle10_rms_c_timeweighted""]]",29
Voting_equal_baseline/repeat1/outer5/xgb/tune,xgb,baseline,10,"{""learning_rate"": 0.07, ""max_depth"": 1, ""min_child_weight"": 5, ""n_estimators"": 250, ""reg_lambda"": 30.0}",8.77581407351085,"[[""dq100_10_log_variance"", ""cycle10_rms_c_timeweighted""], [""dq100_10_log_variance"", ""cycle10_rms_c_timeweighted""], [""dq100_10_log_variance"", ""cycle10_rms_c_timeweighted""]]",29
Voting_equal_baseline/repeat1/outer5/xgb/tune,xgb,baseline,11,"{""learning_rate"": 0.03, ""max_depth"": 3, ""min_child_weight"": 5, ""n_estimators"": 100, ""reg_lambda"": 10.0}",10.240268637337511,"[[""dq100_10_log_variance"", ""cycle10_rms_c_timeweighted""], [""dq100_10_log_variance"", ""cycle10_rms_c_timeweighted""], [""dq100_10_log_variance"", ""cycle10_rms_c_timeweighted""]]",29
Voting_equal_baseline/repeat2/outer1/xgb/tune,xgb,baseline,0,"{""learning_rate"": 0.03, ""max_depth"": 1, ""min_child_weight"": 3, ""n_estimators"": 250, ""reg_lambda"": 10.0}",12.634820297777424,"[[""dq100_10_log_variance"", ""cycle10_rms_c_timeweighted""], [""dq100_10_log_variance"", ""cycle10_rms_c_timeweighted""], [""dq100_10_log_variance"", ""cycle10_rms_c_timeweighted""]]",27
Voting_equal_baseline/repeat2/outer1/xgb/tune,xgb,baseline,1,"{""learning_rate"": 0.07, ""max_depth"": 3, ""min_child_weight"": 3, ""n_estimators"": 100, ""reg_lambda"": 30.0}",15.202653344253264,"[[""dq100_10_log_variance"", ""cycle10_rms_c_timeweighted""], [""dq100_10_log_variance"", ""cycle10_rms_c_timeweighted""], [""dq100_10_log_variance"", ""cycle10_rms_c_timeweighted""]]",27
Voting_equal_baseline/repeat2/outer1/xgb/tune,xgb,baseline,2,"{""learning_rate"": 0.03, ""max_depth"": 2, ""min_child_weight"": 5, ""n_estimators"": 100, ""reg_lambda"": 1.0}",13.404850529643111,"[[""dq100_10_log_variance"", ""cycle10_rms_c_timeweighted""], [""dq100_10_log_variance"", ""cycle10_rms_c_timeweighted""], [""dq100_10_log_variance"", ""cycle10_rms_c_timeweighted""]]",27
Voting_equal_baseline/repeat2/outer1/xgb/tune,xgb,baseline,3,"{""learning_rate"": 0.03, ""max_depth"": 1, ""min_child_weight"": 3, ""n_estimators"": 100, ""reg_lambda"": 1.0}",12.120129878805805,"[[""dq100_10_log_variance"", ""cycle10_rms_c_timeweighted""], [""dq100_10_log_variance"", ""cycle10_rms_c_timeweighted""], [""dq100_10_log_variance"", ""cycle10_rms_c_timeweighted""]]",27
Voting_equal_baseline/repeat2/outer1/xgb/tune,xgb,baseline,4,"{""learning_rate"": 0.03, ""max_depth"": 3, ""min_child_weight"": 3, ""n_estimators"": 250, ""reg_lambda"": 10.0}",13.010261523593586,"[[""dq100_10_log_variance"", ""cycle10_rms_c_timeweighted""], [""dq100_10_log_variance"", ""cycle10_rms_c_timeweighted""], [""dq100_10_log_variance"", ""cycle10_rms_c_timeweighted""]]",27
Voting_equal_baseline/repeat2/outer1/xgb/tune,xgb,baseline,5,"{""learning_rate"": 0.07, ""max_depth"": 2, ""min_child_weight"": 3, ""n_estimators"": 100, ""reg_lambda"": 30.0}",15.038077841540625,"[[""dq100_10_log_variance"", ""cycle10_rms_c_timeweighted""], [""dq100_10_log_variance"", ""cycle10_rms_c_timeweighted""], [""dq100_10_log_variance"", ""cycle10_rms_c_timeweighted""]]",27
Voting_equal_baseline/repeat2/outer1/xgb/tune,xgb,baseline,6,"{""learning_rate"": 0.03, ""max_depth"": 1, ""min_child_weight"": 5, ""n_estimators"": 250, ""reg_lambda"": 10.0}",13.204506051987192,"[[""dq100_10_log_variance"", ""cycle10_rms_c_timeweighted""], [""dq100_10_log_variance"", ""cycle10_rms_c_timeweighted""], [""dq100_10_log_variance"", ""cycle10_rms_c_timeweighted""]]",27
Voting_equal_baseline/repeat2/outer1/xgb/tune,xgb,baseline,7,"{""learning_rate"": 0.03, ""max_depth"": 3, ""min_child_weight"": 5, ""n_estimators"": 250, ""reg_lambda"": 10.0}",13.328059485801077,"[[""dq100_10_log_variance"", ""cycle10_rms_c_timeweighted""], [""dq100_10_log_variance"", ""cycle10_rms_c_timeweighted""], [""dq100_10_log_variance"", ""cycle10_rms_c_timeweighted""]]",27
Voting_equal_baseline/repeat2/outer1/xgb/tune,xgb,baseline,8,"{""learning_rate"": 0.03, ""max_depth"": 2, ""min_child_weight"": 3, ""n_estimators"": 100, ""reg_lambda"": 1.0}",11.867255668263972,"[[""dq100_10_log_variance"", ""cycle10_rms_c_timeweighted""], [""dq100_10_log_variance"", ""cycle10_rms_c_timeweighted""], [""dq100_10_log_variance"", ""cycle10_rms_c_timeweighted""]]",27
Voting_equal_baseline/repeat2/outer1/xgb/tune,xgb,baseline,9,"{""learning_rate"": 0.07, ""max_depth"": 2, ""min_child_weight"": 5, ""n_estimators"": 100, ""reg_lambda"": 1.0}",13.184647338693663,"[[""dq100_10_log_variance"", ""cycle10_rms_c_timeweighted""], [""dq100_10_log_variance"", ""cycle10_rms_c_timeweighted""], [""dq100_10_log_variance"", ""cycle10_rms_c_timeweighted""]]",27
Voting_equal_baseline/repeat2/outer1/xgb/tune,xgb,baseline,10,"{""learning_rate"": 0.07, ""max_depth"": 1, ""min_child_weight"": 5, ""n_estimators"": 250, ""reg_lambda"": 30.0}",13.125368055781795,"[[""dq100_10_log_variance"", ""cycle10_rms_c_timeweighted""], [""dq100_10_log_variance"", ""cycle10_rms_c_timeweighted""], [""dq100_10_log_variance"", ""cycle10_rms_c_timeweighted""]]",27
Voting_equal_baseline/repeat2/outer1/xgb/tune,xgb,baseline,11,"{""learning_rate"": 0.03, ""max_depth"": 3, ""min_child_weight"": 5, ""n_estimators"": 100, ""reg_lambda"": 10.0}",15.394881815654585,"[[""dq100_10_log_variance"", ""cycle10_rms_c_timeweighted""], [""dq100_10_log_variance"", ""cycle10_rms_c_timeweighted""], [""dq100_10_log_variance"", ""cycle10_rms_c_timeweighted""]]",27
Voting_equal_baseline/repeat2/outer2/xgb/tune,xgb,baseline,0,"{""learning_rate"": 0.03, ""max_depth"": 1, ""min_child_weight"": 3, ""n_estimators"": 250, ""reg_lambda"": 10.0}",9.70913094456603,"[[""dq100_10_log_variance"", ""cycle10_rms_c_timeweighted""], [""dq100_10_log_variance"", ""cycle10_rms_c_timeweighted""], [""dq100_10_log_variance"", ""cycle10_rms_c_timeweighted""]]",28
Voting_equal_baseline/repeat2/outer2/xgb/tune,xgb,baseline,1,"{""learning_rate"": 0.07, ""max_depth"": 3, ""min_child_weight"": 3, ""n_estimators"": 100, ""reg_lambda"": 30.0}",10.495877096623337,"[[""dq100_10_log_variance"", ""cycle10_rms_c_timeweighted""], [""dq100_10_log_variance"", ""cycle10_rms_c_timeweighted""], [""dq100_10_log_variance"", ""cycle10_rms_c_timeweighted""]]",28
Voting_equal_baseline/repeat2/outer2/xgb/tune,xgb,baseline,2,"{""learning_rate"": 0.03, ""max_depth"": 2, ""min_child_weight"": 5, ""n_estimators"": 100, ""reg_lambda"": 1.0}",10.127588298608412,"[[""dq100_10_log_variance"", ""cycle10_rms_c_timeweighted""], [""dq100_10_log_variance"", ""cycle10_rms_c_timeweighted""], [""dq100_10_log_variance"", ""cycle10_rms_c_timeweighted""]]",28
Voting_equal_baseline/repeat2/outer2/xgb/tune,xgb,baseline,3,"{""learning_rate"": 0.03, ""max_depth"": 1, ""min_child_weight"": 3, ""n_estimators"": 100, ""reg_lambda"": 1.0}",9.45565269309341,"[[""dq100_10_log_variance"", ""cycle10_rms_c_timeweighted""], [""dq100_10_log_variance"", ""cycle10_rms_c_timeweighted""], [""dq100_10_log_variance"", ""cycle10_rms_c_timeweighted""]]",28
Voting_equal_baseline/repeat2/outer2/xgb/tune,xgb,baseline,4,"{""learning_rate"": 0.03, ""max_depth"": 3, ""min_child_weight"": 3, ""n_estimators"": 250, ""reg_lambda"": 10.0}",9.455656558721284,"[[""dq100_10_log_variance"", ""cycle10_rms_c_timeweighted""], [""dq100_10_log_variance"", ""cycle10_rms_c_timeweighted""], [""dq100_10_log_variance"", ""cycle10_rms_c_timeweighted""]]",28
Voting_equal_baseline/repeat2/outer2/xgb/tune,xgb,baseline,5,"{""learning_rate"": 0.07, ""max_depth"": 2, ""min_child_weight"": 3, ""n_estimators"": 100, ""reg_lambda"": 30.0}",10.378167070335824,"[[""dq100_10_log_variance"", ""cycle10_rms_c_timeweighted""], [""dq100_10_log_variance"", ""cycle10_rms_c_timeweighted""], [""dq100_10_log_variance"", ""cycle10_rms_c_timeweighted""]]",28
Voting_equal_baseline/repeat2/outer2/xgb/tune,xgb,baseline,6,"{""learning_rate"": 0.03, ""max_depth"": 1, ""min_child_weight"": 5, ""n_estimators"": 250, ""reg_lambda"": 10.0}",10.237721105360361,"[[""dq100_10_log_variance"", ""cycle10_rms_c_timeweighted""], [""dq100_10_log_variance"", ""cycle10_rms_c_timeweighted""], [""dq100_10_log_variance"", ""cycle10_rms_c_timeweighted""]]",28
Voting_equal_baseline/repeat2/outer2/xgb/tune,xgb,baseline,7,"{""learning_rate"": 0.03, ""max_depth"": 3, ""min_child_weight"": 5, ""n_estimators"": 250, ""reg_lambda"": 10.0}",10.227442129359702,"[[""dq100_10_log_variance"", ""cycle10_rms_c_timeweighted""], [""dq100_10_log_variance"", ""cycle10_rms_c_timeweighted""], [""dq100_10_log_variance"", ""cycle10_rms_c_timeweighted""]]",28
Voting_equal_baseline/repeat2/outer2/xgb/tune,xgb,baseline,8,"{""learning_rate"": 0.03, ""max_depth"": 2, ""min_child_weight"": 3, ""n_estimators"": 100, ""reg_lambda"": 1.0}",9.232154819454998,"[[""dq100_10_log_variance"", ""cycle10_rms_c_timeweighted""], [""dq100_10_log_variance"", ""cycle10_rms_c_timeweighted""], [""dq100_10_log_variance"", ""cycle10_rms_c_timeweighted""]]",28
Voting_equal_baseline/repeat2/outer2/xgb/tune,xgb,baseline,9,"{""learning_rate"": 0.07, ""max_depth"": 2, ""min_child_weight"": 5, ""n_estimators"": 100, ""reg_lambda"": 1.0}",10.504613980117938,"[[""dq100_10_log_variance"", ""cycle10_rms_c_timeweighted""], [""dq100_10_log_variance"", ""cycle10_rms_c_timeweighted""], [""dq100_10_log_variance"", ""cycle10_rms_c_timeweighted""]]",28
Voting_equal_baseline/repeat2/outer2/xgb/tune,xgb,baseline,10,"{""learning_rate"": 0.07, ""max_depth"": 1, ""min_child_weight"": 5, ""n_estimators"": 250, ""reg_lambda"": 30.0}",10.18846585830812,"[[""dq100_10_log_variance"", ""cycle10_rms_c_timeweighted""], [""dq100_10_log_variance"", ""cycle10_rms_c_timeweighted""], [""dq100_10_log_variance"", ""cycle10_rms_c_timeweighted""]]",28
Voting_equal_baseline/repeat2/outer2/xgb/tune,xgb,baseline,11,"{""learning_rate"": 0.03, ""max_depth"": 3, ""min_child_weight"": 5, ""n_estimators"": 100, ""reg_lambda"": 10.0}",10.650879802373424,"[[""dq100_10_log_variance"", ""cycle10_rms_c_timeweighted""], [""dq100_10_log_variance"", ""cycle10_rms_c_timeweighted""], [""dq100_10_log_variance"", ""cycle10_rms_c_timeweighted""]]",28
Voting_equal_baseline/repeat2/outer3/xgb/tune,xgb,baseline,0,"{""learning_rate"": 0.03, ""max_depth"": 1, ""min_child_weight"": 3, ""n_estimators"": 250, ""reg_lambda"": 10.0}",10.503766651453523,"[[""dq100_10_log_variance"", ""cycle10_rms_c_timeweighted""], [""dq100_10_log_variance"", ""cycle10_rms_c_timeweighted""], [""dq100_10_log_variance"", ""cycle10_rms_c_timeweighted""]]",27
Voting_equal_baseline/repeat2/outer3/xgb/tune,xgb,baseline,1,"{""learning_rate"": 0.07, ""max_depth"": 3, ""min_child_weight"": 3, ""n_estimators"": 100, ""reg_lambda"": 30.0}",10.978788820965994,"[[""dq100_10_log_variance"", ""cycle10_rms_c_timeweighted""], [""dq100_10_log_variance"", ""cycle10_rms_c_timeweighted""], [""dq100_10_log_variance"", ""cycle10_rms_c_timeweighted""]]",27
Voting_equal_baseline/repeat2/outer3/xgb/tune,xgb,baseline,2,"{""learning_rate"": 0.03, ""max_depth"": 2, ""min_child_weight"": 5, ""n_estimators"": 100, ""reg_lambda"": 1.0}",11.385017854927991,"[[""dq100_10_log_variance"", ""cycle10_rms_c_timeweighted""], [""dq100_10_log_variance"", ""cycle10_rms_c_timeweighted""], [""dq100_10_log_variance"", ""cycle10_rms_c_timeweighted""]]",27
Voting_equal_baseline/repeat2/outer3/xgb/tune,xgb,baseline,3,"{""learning_rate"": 0.03, ""max_depth"": 1, ""min_child_weight"": 3, ""n_estimators"": 100, ""reg_lambda"": 1.0}",10.463870569845168,"[[""dq100_10_log_variance"", ""cycle10_rms_c_timeweighted""], [""dq100_10_log_variance"", ""cycle10_rms_c_timeweighted""], [""dq100_10_log_variance"", ""cycle10_rms_c_timeweighted""]]",27
Voting_equal_baseline/repeat2/outer3/xgb/tune,xgb,baseline,4,"{""learning_rate"": 0.03, ""max_depth"": 3, ""min_child_weight"": 3, ""n_estimators"": 250, ""reg_lambda"": 10.0}",9.725584378432801,"[[""dq100_10_log_variance"", ""cycle10_rms_c_timeweighted""], [""dq100_10_log_variance"", ""cycle10_rms_c_timeweighted""], [""dq100_10_log_variance"", ""cycle10_rms_c_timeweighted""]]",27
Voting_equal_baseline/repeat2/outer3/xgb/tune,xgb,baseline,5,"{""learning_rate"": 0.07, ""max_depth"": 2, ""min_child_weight"": 3, ""n_estimators"": 100, ""reg_lambda"": 30.0}",10.9928018579345,"[[""dq100_10_log_variance"", ""cycle10_rms_c_timeweighted""], [""dq100_10_log_variance"", ""cycle10_rms_c_timeweighted""], [""dq100_10_log_variance"", ""cycle10_rms_c_timeweighted""]]",27
Voting_equal_baseline/repeat2/outer3/xgb/tune,xgb,baseline,6,"{""learning_rate"": 0.03, ""max_depth"": 1, ""min_child_weight"": 5, ""n_estimators"": 250, ""reg_lambda"": 10.0}",10.913467829441755,"[[""dq100_10_log_variance"", ""cycle10_rms_c_timeweighted""], [""dq100_10_log_variance"", ""cycle10_rms_c_timeweighted""], [""dq100_10_log_variance"", ""cycle10_rms_c_timeweighted""]]",27
Voting_equal_baseline/repeat2/outer3/xgb/tune,xgb,baseline,7,"{""learning_rate"": 0.03, ""max_depth"": 3, ""min_child_weight"": 5, ""n_estimators"": 250, ""reg_lambda"": 10.0}",11.137916912574287,"[[""dq100_10_log_variance"", ""cycle10_rms_c_timeweighted""], [""dq100_10_log_variance"", ""cycle10_rms_c_timeweighted""], [""dq100_10_log_variance"", ""cycle10_rms_c_timeweighted""]]",27
Voting_equal_baseline/repeat2/outer3/xgb/tune,xgb,baseline,8,"{""learning_rate"": 0.03, ""max_depth"": 2, ""min_child_weight"": 3, ""n_estimators"": 100, ""reg_lambda"": 1.0}",9.753675672090269,"[[""dq100_10_log_variance"", ""cycle10_rms_c_timeweighted""], [""dq100_10_log_variance"", ""cycle10_rms_c_timeweighted""], [""dq100_10_log_variance"", ""cycle10_rms_c_timeweighted""]]",27
Voting_equal_baseline/repeat2/outer3/xgb/tune,xgb,baseline,9,"{""learning_rate"": 0.07, ""max_depth"": 2, ""min_child_weight"": 5, ""n_estimators"": 100, ""reg_lambda"": 1.0}",12.085073409994475,"[[""dq100_10_log_variance"", ""cycle10_rms_c_timeweighted""], [""dq100_10_log_variance"", ""cycle10_rms_c_timeweighted""], [""dq100_10_log_variance"", ""cycle10_rms_c_timeweighted""]]",27
Voting_equal_baseline/repeat2/outer3/xgb/tune,xgb,baseline,10,"{""learning_rate"": 0.07, ""max_depth"": 1, ""min_child_weight"": 5, ""n_estimators"": 250, ""reg_lambda"": 30.0}",10.868604960879916,"[[""dq100_10_log_variance"", ""cycle10_rms_c_timeweighted""], [""dq100_10_log_variance"", ""cycle10_rms_c_timeweighted""], [""dq100_10_log_variance"", ""cycle10_rms_c_timeweighted""]]",27
Voting_equal_baseline/repeat2/outer3/xgb/tune,xgb,baseline,11,"{""learning_rate"": 0.03, ""max_depth"": 3, ""min_child_weight"": 5, ""n_estimators"": 100, ""reg_lambda"": 10.0}",11.605905633715983,"[[""dq100_10_log_variance"", ""cycle10_rms_c_timeweighted""], [""dq100_10_log_variance"", ""cycle10_rms_c_timeweighted""], [""dq100_10_log_variance"", ""cycle10_rms_c_timeweighted""]]",27
Voting_equal_baseline/repeat2/outer4/xgb/tune,xgb,baseline,0,"{""learning_rate"": 0.03, ""max_depth"": 1, ""min_child_weight"": 3, ""n_estimators"": 250, ""reg_lambda"": 10.0}",9.400106633584738,"[[""dq100_10_log_variance"", ""cycle10_rms_c_timeweighted""], [""dq100_10_log_variance"", ""cycle10_rms_c_timeweighted""], [""dq100_10_log_variance"", ""cycle10_rms_c_timeweighted""]]",29
Voting_equal_baseline/repeat2/outer4/xgb/tune,xgb,baseline,1,"{""learning_rate"": 0.07, ""max_depth"": 3, ""min_child_weight"": 3, ""n_estimators"": 100, ""reg_lambda"": 30.0}",10.561876175176709,"[[""dq100_10_log_variance"", ""cycle10_rms_c_timeweighted""], [""dq100_10_log_variance"", ""cycle10_rms_c_timeweighted""], [""dq100_10_log_variance"", ""cycle10_rms_c_timeweighted""]]",29
Voting_equal_baseline/repeat2/outer4/xgb/tune,xgb,baseline,2,"{""learning_rate"": 0.03, ""max_depth"": 2, ""min_child_weight"": 5, ""n_estimators"": 100, ""reg_lambda"": 1.0}",9.638410917272287,"[[""dq100_10_log_variance"", ""cycle10_rms_c_timeweighted""], [""dq100_10_log_variance"", ""cycle10_rms_c_timeweighted""], [""dq100_10_log_variance"", ""cycle10_rms_c_timeweighted""]]",29
Voting_equal_baseline/repeat2/outer4/xgb/tune,xgb,baseline,3,"{""learning_rate"": 0.03, ""max_depth"": 1, ""min_child_weight"": 3, ""n_estimators"": 100, ""reg_lambda"": 1.0}",9.769848072864269,"[[""dq100_10_log_variance"", ""cycle10_rms_c_timeweighted""], [""dq100_10_log_variance"", ""cycle10_rms_c_timeweighted""], [""dq100_10_log_variance"", ""cycle10_rms_c_timeweighted""]]",29
Voting_equal_baseline/repeat2/outer4/xgb/tune,xgb,baseline,4,"{""learning_rate"": 0.03, ""max_depth"": 3, ""min_child_weight"": 3, ""n_estimators"": 250, ""reg_lambda"": 10.0}",9.429030510244777,"[[""dq100_10_log_variance"", ""cycle10_rms_c_timeweighted""], [""dq100_10_log_variance"", ""cycle10_rms_c_timeweighted""], [""dq100_10_log_variance"", ""cycle10_rms_c_timeweighted""]]",29
Voting_equal_baseline/repeat2/outer4/xgb/tune,xgb,baseline,5,"{""learning_rate"": 0.07, ""max_depth"": 2, ""min_child_weight"": 3, ""n_estimators"": 100, ""reg_lambda"": 30.0}",10.516819214604453,"[[""dq100_10_log_variance"", ""cycle10_rms_c_timeweighted""], [""dq100_10_log_variance"", ""cycle10_rms_c_timeweighted""], [""dq100_10_log_variance"", ""cycle10_rms_c_timeweighted""]]",29
Voting_equal_baseline/repeat2/outer4/xgb/tune,xgb,baseline,6,"{""learning_rate"": 0.03, ""max_depth"": 1, ""min_child_weight"": 5, ""n_estimators"": 250, ""reg_lambda"": 10.0}",9.42684512690654,"[[""dq100_10_log_variance"", ""cycle10_rms_c_timeweighted""], [""dq100_10_log_variance"", ""cycle10_rms_c_timeweighted""], [""dq100_10_log_variance"", ""cycle10_rms_c_timeweighted""]]",29
Voting_equal_baseline/repeat2/outer4/xgb/tune,xgb,baseline,7,"{""learning_rate"": 0.03, ""max_depth"": 3, ""min_child_weight"": 5, ""n_estimators"": 250, ""reg_lambda"": 10.0}",9.544050797156252,"[[""dq100_10_log_variance"", ""cycle10_rms_c_timeweighted""], [""dq100_10_log_variance"", ""cycle10_rms_c_timeweighted""], [""dq100_10_log_variance"", ""cycle10_rms_c_timeweighted""]]",29
Voting_equal_baseline/repeat2/outer4/xgb/tune,xgb,baseline,8,"{""learning_rate"": 0.03, ""max_depth"": 2, ""min_child_weight"": 3, ""n_estimators"": 100, ""reg_lambda"": 1.0}",9.319166100057808,"[[""dq100_10_log_variance"", ""cycle10_rms_c_timeweighted""], [""dq100_10_log_variance"", ""cycle10_rms_c_timeweighted""], [""dq100_10_log_variance"", ""cycle10_rms_c_timeweighted""]]",29
Voting_equal_baseline/repeat2/outer4/xgb/tune,xgb,baseline,9,"{""learning_rate"": 0.07, ""max_depth"": 2, ""min_child_weight"": 5, ""n_estimators"": 100, ""reg_lambda"": 1.0}",9.489236263407394,"[[""dq100_10_log_variance"", ""cycle10_rms_c_timeweighted""], [""dq100_10_log_variance"", ""cycle10_rms_c_timeweighted""], [""dq100_10_log_variance"", ""cycle10_rms_c_timeweighted""]]",29
Voting_equal_baseline/repeat2/outer4/xgb/tune,xgb,baseline,10,"{""learning_rate"": 0.07, ""max_depth"": 1, ""min_child_weight"": 5, ""n_estimators"": 250, ""reg_lambda"": 30.0}",9.342252537736403,"[[""dq100_10_log_variance"", ""cycle10_rms_c_timeweighted""], [""dq100_10_log_variance"", ""cycle10_rms_c_timeweighted""], [""dq100_10_log_variance"", ""cycle10_rms_c_timeweighted""]]",29
Voting_equal_baseline/repeat2/outer4/xgb/tune,xgb,baseline,11,"{""learning_rate"": 0.03, ""max_depth"": 3, ""min_child_weight"": 5, ""n_estimators"": 100, ""reg_lambda"": 10.0}",10.962405110949025,"[[""dq100_10_log_variance"", ""cycle10_rms_c_timeweighted""], [""dq100_10_log_variance"", ""cycle10_rms_c_timeweighted""], [""dq100_10_log_variance"", ""cycle10_rms_c_timeweighted""]]",29
Voting_equal_baseline/repeat2/outer5/xgb/tune,xgb,baseline,0,"{""learning_rate"": 0.03, ""max_depth"": 1, ""min_child_weight"": 3, ""n_estimators"": 250, ""reg_lambda"": 10.0}",9.624064864120973,"[[""dq100_10_log_variance"", ""cycle10_rms_c_timeweighted""], [""dq100_10_log_variance"", ""cycle10_rms_c_timeweighted""], [""dq100_10_log_variance"", ""cycle10_rms_c_timeweighted""]]",29
Voting_equal_baseline/repeat2/outer5/xgb/tune,xgb,baseline,1,"{""learning_rate"": 0.07, ""max_depth"": 3, ""min_child_weight"": 3, ""n_estimators"": 100, ""reg_lambda"": 30.0}",10.756164474132463,"[[""dq100_10_log_variance"", ""cycle10_rms_c_timeweighted""], [""dq100_10_log_variance"", ""cycle10_rms_c_timeweighted""], [""dq100_10_log_variance"", ""cycle10_rms_c_timeweighted""]]",29
Voting_equal_baseline/repeat2/outer5/xgb/tune,xgb,baseline,2,"{""learning_rate"": 0.03, ""max_depth"": 2, ""min_child_weight"": 5, ""n_estimators"": 100, ""reg_lambda"": 1.0}",9.656085610389772,"[[""dq100_10_log_variance"", ""cycle10_rms_c_timeweighted""], [""dq100_10_log_variance"", ""cycle10_rms_c_timeweighted""], [""dq100_10_log_variance"", ""cycle10_rms_c_timeweighted""]]",29
Voting_equal_baseline/repeat2/outer5/xgb/tune,xgb,baseline,3,"{""learning_rate"": 0.03, ""max_depth"": 1, ""min_child_weight"": 3, ""n_estimators"": 100, ""reg_lambda"": 1.0}",10.143975750351878,"[[""dq100_10_log_variance"", ""cycle10_rms_c_timeweighted""], [""dq100_10_log_variance"", ""cycle10_rms_c_timeweighted""], [""dq100_10_log_variance"", ""cycle10_rms_c_timeweighted""]]",29
Voting_equal_baseline/repeat2/outer5/xgb/tune,xgb,baseline,4,"{""learning_rate"": 0.03, ""max_depth"": 3, ""min_child_weight"": 3, ""n_estimators"": 250, ""reg_lambda"": 10.0}",9.256105537312173,"[[""dq100_10_log_variance"", ""cycle10_rms_c_timeweighted""], [""dq100_10_log_variance"", ""cycle10_rms_c_timeweighted""], [""dq100_10_log_variance"", ""cycle10_rms_c_timeweighted""]]",29
Voting_equal_baseline/repeat2/outer5/xgb/tune,xgb,baseline,5,"{""learning_rate"": 0.07, ""max_depth"": 2, ""min_child_weight"": 3, ""n_estimators"": 100, ""reg_lambda"": 30.0}",10.776300257300576,"[[""dq100_10_log_variance"", ""cycle10_rms_c_timeweighted""], [""dq100_10_log_variance"", ""cycle10_rms_c_timeweighted""], [""dq100_10_log_variance"", ""cycle10_rms_c_timeweighted""]]",29
Voting_equal_baseline/repeat2/outer5/xgb/tune,xgb,baseline,6,"{""learning_rate"": 0.03, ""max_depth"": 1, ""min_child_weight"": 5, ""n_estimators"": 250, ""reg_lambda"": 10.0}",9.693035684223377,"[[""dq100_10_log_variance"", ""cycle10_rms_c_timeweighted""], [""dq100_10_log_variance"", ""cycle10_rms_c_timeweighted""], [""dq100_10_log_variance"", ""cycle10_rms_c_timeweighted""]]",29
Voting_equal_baseline/repeat2/outer5/xgb/tune,xgb,baseline,7,"{""learning_rate"": 0.03, ""max_depth"": 3, ""min_child_weight"": 5, ""n_estimators"": 250, ""reg_lambda"": 10.0}",9.576093442826222,"[[""dq100_10_log_variance"", ""cycle10_rms_c_timeweighted""], [""dq100_10_log_variance"", ""cycle10_rms_c_timeweighted""], [""dq100_10_log_variance"", ""cycle10_rms_c_timeweighted""]]",29
Voting_equal_baseline/repeat2/outer5/xgb/tune,xgb,baseline,8,"{""learning_rate"": 0.03, ""max_depth"": 2, ""min_child_weight"": 3, ""n_estimators"": 100, ""reg_lambda"": 1.0}",9.477456851505913,"[[""dq100_10_log_variance"", ""cycle10_rms_c_timeweighted""], [""dq100_10_log_variance"", ""cycle10_rms_c_timeweighted""], [""dq100_10_log_variance"", ""cycle10_rms_c_timeweighted""]]",29
Voting_equal_baseline/repeat2/outer5/xgb/tune,xgb,baseline,9,"{""learning_rate"": 0.07, ""max_depth"": 2, ""min_child_weight"": 5, ""n_estimators"": 100, ""reg_lambda"": 1.0}",9.624643918856602,"[[""dq100_10_log_variance"", ""cycle10_rms_c_timeweighted""], [""dq100_10_log_variance"", ""cycle10_rms_c_timeweighted""], [""dq100_10_log_variance"", ""cycle10_rms_c_timeweighted""]]",29
Voting_equal_baseline/repeat2/outer5/xgb/tune,xgb,baseline,10,"{""learning_rate"": 0.07, ""max_depth"": 1, ""min_child_weight"": 5, ""n_estimators"": 250, ""reg_lambda"": 30.0}",9.538235467973486,"[[""dq100_10_log_variance"", ""cycle10_rms_c_timeweighted""], [""dq100_10_log_variance"", ""cycle10_rms_c_timeweighted""], [""dq100_10_log_variance"", ""cycle10_rms_c_timeweighted""]]",29
Voting_equal_baseline/repeat2/outer5/xgb/tune,xgb,baseline,11,"{""learning_rate"": 0.03, ""max_depth"": 3, ""min_child_weight"": 5, ""n_estimators"": 100, ""reg_lambda"": 10.0}",11.160096871402795,"[[""dq100_10_log_variance"", ""cycle10_rms_c_timeweighted""], [""dq100_10_log_variance"", ""cycle10_rms_c_timeweighted""], [""dq100_10_log_variance"", ""cycle10_rms_c_timeweighted""]]",29
Voting_equal_baseline/repeat3/outer1/xgb/tune,xgb,baseline,0,"{""learning_rate"": 0.03, ""max_depth"": 1, ""min_child_weight"": 3, ""n_estimators"": 250, ""reg_lambda"": 10.0}",9.772308804800254,"[[""dq100_10_log_variance"", ""cycle10_rms_c_timeweighted""], [""dq100_10_log_variance"", ""cycle10_rms_c_timeweighted""], [""dq100_10_log_variance"", ""cycle10_rms_c_timeweighted""]]",27
Voting_equal_baseline/repeat3/outer1/xgb/tune,xgb,baseline,1,"{""learning_rate"": 0.07, ""max_depth"": 3, ""min_child_weight"": 3, ""n_estimators"": 100, ""reg_lambda"": 30.0}",11.771103050386413,"[[""dq100_10_log_variance"", ""cycle10_rms_c_timeweighted""], [""dq100_10_log_variance"", ""cycle10_rms_c_timeweighted""], [""dq100_10_log_variance"", ""cycle10_rms_c_timeweighted""]]",27
Voting_equal_baseline/repeat3/outer1/xgb/tune,xgb,baseline,2,"{""learning_rate"": 0.03, ""max_depth"": 2, ""min_child_weight"": 5, ""n_estimators"": 100, ""reg_lambda"": 1.0}",9.957784966383157,"[[""dq100_10_log_variance"", ""cycle10_rms_c_timeweighted""], [""dq100_10_log_variance"", ""cycle10_rms_c_timeweighted""], [""dq100_10_log_variance"", ""cycle10_rms_c_timeweighted""]]",27
Voting_equal_baseline/repeat3/outer1/xgb/tune,xgb,baseline,3,"{""learning_rate"": 0.03, ""max_depth"": 1, ""min_child_weight"": 3, ""n_estimators"": 100, ""reg_lambda"": 1.0}",9.878530550865069,"[[""dq100_10_log_variance"", ""cycle10_rms_c_timeweighted""], [""dq100_10_log_variance"", ""cycle10_rms_c_timeweighted""], [""dq100_10_log_variance"", ""cycle10_rms_c_timeweighted""]]",27
Voting_equal_baseline/repeat3/outer1/xgb/tune,xgb,baseline,4,"{""learning_rate"": 0.03, ""max_depth"": 3, ""min_child_weight"": 3, ""n_estimators"": 250, ""reg_lambda"": 10.0}",9.942001551420905,"[[""dq100_10_log_variance"", ""cycle10_rms_c_timeweighted""], [""dq100_10_log_variance"", ""cycle10_rms_c_timeweighted""], [""dq100_10_log_variance"", ""cycle10_rms_c_timeweighted""]]",27
Voting_equal_baseline/repeat3/outer1/xgb/tune,xgb,baseline,5,"{""learning_rate"": 0.07, ""max_depth"": 2, ""min_child_weight"": 3, ""n_estimators"": 100, ""reg_lambda"": 30.0}",11.66271517906353,"[[""dq100_10_log_variance"", ""cycle10_rms_c_timeweighted""], [""dq100_10_log_variance"", ""cycle10_rms_c_timeweighted""], [""dq100_10_log_variance"", ""cycle10_rms_c_timeweighted""]]",27
Voting_equal_baseline/repeat3/outer1/xgb/tune,xgb,baseline,6,"{""learning_rate"": 0.03, ""max_depth"": 1, ""min_child_weight"": 5, ""n_estimators"": 250, ""reg_lambda"": 10.0}",10.386667484968864,"[[""dq100_10_log_variance"", ""cycle10_rms_c_timeweighted""], [""dq100_10_log_variance"", ""cycle10_rms_c_timeweighted""], [""dq100_10_log_variance"", ""cycle10_rms_c_timeweighted""]]",27
Voting_equal_baseline/repeat3/outer1/xgb/tune,xgb,baseline,7,"{""learning_rate"": 0.03, ""max_depth"": 3, ""min_child_weight"": 5, ""n_estimators"": 250, ""reg_lambda"": 10.0}",10.03048681534577,"[[""dq100_10_log_variance"", ""cycle10_rms_c_timeweighted""], [""dq100_10_log_variance"", ""cycle10_rms_c_timeweighted""], [""dq100_10_log_variance"", ""cycle10_rms_c_timeweighted""]]",27
Voting_equal_baseline/repeat3/outer1/xgb/tune,xgb,baseline,8,"{""learning_rate"": 0.03, ""max_depth"": 2, ""min_child_weight"": 3, ""n_estimators"": 100, ""reg_lambda"": 1.0}",9.290825766362804,"[[""dq100_10_log_variance"", ""cycle10_rms_c_timeweighted""], [""dq100_10_log_variance"", ""cycle10_rms_c_timeweighted""], [""dq100_10_log_variance"", ""cycle10_rms_c_timeweighted""]]",27
Voting_equal_baseline/repeat3/outer1/xgb/tune,xgb,baseline,9,"{""learning_rate"": 0.07, ""max_depth"": 2, ""min_child_weight"": 5, ""n_estimators"": 100, ""reg_lambda"": 1.0}",9.780989048788145,"[[""dq100_10_log_variance"", ""cycle10_rms_c_timeweighted""], [""dq100_10_log_variance"", ""cycle10_rms_c_timeweighted""], [""dq100_10_log_variance"", ""cycle10_rms_c_timeweighted""]]",27
Voting_equal_baseline/repeat3/outer1/xgb/tune,xgb,baseline,10,"{""learning_rate"": 0.07, ""max_depth"": 1, ""min_child_weight"": 5, ""n_estimators"": 250, ""reg_lambda"": 30.0}",10.310791769993186,"[[""dq100_10_log_variance"", ""cycle10_rms_c_timeweighted""], [""dq100_10_log_variance"", ""cycle10_rms_c_timeweighted""], [""dq100_10_log_variance"", ""cycle10_rms_c_timeweighted""]]",27
Voting_equal_baseline/repeat3/outer1/xgb/tune,xgb,baseline,11,"{""learning_rate"": 0.03, ""max_depth"": 3, ""min_child_weight"": 5, ""n_estimators"": 100, ""reg_lambda"": 10.0}",11.435412759194028,"[[""dq100_10_log_variance"", ""cycle10_rms_c_timeweighted""], [""dq100_10_log_variance"", ""cycle10_rms_c_timeweighted""], [""dq100_10_log_variance"", ""cycle10_rms_c_timeweighted""]]",27
Voting_equal_baseline/repeat3/outer2/xgb/tune,xgb,baseline,0,"{""learning_rate"": 0.03, ""max_depth"": 1, ""min_child_weight"": 3, ""n_estimators"": 250, ""reg_lambda"": 10.0}",14.664082183956515,"[[""dq100_10_log_variance"", ""cycle10_rms_c_timeweighted""], [""dq100_10_log_variance"", ""cycle10_rms_c_timeweighted""], [""dq100_10_log_variance"", ""cycle10_rms_c_timeweighted""]]",28
Voting_equal_baseline/repeat3/outer2/xgb/tune,xgb,baseline,1,"{""learning_rate"": 0.07, ""max_depth"": 3, ""min_child_weight"": 3, ""n_estimators"": 100, ""reg_lambda"": 30.0}",12.246265674213031,"[[""dq100_10_log_variance"", ""cycle10_rms_c_timeweighted""], [""dq100_10_log_variance"", ""cycle10_rms_c_timeweighted""], [""dq100_10_log_variance"", ""cycle10_rms_c_timeweighted""]]",28
Voting_equal_baseline/repeat3/outer2/xgb/tune,xgb,baseline,2,"{""learning_rate"": 0.03, ""max_depth"": 2, ""min_child_weight"": 5, ""n_estimators"": 100, ""reg_lambda"": 1.0}",11.406535535700613,"[[""dq100_10_log_variance"", ""cycle10_rms_c_timeweighted""], [""dq100_10_log_variance"", ""cycle10_rms_c_timeweighted""], [""dq100_10_log_variance"", ""cycle10_rms_c_timeweighted""]]",28
Voting_equal_baseline/repeat3/outer2/xgb/tune,xgb,baseline,3,"{""learning_rate"": 0.03, ""max_depth"": 1, ""min_child_weight"": 3, ""n_estimators"": 100, ""reg_lambda"": 1.0}",15.073307937369504,"[[""dq100_10_log_variance"", ""cycle10_rms_c_timeweighted""], [""dq100_10_log_variance"", ""cycle10_rms_c_timeweighted""], [""dq100_10_log_variance"", ""cycle10_rms_c_timeweighted""]]",28
Voting_equal_baseline/repeat3/outer2/xgb/tune,xgb,baseline,4,"{""learning_rate"": 0.03, ""max_depth"": 3, ""min_child_weight"": 3, ""n_estimators"": 250, ""reg_lambda"": 10.0}",15.35223661943322,"[[""dq100_10_log_variance"", ""cycle10_rms_c_timeweighted""], [""dq100_10_log_variance"", ""cycle10_rms_c_timeweighted""], [""dq100_10_log_variance"", ""cycle10_rms_c_timeweighted""]]",28
Voting_equal_baseline/repeat3/outer2/xgb/tune,xgb,baseline,5,"{""learning_rate"": 0.07, ""max_depth"": 2, ""min_child_weight"": 3, ""n_estimators"": 100, ""reg_lambda"": 30.0}",12.236581057742292,"[[""dq100_10_log_variance"", ""cycle10_rms_c_timeweighted""], [""dq100_10_log_variance"", ""cycle10_rms_c_timeweighted""], [""dq100_10_log_variance"", ""cycle10_rms_c_timeweighted""]]",28
Voting_equal_baseline/repeat3/outer2/xgb/tune,xgb,baseline,6,"{""learning_rate"": 0.03, ""max_depth"": 1, ""min_child_weight"": 5, ""n_estimators"": 250, ""reg_lambda"": 10.0}",11.43305721740657,"[[""dq100_10_log_variance"", ""cycle10_rms_c_timeweighted""], [""dq100_10_log_variance"", ""cycle10_rms_c_timeweighted""], [""dq100_10_log_variance"", ""cycle10_rms_c_timeweighted""]]",28
Voting_equal_baseline/repeat3/outer2/xgb/tune,xgb,baseline,7,"{""learning_rate"": 0.03, ""max_depth"": 3, ""min_child_weight"": 5, ""n_estimators"": 250, ""reg_lambda"": 10.0}",11.464706276242644,"[[""dq100_10_log_variance"", ""cycle10_rms_c_timeweighted""], [""dq100_10_log_variance"", ""cycle10_rms_c_timeweighted""], [""dq100_10_log_variance"", ""cycle10_rms_c_timeweighted""]]",28
Voting_equal_baseline/repeat3/outer2/xgb/tune,xgb,baseline,8,"{""learning_rate"": 0.03, ""max_depth"": 2, ""min_child_weight"": 3, ""n_estimators"": 100, ""reg_lambda"": 1.0}",15.598323592690871,"[[""dq100_10_log_variance"", ""cycle10_rms_c_timeweighted""], [""dq100_10_log_variance"", ""cycle10_rms_c_timeweighted""], [""dq100_10_log_variance"", ""cycle10_rms_c_timeweighted""]]",28
Voting_equal_baseline/repeat3/outer2/xgb/tune,xgb,baseline,9,"{""learning_rate"": 0.07, ""max_depth"": 2, ""min_child_weight"": 5, ""n_estimators"": 100, ""reg_lambda"": 1.0}",12.121226909169266,"[[""dq100_10_log_variance"", ""cycle10_rms_c_timeweighted""], [""dq100_10_log_variance"", ""cycle10_rms_c_timeweighted""], [""dq100_10_log_variance"", ""cycle10_rms_c_timeweighted""]]",28
Voting_equal_baseline/repeat3/outer2/xgb/tune,xgb,baseline,10,"{""learning_rate"": 0.07, ""max_depth"": 1, ""min_child_weight"": 5, ""n_estimators"": 250, ""reg_lambda"": 30.0}",11.223031393665284,"[[""dq100_10_log_variance"", ""cycle10_rms_c_timeweighted""], [""dq100_10_log_variance"", ""cycle10_rms_c_timeweighted""], [""dq100_10_log_variance"", ""cycle10_rms_c_timeweighted""]]",28
Voting_equal_baseline/repeat3/outer2/xgb/tune,xgb,baseline,11,"{""learning_rate"": 0.03, ""max_depth"": 3, ""min_child_weight"": 5, ""n_estimators"": 100, ""reg_lambda"": 10.0}",11.63526994795136,"[[""dq100_10_log_variance"", ""cycle10_rms_c_timeweighted""], [""dq100_10_log_variance"", ""cycle10_rms_c_timeweighted""], [""dq100_10_log_variance"", ""cycle10_rms_c_timeweighted""]]",28
Voting_equal_baseline/repeat3/outer3/xgb/tune,xgb,baseline,0,"{""learning_rate"": 0.03, ""max_depth"": 1, ""min_child_weight"": 3, ""n_estimators"": 250, ""reg_lambda"": 10.0}",9.041266616755573,"[[""dq100_10_log_variance"", ""cycle10_rms_c_timeweighted""], [""dq100_10_log_variance"", ""cycle10_rms_c_timeweighted""], [""dq100_10_log_variance"", ""cycle10_rms_c_timeweighted""]]",27
Voting_equal_baseline/repeat3/outer3/xgb/tune,xgb,baseline,1,"{""learning_rate"": 0.07, ""max_depth"": 3, ""min_child_weight"": 3, ""n_estimators"": 100, ""reg_lambda"": 30.0}",10.509261453055668,"[[""dq100_10_log_variance"", ""cycle10_rms_c_timeweighted""], [""dq100_10_log_variance"", ""cycle10_rms_c_timeweighted""], [""dq100_10_log_variance"", ""cycle10_rms_c_timeweighted""]]",27
Voting_equal_baseline/repeat3/outer3/xgb/tune,xgb,baseline,2,"{""learning_rate"": 0.03, ""max_depth"": 2, ""min_child_weight"": 5, ""n_estimators"": 100, ""reg_lambda"": 1.0}",8.37311368603248,"[[""dq100_10_log_variance"", ""cycle10_rms_c_timeweighted""], [""dq100_10_log_variance"", ""cycle10_rms_c_timeweighted""], [""dq100_10_log_variance"", ""cycle10_rms_c_timeweighted""]]",27
Voting_equal_baseline/repeat3/outer3/xgb/tune,xgb,baseline,3,"{""learning_rate"": 0.03, ""max_depth"": 1, ""min_child_weight"": 3, ""n_estimators"": 100, ""reg_lambda"": 1.0}",9.339007891839488,"[[""dq100_10_log_variance"", ""cycle10_rms_c_timeweighted""], [""dq100_10_log_variance"", ""cycle10_rms_c_timeweighted""], [""dq100_10_log_variance"", ""cycle10_rms_c_timeweighted""]]",27
Voting_equal_baseline/repeat3/outer3/xgb/tune,xgb,baseline,4,"{""learning_rate"": 0.03, ""max_depth"": 3, ""min_child_weight"": 3, ""n_estimators"": 250, ""reg_lambda"": 10.0}",8.774200700691987,"[[""dq100_10_log_variance"", ""cycle10_rms_c_timeweighted""], [""dq100_10_log_variance"", ""cycle10_rms_c_timeweighted""], [""dq100_10_log_variance"", ""cycle10_rms_c_timeweighted""]]",27
Voting_equal_baseline/repeat3/outer3/xgb/tune,xgb,baseline,5,"{""learning_rate"": 0.07, ""max_depth"": 2, ""min_child_weight"": 3, ""n_estimators"": 100, ""reg_lambda"": 30.0}",10.485757937324165,"[[""dq100_10_log_variance"", ""cycle10_rms_c_timeweighted""], [""dq100_10_log_variance"", ""cycle10_rms_c_timeweighted""], [""dq100_10_log_variance"", ""cycle10_rms_c_timeweighted""]]",27
Voting_equal_baseline/repeat3/outer3/xgb/tune,xgb,baseline,6,"{""learning_rate"": 0.03, ""max_depth"": 1, ""min_child_weight"": 5, ""n_estimators"": 250, ""reg_lambda"": 10.0}",8.619739085486664,"[[""dq100_10_log_variance"", ""cycle10_rms_c_timeweighted""], [""dq100_10_log_variance"", ""cycle10_rms_c_timeweighted""], [""dq100_10_log_variance"", ""cycle10_rms_c_timeweighted""]]",27
Voting_equal_baseline/repeat3/outer3/xgb/tune,xgb,baseline,7,"{""learning_rate"": 0.03, ""max_depth"": 3, ""min_child_weight"": 5, ""n_estimators"": 250, ""reg_lambda"": 10.0}",8.465488216274096,"[[""dq100_10_log_variance"", ""cycle10_rms_c_timeweighted""], [""dq100_10_log_variance"", ""cycle10_rms_c_timeweighted""], [""dq100_10_log_variance"", ""cycle10_rms_c_timeweighted""]]",27
Voting_equal_baseline/repeat3/outer3/xgb/tune,xgb,baseline,8,"{""learning_rate"": 0.03, ""max_depth"": 2, ""min_child_weight"": 3, ""n_estimators"": 100, ""reg_lambda"": 1.0}",8.8794018947417,"[[""dq100_10_log_variance"", ""cycle10_rms_c_timeweighted""], [""dq100_10_log_variance"", ""cycle10_rms_c_timeweighted""], [""dq100_10_log_variance"", ""cycle10_rms_c_timeweighted""]]",27
Voting_equal_baseline/repeat3/outer3/xgb/tune,xgb,baseline,9,"{""learning_rate"": 0.07, ""max_depth"": 2, ""min_child_weight"": 5, ""n_estimators"": 100, ""reg_lambda"": 1.0}",8.188357786447071,"[[""dq100_10_log_variance"", ""cycle10_rms_c_timeweighted""], [""dq100_10_log_variance"", ""cycle10_rms_c_timeweighted""], [""dq100_10_log_variance"", ""cycle10_rms_c_timeweighted""]]",27
Voting_equal_baseline/repeat3/outer3/xgb/tune,xgb,baseline,10,"{""learning_rate"": 0.07, ""max_depth"": 1, ""min_child_weight"": 5, ""n_estimators"": 250, ""reg_lambda"": 30.0}",8.498767594299382,"[[""dq100_10_log_variance"", ""cycle10_rms_c_timeweighted""], [""dq100_10_log_variance"", ""cycle10_rms_c_timeweighted""], [""dq100_10_log_variance"", ""cycle10_rms_c_timeweighted""]]",27
Voting_equal_baseline/repeat3/outer3/xgb/tune,xgb,baseline,11,"{""learning_rate"": 0.03, ""max_depth"": 3, ""min_child_weight"": 5, ""n_estimators"": 100, ""reg_lambda"": 10.0}",10.181506983154161,"[[""dq100_10_log_variance"", ""cycle10_rms_c_timeweighted""], [""dq100_10_log_variance"", ""cycle10_rms_c_timeweighted""], [""dq100_10_log_variance"", ""cycle10_rms_c_timeweighted""]]",27
Voting_equal_baseline/repeat3/outer4/xgb/tune,xgb,baseline,0,"{""learning_rate"": 0.03, ""max_depth"": 1, ""min_child_weight"": 3, ""n_estimators"": 250, ""reg_lambda"": 10.0}",10.581063565223566,"[[""dq100_10_log_variance"", ""cycle10_rms_c_timeweighted""], [""dq100_10_log_variance"", ""cycle10_rms_c_timeweighted""], [""dq100_10_log_variance"", ""cycle10_rms_c_timeweighted""]]",29
Voting_equal_baseline/repeat3/outer4/xgb/tune,xgb,baseline,1,"{""learning_rate"": 0.07, ""max_depth"": 3, ""min_child_weight"": 3, ""n_estimators"": 100, ""reg_lambda"": 30.0}",11.675932225488223,"[[""dq100_10_log_variance"", ""cycle10_rms_c_timeweighted""], [""dq100_10_log_variance"", ""cycle10_rms_c_timeweighted""], [""dq100_10_log_variance"", ""cycle10_rms_c_timeweighted""]]",29
Voting_equal_baseline/repeat3/outer4/xgb/tune,xgb,baseline,2,"{""learning_rate"": 0.03, ""max_depth"": 2, ""min_child_weight"": 5, ""n_estimators"": 100, ""reg_lambda"": 1.0}",10.945838898936316,"[[""dq100_10_log_variance"", ""cycle10_rms_c_timeweighted""], [""dq100_10_log_variance"", ""cycle10_rms_c_timeweighted""], [""dq100_10_log_variance"", ""cycle10_rms_c_timeweighted""]]",29
Voting_equal_baseline/repeat3/outer4/xgb/tune,xgb,baseline,3,"{""learning_rate"": 0.03, ""max_depth"": 1, ""min_child_weight"": 3, ""n_estimators"": 100, ""reg_lambda"": 1.0}",10.7270659092312,"[[""dq100_10_log_variance"", ""cycle10_rms_c_timeweighted""], [""dq100_10_log_variance"", ""cycle10_rms_c_timeweighted""], [""dq100_10_log_variance"", ""cycle10_rms_c_timeweighted""]]",29
Voting_equal_baseline/repeat3/outer4/xgb/tune,xgb,baseline,4,"{""learning_rate"": 0.03, ""max_depth"": 3, ""min_child_weight"": 3, ""n_estimators"": 250, ""reg_lambda"": 10.0}",9.696540451692371,"[[""dq100_10_log_variance"", ""cycle10_rms_c_timeweighted""], [""dq100_10_log_variance"", ""cycle10_rms_c_timeweighted""], [""dq100_10_log_variance"", ""cycle10_rms_c_timeweighted""]]",29
Voting_equal_baseline/repeat3/outer4/xgb/tune,xgb,baseline,5,"{""learning_rate"": 0.07, ""max_depth"": 2, ""min_child_weight"": 3, ""n_estimators"": 100, ""reg_lambda"": 30.0}",11.851266662504198,"[[""dq100_10_log_variance"", ""cycle10_rms_c_timeweighted""], [""dq100_10_log_variance"", ""cycle10_rms_c_timeweighted""], [""dq100_10_log_variance"", ""cycle10_rms_c_timeweighted""]]",29
Voting_equal_baseline/repeat3/outer4/xgb/tune,xgb,baseline,6,"{""learning_rate"": 0.03, ""max_depth"": 1, ""min_child_weight"": 5, ""n_estimators"": 250, ""reg_lambda"": 10.0}",11.251326820886604,"[[""dq100_10_log_variance"", ""cycle10_rms_c_timeweighted""], [""dq100_10_log_variance"", ""cycle10_rms_c_timeweighted""], [""dq100_10_log_variance"", ""cycle10_rms_c_timeweighted""]]",29
Voting_equal_baseline/repeat3/outer4/xgb/tune,xgb,baseline,7,"{""learning_rate"": 0.03, ""max_depth"": 3, ""min_child_weight"": 5, ""n_estimators"": 250, ""reg_lambda"": 10.0}",11.047418186547926,"[[""dq100_10_log_variance"", ""cycle10_rms_c_timeweighted""], [""dq100_10_log_variance"", ""cycle10_rms_c_timeweighted""], [""dq100_10_log_variance"", ""cycle10_rms_c_timeweighted""]]",29
Voting_equal_baseline/repeat3/outer4/xgb/tune,xgb,baseline,8,"{""learning_rate"": 0.03, ""max_depth"": 2, ""min_child_weight"": 3, ""n_estimators"": 100, ""reg_lambda"": 1.0}",9.754006549125457,"[[""dq100_10_log_variance"", ""cycle10_rms_c_timeweighted""], [""dq100_10_log_variance"", ""cycle10_rms_c_timeweighted""], [""dq100_10_log_variance"", ""cycle10_rms_c_timeweighted""]]",29
Voting_equal_baseline/repeat3/outer4/xgb/tune,xgb,baseline,9,"{""learning_rate"": 0.07, ""max_depth"": 2, ""min_child_weight"": 5, ""n_estimators"": 100, ""reg_lambda"": 1.0}",10.97376642244576,"[[""dq100_10_log_variance"", ""cycle10_rms_c_timeweighted""], [""dq100_10_log_variance"", ""cycle10_rms_c_timeweighted""], [""dq100_10_log_variance"", ""cycle10_rms_c_timeweighted""]]",29
Voting_equal_baseline/repeat3/outer4/xgb/tune,xgb,baseline,10,"{""learning_rate"": 0.07, ""max_depth"": 1, ""min_child_weight"": 5, ""n_estimators"": 250, ""reg_lambda"": 30.0}",11.235468946669943,"[[""dq100_10_log_variance"", ""cycle10_rms_c_timeweighted""], [""dq100_10_log_variance"", ""cycle10_rms_c_timeweighted""], [""dq100_10_log_variance"", ""cycle10_rms_c_timeweighted""]]",29
Voting_equal_baseline/repeat3/outer4/xgb/tune,xgb,baseline,11,"{""learning_rate"": 0.03, ""max_depth"": 3, ""min_child_weight"": 5, ""n_estimators"": 100, ""reg_lambda"": 10.0}",11.956395395958994,"[[""dq100_10_log_variance"", ""cycle10_rms_c_timeweighted""], [""dq100_10_log_variance"", ""cycle10_rms_c_timeweighted""], [""dq100_10_log_variance"", ""cycle10_rms_c_timeweighted""]]",29
Voting_equal_baseline/repeat3/outer5/xgb/tune,xgb,baseline,0,"{""learning_rate"": 0.03, ""max_depth"": 1, ""min_child_weight"": 3, ""n_estimators"": 250, ""reg_lambda"": 10.0}",8.629238787790149,"[[""dq100_10_log_variance"", ""cycle10_rms_c_timeweighted""], [""dq100_10_log_variance"", ""cycle10_rms_c_timeweighted""], [""dq100_10_log_variance"", ""cycle10_rms_c_timeweighted""]]",29
Voting_equal_baseline/repeat3/outer5/xgb/tune,xgb,baseline,1,"{""learning_rate"": 0.07, ""max_depth"": 3, ""min_child_weight"": 3, ""n_estimators"": 100, ""reg_lambda"": 30.0}",10.10743281053545,"[[""dq100_10_log_variance"", ""cycle10_rms_c_timeweighted""], [""dq100_10_log_variance"", ""cycle10_rms_c_timeweighted""], [""dq100_10_log_variance"", ""cycle10_rms_c_timeweighted""]]",29
Voting_equal_baseline/repeat3/outer5/xgb/tune,xgb,baseline,2,"{""learning_rate"": 0.03, ""max_depth"": 2, ""min_child_weight"": 5, ""n_estimators"": 100, ""reg_lambda"": 1.0}",8.859791075375586,"[[""dq100_10_log_variance"", ""cycle10_rms_c_timeweighted""], [""dq100_10_log_variance"", ""cycle10_rms_c_timeweighted""], [""dq100_10_log_variance"", ""cycle10_rms_c_timeweighted""]]",29
Voting_equal_baseline/repeat3/outer5/xgb/tune,xgb,baseline,3,"{""learning_rate"": 0.03, ""max_depth"": 1, ""min_child_weight"": 3, ""n_estimators"": 100, ""reg_lambda"": 1.0}",9.273865438403663,"[[""dq100_10_log_variance"", ""cycle10_rms_c_timeweighted""], [""dq100_10_log_variance"", ""cycle10_rms_c_timeweighted""], [""dq100_10_log_variance"", ""cycle10_rms_c_timeweighted""]]",29
Voting_equal_baseline/repeat3/outer5/xgb/tune,xgb,baseline,4,"{""learning_rate"": 0.03, ""max_depth"": 3, ""min_child_weight"": 3, ""n_estimators"": 250, ""reg_lambda"": 10.0}",8.608136751996177,"[[""dq100_10_log_variance"", ""cycle10_rms_c_timeweighted""], [""dq100_10_log_variance"", ""cycle10_rms_c_timeweighted""], [""dq100_10_log_variance"", ""cycle10_rms_c_timeweighted""]]",29
Voting_equal_baseline/repeat3/outer5/xgb/tune,xgb,baseline,5,"{""learning_rate"": 0.07, ""max_depth"": 2, ""min_child_weight"": 3, ""n_estimators"": 100, ""reg_lambda"": 30.0}",9.99622333567453,"[[""dq100_10_log_variance"", ""cycle10_rms_c_timeweighted""], [""dq100_10_log_variance"", ""cycle10_rms_c_timeweighted""], [""dq100_10_log_variance"", ""cycle10_rms_c_timeweighted""]]",29
Voting_equal_baseline/repeat3/outer5/xgb/tune,xgb,baseline,6,"{""learning_rate"": 0.03, ""max_depth"": 1, ""min_child_weight"": 5, ""n_estimators"": 250, ""reg_lambda"": 10.0}",8.324006542736342,"[[""dq100_10_log_variance"", ""cycle10_rms_c_timeweighted""], [""dq100_10_log_variance"", ""cycle10_rms_c_timeweighted""], [""dq100_10_log_variance"", ""cycle10_rms_c_timeweighted""]]",29
Voting_equal_baseline/repeat3/outer5/xgb/tune,xgb,baseline,7,"{""learning_rate"": 0.03, ""max_depth"": 3, ""min_child_weight"": 5, ""n_estimators"": 250, ""reg_lambda"": 10.0}",8.621131426363752,"[[""dq100_10_log_variance"", ""cycle10_rms_c_timeweighted""], [""dq100_10_log_variance"", ""cycle10_rms_c_timeweighted""], [""dq100_10_log_variance"", ""cycle10_rms_c_timeweighted""]]",29
Voting_equal_baseline/repeat3/outer5/xgb/tune,xgb,baseline,8,"{""learning_rate"": 0.03, ""max_depth"": 2, ""min_child_weight"": 3, ""n_estimators"": 100, ""reg_lambda"": 1.0}",8.82771635042568,"[[""dq100_10_log_variance"", ""cycle10_rms_c_timeweighted""], [""dq100_10_log_variance"", ""cycle10_rms_c_timeweighted""], [""dq100_10_log_variance"", ""cycle10_rms_c_timeweighted""]]",29
Voting_equal_baseline/repeat3/outer5/xgb/tune,xgb,baseline,9,"{""learning_rate"": 0.07, ""max_depth"": 2, ""min_child_weight"": 5, ""n_estimators"": 100, ""reg_lambda"": 1.0}",10.065152261010546,"[[""dq100_10_log_variance"", ""cycle10_rms_c_timeweighted""], [""dq100_10_log_variance"", ""cycle10_rms_c_timeweighted""], [""dq100_10_log_variance"", ""cycle10_rms_c_timeweighted""]]",29
Voting_equal_baseline/repeat3/outer5/xgb/tune,xgb,baseline,10,"{""learning_rate"": 0.07, ""max_depth"": 1, ""min_child_weight"": 5, ""n_estimators"": 250, ""reg_lambda"": 30.0}",8.230595410282486,"[[""dq100_10_log_variance"", ""cycle10_rms_c_timeweighted""], [""dq100_10_log_variance"", ""cycle10_rms_c_timeweighted""], [""dq100_10_log_variance"", ""cycle10_rms_c_timeweighted""]]",29
Voting_equal_baseline/repeat3/outer5/xgb/tune,xgb,baseline,11,"{""learning_rate"": 0.03, ""max_depth"": 3, ""min_child_weight"": 5, ""n_estimators"": 100, ""reg_lambda"": 10.0}",9.615801539947197,"[[""dq100_10_log_variance"", ""cycle10_rms_c_timeweighted""], [""dq100_10_log_variance"", ""cycle10_rms_c_timeweighted""], [""dq100_10_log_variance"", ""cycle10_rms_c_timeweighted""]]",29
Voting_equal_plus_top2/repeat1/outer1/xgb/tune,xgb,plus_top2,0,"{""learning_rate"": 0.03, ""max_depth"": 1, ""min_child_weight"": 3, ""n_estimators"": 250, ""reg_lambda"": 10.0}",11.383004798882578,"[[""dq100_10_log_variance"", ""cycle10_rms_c_timeweighted"", ""dq100_10_q05_ah"", ""dq100_10_mean_ah""], [""dq100_10_log_variance"", ""cycle10_rms_c_timeweighted"", ""dq100_10_q05_ah"", ""dq100_10_mean_ah""], [""dq100_10_log_variance"", ""cycle10_rms_c_timeweighted"", ""dq100_10_q05_ah"", ""dq100_10_mean_ah""]]",28
Voting_equal_plus_top2/repeat1/outer1/xgb/tune,xgb,plus_top2,1,"{""learning_rate"": 0.07, ""max_depth"": 3, ""min_child_weight"": 3, ""n_estimators"": 100, ""reg_lambda"": 30.0}",12.590030456394047,"[[""dq100_10_log_variance"", ""cycle10_rms_c_timeweighted"", ""dq100_10_q05_ah"", ""dq100_10_mean_ah""], [""dq100_10_log_variance"", ""cycle10_rms_c_timeweighted"", ""dq100_10_q05_ah"", ""dq100_10_mean_ah""], [""dq100_10_log_variance"", ""cycle10_rms_c_timeweighted"", ""dq100_10_q05_ah"", ""dq100_10_mean_ah""]]",28
Voting_equal_plus_top2/repeat1/outer1/xgb/tune,xgb,plus_top2,2,"{""learning_rate"": 0.03, ""max_depth"": 2, ""min_child_weight"": 5, ""n_estimators"": 100, ""reg_lambda"": 1.0}",10.802721947822295,"[[""dq100_10_log_variance"", ""cycle10_rms_c_timeweighted"", ""dq100_10_q05_ah"", ""dq100_10_mean_ah""], [""dq100_10_log_variance"", ""cycle10_rms_c_timeweighted"", ""dq100_10_q05_ah"", ""dq100_10_mean_ah""], [""dq100_10_log_variance"", ""cycle10_rms_c_timeweighted"", ""dq100_10_q05_ah"", ""dq100_10_mean_ah""]]",28
Voting_equal_plus_top2/repeat1/outer1/xgb/tune,xgb,plus_top2,3,"{""learning_rate"": 0.03, ""max_depth"": 1, ""min_child_weight"": 3, ""n_estimators"": 100, ""reg_lambda"": 1.0}",11.566104738845667,"[[""dq100_10_log_variance"", ""cycle10_rms_c_timeweighted"", ""dq100_10_q05_ah"", ""dq100_10_mean_ah""], [""dq100_10_log_variance"", ""cycle10_rms_c_timeweighted"", ""dq100_10_q05_ah"", ""dq100_10_mean_ah""], [""dq100_10_log_variance"", ""cycle10_rms_c_timeweighted"", ""dq100_10_q05_ah"", ""dq100_10_mean_ah""]]",28
Voting_equal_plus_top2/repeat1/outer1/xgb/tune,xgb,plus_top2,4,"{""learning_rate"": 0.03, ""max_depth"": 3, ""min_child_weight"": 3, ""n_estimators"": 250, ""reg_lambda"": 10.0}",11.08703165621359,"[[""dq100_10_log_variance"", ""cycle10_rms_c_timeweighted"", ""dq100_10_q05_ah"", ""dq100_10_mean_ah""], [""dq100_10_log_variance"", ""cycle10_rms_c_timeweighted"", ""dq100_10_q05_ah"", ""dq100_10_mean_ah""], [""dq100_10_log_variance"", ""cycle10_rms_c_timeweighted"", ""dq100_10_q05_ah"", ""dq100_10_mean_ah""]]",28
Voting_equal_plus_top2/repeat1/outer1/xgb/tune,xgb,plus_top2,5,"{""learning_rate"": 0.07, ""max_depth"": 2, ""min_child_weight"": 3, ""n_estimators"": 100, ""reg_lambda"": 30.0}",12.586947661423778,"[[""dq100_10_log_variance"", ""cycle10_rms_c_timeweighted"", ""dq100_10_q05_ah"", ""dq100_10_mean_ah""], [""dq100_10_log_variance"", ""cycle10_rms_c_timeweighted"", ""dq100_10_q05_ah"", ""dq100_10_mean_ah""], [""dq100_10_log_variance"", ""cycle10_rms_c_timeweighted"", ""dq100_10_q05_ah"", ""dq100_10_mean_ah""]]",28
Voting_equal_plus_top2/repeat1/outer1/xgb/tune,xgb,plus_top2,6,"{""learning_rate"": 0.03, ""max_depth"": 1, ""min_child_weight"": 5, ""n_estimators"": 250, ""reg_lambda"": 10.0}",10.87903086634471,"[[""dq100_10_log_variance"", ""cycle10_rms_c_timeweighted"", ""dq100_10_q05_ah"", ""dq100_10_mean_ah""], [""dq100_10_log_variance"", ""cycle10_rms_c_timeweighted"", ""dq100_10_q05_ah"", ""dq100_10_mean_ah""], [""dq100_10_log_variance"", ""cycle10_rms_c_timeweighted"", ""dq100_10_q05_ah"", ""dq100_10_mean_ah""]]",28
Voting_equal_plus_top2/repeat1/outer1/xgb/tune,xgb,plus_top2,7,"{""learning_rate"": 0.03, ""max_depth"": 3, ""min_child_weight"": 5, ""n_estimators"": 250, ""reg_lambda"": 10.0}",10.800088295063654,"[[""dq100_10_log_variance"", ""cycle10_rms_c_timeweighted"", ""dq100_10_q05_ah"", ""dq100_10_mean_ah""], [""dq100_10_log_variance"", ""cycle10_rms_c_timeweighted"", ""dq100_10_q05_ah"", ""dq100_10_mean_ah""], [""dq100_10_log_variance"", ""cycle10_rms_c_timeweighted"", ""dq100_10_q05_ah"", ""dq100_10_mean_ah""]]",28
Voting_equal_plus_top2/repeat1/outer1/xgb/tune,xgb,plus_top2,8,"{""learning_rate"": 0.03, ""max_depth"": 2, ""min_child_weight"": 3, ""n_estimators"": 100, ""reg_lambda"": 1.0}",10.630086611954628,"[[""dq100_10_log_variance"", ""cycle10_rms_c_timeweighted"", ""dq100_10_q05_ah"", ""dq100_10_mean_ah""], [""dq100_10_log_variance"", ""cycle10_rms_c_timeweighted"", ""dq100_10_q05_ah"", ""dq100_10_mean_ah""], [""dq100_10_log_variance"", ""cycle10_rms_c_timeweighted"", ""dq100_10_q05_ah"", ""dq100_10_mean_ah""]]",28
Voting_equal_plus_top2/repeat1/outer1/xgb/tune,xgb,plus_top2,9,"{""learning_rate"": 0.07, ""max_depth"": 2, ""min_child_weight"": 5, ""n_estimators"": 100, ""reg_lambda"": 1.0}",10.801372619512206,"[[""dq100_10_log_variance"", ""cycle10_rms_c_timeweighted"", ""dq100_10_q05_ah"", ""dq100_10_mean_ah""], [""dq100_10_log_variance"", ""cycle10_rms_c_timeweighted"", ""dq100_10_q05_ah"", ""dq100_10_mean_ah""], [""dq100_10_log_variance"", ""cycle10_rms_c_timeweighted"", ""dq100_10_q05_ah"", ""dq100_10_mean_ah""]]",28
Voting_equal_plus_top2/repeat1/outer1/xgb/tune,xgb,plus_top2,10,"{""learning_rate"": 0.07, ""max_depth"": 1, ""min_child_weight"": 5, ""n_estimators"": 250, ""reg_lambda"": 30.0}",10.712058219391686,"[[""dq100_10_log_variance"", ""cycle10_rms_c_timeweighted"", ""dq100_10_q05_ah"", ""dq100_10_mean_ah""], [""dq100_10_log_variance"", ""cycle10_rms_c_timeweighted"", ""dq100_10_q05_ah"", ""dq100_10_mean_ah""], [""dq100_10_log_variance"", ""cycle10_rms_c_timeweighted"", ""dq100_10_q05_ah"", ""dq100_10_mean_ah""]]",28
Voting_equal_plus_top2/repeat1/outer1/xgb/tune,xgb,plus_top2,11,"{""learning_rate"": 0.03, ""max_depth"": 3, ""min_child_weight"": 5, ""n_estimators"": 100, ""reg_lambda"": 10.0}",12.022224820079483,"[[""dq100_10_log_variance"", ""cycle10_rms_c_timeweighted"", ""dq100_10_q05_ah"", ""dq100_10_mean_ah""], [""dq100_10_log_variance"", ""cycle10_rms_c_timeweighted"", ""dq100_10_q05_ah"", ""dq100_10_mean_ah""], [""dq100_10_log_variance"", ""cycle10_rms_c_timeweighted"", ""dq100_10_q05_ah"", ""dq100_10_mean_ah""]]",28
Voting_equal_plus_top2/repeat1/outer2/xgb/tune,xgb,plus_top2,0,"{""learning_rate"": 0.03, ""max_depth"": 1, ""min_child_weight"": 3, ""n_estimators"": 250, ""reg_lambda"": 10.0}",10.43870391878505,"[[""dq100_10_log_variance"", ""cycle10_rms_c_timeweighted"", ""dq100_10_q05_ah"", ""dq100_10_mean_ah""], [""dq100_10_log_variance"", ""cycle10_rms_c_timeweighted"", ""dq100_10_q05_ah"", ""dq100_10_mean_ah""], [""dq100_10_log_variance"", ""cycle10_rms_c_timeweighted"", ""dq100_10_q05_ah"", ""dq100_10_mean_ah""]]",27
Voting_equal_plus_top2/repeat1/outer2/xgb/tune,xgb,plus_top2,1,"{""learning_rate"": 0.07, ""max_depth"": 3, ""min_child_weight"": 3, ""n_estimators"": 100, ""reg_lambda"": 30.0}",11.057780552049072,"[[""dq100_10_log_variance"", ""cycle10_rms_c_timeweighted"", ""dq100_10_q05_ah"", ""dq100_10_mean_ah""], [""dq100_10_log_variance"", ""cycle10_rms_c_timeweighted"", ""dq100_10_q05_ah"", ""dq100_10_mean_ah""], [""dq100_10_log_variance"", ""cycle10_rms_c_timeweighted"", ""dq100_10_q05_ah"", ""dq100_10_mean_ah""]]",27
Voting_equal_plus_top2/repeat1/outer2/xgb/tune,xgb,plus_top2,2,"{""learning_rate"": 0.03, ""max_depth"": 2, ""min_child_weight"": 5, ""n_estimators"": 100, ""reg_lambda"": 1.0}",11.528365494555686,"[[""dq100_10_log_variance"", ""cycle10_rms_c_timeweighted"", ""dq100_10_q05_ah"", ""dq100_10_mean_ah""], [""dq100_10_log_variance"", ""cycle10_rms_c_timeweighted"", ""dq100_10_q05_ah"", ""dq100_10_mean_ah""], [""dq100_10_log_variance"", ""cycle10_rms_c_timeweighted"", ""dq100_10_q05_ah"", ""dq100_10_mean_ah""]]",27
Voting_equal_plus_top2/repeat1/outer2/xgb/tune,xgb,plus_top2,3,"{""learning_rate"": 0.03, ""max_depth"": 1, ""min_child_weight"": 3, ""n_estimators"": 100, ""reg_lambda"": 1.0}",10.287659106243849,"[[""dq100_10_log_variance"", ""cycle10_rms_c_timeweighted"", ""dq100_10_q05_ah"", ""dq100_10_mean_ah""], [""dq100_10_log_variance"", ""cycle10_rms_c_timeweighted"", ""dq100_10_q05_ah"", ""dq100_10_mean_ah""], [""dq100_10_log_variance"", ""cycle10_rms_c_timeweighted"", ""dq100_10_q05_ah"", ""dq100_10_mean_ah""]]",27
Voting_equal_plus_top2/repeat1/outer2/xgb/tune,xgb,plus_top2,4,"{""learning_rate"": 0.03, ""max_depth"": 3, ""min_child_weight"": 3, ""n_estimators"": 250, ""reg_lambda"": 10.0}",9.996913163157437,"[[""dq100_10_log_variance"", ""cycle10_rms_c_timeweighted"", ""dq100_10_q05_ah"", ""dq100_10_mean_ah""], [""dq100_10_log_variance"", ""cycle10_rms_c_timeweighted"", ""dq100_10_q05_ah"", ""dq100_10_mean_ah""], [""dq100_10_log_variance"", ""cycle10_rms_c_timeweighted"", ""dq100_10_q05_ah"", ""dq100_10_mean_ah""]]",27
Voting_equal_plus_top2/repeat1/outer2/xgb/tune,xgb,plus_top2,5,"{""learning_rate"": 0.07, ""max_depth"": 2, ""min_child_weight"": 3, ""n_estimators"": 100, ""reg_lambda"": 30.0}",10.968626099121021,"[[""dq100_10_log_variance"", ""cycle10_rms_c_timeweighted"", ""dq100_10_q05_ah"", ""dq100_10_mean_ah""], [""dq100_10_log_variance"", ""cycle10_rms_c_timeweighted"", ""dq100_10_q05_ah"", ""dq100_10_mean_ah""], [""dq100_10_log_variance"", ""cycle10_rms_c_timeweighted"", ""dq100_10_q05_ah"", ""dq100_10_mean_ah""]]",27
Voting_equal_plus_top2/repeat1/outer2/xgb/tune,xgb,plus_top2,6,"{""learning_rate"": 0.03, ""max_depth"": 1, ""min_child_weight"": 5, ""n_estimators"": 250, ""reg_lambda"": 10.0}",11.534076187098476,"[[""dq100_10_log_variance"", ""cycle10_rms_c_timeweighted"", ""dq100_10_q05_ah"", ""dq100_10_mean_ah""], [""dq100_10_log_variance"", ""cycle10_rms_c_timeweighted"", ""dq100_10_q05_ah"", ""dq100_10_mean_ah""], [""dq100_10_log_variance"", ""cycle10_rms_c_timeweighted"", ""dq100_10_q05_ah"", ""dq100_10_mean_ah""]]",27
Voting_equal_plus_top2/repeat1/outer2/xgb/tune,xgb,plus_top2,7,"{""learning_rate"": 0.03, ""max_depth"": 3, ""min_child_weight"": 5, ""n_estimators"": 250, ""reg_lambda"": 10.0}",11.598054936586218,"[[""dq100_10_log_variance"", ""cycle10_rms_c_timeweighted"", ""dq100_10_q05_ah"", ""dq100_10_mean_ah""], [""dq100_10_log_variance"", ""cycle10_rms_c_timeweighted"", ""dq100_10_q05_ah"", ""dq100_10_mean_ah""], [""dq100_10_log_variance"", ""cycle10_rms_c_timeweighted"", ""dq100_10_q05_ah"", ""dq100_10_mean_ah""]]",27
Voting_equal_plus_top2/repeat1/outer2/xgb/tune,xgb,plus_top2,8,"{""learning_rate"": 0.03, ""max_depth"": 2, ""min_child_weight"": 3, ""n_estimators"": 100, ""reg_lambda"": 1.0}",9.661380522255234,"[[""dq100_10_log_variance"", ""cycle10_rms_c_timeweighted"", ""dq100_10_q05_ah"", ""dq100_10_mean_ah""], [""dq100_10_log_variance"", ""cycle10_rms_c_timeweighted"", ""dq100_10_q05_ah"", ""dq100_10_mean_ah""], [""dq100_10_log_variance"", ""cycle10_rms_c_timeweighted"", ""dq100_10_q05_ah"", ""dq100_10_mean_ah""]]",27
Voting_equal_plus_top2/repeat1/outer2/xgb/tune,xgb,plus_top2,9,"{""learning_rate"": 0.07, ""max_depth"": 2, ""min_child_weight"": 5, ""n_estimators"": 100, ""reg_lambda"": 1.0}",12.117798495722555,"[[""dq100_10_log_variance"", ""cycle10_rms_c_timeweighted"", ""dq100_10_q05_ah"", ""dq100_10_mean_ah""], [""dq100_10_log_variance"", ""cycle10_rms_c_timeweighted"", ""dq100_10_q05_ah"", ""dq100_10_mean_ah""], [""dq100_10_log_variance"", ""cycle10_rms_c_timeweighted"", ""dq100_10_q05_ah"", ""dq100_10_mean_ah""]]",27
Voting_equal_plus_top2/repeat1/outer2/xgb/tune,xgb,plus_top2,10,"{""learning_rate"": 0.07, ""max_depth"": 1, ""min_child_weight"": 5, ""n_estimators"": 250, ""reg_lambda"": 30.0}",11.517268627325937,"[[""dq100_10_log_variance"", ""cycle10_rms_c_timeweighted"", ""dq100_10_q05_ah"", ""dq100_10_mean_ah""], [""dq100_10_log_variance"", ""cycle10_rms_c_timeweighted"", ""dq100_10_q05_ah"", ""dq100_10_mean_ah""], [""dq100_10_log_variance"", ""cycle10_rms_c_timeweighted"", ""dq100_10_q05_ah"", ""dq100_10_mean_ah""]]",27
Voting_equal_plus_top2/repeat1/outer2/xgb/tune,xgb,plus_top2,11,"{""learning_rate"": 0.03, ""max_depth"": 3, ""min_child_weight"": 5, ""n_estimators"": 100, ""reg_lambda"": 10.0}",11.184614128023105,"[[""dq100_10_log_variance"", ""cycle10_rms_c_timeweighted"", ""dq100_10_q05_ah"", ""dq100_10_mean_ah""], [""dq100_10_log_variance"", ""cycle10_rms_c_timeweighted"", ""dq100_10_q05_ah"", ""dq100_10_mean_ah""], [""dq100_10_log_variance"", ""cycle10_rms_c_timeweighted"", ""dq100_10_q05_ah"", ""dq100_10_mean_ah""]]",27
Voting_equal_plus_top2/repeat1/outer3/xgb/tune,xgb,plus_top2,0,"{""learning_rate"": 0.03, ""max_depth"": 1, ""min_child_weight"": 3, ""n_estimators"": 250, ""reg_lambda"": 10.0}",11.61132017568381,"[[""dq100_10_log_variance"", ""cycle10_rms_c_timeweighted"", ""dq100_10_q05_ah"", ""dq100_10_mean_ah""], [""dq100_10_log_variance"", ""cycle10_rms_c_timeweighted"", ""dq100_10_q05_ah"", ""dq100_10_mean_ah""], [""dq100_10_log_variance"", ""cycle10_rms_c_timeweighted"", ""dq100_10_q05_ah"", ""dq100_10_mean_ah""]]",27
Voting_equal_plus_top2/repeat1/outer3/xgb/tune,xgb,plus_top2,1,"{""learning_rate"": 0.07, ""max_depth"": 3, ""min_child_weight"": 3, ""n_estimators"": 100, ""reg_lambda"": 30.0}",11.958636782058013,"[[""dq100_10_log_variance"", ""cycle10_rms_c_timeweighted"", ""dq100_10_q05_ah"", ""dq100_10_mean_ah""], [""dq100_10_log_variance"", ""cycle10_rms_c_timeweighted"", ""dq100_10_q05_ah"", ""dq100_10_mean_ah""], [""dq100_10_log_variance"", ""cycle10_rms_c_timeweighted"", ""dq100_10_q05_ah"", ""dq100_10_mean_ah""]]",27
Voting_equal_plus_top2/repeat1/outer3/xgb/tune,xgb,plus_top2,2,"{""learning_rate"": 0.03, ""max_depth"": 2, ""min_child_weight"": 5, ""n_estimators"": 100, ""reg_lambda"": 1.0}",12.602258985932888,"[[""dq100_10_log_variance"", ""cycle10_rms_c_timeweighted"", ""dq100_10_q05_ah"", ""dq100_10_mean_ah""], [""dq100_10_log_variance"", ""cycle10_rms_c_timeweighted"", ""dq100_10_q05_ah"", ""dq100_10_mean_ah""], [""dq100_10_log_variance"", ""cycle10_rms_c_timeweighted"", ""dq100_10_q05_ah"", ""dq100_10_mean_ah""]]",27
Voting_equal_plus_top2/repeat1/outer3/xgb/tune,xgb,plus_top2,3,"{""learning_rate"": 0.03, ""max_depth"": 1, ""min_child_weight"": 3, ""n_estimators"": 100, ""reg_lambda"": 1.0}",11.613692310249498,"[[""dq100_10_log_variance"", ""cycle10_rms_c_timeweighted"", ""dq100_10_q05_ah"", ""dq100_10_mean_ah""], [""dq100_10_log_variance"", ""cycle10_rms_c_timeweighted"", ""dq100_10_q05_ah"", ""dq100_10_mean_ah""], [""dq100_10_log_variance"", ""cycle10_rms_c_timeweighted"", ""dq100_10_q05_ah"", ""dq100_10_mean_ah""]]",27
Voting_equal_plus_top2/repeat1/outer3/xgb/tune,xgb,plus_top2,4,"{""learning_rate"": 0.03, ""max_depth"": 3, ""min_child_weight"": 3, ""n_estimators"": 250, ""reg_lambda"": 10.0}",12.608572105941501,"[[""dq100_10_log_variance"", ""cycle10_rms_c_timeweighted"", ""dq100_10_q05_ah"", ""dq100_10_mean_ah""], [""dq100_10_log_variance"", ""cycle10_rms_c_timeweighted"", ""dq100_10_q05_ah"", ""dq100_10_mean_ah""], [""dq100_10_log_variance"", ""cycle10_rms_c_timeweighted"", ""dq100_10_q05_ah"", ""dq100_10_mean_ah""]]",27
Voting_equal_plus_top2/repeat1/outer3/xgb/tune,xgb,plus_top2,5,"{""learning_rate"": 0.07, ""max_depth"": 2, ""min_child_weight"": 3, ""n_estimators"": 100, ""reg_lambda"": 30.0}",11.937152359515277,"[[""dq100_10_log_variance"", ""cycle10_rms_c_timeweighted"", ""dq100_10_q05_ah"", ""dq100_10_mean_ah""], [""dq100_10_log_variance"", ""cycle10_rms_c_timeweighted"", ""dq100_10_q05_ah"", ""dq100_10_mean_ah""], [""dq100_10_log_variance"", ""cycle10_rms_c_timeweighted"", ""dq100_10_q05_ah"", ""dq100_10_mean_ah""]]",27
Voting_equal_plus_top2/repeat1/outer3/xgb/tune,xgb,plus_top2,6,"{""learning_rate"": 0.03, ""max_depth"": 1, ""min_child_weight"": 5, ""n_estimators"": 250, ""reg_lambda"": 10.0}",11.920566729825461,"[[""dq100_10_log_variance"", ""cycle10_rms_c_timeweighted"", ""dq100_10_q05_ah"", ""dq100_10_mean_ah""], [""dq100_10_log_variance"", ""cycle10_rms_c_timeweighted"", ""dq100_10_q05_ah"", ""dq100_10_mean_ah""], [""dq100_10_log_variance"", ""cycle10_rms_c_timeweighted"", ""dq100_10_q05_ah"", ""dq100_10_mean_ah""]]",27
Voting_equal_plus_top2/repeat1/outer3/xgb/tune,xgb,plus_top2,7,"{""learning_rate"": 0.03, ""max_depth"": 3, ""min_child_weight"": 5, ""n_estimators"": 250, ""reg_lambda"": 10.0}",12.273651337533632,"[[""dq100_10_log_variance"", ""cycle10_rms_c_timeweighted"", ""dq100_10_q05_ah"", ""dq100_10_mean_ah""], [""dq100_10_log_variance"", ""cycle10_rms_c_timeweighted"", ""dq100_10_q05_ah"", ""dq100_10_mean_ah""], [""dq100_10_log_variance"", ""cycle10_rms_c_timeweighted"", ""dq100_10_q05_ah"", ""dq100_10_mean_ah""]]",27
Voting_equal_plus_top2/repeat1/outer3/xgb/tune,xgb,plus_top2,8,"{""learning_rate"": 0.03, ""max_depth"": 2, ""min_child_weight"": 3, ""n_estimators"": 100, ""reg_lambda"": 1.0}",12.760403138147424,"[[""dq100_10_log_variance"", ""cycle10_rms_c_timeweighted"", ""dq100_10_q05_ah"", ""dq100_10_mean_ah""], [""dq100_10_log_variance"", ""cycle10_rms_c_timeweighted"", ""dq100_10_q05_ah"", ""dq100_10_mean_ah""], [""dq100_10_log_variance"", ""cycle10_rms_c_timeweighted"", ""dq100_10_q05_ah"", ""dq100_10_mean_ah""]]",27
Voting_equal_plus_top2/repeat1/outer3/xgb/tune,xgb,plus_top2,9,"{""learning_rate"": 0.07, ""max_depth"": 2, ""min_child_weight"": 5, ""n_estimators"": 100, ""reg_lambda"": 1.0}",12.895354789565614,"[[""dq100_10_log_variance"", ""cycle10_rms_c_timeweighted"", ""dq100_10_q05_ah"", ""dq100_10_mean_ah""], [""dq100_10_log_variance"", ""cycle10_rms_c_timeweighted"", ""dq100_10_q05_ah"", ""dq100_10_mean_ah""], [""dq100_10_log_variance"", ""cycle10_rms_c_timeweighted"", ""dq100_10_q05_ah"", ""dq100_10_mean_ah""]]",27
Voting_equal_plus_top2/repeat1/outer3/xgb/tune,xgb,plus_top2,10,"{""learning_rate"": 0.07, ""max_depth"": 1, ""min_child_weight"": 5, ""n_estimators"": 250, ""reg_lambda"": 30.0}",11.865425376601511,"[[""dq100_10_log_variance"", ""cycle10_rms_c_timeweighted"", ""dq100_10_q05_ah"", ""dq100_10_mean_ah""], [""dq100_10_log_variance"", ""cycle10_rms_c_timeweighted"", ""dq100_10_q05_ah"", ""dq100_10_mean_ah""], [""dq100_10_log_variance"", ""cycle10_rms_c_timeweighted"", ""dq100_10_q05_ah"", ""dq100_10_mean_ah""]]",27
Voting_equal_plus_top2/repeat1/outer3/xgb/tune,xgb,plus_top2,11,"{""learning_rate"": 0.03, ""max_depth"": 3, ""min_child_weight"": 5, ""n_estimators"": 100, ""reg_lambda"": 10.0}",11.923126015828107,"[[""dq100_10_log_variance"", ""cycle10_rms_c_timeweighted"", ""dq100_10_q05_ah"", ""dq100_10_mean_ah""], [""dq100_10_log_variance"", ""cycle10_rms_c_timeweighted"", ""dq100_10_q05_ah"", ""dq100_10_mean_ah""], [""dq100_10_log_variance"", ""cycle10_rms_c_timeweighted"", ""dq100_10_q05_ah"", ""dq100_10_mean_ah""]]",27
Voting_equal_plus_top2/repeat1/outer4/xgb/tune,xgb,plus_top2,0,"{""learning_rate"": 0.03, ""max_depth"": 1, ""min_child_weight"": 3, ""n_estimators"": 250, ""reg_lambda"": 10.0}",8.949213841383752,"[[""dq100_10_log_variance"", ""cycle10_rms_c_timeweighted"", ""dq100_10_q05_ah"", ""dq100_10_mean_ah""], [""dq100_10_log_variance"", ""cycle10_rms_c_timeweighted"", ""dq100_10_q05_ah"", ""dq100_10_mean_ah""], [""dq100_10_log_variance"", ""cycle10_rms_c_timeweighted"", ""dq100_10_q05_ah"", ""dq100_10_mean_ah""]]",29
Voting_equal_plus_top2/repeat1/outer4/xgb/tune,xgb,plus_top2,1,"{""learning_rate"": 0.07, ""max_depth"": 3, ""min_child_weight"": 3, ""n_estimators"": 100, ""reg_lambda"": 30.0}",8.958526046126563,"[[""dq100_10_log_variance"", ""cycle10_rms_c_timeweighted"", ""dq100_10_q05_ah"", ""dq100_10_mean_ah""], [""dq100_10_log_variance"", ""cycle10_rms_c_timeweighted"", ""dq100_10_q05_ah"", ""dq100_10_mean_ah""], [""dq100_10_log_variance"", ""cycle10_rms_c_timeweighted"", ""dq100_10_q05_ah"", ""dq100_10_mean_ah""]]",29
Voting_equal_plus_top2/repeat1/outer4/xgb/tune,xgb,plus_top2,2,"{""learning_rate"": 0.03, ""max_depth"": 2, ""min_child_weight"": 5, ""n_estimators"": 100, ""reg_lambda"": 1.0}",9.108356037423226,"[[""dq100_10_log_variance"", ""cycle10_rms_c_timeweighted"", ""dq100_10_q05_ah"", ""dq100_10_mean_ah""], [""dq100_10_log_variance"", ""cycle10_rms_c_timeweighted"", ""dq100_10_q05_ah"", ""dq100_10_mean_ah""], [""dq100_10_log_variance"", ""cycle10_rms_c_timeweighted"", ""dq100_10_q05_ah"", ""dq100_10_mean_ah""]]",29
Voting_equal_plus_top2/repeat1/outer4/xgb/tune,xgb,plus_top2,3,"{""learning_rate"": 0.03, ""max_depth"": 1, ""min_child_weight"": 3, ""n_estimators"": 100, ""reg_lambda"": 1.0}",9.08302163399301,"[[""dq100_10_log_variance"", ""cycle10_rms_c_timeweighted"", ""dq100_10_q05_ah"", ""dq100_10_mean_ah""], [""dq100_10_log_variance"", ""cycle10_rms_c_timeweighted"", ""dq100_10_q05_ah"", ""dq100_10_mean_ah""], [""dq100_10_log_variance"", ""cycle10_rms_c_timeweighted"", ""dq100_10_q05_ah"", ""dq100_10_mean_ah""]]",29
Voting_equal_plus_top2/repeat1/outer4/xgb/tune,xgb,plus_top2,4,"{""learning_rate"": 0.03, ""max_depth"": 3, ""min_child_weight"": 3, ""n_estimators"": 250, ""reg_lambda"": 10.0}",8.727596268825263,"[[""dq100_10_log_variance"", ""cycle10_rms_c_timeweighted"", ""dq100_10_q05_ah"", ""dq100_10_mean_ah""], [""dq100_10_log_variance"", ""cycle10_rms_c_timeweighted"", ""dq100_10_q05_ah"", ""dq100_10_mean_ah""], [""dq100_10_log_variance"", ""cycle10_rms_c_timeweighted"", ""dq100_10_q05_ah"", ""dq100_10_mean_ah""]]",29
Voting_equal_plus_top2/repeat1/outer4/xgb/tune,xgb,plus_top2,5,"{""learning_rate"": 0.07, ""max_depth"": 2, ""min_child_weight"": 3, ""n_estimators"": 100, ""reg_lambda"": 30.0}",8.928717753945303,"[[""dq100_10_log_variance"", ""cycle10_rms_c_timeweighted"", ""dq100_10_q05_ah"", ""dq100_10_mean_ah""], [""dq100_10_log_variance"", ""cycle10_rms_c_timeweighted"", ""dq100_10_q05_ah"", ""dq100_10_mean_ah""], [""dq100_10_log_variance"", ""cycle10_rms_c_timeweighted"", ""dq100_10_q05_ah"", ""dq100_10_mean_ah""]]",29
Voting_equal_plus_top2/repeat1/outer4/xgb/tune,xgb,plus_top2,6,"{""learning_rate"": 0.03, ""max_depth"": 1, ""min_child_weight"": 5, ""n_estimators"": 250, ""reg_lambda"": 10.0}",9.12909162917403,"[[""dq100_10_log_variance"", ""cycle10_rms_c_timeweighted"", ""dq100_10_q05_ah"", ""dq100_10_mean_ah""], [""dq100_10_log_variance"", ""cycle10_rms_c_timeweighted"", ""dq100_10_q05_ah"", ""dq100_10_mean_ah""], [""dq100_10_log_variance"", ""cycle10_rms_c_timeweighted"", ""dq100_10_q05_ah"", ""dq100_10_mean_ah""]]",29
Voting_equal_plus_top2/repeat1/outer4/xgb/tune,xgb,plus_top2,7,"{""learning_rate"": 0.03, ""max_depth"": 3, ""min_child_weight"": 5, ""n_estimators"": 250, ""reg_lambda"": 10.0}",9.019191812837208,"[[""dq100_10_log_variance"", ""cycle10_rms_c_timeweighted"", ""dq100_10_q05_ah"", ""dq100_10_mean_ah""], [""dq100_10_log_variance"", ""cycle10_rms_c_timeweighted"", ""dq100_10_q05_ah"", ""dq100_10_mean_ah""], [""dq100_10_log_variance"", ""cycle10_rms_c_timeweighted"", ""dq100_10_q05_ah"", ""dq100_10_mean_ah""]]",29
Voting_equal_plus_top2/repeat1/outer4/xgb/tune,xgb,plus_top2,8,"{""learning_rate"": 0.03, ""max_depth"": 2, ""min_child_weight"": 3, ""n_estimators"": 100, ""reg_lambda"": 1.0}",8.521154807270035,"[[""dq100_10_log_variance"", ""cycle10_rms_c_timeweighted"", ""dq100_10_q05_ah"", ""dq100_10_mean_ah""], [""dq100_10_log_variance"", ""cycle10_rms_c_timeweighted"", ""dq100_10_q05_ah"", ""dq100_10_mean_ah""], [""dq100_10_log_variance"", ""cycle10_rms_c_timeweighted"", ""dq100_10_q05_ah"", ""dq100_10_mean_ah""]]",29
Voting_equal_plus_top2/repeat1/outer4/xgb/tune,xgb,plus_top2,9,"{""learning_rate"": 0.07, ""max_depth"": 2, ""min_child_weight"": 5, ""n_estimators"": 100, ""reg_lambda"": 1.0}",9.487628889793855,"[[""dq100_10_log_variance"", ""cycle10_rms_c_timeweighted"", ""dq100_10_q05_ah"", ""dq100_10_mean_ah""], [""dq100_10_log_variance"", ""cycle10_rms_c_timeweighted"", ""dq100_10_q05_ah"", ""dq100_10_mean_ah""], [""dq100_10_log_variance"", ""cycle10_rms_c_timeweighted"", ""dq100_10_q05_ah"", ""dq100_10_mean_ah""]]",29
Voting_equal_plus_top2/repeat1/outer4/xgb/tune,xgb,plus_top2,10,"{""learning_rate"": 0.07, ""max_depth"": 1, ""min_child_weight"": 5, ""n_estimators"": 250, ""reg_lambda"": 30.0}",9.134415624459185,"[[""dq100_10_log_variance"", ""cycle10_rms_c_timeweighted"", ""dq100_10_q05_ah"", ""dq100_10_mean_ah""], [""dq100_10_log_variance"", ""cycle10_rms_c_timeweighted"", ""dq100_10_q05_ah"", ""dq100_10_mean_ah""], [""dq100_10_log_variance"", ""cycle10_rms_c_timeweighted"", ""dq100_10_q05_ah"", ""dq100_10_mean_ah""]]",29
Voting_equal_plus_top2/repeat1/outer4/xgb/tune,xgb,plus_top2,11,"{""learning_rate"": 0.03, ""max_depth"": 3, ""min_child_weight"": 5, ""n_estimators"": 100, ""reg_lambda"": 10.0}",9.1097931764403,"[[""dq100_10_log_variance"", ""cycle10_rms_c_timeweighted"", ""dq100_10_q05_ah"", ""dq100_10_mean_ah""], [""dq100_10_log_variance"", ""cycle10_rms_c_timeweighted"", ""dq100_10_q05_ah"", ""dq100_10_mean_ah""], [""dq100_10_log_variance"", ""cycle10_rms_c_timeweighted"", ""dq100_10_q05_ah"", ""dq100_10_mean_ah""]]",29
Voting_equal_plus_top2/repeat1/outer5/xgb/tune,xgb,plus_top2,0,"{""learning_rate"": 0.03, ""max_depth"": 1, ""min_child_weight"": 3, ""n_estimators"": 250, ""reg_lambda"": 10.0}",9.730248911333476,"[[""dq100_10_log_variance"", ""cycle10_rms_c_timeweighted"", ""dq100_10_q05_ah"", ""dq100_10_mean_ah""], [""dq100_10_log_variance"", ""cycle10_rms_c_timeweighted"", ""dq100_10_q05_ah"", ""dq100_10_mean_ah""], [""dq100_10_log_variance"", ""cycle10_rms_c_timeweighted"", ""dq100_10_q05_ah"", ""dq100_10_mean_ah""]]",29
Voting_equal_plus_top2/repeat1/outer5/xgb/tune,xgb,plus_top2,1,"{""learning_rate"": 0.07, ""max_depth"": 3, ""min_child_weight"": 3, ""n_estimators"": 100, ""reg_lambda"": 30.0}",11.320778467774817,"[[""dq100_10_log_variance"", ""cycle10_rms_c_timeweighted"", ""dq100_10_q05_ah"", ""dq100_10_mean_ah""], [""dq100_10_log_variance"", ""cycle10_rms_c_timeweighted"", ""dq100_10_q05_ah"", ""dq100_10_mean_ah""], [""dq100_10_log_variance"", ""cycle10_rms_c_timeweighted"", ""dq100_10_q05_ah"", ""dq100_10_mean_ah""]]",29
Voting_equal_plus_top2/repeat1/outer5/xgb/tune,xgb,plus_top2,2,"{""learning_rate"": 0.03, ""max_depth"": 2, ""min_child_weight"": 5, ""n_estimators"": 100, ""reg_lambda"": 1.0}",8.264876975413035,"[[""dq100_10_log_variance"", ""cycle10_rms_c_timeweighted"", ""dq100_10_q05_ah"", ""dq100_10_mean_ah""], [""dq100_10_log_variance"", ""cycle10_rms_c_timeweighted"", ""dq100_10_q05_ah"", ""dq100_10_mean_ah""], [""dq100_10_log_variance"", ""cycle10_rms_c_timeweighted"", ""dq100_10_q05_ah"", ""dq100_10_mean_ah""]]",29
Voting_equal_plus_top2/repeat1/outer5/xgb/tune,xgb,plus_top2,3,"{""learning_rate"": 0.03, ""max_depth"": 1, ""min_child_weight"": 3, ""n_estimators"": 100, ""reg_lambda"": 1.0}",10.233307919597081,"[[""dq100_10_log_variance"", ""cycle10_rms_c_timeweighted"", ""dq100_10_q05_ah"", ""dq100_10_mean_ah""], [""dq100_10_log_variance"", ""cycle10_rms_c_timeweighted"", ""dq100_10_q05_ah"", ""dq100_10_mean_ah""], [""dq100_10_log_variance"", ""cycle10_rms_c_timeweighted"", ""dq100_10_q05_ah"", ""dq100_10_mean_ah""]]",29
Voting_equal_plus_top2/repeat1/outer5/xgb/tune,xgb,plus_top2,4,"{""learning_rate"": 0.03, ""max_depth"": 3, ""min_child_weight"": 3, ""n_estimators"": 250, ""reg_lambda"": 10.0}",10.399004780107102,"[[""dq100_10_log_variance"", ""cycle10_rms_c_timeweighted"", ""dq100_10_q05_ah"", ""dq100_10_mean_ah""], [""dq100_10_log_variance"", ""cycle10_rms_c_timeweighted"", ""dq100_10_q05_ah"", ""dq100_10_mean_ah""], [""dq100_10_log_variance"", ""cycle10_rms_c_timeweighted"", ""dq100_10_q05_ah"", ""dq100_10_mean_ah""]]",29
Voting_equal_plus_top2/repeat1/outer5/xgb/tune,xgb,plus_top2,5,"{""learning_rate"": 0.07, ""max_depth"": 2, ""min_child_weight"": 3, ""n_estimators"": 100, ""reg_lambda"": 30.0}",11.298255861284442,"[[""dq100_10_log_variance"", ""cycle10_rms_c_timeweighted"", ""dq100_10_q05_ah"", ""dq100_10_mean_ah""], [""dq100_10_log_variance"", ""cycle10_rms_c_timeweighted"", ""dq100_10_q05_ah"", ""dq100_10_mean_ah""], [""dq100_10_log_variance"", ""cycle10_rms_c_timeweighted"", ""dq100_10_q05_ah"", ""dq100_10_mean_ah""]]",29
Voting_equal_plus_top2/repeat1/outer5/xgb/tune,xgb,plus_top2,6,"{""learning_rate"": 0.03, ""max_depth"": 1, ""min_child_weight"": 5, ""n_estimators"": 250, ""reg_lambda"": 10.0}",8.700486932696727,"[[""dq100_10_log_variance"", ""cycle10_rms_c_timeweighted"", ""dq100_10_q05_ah"", ""dq100_10_mean_ah""], [""dq100_10_log_variance"", ""cycle10_rms_c_timeweighted"", ""dq100_10_q05_ah"", ""dq100_10_mean_ah""], [""dq100_10_log_variance"", ""cycle10_rms_c_timeweighted"", ""dq100_10_q05_ah"", ""dq100_10_mean_ah""]]",29
Voting_equal_plus_top2/repeat1/outer5/xgb/tune,xgb,plus_top2,7,"{""learning_rate"": 0.03, ""max_depth"": 3, ""min_child_weight"": 5, ""n_estimators"": 250, ""reg_lambda"": 10.0}",8.368731507284837,"[[""dq100_10_log_variance"", ""cycle10_rms_c_timeweighted"", ""dq100_10_q05_ah"", ""dq100_10_mean_ah""], [""dq100_10_log_variance"", ""cycle10_rms_c_timeweighted"", ""dq100_10_q05_ah"", ""dq100_10_mean_ah""], [""dq100_10_log_variance"", ""cycle10_rms_c_timeweighted"", ""dq100_10_q05_ah"", ""dq100_10_mean_ah""]]",29
Voting_equal_plus_top2/repeat1/outer5/xgb/tune,xgb,plus_top2,8,"{""learning_rate"": 0.03, ""max_depth"": 2, ""min_child_weight"": 3, ""n_estimators"": 100, ""reg_lambda"": 1.0}",10.188543160187411,"[[""dq100_10_log_variance"", ""cycle10_rms_c_timeweighted"", ""dq100_10_q05_ah"", ""dq100_10_mean_ah""], [""dq100_10_log_variance"", ""cycle10_rms_c_timeweighted"", ""dq100_10_q05_ah"", ""dq100_10_mean_ah""], [""dq100_10_log_variance"", ""cycle10_rms_c_timeweighted"", ""dq100_10_q05_ah"", ""dq100_10_mean_ah""]]",29
Voting_equal_plus_top2/repeat1/outer5/xgb/tune,xgb,plus_top2,9,"{""learning_rate"": 0.07, ""max_depth"": 2, ""min_child_weight"": 5, ""n_estimators"": 100, ""reg_lambda"": 1.0}",8.263535008061892,"[[""dq100_10_log_variance"", ""cycle10_rms_c_timeweighted"", ""dq100_10_q05_ah"", ""dq100_10_mean_ah""], [""dq100_10_log_variance"", ""cycle10_rms_c_timeweighted"", ""dq100_10_q05_ah"", ""dq100_10_mean_ah""], [""dq100_10_log_variance"", ""cycle10_rms_c_timeweighted"", ""dq100_10_q05_ah"", ""dq100_10_mean_ah""]]",29
Voting_equal_plus_top2/repeat1/outer5/xgb/tune,xgb,plus_top2,10,"{""learning_rate"": 0.07, ""max_depth"": 1, ""min_child_weight"": 5, ""n_estimators"": 250, ""reg_lambda"": 30.0}",8.629647984315692,"[[""dq100_10_log_variance"", ""cycle10_rms_c_timeweighted"", ""dq100_10_q05_ah"", ""dq100_10_mean_ah""], [""dq100_10_log_variance"", ""cycle10_rms_c_timeweighted"", ""dq100_10_q05_ah"", ""dq100_10_mean_ah""], [""dq100_10_log_variance"", ""cycle10_rms_c_timeweighted"", ""dq100_10_q05_ah"", ""dq100_10_mean_ah""]]",29
Voting_equal_plus_top2/repeat1/outer5/xgb/tune,xgb,plus_top2,11,"{""learning_rate"": 0.03, ""max_depth"": 3, ""min_child_weight"": 5, ""n_estimators"": 100, ""reg_lambda"": 10.0}",10.409717180386023,"[[""dq100_10_log_variance"", ""cycle10_rms_c_timeweighted"", ""dq100_10_q05_ah"", ""dq100_10_mean_ah""], [""dq100_10_log_variance"", ""cycle10_rms_c_timeweighted"", ""dq100_10_q05_ah"", ""dq100_10_mean_ah""], [""dq100_10_log_variance"", ""cycle10_rms_c_timeweighted"", ""dq100_10_q05_ah"", ""dq100_10_mean_ah""]]",29
Voting_equal_plus_top2/repeat2/outer1/xgb/tune,xgb,plus_top2,0,"{""learning_rate"": 0.03, ""max_depth"": 1, ""min_child_weight"": 3, ""n_estimators"": 250, ""reg_lambda"": 10.0}",12.65195844312352,"[[""dq100_10_log_variance"", ""cycle10_rms_c_timeweighted"", ""dq100_10_q05_ah"", ""dq100_10_mean_ah""], [""dq100_10_log_variance"", ""cycle10_rms_c_timeweighted"", ""dq100_10_q05_ah"", ""dq100_10_mean_ah""], [""dq100_10_log_variance"", ""cycle10_rms_c_timeweighted"", ""dq100_10_q05_ah"", ""dq100_10_mean_ah""]]",27
Voting_equal_plus_top2/repeat2/outer1/xgb/tune,xgb,plus_top2,1,"{""learning_rate"": 0.07, ""max_depth"": 3, ""min_child_weight"": 3, ""n_estimators"": 100, ""reg_lambda"": 30.0}",15.252567779053678,"[[""dq100_10_log_variance"", ""cycle10_rms_c_timeweighted"", ""dq100_10_q05_ah"", ""dq100_10_mean_ah""], [""dq100_10_log_variance"", ""cycle10_rms_c_timeweighted"", ""dq100_10_q05_ah"", ""dq100_10_mean_ah""], [""dq100_10_log_variance"", ""cycle10_rms_c_timeweighted"", ""dq100_10_q05_ah"", ""dq100_10_mean_ah""]]",27
Voting_equal_plus_top2/repeat2/outer1/xgb/tune,xgb,plus_top2,2,"{""learning_rate"": 0.03, ""max_depth"": 2, ""min_child_weight"": 5, ""n_estimators"": 100, ""reg_lambda"": 1.0}",13.563923211172895,"[[""dq100_10_log_variance"", ""cycle10_rms_c_timeweighted"", ""dq100_10_q05_ah"", ""dq100_10_mean_ah""], [""dq100_10_log_variance"", ""cycle10_rms_c_timeweighted"", ""dq100_10_q05_ah"", ""dq100_10_mean_ah""], [""dq100_10_log_variance"", ""cycle10_rms_c_timeweighted"", ""dq100_10_q05_ah"", ""dq100_10_mean_ah""]]",27
Voting_equal_plus_top2/repeat2/outer1/xgb/tune,xgb,plus_top2,3,"{""learning_rate"": 0.03, ""max_depth"": 1, ""min_child_weight"": 3, ""n_estimators"": 100, ""reg_lambda"": 1.0}",12.292599072424045,"[[""dq100_10_log_variance"", ""cycle10_rms_c_timeweighted"", ""dq100_10_q05_ah"", ""dq100_10_mean_ah""], [""dq100_10_log_variance"", ""cycle10_rms_c_timeweighted"", ""dq100_10_q05_ah"", ""dq100_10_mean_ah""], [""dq100_10_log_variance"", ""cycle10_rms_c_timeweighted"", ""dq100_10_q05_ah"", ""dq100_10_mean_ah""]]",27
Voting_equal_plus_top2/repeat2/outer1/xgb/tune,xgb,plus_top2,4,"{""learning_rate"": 0.03, ""max_depth"": 3, ""min_child_weight"": 3, ""n_estimators"": 250, ""reg_lambda"": 10.0}",12.979074333163698,"[[""dq100_10_log_variance"", ""cycle10_rms_c_timeweighted"", ""dq100_10_q05_ah"", ""dq100_10_mean_ah""], [""dq100_10_log_variance"", ""cycle10_rms_c_timeweighted"", ""dq100_10_q05_ah"", ""dq100_10_mean_ah""], [""dq100_10_log_variance"", ""cycle10_rms_c_timeweighted"", ""dq100_10_q05_ah"", ""dq100_10_mean_ah""]]",27
Voting_equal_plus_top2/repeat2/outer1/xgb/tune,xgb,plus_top2,5,"{""learning_rate"": 0.07, ""max_depth"": 2, ""min_child_weight"": 3, ""n_estimators"": 100, ""reg_lambda"": 30.0}",15.038104244974068,"[[""dq100_10_log_variance"", ""cycle10_rms_c_timeweighted"", ""dq100_10_q05_ah"", ""dq100_10_mean_ah""], [""dq100_10_log_variance"", ""cycle10_rms_c_timeweighted"", ""dq100_10_q05_ah"", ""dq100_10_mean_ah""], [""dq100_10_log_variance"", ""cycle10_rms_c_timeweighted"", ""dq100_10_q05_ah"", ""dq100_10_mean_ah""]]",27
Voting_equal_plus_top2/repeat2/outer1/xgb/tune,xgb,plus_top2,6,"{""learning_rate"": 0.03, ""max_depth"": 1, ""min_child_weight"": 5, ""n_estimators"": 250, ""reg_lambda"": 10.0}",13.369041202599677,"[[""dq100_10_log_variance"", ""cycle10_rms_c_timeweighted"", ""dq100_10_q05_ah"", ""dq100_10_mean_ah""], [""dq100_10_log_variance"", ""cycle10_rms_c_timeweighted"", ""dq100_10_q05_ah"", ""dq100_10_mean_ah""], [""dq100_10_log_variance"", ""cycle10_rms_c_timeweighted"", ""dq100_10_q05_ah"", ""dq100_10_mean_ah""]]",27
Voting_equal_plus_top2/repeat2/outer1/xgb/tune,xgb,plus_top2,7,"{""learning_rate"": 0.03, ""max_depth"": 3, ""min_child_weight"": 5, ""n_estimators"": 250, ""reg_lambda"": 10.0}",13.525350913133705,"[[""dq100_10_log_variance"", ""cycle10_rms_c_timeweighted"", ""dq100_10_q05_ah"", ""dq100_10_mean_ah""], [""dq100_10_log_variance"", ""cycle10_rms_c_timeweighted"", ""dq100_10_q05_ah"", ""dq100_10_mean_ah""], [""dq100_10_log_variance"", ""cycle10_rms_c_timeweighted"", ""dq100_10_q05_ah"", ""dq100_10_mean_ah""]]",27
Voting_equal_plus_top2/repeat2/outer1/xgb/tune,xgb,plus_top2,8,"{""learning_rate"": 0.03, ""max_depth"": 2, ""min_child_weight"": 3, ""n_estimators"": 100, ""reg_lambda"": 1.0}",11.89920758315858,"[[""dq100_10_log_variance"", ""cycle10_rms_c_timeweighted"", ""dq100_10_q05_ah"", ""dq100_10_mean_ah""], [""dq100_10_log_variance"", ""cycle10_rms_c_timeweighted"", ""dq100_10_q05_ah"", ""dq100_10_mean_ah""], [""dq100_10_log_variance"", ""cycle10_rms_c_timeweighted"", ""dq100_10_q05_ah"", ""dq100_10_mean_ah""]]",27
Voting_equal_plus_top2/repeat2/outer1/xgb/tune,xgb,plus_top2,9,"{""learning_rate"": 0.07, ""max_depth"": 2, ""min_child_weight"": 5, ""n_estimators"": 100, ""reg_lambda"": 1.0}",13.580331325114223,"[[""dq100_10_log_variance"", ""cycle10_rms_c_timeweighted"", ""dq100_10_q05_ah"", ""dq100_10_mean_ah""], [""dq100_10_log_variance"", ""cycle10_rms_c_timeweighted"", ""dq100_10_q05_ah"", ""dq100_10_mean_ah""], [""dq100_10_log_variance"", ""cycle10_rms_c_timeweighted"", ""dq100_10_q05_ah"", ""dq100_10_mean_ah""]]",27
Voting_equal_plus_top2/repeat2/outer1/xgb/tune,xgb,plus_top2,10,"{""learning_rate"": 0.07, ""max_depth"": 1, ""min_child_weight"": 5, ""n_estimators"": 250, ""reg_lambda"": 30.0}",13.285812510672582,"[[""dq100_10_log_variance"", ""cycle10_rms_c_timeweighted"", ""dq100_10_q05_ah"", ""dq100_10_mean_ah""], [""dq100_10_log_variance"", ""cycle10_rms_c_timeweighted"", ""dq100_10_q05_ah"", ""dq100_10_mean_ah""], [""dq100_10_log_variance"", ""cycle10_rms_c_timeweighted"", ""dq100_10_q05_ah"", ""dq100_10_mean_ah""]]",27
Voting_equal_plus_top2/repeat2/outer1/xgb/tune,xgb,plus_top2,11,"{""learning_rate"": 0.03, ""max_depth"": 3, ""min_child_weight"": 5, ""n_estimators"": 100, ""reg_lambda"": 10.0}",15.40044058088369,"[[""dq100_10_log_variance"", ""cycle10_rms_c_timeweighted"", ""dq100_10_q05_ah"", ""dq100_10_mean_ah""], [""dq100_10_log_variance"", ""cycle10_rms_c_timeweighted"", ""dq100_10_q05_ah"", ""dq100_10_mean_ah""], [""dq100_10_log_variance"", ""cycle10_rms_c_timeweighted"", ""dq100_10_q05_ah"", ""dq100_10_mean_ah""]]",27
Voting_equal_plus_top2/repeat2/outer2/xgb/tune,xgb,plus_top2,0,"{""learning_rate"": 0.03, ""max_depth"": 1, ""min_child_weight"": 3, ""n_estimators"": 250, ""reg_lambda"": 10.0}",9.733455060070236,"[[""dq100_10_log_variance"", ""cycle10_rms_c_timeweighted"", ""dq100_10_q05_ah"", ""dq100_10_mean_ah""], [""dq100_10_log_variance"", ""cycle10_rms_c_timeweighted"", ""dq100_10_q05_ah"", ""dq100_10_mean_ah""], [""dq100_10_log_variance"", ""cycle10_rms_c_timeweighted"", ""dq100_10_q05_ah"", ""dq100_10_mean_ah""]]",28
Voting_equal_plus_top2/repeat2/outer2/xgb/tune,xgb,plus_top2,1,"{""learning_rate"": 0.07, ""max_depth"": 3, ""min_child_weight"": 3, ""n_estimators"": 100, ""reg_lambda"": 30.0}",10.39788205082993,"[[""dq100_10_log_variance"", ""cycle10_rms_c_timeweighted"", ""dq100_10_q05_ah"", ""dq100_10_mean_ah""], [""dq100_10_log_variance"", ""cycle10_rms_c_timeweighted"", ""dq100_10_q05_ah"", ""dq100_10_mean_ah""], [""dq100_10_log_variance"", ""cycle10_rms_c_timeweighted"", ""dq100_10_q05_ah"", ""dq100_10_mean_ah""]]",28
Voting_equal_plus_top2/repeat2/outer2/xgb/tune,xgb,plus_top2,2,"{""learning_rate"": 0.03, ""max_depth"": 2, ""min_child_weight"": 5, ""n_estimators"": 100, ""reg_lambda"": 1.0}",10.04483246887302,"[[""dq100_10_log_variance"", ""cycle10_rms_c_timeweighted"", ""dq100_10_q05_ah"", ""dq100_10_mean_ah""], [""dq100_10_log_variance"", ""cycle10_rms_c_timeweighted"", ""dq100_10_q05_ah"", ""dq100_10_mean_ah""], [""dq100_10_log_variance"", ""cycle10_rms_c_timeweighted"", ""dq100_10_q05_ah"", ""dq100_10_mean_ah""]]",28
Voting_equal_plus_top2/repeat2/outer2/xgb/tune,xgb,plus_top2,3,"{""learning_rate"": 0.03, ""max_depth"": 1, ""min_child_weight"": 3, ""n_estimators"": 100, ""reg_lambda"": 1.0}",9.466378864483557,"[[""dq100_10_log_variance"", ""cycle10_rms_c_timeweighted"", ""dq100_10_q05_ah"", ""dq100_10_mean_ah""], [""dq100_10_log_variance"", ""cycle10_rms_c_timeweighted"", ""dq100_10_q05_ah"", ""dq100_10_mean_ah""], [""dq100_10_log_variance"", ""cycle10_rms_c_timeweighted"", ""dq100_10_q05_ah"", ""dq100_10_mean_ah""]]",28
Voting_equal_plus_top2/repeat2/outer2/xgb/tune,xgb,plus_top2,4,"{""learning_rate"": 0.03, ""max_depth"": 3, ""min_child_weight"": 3, ""n_estimators"": 250, ""reg_lambda"": 10.0}",9.759527541981997,"[[""dq100_10_log_variance"", ""cycle10_rms_c_timeweighted"", ""dq100_10_q05_ah"", ""dq100_10_mean_ah""], [""dq100_10_log_variance"", ""cycle10_rms_c_timeweighted"", ""dq100_10_q05_ah"", ""dq100_10_mean_ah""], [""dq100_10_log_variance"", ""cycle10_rms_c_timeweighted"", ""dq100_10_q05_ah"", ""dq100_10_mean_ah""]]",28
Voting_equal_plus_top2/repeat2/outer2/xgb/tune,xgb,plus_top2,5,"{""learning_rate"": 0.07, ""max_depth"": 2, ""min_child_weight"": 3, ""n_estimators"": 100, ""reg_lambda"": 30.0}",10.298258386940649,"[[""dq100_10_log_variance"", ""cycle10_rms_c_timeweighted"", ""dq100_10_q05_ah"", ""dq100_10_mean_ah""], [""dq100_10_log_variance"", ""cycle10_rms_c_timeweighted"", ""dq100_10_q05_ah"", ""dq100_10_mean_ah""], [""dq100_10_log_variance"", ""cycle10_rms_c_timeweighted"", ""dq100_10_q05_ah"", ""dq100_10_mean_ah""]]",28
Voting_equal_plus_top2/repeat2/outer2/xgb/tune,xgb,plus_top2,6,"{""learning_rate"": 0.03, ""max_depth"": 1, ""min_child_weight"": 5, ""n_estimators"": 250, ""reg_lambda"": 10.0}",10.176607519639006,"[[""dq100_10_log_variance"", ""cycle10_rms_c_timeweighted"", ""dq100_10_q05_ah"", ""dq100_10_mean_ah""], [""dq100_10_log_variance"", ""cycle10_rms_c_timeweighted"", ""dq100_10_q05_ah"", ""dq100_10_mean_ah""], [""dq100_10_log_variance"", ""cycle10_rms_c_timeweighted"", ""dq100_10_q05_ah"", ""dq100_10_mean_ah""]]",28
Voting_equal_plus_top2/repeat2/outer2/xgb/tune,xgb,plus_top2,7,"{""learning_rate"": 0.03, ""max_depth"": 3, ""min_child_weight"": 5, ""n_estimators"": 250, ""reg_lambda"": 10.0}",10.1937940791965,"[[""dq100_10_log_variance"", ""cycle10_rms_c_timeweighted"", ""dq100_10_q05_ah"", ""dq100_10_mean_ah""], [""dq100_10_log_variance"", ""cycle10_rms_c_timeweighted"", ""dq100_10_q05_ah"", ""dq100_10_mean_ah""], [""dq100_10_log_variance"", ""cycle10_rms_c_timeweighted"", ""dq100_10_q05_ah"", ""dq100_10_mean_ah""]]",28
Voting_equal_plus_top2/repeat2/outer2/xgb/tune,xgb,plus_top2,8,"{""learning_rate"": 0.03, ""max_depth"": 2, ""min_child_weight"": 3, ""n_estimators"": 100, ""reg_lambda"": 1.0}",9.73699861589683,"[[""dq100_10_log_variance"", ""cycle10_rms_c_timeweighted"", ""dq100_10_q05_ah"", ""dq100_10_mean_ah""], [""dq100_10_log_variance"", ""cycle10_rms_c_timeweighted"", ""dq100_10_q05_ah"", ""dq100_10_mean_ah""], [""dq100_10_log_variance"", ""cycle10_rms_c_timeweighted"", ""dq100_10_q05_ah"", ""dq100_10_mean_ah""]]",28
Voting_equal_plus_top2/repeat2/outer2/xgb/tune,xgb,plus_top2,9,"{""learning_rate"": 0.07, ""max_depth"": 2, ""min_child_weight"": 5, ""n_estimators"": 100, ""reg_lambda"": 1.0}",10.466632337502773,"[[""dq100_10_log_variance"", ""cycle10_rms_c_timeweighted"", ""dq100_10_q05_ah"", ""dq100_10_mean_ah""], [""dq100_10_log_variance"", ""cycle10_rms_c_timeweighted"", ""dq100_10_q05_ah"", ""dq100_10_mean_ah""], [""dq100_10_log_variance"", ""cycle10_rms_c_timeweighted"", ""dq100_10_q05_ah"", ""dq100_10_mean_ah""]]",28
Voting_equal_plus_top2/repeat2/outer2/xgb/tune,xgb,plus_top2,10,"{""learning_rate"": 0.07, ""max_depth"": 1, ""min_child_weight"": 5, ""n_estimators"": 250, ""reg_lambda"": 30.0}",10.145545097895095,"[[""dq100_10_log_variance"", ""cycle10_rms_c_timeweighted"", ""dq100_10_q05_ah"", ""dq100_10_mean_ah""], [""dq100_10_log_variance"", ""cycle10_rms_c_timeweighted"", ""dq100_10_q05_ah"", ""dq100_10_mean_ah""], [""dq100_10_log_variance"", ""cycle10_rms_c_timeweighted"", ""dq100_10_q05_ah"", ""dq100_10_mean_ah""]]",28
Voting_equal_plus_top2/repeat2/outer2/xgb/tune,xgb,plus_top2,11,"{""learning_rate"": 0.03, ""max_depth"": 3, ""min_child_weight"": 5, ""n_estimators"": 100, ""reg_lambda"": 10.0}",10.661681903350528,"[[""dq100_10_log_variance"", ""cycle10_rms_c_timeweighted"", ""dq100_10_q05_ah"", ""dq100_10_mean_ah""], [""dq100_10_log_variance"", ""cycle10_rms_c_timeweighted"", ""dq100_10_q05_ah"", ""dq100_10_mean_ah""], [""dq100_10_log_variance"", ""cycle10_rms_c_timeweighted"", ""dq100_10_q05_ah"", ""dq100_10_mean_ah""]]",28
Voting_equal_plus_top2/repeat2/outer3/xgb/tune,xgb,plus_top2,0,"{""learning_rate"": 0.03, ""max_depth"": 1, ""min_child_weight"": 3, ""n_estimators"": 250, ""reg_lambda"": 10.0}",10.514784493830442,"[[""dq100_10_log_variance"", ""cycle10_rms_c_timeweighted"", ""dq100_10_q05_ah"", ""dq100_10_mean_ah""], [""dq100_10_log_variance"", ""cycle10_rms_c_timeweighted"", ""dq100_10_q05_ah"", ""dq100_10_mean_ah""], [""dq100_10_log_variance"", ""cycle10_rms_c_timeweighted"", ""dq100_10_q05_ah"", ""dq100_10_mean_ah""]]",27
Voting_equal_plus_top2/repeat2/outer3/xgb/tune,xgb,plus_top2,1,"{""learning_rate"": 0.07, ""max_depth"": 3, ""min_child_weight"": 3, ""n_estimators"": 100, ""reg_lambda"": 30.0}",10.978788820965994,"[[""dq100_10_log_variance"", ""cycle10_rms_c_timeweighted"", ""dq100_10_q05_ah"", ""dq100_10_mean_ah""], [""dq100_10_log_variance"", ""cycle10_rms_c_timeweighted"", ""dq100_10_q05_ah"", ""dq100_10_mean_ah""], [""dq100_10_log_variance"", ""cycle10_rms_c_timeweighted"", ""dq100_10_q05_ah"", ""dq100_10_mean_ah""]]",27
Voting_equal_plus_top2/repeat2/outer3/xgb/tune,xgb,plus_top2,2,"{""learning_rate"": 0.03, ""max_depth"": 2, ""min_child_weight"": 5, ""n_estimators"": 100, ""reg_lambda"": 1.0}",11.492091299579958,"[[""dq100_10_log_variance"", ""cycle10_rms_c_timeweighted"", ""dq100_10_q05_ah"", ""dq100_10_mean_ah""], [""dq100_10_log_variance"", ""cycle10_rms_c_timeweighted"", ""dq100_10_q05_ah"", ""dq100_10_mean_ah""], [""dq100_10_log_variance"", ""cycle10_rms_c_timeweighted"", ""dq100_10_q05_ah"", ""dq100_10_mean_ah""]]",27
Voting_equal_plus_top2/repeat2/outer3/xgb/tune,xgb,plus_top2,3,"{""learning_rate"": 0.03, ""max_depth"": 1, ""min_child_weight"": 3, ""n_estimators"": 100, ""reg_lambda"": 1.0}",10.498580280829435,"[[""dq100_10_log_variance"", ""cycle10_rms_c_timeweighted"", ""dq100_10_q05_ah"", ""dq100_10_mean_ah""], [""dq100_10_log_variance"", ""cycle10_rms_c_timeweighted"", ""dq100_10_q05_ah"", ""dq100_10_mean_ah""], [""dq100_10_log_variance"", ""cycle10_rms_c_timeweighted"", ""dq100_10_q05_ah"", ""dq100_10_mean_ah""]]",27
Voting_equal_plus_top2/repeat2/outer3/xgb/tune,xgb,plus_top2,4,"{""learning_rate"": 0.03, ""max_depth"": 3, ""min_child_weight"": 3, ""n_estimators"": 250, ""reg_lambda"": 10.0}",9.73261145246993,"[[""dq100_10_log_variance"", ""cycle10_rms_c_timeweighted"", ""dq100_10_q05_ah"", ""dq100_10_mean_ah""], [""dq100_10_log_variance"", ""cycle10_rms_c_timeweighted"", ""dq100_10_q05_ah"", ""dq100_10_mean_ah""], [""dq100_10_log_variance"", ""cycle10_rms_c_timeweighted"", ""dq100_10_q05_ah"", ""dq100_10_mean_ah""]]",27
Voting_equal_plus_top2/repeat2/outer3/xgb/tune,xgb,plus_top2,5,"{""learning_rate"": 0.07, ""max_depth"": 2, ""min_child_weight"": 3, ""n_estimators"": 100, ""reg_lambda"": 30.0}",10.9928018579345,"[[""dq100_10_log_variance"", ""cycle10_rms_c_timeweighted"", ""dq100_10_q05_ah"", ""dq100_10_mean_ah""], [""dq100_10_log_variance"", ""cycle10_rms_c_timeweighted"", ""dq100_10_q05_ah"", ""dq100_10_mean_ah""], [""dq100_10_log_variance"", ""cycle10_rms_c_timeweighted"", ""dq100_10_q05_ah"", ""dq100_10_mean_ah""]]",27
Voting_equal_plus_top2/repeat2/outer3/xgb/tune,xgb,plus_top2,6,"{""learning_rate"": 0.03, ""max_depth"": 1, ""min_child_weight"": 5, ""n_estimators"": 250, ""reg_lambda"": 10.0}",10.989239040862435,"[[""dq100_10_log_variance"", ""cycle10_rms_c_timeweighted"", ""dq100_10_q05_ah"", ""dq100_10_mean_ah""], [""dq100_10_log_variance"", ""cycle10_rms_c_timeweighted"", ""dq100_10_q05_ah"", ""dq100_10_mean_ah""], [""dq100_10_log_variance"", ""cycle10_rms_c_timeweighted"", ""dq100_10_q05_ah"", ""dq100_10_mean_ah""]]",27
Voting_equal_plus_top2/repeat2/outer3/xgb/tune,xgb,plus_top2,7,"{""learning_rate"": 0.03, ""max_depth"": 3, ""min_child_weight"": 5, ""n_estimators"": 250, ""reg_lambda"": 10.0}",11.222038502404876,"[[""dq100_10_log_variance"", ""cycle10_rms_c_timeweighted"", ""dq100_10_q05_ah"", ""dq100_10_mean_ah""], [""dq100_10_log_variance"", ""cycle10_rms_c_timeweighted"", ""dq100_10_q05_ah"", ""dq100_10_mean_ah""], [""dq100_10_log_variance"", ""cycle10_rms_c_timeweighted"", ""dq100_10_q05_ah"", ""dq100_10_mean_ah""]]",27
Voting_equal_plus_top2/repeat2/outer3/xgb/tune,xgb,plus_top2,8,"{""learning_rate"": 0.03, ""max_depth"": 2, ""min_child_weight"": 3, ""n_estimators"": 100, ""reg_lambda"": 1.0}",9.766215882705536,"[[""dq100_10_log_variance"", ""cycle10_rms_c_timeweighted"", ""dq100_10_q05_ah"", ""dq100_10_mean_ah""], [""dq100_10_log_variance"", ""cycle10_rms_c_timeweighted"", ""dq100_10_q05_ah"", ""dq100_10_mean_ah""], [""dq100_10_log_variance"", ""cycle10_rms_c_timeweighted"", ""dq100_10_q05_ah"", ""dq100_10_mean_ah""]]",27
Voting_equal_plus_top2/repeat2/outer3/xgb/tune,xgb,plus_top2,9,"{""learning_rate"": 0.07, ""max_depth"": 2, ""min_child_weight"": 5, ""n_estimators"": 100, ""reg_lambda"": 1.0}",12.425453477780563,"[[""dq100_10_log_variance"", ""cycle10_rms_c_timeweighted"", ""dq100_10_q05_ah"", ""dq100_10_mean_ah""], [""dq100_10_log_variance"", ""cycle10_rms_c_timeweighted"", ""dq100_10_q05_ah"", ""dq100_10_mean_ah""], [""dq100_10_log_variance"", ""cycle10_rms_c_timeweighted"", ""dq100_10_q05_ah"", ""dq100_10_mean_ah""]]",27
Voting_equal_plus_top2/repeat2/outer3/xgb/tune,xgb,plus_top2,10,"{""learning_rate"": 0.07, ""max_depth"": 1, ""min_child_weight"": 5, ""n_estimators"": 250, ""reg_lambda"": 30.0}",10.938845748810813,"[[""dq100_10_log_variance"", ""cycle10_rms_c_timeweighted"", ""dq100_10_q05_ah"", ""dq100_10_mean_ah""], [""dq100_10_log_variance"", ""cycle10_rms_c_timeweighted"", ""dq100_10_q05_ah"", ""dq100_10_mean_ah""], [""dq100_10_log_variance"", ""cycle10_rms_c_timeweighted"", ""dq100_10_q05_ah"", ""dq100_10_mean_ah""]]",27
Voting_equal_plus_top2/repeat2/outer3/xgb/tune,xgb,plus_top2,11,"{""learning_rate"": 0.03, ""max_depth"": 3, ""min_child_weight"": 5, ""n_estimators"": 100, ""reg_lambda"": 10.0}",11.679111246875356,"[[""dq100_10_log_variance"", ""cycle10_rms_c_timeweighted"", ""dq100_10_q05_ah"", ""dq100_10_mean_ah""], [""dq100_10_log_variance"", ""cycle10_rms_c_timeweighted"", ""dq100_10_q05_ah"", ""dq100_10_mean_ah""], [""dq100_10_log_variance"", ""cycle10_rms_c_timeweighted"", ""dq100_10_q05_ah"", ""dq100_10_mean_ah""]]",27
Voting_equal_plus_top2/repeat2/outer4/xgb/tune,xgb,plus_top2,0,"{""learning_rate"": 0.03, ""max_depth"": 1, ""min_child_weight"": 3, ""n_estimators"": 250, ""reg_lambda"": 10.0}",9.40775565060126,"[[""dq100_10_log_variance"", ""cycle10_rms_c_timeweighted"", ""dq100_10_q05_ah"", ""dq100_10_mean_ah""], [""dq100_10_log_variance"", ""cycle10_rms_c_timeweighted"", ""dq100_10_q05_ah"", ""dq100_10_mean_ah""], [""dq100_10_log_variance"", ""cycle10_rms_c_timeweighted"", ""dq100_10_q05_ah"", ""dq100_10_mean_ah""]]",29
Voting_equal_plus_top2/repeat2/outer4/xgb/tune,xgb,plus_top2,1,"{""learning_rate"": 0.07, ""max_depth"": 3, ""min_child_weight"": 3, ""n_estimators"": 100, ""reg_lambda"": 30.0}",10.51410006994152,"[[""dq100_10_log_variance"", ""cycle10_rms_c_timeweighted"", ""dq100_10_q05_ah"", ""dq100_10_mean_ah""], [""dq100_10_log_variance"", ""cycle10_rms_c_timeweighted"", ""dq100_10_q05_ah"", ""dq100_10_mean_ah""], [""dq100_10_log_variance"", ""cycle10_rms_c_timeweighted"", ""dq100_10_q05_ah"", ""dq100_10_mean_ah""]]",29
Voting_equal_plus_top2/repeat2/outer4/xgb/tune,xgb,plus_top2,2,"{""learning_rate"": 0.03, ""max_depth"": 2, ""min_child_weight"": 5, ""n_estimators"": 100, ""reg_lambda"": 1.0}",9.8553664620015,"[[""dq100_10_log_variance"", ""cycle10_rms_c_timeweighted"", ""dq100_10_q05_ah"", ""dq100_10_mean_ah""], [""dq100_10_log_variance"", ""cycle10_rms_c_timeweighted"", ""dq100_10_q05_ah"", ""dq100_10_mean_ah""], [""dq100_10_log_variance"", ""cycle10_rms_c_timeweighted"", ""dq100_10_q05_ah"", ""dq100_10_mean_ah""]]",29
Voting_equal_plus_top2/repeat2/outer4/xgb/tune,xgb,plus_top2,3,"{""learning_rate"": 0.03, ""max_depth"": 1, ""min_child_weight"": 3, ""n_estimators"": 100, ""reg_lambda"": 1.0}",9.786224051695783,"[[""dq100_10_log_variance"", ""cycle10_rms_c_timeweighted"", ""dq100_10_q05_ah"", ""dq100_10_mean_ah""], [""dq100_10_log_variance"", ""cycle10_rms_c_timeweighted"", ""dq100_10_q05_ah"", ""dq100_10_mean_ah""], [""dq100_10_log_variance"", ""cycle10_rms_c_timeweighted"", ""dq100_10_q05_ah"", ""dq100_10_mean_ah""]]",29
Voting_equal_plus_top2/repeat2/outer4/xgb/tune,xgb,plus_top2,4,"{""learning_rate"": 0.03, ""max_depth"": 3, ""min_child_weight"": 3, ""n_estimators"": 250, ""reg_lambda"": 10.0}",9.445053751424654,"[[""dq100_10_log_variance"", ""cycle10_rms_c_timeweighted"", ""dq100_10_q05_ah"", ""dq100_10_mean_ah""], [""dq100_10_log_variance"", ""cycle10_rms_c_timeweighted"", ""dq100_10_q05_ah"", ""dq100_10_mean_ah""], [""dq100_10_log_variance"", ""cycle10_rms_c_timeweighted"", ""dq100_10_q05_ah"", ""dq100_10_mean_ah""]]",29
Voting_equal_plus_top2/repeat2/outer4/xgb/tune,xgb,plus_top2,5,"{""learning_rate"": 0.07, ""max_depth"": 2, ""min_child_weight"": 3, ""n_estimators"": 100, ""reg_lambda"": 30.0}",10.516819214604453,"[[""dq100_10_log_variance"", ""cycle10_rms_c_timeweighted"", ""dq100_10_q05_ah"", ""dq100_10_mean_ah""], [""dq100_10_log_variance"", ""cycle10_rms_c_timeweighted"", ""dq100_10_q05_ah"", ""dq100_10_mean_ah""], [""dq100_10_log_variance"", ""cycle10_rms_c_timeweighted"", ""dq100_10_q05_ah"", ""dq100_10_mean_ah""]]",29
Voting_equal_plus_top2/repeat2/outer4/xgb/tune,xgb,plus_top2,6,"{""learning_rate"": 0.03, ""max_depth"": 1, ""min_child_weight"": 5, ""n_estimators"": 250, ""reg_lambda"": 10.0}",9.641303314357522,"[[""dq100_10_log_variance"", ""cycle10_rms_c_timeweighted"", ""dq100_10_q05_ah"", ""dq100_10_mean_ah""], [""dq100_10_log_variance"", ""cycle10_rms_c_timeweighted"", ""dq100_10_q05_ah"", ""dq100_10_mean_ah""], [""dq100_10_log_variance"", ""cycle10_rms_c_timeweighted"", ""dq100_10_q05_ah"", ""dq100_10_mean_ah""]]",29
Voting_equal_plus_top2/repeat2/outer4/xgb/tune,xgb,plus_top2,7,"{""learning_rate"": 0.03, ""max_depth"": 3, ""min_child_weight"": 5, ""n_estimators"": 250, ""reg_lambda"": 10.0}",9.650227216243792,"[[""dq100_10_log_variance"", ""cycle10_rms_c_timeweighted"", ""dq100_10_q05_ah"", ""dq100_10_mean_ah""], [""dq100_10_log_variance"", ""cycle10_rms_c_timeweighted"", ""dq100_10_q05_ah"", ""dq100_10_mean_ah""], [""dq100_10_log_variance"", ""cycle10_rms_c_timeweighted"", ""dq100_10_q05_ah"", ""dq100_10_mean_ah""]]",29
Voting_equal_plus_top2/repeat2/outer4/xgb/tune,xgb,plus_top2,8,"{""learning_rate"": 0.03, ""max_depth"": 2, ""min_child_weight"": 3, ""n_estimators"": 100, ""reg_lambda"": 1.0}",9.345103555733838,"[[""dq100_10_log_variance"", ""cycle10_rms_c_timeweighted"", ""dq100_10_q05_ah"", ""dq100_10_mean_ah""], [""dq100_10_log_variance"", ""cycle10_rms_c_timeweighted"", ""dq100_10_q05_ah"", ""dq100_10_mean_ah""], [""dq100_10_log_variance"", ""cycle10_rms_c_timeweighted"", ""dq100_10_q05_ah"", ""dq100_10_mean_ah""]]",29
Voting_equal_plus_top2/repeat2/outer4/xgb/tune,xgb,plus_top2,9,"{""learning_rate"": 0.07, ""max_depth"": 2, ""min_child_weight"": 5, ""n_estimators"": 100, ""reg_lambda"": 1.0}",9.932498382472907,"[[""dq100_10_log_variance"", ""cycle10_rms_c_timeweighted"", ""dq100_10_q05_ah"", ""dq100_10_mean_ah""], [""dq100_10_log_variance"", ""cycle10_rms_c_timeweighted"", ""dq100_10_q05_ah"", ""dq100_10_mean_ah""], [""dq100_10_log_variance"", ""cycle10_rms_c_timeweighted"", ""dq100_10_q05_ah"", ""dq100_10_mean_ah""]]",29
Voting_equal_plus_top2/repeat2/outer4/xgb/tune,xgb,plus_top2,10,"{""learning_rate"": 0.07, ""max_depth"": 1, ""min_child_weight"": 5, ""n_estimators"": 250, ""reg_lambda"": 30.0}",9.536173334666698,"[[""dq100_10_log_variance"", ""cycle10_rms_c_timeweighted"", ""dq100_10_q05_ah"", ""dq100_10_mean_ah""], [""dq100_10_log_variance"", ""cycle10_rms_c_timeweighted"", ""dq100_10_q05_ah"", ""dq100_10_mean_ah""], [""dq100_10_log_variance"", ""cycle10_rms_c_timeweighted"", ""dq100_10_q05_ah"", ""dq100_10_mean_ah""]]",29
Voting_equal_plus_top2/repeat2/outer4/xgb/tune,xgb,plus_top2,11,"{""learning_rate"": 0.03, ""max_depth"": 3, ""min_child_weight"": 5, ""n_estimators"": 100, ""reg_lambda"": 10.0}",10.987543323460178,"[[""dq100_10_log_variance"", ""cycle10_rms_c_timeweighted"", ""dq100_10_q05_ah"", ""dq100_10_mean_ah""], [""dq100_10_log_variance"", ""cycle10_rms_c_timeweighted"", ""dq100_10_q05_ah"", ""dq100_10_mean_ah""], [""dq100_10_log_variance"", ""cycle10_rms_c_timeweighted"", ""dq100_10_q05_ah"", ""dq100_10_mean_ah""]]",29
Voting_equal_plus_top2/repeat2/outer5/xgb/tune,xgb,plus_top2,0,"{""learning_rate"": 0.03, ""max_depth"": 1, ""min_child_weight"": 3, ""n_estimators"": 250, ""reg_lambda"": 10.0}",9.857930131650274,"[[""dq100_10_log_variance"", ""cycle10_rms_c_timeweighted"", ""dq100_10_q05_ah"", ""dq100_10_mean_ah""], [""dq100_10_log_variance"", ""cycle10_rms_c_timeweighted"", ""dq100_10_q05_ah"", ""dq100_10_mean_ah""], [""dq100_10_log_variance"", ""cycle10_rms_c_timeweighted"", ""dq100_10_q05_ah"", ""dq100_10_mean_ah""]]",29
Voting_equal_plus_top2/repeat2/outer5/xgb/tune,xgb,plus_top2,1,"{""learning_rate"": 0.07, ""max_depth"": 3, ""min_child_weight"": 3, ""n_estimators"": 100, ""reg_lambda"": 30.0}",10.890981078581486,"[[""dq100_10_log_variance"", ""cycle10_rms_c_timeweighted"", ""dq100_10_q05_ah"", ""dq100_10_mean_ah""], [""dq100_10_log_variance"", ""cycle10_rms_c_timeweighted"", ""dq100_10_q05_ah"", ""dq100_10_mean_ah""], [""dq100_10_log_variance"", ""cycle10_rms_c_timeweighted"", ""dq100_10_q05_ah"", ""dq100_10_mean_ah""]]",29
Voting_equal_plus_top2/repeat2/outer5/xgb/tune,xgb,plus_top2,2,"{""learning_rate"": 0.03, ""max_depth"": 2, ""min_child_weight"": 5, ""n_estimators"": 100, ""reg_lambda"": 1.0}",9.928504253796563,"[[""dq100_10_log_variance"", ""cycle10_rms_c_timeweighted"", ""dq100_10_q05_ah"", ""dq100_10_mean_ah""], [""dq100_10_log_variance"", ""cycle10_rms_c_timeweighted"", ""dq100_10_q05_ah"", ""dq100_10_mean_ah""], [""dq100_10_log_variance"", ""cycle10_rms_c_timeweighted"", ""dq100_10_q05_ah"", ""dq100_10_mean_ah""]]",29
Voting_equal_plus_top2/repeat2/outer5/xgb/tune,xgb,plus_top2,3,"{""learning_rate"": 0.03, ""max_depth"": 1, ""min_child_weight"": 3, ""n_estimators"": 100, ""reg_lambda"": 1.0}",10.32572617707444,"[[""dq100_10_log_variance"", ""cycle10_rms_c_timeweighted"", ""dq100_10_q05_ah"", ""dq100_10_mean_ah""], [""dq100_10_log_variance"", ""cycle10_rms_c_timeweighted"", ""dq100_10_q05_ah"", ""dq100_10_mean_ah""], [""dq100_10_log_variance"", ""cycle10_rms_c_timeweighted"", ""dq100_10_q05_ah"", ""dq100_10_mean_ah""]]",29
Voting_equal_plus_top2/repeat2/outer5/xgb/tune,xgb,plus_top2,4,"{""learning_rate"": 0.03, ""max_depth"": 3, ""min_child_weight"": 3, ""n_estimators"": 250, ""reg_lambda"": 10.0}",9.665879400630969,"[[""dq100_10_log_variance"", ""cycle10_rms_c_timeweighted"", ""dq100_10_q05_ah"", ""dq100_10_mean_ah""], [""dq100_10_log_variance"", ""cycle10_rms_c_timeweighted"", ""dq100_10_q05_ah"", ""dq100_10_mean_ah""], [""dq100_10_log_variance"", ""cycle10_rms_c_timeweighted"", ""dq100_10_q05_ah"", ""dq100_10_mean_ah""]]",29
Voting_equal_plus_top2/repeat2/outer5/xgb/tune,xgb,plus_top2,5,"{""learning_rate"": 0.07, ""max_depth"": 2, ""min_child_weight"": 3, ""n_estimators"": 100, ""reg_lambda"": 30.0}",10.838629657537496,"[[""dq100_10_log_variance"", ""cycle10_rms_c_timeweighted"", ""dq100_10_q05_ah"", ""dq100_10_mean_ah""], [""dq100_10_log_variance"", ""cycle10_rms_c_timeweighted"", ""dq100_10_q05_ah"", ""dq100_10_mean_ah""], [""dq100_10_log_variance"", ""cycle10_rms_c_timeweighted"", ""dq100_10_q05_ah"", ""dq100_10_mean_ah""]]",29
Voting_equal_plus_top2/repeat2/outer5/xgb/tune,xgb,plus_top2,6,"{""learning_rate"": 0.03, ""max_depth"": 1, ""min_child_weight"": 5, ""n_estimators"": 250, ""reg_lambda"": 10.0}",10.061158421003293,"[[""dq100_10_log_variance"", ""cycle10_rms_c_timeweighted"", ""dq100_10_q05_ah"", ""dq100_10_mean_ah""], [""dq100_10_log_variance"", ""cycle10_rms_c_timeweighted"", ""dq100_10_q05_ah"", ""dq100_10_mean_ah""], [""dq100_10_log_variance"", ""cycle10_rms_c_timeweighted"", ""dq100_10_q05_ah"", ""dq100_10_mean_ah""]]",29
Voting_equal_plus_top2/repeat2/outer5/xgb/tune,xgb,plus_top2,7,"{""learning_rate"": 0.03, ""max_depth"": 3, ""min_child_weight"": 5, ""n_estimators"": 250, ""reg_lambda"": 10.0}",9.944325450117967,"[[""dq100_10_log_variance"", ""cycle10_rms_c_timeweighted"", ""dq100_10_q05_ah"", ""dq100_10_mean_ah""], [""dq100_10_log_variance"", ""cycle10_rms_c_timeweighted"", ""dq100_10_q05_ah"", ""dq100_10_mean_ah""], [""dq100_10_log_variance"", ""cycle10_rms_c_timeweighted"", ""dq100_10_q05_ah"", ""dq100_10_mean_ah""]]",29
Voting_equal_plus_top2/repeat2/outer5/xgb/tune,xgb,plus_top2,8,"{""learning_rate"": 0.03, ""max_depth"": 2, ""min_child_weight"": 3, ""n_estimators"": 100, ""reg_lambda"": 1.0}",9.685688550676906,"[[""dq100_10_log_variance"", ""cycle10_rms_c_timeweighted"", ""dq100_10_q05_ah"", ""dq100_10_mean_ah""], [""dq100_10_log_variance"", ""cycle10_rms_c_timeweighted"", ""dq100_10_q05_ah"", ""dq100_10_mean_ah""], [""dq100_10_log_variance"", ""cycle10_rms_c_timeweighted"", ""dq100_10_q05_ah"", ""dq100_10_mean_ah""]]",29
Voting_equal_plus_top2/repeat2/outer5/xgb/tune,xgb,plus_top2,9,"{""learning_rate"": 0.07, ""max_depth"": 2, ""min_child_weight"": 5, ""n_estimators"": 100, ""reg_lambda"": 1.0}",10.158905715985107,"[[""dq100_10_log_variance"", ""cycle10_rms_c_timeweighted"", ""dq100_10_q05_ah"", ""dq100_10_mean_ah""], [""dq100_10_log_variance"", ""cycle10_rms_c_timeweighted"", ""dq100_10_q05_ah"", ""dq100_10_mean_ah""], [""dq100_10_log_variance"", ""cycle10_rms_c_timeweighted"", ""dq100_10_q05_ah"", ""dq100_10_mean_ah""]]",29
Voting_equal_plus_top2/repeat2/outer5/xgb/tune,xgb,plus_top2,10,"{""learning_rate"": 0.07, ""max_depth"": 1, ""min_child_weight"": 5, ""n_estimators"": 250, ""reg_lambda"": 30.0}",9.966352958488475,"[[""dq100_10_log_variance"", ""cycle10_rms_c_timeweighted"", ""dq100_10_q05_ah"", ""dq100_10_mean_ah""], [""dq100_10_log_variance"", ""cycle10_rms_c_timeweighted"", ""dq100_10_q05_ah"", ""dq100_10_mean_ah""], [""dq100_10_log_variance"", ""cycle10_rms_c_timeweighted"", ""dq100_10_q05_ah"", ""dq100_10_mean_ah""]]",29
Voting_equal_plus_top2/repeat2/outer5/xgb/tune,xgb,plus_top2,11,"{""learning_rate"": 0.03, ""max_depth"": 3, ""min_child_weight"": 5, ""n_estimators"": 100, ""reg_lambda"": 10.0}",11.335777800975007,"[[""dq100_10_log_variance"", ""cycle10_rms_c_timeweighted"", ""dq100_10_q05_ah"", ""dq100_10_mean_ah""], [""dq100_10_log_variance"", ""cycle10_rms_c_timeweighted"", ""dq100_10_q05_ah"", ""dq100_10_mean_ah""], [""dq100_10_log_variance"", ""cycle10_rms_c_timeweighted"", ""dq100_10_q05_ah"", ""dq100_10_mean_ah""]]",29
Voting_equal_plus_top2/repeat3/outer1/xgb/tune,xgb,plus_top2,0,"{""learning_rate"": 0.03, ""max_depth"": 1, ""min_child_weight"": 3, ""n_estimators"": 250, ""reg_lambda"": 10.0}",9.614886789026269,"[[""dq100_10_log_variance"", ""cycle10_rms_c_timeweighted"", ""dq100_10_q05_ah"", ""dq100_10_mean_ah""], [""dq100_10_log_variance"", ""cycle10_rms_c_timeweighted"", ""dq100_10_q05_ah"", ""dq100_10_mean_ah""], [""dq100_10_log_variance"", ""cycle10_rms_c_timeweighted"", ""dq100_10_q05_ah"", ""dq100_10_mean_ah""]]",27
Voting_equal_plus_top2/repeat3/outer1/xgb/tune,xgb,plus_top2,1,"{""learning_rate"": 0.07, ""max_depth"": 3, ""min_child_weight"": 3, ""n_estimators"": 100, ""reg_lambda"": 30.0}",11.79108418017058,"[[""dq100_10_log_variance"", ""cycle10_rms_c_timeweighted"", ""dq100_10_q05_ah"", ""dq100_10_mean_ah""], [""dq100_10_log_variance"", ""cycle10_rms_c_timeweighted"", ""dq100_10_q05_ah"", ""dq100_10_mean_ah""], [""dq100_10_log_variance"", ""cycle10_rms_c_timeweighted"", ""dq100_10_q05_ah"", ""dq100_10_mean_ah""]]",27
Voting_equal_plus_top2/repeat3/outer1/xgb/tune,xgb,plus_top2,2,"{""learning_rate"": 0.03, ""max_depth"": 2, ""min_child_weight"": 5, ""n_estimators"": 100, ""reg_lambda"": 1.0}",10.126937286092504,"[[""dq100_10_log_variance"", ""cycle10_rms_c_timeweighted"", ""dq100_10_q05_ah"", ""dq100_10_mean_ah""], [""dq100_10_log_variance"", ""cycle10_rms_c_timeweighted"", ""dq100_10_q05_ah"", ""dq100_10_mean_ah""], [""dq100_10_log_variance"", ""cycle10_rms_c_timeweighted"", ""dq100_10_q05_ah"", ""dq100_10_mean_ah""]]",27
Voting_equal_plus_top2/repeat3/outer1/xgb/tune,xgb,plus_top2,3,"{""learning_rate"": 0.03, ""max_depth"": 1, ""min_child_weight"": 3, ""n_estimators"": 100, ""reg_lambda"": 1.0}",9.645026387932509,"[[""dq100_10_log_variance"", ""cycle10_rms_c_timeweighted"", ""dq100_10_q05_ah"", ""dq100_10_mean_ah""], [""dq100_10_log_variance"", ""cycle10_rms_c_timeweighted"", ""dq100_10_q05_ah"", ""dq100_10_mean_ah""], [""dq100_10_log_variance"", ""cycle10_rms_c_timeweighted"", ""dq100_10_q05_ah"", ""dq100_10_mean_ah""]]",27
Voting_equal_plus_top2/repeat3/outer1/xgb/tune,xgb,plus_top2,4,"{""learning_rate"": 0.03, ""max_depth"": 3, ""min_child_weight"": 3, ""n_estimators"": 250, ""reg_lambda"": 10.0}",9.80584633660997,"[[""dq100_10_log_variance"", ""cycle10_rms_c_timeweighted"", ""dq100_10_q05_ah"", ""dq100_10_mean_ah""], [""dq100_10_log_variance"", ""cycle10_rms_c_timeweighted"", ""dq100_10_q05_ah"", ""dq100_10_mean_ah""], [""dq100_10_log_variance"", ""cycle10_rms_c_timeweighted"", ""dq100_10_q05_ah"", ""dq100_10_mean_ah""]]",27
Voting_equal_plus_top2/repeat3/outer1/xgb/tune,xgb,plus_top2,5,"{""learning_rate"": 0.07, ""max_depth"": 2, ""min_child_weight"": 3, ""n_estimators"": 100, ""reg_lambda"": 30.0}",11.701491210620919,"[[""dq100_10_log_variance"", ""cycle10_rms_c_timeweighted"", ""dq100_10_q05_ah"", ""dq100_10_mean_ah""], [""dq100_10_log_variance"", ""cycle10_rms_c_timeweighted"", ""dq100_10_q05_ah"", ""dq100_10_mean_ah""], [""dq100_10_log_variance"", ""cycle10_rms_c_timeweighted"", ""dq100_10_q05_ah"", ""dq100_10_mean_ah""]]",27
Voting_equal_plus_top2/repeat3/outer1/xgb/tune,xgb,plus_top2,6,"{""learning_rate"": 0.03, ""max_depth"": 1, ""min_child_weight"": 5, ""n_estimators"": 250, ""reg_lambda"": 10.0}",10.399752727506637,"[[""dq100_10_log_variance"", ""cycle10_rms_c_timeweighted"", ""dq100_10_q05_ah"", ""dq100_10_mean_ah""], [""dq100_10_log_variance"", ""cycle10_rms_c_timeweighted"", ""dq100_10_q05_ah"", ""dq100_10_mean_ah""], [""dq100_10_log_variance"", ""cycle10_rms_c_timeweighted"", ""dq100_10_q05_ah"", ""dq100_10_mean_ah""]]",27
Voting_equal_plus_top2/repeat3/outer1/xgb/tune,xgb,plus_top2,7,"{""learning_rate"": 0.03, ""max_depth"": 3, ""min_child_weight"": 5, ""n_estimators"": 250, ""reg_lambda"": 10.0}",10.175771584006634,"[[""dq100_10_log_variance"", ""cycle10_rms_c_timeweighted"", ""dq100_10_q05_ah"", ""dq100_10_mean_ah""], [""dq100_10_log_variance"", ""cycle10_rms_c_timeweighted"", ""dq100_10_q05_ah"", ""dq100_10_mean_ah""], [""dq100_10_log_variance"", ""cycle10_rms_c_timeweighted"", ""dq100_10_q05_ah"", ""dq100_10_mean_ah""]]",27
Voting_equal_plus_top2/repeat3/outer1/xgb/tune,xgb,plus_top2,8,"{""learning_rate"": 0.03, ""max_depth"": 2, ""min_child_weight"": 3, ""n_estimators"": 100, ""reg_lambda"": 1.0}",9.069959786429758,"[[""dq100_10_log_variance"", ""cycle10_rms_c_timeweighted"", ""dq100_10_q05_ah"", ""dq100_10_mean_ah""], [""dq100_10_log_variance"", ""cycle10_rms_c_timeweighted"", ""dq100_10_q05_ah"", ""dq100_10_mean_ah""], [""dq100_10_log_variance"", ""cycle10_rms_c_timeweighted"", ""dq100_10_q05_ah"", ""dq100_10_mean_ah""]]",27
Voting_equal_plus_top2/repeat3/outer1/xgb/tune,xgb,plus_top2,9,"{""learning_rate"": 0.07, ""max_depth"": 2, ""min_child_weight"": 5, ""n_estimators"": 100, ""reg_lambda"": 1.0}",9.762300618537443,"[[""dq100_10_log_variance"", ""cycle10_rms_c_timeweighted"", ""dq100_10_q05_ah"", ""dq100_10_mean_ah""], [""dq100_10_log_variance"", ""cycle10_rms_c_timeweighted"", ""dq100_10_q05_ah"", ""dq100_10_mean_ah""], [""dq100_10_log_variance"", ""cycle10_rms_c_timeweighted"", ""dq100_10_q05_ah"", ""dq100_10_mean_ah""]]",27
Voting_equal_plus_top2/repeat3/outer1/xgb/tune,xgb,plus_top2,10,"{""learning_rate"": 0.07, ""max_depth"": 1, ""min_child_weight"": 5, ""n_estimators"": 250, ""reg_lambda"": 30.0}",10.388474970530133,"[[""dq100_10_log_variance"", ""cycle10_rms_c_timeweighted"", ""dq100_10_q05_ah"", ""dq100_10_mean_ah""], [""dq100_10_log_variance"", ""cycle10_rms_c_timeweighted"", ""dq100_10_q05_ah"", ""dq100_10_mean_ah""], [""dq100_10_log_variance"", ""cycle10_rms_c_timeweighted"", ""dq100_10_q05_ah"", ""dq100_10_mean_ah""]]",27
Voting_equal_plus_top2/repeat3/outer1/xgb/tune,xgb,plus_top2,11,"{""learning_rate"": 0.03, ""max_depth"": 3, ""min_child_weight"": 5, ""n_estimators"": 100, ""reg_lambda"": 10.0}",11.468203078213177,"[[""dq100_10_log_variance"", ""cycle10_rms_c_timeweighted"", ""dq100_10_q05_ah"", ""dq100_10_mean_ah""], [""dq100_10_log_variance"", ""cycle10_rms_c_timeweighted"", ""dq100_10_q05_ah"", ""dq100_10_mean_ah""], [""dq100_10_log_variance"", ""cycle10_rms_c_timeweighted"", ""dq100_10_q05_ah"", ""dq100_10_mean_ah""]]",27
Voting_equal_plus_top2/repeat3/outer2/xgb/tune,xgb,plus_top2,0,"{""learning_rate"": 0.03, ""max_depth"": 1, ""min_child_weight"": 3, ""n_estimators"": 250, ""reg_lambda"": 10.0}",14.557403117007025,"[[""dq100_10_log_variance"", ""cycle10_rms_c_timeweighted"", ""dq100_10_q05_ah"", ""dq100_10_mean_ah""], [""dq100_10_log_variance"", ""cycle10_rms_c_timeweighted"", ""dq100_10_q05_ah"", ""dq100_10_mean_ah""], [""dq100_10_log_variance"", ""cycle10_rms_c_timeweighted"", ""dq100_10_q05_ah"", ""dq100_10_mean_ah""]]",28
Voting_equal_plus_top2/repeat3/outer2/xgb/tune,xgb,plus_top2,1,"{""learning_rate"": 0.07, ""max_depth"": 3, ""min_child_weight"": 3, ""n_estimators"": 100, ""reg_lambda"": 30.0}",12.932651025812502,"[[""dq100_10_log_variance"", ""cycle10_rms_c_timeweighted"", ""dq100_10_q05_ah"", ""dq100_10_mean_ah""], [""dq100_10_log_variance"", ""cycle10_rms_c_timeweighted"", ""dq100_10_q05_ah"", ""dq100_10_mean_ah""], [""dq100_10_log_variance"", ""cycle10_rms_c_timeweighted"", ""dq100_10_q05_ah"", ""dq100_10_mean_ah""]]",28
Voting_equal_plus_top2/repeat3/outer2/xgb/tune,xgb,plus_top2,2,"{""learning_rate"": 0.03, ""max_depth"": 2, ""min_child_weight"": 5, ""n_estimators"": 100, ""reg_lambda"": 1.0}",11.792788496423025,"[[""dq100_10_log_variance"", ""cycle10_rms_c_timeweighted"", ""dq100_10_q05_ah"", ""dq100_10_mean_ah""], [""dq100_10_log_variance"", ""cycle10_rms_c_timeweighted"", ""dq100_10_q05_ah"", ""dq100_10_mean_ah""], [""dq100_10_log_variance"", ""cycle10_rms_c_timeweighted"", ""dq100_10_q05_ah"", ""dq100_10_mean_ah""]]",28
Voting_equal_plus_top2/repeat3/outer2/xgb/tune,xgb,plus_top2,3,"{""learning_rate"": 0.03, ""max_depth"": 1, ""min_child_weight"": 3, ""n_estimators"": 100, ""reg_lambda"": 1.0}",14.8550658505398,"[[""dq100_10_log_variance"", ""cycle10_rms_c_timeweighted"", ""dq100_10_q05_ah"", ""dq100_10_mean_ah""], [""dq100_10_log_variance"", ""cycle10_rms_c_timeweighted"", ""dq100_10_q05_ah"", ""dq100_10_mean_ah""], [""dq100_10_log_variance"", ""cycle10_rms_c_timeweighted"", ""dq100_10_q05_ah"", ""dq100_10_mean_ah""]]",28
Voting_equal_plus_top2/repeat3/outer2/xgb/tune,xgb,plus_top2,4,"{""learning_rate"": 0.03, ""max_depth"": 3, ""min_child_weight"": 3, ""n_estimators"": 250, ""reg_lambda"": 10.0}",15.312253522072286,"[[""dq100_10_log_variance"", ""cycle10_rms_c_timeweighted"", ""dq100_10_q05_ah"", ""dq100_10_mean_ah""], [""dq100_10_log_variance"", ""cycle10_rms_c_timeweighted"", ""dq100_10_q05_ah"", ""dq100_10_mean_ah""], [""dq100_10_log_variance"", ""cycle10_rms_c_timeweighted"", ""dq100_10_q05_ah"", ""dq100_10_mean_ah""]]",28
Voting_equal_plus_top2/repeat3/outer2/xgb/tune,xgb,plus_top2,5,"{""learning_rate"": 0.07, ""max_depth"": 2, ""min_child_weight"": 3, ""n_estimators"": 100, ""reg_lambda"": 30.0}",12.776356096436942,"[[""dq100_10_log_variance"", ""cycle10_rms_c_timeweighted"", ""dq100_10_q05_ah"", ""dq100_10_mean_ah""], [""dq100_10_log_variance"", ""cycle10_rms_c_timeweighted"", ""dq100_10_q05_ah"", ""dq100_10_mean_ah""], [""dq100_10_log_variance"", ""cycle10_rms_c_timeweighted"", ""dq100_10_q05_ah"", ""dq100_10_mean_ah""]]",28
Voting_equal_plus_top2/repeat3/outer2/xgb/tune,xgb,plus_top2,6,"{""learning_rate"": 0.03, ""max_depth"": 1, ""min_child_weight"": 5, ""n_estimators"": 250, ""reg_lambda"": 10.0}",11.866559649549412,"[[""dq100_10_log_variance"", ""cycle10_rms_c_timeweighted"", ""dq100_10_q05_ah"", ""dq100_10_mean_ah""], [""dq100_10_log_variance"", ""cycle10_rms_c_timeweighted"", ""dq100_10_q05_ah"", ""dq100_10_mean_ah""], [""dq100_10_log_variance"", ""cycle10_rms_c_timeweighted"", ""dq100_10_q05_ah"", ""dq100_10_mean_ah""]]",28
Voting_equal_plus_top2/repeat3/outer2/xgb/tune,xgb,plus_top2,7,"{""learning_rate"": 0.03, ""max_depth"": 3, ""min_child_weight"": 5, ""n_estimators"": 250, ""reg_lambda"": 10.0}",11.776416344131704,"[[""dq100_10_log_variance"", ""cycle10_rms_c_timeweighted"", ""dq100_10_q05_ah"", ""dq100_10_mean_ah""], [""dq100_10_log_variance"", ""cycle10_rms_c_timeweighted"", ""dq100_10_q05_ah"", ""dq100_10_mean_ah""], [""dq100_10_log_variance"", ""cycle10_rms_c_timeweighted"", ""dq100_10_q05_ah"", ""dq100_10_mean_ah""]]",28
Voting_equal_plus_top2/repeat3/outer2/xgb/tune,xgb,plus_top2,8,"{""learning_rate"": 0.03, ""max_depth"": 2, ""min_child_weight"": 3, ""n_estimators"": 100, ""reg_lambda"": 1.0}",15.53202339786552,"[[""dq100_10_log_variance"", ""cycle10_rms_c_timeweighted"", ""dq100_10_q05_ah"", ""dq100_10_mean_ah""], [""dq100_10_log_variance"", ""cycle10_rms_c_timeweighted"", ""dq100_10_q05_ah"", ""dq100_10_mean_ah""], [""dq100_10_log_variance"", ""cycle10_rms_c_timeweighted"", ""dq100_10_q05_ah"", ""dq100_10_mean_ah""]]",28
Voting_equal_plus_top2/repeat3/outer2/xgb/tune,xgb,plus_top2,9,"{""learning_rate"": 0.07, ""max_depth"": 2, ""min_child_weight"": 5, ""n_estimators"": 100, ""reg_lambda"": 1.0}",12.450495734731746,"[[""dq100_10_log_variance"", ""cycle10_rms_c_timeweighted"", ""dq100_10_q05_ah"", ""dq100_10_mean_ah""], [""dq100_10_log_variance"", ""cycle10_rms_c_timeweighted"", ""dq100_10_q05_ah"", ""dq100_10_mean_ah""], [""dq100_10_log_variance"", ""cycle10_rms_c_timeweighted"", ""dq100_10_q05_ah"", ""dq100_10_mean_ah""]]",28
Voting_equal_plus_top2/repeat3/outer2/xgb/tune,xgb,plus_top2,10,"{""learning_rate"": 0.07, ""max_depth"": 1, ""min_child_weight"": 5, ""n_estimators"": 250, ""reg_lambda"": 30.0}",11.596677204112751,"[[""dq100_10_log_variance"", ""cycle10_rms_c_timeweighted"", ""dq100_10_q05_ah"", ""dq100_10_mean_ah""], [""dq100_10_log_variance"", ""cycle10_rms_c_timeweighted"", ""dq100_10_q05_ah"", ""dq100_10_mean_ah""], [""dq100_10_log_variance"", ""cycle10_rms_c_timeweighted"", ""dq100_10_q05_ah"", ""dq100_10_mean_ah""]]",28
Voting_equal_plus_top2/repeat3/outer2/xgb/tune,xgb,plus_top2,11,"{""learning_rate"": 0.03, ""max_depth"": 3, ""min_child_weight"": 5, ""n_estimators"": 100, ""reg_lambda"": 10.0}",11.88967821212171,"[[""dq100_10_log_variance"", ""cycle10_rms_c_timeweighted"", ""dq100_10_q05_ah"", ""dq100_10_mean_ah""], [""dq100_10_log_variance"", ""cycle10_rms_c_timeweighted"", ""dq100_10_q05_ah"", ""dq100_10_mean_ah""], [""dq100_10_log_variance"", ""cycle10_rms_c_timeweighted"", ""dq100_10_q05_ah"", ""dq100_10_mean_ah""]]",28
Voting_equal_plus_top2/repeat3/outer3/xgb/tune,xgb,plus_top2,0,"{""learning_rate"": 0.03, ""max_depth"": 1, ""min_child_weight"": 3, ""n_estimators"": 250, ""reg_lambda"": 10.0}",8.871146730216497,"[[""dq100_10_log_variance"", ""cycle10_rms_c_timeweighted"", ""dq100_10_q05_ah"", ""dq100_10_mean_ah""], [""dq100_10_log_variance"", ""cycle10_rms_c_timeweighted"", ""dq100_10_q05_ah"", ""dq100_10_mean_ah""], [""dq100_10_log_variance"", ""cycle10_rms_c_timeweighted"", ""dq100_10_q05_ah"", ""dq100_10_mean_ah""]]",27
Voting_equal_plus_top2/repeat3/outer3/xgb/tune,xgb,plus_top2,1,"{""learning_rate"": 0.07, ""max_depth"": 3, ""min_child_weight"": 3, ""n_estimators"": 100, ""reg_lambda"": 30.0}",10.34681626823684,"[[""dq100_10_log_variance"", ""cycle10_rms_c_timeweighted"", ""dq100_10_q05_ah"", ""dq100_10_mean_ah""], [""dq100_10_log_variance"", ""cycle10_rms_c_timeweighted"", ""dq100_10_q05_ah"", ""dq100_10_mean_ah""], [""dq100_10_log_variance"", ""cycle10_rms_c_timeweighted"", ""dq100_10_q05_ah"", ""dq100_10_mean_ah""]]",27
Voting_equal_plus_top2/repeat3/outer3/xgb/tune,xgb,plus_top2,2,"{""learning_rate"": 0.03, ""max_depth"": 2, ""min_child_weight"": 5, ""n_estimators"": 100, ""reg_lambda"": 1.0}",8.422443060502218,"[[""dq100_10_log_variance"", ""cycle10_rms_c_timeweighted"", ""dq100_10_q05_ah"", ""dq100_10_mean_ah""], [""dq100_10_log_variance"", ""cycle10_rms_c_timeweighted"", ""dq100_10_q05_ah"", ""dq100_10_mean_ah""], [""dq100_10_log_variance"", ""cycle10_rms_c_timeweighted"", ""dq100_10_q05_ah"", ""dq100_10_mean_ah""]]",27
Voting_equal_plus_top2/repeat3/outer3/xgb/tune,xgb,plus_top2,3,"{""learning_rate"": 0.03, ""max_depth"": 1, ""min_child_weight"": 3, ""n_estimators"": 100, ""reg_lambda"": 1.0}",9.258480815997485,"[[""dq100_10_log_variance"", ""cycle10_rms_c_timeweighted"", ""dq100_10_q05_ah"", ""dq100_10_mean_ah""], [""dq100_10_log_variance"", ""cycle10_rms_c_timeweighted"", ""dq100_10_q05_ah"", ""dq100_10_mean_ah""], [""dq100_10_log_variance"", ""cycle10_rms_c_timeweighted"", ""dq100_10_q05_ah"", ""dq100_10_mean_ah""]]",27
Voting_equal_plus_top2/repeat3/outer3/xgb/tune,xgb,plus_top2,4,"{""learning_rate"": 0.03, ""max_depth"": 3, ""min_child_weight"": 3, ""n_estimators"": 250, ""reg_lambda"": 10.0}",8.649898900641064,"[[""dq100_10_log_variance"", ""cycle10_rms_c_timeweighted"", ""dq100_10_q05_ah"", ""dq100_10_mean_ah""], [""dq100_10_log_variance"", ""cycle10_rms_c_timeweighted"", ""dq100_10_q05_ah"", ""dq100_10_mean_ah""], [""dq100_10_log_variance"", ""cycle10_rms_c_timeweighted"", ""dq100_10_q05_ah"", ""dq100_10_mean_ah""]]",27
Voting_equal_plus_top2/repeat3/outer3/xgb/tune,xgb,plus_top2,5,"{""learning_rate"": 0.07, ""max_depth"": 2, ""min_child_weight"": 3, ""n_estimators"": 100, ""reg_lambda"": 30.0}",10.295066554613602,"[[""dq100_10_log_variance"", ""cycle10_rms_c_timeweighted"", ""dq100_10_q05_ah"", ""dq100_10_mean_ah""], [""dq100_10_log_variance"", ""cycle10_rms_c_timeweighted"", ""dq100_10_q05_ah"", ""dq100_10_mean_ah""], [""dq100_10_log_variance"", ""cycle10_rms_c_timeweighted"", ""dq100_10_q05_ah"", ""dq100_10_mean_ah""]]",27
Voting_equal_plus_top2/repeat3/outer3/xgb/tune,xgb,plus_top2,6,"{""learning_rate"": 0.03, ""max_depth"": 1, ""min_child_weight"": 5, ""n_estimators"": 250, ""reg_lambda"": 10.0}",8.773294742567861,"[[""dq100_10_log_variance"", ""cycle10_rms_c_timeweighted"", ""dq100_10_q05_ah"", ""dq100_10_mean_ah""], [""dq100_10_log_variance"", ""cycle10_rms_c_timeweighted"", ""dq100_10_q05_ah"", ""dq100_10_mean_ah""], [""dq100_10_log_variance"", ""cycle10_rms_c_timeweighted"", ""dq100_10_q05_ah"", ""dq100_10_mean_ah""]]",27
Voting_equal_plus_top2/repeat3/outer3/xgb/tune,xgb,plus_top2,7,"{""learning_rate"": 0.03, ""max_depth"": 3, ""min_child_weight"": 5, ""n_estimators"": 250, ""reg_lambda"": 10.0}",8.580154428312037,"[[""dq100_10_log_variance"", ""cycle10_rms_c_timeweighted"", ""dq100_10_q05_ah"", ""dq100_10_mean_ah""], [""dq100_10_log_variance"", ""cycle10_rms_c_timeweighted"", ""dq100_10_q05_ah"", ""dq100_10_mean_ah""], [""dq100_10_log_variance"", ""cycle10_rms_c_timeweighted"", ""dq100_10_q05_ah"", ""dq100_10_mean_ah""]]",27
Voting_equal_plus_top2/repeat3/outer3/xgb/tune,xgb,plus_top2,8,"{""learning_rate"": 0.03, ""max_depth"": 2, ""min_child_weight"": 3, ""n_estimators"": 100, ""reg_lambda"": 1.0}",8.760815713159005,"[[""dq100_10_log_variance"", ""cycle10_rms_c_timeweighted"", ""dq100_10_q05_ah"", ""dq100_10_mean_ah""], [""dq100_10_log_variance"", ""cycle10_rms_c_timeweighted"", ""dq100_10_q05_ah"", ""dq100_10_mean_ah""], [""dq100_10_log_variance"", ""cycle10_rms_c_timeweighted"", ""dq100_10_q05_ah"", ""dq100_10_mean_ah""]]",27
Voting_equal_plus_top2/repeat3/outer3/xgb/tune,xgb,plus_top2,9,"{""learning_rate"": 0.07, ""max_depth"": 2, ""min_child_weight"": 5, ""n_estimators"": 100, ""reg_lambda"": 1.0}",8.516979883451647,"[[""dq100_10_log_variance"", ""cycle10_rms_c_timeweighted"", ""dq100_10_q05_ah"", ""dq100_10_mean_ah""], [""dq100_10_log_variance"", ""cycle10_rms_c_timeweighted"", ""dq100_10_q05_ah"", ""dq100_10_mean_ah""], [""dq100_10_log_variance"", ""cycle10_rms_c_timeweighted"", ""dq100_10_q05_ah"", ""dq100_10_mean_ah""]]",27
Voting_equal_plus_top2/repeat3/outer3/xgb/tune,xgb,plus_top2,10,"{""learning_rate"": 0.07, ""max_depth"": 1, ""min_child_weight"": 5, ""n_estimators"": 250, ""reg_lambda"": 30.0}",8.619682724040862,"[[""dq100_10_log_variance"", ""cycle10_rms_c_timeweighted"", ""dq100_10_q05_ah"", ""dq100_10_mean_ah""], [""dq100_10_log_variance"", ""cycle10_rms_c_timeweighted"", ""dq100_10_q05_ah"", ""dq100_10_mean_ah""], [""dq100_10_log_variance"", ""cycle10_rms_c_timeweighted"", ""dq100_10_q05_ah"", ""dq100_10_mean_ah""]]",27
Voting_equal_plus_top2/repeat3/outer3/xgb/tune,xgb,plus_top2,11,"{""learning_rate"": 0.03, ""max_depth"": 3, ""min_child_weight"": 5, ""n_estimators"": 100, ""reg_lambda"": 10.0}",10.042926791495397,"[[""dq100_10_log_variance"", ""cycle10_rms_c_timeweighted"", ""dq100_10_q05_ah"", ""dq100_10_mean_ah""], [""dq100_10_log_variance"", ""cycle10_rms_c_timeweighted"", ""dq100_10_q05_ah"", ""dq100_10_mean_ah""], [""dq100_10_log_variance"", ""cycle10_rms_c_timeweighted"", ""dq100_10_q05_ah"", ""dq100_10_mean_ah""]]",27
Voting_equal_plus_top2/repeat3/outer4/xgb/tune,xgb,plus_top2,0,"{""learning_rate"": 0.03, ""max_depth"": 1, ""min_child_weight"": 3, ""n_estimators"": 250, ""reg_lambda"": 10.0}",10.746091703784865,"[[""dq100_10_log_variance"", ""cycle10_rms_c_timeweighted"", ""dq100_10_q05_ah"", ""dq100_10_mean_ah""], [""dq100_10_log_variance"", ""cycle10_rms_c_timeweighted"", ""dq100_10_q05_ah"", ""dq100_10_mean_ah""], [""dq100_10_log_variance"", ""cycle10_rms_c_timeweighted"", ""dq100_10_q05_ah"", ""dq100_10_mean_ah""]]",29
Voting_equal_plus_top2/repeat3/outer4/xgb/tune,xgb,plus_top2,1,"{""learning_rate"": 0.07, ""max_depth"": 3, ""min_child_weight"": 3, ""n_estimators"": 100, ""reg_lambda"": 30.0}",11.894843759782013,"[[""dq100_10_log_variance"", ""cycle10_rms_c_timeweighted"", ""dq100_10_q05_ah"", ""dq100_10_mean_ah""], [""dq100_10_log_variance"", ""cycle10_rms_c_timeweighted"", ""dq100_10_q05_ah"", ""dq100_10_mean_ah""], [""dq100_10_log_variance"", ""cycle10_rms_c_timeweighted"", ""dq100_10_q05_ah"", ""dq100_10_mean_ah""]]",29
Voting_equal_plus_top2/repeat3/outer4/xgb/tune,xgb,plus_top2,2,"{""learning_rate"": 0.03, ""max_depth"": 2, ""min_child_weight"": 5, ""n_estimators"": 100, ""reg_lambda"": 1.0}",11.23693638014792,"[[""dq100_10_log_variance"", ""cycle10_rms_c_timeweighted"", ""dq100_10_q05_ah"", ""dq100_10_mean_ah""], [""dq100_10_log_variance"", ""cycle10_rms_c_timeweighted"", ""dq100_10_q05_ah"", ""dq100_10_mean_ah""], [""dq100_10_log_variance"", ""cycle10_rms_c_timeweighted"", ""dq100_10_q05_ah"", ""dq100_10_mean_ah""]]",29
Voting_equal_plus_top2/repeat3/outer4/xgb/tune,xgb,plus_top2,3,"{""learning_rate"": 0.03, ""max_depth"": 1, ""min_child_weight"": 3, ""n_estimators"": 100, ""reg_lambda"": 1.0}",10.933016738979976,"[[""dq100_10_log_variance"", ""cycle10_rms_c_timeweighted"", ""dq100_10_q05_ah"", ""dq100_10_mean_ah""], [""dq100_10_log_variance"", ""cycle10_rms_c_timeweighted"", ""dq100_10_q05_ah"", ""dq100_10_mean_ah""], [""dq100_10_log_variance"", ""cycle10_rms_c_timeweighted"", ""dq100_10_q05_ah"", ""dq100_10_mean_ah""]]",29
Voting_equal_plus_top2/repeat3/outer4/xgb/tune,xgb,plus_top2,4,"{""learning_rate"": 0.03, ""max_depth"": 3, ""min_child_weight"": 3, ""n_estimators"": 250, ""reg_lambda"": 10.0}",10.07001659975887,"[[""dq100_10_log_variance"", ""cycle10_rms_c_timeweighted"", ""dq100_10_q05_ah"", ""dq100_10_mean_ah""], [""dq100_10_log_variance"", ""cycle10_rms_c_timeweighted"", ""dq100_10_q05_ah"", ""dq100_10_mean_ah""], [""dq100_10_log_variance"", ""cycle10_rms_c_timeweighted"", ""dq100_10_q05_ah"", ""dq100_10_mean_ah""]]",29
Voting_equal_plus_top2/repeat3/outer4/xgb/tune,xgb,plus_top2,5,"{""learning_rate"": 0.07, ""max_depth"": 2, ""min_child_weight"": 3, ""n_estimators"": 100, ""reg_lambda"": 30.0}",11.939338801759575,"[[""dq100_10_log_variance"", ""cycle10_rms_c_timeweighted"", ""dq100_10_q05_ah"", ""dq100_10_mean_ah""], [""dq100_10_log_variance"", ""cycle10_rms_c_timeweighted"", ""dq100_10_q05_ah"", ""dq100_10_mean_ah""], [""dq100_10_log_variance"", ""cycle10_rms_c_timeweighted"", ""dq100_10_q05_ah"", ""dq100_10_mean_ah""]]",29
Voting_equal_plus_top2/repeat3/outer4/xgb/tune,xgb,plus_top2,6,"{""learning_rate"": 0.03, ""max_depth"": 1, ""min_child_weight"": 5, ""n_estimators"": 250, ""reg_lambda"": 10.0}",11.426964985281634,"[[""dq100_10_log_variance"", ""cycle10_rms_c_timeweighted"", ""dq100_10_q05_ah"", ""dq100_10_mean_ah""], [""dq100_10_log_variance"", ""cycle10_rms_c_timeweighted"", ""dq100_10_q05_ah"", ""dq100_10_mean_ah""], [""dq100_10_log_variance"", ""cycle10_rms_c_timeweighted"", ""dq100_10_q05_ah"", ""dq100_10_mean_ah""]]",29
Voting_equal_plus_top2/repeat3/outer4/xgb/tune,xgb,plus_top2,7,"{""learning_rate"": 0.03, ""max_depth"": 3, ""min_child_weight"": 5, ""n_estimators"": 250, ""reg_lambda"": 10.0}",11.340288726868666,"[[""dq100_10_log_variance"", ""cycle10_rms_c_timeweighted"", ""dq100_10_q05_ah"", ""dq100_10_mean_ah""], [""dq100_10_log_variance"", ""cycle10_rms_c_timeweighted"", ""dq100_10_q05_ah"", ""dq100_10_mean_ah""], [""dq100_10_log_variance"", ""cycle10_rms_c_timeweighted"", ""dq100_10_q05_ah"", ""dq100_10_mean_ah""]]",29
Voting_equal_plus_top2/repeat3/outer4/xgb/tune,xgb,plus_top2,8,"{""learning_rate"": 0.03, ""max_depth"": 2, ""min_child_weight"": 3, ""n_estimators"": 100, ""reg_lambda"": 1.0}",10.310400413716064,"[[""dq100_10_log_variance"", ""cycle10_rms_c_timeweighted"", ""dq100_10_q05_ah"", ""dq100_10_mean_ah""], [""dq100_10_log_variance"", ""cycle10_rms_c_timeweighted"", ""dq100_10_q05_ah"", ""dq100_10_mean_ah""], [""dq100_10_log_variance"", ""cycle10_rms_c_timeweighted"", ""dq100_10_q05_ah"", ""dq100_10_mean_ah""]]",29
Voting_equal_plus_top2/repeat3/outer4/xgb/tune,xgb,plus_top2,9,"{""learning_rate"": 0.07, ""max_depth"": 2, ""min_child_weight"": 5, ""n_estimators"": 100, ""reg_lambda"": 1.0}",11.239859437893692,"[[""dq100_10_log_variance"", ""cycle10_rms_c_timeweighted"", ""dq100_10_q05_ah"", ""dq100_10_mean_ah""], [""dq100_10_log_variance"", ""cycle10_rms_c_timeweighted"", ""dq100_10_q05_ah"", ""dq100_10_mean_ah""], [""dq100_10_log_variance"", ""cycle10_rms_c_timeweighted"", ""dq100_10_q05_ah"", ""dq100_10_mean_ah""]]",29
Voting_equal_plus_top2/repeat3/outer4/xgb/tune,xgb,plus_top2,10,"{""learning_rate"": 0.07, ""max_depth"": 1, ""min_child_weight"": 5, ""n_estimators"": 250, ""reg_lambda"": 30.0}",11.41678580503481,"[[""dq100_10_log_variance"", ""cycle10_rms_c_timeweighted"", ""dq100_10_q05_ah"", ""dq100_10_mean_ah""], [""dq100_10_log_variance"", ""cycle10_rms_c_timeweighted"", ""dq100_10_q05_ah"", ""dq100_10_mean_ah""], [""dq100_10_log_variance"", ""cycle10_rms_c_timeweighted"", ""dq100_10_q05_ah"", ""dq100_10_mean_ah""]]",29
Voting_equal_plus_top2/repeat3/outer4/xgb/tune,xgb,plus_top2,11,"{""learning_rate"": 0.03, ""max_depth"": 3, ""min_child_weight"": 5, ""n_estimators"": 100, ""reg_lambda"": 10.0}",12.010974148808245,"[[""dq100_10_log_variance"", ""cycle10_rms_c_timeweighted"", ""dq100_10_q05_ah"", ""dq100_10_mean_ah""], [""dq100_10_log_variance"", ""cycle10_rms_c_timeweighted"", ""dq100_10_q05_ah"", ""dq100_10_mean_ah""], [""dq100_10_log_variance"", ""cycle10_rms_c_timeweighted"", ""dq100_10_q05_ah"", ""dq100_10_mean_ah""]]",29
Voting_equal_plus_top2/repeat3/outer5/xgb/tune,xgb,plus_top2,0,"{""learning_rate"": 0.03, ""max_depth"": 1, ""min_child_weight"": 3, ""n_estimators"": 250, ""reg_lambda"": 10.0}",8.633137387761993,"[[""dq100_10_log_variance"", ""cycle10_rms_c_timeweighted"", ""dq100_10_q05_ah"", ""dq100_10_mean_ah""], [""dq100_10_log_variance"", ""cycle10_rms_c_timeweighted"", ""dq100_10_q05_ah"", ""dq100_10_mean_ah""], [""dq100_10_log_variance"", ""cycle10_rms_c_timeweighted"", ""dq100_10_q05_ah"", ""dq100_10_mean_ah""]]",29
Voting_equal_plus_top2/repeat3/outer5/xgb/tune,xgb,plus_top2,1,"{""learning_rate"": 0.07, ""max_depth"": 3, ""min_child_weight"": 3, ""n_estimators"": 100, ""reg_lambda"": 30.0}",10.128730538423545,"[[""dq100_10_log_variance"", ""cycle10_rms_c_timeweighted"", ""dq100_10_q05_ah"", ""dq100_10_mean_ah""], [""dq100_10_log_variance"", ""cycle10_rms_c_timeweighted"", ""dq100_10_q05_ah"", ""dq100_10_mean_ah""], [""dq100_10_log_variance"", ""cycle10_rms_c_timeweighted"", ""dq100_10_q05_ah"", ""dq100_10_mean_ah""]]",29
Voting_equal_plus_top2/repeat3/outer5/xgb/tune,xgb,plus_top2,2,"{""learning_rate"": 0.03, ""max_depth"": 2, ""min_child_weight"": 5, ""n_estimators"": 100, ""reg_lambda"": 1.0}",9.032704569582366,"[[""dq100_10_log_variance"", ""cycle10_rms_c_timeweighted"", ""dq100_10_q05_ah"", ""dq100_10_mean_ah""], [""dq100_10_log_variance"", ""cycle10_rms_c_timeweighted"", ""dq100_10_q05_ah"", ""dq100_10_mean_ah""], [""dq100_10_log_variance"", ""cycle10_rms_c_timeweighted"", ""dq100_10_q05_ah"", ""dq100_10_mean_ah""]]",29
Voting_equal_plus_top2/repeat3/outer5/xgb/tune,xgb,plus_top2,3,"{""learning_rate"": 0.03, ""max_depth"": 1, ""min_child_weight"": 3, ""n_estimators"": 100, ""reg_lambda"": 1.0}",9.273824212024746,"[[""dq100_10_log_variance"", ""cycle10_rms_c_timeweighted"", ""dq100_10_q05_ah"", ""dq100_10_mean_ah""], [""dq100_10_log_variance"", ""cycle10_rms_c_timeweighted"", ""dq100_10_q05_ah"", ""dq100_10_mean_ah""], [""dq100_10_log_variance"", ""cycle10_rms_c_timeweighted"", ""dq100_10_q05_ah"", ""dq100_10_mean_ah""]]",29
Voting_equal_plus_top2/repeat3/outer5/xgb/tune,xgb,plus_top2,4,"{""learning_rate"": 0.03, ""max_depth"": 3, ""min_child_weight"": 3, ""n_estimators"": 250, ""reg_lambda"": 10.0}",8.723143924321427,"[[""dq100_10_log_variance"", ""cycle10_rms_c_timeweighted"", ""dq100_10_q05_ah"", ""dq100_10_mean_ah""], [""dq100_10_log_variance"", ""cycle10_rms_c_timeweighted"", ""dq100_10_q05_ah"", ""dq100_10_mean_ah""], [""dq100_10_log_variance"", ""cycle10_rms_c_timeweighted"", ""dq100_10_q05_ah"", ""dq100_10_mean_ah""]]",29
Voting_equal_plus_top2/repeat3/outer5/xgb/tune,xgb,plus_top2,5,"{""learning_rate"": 0.07, ""max_depth"": 2, ""min_child_weight"": 3, ""n_estimators"": 100, ""reg_lambda"": 30.0}",10.024644327995757,"[[""dq100_10_log_variance"", ""cycle10_rms_c_timeweighted"", ""dq100_10_q05_ah"", ""dq100_10_mean_ah""], [""dq100_10_log_variance"", ""cycle10_rms_c_timeweighted"", ""dq100_10_q05_ah"", ""dq100_10_mean_ah""], [""dq100_10_log_variance"", ""cycle10_rms_c_timeweighted"", ""dq100_10_q05_ah"", ""dq100_10_mean_ah""]]",29
Voting_equal_plus_top2/repeat3/outer5/xgb/tune,xgb,plus_top2,6,"{""learning_rate"": 0.03, ""max_depth"": 1, ""min_child_weight"": 5, ""n_estimators"": 250, ""reg_lambda"": 10.0}",8.39059362731497,"[[""dq100_10_log_variance"", ""cycle10_rms_c_timeweighted"", ""dq100_10_q05_ah"", ""dq100_10_mean_ah""], [""dq100_10_log_variance"", ""cycle10_rms_c_timeweighted"", ""dq100_10_q05_ah"", ""dq100_10_mean_ah""], [""dq100_10_log_variance"", ""cycle10_rms_c_timeweighted"", ""dq100_10_q05_ah"", ""dq100_10_mean_ah""]]",29
Voting_equal_plus_top2/repeat3/outer5/xgb/tune,xgb,plus_top2,7,"{""learning_rate"": 0.03, ""max_depth"": 3, ""min_child_weight"": 5, ""n_estimators"": 250, ""reg_lambda"": 10.0}",8.664743651117723,"[[""dq100_10_log_variance"", ""cycle10_rms_c_timeweighted"", ""dq100_10_q05_ah"", ""dq100_10_mean_ah""], [""dq100_10_log_variance"", ""cycle10_rms_c_timeweighted"", ""dq100_10_q05_ah"", ""dq100_10_mean_ah""], [""dq100_10_log_variance"", ""cycle10_rms_c_timeweighted"", ""dq100_10_q05_ah"", ""dq100_10_mean_ah""]]",29
Voting_equal_plus_top2/repeat3/outer5/xgb/tune,xgb,plus_top2,8,"{""learning_rate"": 0.03, ""max_depth"": 2, ""min_child_weight"": 3, ""n_estimators"": 100, ""reg_lambda"": 1.0}",8.776809512573056,"[[""dq100_10_log_variance"", ""cycle10_rms_c_timeweighted"", ""dq100_10_q05_ah"", ""dq100_10_mean_ah""], [""dq100_10_log_variance"", ""cycle10_rms_c_timeweighted"", ""dq100_10_q05_ah"", ""dq100_10_mean_ah""], [""dq100_10_log_variance"", ""cycle10_rms_c_timeweighted"", ""dq100_10_q05_ah"", ""dq100_10_mean_ah""]]",29
Voting_equal_plus_top2/repeat3/outer5/xgb/tune,xgb,plus_top2,9,"{""learning_rate"": 0.07, ""max_depth"": 2, ""min_child_weight"": 5, ""n_estimators"": 100, ""reg_lambda"": 1.0}",9.980137369411102,"[[""dq100_10_log_variance"", ""cycle10_rms_c_timeweighted"", ""dq100_10_q05_ah"", ""dq100_10_mean_ah""], [""dq100_10_log_variance"", ""cycle10_rms_c_timeweighted"", ""dq100_10_q05_ah"", ""dq100_10_mean_ah""], [""dq100_10_log_variance"", ""cycle10_rms_c_timeweighted"", ""dq100_10_q05_ah"", ""dq100_10_mean_ah""]]",29
Voting_equal_plus_top2/repeat3/outer5/xgb/tune,xgb,plus_top2,10,"{""learning_rate"": 0.07, ""max_depth"": 1, ""min_child_weight"": 5, ""n_estimators"": 250, ""reg_lambda"": 30.0}",8.289853923669407,"[[""dq100_10_log_variance"", ""cycle10_rms_c_timeweighted"", ""dq100_10_q05_ah"", ""dq100_10_mean_ah""], [""dq100_10_log_variance"", ""cycle10_rms_c_timeweighted"", ""dq100_10_q05_ah"", ""dq100_10_mean_ah""], [""dq100_10_log_variance"", ""cycle10_rms_c_timeweighted"", ""dq100_10_q05_ah"", ""dq100_10_mean_ah""]]",29
Voting_equal_plus_top2/repeat3/outer5/xgb/tune,xgb,plus_top2,11,"{""learning_rate"": 0.03, ""max_depth"": 3, ""min_child_weight"": 5, ""n_estimators"": 100, ""reg_lambda"": 10.0}",9.610803479663105,"[[""dq100_10_log_variance"", ""cycle10_rms_c_timeweighted"", ""dq100_10_q05_ah"", ""dq100_10_mean_ah""], [""dq100_10_log_variance"", ""cycle10_rms_c_timeweighted"", ""dq100_10_q05_ah"", ""dq100_10_mean_ah""], [""dq100_10_log_variance"", ""cycle10_rms_c_timeweighted"", ""dq100_10_q05_ah"", ""dq100_10_mean_ah""]]",29
Stacking_Ridge_baseline/repeat1/outer1/meta1/xgb/tune,xgb,baseline,0,"{""learning_rate"": 0.03, ""max_depth"": 1, ""min_child_weight"": 3, ""n_estimators"": 250, ""reg_lambda"": 10.0}",11.082313785751959,"[[""dq100_10_log_variance"", ""cycle10_rms_c_timeweighted""], [""dq100_10_log_variance"", ""cycle10_rms_c_timeweighted""], [""dq100_10_log_variance"", ""cycle10_rms_c_timeweighted""]]",18
Stacking_Ridge_baseline/repeat1/outer1/meta1/xgb/tune,xgb,baseline,1,"{""learning_rate"": 0.07, ""max_depth"": 3, ""min_child_weight"": 3, ""n_estimators"": 100, ""reg_lambda"": 30.0}",12.058599810282262,"[[""dq100_10_log_variance"", ""cycle10_rms_c_timeweighted""], [""dq100_10_log_variance"", ""cycle10_rms_c_timeweighted""], [""dq100_10_log_variance"", ""cycle10_rms_c_timeweighted""]]",18
Stacking_Ridge_baseline/repeat1/outer1/meta1/xgb/tune,xgb,baseline,2,"{""learning_rate"": 0.03, ""max_depth"": 2, ""min_child_weight"": 5, ""n_estimators"": 100, ""reg_lambda"": 1.0}",12.03913678746969,"[[""dq100_10_log_variance"", ""cycle10_rms_c_timeweighted""], [""dq100_10_log_variance"", ""cycle10_rms_c_timeweighted""], [""dq100_10_log_variance"", ""cycle10_rms_c_timeweighted""]]",18
Stacking_Ridge_baseline/repeat1/outer1/meta1/xgb/tune,xgb,baseline,3,"{""learning_rate"": 0.03, ""max_depth"": 1, ""min_child_weight"": 3, ""n_estimators"": 100, ""reg_lambda"": 1.0}",10.925822998696594,"[[""dq100_10_log_variance"", ""cycle10_rms_c_timeweighted""], [""dq100_10_log_variance"", ""cycle10_rms_c_timeweighted""], [""dq100_10_log_variance"", ""cycle10_rms_c_timeweighted""]]",18
Stacking_Ridge_baseline/repeat1/outer1/meta1/xgb/tune,xgb,baseline,4,"{""learning_rate"": 0.03, ""max_depth"": 3, ""min_child_weight"": 3, ""n_estimators"": 250, ""reg_lambda"": 10.0}",10.852454242538728,"[[""dq100_10_log_variance"", ""cycle10_rms_c_timeweighted""], [""dq100_10_log_variance"", ""cycle10_rms_c_timeweighted""], [""dq100_10_log_variance"", ""cycle10_rms_c_timeweighted""]]",18
Stacking_Ridge_baseline/repeat1/outer1/meta1/xgb/tune,xgb,baseline,5,"{""learning_rate"": 0.07, ""max_depth"": 2, ""min_child_weight"": 3, ""n_estimators"": 100, ""reg_lambda"": 30.0}",12.058599810282262,"[[""dq100_10_log_variance"", ""cycle10_rms_c_timeweighted""], [""dq100_10_log_variance"", ""cycle10_rms_c_timeweighted""], [""dq100_10_log_variance"", ""cycle10_rms_c_timeweighted""]]",18
Stacking_Ridge_baseline/repeat1/outer1/meta1/xgb/tune,xgb,baseline,6,"{""learning_rate"": 0.03, ""max_depth"": 1, ""min_child_weight"": 5, ""n_estimators"": 250, ""reg_lambda"": 10.0}",12.136527250794758,"[[""dq100_10_log_variance"", ""cycle10_rms_c_timeweighted""], [""dq100_10_log_variance"", ""cycle10_rms_c_timeweighted""], [""dq100_10_log_variance"", ""cycle10_rms_c_timeweighted""]]",18
Stacking_Ridge_baseline/repeat1/outer1/meta1/xgb/tune,xgb,baseline,7,"{""learning_rate"": 0.03, ""max_depth"": 3, ""min_child_weight"": 5, ""n_estimators"": 250, ""reg_lambda"": 10.0}",12.136527250794758,"[[""dq100_10_log_variance"", ""cycle10_rms_c_timeweighted""], [""dq100_10_log_variance"", ""cycle10_rms_c_timeweighted""], [""dq100_10_log_variance"", ""cycle10_rms_c_timeweighted""]]",18
Stacking_Ridge_baseline/repeat1/outer1/meta1/xgb/tune,xgb,baseline,8,"{""learning_rate"": 0.03, ""max_depth"": 2, ""min_child_weight"": 3, ""n_estimators"": 100, ""reg_lambda"": 1.0}",10.583189044208906,"[[""dq100_10_log_variance"", ""cycle10_rms_c_timeweighted""], [""dq100_10_log_variance"", ""cycle10_rms_c_timeweighted""], [""dq100_10_log_variance"", ""cycle10_rms_c_timeweighted""]]",18
Stacking_Ridge_baseline/repeat1/outer1/meta1/xgb/tune,xgb,baseline,9,"{""learning_rate"": 0.07, ""max_depth"": 2, ""min_child_weight"": 5, ""n_estimators"": 100, ""reg_lambda"": 1.0}",12.777120362394138,"[[""dq100_10_log_variance"", ""cycle10_rms_c_timeweighted""], [""dq100_10_log_variance"", ""cycle10_rms_c_timeweighted""], [""dq100_10_log_variance"", ""cycle10_rms_c_timeweighted""]]",18
Stacking_Ridge_baseline/repeat1/outer1/meta1/xgb/tune,xgb,baseline,10,"{""learning_rate"": 0.07, ""max_depth"": 1, ""min_child_weight"": 5, ""n_estimators"": 250, ""reg_lambda"": 30.0}",12.201120312687497,"[[""dq100_10_log_variance"", ""cycle10_rms_c_timeweighted""], [""dq100_10_log_variance"", ""cycle10_rms_c_timeweighted""], [""dq100_10_log_variance"", ""cycle10_rms_c_timeweighted""]]",18
Stacking_Ridge_baseline/repeat1/outer1/meta1/xgb/tune,xgb,baseline,11,"{""learning_rate"": 0.03, ""max_depth"": 3, ""min_child_weight"": 5, ""n_estimators"": 100, ""reg_lambda"": 10.0}",12.330209991530104,"[[""dq100_10_log_variance"", ""cycle10_rms_c_timeweighted""], [""dq100_10_log_variance"", ""cycle10_rms_c_timeweighted""], [""dq100_10_log_variance"", ""cycle10_rms_c_timeweighted""]]",18
Stacking_Ridge_baseline/repeat1/outer1/meta2/xgb/tune,xgb,baseline,0,"{""learning_rate"": 0.03, ""max_depth"": 1, ""min_child_weight"": 3, ""n_estimators"": 250, ""reg_lambda"": 10.0}",10.534747205872383,"[[""dq100_10_log_variance"", ""cycle10_rms_c_timeweighted""], [""dq100_10_log_variance"", ""cycle10_rms_c_timeweighted""], [""dq100_10_log_variance"", ""cycle10_rms_c_timeweighted""]]",18
Stacking_Ridge_baseline/repeat1/outer1/meta2/xgb/tune,xgb,baseline,1,"{""learning_rate"": 0.07, ""max_depth"": 3, ""min_child_weight"": 3, ""n_estimators"": 100, ""reg_lambda"": 30.0}",11.233698641495378,"[[""dq100_10_log_variance"", ""cycle10_rms_c_timeweighted""], [""dq100_10_log_variance"", ""cycle10_rms_c_timeweighted""], [""dq100_10_log_variance"", ""cycle10_rms_c_timeweighted""]]",18
Stacking_Ridge_baseline/repeat1/outer1/meta2/xgb/tune,xgb,baseline,2,"{""learning_rate"": 0.03, ""max_depth"": 2, ""min_child_weight"": 5, ""n_estimators"": 100, ""reg_lambda"": 1.0}",10.040415845725994,"[[""dq100_10_log_variance"", ""cycle10_rms_c_timeweighted""], [""dq100_10_log_variance"", ""cycle10_rms_c_timeweighted""], [""dq100_10_log_variance"", ""cycle10_rms_c_timeweighted""]]",18
Stacking_Ridge_baseline/repeat1/outer1/meta2/xgb/tune,xgb,baseline,3,"{""learning_rate"": 0.03, ""max_depth"": 1, ""min_child_weight"": 3, ""n_estimators"": 100, ""reg_lambda"": 1.0}",10.977003632061063,"[[""dq100_10_log_variance"", ""cycle10_rms_c_timeweighted""], [""dq100_10_log_variance"", ""cycle10_rms_c_timeweighted""], [""dq100_10_log_variance"", ""cycle10_rms_c_timeweighted""]]",18
Stacking_Ridge_baseline/repeat1/outer1/meta2/xgb/tune,xgb,baseline,4,"{""learning_rate"": 0.03, ""max_depth"": 3, ""min_child_weight"": 3, ""n_estimators"": 250, ""reg_lambda"": 10.0}",10.331786031420492,"[[""dq100_10_log_variance"", ""cycle10_rms_c_timeweighted""], [""dq100_10_log_variance"", ""cycle10_rms_c_timeweighted""], [""dq100_10_log_variance"", ""cycle10_rms_c_timeweighted""]]",18
Stacking_Ridge_baseline/repeat1/outer1/meta2/xgb/tune,xgb,baseline,5,"{""learning_rate"": 0.07, ""max_depth"": 2, ""min_child_weight"": 3, ""n_estimators"": 100, ""reg_lambda"": 30.0}",11.233698641495378,"[[""dq100_10_log_variance"", ""cycle10_rms_c_timeweighted""], [""dq100_10_log_variance"", ""cycle10_rms_c_timeweighted""], [""dq100_10_log_variance"", ""cycle10_rms_c_timeweighted""]]",18
Stacking_Ridge_baseline/repeat1/outer1/meta2/xgb/tune,xgb,baseline,6,"{""learning_rate"": 0.03, ""max_depth"": 1, ""min_child_weight"": 5, ""n_estimators"": 250, ""reg_lambda"": 10.0}",10.148048323889537,"[[""dq100_10_log_variance"", ""cycle10_rms_c_timeweighted""], [""dq100_10_log_variance"", ""cycle10_rms_c_timeweighted""], [""dq100_10_log_variance"", ""cycle10_rms_c_timeweighted""]]",18
Stacking_Ridge_baseline/repeat1/outer1/meta2/xgb/tune,xgb,baseline,7,"{""learning_rate"": 0.03, ""max_depth"": 3, ""min_child_weight"": 5, ""n_estimators"": 250, ""reg_lambda"": 10.0}",10.148048323889537,"[[""dq100_10_log_variance"", ""cycle10_rms_c_timeweighted""], [""dq100_10_log_variance"", ""cycle10_rms_c_timeweighted""], [""dq100_10_log_variance"", ""cycle10_rms_c_timeweighted""]]",18
Stacking_Ridge_baseline/repeat1/outer1/meta2/xgb/tune,xgb,baseline,8,"{""learning_rate"": 0.03, ""max_depth"": 2, ""min_child_weight"": 3, ""n_estimators"": 100, ""reg_lambda"": 1.0}",10.837006243721824,"[[""dq100_10_log_variance"", ""cycle10_rms_c_timeweighted""], [""dq100_10_log_variance"", ""cycle10_rms_c_timeweighted""], [""dq100_10_log_variance"", ""cycle10_rms_c_timeweighted""]]",18
Stacking_Ridge_baseline/repeat1/outer1/meta2/xgb/tune,xgb,baseline,9,"{""learning_rate"": 0.07, ""max_depth"": 2, ""min_child_weight"": 5, ""n_estimators"": 100, ""reg_lambda"": 1.0}",11.491602368037155,"[[""dq100_10_log_variance"", ""cycle10_rms_c_timeweighted""], [""dq100_10_log_variance"", ""cycle10_rms_c_timeweighted""], [""dq100_10_log_variance"", ""cycle10_rms_c_timeweighted""]]",18
Stacking_Ridge_baseline/repeat1/outer1/meta2/xgb/tune,xgb,baseline,10,"{""learning_rate"": 0.07, ""max_depth"": 1, ""min_child_weight"": 5, ""n_estimators"": 250, ""reg_lambda"": 30.0}",10.994427300463338,"[[""dq100_10_log_variance"", ""cycle10_rms_c_timeweighted""], [""dq100_10_log_variance"", ""cycle10_rms_c_timeweighted""], [""dq100_10_log_variance"", ""cycle10_rms_c_timeweighted""]]",18
Stacking_Ridge_baseline/repeat1/outer1/meta2/xgb/tune,xgb,baseline,11,"{""learning_rate"": 0.03, ""max_depth"": 3, ""min_child_weight"": 5, ""n_estimators"": 100, ""reg_lambda"": 10.0}",10.192299762261896,"[[""dq100_10_log_variance"", ""cycle10_rms_c_timeweighted""], [""dq100_10_log_variance"", ""cycle10_rms_c_timeweighted""], [""dq100_10_log_variance"", ""cycle10_rms_c_timeweighted""]]",18
Stacking_Ridge_baseline/repeat1/outer1/meta3/xgb/tune,xgb,baseline,0,"{""learning_rate"": 0.03, ""max_depth"": 1, ""min_child_weight"": 3, ""n_estimators"": 250, ""reg_lambda"": 10.0}",13.38476637734155,"[[""dq100_10_log_variance"", ""cycle10_rms_c_timeweighted""], [""dq100_10_log_variance"", ""cycle10_rms_c_timeweighted""], [""dq100_10_log_variance"", ""cycle10_rms_c_timeweighted""]]",20
Stacking_Ridge_baseline/repeat1/outer1/meta3/xgb/tune,xgb,baseline,1,"{""learning_rate"": 0.07, ""max_depth"": 3, ""min_child_weight"": 3, ""n_estimators"": 100, ""reg_lambda"": 30.0}",15.009767226889153,"[[""dq100_10_log_variance"", ""cycle10_rms_c_timeweighted""], [""dq100_10_log_variance"", ""cycle10_rms_c_timeweighted""], [""dq100_10_log_variance"", ""cycle10_rms_c_timeweighted""]]",20
Stacking_Ridge_baseline/repeat1/outer1/meta3/xgb/tune,xgb,baseline,2,"{""learning_rate"": 0.03, ""max_depth"": 2, ""min_child_weight"": 5, ""n_estimators"": 100, ""reg_lambda"": 1.0}",13.1020937106618,"[[""dq100_10_log_variance"", ""cycle10_rms_c_timeweighted""], [""dq100_10_log_variance"", ""cycle10_rms_c_timeweighted""], [""dq100_10_log_variance"", ""cycle10_rms_c_timeweighted""]]",20
Stacking_Ridge_baseline/repeat1/outer1/meta3/xgb/tune,xgb,baseline,3,"{""learning_rate"": 0.03, ""max_depth"": 1, ""min_child_weight"": 3, ""n_estimators"": 100, ""reg_lambda"": 1.0}",13.525814827269429,"[[""dq100_10_log_variance"", ""cycle10_rms_c_timeweighted""], [""dq100_10_log_variance"", ""cycle10_rms_c_timeweighted""], [""dq100_10_log_variance"", ""cycle10_rms_c_timeweighted""]]",20
Stacking_Ridge_baseline/repeat1/outer1/meta3/xgb/tune,xgb,baseline,4,"{""learning_rate"": 0.03, ""max_depth"": 3, ""min_child_weight"": 3, ""n_estimators"": 250, ""reg_lambda"": 10.0}",13.203205078956604,"[[""dq100_10_log_variance"", ""cycle10_rms_c_timeweighted""], [""dq100_10_log_variance"", ""cycle10_rms_c_timeweighted""], [""dq100_10_log_variance"", ""cycle10_rms_c_timeweighted""]]",20
Stacking_Ridge_baseline/repeat1/outer1/meta3/xgb/tune,xgb,baseline,5,"{""learning_rate"": 0.07, ""max_depth"": 2, ""min_child_weight"": 3, ""n_estimators"": 100, ""reg_lambda"": 30.0}",15.009197250770143,"[[""dq100_10_log_variance"", ""cycle10_rms_c_timeweighted""], [""dq100_10_log_variance"", ""cycle10_rms_c_timeweighted""], [""dq100_10_log_variance"", ""cycle10_rms_c_timeweighted""]]",20
Stacking_Ridge_baseline/repeat1/outer1/meta3/xgb/tune,xgb,baseline,6,"{""learning_rate"": 0.03, ""max_depth"": 1, ""min_child_weight"": 5, ""n_estimators"": 250, ""reg_lambda"": 10.0}",12.908326706193005,"[[""dq100_10_log_variance"", ""cycle10_rms_c_timeweighted""], [""dq100_10_log_variance"", ""cycle10_rms_c_timeweighted""], [""dq100_10_log_variance"", ""cycle10_rms_c_timeweighted""]]",20
Stacking_Ridge_baseline/repeat1/outer1/meta3/xgb/tune,xgb,baseline,7,"{""learning_rate"": 0.03, ""max_depth"": 3, ""min_child_weight"": 5, ""n_estimators"": 250, ""reg_lambda"": 10.0}",12.908326706193005,"[[""dq100_10_log_variance"", ""cycle10_rms_c_timeweighted""], [""dq100_10_log_variance"", ""cycle10_rms_c_timeweighted""], [""dq100_10_log_variance"", ""cycle10_rms_c_timeweighted""]]",20
Stacking_Ridge_baseline/repeat1/outer1/meta3/xgb/tune,xgb,baseline,8,"{""learning_rate"": 0.03, ""max_depth"": 2, ""min_child_weight"": 3, ""n_estimators"": 100, ""reg_lambda"": 1.0}",12.931888390189657,"[[""dq100_10_log_variance"", ""cycle10_rms_c_timeweighted""], [""dq100_10_log_variance"", ""cycle10_rms_c_timeweighted""], [""dq100_10_log_variance"", ""cycle10_rms_c_timeweighted""]]",20
Stacking_Ridge_baseline/repeat1/outer1/meta3/xgb/tune,xgb,baseline,9,"{""learning_rate"": 0.07, ""max_depth"": 2, ""min_child_weight"": 5, ""n_estimators"": 100, ""reg_lambda"": 1.0}",12.209623694601982,"[[""dq100_10_log_variance"", ""cycle10_rms_c_timeweighted""], [""dq100_10_log_variance"", ""cycle10_rms_c_timeweighted""], [""dq100_10_log_variance"", ""cycle10_rms_c_timeweighted""]]",20
Stacking_Ridge_baseline/repeat1/outer1/meta3/xgb/tune,xgb,baseline,10,"{""learning_rate"": 0.07, ""max_depth"": 1, ""min_child_weight"": 5, ""n_estimators"": 250, ""reg_lambda"": 30.0}",12.800198078400884,"[[""dq100_10_log_variance"", ""cycle10_rms_c_timeweighted""], [""dq100_10_log_variance"", ""cycle10_rms_c_timeweighted""], [""dq100_10_log_variance"", ""cycle10_rms_c_timeweighted""]]",20
Stacking_Ridge_baseline/repeat1/outer1/meta3/xgb/tune,xgb,baseline,11,"{""learning_rate"": 0.03, ""max_depth"": 3, ""min_child_weight"": 5, ""n_estimators"": 100, ""reg_lambda"": 10.0}",15.47023335127761,"[[""dq100_10_log_variance"", ""cycle10_rms_c_timeweighted""], [""dq100_10_log_variance"", ""cycle10_rms_c_timeweighted""], [""dq100_10_log_variance"", ""cycle10_rms_c_timeweighted""]]",20
Stacking_Ridge_baseline/repeat1/outer2/meta1/xgb/tune,xgb,baseline,0,"{""learning_rate"": 0.03, ""max_depth"": 1, ""min_child_weight"": 3, ""n_estimators"": 250, ""reg_lambda"": 10.0}",12.996765158357206,"[[""dq100_10_log_variance"", ""cycle10_rms_c_timeweighted""], [""dq100_10_log_variance"", ""cycle10_rms_c_timeweighted""], [""dq100_10_log_variance"", ""cycle10_rms_c_timeweighted""]]",18
Stacking_Ridge_baseline/repeat1/outer2/meta1/xgb/tune,xgb,baseline,1,"{""learning_rate"": 0.07, ""max_depth"": 3, ""min_child_weight"": 3, ""n_estimators"": 100, ""reg_lambda"": 30.0}",15.702978889127571,"[[""dq100_10_log_variance"", ""cycle10_rms_c_timeweighted""], [""dq100_10_log_variance"", ""cycle10_rms_c_timeweighted""], [""dq100_10_log_variance"", ""cycle10_rms_c_timeweighted""]]",18
Stacking_Ridge_baseline/repeat1/outer2/meta1/xgb/tune,xgb,baseline,2,"{""learning_rate"": 0.03, ""max_depth"": 2, ""min_child_weight"": 5, ""n_estimators"": 100, ""reg_lambda"": 1.0}",14.615422147978743,"[[""dq100_10_log_variance"", ""cycle10_rms_c_timeweighted""], [""dq100_10_log_variance"", ""cycle10_rms_c_timeweighted""], [""dq100_10_log_variance"", ""cycle10_rms_c_timeweighted""]]",18
Stacking_Ridge_baseline/repeat1/outer2/meta1/xgb/tune,xgb,baseline,3,"{""learning_rate"": 0.03, ""max_depth"": 1, ""min_child_weight"": 3, ""n_estimators"": 100, ""reg_lambda"": 1.0}",13.093545521696088,"[[""dq100_10_log_variance"", ""cycle10_rms_c_timeweighted""], [""dq100_10_log_variance"", ""cycle10_rms_c_timeweighted""], [""dq100_10_log_variance"", ""cycle10_rms_c_timeweighted""]]",18
Stacking_Ridge_baseline/repeat1/outer2/meta1/xgb/tune,xgb,baseline,4,"{""learning_rate"": 0.03, ""max_depth"": 3, ""min_child_weight"": 3, ""n_estimators"": 250, ""reg_lambda"": 10.0}",13.024264676279437,"[[""dq100_10_log_variance"", ""cycle10_rms_c_timeweighted""], [""dq100_10_log_variance"", ""cycle10_rms_c_timeweighted""], [""dq100_10_log_variance"", ""cycle10_rms_c_timeweighted""]]",18
Stacking_Ridge_baseline/repeat1/outer2/meta1/xgb/tune,xgb,baseline,5,"{""learning_rate"": 0.07, ""max_depth"": 2, ""min_child_weight"": 3, ""n_estimators"": 100, ""reg_lambda"": 30.0}",15.702978889127571,"[[""dq100_10_log_variance"", ""cycle10_rms_c_timeweighted""], [""dq100_10_log_variance"", ""cycle10_rms_c_timeweighted""], [""dq100_10_log_variance"", ""cycle10_rms_c_timeweighted""]]",18
Stacking_Ridge_baseline/repeat1/outer2/meta1/xgb/tune,xgb,baseline,6,"{""learning_rate"": 0.03, ""max_depth"": 1, ""min_child_weight"": 5, ""n_estimators"": 250, ""reg_lambda"": 10.0}",14.383670367069307,"[[""dq100_10_log_variance"", ""cycle10_rms_c_timeweighted""], [""dq100_10_log_variance"", ""cycle10_rms_c_timeweighted""], [""dq100_10_log_variance"", ""cycle10_rms_c_timeweighted""]]",18
Stacking_Ridge_baseline/repeat1/outer2/meta1/xgb/tune,xgb,baseline,7,"{""learning_rate"": 0.03, ""max_depth"": 3, ""min_child_weight"": 5, ""n_estimators"": 250, ""reg_lambda"": 10.0}",14.383670367069307,"[[""dq100_10_log_variance"", ""cycle10_rms_c_timeweighted""], [""dq100_10_log_variance"", ""cycle10_rms_c_timeweighted""], [""dq100_10_log_variance"", ""cycle10_rms_c_timeweighted""]]",18
Stacking_Ridge_baseline/repeat1/outer2/meta1/xgb/tune,xgb,baseline,8,"{""learning_rate"": 0.03, ""max_depth"": 2, ""min_child_weight"": 3, ""n_estimators"": 100, ""reg_lambda"": 1.0}",12.572837735948028,"[[""dq100_10_log_variance"", ""cycle10_rms_c_timeweighted""], [""dq100_10_log_variance"", ""cycle10_rms_c_timeweighted""], [""dq100_10_log_variance"", ""cycle10_rms_c_timeweighted""]]",18
Stacking_Ridge_baseline/repeat1/outer2/meta1/xgb/tune,xgb,baseline,9,"{""learning_rate"": 0.07, ""max_depth"": 2, ""min_child_weight"": 5, ""n_estimators"": 100, ""reg_lambda"": 1.0}",14.487950718861175,"[[""dq100_10_log_variance"", ""cycle10_rms_c_timeweighted""], [""dq100_10_log_variance"", ""cycle10_rms_c_timeweighted""], [""dq100_10_log_variance"", ""cycle10_rms_c_timeweighted""]]",18
Stacking_Ridge_baseline/repeat1/outer2/meta1/xgb/tune,xgb,baseline,10,"{""learning_rate"": 0.07, ""max_depth"": 1, ""min_child_weight"": 5, ""n_estimators"": 250, ""reg_lambda"": 30.0}",14.298083691433394,"[[""dq100_10_log_variance"", ""cycle10_rms_c_timeweighted""], [""dq100_10_log_variance"", ""cycle10_rms_c_timeweighted""], [""dq100_10_log_variance"", ""cycle10_rms_c_timeweighted""]]",18
Stacking_Ridge_baseline/repeat1/outer2/meta1/xgb/tune,xgb,baseline,11,"{""learning_rate"": 0.03, ""max_depth"": 3, ""min_child_weight"": 5, ""n_estimators"": 100, ""reg_lambda"": 10.0}",15.871852742695358,"[[""dq100_10_log_variance"", ""cycle10_rms_c_timeweighted""], [""dq100_10_log_variance"", ""cycle10_rms_c_timeweighted""], [""dq100_10_log_variance"", ""cycle10_rms_c_timeweighted""]]",18
Stacking_Ridge_baseline/repeat1/outer2/meta2/xgb/tune,xgb,baseline,0,"{""learning_rate"": 0.03, ""max_depth"": 1, ""min_child_weight"": 3, ""n_estimators"": 250, ""reg_lambda"": 10.0}",12.141049003151599,"[[""dq100_10_log_variance"", ""cycle10_rms_c_timeweighted""], [""dq100_10_log_variance"", ""cycle10_rms_c_timeweighted""], [""dq100_10_log_variance"", ""cycle10_rms_c_timeweighted""]]",17
Stacking_Ridge_baseline/repeat1/outer2/meta2/xgb/tune,xgb,baseline,1,"{""learning_rate"": 0.07, ""max_depth"": 3, ""min_child_weight"": 3, ""n_estimators"": 100, ""reg_lambda"": 30.0}",11.509526736000865,"[[""dq100_10_log_variance"", ""cycle10_rms_c_timeweighted""], [""dq100_10_log_variance"", ""cycle10_rms_c_timeweighted""], [""dq100_10_log_variance"", ""cycle10_rms_c_timeweighted""]]",17
Stacking_Ridge_baseline/repeat1/outer2/meta2/xgb/tune,xgb,baseline,2,"{""learning_rate"": 0.03, ""max_depth"": 2, ""min_child_weight"": 5, ""n_estimators"": 100, ""reg_lambda"": 1.0}",11.553913240786521,"[[""dq100_10_log_variance"", ""cycle10_rms_c_timeweighted""], [""dq100_10_log_variance"", ""cycle10_rms_c_timeweighted""], [""dq100_10_log_variance"", ""cycle10_rms_c_timeweighted""]]",17
Stacking_Ridge_baseline/repeat1/outer2/meta2/xgb/tune,xgb,baseline,3,"{""learning_rate"": 0.03, ""max_depth"": 1, ""min_child_weight"": 3, ""n_estimators"": 100, ""reg_lambda"": 1.0}",12.298699603032516,"[[""dq100_10_log_variance"", ""cycle10_rms_c_timeweighted""], [""dq100_10_log_variance"", ""cycle10_rms_c_timeweighted""], [""dq100_10_log_variance"", ""cycle10_rms_c_timeweighted""]]",17
Stacking_Ridge_baseline/repeat1/outer2/meta2/xgb/tune,xgb,baseline,4,"{""learning_rate"": 0.03, ""max_depth"": 3, ""min_child_weight"": 3, ""n_estimators"": 250, ""reg_lambda"": 10.0}",12.904095209596353,"[[""dq100_10_log_variance"", ""cycle10_rms_c_timeweighted""], [""dq100_10_log_variance"", ""cycle10_rms_c_timeweighted""], [""dq100_10_log_variance"", ""cycle10_rms_c_timeweighted""]]",17
Stacking_Ridge_baseline/repeat1/outer2/meta2/xgb/tune,xgb,baseline,5,"{""learning_rate"": 0.07, ""max_depth"": 2, ""min_child_weight"": 3, ""n_estimators"": 100, ""reg_lambda"": 30.0}",11.509526736000865,"[[""dq100_10_log_variance"", ""cycle10_rms_c_timeweighted""], [""dq100_10_log_variance"", ""cycle10_rms_c_timeweighted""], [""dq100_10_log_variance"", ""cycle10_rms_c_timeweighted""]]",17
Stacking_Ridge_baseline/repeat1/outer2/meta2/xgb/tune,xgb,baseline,6,"{""learning_rate"": 0.03, ""max_depth"": 1, ""min_child_weight"": 5, ""n_estimators"": 250, ""reg_lambda"": 10.0}",11.582570810554829,"[[""dq100_10_log_variance"", ""cycle10_rms_c_timeweighted""], [""dq100_10_log_variance"", ""cycle10_rms_c_timeweighted""], [""dq100_10_log_variance"", ""cycle10_rms_c_timeweighted""]]",17
Stacking_Ridge_baseline/repeat1/outer2/meta2/xgb/tune,xgb,baseline,7,"{""learning_rate"": 0.03, ""max_depth"": 3, ""min_child_weight"": 5, ""n_estimators"": 250, ""reg_lambda"": 10.0}",11.582570810554829,"[[""dq100_10_log_variance"", ""cycle10_rms_c_timeweighted""], [""dq100_10_log_variance"", ""cycle10_rms_c_timeweighted""], [""dq100_10_log_variance"", ""cycle10_rms_c_timeweighted""]]",17
Stacking_Ridge_baseline/repeat1/outer2/meta2/xgb/tune,xgb,baseline,8,"{""learning_rate"": 0.03, ""max_depth"": 2, ""min_child_weight"": 3, ""n_estimators"": 100, ""reg_lambda"": 1.0}",13.43541217665741,"[[""dq100_10_log_variance"", ""cycle10_rms_c_timeweighted""], [""dq100_10_log_variance"", ""cycle10_rms_c_timeweighted""], [""dq100_10_log_variance"", ""cycle10_rms_c_timeweighted""]]",17
Stacking_Ridge_baseline/repeat1/outer2/meta2/xgb/tune,xgb,baseline,9,"{""learning_rate"": 0.07, ""max_depth"": 2, ""min_child_weight"": 5, ""n_estimators"": 100, ""reg_lambda"": 1.0}",12.624426317965145,"[[""dq100_10_log_variance"", ""cycle10_rms_c_timeweighted""], [""dq100_10_log_variance"", ""cycle10_rms_c_timeweighted""], [""dq100_10_log_variance"", ""cycle10_rms_c_timeweighted""]]",17
Stacking_Ridge_baseline/repeat1/outer2/meta2/xgb/tune,xgb,baseline,10,"{""learning_rate"": 0.07, ""max_depth"": 1, ""min_child_weight"": 5, ""n_estimators"": 250, ""reg_lambda"": 30.0}",11.592355247770264,"[[""dq100_10_log_variance"", ""cycle10_rms_c_timeweighted""], [""dq100_10_log_variance"", ""cycle10_rms_c_timeweighted""], [""dq100_10_log_variance"", ""cycle10_rms_c_timeweighted""]]",17
Stacking_Ridge_baseline/repeat1/outer2/meta2/xgb/tune,xgb,baseline,11,"{""learning_rate"": 0.03, ""max_depth"": 3, ""min_child_weight"": 5, ""n_estimators"": 100, ""reg_lambda"": 10.0}",11.185480589215757,"[[""dq100_10_log_variance"", ""cycle10_rms_c_timeweighted""], [""dq100_10_log_variance"", ""cycle10_rms_c_timeweighted""], [""dq100_10_log_variance"", ""cycle10_rms_c_timeweighted""]]",17
Stacking_Ridge_baseline/repeat1/outer2/meta3/xgb/tune,xgb,baseline,0,"{""learning_rate"": 0.03, ""max_depth"": 1, ""min_child_weight"": 3, ""n_estimators"": 250, ""reg_lambda"": 10.0}",16.520622270390074,"[[""dq100_10_log_variance"", ""cycle10_rms_c_timeweighted""], [""dq100_10_log_variance"", ""cycle10_rms_c_timeweighted""], [""dq100_10_log_variance"", ""cycle10_rms_c_timeweighted""]]",19
Stacking_Ridge_baseline/repeat1/outer2/meta3/xgb/tune,xgb,baseline,1,"{""learning_rate"": 0.07, ""max_depth"": 3, ""min_child_weight"": 3, ""n_estimators"": 100, ""reg_lambda"": 30.0}",13.43713592594893,"[[""dq100_10_log_variance"", ""cycle10_rms_c_timeweighted""], [""dq100_10_log_variance"", ""cycle10_rms_c_timeweighted""], [""dq100_10_log_variance"", ""cycle10_rms_c_timeweighted""]]",19
Stacking_Ridge_baseline/repeat1/outer2/meta3/xgb/tune,xgb,baseline,2,"{""learning_rate"": 0.03, ""max_depth"": 2, ""min_child_weight"": 5, ""n_estimators"": 100, ""reg_lambda"": 1.0}",13.127264940400549,"[[""dq100_10_log_variance"", ""cycle10_rms_c_timeweighted""], [""dq100_10_log_variance"", ""cycle10_rms_c_timeweighted""], [""dq100_10_log_variance"", ""cycle10_rms_c_timeweighted""]]",19
Stacking_Ridge_baseline/repeat1/outer2/meta3/xgb/tune,xgb,baseline,3,"{""learning_rate"": 0.03, ""max_depth"": 1, ""min_child_weight"": 3, ""n_estimators"": 100, ""reg_lambda"": 1.0}",17.228670578167495,"[[""dq100_10_log_variance"", ""cycle10_rms_c_timeweighted""], [""dq100_10_log_variance"", ""cycle10_rms_c_timeweighted""], [""dq100_10_log_variance"", ""cycle10_rms_c_timeweighted""]]",19
Stacking_Ridge_baseline/repeat1/outer2/meta3/xgb/tune,xgb,baseline,4,"{""learning_rate"": 0.03, ""max_depth"": 3, ""min_child_weight"": 3, ""n_estimators"": 250, ""reg_lambda"": 10.0}",16.370184348010934,"[[""dq100_10_log_variance"", ""cycle10_rms_c_timeweighted""], [""dq100_10_log_variance"", ""cycle10_rms_c_timeweighted""], [""dq100_10_log_variance"", ""cycle10_rms_c_timeweighted""]]",19
Stacking_Ridge_baseline/repeat1/outer2/meta3/xgb/tune,xgb,baseline,5,"{""learning_rate"": 0.07, ""max_depth"": 2, ""min_child_weight"": 3, ""n_estimators"": 100, ""reg_lambda"": 30.0}",13.43623460420271,"[[""dq100_10_log_variance"", ""cycle10_rms_c_timeweighted""], [""dq100_10_log_variance"", ""cycle10_rms_c_timeweighted""], [""dq100_10_log_variance"", ""cycle10_rms_c_timeweighted""]]",19
Stacking_Ridge_baseline/repeat1/outer2/meta3/xgb/tune,xgb,baseline,6,"{""learning_rate"": 0.03, ""max_depth"": 1, ""min_child_weight"": 5, ""n_estimators"": 250, ""reg_lambda"": 10.0}",13.036441791966578,"[[""dq100_10_log_variance"", ""cycle10_rms_c_timeweighted""], [""dq100_10_log_variance"", ""cycle10_rms_c_timeweighted""], [""dq100_10_log_variance"", ""cycle10_rms_c_timeweighted""]]",19
Stacking_Ridge_baseline/repeat1/outer2/meta3/xgb/tune,xgb,baseline,7,"{""learning_rate"": 0.03, ""max_depth"": 3, ""min_child_weight"": 5, ""n_estimators"": 250, ""reg_lambda"": 10.0}",13.036441791966578,"[[""dq100_10_log_variance"", ""cycle10_rms_c_timeweighted""], [""dq100_10_log_variance"", ""cycle10_rms_c_timeweighted""], [""dq100_10_log_variance"", ""cycle10_rms_c_timeweighted""]]",19
Stacking_Ridge_baseline/repeat1/outer2/meta3/xgb/tune,xgb,baseline,8,"{""learning_rate"": 0.03, ""max_depth"": 2, ""min_child_weight"": 3, ""n_estimators"": 100, ""reg_lambda"": 1.0}",17.58894439143721,"[[""dq100_10_log_variance"", ""cycle10_rms_c_timeweighted""], [""dq100_10_log_variance"", ""cycle10_rms_c_timeweighted""], [""dq100_10_log_variance"", ""cycle10_rms_c_timeweighted""]]",19
Stacking_Ridge_baseline/repeat1/outer2/meta3/xgb/tune,xgb,baseline,9,"{""learning_rate"": 0.07, ""max_depth"": 2, ""min_child_weight"": 5, ""n_estimators"": 100, ""reg_lambda"": 1.0}",13.453707401038354,"[[""dq100_10_log_variance"", ""cycle10_rms_c_timeweighted""], [""dq100_10_log_variance"", ""cycle10_rms_c_timeweighted""], [""dq100_10_log_variance"", ""cycle10_rms_c_timeweighted""]]",19
Stacking_Ridge_baseline/repeat1/outer2/meta3/xgb/tune,xgb,baseline,10,"{""learning_rate"": 0.07, ""max_depth"": 1, ""min_child_weight"": 5, ""n_estimators"": 250, ""reg_lambda"": 30.0}",13.03028696487968,"[[""dq100_10_log_variance"", ""cycle10_rms_c_timeweighted""], [""dq100_10_log_variance"", ""cycle10_rms_c_timeweighted""], [""dq100_10_log_variance"", ""cycle10_rms_c_timeweighted""]]",19
Stacking_Ridge_baseline/repeat1/outer2/meta3/xgb/tune,xgb,baseline,11,"{""learning_rate"": 0.03, ""max_depth"": 3, ""min_child_weight"": 5, ""n_estimators"": 100, ""reg_lambda"": 10.0}",13.167935777923601,"[[""dq100_10_log_variance"", ""cycle10_rms_c_timeweighted""], [""dq100_10_log_variance"", ""cycle10_rms_c_timeweighted""], [""dq100_10_log_variance"", ""cycle10_rms_c_timeweighted""]]",19
Stacking_Ridge_baseline/repeat1/outer3/meta1/xgb/tune,xgb,baseline,0,"{""learning_rate"": 0.03, ""max_depth"": 1, ""min_child_weight"": 3, ""n_estimators"": 250, ""reg_lambda"": 10.0}",11.404026523592714,"[[""dq100_10_log_variance"", ""cycle10_rms_c_timeweighted""], [""dq100_10_log_variance"", ""cycle10_rms_c_timeweighted""], [""dq100_10_log_variance"", ""cycle10_rms_c_timeweighted""]]",18
Stacking_Ridge_baseline/repeat1/outer3/meta1/xgb/tune,xgb,baseline,1,"{""learning_rate"": 0.07, ""max_depth"": 3, ""min_child_weight"": 3, ""n_estimators"": 100, ""reg_lambda"": 30.0}",13.070270926203634,"[[""dq100_10_log_variance"", ""cycle10_rms_c_timeweighted""], [""dq100_10_log_variance"", ""cycle10_rms_c_timeweighted""], [""dq100_10_log_variance"", ""cycle10_rms_c_timeweighted""]]",18
Stacking_Ridge_baseline/repeat1/outer3/meta1/xgb/tune,xgb,baseline,2,"{""learning_rate"": 0.03, ""max_depth"": 2, ""min_child_weight"": 5, ""n_estimators"": 100, ""reg_lambda"": 1.0}",11.658889836197012,"[[""dq100_10_log_variance"", ""cycle10_rms_c_timeweighted""], [""dq100_10_log_variance"", ""cycle10_rms_c_timeweighted""], [""dq100_10_log_variance"", ""cycle10_rms_c_timeweighted""]]",18
Stacking_Ridge_baseline/repeat1/outer3/meta1/xgb/tune,xgb,baseline,3,"{""learning_rate"": 0.03, ""max_depth"": 1, ""min_child_weight"": 3, ""n_estimators"": 100, ""reg_lambda"": 1.0}",11.789078624700904,"[[""dq100_10_log_variance"", ""cycle10_rms_c_timeweighted""], [""dq100_10_log_variance"", ""cycle10_rms_c_timeweighted""], [""dq100_10_log_variance"", ""cycle10_rms_c_timeweighted""]]",18
Stacking_Ridge_baseline/repeat1/outer3/meta1/xgb/tune,xgb,baseline,4,"{""learning_rate"": 0.03, ""max_depth"": 3, ""min_child_weight"": 3, ""n_estimators"": 250, ""reg_lambda"": 10.0}",11.871726200036465,"[[""dq100_10_log_variance"", ""cycle10_rms_c_timeweighted""], [""dq100_10_log_variance"", ""cycle10_rms_c_timeweighted""], [""dq100_10_log_variance"", ""cycle10_rms_c_timeweighted""]]",18
Stacking_Ridge_baseline/repeat1/outer3/meta1/xgb/tune,xgb,baseline,5,"{""learning_rate"": 0.07, ""max_depth"": 2, ""min_child_weight"": 3, ""n_estimators"": 100, ""reg_lambda"": 30.0}",13.070270926203634,"[[""dq100_10_log_variance"", ""cycle10_rms_c_timeweighted""], [""dq100_10_log_variance"", ""cycle10_rms_c_timeweighted""], [""dq100_10_log_variance"", ""cycle10_rms_c_timeweighted""]]",18
Stacking_Ridge_baseline/repeat1/outer3/meta1/xgb/tune,xgb,baseline,6,"{""learning_rate"": 0.03, ""max_depth"": 1, ""min_child_weight"": 5, ""n_estimators"": 250, ""reg_lambda"": 10.0}",11.714990191035337,"[[""dq100_10_log_variance"", ""cycle10_rms_c_timeweighted""], [""dq100_10_log_variance"", ""cycle10_rms_c_timeweighted""], [""dq100_10_log_variance"", ""cycle10_rms_c_timeweighted""]]",18
Stacking_Ridge_baseline/repeat1/outer3/meta1/xgb/tune,xgb,baseline,7,"{""learning_rate"": 0.03, ""max_depth"": 3, ""min_child_weight"": 5, ""n_estimators"": 250, ""reg_lambda"": 10.0}",11.714990191035337,"[[""dq100_10_log_variance"", ""cycle10_rms_c_timeweighted""], [""dq100_10_log_variance"", ""cycle10_rms_c_timeweighted""], [""dq100_10_log_variance"", ""cycle10_rms_c_timeweighted""]]",18
Stacking_Ridge_baseline/repeat1/outer3/meta1/xgb/tune,xgb,baseline,8,"{""learning_rate"": 0.03, ""max_depth"": 2, ""min_child_weight"": 3, ""n_estimators"": 100, ""reg_lambda"": 1.0}",11.861799704070751,"[[""dq100_10_log_variance"", ""cycle10_rms_c_timeweighted""], [""dq100_10_log_variance"", ""cycle10_rms_c_timeweighted""], [""dq100_10_log_variance"", ""cycle10_rms_c_timeweighted""]]",18
Stacking_Ridge_baseline/repeat1/outer3/meta1/xgb/tune,xgb,baseline,9,"{""learning_rate"": 0.07, ""max_depth"": 2, ""min_child_weight"": 5, ""n_estimators"": 100, ""reg_lambda"": 1.0}",12.612228495030061,"[[""dq100_10_log_variance"", ""cycle10_rms_c_timeweighted""], [""dq100_10_log_variance"", ""cycle10_rms_c_timeweighted""], [""dq100_10_log_variance"", ""cycle10_rms_c_timeweighted""]]",18
Stacking_Ridge_baseline/repeat1/outer3/meta1/xgb/tune,xgb,baseline,10,"{""learning_rate"": 0.07, ""max_depth"": 1, ""min_child_weight"": 5, ""n_estimators"": 250, ""reg_lambda"": 30.0}",11.759361525176036,"[[""dq100_10_log_variance"", ""cycle10_rms_c_timeweighted""], [""dq100_10_log_variance"", ""cycle10_rms_c_timeweighted""], [""dq100_10_log_variance"", ""cycle10_rms_c_timeweighted""]]",18
Stacking_Ridge_baseline/repeat1/outer3/meta1/xgb/tune,xgb,baseline,11,"{""learning_rate"": 0.03, ""max_depth"": 3, ""min_child_weight"": 5, ""n_estimators"": 100, ""reg_lambda"": 10.0}",12.65562251961178,"[[""dq100_10_log_variance"", ""cycle10_rms_c_timeweighted""], [""dq100_10_log_variance"", ""cycle10_rms_c_timeweighted""], [""dq100_10_log_variance"", ""cycle10_rms_c_timeweighted""]]",18
Stacking_Ridge_baseline/repeat1/outer3/meta2/xgb/tune,xgb,baseline,0,"{""learning_rate"": 0.03, ""max_depth"": 1, ""min_child_weight"": 3, ""n_estimators"": 250, ""reg_lambda"": 10.0}",15.332090840760031,"[[""dq100_10_log_variance"", ""cycle10_rms_c_timeweighted""], [""dq100_10_log_variance"", ""cycle10_rms_c_timeweighted""], [""dq100_10_log_variance"", ""cycle10_rms_c_timeweighted""]]",17
Stacking_Ridge_baseline/repeat1/outer3/meta2/xgb/tune,xgb,baseline,1,"{""learning_rate"": 0.07, ""max_depth"": 3, ""min_child_weight"": 3, ""n_estimators"": 100, ""reg_lambda"": 30.0}",17.490669143600343,"[[""dq100_10_log_variance"", ""cycle10_rms_c_timeweighted""], [""dq100_10_log_variance"", ""cycle10_rms_c_timeweighted""], [""dq100_10_log_variance"", ""cycle10_rms_c_timeweighted""]]",17
Stacking_Ridge_baseline/repeat1/outer3/meta2/xgb/tune,xgb,baseline,2,"{""learning_rate"": 0.03, ""max_depth"": 2, ""min_child_weight"": 5, ""n_estimators"": 100, ""reg_lambda"": 1.0}",16.676024349400283,"[[""dq100_10_log_variance"", ""cycle10_rms_c_timeweighted""], [""dq100_10_log_variance"", ""cycle10_rms_c_timeweighted""], [""dq100_10_log_variance"", ""cycle10_rms_c_timeweighted""]]",17
Stacking_Ridge_baseline/repeat1/outer3/meta2/xgb/tune,xgb,baseline,3,"{""learning_rate"": 0.03, ""max_depth"": 1, ""min_child_weight"": 3, ""n_estimators"": 100, ""reg_lambda"": 1.0}",15.90884450530989,"[[""dq100_10_log_variance"", ""cycle10_rms_c_timeweighted""], [""dq100_10_log_variance"", ""cycle10_rms_c_timeweighted""], [""dq100_10_log_variance"", ""cycle10_rms_c_timeweighted""]]",17
Stacking_Ridge_baseline/repeat1/outer3/meta2/xgb/tune,xgb,baseline,4,"{""learning_rate"": 0.03, ""max_depth"": 3, ""min_child_weight"": 3, ""n_estimators"": 250, ""reg_lambda"": 10.0}",16.020993545258317,"[[""dq100_10_log_variance"", ""cycle10_rms_c_timeweighted""], [""dq100_10_log_variance"", ""cycle10_rms_c_timeweighted""], [""dq100_10_log_variance"", ""cycle10_rms_c_timeweighted""]]",17
Stacking_Ridge_baseline/repeat1/outer3/meta2/xgb/tune,xgb,baseline,5,"{""learning_rate"": 0.07, ""max_depth"": 2, ""min_child_weight"": 3, ""n_estimators"": 100, ""reg_lambda"": 30.0}",17.490669143600343,"[[""dq100_10_log_variance"", ""cycle10_rms_c_timeweighted""], [""dq100_10_log_variance"", ""cycle10_rms_c_timeweighted""], [""dq100_10_log_variance"", ""cycle10_rms_c_timeweighted""]]",17
Stacking_Ridge_baseline/repeat1/outer3/meta2/xgb/tune,xgb,baseline,6,"{""learning_rate"": 0.03, ""max_depth"": 1, ""min_child_weight"": 5, ""n_estimators"": 250, ""reg_lambda"": 10.0}",16.617897202152676,"[[""dq100_10_log_variance"", ""cycle10_rms_c_timeweighted""], [""dq100_10_log_variance"", ""cycle10_rms_c_timeweighted""], [""dq100_10_log_variance"", ""cycle10_rms_c_timeweighted""]]",17
Stacking_Ridge_baseline/repeat1/outer3/meta2/xgb/tune,xgb,baseline,7,"{""learning_rate"": 0.03, ""max_depth"": 3, ""min_child_weight"": 5, ""n_estimators"": 250, ""reg_lambda"": 10.0}",16.617897202152676,"[[""dq100_10_log_variance"", ""cycle10_rms_c_timeweighted""], [""dq100_10_log_variance"", ""cycle10_rms_c_timeweighted""], [""dq100_10_log_variance"", ""cycle10_rms_c_timeweighted""]]",17
Stacking_Ridge_baseline/repeat1/outer3/meta2/xgb/tune,xgb,baseline,8,"{""learning_rate"": 0.03, ""max_depth"": 2, ""min_child_weight"": 3, ""n_estimators"": 100, ""reg_lambda"": 1.0}",15.914987241217137,"[[""dq100_10_log_variance"", ""cycle10_rms_c_timeweighted""], [""dq100_10_log_variance"", ""cycle10_rms_c_timeweighted""], [""dq100_10_log_variance"", ""cycle10_rms_c_timeweighted""]]",17
Stacking_Ridge_baseline/repeat1/outer3/meta2/xgb/tune,xgb,baseline,9,"{""learning_rate"": 0.07, ""max_depth"": 2, ""min_child_weight"": 5, ""n_estimators"": 100, ""reg_lambda"": 1.0}",17.073184000124296,"[[""dq100_10_log_variance"", ""cycle10_rms_c_timeweighted""], [""dq100_10_log_variance"", ""cycle10_rms_c_timeweighted""], [""dq100_10_log_variance"", ""cycle10_rms_c_timeweighted""]]",17
Stacking_Ridge_baseline/repeat1/outer3/meta2/xgb/tune,xgb,baseline,10,"{""learning_rate"": 0.07, ""max_depth"": 1, ""min_child_weight"": 5, ""n_estimators"": 250, ""reg_lambda"": 30.0}",16.59758132122201,"[[""dq100_10_log_variance"", ""cycle10_rms_c_timeweighted""], [""dq100_10_log_variance"", ""cycle10_rms_c_timeweighted""], [""dq100_10_log_variance"", ""cycle10_rms_c_timeweighted""]]",17
Stacking_Ridge_baseline/repeat1/outer3/meta2/xgb/tune,xgb,baseline,11,"{""learning_rate"": 0.03, ""max_depth"": 3, ""min_child_weight"": 5, ""n_estimators"": 100, ""reg_lambda"": 10.0}",17.247807696732767,"[[""dq100_10_log_variance"", ""cycle10_rms_c_timeweighted""], [""dq100_10_log_variance"", ""cycle10_rms_c_timeweighted""], [""dq100_10_log_variance"", ""cycle10_rms_c_timeweighted""]]",17
Stacking_Ridge_baseline/repeat1/outer3/meta3/xgb/tune,xgb,baseline,0,"{""learning_rate"": 0.03, ""max_depth"": 1, ""min_child_weight"": 3, ""n_estimators"": 250, ""reg_lambda"": 10.0}",10.067635275889685,"[[""dq100_10_log_variance"", ""cycle10_rms_c_timeweighted""], [""dq100_10_log_variance"", ""cycle10_rms_c_timeweighted""], [""dq100_10_log_variance"", ""cycle10_rms_c_timeweighted""]]",19
Stacking_Ridge_baseline/repeat1/outer3/meta3/xgb/tune,xgb,baseline,1,"{""learning_rate"": 0.07, ""max_depth"": 3, ""min_child_weight"": 3, ""n_estimators"": 100, ""reg_lambda"": 30.0}",10.891405279552336,"[[""dq100_10_log_variance"", ""cycle10_rms_c_timeweighted""], [""dq100_10_log_variance"", ""cycle10_rms_c_timeweighted""], [""dq100_10_log_variance"", ""cycle10_rms_c_timeweighted""]]",19
Stacking_Ridge_baseline/repeat1/outer3/meta3/xgb/tune,xgb,baseline,2,"{""learning_rate"": 0.03, ""max_depth"": 2, ""min_child_weight"": 5, ""n_estimators"": 100, ""reg_lambda"": 1.0}",11.762645046756152,"[[""dq100_10_log_variance"", ""cycle10_rms_c_timeweighted""], [""dq100_10_log_variance"", ""cycle10_rms_c_timeweighted""], [""dq100_10_log_variance"", ""cycle10_rms_c_timeweighted""]]",19
Stacking_Ridge_baseline/repeat1/outer3/meta3/xgb/tune,xgb,baseline,3,"{""learning_rate"": 0.03, ""max_depth"": 1, ""min_child_weight"": 3, ""n_estimators"": 100, ""reg_lambda"": 1.0}",9.826785654500805,"[[""dq100_10_log_variance"", ""cycle10_rms_c_timeweighted""], [""dq100_10_log_variance"", ""cycle10_rms_c_timeweighted""], [""dq100_10_log_variance"", ""cycle10_rms_c_timeweighted""]]",19
Stacking_Ridge_baseline/repeat1/outer3/meta3/xgb/tune,xgb,baseline,4,"{""learning_rate"": 0.03, ""max_depth"": 3, ""min_child_weight"": 3, ""n_estimators"": 250, ""reg_lambda"": 10.0}",9.583500141294717,"[[""dq100_10_log_variance"", ""cycle10_rms_c_timeweighted""], [""dq100_10_log_variance"", ""cycle10_rms_c_timeweighted""], [""dq100_10_log_variance"", ""cycle10_rms_c_timeweighted""]]",19
Stacking_Ridge_baseline/repeat1/outer3/meta3/xgb/tune,xgb,baseline,5,"{""learning_rate"": 0.07, ""max_depth"": 2, ""min_child_weight"": 3, ""n_estimators"": 100, ""reg_lambda"": 30.0}",10.888095364071445,"[[""dq100_10_log_variance"", ""cycle10_rms_c_timeweighted""], [""dq100_10_log_variance"", ""cycle10_rms_c_timeweighted""], [""dq100_10_log_variance"", ""cycle10_rms_c_timeweighted""]]",19
Stacking_Ridge_baseline/repeat1/outer3/meta3/xgb/tune,xgb,baseline,6,"{""learning_rate"": 0.03, ""max_depth"": 1, ""min_child_weight"": 5, ""n_estimators"": 250, ""reg_lambda"": 10.0}",11.727398815561022,"[[""dq100_10_log_variance"", ""cycle10_rms_c_timeweighted""], [""dq100_10_log_variance"", ""cycle10_rms_c_timeweighted""], [""dq100_10_log_variance"", ""cycle10_rms_c_timeweighted""]]",19
Stacking_Ridge_baseline/repeat1/outer3/meta3/xgb/tune,xgb,baseline,7,"{""learning_rate"": 0.03, ""max_depth"": 3, ""min_child_weight"": 5, ""n_estimators"": 250, ""reg_lambda"": 10.0}",11.727398815561022,"[[""dq100_10_log_variance"", ""cycle10_rms_c_timeweighted""], [""dq100_10_log_variance"", ""cycle10_rms_c_timeweighted""], [""dq100_10_log_variance"", ""cycle10_rms_c_timeweighted""]]",19
Stacking_Ridge_baseline/repeat1/outer3/meta3/xgb/tune,xgb,baseline,8,"{""learning_rate"": 0.03, ""max_depth"": 2, ""min_child_weight"": 3, ""n_estimators"": 100, ""reg_lambda"": 1.0}",9.189657351126057,"[[""dq100_10_log_variance"", ""cycle10_rms_c_timeweighted""], [""dq100_10_log_variance"", ""cycle10_rms_c_timeweighted""], [""dq100_10_log_variance"", ""cycle10_rms_c_timeweighted""]]",19
Stacking_Ridge_baseline/repeat1/outer3/meta3/xgb/tune,xgb,baseline,9,"{""learning_rate"": 0.07, ""max_depth"": 2, ""min_child_weight"": 5, ""n_estimators"": 100, ""reg_lambda"": 1.0}",11.774999878571734,"[[""dq100_10_log_variance"", ""cycle10_rms_c_timeweighted""], [""dq100_10_log_variance"", ""cycle10_rms_c_timeweighted""], [""dq100_10_log_variance"", ""cycle10_rms_c_timeweighted""]]",19
Stacking_Ridge_baseline/repeat1/outer3/meta3/xgb/tune,xgb,baseline,10,"{""learning_rate"": 0.07, ""max_depth"": 1, ""min_child_weight"": 5, ""n_estimators"": 250, ""reg_lambda"": 30.0}",11.724039683973102,"[[""dq100_10_log_variance"", ""cycle10_rms_c_timeweighted""], [""dq100_10_log_variance"", ""cycle10_rms_c_timeweighted""], [""dq100_10_log_variance"", ""cycle10_rms_c_timeweighted""]]",19
Stacking_Ridge_baseline/repeat1/outer3/meta3/xgb/tune,xgb,baseline,11,"{""learning_rate"": 0.03, ""max_depth"": 3, ""min_child_weight"": 5, ""n_estimators"": 100, ""reg_lambda"": 10.0}",11.928988670616729,"[[""dq100_10_log_variance"", ""cycle10_rms_c_timeweighted""], [""dq100_10_log_variance"", ""cycle10_rms_c_timeweighted""], [""dq100_10_log_variance"", ""cycle10_rms_c_timeweighted""]]",19
Stacking_Ridge_baseline/repeat1/outer4/meta1/xgb/tune,xgb,baseline,0,"{""learning_rate"": 0.03, ""max_depth"": 1, ""min_child_weight"": 3, ""n_estimators"": 250, ""reg_lambda"": 10.0}",16.277132209316832,"[[""dq100_10_log_variance"", ""cycle10_rms_c_timeweighted""], [""dq100_10_log_variance"", ""cycle10_rms_c_timeweighted""], [""dq100_10_log_variance"", ""cycle10_rms_c_timeweighted""]]",20
Stacking_Ridge_baseline/repeat1/outer4/meta1/xgb/tune,xgb,baseline,1,"{""learning_rate"": 0.07, ""max_depth"": 3, ""min_child_weight"": 3, ""n_estimators"": 100, ""reg_lambda"": 30.0}",17.656491650813543,"[[""dq100_10_log_variance"", ""cycle10_rms_c_timeweighted""], [""dq100_10_log_variance"", ""cycle10_rms_c_timeweighted""], [""dq100_10_log_variance"", ""cycle10_rms_c_timeweighted""]]",20
Stacking_Ridge_baseline/repeat1/outer4/meta1/xgb/tune,xgb,baseline,2,"{""learning_rate"": 0.03, ""max_depth"": 2, ""min_child_weight"": 5, ""n_estimators"": 100, ""reg_lambda"": 1.0}",18.442445994845947,"[[""dq100_10_log_variance"", ""cycle10_rms_c_timeweighted""], [""dq100_10_log_variance"", ""cycle10_rms_c_timeweighted""], [""dq100_10_log_variance"", ""cycle10_rms_c_timeweighted""]]",20
Stacking_Ridge_baseline/repeat1/outer4/meta1/xgb/tune,xgb,baseline,3,"{""learning_rate"": 0.03, ""max_depth"": 1, ""min_child_weight"": 3, ""n_estimators"": 100, ""reg_lambda"": 1.0}",16.50128833371232,"[[""dq100_10_log_variance"", ""cycle10_rms_c_timeweighted""], [""dq100_10_log_variance"", ""cycle10_rms_c_timeweighted""], [""dq100_10_log_variance"", ""cycle10_rms_c_timeweighted""]]",20
Stacking_Ridge_baseline/repeat1/outer4/meta1/xgb/tune,xgb,baseline,4,"{""learning_rate"": 0.03, ""max_depth"": 3, ""min_child_weight"": 3, ""n_estimators"": 250, ""reg_lambda"": 10.0}",15.88617632210045,"[[""dq100_10_log_variance"", ""cycle10_rms_c_timeweighted""], [""dq100_10_log_variance"", ""cycle10_rms_c_timeweighted""], [""dq100_10_log_variance"", ""cycle10_rms_c_timeweighted""]]",20
Stacking_Ridge_baseline/repeat1/outer4/meta1/xgb/tune,xgb,baseline,5,"{""learning_rate"": 0.07, ""max_depth"": 2, ""min_child_weight"": 3, ""n_estimators"": 100, ""reg_lambda"": 30.0}",17.656491650813543,"[[""dq100_10_log_variance"", ""cycle10_rms_c_timeweighted""], [""dq100_10_log_variance"", ""cycle10_rms_c_timeweighted""], [""dq100_10_log_variance"", ""cycle10_rms_c_timeweighted""]]",20
Stacking_Ridge_baseline/repeat1/outer4/meta1/xgb/tune,xgb,baseline,6,"{""learning_rate"": 0.03, ""max_depth"": 1, ""min_child_weight"": 5, ""n_estimators"": 250, ""reg_lambda"": 10.0}",18.369881537094564,"[[""dq100_10_log_variance"", ""cycle10_rms_c_timeweighted""], [""dq100_10_log_variance"", ""cycle10_rms_c_timeweighted""], [""dq100_10_log_variance"", ""cycle10_rms_c_timeweighted""]]",20
Stacking_Ridge_baseline/repeat1/outer4/meta1/xgb/tune,xgb,baseline,7,"{""learning_rate"": 0.03, ""max_depth"": 3, ""min_child_weight"": 5, ""n_estimators"": 250, ""reg_lambda"": 10.0}",18.369881537094564,"[[""dq100_10_log_variance"", ""cycle10_rms_c_timeweighted""], [""dq100_10_log_variance"", ""cycle10_rms_c_timeweighted""], [""dq100_10_log_variance"", ""cycle10_rms_c_timeweighted""]]",20
Stacking_Ridge_baseline/repeat1/outer4/meta1/xgb/tune,xgb,baseline,8,"{""learning_rate"": 0.03, ""max_depth"": 2, ""min_child_weight"": 3, ""n_estimators"": 100, ""reg_lambda"": 1.0}",15.433606284649654,"[[""dq100_10_log_variance"", ""cycle10_rms_c_timeweighted""], [""dq100_10_log_variance"", ""cycle10_rms_c_timeweighted""], [""dq100_10_log_variance"", ""cycle10_rms_c_timeweighted""]]",20
Stacking_Ridge_baseline/repeat1/outer4/meta1/xgb/tune,xgb,baseline,9,"{""learning_rate"": 0.07, ""max_depth"": 2, ""min_child_weight"": 5, ""n_estimators"": 100, ""reg_lambda"": 1.0}",18.114354240527977,"[[""dq100_10_log_variance"", ""cycle10_rms_c_timeweighted""], [""dq100_10_log_variance"", ""cycle10_rms_c_timeweighted""], [""dq100_10_log_variance"", ""cycle10_rms_c_timeweighted""]]",20
Stacking_Ridge_baseline/repeat1/outer4/meta1/xgb/tune,xgb,baseline,10,"{""learning_rate"": 0.07, ""max_depth"": 1, ""min_child_weight"": 5, ""n_estimators"": 250, ""reg_lambda"": 30.0}",18.328272943200137,"[[""dq100_10_log_variance"", ""cycle10_rms_c_timeweighted""], [""dq100_10_log_variance"", ""cycle10_rms_c_timeweighted""], [""dq100_10_log_variance"", ""cycle10_rms_c_timeweighted""]]",20
Stacking_Ridge_baseline/repeat1/outer4/meta1/xgb/tune,xgb,baseline,11,"{""learning_rate"": 0.03, ""max_depth"": 3, ""min_child_weight"": 5, ""n_estimators"": 100, ""reg_lambda"": 10.0}",18.813469385321905,"[[""dq100_10_log_variance"", ""cycle10_rms_c_timeweighted""], [""dq100_10_log_variance"", ""cycle10_rms_c_timeweighted""], [""dq100_10_log_variance"", ""cycle10_rms_c_timeweighted""]]",20
Stacking_Ridge_baseline/repeat1/outer4/meta2/xgb/tune,xgb,baseline,0,"{""learning_rate"": 0.03, ""max_depth"": 1, ""min_child_weight"": 3, ""n_estimators"": 250, ""reg_lambda"": 10.0}",8.388664260411135,"[[""dq100_10_log_variance"", ""cycle10_rms_c_timeweighted""], [""dq100_10_log_variance"", ""cycle10_rms_c_timeweighted""], [""dq100_10_log_variance"", ""cycle10_rms_c_timeweighted""]]",19
Stacking_Ridge_baseline/repeat1/outer4/meta2/xgb/tune,xgb,baseline,1,"{""learning_rate"": 0.07, ""max_depth"": 3, ""min_child_weight"": 3, ""n_estimators"": 100, ""reg_lambda"": 30.0}",11.396886626559985,"[[""dq100_10_log_variance"", ""cycle10_rms_c_timeweighted""], [""dq100_10_log_variance"", ""cycle10_rms_c_timeweighted""], [""dq100_10_log_variance"", ""cycle10_rms_c_timeweighted""]]",19
Stacking_Ridge_baseline/repeat1/outer4/meta2/xgb/tune,xgb,baseline,2,"{""learning_rate"": 0.03, ""max_depth"": 2, ""min_child_weight"": 5, ""n_estimators"": 100, ""reg_lambda"": 1.0}",9.013807156485058,"[[""dq100_10_log_variance"", ""cycle10_rms_c_timeweighted""], [""dq100_10_log_variance"", ""cycle10_rms_c_timeweighted""], [""dq100_10_log_variance"", ""cycle10_rms_c_timeweighted""]]",19
Stacking_Ridge_baseline/repeat1/outer4/meta2/xgb/tune,xgb,baseline,3,"{""learning_rate"": 0.03, ""max_depth"": 1, ""min_child_weight"": 3, ""n_estimators"": 100, ""reg_lambda"": 1.0}",8.40285672412891,"[[""dq100_10_log_variance"", ""cycle10_rms_c_timeweighted""], [""dq100_10_log_variance"", ""cycle10_rms_c_timeweighted""], [""dq100_10_log_variance"", ""cycle10_rms_c_timeweighted""]]",19
Stacking_Ridge_baseline/repeat1/outer4/meta2/xgb/tune,xgb,baseline,4,"{""learning_rate"": 0.03, ""max_depth"": 3, ""min_child_weight"": 3, ""n_estimators"": 250, ""reg_lambda"": 10.0}",8.682281259227977,"[[""dq100_10_log_variance"", ""cycle10_rms_c_timeweighted""], [""dq100_10_log_variance"", ""cycle10_rms_c_timeweighted""], [""dq100_10_log_variance"", ""cycle10_rms_c_timeweighted""]]",19
Stacking_Ridge_baseline/repeat1/outer4/meta2/xgb/tune,xgb,baseline,5,"{""learning_rate"": 0.07, ""max_depth"": 2, ""min_child_weight"": 3, ""n_estimators"": 100, ""reg_lambda"": 30.0}",11.396886626559985,"[[""dq100_10_log_variance"", ""cycle10_rms_c_timeweighted""], [""dq100_10_log_variance"", ""cycle10_rms_c_timeweighted""], [""dq100_10_log_variance"", ""cycle10_rms_c_timeweighted""]]",19
Stacking_Ridge_baseline/repeat1/outer4/meta2/xgb/tune,xgb,baseline,6,"{""learning_rate"": 0.03, ""max_depth"": 1, ""min_child_weight"": 5, ""n_estimators"": 250, ""reg_lambda"": 10.0}",8.8805381869256,"[[""dq100_10_log_variance"", ""cycle10_rms_c_timeweighted""], [""dq100_10_log_variance"", ""cycle10_rms_c_timeweighted""], [""dq100_10_log_variance"", ""cycle10_rms_c_timeweighted""]]",19
Stacking_Ridge_baseline/repeat1/outer4/meta2/xgb/tune,xgb,baseline,7,"{""learning_rate"": 0.03, ""max_depth"": 3, ""min_child_weight"": 5, ""n_estimators"": 250, ""reg_lambda"": 10.0}",8.8805381869256,"[[""dq100_10_log_variance"", ""cycle10_rms_c_timeweighted""], [""dq100_10_log_variance"", ""cycle10_rms_c_timeweighted""], [""dq100_10_log_variance"", ""cycle10_rms_c_timeweighted""]]",19
Stacking_Ridge_baseline/repeat1/outer4/meta2/xgb/tune,xgb,baseline,8,"{""learning_rate"": 0.03, ""max_depth"": 2, ""min_child_weight"": 3, ""n_estimators"": 100, ""reg_lambda"": 1.0}",8.560894725317238,"[[""dq100_10_log_variance"", ""cycle10_rms_c_timeweighted""], [""dq100_10_log_variance"", ""cycle10_rms_c_timeweighted""], [""dq100_10_log_variance"", ""cycle10_rms_c_timeweighted""]]",19
Stacking_Ridge_baseline/repeat1/outer4/meta2/xgb/tune,xgb,baseline,9,"{""learning_rate"": 0.07, ""max_depth"": 2, ""min_child_weight"": 5, ""n_estimators"": 100, ""reg_lambda"": 1.0}",8.068853731907277,"[[""dq100_10_log_variance"", ""cycle10_rms_c_timeweighted""], [""dq100_10_log_variance"", ""cycle10_rms_c_timeweighted""], [""dq100_10_log_variance"", ""cycle10_rms_c_timeweighted""]]",19
Stacking_Ridge_baseline/repeat1/outer4/meta2/xgb/tune,xgb,baseline,10,"{""learning_rate"": 0.07, ""max_depth"": 1, ""min_child_weight"": 5, ""n_estimators"": 250, ""reg_lambda"": 30.0}",8.815069272448094,"[[""dq100_10_log_variance"", ""cycle10_rms_c_timeweighted""], [""dq100_10_log_variance"", ""cycle10_rms_c_timeweighted""], [""dq100_10_log_variance"", ""cycle10_rms_c_timeweighted""]]",19
Stacking_Ridge_baseline/repeat1/outer4/meta2/xgb/tune,xgb,baseline,11,"{""learning_rate"": 0.03, ""max_depth"": 3, ""min_child_weight"": 5, ""n_estimators"": 100, ""reg_lambda"": 10.0}",11.740913899073627,"[[""dq100_10_log_variance"", ""cycle10_rms_c_timeweighted""], [""dq100_10_log_variance"", ""cycle10_rms_c_timeweighted""], [""dq100_10_log_variance"", ""cycle10_rms_c_timeweighted""]]",19
Stacking_Ridge_baseline/repeat1/outer4/meta3/xgb/tune,xgb,baseline,0,"{""learning_rate"": 0.03, ""max_depth"": 1, ""min_child_weight"": 3, ""n_estimators"": 250, ""reg_lambda"": 10.0}",10.234247806305607,"[[""dq100_10_log_variance"", ""cycle10_rms_c_timeweighted""], [""dq100_10_log_variance"", ""cycle10_rms_c_timeweighted""], [""dq100_10_log_variance"", ""cycle10_rms_c_timeweighted""]]",19
Stacking_Ridge_baseline/repeat1/outer4/meta3/xgb/tune,xgb,baseline,1,"{""learning_rate"": 0.07, ""max_depth"": 3, ""min_child_weight"": 3, ""n_estimators"": 100, ""reg_lambda"": 30.0}",11.000717391652422,"[[""dq100_10_log_variance"", ""cycle10_rms_c_timeweighted""], [""dq100_10_log_variance"", ""cycle10_rms_c_timeweighted""], [""dq100_10_log_variance"", ""cycle10_rms_c_timeweighted""]]",19
Stacking_Ridge_baseline/repeat1/outer4/meta3/xgb/tune,xgb,baseline,2,"{""learning_rate"": 0.03, ""max_depth"": 2, ""min_child_weight"": 5, ""n_estimators"": 100, ""reg_lambda"": 1.0}",15.088805192830218,"[[""dq100_10_log_variance"", ""cycle10_rms_c_timeweighted""], [""dq100_10_log_variance"", ""cycle10_rms_c_timeweighted""], [""dq100_10_log_variance"", ""cycle10_rms_c_timeweighted""]]",19
Stacking_Ridge_baseline/repeat1/outer4/meta3/xgb/tune,xgb,baseline,3,"{""learning_rate"": 0.03, ""max_depth"": 1, ""min_child_weight"": 3, ""n_estimators"": 100, ""reg_lambda"": 1.0}",10.278965212740765,"[[""dq100_10_log_variance"", ""cycle10_rms_c_timeweighted""], [""dq100_10_log_variance"", ""cycle10_rms_c_timeweighted""], [""dq100_10_log_variance"", ""cycle10_rms_c_timeweighted""]]",19
Stacking_Ridge_baseline/repeat1/outer4/meta3/xgb/tune,xgb,baseline,4,"{""learning_rate"": 0.03, ""max_depth"": 3, ""min_child_weight"": 3, ""n_estimators"": 250, ""reg_lambda"": 10.0}",10.158642090287294,"[[""dq100_10_log_variance"", ""cycle10_rms_c_timeweighted""], [""dq100_10_log_variance"", ""cycle10_rms_c_timeweighted""], [""dq100_10_log_variance"", ""cycle10_rms_c_timeweighted""]]",19
Stacking_Ridge_baseline/repeat1/outer4/meta3/xgb/tune,xgb,baseline,5,"{""learning_rate"": 0.07, ""max_depth"": 2, ""min_child_weight"": 3, ""n_estimators"": 100, ""reg_lambda"": 30.0}",11.000717391652422,"[[""dq100_10_log_variance"", ""cycle10_rms_c_timeweighted""], [""dq100_10_log_variance"", ""cycle10_rms_c_timeweighted""], [""dq100_10_log_variance"", ""cycle10_rms_c_timeweighted""]]",19
Stacking_Ridge_baseline/repeat1/outer4/meta3/xgb/tune,xgb,baseline,6,"{""learning_rate"": 0.03, ""max_depth"": 1, ""min_child_weight"": 5, ""n_estimators"": 250, ""reg_lambda"": 10.0}",15.15337595970372,"[[""dq100_10_log_variance"", ""cycle10_rms_c_timeweighted""], [""dq100_10_log_variance"", ""cycle10_rms_c_timeweighted""], [""dq100_10_log_variance"", ""cycle10_rms_c_timeweighted""]]",19
Stacking_Ridge_baseline/repeat1/outer4/meta3/xgb/tune,xgb,baseline,7,"{""learning_rate"": 0.03, ""max_depth"": 3, ""min_child_weight"": 5, ""n_estimators"": 250, ""reg_lambda"": 10.0}",15.15337595970372,"[[""dq100_10_log_variance"", ""cycle10_rms_c_timeweighted""], [""dq100_10_log_variance"", ""cycle10_rms_c_timeweighted""], [""dq100_10_log_variance"", ""cycle10_rms_c_timeweighted""]]",19
Stacking_Ridge_baseline/repeat1/outer4/meta3/xgb/tune,xgb,baseline,8,"{""learning_rate"": 0.03, ""max_depth"": 2, ""min_child_weight"": 3, ""n_estimators"": 100, ""reg_lambda"": 1.0}",10.837797382701863,"[[""dq100_10_log_variance"", ""cycle10_rms_c_timeweighted""], [""dq100_10_log_variance"", ""cycle10_rms_c_timeweighted""], [""dq100_10_log_variance"", ""cycle10_rms_c_timeweighted""]]",19
Stacking_Ridge_baseline/repeat1/outer4/meta3/xgb/tune,xgb,baseline,9,"{""learning_rate"": 0.07, ""max_depth"": 2, ""min_child_weight"": 5, ""n_estimators"": 100, ""reg_lambda"": 1.0}",15.85074327336948,"[[""dq100_10_log_variance"", ""cycle10_rms_c_timeweighted""], [""dq100_10_log_variance"", ""cycle10_rms_c_timeweighted""], [""dq100_10_log_variance"", ""cycle10_rms_c_timeweighted""]]",19
Stacking_Ridge_baseline/repeat1/outer4/meta3/xgb/tune,xgb,baseline,10,"{""learning_rate"": 0.07, ""max_depth"": 1, ""min_child_weight"": 5, ""n_estimators"": 250, ""reg_lambda"": 30.0}",15.340315460720122,"[[""dq100_10_log_variance"", ""cycle10_rms_c_timeweighted""], [""dq100_10_log_variance"", ""cycle10_rms_c_timeweighted""], [""dq100_10_log_variance"", ""cycle10_rms_c_timeweighted""]]",19
Stacking_Ridge_baseline/repeat1/outer4/meta3/xgb/tune,xgb,baseline,11,"{""learning_rate"": 0.03, ""max_depth"": 3, ""min_child_weight"": 5, ""n_estimators"": 100, ""reg_lambda"": 10.0}",14.047183032213647,"[[""dq100_10_log_variance"", ""cycle10_rms_c_timeweighted""], [""dq100_10_log_variance"", ""cycle10_rms_c_timeweighted""], [""dq100_10_log_variance"", ""cycle10_rms_c_timeweighted""]]",19
Stacking_Ridge_baseline/repeat1/outer5/meta1/xgb/tune,xgb,baseline,0,"{""learning_rate"": 0.03, ""max_depth"": 1, ""min_child_weight"": 3, ""n_estimators"": 250, ""reg_lambda"": 10.0}",12.730285452996664,"[[""dq100_10_log_variance"", ""cycle10_rms_c_timeweighted""], [""dq100_10_log_variance"", ""cycle10_rms_c_timeweighted""], [""dq100_10_log_variance"", ""cycle10_rms_c_timeweighted""]]",20
Stacking_Ridge_baseline/repeat1/outer5/meta1/xgb/tune,xgb,baseline,1,"{""learning_rate"": 0.07, ""max_depth"": 3, ""min_child_weight"": 3, ""n_estimators"": 100, ""reg_lambda"": 30.0}",14.897891057398388,"[[""dq100_10_log_variance"", ""cycle10_rms_c_timeweighted""], [""dq100_10_log_variance"", ""cycle10_rms_c_timeweighted""], [""dq100_10_log_variance"", ""cycle10_rms_c_timeweighted""]]",20
Stacking_Ridge_baseline/repeat1/outer5/meta1/xgb/tune,xgb,baseline,2,"{""learning_rate"": 0.03, ""max_depth"": 2, ""min_child_weight"": 5, ""n_estimators"": 100, ""reg_lambda"": 1.0}",13.422347979808913,"[[""dq100_10_log_variance"", ""cycle10_rms_c_timeweighted""], [""dq100_10_log_variance"", ""cycle10_rms_c_timeweighted""], [""dq100_10_log_variance"", ""cycle10_rms_c_timeweighted""]]",20
Stacking_Ridge_baseline/repeat1/outer5/meta1/xgb/tune,xgb,baseline,3,"{""learning_rate"": 0.03, ""max_depth"": 1, ""min_child_weight"": 3, ""n_estimators"": 100, ""reg_lambda"": 1.0}",12.744144099621431,"[[""dq100_10_log_variance"", ""cycle10_rms_c_timeweighted""], [""dq100_10_log_variance"", ""cycle10_rms_c_timeweighted""], [""dq100_10_log_variance"", ""cycle10_rms_c_timeweighted""]]",20
Stacking_Ridge_baseline/repeat1/outer5/meta1/xgb/tune,xgb,baseline,4,"{""learning_rate"": 0.03, ""max_depth"": 3, ""min_child_weight"": 3, ""n_estimators"": 250, ""reg_lambda"": 10.0}",12.155982429956076,"[[""dq100_10_log_variance"", ""cycle10_rms_c_timeweighted""], [""dq100_10_log_variance"", ""cycle10_rms_c_timeweighted""], [""dq100_10_log_variance"", ""cycle10_rms_c_timeweighted""]]",20
Stacking_Ridge_baseline/repeat1/outer5/meta1/xgb/tune,xgb,baseline,5,"{""learning_rate"": 0.07, ""max_depth"": 2, ""min_child_weight"": 3, ""n_estimators"": 100, ""reg_lambda"": 30.0}",14.89783294241874,"[[""dq100_10_log_variance"", ""cycle10_rms_c_timeweighted""], [""dq100_10_log_variance"", ""cycle10_rms_c_timeweighted""], [""dq100_10_log_variance"", ""cycle10_rms_c_timeweighted""]]",20
Stacking_Ridge_baseline/repeat1/outer5/meta1/xgb/tune,xgb,baseline,6,"{""learning_rate"": 0.03, ""max_depth"": 1, ""min_child_weight"": 5, ""n_estimators"": 250, ""reg_lambda"": 10.0}",13.531022560774971,"[[""dq100_10_log_variance"", ""cycle10_rms_c_timeweighted""], [""dq100_10_log_variance"", ""cycle10_rms_c_timeweighted""], [""dq100_10_log_variance"", ""cycle10_rms_c_timeweighted""]]",20
Stacking_Ridge_baseline/repeat1/outer5/meta1/xgb/tune,xgb,baseline,7,"{""learning_rate"": 0.03, ""max_depth"": 3, ""min_child_weight"": 5, ""n_estimators"": 250, ""reg_lambda"": 10.0}",13.531022560774971,"[[""dq100_10_log_variance"", ""cycle10_rms_c_timeweighted""], [""dq100_10_log_variance"", ""cycle10_rms_c_timeweighted""], [""dq100_10_log_variance"", ""cycle10_rms_c_timeweighted""]]",20
Stacking_Ridge_baseline/repeat1/outer5/meta1/xgb/tune,xgb,baseline,8,"{""learning_rate"": 0.03, ""max_depth"": 2, ""min_child_weight"": 3, ""n_estimators"": 100, ""reg_lambda"": 1.0}",11.726654950066518,"[[""dq100_10_log_variance"", ""cycle10_rms_c_timeweighted""], [""dq100_10_log_variance"", ""cycle10_rms_c_timeweighted""], [""dq100_10_log_variance"", ""cycle10_rms_c_timeweighted""]]",20
Stacking_Ridge_baseline/repeat1/outer5/meta1/xgb/tune,xgb,baseline,9,"{""learning_rate"": 0.07, ""max_depth"": 2, ""min_child_weight"": 5, ""n_estimators"": 100, ""reg_lambda"": 1.0}",12.99166455387877,"[[""dq100_10_log_variance"", ""cycle10_rms_c_timeweighted""], [""dq100_10_log_variance"", ""cycle10_rms_c_timeweighted""], [""dq100_10_log_variance"", ""cycle10_rms_c_timeweighted""]]",20
Stacking_Ridge_baseline/repeat1/outer5/meta1/xgb/tune,xgb,baseline,10,"{""learning_rate"": 0.07, ""max_depth"": 1, ""min_child_weight"": 5, ""n_estimators"": 250, ""reg_lambda"": 30.0}",13.573100869600433,"[[""dq100_10_log_variance"", ""cycle10_rms_c_timeweighted""], [""dq100_10_log_variance"", ""cycle10_rms_c_timeweighted""], [""dq100_10_log_variance"", ""cycle10_rms_c_timeweighted""]]",20
Stacking_Ridge_baseline/repeat1/outer5/meta1/xgb/tune,xgb,baseline,11,"{""learning_rate"": 0.03, ""max_depth"": 3, ""min_child_weight"": 5, ""n_estimators"": 100, ""reg_lambda"": 10.0}",15.453892537915006,"[[""dq100_10_log_variance"", ""cycle10_rms_c_timeweighted""], [""dq100_10_log_variance"", ""cycle10_rms_c_timeweighted""], [""dq100_10_log_variance"", ""cycle10_rms_c_timeweighted""]]",20
Stacking_Ridge_baseline/repeat1/outer5/meta2/xgb/tune,xgb,baseline,0,"{""learning_rate"": 0.03, ""max_depth"": 1, ""min_child_weight"": 3, ""n_estimators"": 250, ""reg_lambda"": 10.0}",11.703706411416553,"[[""dq100_10_log_variance"", ""cycle10_rms_c_timeweighted""], [""dq100_10_log_variance"", ""cycle10_rms_c_timeweighted""], [""dq100_10_log_variance"", ""cycle10_rms_c_timeweighted""]]",19
Stacking_Ridge_baseline/repeat1/outer5/meta2/xgb/tune,xgb,baseline,1,"{""learning_rate"": 0.07, ""max_depth"": 3, ""min_child_weight"": 3, ""n_estimators"": 100, ""reg_lambda"": 30.0}",14.299713403540453,"[[""dq100_10_log_variance"", ""cycle10_rms_c_timeweighted""], [""dq100_10_log_variance"", ""cycle10_rms_c_timeweighted""], [""dq100_10_log_variance"", ""cycle10_rms_c_timeweighted""]]",19
Stacking_Ridge_baseline/repeat1/outer5/meta2/xgb/tune,xgb,baseline,2,"{""learning_rate"": 0.03, ""max_depth"": 2, ""min_child_weight"": 5, ""n_estimators"": 100, ""reg_lambda"": 1.0}",12.206873680307794,"[[""dq100_10_log_variance"", ""cycle10_rms_c_timeweighted""], [""dq100_10_log_variance"", ""cycle10_rms_c_timeweighted""], [""dq100_10_log_variance"", ""cycle10_rms_c_timeweighted""]]",19
Stacking_Ridge_baseline/repeat1/outer5/meta2/xgb/tune,xgb,baseline,3,"{""learning_rate"": 0.03, ""max_depth"": 1, ""min_child_weight"": 3, ""n_estimators"": 100, ""reg_lambda"": 1.0}",11.569156882670557,"[[""dq100_10_log_variance"", ""cycle10_rms_c_timeweighted""], [""dq100_10_log_variance"", ""cycle10_rms_c_timeweighted""], [""dq100_10_log_variance"", ""cycle10_rms_c_timeweighted""]]",19
Stacking_Ridge_baseline/repeat1/outer5/meta2/xgb/tune,xgb,baseline,4,"{""learning_rate"": 0.03, ""max_depth"": 3, ""min_child_weight"": 3, ""n_estimators"": 250, ""reg_lambda"": 10.0}",11.62581874811261,"[[""dq100_10_log_variance"", ""cycle10_rms_c_timeweighted""], [""dq100_10_log_variance"", ""cycle10_rms_c_timeweighted""], [""dq100_10_log_variance"", ""cycle10_rms_c_timeweighted""]]",19
Stacking_Ridge_baseline/repeat1/outer5/meta2/xgb/tune,xgb,baseline,5,"{""learning_rate"": 0.07, ""max_depth"": 2, ""min_child_weight"": 3, ""n_estimators"": 100, ""reg_lambda"": 30.0}",14.299713403540453,"[[""dq100_10_log_variance"", ""cycle10_rms_c_timeweighted""], [""dq100_10_log_variance"", ""cycle10_rms_c_timeweighted""], [""dq100_10_log_variance"", ""cycle10_rms_c_timeweighted""]]",19
Stacking_Ridge_baseline/repeat1/outer5/meta2/xgb/tune,xgb,baseline,6,"{""learning_rate"": 0.03, ""max_depth"": 1, ""min_child_weight"": 5, ""n_estimators"": 250, ""reg_lambda"": 10.0}",12.092903449511121,"[[""dq100_10_log_variance"", ""cycle10_rms_c_timeweighted""], [""dq100_10_log_variance"", ""cycle10_rms_c_timeweighted""], [""dq100_10_log_variance"", ""cycle10_rms_c_timeweighted""]]",19
Stacking_Ridge_baseline/repeat1/outer5/meta2/xgb/tune,xgb,baseline,7,"{""learning_rate"": 0.03, ""max_depth"": 3, ""min_child_weight"": 5, ""n_estimators"": 250, ""reg_lambda"": 10.0}",12.092903449511121,"[[""dq100_10_log_variance"", ""cycle10_rms_c_timeweighted""], [""dq100_10_log_variance"", ""cycle10_rms_c_timeweighted""], [""dq100_10_log_variance"", ""cycle10_rms_c_timeweighted""]]",19
Stacking_Ridge_baseline/repeat1/outer5/meta2/xgb/tune,xgb,baseline,8,"{""learning_rate"": 0.03, ""max_depth"": 2, ""min_child_weight"": 3, ""n_estimators"": 100, ""reg_lambda"": 1.0}",11.318918099228714,"[[""dq100_10_log_variance"", ""cycle10_rms_c_timeweighted""], [""dq100_10_log_variance"", ""cycle10_rms_c_timeweighted""], [""dq100_10_log_variance"", ""cycle10_rms_c_timeweighted""]]",19
Stacking_Ridge_baseline/repeat1/outer5/meta2/xgb/tune,xgb,baseline,9,"{""learning_rate"": 0.07, ""max_depth"": 2, ""min_child_weight"": 5, ""n_estimators"": 100, ""reg_lambda"": 1.0}",11.58225037412008,"[[""dq100_10_log_variance"", ""cycle10_rms_c_timeweighted""], [""dq100_10_log_variance"", ""cycle10_rms_c_timeweighted""], [""dq100_10_log_variance"", ""cycle10_rms_c_timeweighted""]]",19
Stacking_Ridge_baseline/repeat1/outer5/meta2/xgb/tune,xgb,baseline,10,"{""learning_rate"": 0.07, ""max_depth"": 1, ""min_child_weight"": 5, ""n_estimators"": 250, ""reg_lambda"": 30.0}",12.109028598923803,"[[""dq100_10_log_variance"", ""cycle10_rms_c_timeweighted""], [""dq100_10_log_variance"", ""cycle10_rms_c_timeweighted""], [""dq100_10_log_variance"", ""cycle10_rms_c_timeweighted""]]",19
Stacking_Ridge_baseline/repeat1/outer5/meta2/xgb/tune,xgb,baseline,11,"{""learning_rate"": 0.03, ""max_depth"": 3, ""min_child_weight"": 5, ""n_estimators"": 100, ""reg_lambda"": 10.0}",14.085628501837968,"[[""dq100_10_log_variance"", ""cycle10_rms_c_timeweighted""], [""dq100_10_log_variance"", ""cycle10_rms_c_timeweighted""], [""dq100_10_log_variance"", ""cycle10_rms_c_timeweighted""]]",19
Stacking_Ridge_baseline/repeat1/outer5/meta3/xgb/tune,xgb,baseline,0,"{""learning_rate"": 0.03, ""max_depth"": 1, ""min_child_weight"": 3, ""n_estimators"": 250, ""reg_lambda"": 10.0}",14.506320599104363,"[[""dq100_10_log_variance"", ""cycle10_rms_c_timeweighted""], [""dq100_10_log_variance"", ""cycle10_rms_c_timeweighted""], [""dq100_10_log_variance"", ""cycle10_rms_c_timeweighted""]]",19
Stacking_Ridge_baseline/repeat1/outer5/meta3/xgb/tune,xgb,baseline,1,"{""learning_rate"": 0.07, ""max_depth"": 3, ""min_child_weight"": 3, ""n_estimators"": 100, ""reg_lambda"": 30.0}",12.969853463136433,"[[""dq100_10_log_variance"", ""cycle10_rms_c_timeweighted""], [""dq100_10_log_variance"", ""cycle10_rms_c_timeweighted""], [""dq100_10_log_variance"", ""cycle10_rms_c_timeweighted""]]",19
Stacking_Ridge_baseline/repeat1/outer5/meta3/xgb/tune,xgb,baseline,2,"{""learning_rate"": 0.03, ""max_depth"": 2, ""min_child_weight"": 5, ""n_estimators"": 100, ""reg_lambda"": 1.0}",15.444021959361132,"[[""dq100_10_log_variance"", ""cycle10_rms_c_timeweighted""], [""dq100_10_log_variance"", ""cycle10_rms_c_timeweighted""], [""dq100_10_log_variance"", ""cycle10_rms_c_timeweighted""]]",19
Stacking_Ridge_baseline/repeat1/outer5/meta3/xgb/tune,xgb,baseline,3,"{""learning_rate"": 0.03, ""max_depth"": 1, ""min_child_weight"": 3, ""n_estimators"": 100, ""reg_lambda"": 1.0}",14.806601619149584,"[[""dq100_10_log_variance"", ""cycle10_rms_c_timeweighted""], [""dq100_10_log_variance"", ""cycle10_rms_c_timeweighted""], [""dq100_10_log_variance"", ""cycle10_rms_c_timeweighted""]]",19
Stacking_Ridge_baseline/repeat1/outer5/meta3/xgb/tune,xgb,baseline,4,"{""learning_rate"": 0.03, ""max_depth"": 3, ""min_child_weight"": 3, ""n_estimators"": 250, ""reg_lambda"": 10.0}",14.483265934649095,"[[""dq100_10_log_variance"", ""cycle10_rms_c_timeweighted""], [""dq100_10_log_variance"", ""cycle10_rms_c_timeweighted""], [""dq100_10_log_variance"", ""cycle10_rms_c_timeweighted""]]",19
Stacking_Ridge_baseline/repeat1/outer5/meta3/xgb/tune,xgb,baseline,5,"{""learning_rate"": 0.07, ""max_depth"": 2, ""min_child_weight"": 3, ""n_estimators"": 100, ""reg_lambda"": 30.0}",12.969853463136433,"[[""dq100_10_log_variance"", ""cycle10_rms_c_timeweighted""], [""dq100_10_log_variance"", ""cycle10_rms_c_timeweighted""], [""dq100_10_log_variance"", ""cycle10_rms_c_timeweighted""]]",19
Stacking_Ridge_baseline/repeat1/outer5/meta3/xgb/tune,xgb,baseline,6,"{""learning_rate"": 0.03, ""max_depth"": 1, ""min_child_weight"": 5, ""n_estimators"": 250, ""reg_lambda"": 10.0}",15.392062817155683,"[[""dq100_10_log_variance"", ""cycle10_rms_c_timeweighted""], [""dq100_10_log_variance"", ""cycle10_rms_c_timeweighted""], [""dq100_10_log_variance"", ""cycle10_rms_c_timeweighted""]]",19
Stacking_Ridge_baseline/repeat1/outer5/meta3/xgb/tune,xgb,baseline,7,"{""learning_rate"": 0.03, ""max_depth"": 3, ""min_child_weight"": 5, ""n_estimators"": 250, ""reg_lambda"": 10.0}",15.392062817155683,"[[""dq100_10_log_variance"", ""cycle10_rms_c_timeweighted""], [""dq100_10_log_variance"", ""cycle10_rms_c_timeweighted""], [""dq100_10_log_variance"", ""cycle10_rms_c_timeweighted""]]",19
Stacking_Ridge_baseline/repeat1/outer5/meta3/xgb/tune,xgb,baseline,8,"{""learning_rate"": 0.03, ""max_depth"": 2, ""min_child_weight"": 3, ""n_estimators"": 100, ""reg_lambda"": 1.0}",15.172121464590345,"[[""dq100_10_log_variance"", ""cycle10_rms_c_timeweighted""], [""dq100_10_log_variance"", ""cycle10_rms_c_timeweighted""], [""dq100_10_log_variance"", ""cycle10_rms_c_timeweighted""]]",19
Stacking_Ridge_baseline/repeat1/outer5/meta3/xgb/tune,xgb,baseline,9,"{""learning_rate"": 0.07, ""max_depth"": 2, ""min_child_weight"": 5, ""n_estimators"": 100, ""reg_lambda"": 1.0}",16.207693872589793,"[[""dq100_10_log_variance"", ""cycle10_rms_c_timeweighted""], [""dq100_10_log_variance"", ""cycle10_rms_c_timeweighted""], [""dq100_10_log_variance"", ""cycle10_rms_c_timeweighted""]]",19
Stacking_Ridge_baseline/repeat1/outer5/meta3/xgb/tune,xgb,baseline,10,"{""learning_rate"": 0.07, ""max_depth"": 1, ""min_child_weight"": 5, ""n_estimators"": 250, ""reg_lambda"": 30.0}",15.377761221585748,"[[""dq100_10_log_variance"", ""cycle10_rms_c_timeweighted""], [""dq100_10_log_variance"", ""cycle10_rms_c_timeweighted""], [""dq100_10_log_variance"", ""cycle10_rms_c_timeweighted""]]",19
Stacking_Ridge_baseline/repeat1/outer5/meta3/xgb/tune,xgb,baseline,11,"{""learning_rate"": 0.03, ""max_depth"": 3, ""min_child_weight"": 5, ""n_estimators"": 100, ""reg_lambda"": 10.0}",14.08906441622489,"[[""dq100_10_log_variance"", ""cycle10_rms_c_timeweighted""], [""dq100_10_log_variance"", ""cycle10_rms_c_timeweighted""], [""dq100_10_log_variance"", ""cycle10_rms_c_timeweighted""]]",19
Stacking_Ridge_baseline/repeat2/outer1/meta1/xgb/tune,xgb,baseline,0,"{""learning_rate"": 0.03, ""max_depth"": 1, ""min_child_weight"": 3, ""n_estimators"": 250, ""reg_lambda"": 10.0}",8.81223470470395,"[[""dq100_10_log_variance"", ""cycle10_rms_c_timeweighted""], [""dq100_10_log_variance"", ""cycle10_rms_c_timeweighted""], [""dq100_10_log_variance"", ""cycle10_rms_c_timeweighted""]]",18
Stacking_Ridge_baseline/repeat2/outer1/meta1/xgb/tune,xgb,baseline,1,"{""learning_rate"": 0.07, ""max_depth"": 3, ""min_child_weight"": 3, ""n_estimators"": 100, ""reg_lambda"": 30.0}",10.89161022814659,"[[""dq100_10_log_variance"", ""cycle10_rms_c_timeweighted""], [""dq100_10_log_variance"", ""cycle10_rms_c_timeweighted""], [""dq100_10_log_variance"", ""cycle10_rms_c_timeweighted""]]",18
Stacking_Ridge_baseline/repeat2/outer1/meta1/xgb/tune,xgb,baseline,2,"{""learning_rate"": 0.03, ""max_depth"": 2, ""min_child_weight"": 5, ""n_estimators"": 100, ""reg_lambda"": 1.0}",10.066505220992262,"[[""dq100_10_log_variance"", ""cycle10_rms_c_timeweighted""], [""dq100_10_log_variance"", ""cycle10_rms_c_timeweighted""], [""dq100_10_log_variance"", ""cycle10_rms_c_timeweighted""]]",18
Stacking_Ridge_baseline/repeat2/outer1/meta1/xgb/tune,xgb,baseline,3,"{""learning_rate"": 0.03, ""max_depth"": 1, ""min_child_weight"": 3, ""n_estimators"": 100, ""reg_lambda"": 1.0}",8.764400362479602,"[[""dq100_10_log_variance"", ""cycle10_rms_c_timeweighted""], [""dq100_10_log_variance"", ""cycle10_rms_c_timeweighted""], [""dq100_10_log_variance"", ""cycle10_rms_c_timeweighted""]]",18
Stacking_Ridge_baseline/repeat2/outer1/meta1/xgb/tune,xgb,baseline,4,"{""learning_rate"": 0.03, ""max_depth"": 3, ""min_child_weight"": 3, ""n_estimators"": 250, ""reg_lambda"": 10.0}",8.73809714250716,"[[""dq100_10_log_variance"", ""cycle10_rms_c_timeweighted""], [""dq100_10_log_variance"", ""cycle10_rms_c_timeweighted""], [""dq100_10_log_variance"", ""cycle10_rms_c_timeweighted""]]",18
Stacking_Ridge_baseline/repeat2/outer1/meta1/xgb/tune,xgb,baseline,5,"{""learning_rate"": 0.07, ""max_depth"": 2, ""min_child_weight"": 3, ""n_estimators"": 100, ""reg_lambda"": 30.0}",10.89161022814659,"[[""dq100_10_log_variance"", ""cycle10_rms_c_timeweighted""], [""dq100_10_log_variance"", ""cycle10_rms_c_timeweighted""], [""dq100_10_log_variance"", ""cycle10_rms_c_timeweighted""]]",18
Stacking_Ridge_baseline/repeat2/outer1/meta1/xgb/tune,xgb,baseline,6,"{""learning_rate"": 0.03, ""max_depth"": 1, ""min_child_weight"": 5, ""n_estimators"": 250, ""reg_lambda"": 10.0}",10.065381962857062,"[[""dq100_10_log_variance"", ""cycle10_rms_c_timeweighted""], [""dq100_10_log_variance"", ""cycle10_rms_c_timeweighted""], [""dq100_10_log_variance"", ""cycle10_rms_c_timeweighted""]]",18
Stacking_Ridge_baseline/repeat2/outer1/meta1/xgb/tune,xgb,baseline,7,"{""learning_rate"": 0.03, ""max_depth"": 3, ""min_child_weight"": 5, ""n_estimators"": 250, ""reg_lambda"": 10.0}",10.065381962857062,"[[""dq100_10_log_variance"", ""cycle10_rms_c_timeweighted""], [""dq100_10_log_variance"", ""cycle10_rms_c_timeweighted""], [""dq100_10_log_variance"", ""cycle10_rms_c_timeweighted""]]",18
Stacking_Ridge_baseline/repeat2/outer1/meta1/xgb/tune,xgb,baseline,8,"{""learning_rate"": 0.03, ""max_depth"": 2, ""min_child_weight"": 3, ""n_estimators"": 100, ""reg_lambda"": 1.0}",8.390266872750681,"[[""dq100_10_log_variance"", ""cycle10_rms_c_timeweighted""], [""dq100_10_log_variance"", ""cycle10_rms_c_timeweighted""], [""dq100_10_log_variance"", ""cycle10_rms_c_timeweighted""]]",18
Stacking_Ridge_baseline/repeat2/outer1/meta1/xgb/tune,xgb,baseline,9,"{""learning_rate"": 0.07, ""max_depth"": 2, ""min_child_weight"": 5, ""n_estimators"": 100, ""reg_lambda"": 1.0}",10.601638047635987,"[[""dq100_10_log_variance"", ""cycle10_rms_c_timeweighted""], [""dq100_10_log_variance"", ""cycle10_rms_c_timeweighted""], [""dq100_10_log_variance"", ""cycle10_rms_c_timeweighted""]]",18
Stacking_Ridge_baseline/repeat2/outer1/meta1/xgb/tune,xgb,baseline,10,"{""learning_rate"": 0.07, ""max_depth"": 1, ""min_child_weight"": 5, ""n_estimators"": 250, ""reg_lambda"": 30.0}",10.095590223359391,"[[""dq100_10_log_variance"", ""cycle10_rms_c_timeweighted""], [""dq100_10_log_variance"", ""cycle10_rms_c_timeweighted""], [""dq100_10_log_variance"", ""cycle10_rms_c_timeweighted""]]",18
Stacking_Ridge_baseline/repeat2/outer1/meta1/xgb/tune,xgb,baseline,11,"{""learning_rate"": 0.03, ""max_depth"": 3, ""min_child_weight"": 5, ""n_estimators"": 100, ""reg_lambda"": 10.0}",10.619211828143959,"[[""dq100_10_log_variance"", ""cycle10_rms_c_timeweighted""], [""dq100_10_log_variance"", ""cycle10_rms_c_timeweighted""], [""dq100_10_log_variance"", ""cycle10_rms_c_timeweighted""]]",18
Stacking_Ridge_baseline/repeat2/outer1/meta2/xgb/tune,xgb,baseline,0,"{""learning_rate"": 0.03, ""max_depth"": 1, ""min_child_weight"": 3, ""n_estimators"": 250, ""reg_lambda"": 10.0}",15.625692254643244,"[[""dq100_10_log_variance"", ""cycle10_rms_c_timeweighted""], [""dq100_10_log_variance"", ""cycle10_rms_c_timeweighted""], [""dq100_10_log_variance"", ""cycle10_rms_c_timeweighted""]]",17
Stacking_Ridge_baseline/repeat2/outer1/meta2/xgb/tune,xgb,baseline,1,"{""learning_rate"": 0.07, ""max_depth"": 3, ""min_child_weight"": 3, ""n_estimators"": 100, ""reg_lambda"": 30.0}",15.67797255996216,"[[""dq100_10_log_variance"", ""cycle10_rms_c_timeweighted""], [""dq100_10_log_variance"", ""cycle10_rms_c_timeweighted""], [""dq100_10_log_variance"", ""cycle10_rms_c_timeweighted""]]",17
Stacking_Ridge_baseline/repeat2/outer1/meta2/xgb/tune,xgb,baseline,2,"{""learning_rate"": 0.03, ""max_depth"": 2, ""min_child_weight"": 5, ""n_estimators"": 100, ""reg_lambda"": 1.0}",13.635456208086778,"[[""dq100_10_log_variance"", ""cycle10_rms_c_timeweighted""], [""dq100_10_log_variance"", ""cycle10_rms_c_timeweighted""], [""dq100_10_log_variance"", ""cycle10_rms_c_timeweighted""]]",17
Stacking_Ridge_baseline/repeat2/outer1/meta2/xgb/tune,xgb,baseline,3,"{""learning_rate"": 0.03, ""max_depth"": 1, ""min_child_weight"": 3, ""n_estimators"": 100, ""reg_lambda"": 1.0}",16.296598590642745,"[[""dq100_10_log_variance"", ""cycle10_rms_c_timeweighted""], [""dq100_10_log_variance"", ""cycle10_rms_c_timeweighted""], [""dq100_10_log_variance"", ""cycle10_rms_c_timeweighted""]]",17
Stacking_Ridge_baseline/repeat2/outer1/meta2/xgb/tune,xgb,baseline,4,"{""learning_rate"": 0.03, ""max_depth"": 3, ""min_child_weight"": 3, ""n_estimators"": 250, ""reg_lambda"": 10.0}",17.177611245549965,"[[""dq100_10_log_variance"", ""cycle10_rms_c_timeweighted""], [""dq100_10_log_variance"", ""cycle10_rms_c_timeweighted""], [""dq100_10_log_variance"", ""cycle10_rms_c_timeweighted""]]",17
Stacking_Ridge_baseline/repeat2/outer1/meta2/xgb/tune,xgb,baseline,5,"{""learning_rate"": 0.07, ""max_depth"": 2, ""min_child_weight"": 3, ""n_estimators"": 100, ""reg_lambda"": 30.0}",15.67797255996216,"[[""dq100_10_log_variance"", ""cycle10_rms_c_timeweighted""], [""dq100_10_log_variance"", ""cycle10_rms_c_timeweighted""], [""dq100_10_log_variance"", ""cycle10_rms_c_timeweighted""]]",17
Stacking_Ridge_baseline/repeat2/outer1/meta2/xgb/tune,xgb,baseline,6,"{""learning_rate"": 0.03, ""max_depth"": 1, ""min_child_weight"": 5, ""n_estimators"": 250, ""reg_lambda"": 10.0}",13.58051016918997,"[[""dq100_10_log_variance"", ""cycle10_rms_c_timeweighted""], [""dq100_10_log_variance"", ""cycle10_rms_c_timeweighted""], [""dq100_10_log_variance"", ""cycle10_rms_c_timeweighted""]]",17
Stacking_Ridge_baseline/repeat2/outer1/meta2/xgb/tune,xgb,baseline,7,"{""learning_rate"": 0.03, ""max_depth"": 3, ""min_child_weight"": 5, ""n_estimators"": 250, ""reg_lambda"": 10.0}",13.58051016918997,"[[""dq100_10_log_variance"", ""cycle10_rms_c_timeweighted""], [""dq100_10_log_variance"", ""cycle10_rms_c_timeweighted""], [""dq100_10_log_variance"", ""cycle10_rms_c_timeweighted""]]",17
Stacking_Ridge_baseline/repeat2/outer1/meta2/xgb/tune,xgb,baseline,8,"{""learning_rate"": 0.03, ""max_depth"": 2, ""min_child_weight"": 3, ""n_estimators"": 100, ""reg_lambda"": 1.0}",17.963183572294938,"[[""dq100_10_log_variance"", ""cycle10_rms_c_timeweighted""], [""dq100_10_log_variance"", ""cycle10_rms_c_timeweighted""], [""dq100_10_log_variance"", ""cycle10_rms_c_timeweighted""]]",17
Stacking_Ridge_baseline/repeat2/outer1/meta2/xgb/tune,xgb,baseline,9,"{""learning_rate"": 0.07, ""max_depth"": 2, ""min_child_weight"": 5, ""n_estimators"": 100, ""reg_lambda"": 1.0}",14.140063664046544,"[[""dq100_10_log_variance"", ""cycle10_rms_c_timeweighted""], [""dq100_10_log_variance"", ""cycle10_rms_c_timeweighted""], [""dq100_10_log_variance"", ""cycle10_rms_c_timeweighted""]]",17
Stacking_Ridge_baseline/repeat2/outer1/meta2/xgb/tune,xgb,baseline,10,"{""learning_rate"": 0.07, ""max_depth"": 1, ""min_child_weight"": 5, ""n_estimators"": 250, ""reg_lambda"": 30.0}",13.558310990082154,"[[""dq100_10_log_variance"", ""cycle10_rms_c_timeweighted""], [""dq100_10_log_variance"", ""cycle10_rms_c_timeweighted""], [""dq100_10_log_variance"", ""cycle10_rms_c_timeweighted""]]",17
Stacking_Ridge_baseline/repeat2/outer1/meta2/xgb/tune,xgb,baseline,11,"{""learning_rate"": 0.03, ""max_depth"": 3, ""min_child_weight"": 5, ""n_estimators"": 100, ""reg_lambda"": 10.0}",13.239682372393439,"[[""dq100_10_log_variance"", ""cycle10_rms_c_timeweighted""], [""dq100_10_log_variance"", ""cycle10_rms_c_timeweighted""], [""dq100_10_log_variance"", ""cycle10_rms_c_timeweighted""]]",17
Stacking_Ridge_baseline/repeat2/outer1/meta3/xgb/tune,xgb,baseline,0,"{""learning_rate"": 0.03, ""max_depth"": 1, ""min_child_weight"": 3, ""n_estimators"": 250, ""reg_lambda"": 10.0}",14.515530214557124,"[[""dq100_10_log_variance"", ""cycle10_rms_c_timeweighted""], [""dq100_10_log_variance"", ""cycle10_rms_c_timeweighted""], [""dq100_10_log_variance"", ""cycle10_rms_c_timeweighted""]]",19
Stacking_Ridge_baseline/repeat2/outer1/meta3/xgb/tune,xgb,baseline,1,"{""learning_rate"": 0.07, ""max_depth"": 3, ""min_child_weight"": 3, ""n_estimators"": 100, ""reg_lambda"": 30.0}",19.294381690227738,"[[""dq100_10_log_variance"", ""cycle10_rms_c_timeweighted""], [""dq100_10_log_variance"", ""cycle10_rms_c_timeweighted""], [""dq100_10_log_variance"", ""cycle10_rms_c_timeweighted""]]",19
Stacking_Ridge_baseline/repeat2/outer1/meta3/xgb/tune,xgb,baseline,2,"{""learning_rate"": 0.03, ""max_depth"": 2, ""min_child_weight"": 5, ""n_estimators"": 100, ""reg_lambda"": 1.0}",16.961103513777438,"[[""dq100_10_log_variance"", ""cycle10_rms_c_timeweighted""], [""dq100_10_log_variance"", ""cycle10_rms_c_timeweighted""], [""dq100_10_log_variance"", ""cycle10_rms_c_timeweighted""]]",19
Stacking_Ridge_baseline/repeat2/outer1/meta3/xgb/tune,xgb,baseline,3,"{""learning_rate"": 0.03, ""max_depth"": 1, ""min_child_weight"": 3, ""n_estimators"": 100, ""reg_lambda"": 1.0}",14.296652278646707,"[[""dq100_10_log_variance"", ""cycle10_rms_c_timeweighted""], [""dq100_10_log_variance"", ""cycle10_rms_c_timeweighted""], [""dq100_10_log_variance"", ""cycle10_rms_c_timeweighted""]]",19
Stacking_Ridge_baseline/repeat2/outer1/meta3/xgb/tune,xgb,baseline,4,"{""learning_rate"": 0.03, ""max_depth"": 3, ""min_child_weight"": 3, ""n_estimators"": 250, ""reg_lambda"": 10.0}",13.988104936847485,"[[""dq100_10_log_variance"", ""cycle10_rms_c_timeweighted""], [""dq100_10_log_variance"", ""cycle10_rms_c_timeweighted""], [""dq100_10_log_variance"", ""cycle10_rms_c_timeweighted""]]",19
Stacking_Ridge_baseline/repeat2/outer1/meta3/xgb/tune,xgb,baseline,5,"{""learning_rate"": 0.07, ""max_depth"": 2, ""min_child_weight"": 3, ""n_estimators"": 100, ""reg_lambda"": 30.0}",19.294381690227738,"[[""dq100_10_log_variance"", ""cycle10_rms_c_timeweighted""], [""dq100_10_log_variance"", ""cycle10_rms_c_timeweighted""], [""dq100_10_log_variance"", ""cycle10_rms_c_timeweighted""]]",19
Stacking_Ridge_baseline/repeat2/outer1/meta3/xgb/tune,xgb,baseline,6,"{""learning_rate"": 0.03, ""max_depth"": 1, ""min_child_weight"": 5, ""n_estimators"": 250, ""reg_lambda"": 10.0}",16.870269333938506,"[[""dq100_10_log_variance"", ""cycle10_rms_c_timeweighted""], [""dq100_10_log_variance"", ""cycle10_rms_c_timeweighted""], [""dq100_10_log_variance"", ""cycle10_rms_c_timeweighted""]]",19
Stacking_Ridge_baseline/repeat2/outer1/meta3/xgb/tune,xgb,baseline,7,"{""learning_rate"": 0.03, ""max_depth"": 3, ""min_child_weight"": 5, ""n_estimators"": 250, ""reg_lambda"": 10.0}",16.870269333938506,"[[""dq100_10_log_variance"", ""cycle10_rms_c_timeweighted""], [""dq100_10_log_variance"", ""cycle10_rms_c_timeweighted""], [""dq100_10_log_variance"", ""cycle10_rms_c_timeweighted""]]",19
Stacking_Ridge_baseline/repeat2/outer1/meta3/xgb/tune,xgb,baseline,8,"{""learning_rate"": 0.03, ""max_depth"": 2, ""min_child_weight"": 3, ""n_estimators"": 100, ""reg_lambda"": 1.0}",13.10286578485154,"[[""dq100_10_log_variance"", ""cycle10_rms_c_timeweighted""], [""dq100_10_log_variance"", ""cycle10_rms_c_timeweighted""], [""dq100_10_log_variance"", ""cycle10_rms_c_timeweighted""]]",19
Stacking_Ridge_baseline/repeat2/outer1/meta3/xgb/tune,xgb,baseline,9,"{""learning_rate"": 0.07, ""max_depth"": 2, ""min_child_weight"": 5, ""n_estimators"": 100, ""reg_lambda"": 1.0}",15.925316039049001,"[[""dq100_10_log_variance"", ""cycle10_rms_c_timeweighted""], [""dq100_10_log_variance"", ""cycle10_rms_c_timeweighted""], [""dq100_10_log_variance"", ""cycle10_rms_c_timeweighted""]]",19
Stacking_Ridge_baseline/repeat2/outer1/meta3/xgb/tune,xgb,baseline,10,"{""learning_rate"": 0.07, ""max_depth"": 1, ""min_child_weight"": 5, ""n_estimators"": 250, ""reg_lambda"": 30.0}",17.111621348785746,"[[""dq100_10_log_variance"", ""cycle10_rms_c_timeweighted""], [""dq100_10_log_variance"", ""cycle10_rms_c_timeweighted""], [""dq100_10_log_variance"", ""cycle10_rms_c_timeweighted""]]",19
Stacking_Ridge_baseline/repeat2/outer1/meta3/xgb/tune,xgb,baseline,11,"{""learning_rate"": 0.03, ""max_depth"": 3, ""min_child_weight"": 5, ""n_estimators"": 100, ""reg_lambda"": 10.0}",20.25795705394798,"[[""dq100_10_log_variance"", ""cycle10_rms_c_timeweighted""], [""dq100_10_log_variance"", ""cycle10_rms_c_timeweighted""], [""dq100_10_log_variance"", ""cycle10_rms_c_timeweighted""]]",19
Stacking_Ridge_baseline/repeat2/outer2/meta1/xgb/tune,xgb,baseline,0,"{""learning_rate"": 0.03, ""max_depth"": 1, ""min_child_weight"": 3, ""n_estimators"": 250, ""reg_lambda"": 10.0}",9.537102495082635,"[[""dq100_10_log_variance"", ""cycle10_rms_c_timeweighted""], [""dq100_10_log_variance"", ""cycle10_rms_c_timeweighted""], [""dq100_10_log_variance"", ""cycle10_rms_c_timeweighted""]]",18
Stacking_Ridge_baseline/repeat2/outer2/meta1/xgb/tune,xgb,baseline,1,"{""learning_rate"": 0.07, ""max_depth"": 3, ""min_child_weight"": 3, ""n_estimators"": 100, ""reg_lambda"": 30.0}",12.904902005021887,"[[""dq100_10_log_variance"", ""cycle10_rms_c_timeweighted""], [""dq100_10_log_variance"", ""cycle10_rms_c_timeweighted""], [""dq100_10_log_variance"", ""cycle10_rms_c_timeweighted""]]",18
Stacking_Ridge_baseline/repeat2/outer2/meta1/xgb/tune,xgb,baseline,2,"{""learning_rate"": 0.03, ""max_depth"": 2, ""min_child_weight"": 5, ""n_estimators"": 100, ""reg_lambda"": 1.0}",13.53322055129455,"[[""dq100_10_log_variance"", ""cycle10_rms_c_timeweighted""], [""dq100_10_log_variance"", ""cycle10_rms_c_timeweighted""], [""dq100_10_log_variance"", ""cycle10_rms_c_timeweighted""]]",18
Stacking_Ridge_baseline/repeat2/outer2/meta1/xgb/tune,xgb,baseline,3,"{""learning_rate"": 0.03, ""max_depth"": 1, ""min_child_weight"": 3, ""n_estimators"": 100, ""reg_lambda"": 1.0}",9.259793695937955,"[[""dq100_10_log_variance"", ""cycle10_rms_c_timeweighted""], [""dq100_10_log_variance"", ""cycle10_rms_c_timeweighted""], [""dq100_10_log_variance"", ""cycle10_rms_c_timeweighted""]]",18
Stacking_Ridge_baseline/repeat2/outer2/meta1/xgb/tune,xgb,baseline,4,"{""learning_rate"": 0.03, ""max_depth"": 3, ""min_child_weight"": 3, ""n_estimators"": 250, ""reg_lambda"": 10.0}",9.329753126950369,"[[""dq100_10_log_variance"", ""cycle10_rms_c_timeweighted""], [""dq100_10_log_variance"", ""cycle10_rms_c_timeweighted""], [""dq100_10_log_variance"", ""cycle10_rms_c_timeweighted""]]",18
Stacking_Ridge_baseline/repeat2/outer2/meta1/xgb/tune,xgb,baseline,5,"{""learning_rate"": 0.07, ""max_depth"": 2, ""min_child_weight"": 3, ""n_estimators"": 100, ""reg_lambda"": 30.0}",12.904902005021887,"[[""dq100_10_log_variance"", ""cycle10_rms_c_timeweighted""], [""dq100_10_log_variance"", ""cycle10_rms_c_timeweighted""], [""dq100_10_log_variance"", ""cycle10_rms_c_timeweighted""]]",18
Stacking_Ridge_baseline/repeat2/outer2/meta1/xgb/tune,xgb,baseline,6,"{""learning_rate"": 0.03, ""max_depth"": 1, ""min_child_weight"": 5, ""n_estimators"": 250, ""reg_lambda"": 10.0}",13.5086666417675,"[[""dq100_10_log_variance"", ""cycle10_rms_c_timeweighted""], [""dq100_10_log_variance"", ""cycle10_rms_c_timeweighted""], [""dq100_10_log_variance"", ""cycle10_rms_c_timeweighted""]]",18
Stacking_Ridge_baseline/repeat2/outer2/meta1/xgb/tune,xgb,baseline,7,"{""learning_rate"": 0.03, ""max_depth"": 3, ""min_child_weight"": 5, ""n_estimators"": 250, ""reg_lambda"": 10.0}",13.5086666417675,"[[""dq100_10_log_variance"", ""cycle10_rms_c_timeweighted""], [""dq100_10_log_variance"", ""cycle10_rms_c_timeweighted""], [""dq100_10_log_variance"", ""cycle10_rms_c_timeweighted""]]",18
Stacking_Ridge_baseline/repeat2/outer2/meta1/xgb/tune,xgb,baseline,8,"{""learning_rate"": 0.03, ""max_depth"": 2, ""min_child_weight"": 3, ""n_estimators"": 100, ""reg_lambda"": 1.0}",8.797047643737914,"[[""dq100_10_log_variance"", ""cycle10_rms_c_timeweighted""], [""dq100_10_log_variance"", ""cycle10_rms_c_timeweighted""], [""dq100_10_log_variance"", ""cycle10_rms_c_timeweighted""]]",18
Stacking_Ridge_baseline/repeat2/outer2/meta1/xgb/tune,xgb,baseline,9,"{""learning_rate"": 0.07, ""max_depth"": 2, ""min_child_weight"": 5, ""n_estimators"": 100, ""reg_lambda"": 1.0}",14.05175909823901,"[[""dq100_10_log_variance"", ""cycle10_rms_c_timeweighted""], [""dq100_10_log_variance"", ""cycle10_rms_c_timeweighted""], [""dq100_10_log_variance"", ""cycle10_rms_c_timeweighted""]]",18
Stacking_Ridge_baseline/repeat2/outer2/meta1/xgb/tune,xgb,baseline,10,"{""learning_rate"": 0.07, ""max_depth"": 1, ""min_child_weight"": 5, ""n_estimators"": 250, ""reg_lambda"": 30.0}",13.497248934474834,"[[""dq100_10_log_variance"", ""cycle10_rms_c_timeweighted""], [""dq100_10_log_variance"", ""cycle10_rms_c_timeweighted""], [""dq100_10_log_variance"", ""cycle10_rms_c_timeweighted""]]",18
Stacking_Ridge_baseline/repeat2/outer2/meta1/xgb/tune,xgb,baseline,11,"{""learning_rate"": 0.03, ""max_depth"": 3, ""min_child_weight"": 5, ""n_estimators"": 100, ""reg_lambda"": 10.0}",14.667290327164062,"[[""dq100_10_log_variance"", ""cycle10_rms_c_timeweighted""], [""dq100_10_log_variance"", ""cycle10_rms_c_timeweighted""], [""dq100_10_log_variance"", ""cycle10_rms_c_timeweighted""]]",18
Stacking_Ridge_baseline/repeat2/outer2/meta2/xgb/tune,xgb,baseline,0,"{""learning_rate"": 0.03, ""max_depth"": 1, ""min_child_weight"": 3, ""n_estimators"": 250, ""reg_lambda"": 10.0}",9.827371032352143,"[[""dq100_10_log_variance"", ""cycle10_rms_c_timeweighted""], [""dq100_10_log_variance"", ""cycle10_rms_c_timeweighted""], [""dq100_10_log_variance"", ""cycle10_rms_c_timeweighted""]]",18
Stacking_Ridge_baseline/repeat2/outer2/meta2/xgb/tune,xgb,baseline,1,"{""learning_rate"": 0.07, ""max_depth"": 3, ""min_child_weight"": 3, ""n_estimators"": 100, ""reg_lambda"": 30.0}",12.824748496250107,"[[""dq100_10_log_variance"", ""cycle10_rms_c_timeweighted""], [""dq100_10_log_variance"", ""cycle10_rms_c_timeweighted""], [""dq100_10_log_variance"", ""cycle10_rms_c_timeweighted""]]",18
Stacking_Ridge_baseline/repeat2/outer2/meta2/xgb/tune,xgb,baseline,2,"{""learning_rate"": 0.03, ""max_depth"": 2, ""min_child_weight"": 5, ""n_estimators"": 100, ""reg_lambda"": 1.0}",10.943141644955928,"[[""dq100_10_log_variance"", ""cycle10_rms_c_timeweighted""], [""dq100_10_log_variance"", ""cycle10_rms_c_timeweighted""], [""dq100_10_log_variance"", ""cycle10_rms_c_timeweighted""]]",18
Stacking_Ridge_baseline/repeat2/outer2/meta2/xgb/tune,xgb,baseline,3,"{""learning_rate"": 0.03, ""max_depth"": 1, ""min_child_weight"": 3, ""n_estimators"": 100, ""reg_lambda"": 1.0}",10.139480531015153,"[[""dq100_10_log_variance"", ""cycle10_rms_c_timeweighted""], [""dq100_10_log_variance"", ""cycle10_rms_c_timeweighted""], [""dq100_10_log_variance"", ""cycle10_rms_c_timeweighted""]]",18
Stacking_Ridge_baseline/repeat2/outer2/meta2/xgb/tune,xgb,baseline,4,"{""learning_rate"": 0.03, ""max_depth"": 3, ""min_child_weight"": 3, ""n_estimators"": 250, ""reg_lambda"": 10.0}",9.896046326377883,"[[""dq100_10_log_variance"", ""cycle10_rms_c_timeweighted""], [""dq100_10_log_variance"", ""cycle10_rms_c_timeweighted""], [""dq100_10_log_variance"", ""cycle10_rms_c_timeweighted""]]",18
Stacking_Ridge_baseline/repeat2/outer2/meta2/xgb/tune,xgb,baseline,5,"{""learning_rate"": 0.07, ""max_depth"": 2, ""min_child_weight"": 3, ""n_estimators"": 100, ""reg_lambda"": 30.0}",12.824748496250107,"[[""dq100_10_log_variance"", ""cycle10_rms_c_timeweighted""], [""dq100_10_log_variance"", ""cycle10_rms_c_timeweighted""], [""dq100_10_log_variance"", ""cycle10_rms_c_timeweighted""]]",18
Stacking_Ridge_baseline/repeat2/outer2/meta2/xgb/tune,xgb,baseline,6,"{""learning_rate"": 0.03, ""max_depth"": 1, ""min_child_weight"": 5, ""n_estimators"": 250, ""reg_lambda"": 10.0}",10.862224467997695,"[[""dq100_10_log_variance"", ""cycle10_rms_c_timeweighted""], [""dq100_10_log_variance"", ""cycle10_rms_c_timeweighted""], [""dq100_10_log_variance"", ""cycle10_rms_c_timeweighted""]]",18
Stacking_Ridge_baseline/repeat2/outer2/meta2/xgb/tune,xgb,baseline,7,"{""learning_rate"": 0.03, ""max_depth"": 3, ""min_child_weight"": 5, ""n_estimators"": 250, ""reg_lambda"": 10.0}",10.862224467997695,"[[""dq100_10_log_variance"", ""cycle10_rms_c_timeweighted""], [""dq100_10_log_variance"", ""cycle10_rms_c_timeweighted""], [""dq100_10_log_variance"", ""cycle10_rms_c_timeweighted""]]",18
Stacking_Ridge_baseline/repeat2/outer2/meta2/xgb/tune,xgb,baseline,8,"{""learning_rate"": 0.03, ""max_depth"": 2, ""min_child_weight"": 3, ""n_estimators"": 100, ""reg_lambda"": 1.0}",10.281678211260973,"[[""dq100_10_log_variance"", ""cycle10_rms_c_timeweighted""], [""dq100_10_log_variance"", ""cycle10_rms_c_timeweighted""], [""dq100_10_log_variance"", ""cycle10_rms_c_timeweighted""]]",18
Stacking_Ridge_baseline/repeat2/outer2/meta2/xgb/tune,xgb,baseline,9,"{""learning_rate"": 0.07, ""max_depth"": 2, ""min_child_weight"": 5, ""n_estimators"": 100, ""reg_lambda"": 1.0}",10.255786664195826,"[[""dq100_10_log_variance"", ""cycle10_rms_c_timeweighted""], [""dq100_10_log_variance"", ""cycle10_rms_c_timeweighted""], [""dq100_10_log_variance"", ""cycle10_rms_c_timeweighted""]]",18
Stacking_Ridge_baseline/repeat2/outer2/meta2/xgb/tune,xgb,baseline,10,"{""learning_rate"": 0.07, ""max_depth"": 1, ""min_child_weight"": 5, ""n_estimators"": 250, ""reg_lambda"": 30.0}",11.247969659457135,"[[""dq100_10_log_variance"", ""cycle10_rms_c_timeweighted""], [""dq100_10_log_variance"", ""cycle10_rms_c_timeweighted""], [""dq100_10_log_variance"", ""cycle10_rms_c_timeweighted""]]",18
Stacking_Ridge_baseline/repeat2/outer2/meta2/xgb/tune,xgb,baseline,11,"{""learning_rate"": 0.03, ""max_depth"": 3, ""min_child_weight"": 5, ""n_estimators"": 100, ""reg_lambda"": 10.0}",13.046615002345169,"[[""dq100_10_log_variance"", ""cycle10_rms_c_timeweighted""], [""dq100_10_log_variance"", ""cycle10_rms_c_timeweighted""], [""dq100_10_log_variance"", ""cycle10_rms_c_timeweighted""]]",18
Stacking_Ridge_baseline/repeat2/outer2/meta3/xgb/tune,xgb,baseline,0,"{""learning_rate"": 0.03, ""max_depth"": 1, ""min_child_weight"": 3, ""n_estimators"": 250, ""reg_lambda"": 10.0}",9.754703594360649,"[[""dq100_10_log_variance"", ""cycle10_rms_c_timeweighted""], [""dq100_10_log_variance"", ""cycle10_rms_c_timeweighted""], [""dq100_10_log_variance"", ""cycle10_rms_c_timeweighted""]]",20
Stacking_Ridge_baseline/repeat2/outer2/meta3/xgb/tune,xgb,baseline,1,"{""learning_rate"": 0.07, ""max_depth"": 3, ""min_child_weight"": 3, ""n_estimators"": 100, ""reg_lambda"": 30.0}",10.282129434097556,"[[""dq100_10_log_variance"", ""cycle10_rms_c_timeweighted""], [""dq100_10_log_variance"", ""cycle10_rms_c_timeweighted""], [""dq100_10_log_variance"", ""cycle10_rms_c_timeweighted""]]",20
Stacking_Ridge_baseline/repeat2/outer2/meta3/xgb/tune,xgb,baseline,2,"{""learning_rate"": 0.03, ""max_depth"": 2, ""min_child_weight"": 5, ""n_estimators"": 100, ""reg_lambda"": 1.0}",9.419899648863518,"[[""dq100_10_log_variance"", ""cycle10_rms_c_timeweighted""], [""dq100_10_log_variance"", ""cycle10_rms_c_timeweighted""], [""dq100_10_log_variance"", ""cycle10_rms_c_timeweighted""]]",20
Stacking_Ridge_baseline/repeat2/outer2/meta3/xgb/tune,xgb,baseline,3,"{""learning_rate"": 0.03, ""max_depth"": 1, ""min_child_weight"": 3, ""n_estimators"": 100, ""reg_lambda"": 1.0}",9.720716985035766,"[[""dq100_10_log_variance"", ""cycle10_rms_c_timeweighted""], [""dq100_10_log_variance"", ""cycle10_rms_c_timeweighted""], [""dq100_10_log_variance"", ""cycle10_rms_c_timeweighted""]]",20
Stacking_Ridge_baseline/repeat2/outer2/meta3/xgb/tune,xgb,baseline,4,"{""learning_rate"": 0.03, ""max_depth"": 3, ""min_child_weight"": 3, ""n_estimators"": 250, ""reg_lambda"": 10.0}",10.257115171847786,"[[""dq100_10_log_variance"", ""cycle10_rms_c_timeweighted""], [""dq100_10_log_variance"", ""cycle10_rms_c_timeweighted""], [""dq100_10_log_variance"", ""cycle10_rms_c_timeweighted""]]",20
Stacking_Ridge_baseline/repeat2/outer2/meta3/xgb/tune,xgb,baseline,5,"{""learning_rate"": 0.07, ""max_depth"": 2, ""min_child_weight"": 3, ""n_estimators"": 100, ""reg_lambda"": 30.0}",10.282129434097556,"[[""dq100_10_log_variance"", ""cycle10_rms_c_timeweighted""], [""dq100_10_log_variance"", ""cycle10_rms_c_timeweighted""], [""dq100_10_log_variance"", ""cycle10_rms_c_timeweighted""]]",20
Stacking_Ridge_baseline/repeat2/outer2/meta3/xgb/tune,xgb,baseline,6,"{""learning_rate"": 0.03, ""max_depth"": 1, ""min_child_weight"": 5, ""n_estimators"": 250, ""reg_lambda"": 10.0}",9.42605582816063,"[[""dq100_10_log_variance"", ""cycle10_rms_c_timeweighted""], [""dq100_10_log_variance"", ""cycle10_rms_c_timeweighted""], [""dq100_10_log_variance"", ""cycle10_rms_c_timeweighted""]]",20
Stacking_Ridge_baseline/repeat2/outer2/meta3/xgb/tune,xgb,baseline,7,"{""learning_rate"": 0.03, ""max_depth"": 3, ""min_child_weight"": 5, ""n_estimators"": 250, ""reg_lambda"": 10.0}",9.42605582816063,"[[""dq100_10_log_variance"", ""cycle10_rms_c_timeweighted""], [""dq100_10_log_variance"", ""cycle10_rms_c_timeweighted""], [""dq100_10_log_variance"", ""cycle10_rms_c_timeweighted""]]",20
Stacking_Ridge_baseline/repeat2/outer2/meta3/xgb/tune,xgb,baseline,8,"{""learning_rate"": 0.03, ""max_depth"": 2, ""min_child_weight"": 3, ""n_estimators"": 100, ""reg_lambda"": 1.0}",9.876333941362029,"[[""dq100_10_log_variance"", ""cycle10_rms_c_timeweighted""], [""dq100_10_log_variance"", ""cycle10_rms_c_timeweighted""], [""dq100_10_log_variance"", ""cycle10_rms_c_timeweighted""]]",20
Stacking_Ridge_baseline/repeat2/outer2/meta3/xgb/tune,xgb,baseline,9,"{""learning_rate"": 0.07, ""max_depth"": 2, ""min_child_weight"": 5, ""n_estimators"": 100, ""reg_lambda"": 1.0}",9.514018075452494,"[[""dq100_10_log_variance"", ""cycle10_rms_c_timeweighted""], [""dq100_10_log_variance"", ""cycle10_rms_c_timeweighted""], [""dq100_10_log_variance"", ""cycle10_rms_c_timeweighted""]]",20
Stacking_Ridge_baseline/repeat2/outer2/meta3/xgb/tune,xgb,baseline,10,"{""learning_rate"": 0.07, ""max_depth"": 1, ""min_child_weight"": 5, ""n_estimators"": 250, ""reg_lambda"": 30.0}",9.440006907587566,"[[""dq100_10_log_variance"", ""cycle10_rms_c_timeweighted""], [""dq100_10_log_variance"", ""cycle10_rms_c_timeweighted""], [""dq100_10_log_variance"", ""cycle10_rms_c_timeweighted""]]",20
Stacking_Ridge_baseline/repeat2/outer2/meta3/xgb/tune,xgb,baseline,11,"{""learning_rate"": 0.03, ""max_depth"": 3, ""min_child_weight"": 5, ""n_estimators"": 100, ""reg_lambda"": 10.0}",10.12806119950671,"[[""dq100_10_log_variance"", ""cycle10_rms_c_timeweighted""], [""dq100_10_log_variance"", ""cycle10_rms_c_timeweighted""], [""dq100_10_log_variance"", ""cycle10_rms_c_timeweighted""]]",20
Stacking_Ridge_baseline/repeat2/outer3/meta1/xgb/tune,xgb,baseline,0,"{""learning_rate"": 0.03, ""max_depth"": 1, ""min_child_weight"": 3, ""n_estimators"": 250, ""reg_lambda"": 10.0}",8.099056049332487,"[[""dq100_10_log_variance"", ""cycle10_rms_c_timeweighted""], [""dq100_10_log_variance"", ""cycle10_rms_c_timeweighted""], [""dq100_10_log_variance"", ""cycle10_rms_c_timeweighted""]]",18
Stacking_Ridge_baseline/repeat2/outer3/meta1/xgb/tune,xgb,baseline,1,"{""learning_rate"": 0.07, ""max_depth"": 3, ""min_child_weight"": 3, ""n_estimators"": 100, ""reg_lambda"": 30.0}",9.187578878420938,"[[""dq100_10_log_variance"", ""cycle10_rms_c_timeweighted""], [""dq100_10_log_variance"", ""cycle10_rms_c_timeweighted""], [""dq100_10_log_variance"", ""cycle10_rms_c_timeweighted""]]",18
Stacking_Ridge_baseline/repeat2/outer3/meta1/xgb/tune,xgb,baseline,2,"{""learning_rate"": 0.03, ""max_depth"": 2, ""min_child_weight"": 5, ""n_estimators"": 100, ""reg_lambda"": 1.0}",8.321421378791843,"[[""dq100_10_log_variance"", ""cycle10_rms_c_timeweighted""], [""dq100_10_log_variance"", ""cycle10_rms_c_timeweighted""], [""dq100_10_log_variance"", ""cycle10_rms_c_timeweighted""]]",18
Stacking_Ridge_baseline/repeat2/outer3/meta1/xgb/tune,xgb,baseline,3,"{""learning_rate"": 0.03, ""max_depth"": 1, ""min_child_weight"": 3, ""n_estimators"": 100, ""reg_lambda"": 1.0}",8.2808677868416,"[[""dq100_10_log_variance"", ""cycle10_rms_c_timeweighted""], [""dq100_10_log_variance"", ""cycle10_rms_c_timeweighted""], [""dq100_10_log_variance"", ""cycle10_rms_c_timeweighted""]]",18
Stacking_Ridge_baseline/repeat2/outer3/meta1/xgb/tune,xgb,baseline,4,"{""learning_rate"": 0.03, ""max_depth"": 3, ""min_child_weight"": 3, ""n_estimators"": 250, ""reg_lambda"": 10.0}",8.46825592081431,"[[""dq100_10_log_variance"", ""cycle10_rms_c_timeweighted""], [""dq100_10_log_variance"", ""cycle10_rms_c_timeweighted""], [""dq100_10_log_variance"", ""cycle10_rms_c_timeweighted""]]",18
Stacking_Ridge_baseline/repeat2/outer3/meta1/xgb/tune,xgb,baseline,5,"{""learning_rate"": 0.07, ""max_depth"": 2, ""min_child_weight"": 3, ""n_estimators"": 100, ""reg_lambda"": 30.0}",9.187578878420938,"[[""dq100_10_log_variance"", ""cycle10_rms_c_timeweighted""], [""dq100_10_log_variance"", ""cycle10_rms_c_timeweighted""], [""dq100_10_log_variance"", ""cycle10_rms_c_timeweighted""]]",18
Stacking_Ridge_baseline/repeat2/outer3/meta1/xgb/tune,xgb,baseline,6,"{""learning_rate"": 0.03, ""max_depth"": 1, ""min_child_weight"": 5, ""n_estimators"": 250, ""reg_lambda"": 10.0}",8.098808059087593,"[[""dq100_10_log_variance"", ""cycle10_rms_c_timeweighted""], [""dq100_10_log_variance"", ""cycle10_rms_c_timeweighted""], [""dq100_10_log_variance"", ""cycle10_rms_c_timeweighted""]]",18
Stacking_Ridge_baseline/repeat2/outer3/meta1/xgb/tune,xgb,baseline,7,"{""learning_rate"": 0.03, ""max_depth"": 3, ""min_child_weight"": 5, ""n_estimators"": 250, ""reg_lambda"": 10.0}",8.098808059087593,"[[""dq100_10_log_variance"", ""cycle10_rms_c_timeweighted""], [""dq100_10_log_variance"", ""cycle10_rms_c_timeweighted""], [""dq100_10_log_variance"", ""cycle10_rms_c_timeweighted""]]",18
Stacking_Ridge_baseline/repeat2/outer3/meta1/xgb/tune,xgb,baseline,8,"{""learning_rate"": 0.03, ""max_depth"": 2, ""min_child_weight"": 3, ""n_estimators"": 100, ""reg_lambda"": 1.0}",8.416390390498517,"[[""dq100_10_log_variance"", ""cycle10_rms_c_timeweighted""], [""dq100_10_log_variance"", ""cycle10_rms_c_timeweighted""], [""dq100_10_log_variance"", ""cycle10_rms_c_timeweighted""]]",18
Stacking_Ridge_baseline/repeat2/outer3/meta1/xgb/tune,xgb,baseline,9,"{""learning_rate"": 0.07, ""max_depth"": 2, ""min_child_weight"": 5, ""n_estimators"": 100, ""reg_lambda"": 1.0}",8.067587284219258,"[[""dq100_10_log_variance"", ""cycle10_rms_c_timeweighted""], [""dq100_10_log_variance"", ""cycle10_rms_c_timeweighted""], [""dq100_10_log_variance"", ""cycle10_rms_c_timeweighted""]]",18
Stacking_Ridge_baseline/repeat2/outer3/meta1/xgb/tune,xgb,baseline,10,"{""learning_rate"": 0.07, ""max_depth"": 1, ""min_child_weight"": 5, ""n_estimators"": 250, ""reg_lambda"": 30.0}",7.8784206812897235,"[[""dq100_10_log_variance"", ""cycle10_rms_c_timeweighted""], [""dq100_10_log_variance"", ""cycle10_rms_c_timeweighted""], [""dq100_10_log_variance"", ""cycle10_rms_c_timeweighted""]]",18
Stacking_Ridge_baseline/repeat2/outer3/meta1/xgb/tune,xgb,baseline,11,"{""learning_rate"": 0.03, ""max_depth"": 3, ""min_child_weight"": 5, ""n_estimators"": 100, ""reg_lambda"": 10.0}",9.009805863530483,"[[""dq100_10_log_variance"", ""cycle10_rms_c_timeweighted""], [""dq100_10_log_variance"", ""cycle10_rms_c_timeweighted""], [""dq100_10_log_variance"", ""cycle10_rms_c_timeweighted""]]",18
Stacking_Ridge_baseline/repeat2/outer3/meta2/xgb/tune,xgb,baseline,0,"{""learning_rate"": 0.03, ""max_depth"": 1, ""min_child_weight"": 3, ""n_estimators"": 250, ""reg_lambda"": 10.0}",10.638025461279458,"[[""dq100_10_log_variance"", ""cycle10_rms_c_timeweighted""], [""dq100_10_log_variance"", ""cycle10_rms_c_timeweighted""], [""dq100_10_log_variance"", ""cycle10_rms_c_timeweighted""]]",17
Stacking_Ridge_baseline/repeat2/outer3/meta2/xgb/tune,xgb,baseline,1,"{""learning_rate"": 0.07, ""max_depth"": 3, ""min_child_weight"": 3, ""n_estimators"": 100, ""reg_lambda"": 30.0}",11.65480912414491,"[[""dq100_10_log_variance"", ""cycle10_rms_c_timeweighted""], [""dq100_10_log_variance"", ""cycle10_rms_c_timeweighted""], [""dq100_10_log_variance"", ""cycle10_rms_c_timeweighted""]]",17
Stacking_Ridge_baseline/repeat2/outer3/meta2/xgb/tune,xgb,baseline,2,"{""learning_rate"": 0.03, ""max_depth"": 2, ""min_child_weight"": 5, ""n_estimators"": 100, ""reg_lambda"": 1.0}",10.154453725756376,"[[""dq100_10_log_variance"", ""cycle10_rms_c_timeweighted""], [""dq100_10_log_variance"", ""cycle10_rms_c_timeweighted""], [""dq100_10_log_variance"", ""cycle10_rms_c_timeweighted""]]",17
Stacking_Ridge_baseline/repeat2/outer3/meta2/xgb/tune,xgb,baseline,3,"{""learning_rate"": 0.03, ""max_depth"": 1, ""min_child_weight"": 3, ""n_estimators"": 100, ""reg_lambda"": 1.0}",10.680665106814317,"[[""dq100_10_log_variance"", ""cycle10_rms_c_timeweighted""], [""dq100_10_log_variance"", ""cycle10_rms_c_timeweighted""], [""dq100_10_log_variance"", ""cycle10_rms_c_timeweighted""]]",17
Stacking_Ridge_baseline/repeat2/outer3/meta2/xgb/tune,xgb,baseline,4,"{""learning_rate"": 0.03, ""max_depth"": 3, ""min_child_weight"": 3, ""n_estimators"": 250, ""reg_lambda"": 10.0}",11.023380199182625,"[[""dq100_10_log_variance"", ""cycle10_rms_c_timeweighted""], [""dq100_10_log_variance"", ""cycle10_rms_c_timeweighted""], [""dq100_10_log_variance"", ""cycle10_rms_c_timeweighted""]]",17
Stacking_Ridge_baseline/repeat2/outer3/meta2/xgb/tune,xgb,baseline,5,"{""learning_rate"": 0.07, ""max_depth"": 2, ""min_child_weight"": 3, ""n_estimators"": 100, ""reg_lambda"": 30.0}",11.65480912414491,"[[""dq100_10_log_variance"", ""cycle10_rms_c_timeweighted""], [""dq100_10_log_variance"", ""cycle10_rms_c_timeweighted""], [""dq100_10_log_variance"", ""cycle10_rms_c_timeweighted""]]",17
Stacking_Ridge_baseline/repeat2/outer3/meta2/xgb/tune,xgb,baseline,6,"{""learning_rate"": 0.03, ""max_depth"": 1, ""min_child_weight"": 5, ""n_estimators"": 250, ""reg_lambda"": 10.0}",10.062436907232968,"[[""dq100_10_log_variance"", ""cycle10_rms_c_timeweighted""], [""dq100_10_log_variance"", ""cycle10_rms_c_timeweighted""], [""dq100_10_log_variance"", ""cycle10_rms_c_timeweighted""]]",17
Stacking_Ridge_baseline/repeat2/outer3/meta2/xgb/tune,xgb,baseline,7,"{""learning_rate"": 0.03, ""max_depth"": 3, ""min_child_weight"": 5, ""n_estimators"": 250, ""reg_lambda"": 10.0}",10.062436907232968,"[[""dq100_10_log_variance"", ""cycle10_rms_c_timeweighted""], [""dq100_10_log_variance"", ""cycle10_rms_c_timeweighted""], [""dq100_10_log_variance"", ""cycle10_rms_c_timeweighted""]]",17
Stacking_Ridge_baseline/repeat2/outer3/meta2/xgb/tune,xgb,baseline,8,"{""learning_rate"": 0.03, ""max_depth"": 2, ""min_child_weight"": 3, ""n_estimators"": 100, ""reg_lambda"": 1.0}",10.935555796721012,"[[""dq100_10_log_variance"", ""cycle10_rms_c_timeweighted""], [""dq100_10_log_variance"", ""cycle10_rms_c_timeweighted""], [""dq100_10_log_variance"", ""cycle10_rms_c_timeweighted""]]",17
Stacking_Ridge_baseline/repeat2/outer3/meta2/xgb/tune,xgb,baseline,9,"{""learning_rate"": 0.07, ""max_depth"": 2, ""min_child_weight"": 5, ""n_estimators"": 100, ""reg_lambda"": 1.0}",10.412610585013562,"[[""dq100_10_log_variance"", ""cycle10_rms_c_timeweighted""], [""dq100_10_log_variance"", ""cycle10_rms_c_timeweighted""], [""dq100_10_log_variance"", ""cycle10_rms_c_timeweighted""]]",17
Stacking_Ridge_baseline/repeat2/outer3/meta2/xgb/tune,xgb,baseline,10,"{""learning_rate"": 0.07, ""max_depth"": 1, ""min_child_weight"": 5, ""n_estimators"": 250, ""reg_lambda"": 30.0}",10.039376049569567,"[[""dq100_10_log_variance"", ""cycle10_rms_c_timeweighted""], [""dq100_10_log_variance"", ""cycle10_rms_c_timeweighted""], [""dq100_10_log_variance"", ""cycle10_rms_c_timeweighted""]]",17
Stacking_Ridge_baseline/repeat2/outer3/meta2/xgb/tune,xgb,baseline,11,"{""learning_rate"": 0.03, ""max_depth"": 3, ""min_child_weight"": 5, ""n_estimators"": 100, ""reg_lambda"": 10.0}",11.275264905774197,"[[""dq100_10_log_variance"", ""cycle10_rms_c_timeweighted""], [""dq100_10_log_variance"", ""cycle10_rms_c_timeweighted""], [""dq100_10_log_variance"", ""cycle10_rms_c_timeweighted""]]",17
Stacking_Ridge_baseline/repeat2/outer3/meta3/xgb/tune,xgb,baseline,0,"{""learning_rate"": 0.03, ""max_depth"": 1, ""min_child_weight"": 3, ""n_estimators"": 250, ""reg_lambda"": 10.0}",11.97386882882957,"[[""dq100_10_log_variance"", ""cycle10_rms_c_timeweighted""], [""dq100_10_log_variance"", ""cycle10_rms_c_timeweighted""], [""dq100_10_log_variance"", ""cycle10_rms_c_timeweighted""]]",19
Stacking_Ridge_baseline/repeat2/outer3/meta3/xgb/tune,xgb,baseline,1,"{""learning_rate"": 0.07, ""max_depth"": 3, ""min_child_weight"": 3, ""n_estimators"": 100, ""reg_lambda"": 30.0}",16.4541190738994,"[[""dq100_10_log_variance"", ""cycle10_rms_c_timeweighted""], [""dq100_10_log_variance"", ""cycle10_rms_c_timeweighted""], [""dq100_10_log_variance"", ""cycle10_rms_c_timeweighted""]]",19
Stacking_Ridge_baseline/repeat2/outer3/meta3/xgb/tune,xgb,baseline,2,"{""learning_rate"": 0.03, ""max_depth"": 2, ""min_child_weight"": 5, ""n_estimators"": 100, ""reg_lambda"": 1.0}",14.911829063695556,"[[""dq100_10_log_variance"", ""cycle10_rms_c_timeweighted""], [""dq100_10_log_variance"", ""cycle10_rms_c_timeweighted""], [""dq100_10_log_variance"", ""cycle10_rms_c_timeweighted""]]",19
Stacking_Ridge_baseline/repeat2/outer3/meta3/xgb/tune,xgb,baseline,3,"{""learning_rate"": 0.03, ""max_depth"": 1, ""min_child_weight"": 3, ""n_estimators"": 100, ""reg_lambda"": 1.0}",11.389947689643236,"[[""dq100_10_log_variance"", ""cycle10_rms_c_timeweighted""], [""dq100_10_log_variance"", ""cycle10_rms_c_timeweighted""], [""dq100_10_log_variance"", ""cycle10_rms_c_timeweighted""]]",19
Stacking_Ridge_baseline/repeat2/outer3/meta3/xgb/tune,xgb,baseline,4,"{""learning_rate"": 0.03, ""max_depth"": 3, ""min_child_weight"": 3, ""n_estimators"": 250, ""reg_lambda"": 10.0}",11.329808585718725,"[[""dq100_10_log_variance"", ""cycle10_rms_c_timeweighted""], [""dq100_10_log_variance"", ""cycle10_rms_c_timeweighted""], [""dq100_10_log_variance"", ""cycle10_rms_c_timeweighted""]]",19
Stacking_Ridge_baseline/repeat2/outer3/meta3/xgb/tune,xgb,baseline,5,"{""learning_rate"": 0.07, ""max_depth"": 2, ""min_child_weight"": 3, ""n_estimators"": 100, ""reg_lambda"": 30.0}",16.4541190738994,"[[""dq100_10_log_variance"", ""cycle10_rms_c_timeweighted""], [""dq100_10_log_variance"", ""cycle10_rms_c_timeweighted""], [""dq100_10_log_variance"", ""cycle10_rms_c_timeweighted""]]",19
Stacking_Ridge_baseline/repeat2/outer3/meta3/xgb/tune,xgb,baseline,6,"{""learning_rate"": 0.03, ""max_depth"": 1, ""min_child_weight"": 5, ""n_estimators"": 250, ""reg_lambda"": 10.0}",14.8459616919007,"[[""dq100_10_log_variance"", ""cycle10_rms_c_timeweighted""], [""dq100_10_log_variance"", ""cycle10_rms_c_timeweighted""], [""dq100_10_log_variance"", ""cycle10_rms_c_timeweighted""]]",19
Stacking_Ridge_baseline/repeat2/outer3/meta3/xgb/tune,xgb,baseline,7,"{""learning_rate"": 0.03, ""max_depth"": 3, ""min_child_weight"": 5, ""n_estimators"": 250, ""reg_lambda"": 10.0}",14.8459616919007,"[[""dq100_10_log_variance"", ""cycle10_rms_c_timeweighted""], [""dq100_10_log_variance"", ""cycle10_rms_c_timeweighted""], [""dq100_10_log_variance"", ""cycle10_rms_c_timeweighted""]]",19
Stacking_Ridge_baseline/repeat2/outer3/meta3/xgb/tune,xgb,baseline,8,"{""learning_rate"": 0.03, ""max_depth"": 2, ""min_child_weight"": 3, ""n_estimators"": 100, ""reg_lambda"": 1.0}",10.445651514473452,"[[""dq100_10_log_variance"", ""cycle10_rms_c_timeweighted""], [""dq100_10_log_variance"", ""cycle10_rms_c_timeweighted""], [""dq100_10_log_variance"", ""cycle10_rms_c_timeweighted""]]",19
Stacking_Ridge_baseline/repeat2/outer3/meta3/xgb/tune,xgb,baseline,9,"{""learning_rate"": 0.07, ""max_depth"": 2, ""min_child_weight"": 5, ""n_estimators"": 100, ""reg_lambda"": 1.0}",14.387228918636975,"[[""dq100_10_log_variance"", ""cycle10_rms_c_timeweighted""], [""dq100_10_log_variance"", ""cycle10_rms_c_timeweighted""], [""dq100_10_log_variance"", ""cycle10_rms_c_timeweighted""]]",19
Stacking_Ridge_baseline/repeat2/outer3/meta3/xgb/tune,xgb,baseline,10,"{""learning_rate"": 0.07, ""max_depth"": 1, ""min_child_weight"": 5, ""n_estimators"": 250, ""reg_lambda"": 30.0}",14.81843599788749,"[[""dq100_10_log_variance"", ""cycle10_rms_c_timeweighted""], [""dq100_10_log_variance"", ""cycle10_rms_c_timeweighted""], [""dq100_10_log_variance"", ""cycle10_rms_c_timeweighted""]]",19
Stacking_Ridge_baseline/repeat2/outer3/meta3/xgb/tune,xgb,baseline,11,"{""learning_rate"": 0.03, ""max_depth"": 3, ""min_child_weight"": 5, ""n_estimators"": 100, ""reg_lambda"": 10.0}",16.96228502110329,"[[""dq100_10_log_variance"", ""cycle10_rms_c_timeweighted""], [""dq100_10_log_variance"", ""cycle10_rms_c_timeweighted""], [""dq100_10_log_variance"", ""cycle10_rms_c_timeweighted""]]",19
Stacking_Ridge_baseline/repeat2/outer4/meta1/xgb/tune,xgb,baseline,0,"{""learning_rate"": 0.03, ""max_depth"": 1, ""min_child_weight"": 3, ""n_estimators"": 250, ""reg_lambda"": 10.0}",9.109210792886117,"[[""dq100_10_log_variance"", ""cycle10_rms_c_timeweighted""], [""dq100_10_log_variance"", ""cycle10_rms_c_timeweighted""], [""dq100_10_log_variance"", ""cycle10_rms_c_timeweighted""]]",19
Stacking_Ridge_baseline/repeat2/outer4/meta1/xgb/tune,xgb,baseline,1,"{""learning_rate"": 0.07, ""max_depth"": 3, ""min_child_weight"": 3, ""n_estimators"": 100, ""reg_lambda"": 30.0}",10.846473396555478,"[[""dq100_10_log_variance"", ""cycle10_rms_c_timeweighted""], [""dq100_10_log_variance"", ""cycle10_rms_c_timeweighted""], [""dq100_10_log_variance"", ""cycle10_rms_c_timeweighted""]]",19
Stacking_Ridge_baseline/repeat2/outer4/meta1/xgb/tune,xgb,baseline,2,"{""learning_rate"": 0.03, ""max_depth"": 2, ""min_child_weight"": 5, ""n_estimators"": 100, ""reg_lambda"": 1.0}",9.035518937394775,"[[""dq100_10_log_variance"", ""cycle10_rms_c_timeweighted""], [""dq100_10_log_variance"", ""cycle10_rms_c_timeweighted""], [""dq100_10_log_variance"", ""cycle10_rms_c_timeweighted""]]",19
Stacking_Ridge_baseline/repeat2/outer4/meta1/xgb/tune,xgb,baseline,3,"{""learning_rate"": 0.03, ""max_depth"": 1, ""min_child_weight"": 3, ""n_estimators"": 100, ""reg_lambda"": 1.0}",9.07943324264688,"[[""dq100_10_log_variance"", ""cycle10_rms_c_timeweighted""], [""dq100_10_log_variance"", ""cycle10_rms_c_timeweighted""], [""dq100_10_log_variance"", ""cycle10_rms_c_timeweighted""]]",19
Stacking_Ridge_baseline/repeat2/outer4/meta1/xgb/tune,xgb,baseline,4,"{""learning_rate"": 0.03, ""max_depth"": 3, ""min_child_weight"": 3, ""n_estimators"": 250, ""reg_lambda"": 10.0}",9.039339963500453,"[[""dq100_10_log_variance"", ""cycle10_rms_c_timeweighted""], [""dq100_10_log_variance"", ""cycle10_rms_c_timeweighted""], [""dq100_10_log_variance"", ""cycle10_rms_c_timeweighted""]]",19
Stacking_Ridge_baseline/repeat2/outer4/meta1/xgb/tune,xgb,baseline,5,"{""learning_rate"": 0.07, ""max_depth"": 2, ""min_child_weight"": 3, ""n_estimators"": 100, ""reg_lambda"": 30.0}",10.818122442072786,"[[""dq100_10_log_variance"", ""cycle10_rms_c_timeweighted""], [""dq100_10_log_variance"", ""cycle10_rms_c_timeweighted""], [""dq100_10_log_variance"", ""cycle10_rms_c_timeweighted""]]",19
Stacking_Ridge_baseline/repeat2/outer4/meta1/xgb/tune,xgb,baseline,6,"{""learning_rate"": 0.03, ""max_depth"": 1, ""min_child_weight"": 5, ""n_estimators"": 250, ""reg_lambda"": 10.0}",8.995406100573158,"[[""dq100_10_log_variance"", ""cycle10_rms_c_timeweighted""], [""dq100_10_log_variance"", ""cycle10_rms_c_timeweighted""], [""dq100_10_log_variance"", ""cycle10_rms_c_timeweighted""]]",19
Stacking_Ridge_baseline/repeat2/outer4/meta1/xgb/tune,xgb,baseline,7,"{""learning_rate"": 0.03, ""max_depth"": 3, ""min_child_weight"": 5, ""n_estimators"": 250, ""reg_lambda"": 10.0}",8.995406100573158,"[[""dq100_10_log_variance"", ""cycle10_rms_c_timeweighted""], [""dq100_10_log_variance"", ""cycle10_rms_c_timeweighted""], [""dq100_10_log_variance"", ""cycle10_rms_c_timeweighted""]]",19
Stacking_Ridge_baseline/repeat2/outer4/meta1/xgb/tune,xgb,baseline,8,"{""learning_rate"": 0.03, ""max_depth"": 2, ""min_child_weight"": 3, ""n_estimators"": 100, ""reg_lambda"": 1.0}",8.990960650923919,"[[""dq100_10_log_variance"", ""cycle10_rms_c_timeweighted""], [""dq100_10_log_variance"", ""cycle10_rms_c_timeweighted""], [""dq100_10_log_variance"", ""cycle10_rms_c_timeweighted""]]",19
Stacking_Ridge_baseline/repeat2/outer4/meta1/xgb/tune,xgb,baseline,9,"{""learning_rate"": 0.07, ""max_depth"": 2, ""min_child_weight"": 5, ""n_estimators"": 100, ""reg_lambda"": 1.0}",8.964327250923722,"[[""dq100_10_log_variance"", ""cycle10_rms_c_timeweighted""], [""dq100_10_log_variance"", ""cycle10_rms_c_timeweighted""], [""dq100_10_log_variance"", ""cycle10_rms_c_timeweighted""]]",19
Stacking_Ridge_baseline/repeat2/outer4/meta1/xgb/tune,xgb,baseline,10,"{""learning_rate"": 0.07, ""max_depth"": 1, ""min_child_weight"": 5, ""n_estimators"": 250, ""reg_lambda"": 30.0}",8.991839063861166,"[[""dq100_10_log_variance"", ""cycle10_rms_c_timeweighted""], [""dq100_10_log_variance"", ""cycle10_rms_c_timeweighted""], [""dq100_10_log_variance"", ""cycle10_rms_c_timeweighted""]]",19
Stacking_Ridge_baseline/repeat2/outer4/meta1/xgb/tune,xgb,baseline,11,"{""learning_rate"": 0.03, ""max_depth"": 3, ""min_child_weight"": 5, ""n_estimators"": 100, ""reg_lambda"": 10.0}",10.624383632437988,"[[""dq100_10_log_variance"", ""cycle10_rms_c_timeweighted""], [""dq100_10_log_variance"", ""cycle10_rms_c_timeweighted""], [""dq100_10_log_variance"", ""cycle10_rms_c_timeweighted""]]",19
Stacking_Ridge_baseline/repeat2/outer4/meta2/xgb/tune,xgb,baseline,0,"{""learning_rate"": 0.03, ""max_depth"": 1, ""min_child_weight"": 3, ""n_estimators"": 250, ""reg_lambda"": 10.0}",13.325087222158777,"[[""dq100_10_log_variance"", ""cycle10_rms_c_timeweighted""], [""dq100_10_log_variance"", ""cycle10_rms_c_timeweighted""], [""dq100_10_log_variance"", ""cycle10_rms_c_timeweighted""]]",20
Stacking_Ridge_baseline/repeat2/outer4/meta2/xgb/tune,xgb,baseline,1,"{""learning_rate"": 0.07, ""max_depth"": 3, ""min_child_weight"": 3, ""n_estimators"": 100, ""reg_lambda"": 30.0}",13.105607438143183,"[[""dq100_10_log_variance"", ""cycle10_rms_c_timeweighted""], [""dq100_10_log_variance"", ""cycle10_rms_c_timeweighted""], [""dq100_10_log_variance"", ""cycle10_rms_c_timeweighted""]]",20
Stacking_Ridge_baseline/repeat2/outer4/meta2/xgb/tune,xgb,baseline,2,"{""learning_rate"": 0.03, ""max_depth"": 2, ""min_child_weight"": 5, ""n_estimators"": 100, ""reg_lambda"": 1.0}",12.842757542443012,"[[""dq100_10_log_variance"", ""cycle10_rms_c_timeweighted""], [""dq100_10_log_variance"", ""cycle10_rms_c_timeweighted""], [""dq100_10_log_variance"", ""cycle10_rms_c_timeweighted""]]",20
Stacking_Ridge_baseline/repeat2/outer4/meta2/xgb/tune,xgb,baseline,3,"{""learning_rate"": 0.03, ""max_depth"": 1, ""min_child_weight"": 3, ""n_estimators"": 100, ""reg_lambda"": 1.0}",13.465558502363221,"[[""dq100_10_log_variance"", ""cycle10_rms_c_timeweighted""], [""dq100_10_log_variance"", ""cycle10_rms_c_timeweighted""], [""dq100_10_log_variance"", ""cycle10_rms_c_timeweighted""]]",20
Stacking_Ridge_baseline/repeat2/outer4/meta2/xgb/tune,xgb,baseline,4,"{""learning_rate"": 0.03, ""max_depth"": 3, ""min_child_weight"": 3, ""n_estimators"": 250, ""reg_lambda"": 10.0}",14.038197459272142,"[[""dq100_10_log_variance"", ""cycle10_rms_c_timeweighted""], [""dq100_10_log_variance"", ""cycle10_rms_c_timeweighted""], [""dq100_10_log_variance"", ""cycle10_rms_c_timeweighted""]]",20
Stacking_Ridge_baseline/repeat2/outer4/meta2/xgb/tune,xgb,baseline,5,"{""learning_rate"": 0.07, ""max_depth"": 2, ""min_child_weight"": 3, ""n_estimators"": 100, ""reg_lambda"": 30.0}",13.106599246009296,"[[""dq100_10_log_variance"", ""cycle10_rms_c_timeweighted""], [""dq100_10_log_variance"", ""cycle10_rms_c_timeweighted""], [""dq100_10_log_variance"", ""cycle10_rms_c_timeweighted""]]",20
Stacking_Ridge_baseline/repeat2/outer4/meta2/xgb/tune,xgb,baseline,6,"{""learning_rate"": 0.03, ""max_depth"": 1, ""min_child_weight"": 5, ""n_estimators"": 250, ""reg_lambda"": 10.0}",12.765978833190255,"[[""dq100_10_log_variance"", ""cycle10_rms_c_timeweighted""], [""dq100_10_log_variance"", ""cycle10_rms_c_timeweighted""], [""dq100_10_log_variance"", ""cycle10_rms_c_timeweighted""]]",20
Stacking_Ridge_baseline/repeat2/outer4/meta2/xgb/tune,xgb,baseline,7,"{""learning_rate"": 0.03, ""max_depth"": 3, ""min_child_weight"": 5, ""n_estimators"": 250, ""reg_lambda"": 10.0}",12.765978833190255,"[[""dq100_10_log_variance"", ""cycle10_rms_c_timeweighted""], [""dq100_10_log_variance"", ""cycle10_rms_c_timeweighted""], [""dq100_10_log_variance"", ""cycle10_rms_c_timeweighted""]]",20
Stacking_Ridge_baseline/repeat2/outer4/meta2/xgb/tune,xgb,baseline,8,"{""learning_rate"": 0.03, ""max_depth"": 2, ""min_child_weight"": 3, ""n_estimators"": 100, ""reg_lambda"": 1.0}",14.64632752261766,"[[""dq100_10_log_variance"", ""cycle10_rms_c_timeweighted""], [""dq100_10_log_variance"", ""cycle10_rms_c_timeweighted""], [""dq100_10_log_variance"", ""cycle10_rms_c_timeweighted""]]",20
Stacking_Ridge_baseline/repeat2/outer4/meta2/xgb/tune,xgb,baseline,9,"{""learning_rate"": 0.07, ""max_depth"": 2, ""min_child_weight"": 5, ""n_estimators"": 100, ""reg_lambda"": 1.0}",12.644540452281571,"[[""dq100_10_log_variance"", ""cycle10_rms_c_timeweighted""], [""dq100_10_log_variance"", ""cycle10_rms_c_timeweighted""], [""dq100_10_log_variance"", ""cycle10_rms_c_timeweighted""]]",20
Stacking_Ridge_baseline/repeat2/outer4/meta2/xgb/tune,xgb,baseline,10,"{""learning_rate"": 0.07, ""max_depth"": 1, ""min_child_weight"": 5, ""n_estimators"": 250, ""reg_lambda"": 30.0}",12.700935580191079,"[[""dq100_10_log_variance"", ""cycle10_rms_c_timeweighted""], [""dq100_10_log_variance"", ""cycle10_rms_c_timeweighted""], [""dq100_10_log_variance"", ""cycle10_rms_c_timeweighted""]]",20
Stacking_Ridge_baseline/repeat2/outer4/meta2/xgb/tune,xgb,baseline,11,"{""learning_rate"": 0.03, ""max_depth"": 3, ""min_child_weight"": 5, ""n_estimators"": 100, ""reg_lambda"": 10.0}",13.084479450464842,"[[""dq100_10_log_variance"", ""cycle10_rms_c_timeweighted""], [""dq100_10_log_variance"", ""cycle10_rms_c_timeweighted""], [""dq100_10_log_variance"", ""cycle10_rms_c_timeweighted""]]",20
Stacking_Ridge_baseline/repeat2/outer4/meta3/xgb/tune,xgb,baseline,0,"{""learning_rate"": 0.03, ""max_depth"": 1, ""min_child_weight"": 3, ""n_estimators"": 250, ""reg_lambda"": 10.0}",11.587367017126475,"[[""dq100_10_log_variance"", ""cycle10_rms_c_timeweighted""], [""dq100_10_log_variance"", ""cycle10_rms_c_timeweighted""], [""dq100_10_log_variance"", ""cycle10_rms_c_timeweighted""]]",19
Stacking_Ridge_baseline/repeat2/outer4/meta3/xgb/tune,xgb,baseline,1,"{""learning_rate"": 0.07, ""max_depth"": 3, ""min_child_weight"": 3, ""n_estimators"": 100, ""reg_lambda"": 30.0}",13.467033059909618,"[[""dq100_10_log_variance"", ""cycle10_rms_c_timeweighted""], [""dq100_10_log_variance"", ""cycle10_rms_c_timeweighted""], [""dq100_10_log_variance"", ""cycle10_rms_c_timeweighted""]]",19
Stacking_Ridge_baseline/repeat2/outer4/meta3/xgb/tune,xgb,baseline,2,"{""learning_rate"": 0.03, ""max_depth"": 2, ""min_child_weight"": 5, ""n_estimators"": 100, ""reg_lambda"": 1.0}",11.204204977250361,"[[""dq100_10_log_variance"", ""cycle10_rms_c_timeweighted""], [""dq100_10_log_variance"", ""cycle10_rms_c_timeweighted""], [""dq100_10_log_variance"", ""cycle10_rms_c_timeweighted""]]",19
Stacking_Ridge_baseline/repeat2/outer4/meta3/xgb/tune,xgb,baseline,3,"{""learning_rate"": 0.03, ""max_depth"": 1, ""min_child_weight"": 3, ""n_estimators"": 100, ""reg_lambda"": 1.0}",11.699233239422538,"[[""dq100_10_log_variance"", ""cycle10_rms_c_timeweighted""], [""dq100_10_log_variance"", ""cycle10_rms_c_timeweighted""], [""dq100_10_log_variance"", ""cycle10_rms_c_timeweighted""]]",19
Stacking_Ridge_baseline/repeat2/outer4/meta3/xgb/tune,xgb,baseline,4,"{""learning_rate"": 0.03, ""max_depth"": 3, ""min_child_weight"": 3, ""n_estimators"": 250, ""reg_lambda"": 10.0}",11.535374562059014,"[[""dq100_10_log_variance"", ""cycle10_rms_c_timeweighted""], [""dq100_10_log_variance"", ""cycle10_rms_c_timeweighted""], [""dq100_10_log_variance"", ""cycle10_rms_c_timeweighted""]]",19
Stacking_Ridge_baseline/repeat2/outer4/meta3/xgb/tune,xgb,baseline,5,"{""learning_rate"": 0.07, ""max_depth"": 2, ""min_child_weight"": 3, ""n_estimators"": 100, ""reg_lambda"": 30.0}",13.467033059909618,"[[""dq100_10_log_variance"", ""cycle10_rms_c_timeweighted""], [""dq100_10_log_variance"", ""cycle10_rms_c_timeweighted""], [""dq100_10_log_variance"", ""cycle10_rms_c_timeweighted""]]",19
Stacking_Ridge_baseline/repeat2/outer4/meta3/xgb/tune,xgb,baseline,6,"{""learning_rate"": 0.03, ""max_depth"": 1, ""min_child_weight"": 5, ""n_estimators"": 250, ""reg_lambda"": 10.0}",11.059583899017348,"[[""dq100_10_log_variance"", ""cycle10_rms_c_timeweighted""], [""dq100_10_log_variance"", ""cycle10_rms_c_timeweighted""], [""dq100_10_log_variance"", ""cycle10_rms_c_timeweighted""]]",19
Stacking_Ridge_baseline/repeat2/outer4/meta3/xgb/tune,xgb,baseline,7,"{""learning_rate"": 0.03, ""max_depth"": 3, ""min_child_weight"": 5, ""n_estimators"": 250, ""reg_lambda"": 10.0}",11.059583899017348,"[[""dq100_10_log_variance"", ""cycle10_rms_c_timeweighted""], [""dq100_10_log_variance"", ""cycle10_rms_c_timeweighted""], [""dq100_10_log_variance"", ""cycle10_rms_c_timeweighted""]]",19
Stacking_Ridge_baseline/repeat2/outer4/meta3/xgb/tune,xgb,baseline,8,"{""learning_rate"": 0.03, ""max_depth"": 2, ""min_child_weight"": 3, ""n_estimators"": 100, ""reg_lambda"": 1.0}",11.504657521527765,"[[""dq100_10_log_variance"", ""cycle10_rms_c_timeweighted""], [""dq100_10_log_variance"", ""cycle10_rms_c_timeweighted""], [""dq100_10_log_variance"", ""cycle10_rms_c_timeweighted""]]",19
Stacking_Ridge_baseline/repeat2/outer4/meta3/xgb/tune,xgb,baseline,9,"{""learning_rate"": 0.07, ""max_depth"": 2, ""min_child_weight"": 5, ""n_estimators"": 100, ""reg_lambda"": 1.0}",10.56940451514775,"[[""dq100_10_log_variance"", ""cycle10_rms_c_timeweighted""], [""dq100_10_log_variance"", ""cycle10_rms_c_timeweighted""], [""dq100_10_log_variance"", ""cycle10_rms_c_timeweighted""]]",19
Stacking_Ridge_baseline/repeat2/outer4/meta3/xgb/tune,xgb,baseline,10,"{""learning_rate"": 0.07, ""max_depth"": 1, ""min_child_weight"": 5, ""n_estimators"": 250, ""reg_lambda"": 30.0}",10.93374544256199,"[[""dq100_10_log_variance"", ""cycle10_rms_c_timeweighted""], [""dq100_10_log_variance"", ""cycle10_rms_c_timeweighted""], [""dq100_10_log_variance"", ""cycle10_rms_c_timeweighted""]]",19
Stacking_Ridge_baseline/repeat2/outer4/meta3/xgb/tune,xgb,baseline,11,"{""learning_rate"": 0.03, ""max_depth"": 3, ""min_child_weight"": 5, ""n_estimators"": 100, ""reg_lambda"": 10.0}",13.43869235677011,"[[""dq100_10_log_variance"", ""cycle10_rms_c_timeweighted""], [""dq100_10_log_variance"", ""cycle10_rms_c_timeweighted""], [""dq100_10_log_variance"", ""cycle10_rms_c_timeweighted""]]",19
Stacking_Ridge_baseline/repeat2/outer5/meta1/xgb/tune,xgb,baseline,0,"{""learning_rate"": 0.03, ""max_depth"": 1, ""min_child_weight"": 3, ""n_estimators"": 250, ""reg_lambda"": 10.0}",10.969144586927666,"[[""dq100_10_log_variance"", ""cycle10_rms_c_timeweighted""], [""dq100_10_log_variance"", ""cycle10_rms_c_timeweighted""], [""dq100_10_log_variance"", ""cycle10_rms_c_timeweighted""]]",19
Stacking_Ridge_baseline/repeat2/outer5/meta1/xgb/tune,xgb,baseline,1,"{""learning_rate"": 0.07, ""max_depth"": 3, ""min_child_weight"": 3, ""n_estimators"": 100, ""reg_lambda"": 30.0}",13.711006895346097,"[[""dq100_10_log_variance"", ""cycle10_rms_c_timeweighted""], [""dq100_10_log_variance"", ""cycle10_rms_c_timeweighted""], [""dq100_10_log_variance"", ""cycle10_rms_c_timeweighted""]]",19
Stacking_Ridge_baseline/repeat2/outer5/meta1/xgb/tune,xgb,baseline,2,"{""learning_rate"": 0.03, ""max_depth"": 2, ""min_child_weight"": 5, ""n_estimators"": 100, ""reg_lambda"": 1.0}",12.323827109629603,"[[""dq100_10_log_variance"", ""cycle10_rms_c_timeweighted""], [""dq100_10_log_variance"", ""cycle10_rms_c_timeweighted""], [""dq100_10_log_variance"", ""cycle10_rms_c_timeweighted""]]",19
Stacking_Ridge_baseline/repeat2/outer5/meta1/xgb/tune,xgb,baseline,3,"{""learning_rate"": 0.03, ""max_depth"": 1, ""min_child_weight"": 3, ""n_estimators"": 100, ""reg_lambda"": 1.0}",11.07786748827991,"[[""dq100_10_log_variance"", ""cycle10_rms_c_timeweighted""], [""dq100_10_log_variance"", ""cycle10_rms_c_timeweighted""], [""dq100_10_log_variance"", ""cycle10_rms_c_timeweighted""]]",19
Stacking_Ridge_baseline/repeat2/outer5/meta1/xgb/tune,xgb,baseline,4,"{""learning_rate"": 0.03, ""max_depth"": 3, ""min_child_weight"": 3, ""n_estimators"": 250, ""reg_lambda"": 10.0}",10.804667131763674,"[[""dq100_10_log_variance"", ""cycle10_rms_c_timeweighted""], [""dq100_10_log_variance"", ""cycle10_rms_c_timeweighted""], [""dq100_10_log_variance"", ""cycle10_rms_c_timeweighted""]]",19
Stacking_Ridge_baseline/repeat2/outer5/meta1/xgb/tune,xgb,baseline,5,"{""learning_rate"": 0.07, ""max_depth"": 2, ""min_child_weight"": 3, ""n_estimators"": 100, ""reg_lambda"": 30.0}",13.711006895346097,"[[""dq100_10_log_variance"", ""cycle10_rms_c_timeweighted""], [""dq100_10_log_variance"", ""cycle10_rms_c_timeweighted""], [""dq100_10_log_variance"", ""cycle10_rms_c_timeweighted""]]",19
Stacking_Ridge_baseline/repeat2/outer5/meta1/xgb/tune,xgb,baseline,6,"{""learning_rate"": 0.03, ""max_depth"": 1, ""min_child_weight"": 5, ""n_estimators"": 250, ""reg_lambda"": 10.0}",12.16574640645041,"[[""dq100_10_log_variance"", ""cycle10_rms_c_timeweighted""], [""dq100_10_log_variance"", ""cycle10_rms_c_timeweighted""], [""dq100_10_log_variance"", ""cycle10_rms_c_timeweighted""]]",19
Stacking_Ridge_baseline/repeat2/outer5/meta1/xgb/tune,xgb,baseline,7,"{""learning_rate"": 0.03, ""max_depth"": 3, ""min_child_weight"": 5, ""n_estimators"": 250, ""reg_lambda"": 10.0}",12.16574640645041,"[[""dq100_10_log_variance"", ""cycle10_rms_c_timeweighted""], [""dq100_10_log_variance"", ""cycle10_rms_c_timeweighted""], [""dq100_10_log_variance"", ""cycle10_rms_c_timeweighted""]]",19
Stacking_Ridge_baseline/repeat2/outer5/meta1/xgb/tune,xgb,baseline,8,"{""learning_rate"": 0.03, ""max_depth"": 2, ""min_child_weight"": 3, ""n_estimators"": 100, ""reg_lambda"": 1.0}",10.80974670463281,"[[""dq100_10_log_variance"", ""cycle10_rms_c_timeweighted""], [""dq100_10_log_variance"", ""cycle10_rms_c_timeweighted""], [""dq100_10_log_variance"", ""cycle10_rms_c_timeweighted""]]",19
Stacking_Ridge_baseline/repeat2/outer5/meta1/xgb/tune,xgb,baseline,9,"{""learning_rate"": 0.07, ""max_depth"": 2, ""min_child_weight"": 5, ""n_estimators"": 100, ""reg_lambda"": 1.0}",11.5063582748181,"[[""dq100_10_log_variance"", ""cycle10_rms_c_timeweighted""], [""dq100_10_log_variance"", ""cycle10_rms_c_timeweighted""], [""dq100_10_log_variance"", ""cycle10_rms_c_timeweighted""]]",19
Stacking_Ridge_baseline/repeat2/outer5/meta1/xgb/tune,xgb,baseline,10,"{""learning_rate"": 0.07, ""max_depth"": 1, ""min_child_weight"": 5, ""n_estimators"": 250, ""reg_lambda"": 30.0}",12.095444897137542,"[[""dq100_10_log_variance"", ""cycle10_rms_c_timeweighted""], [""dq100_10_log_variance"", ""cycle10_rms_c_timeweighted""], [""dq100_10_log_variance"", ""cycle10_rms_c_timeweighted""]]",19
Stacking_Ridge_baseline/repeat2/outer5/meta1/xgb/tune,xgb,baseline,11,"{""learning_rate"": 0.03, ""max_depth"": 3, ""min_child_weight"": 5, ""n_estimators"": 100, ""reg_lambda"": 10.0}",14.438563491065292,"[[""dq100_10_log_variance"", ""cycle10_rms_c_timeweighted""], [""dq100_10_log_variance"", ""cycle10_rms_c_timeweighted""], [""dq100_10_log_variance"", ""cycle10_rms_c_timeweighted""]]",19
Stacking_Ridge_baseline/repeat2/outer5/meta2/xgb/tune,xgb,baseline,0,"{""learning_rate"": 0.03, ""max_depth"": 1, ""min_child_weight"": 3, ""n_estimators"": 250, ""reg_lambda"": 10.0}",11.226560897134956,"[[""dq100_10_log_variance"", ""cycle10_rms_c_timeweighted""], [""dq100_10_log_variance"", ""cycle10_rms_c_timeweighted""], [""dq100_10_log_variance"", ""cycle10_rms_c_timeweighted""]]",20
Stacking_Ridge_baseline/repeat2/outer5/meta2/xgb/tune,xgb,baseline,1,"{""learning_rate"": 0.07, ""max_depth"": 3, ""min_child_weight"": 3, ""n_estimators"": 100, ""reg_lambda"": 30.0}",12.742535593757943,"[[""dq100_10_log_variance"", ""cycle10_rms_c_timeweighted""], [""dq100_10_log_variance"", ""cycle10_rms_c_timeweighted""], [""dq100_10_log_variance"", ""cycle10_rms_c_timeweighted""]]",20
Stacking_Ridge_baseline/repeat2/outer5/meta2/xgb/tune,xgb,baseline,2,"{""learning_rate"": 0.03, ""max_depth"": 2, ""min_child_weight"": 5, ""n_estimators"": 100, ""reg_lambda"": 1.0}",12.744349462880939,"[[""dq100_10_log_variance"", ""cycle10_rms_c_timeweighted""], [""dq100_10_log_variance"", ""cycle10_rms_c_timeweighted""], [""dq100_10_log_variance"", ""cycle10_rms_c_timeweighted""]]",20
Stacking_Ridge_baseline/repeat2/outer5/meta2/xgb/tune,xgb,baseline,3,"{""learning_rate"": 0.03, ""max_depth"": 1, ""min_child_weight"": 3, ""n_estimators"": 100, ""reg_lambda"": 1.0}",11.433375129592834,"[[""dq100_10_log_variance"", ""cycle10_rms_c_timeweighted""], [""dq100_10_log_variance"", ""cycle10_rms_c_timeweighted""], [""dq100_10_log_variance"", ""cycle10_rms_c_timeweighted""]]",20
Stacking_Ridge_baseline/repeat2/outer5/meta2/xgb/tune,xgb,baseline,4,"{""learning_rate"": 0.03, ""max_depth"": 3, ""min_child_weight"": 3, ""n_estimators"": 250, ""reg_lambda"": 10.0}",11.194157971304646,"[[""dq100_10_log_variance"", ""cycle10_rms_c_timeweighted""], [""dq100_10_log_variance"", ""cycle10_rms_c_timeweighted""], [""dq100_10_log_variance"", ""cycle10_rms_c_timeweighted""]]",20
Stacking_Ridge_baseline/repeat2/outer5/meta2/xgb/tune,xgb,baseline,5,"{""learning_rate"": 0.07, ""max_depth"": 2, ""min_child_weight"": 3, ""n_estimators"": 100, ""reg_lambda"": 30.0}",12.787591177567789,"[[""dq100_10_log_variance"", ""cycle10_rms_c_timeweighted""], [""dq100_10_log_variance"", ""cycle10_rms_c_timeweighted""], [""dq100_10_log_variance"", ""cycle10_rms_c_timeweighted""]]",20
Stacking_Ridge_baseline/repeat2/outer5/meta2/xgb/tune,xgb,baseline,6,"{""learning_rate"": 0.03, ""max_depth"": 1, ""min_child_weight"": 5, ""n_estimators"": 250, ""reg_lambda"": 10.0}",12.688759260191215,"[[""dq100_10_log_variance"", ""cycle10_rms_c_timeweighted""], [""dq100_10_log_variance"", ""cycle10_rms_c_timeweighted""], [""dq100_10_log_variance"", ""cycle10_rms_c_timeweighted""]]",20
Stacking_Ridge_baseline/repeat2/outer5/meta2/xgb/tune,xgb,baseline,7,"{""learning_rate"": 0.03, ""max_depth"": 3, ""min_child_weight"": 5, ""n_estimators"": 250, ""reg_lambda"": 10.0}",12.688759260191215,"[[""dq100_10_log_variance"", ""cycle10_rms_c_timeweighted""], [""dq100_10_log_variance"", ""cycle10_rms_c_timeweighted""], [""dq100_10_log_variance"", ""cycle10_rms_c_timeweighted""]]",20
Stacking_Ridge_baseline/repeat2/outer5/meta2/xgb/tune,xgb,baseline,8,"{""learning_rate"": 0.03, ""max_depth"": 2, ""min_child_weight"": 3, ""n_estimators"": 100, ""reg_lambda"": 1.0}",11.334751396633372,"[[""dq100_10_log_variance"", ""cycle10_rms_c_timeweighted""], [""dq100_10_log_variance"", ""cycle10_rms_c_timeweighted""], [""dq100_10_log_variance"", ""cycle10_rms_c_timeweighted""]]",20
Stacking_Ridge_baseline/repeat2/outer5/meta2/xgb/tune,xgb,baseline,9,"{""learning_rate"": 0.07, ""max_depth"": 2, ""min_child_weight"": 5, ""n_estimators"": 100, ""reg_lambda"": 1.0}",12.531308467170993,"[[""dq100_10_log_variance"", ""cycle10_rms_c_timeweighted""], [""dq100_10_log_variance"", ""cycle10_rms_c_timeweighted""], [""dq100_10_log_variance"", ""cycle10_rms_c_timeweighted""]]",20
Stacking_Ridge_baseline/repeat2/outer5/meta2/xgb/tune,xgb,baseline,10,"{""learning_rate"": 0.07, ""max_depth"": 1, ""min_child_weight"": 5, ""n_estimators"": 250, ""reg_lambda"": 30.0}",12.677386110816702,"[[""dq100_10_log_variance"", ""cycle10_rms_c_timeweighted""], [""dq100_10_log_variance"", ""cycle10_rms_c_timeweighted""], [""dq100_10_log_variance"", ""cycle10_rms_c_timeweighted""]]",20
Stacking_Ridge_baseline/repeat2/outer5/meta2/xgb/tune,xgb,baseline,11,"{""learning_rate"": 0.03, ""max_depth"": 3, ""min_child_weight"": 5, ""n_estimators"": 100, ""reg_lambda"": 10.0}",13.25492525126358,"[[""dq100_10_log_variance"", ""cycle10_rms_c_timeweighted""], [""dq100_10_log_variance"", ""cycle10_rms_c_timeweighted""], [""dq100_10_log_variance"", ""cycle10_rms_c_timeweighted""]]",20
Stacking_Ridge_baseline/repeat2/outer5/meta3/xgb/tune,xgb,baseline,0,"{""learning_rate"": 0.03, ""max_depth"": 1, ""min_child_weight"": 3, ""n_estimators"": 250, ""reg_lambda"": 10.0}",14.545398275820922,"[[""dq100_10_log_variance"", ""cycle10_rms_c_timeweighted""], [""dq100_10_log_variance"", ""cycle10_rms_c_timeweighted""], [""dq100_10_log_variance"", ""cycle10_rms_c_timeweighted""]]",19
Stacking_Ridge_baseline/repeat2/outer5/meta3/xgb/tune,xgb,baseline,1,"{""learning_rate"": 0.07, ""max_depth"": 3, ""min_child_weight"": 3, ""n_estimators"": 100, ""reg_lambda"": 30.0}",15.550147558753435,"[[""dq100_10_log_variance"", ""cycle10_rms_c_timeweighted""], [""dq100_10_log_variance"", ""cycle10_rms_c_timeweighted""], [""dq100_10_log_variance"", ""cycle10_rms_c_timeweighted""]]",19
Stacking_Ridge_baseline/repeat2/outer5/meta3/xgb/tune,xgb,baseline,2,"{""learning_rate"": 0.03, ""max_depth"": 2, ""min_child_weight"": 5, ""n_estimators"": 100, ""reg_lambda"": 1.0}",15.786896336947343,"[[""dq100_10_log_variance"", ""cycle10_rms_c_timeweighted""], [""dq100_10_log_variance"", ""cycle10_rms_c_timeweighted""], [""dq100_10_log_variance"", ""cycle10_rms_c_timeweighted""]]",19
Stacking_Ridge_baseline/repeat2/outer5/meta3/xgb/tune,xgb,baseline,3,"{""learning_rate"": 0.03, ""max_depth"": 1, ""min_child_weight"": 3, ""n_estimators"": 100, ""reg_lambda"": 1.0}",14.709385248029678,"[[""dq100_10_log_variance"", ""cycle10_rms_c_timeweighted""], [""dq100_10_log_variance"", ""cycle10_rms_c_timeweighted""], [""dq100_10_log_variance"", ""cycle10_rms_c_timeweighted""]]",19
Stacking_Ridge_baseline/repeat2/outer5/meta3/xgb/tune,xgb,baseline,4,"{""learning_rate"": 0.03, ""max_depth"": 3, ""min_child_weight"": 3, ""n_estimators"": 250, ""reg_lambda"": 10.0}",14.11073454638789,"[[""dq100_10_log_variance"", ""cycle10_rms_c_timeweighted""], [""dq100_10_log_variance"", ""cycle10_rms_c_timeweighted""], [""dq100_10_log_variance"", ""cycle10_rms_c_timeweighted""]]",19
Stacking_Ridge_baseline/repeat2/outer5/meta3/xgb/tune,xgb,baseline,5,"{""learning_rate"": 0.07, ""max_depth"": 2, ""min_child_weight"": 3, ""n_estimators"": 100, ""reg_lambda"": 30.0}",15.550147558753435,"[[""dq100_10_log_variance"", ""cycle10_rms_c_timeweighted""], [""dq100_10_log_variance"", ""cycle10_rms_c_timeweighted""], [""dq100_10_log_variance"", ""cycle10_rms_c_timeweighted""]]",19
Stacking_Ridge_baseline/repeat2/outer5/meta3/xgb/tune,xgb,baseline,6,"{""learning_rate"": 0.03, ""max_depth"": 1, ""min_child_weight"": 5, ""n_estimators"": 250, ""reg_lambda"": 10.0}",15.666225125021818,"[[""dq100_10_log_variance"", ""cycle10_rms_c_timeweighted""], [""dq100_10_log_variance"", ""cycle10_rms_c_timeweighted""], [""dq100_10_log_variance"", ""cycle10_rms_c_timeweighted""]]",19
Stacking_Ridge_baseline/repeat2/outer5/meta3/xgb/tune,xgb,baseline,7,"{""learning_rate"": 0.03, ""max_depth"": 3, ""min_child_weight"": 5, ""n_estimators"": 250, ""reg_lambda"": 10.0}",15.666225125021818,"[[""dq100_10_log_variance"", ""cycle10_rms_c_timeweighted""], [""dq100_10_log_variance"", ""cycle10_rms_c_timeweighted""], [""dq100_10_log_variance"", ""cycle10_rms_c_timeweighted""]]",19
Stacking_Ridge_baseline/repeat2/outer5/meta3/xgb/tune,xgb,baseline,8,"{""learning_rate"": 0.03, ""max_depth"": 2, ""min_child_weight"": 3, ""n_estimators"": 100, ""reg_lambda"": 1.0}",13.99696841970508,"[[""dq100_10_log_variance"", ""cycle10_rms_c_timeweighted""], [""dq100_10_log_variance"", ""cycle10_rms_c_timeweighted""], [""dq100_10_log_variance"", ""cycle10_rms_c_timeweighted""]]",19
Stacking_Ridge_baseline/repeat2/outer5/meta3/xgb/tune,xgb,baseline,9,"{""learning_rate"": 0.07, ""max_depth"": 2, ""min_child_weight"": 5, ""n_estimators"": 100, ""reg_lambda"": 1.0}",15.284224307487602,"[[""dq100_10_log_variance"", ""cycle10_rms_c_timeweighted""], [""dq100_10_log_variance"", ""cycle10_rms_c_timeweighted""], [""dq100_10_log_variance"", ""cycle10_rms_c_timeweighted""]]",19
Stacking_Ridge_baseline/repeat2/outer5/meta3/xgb/tune,xgb,baseline,10,"{""learning_rate"": 0.07, ""max_depth"": 1, ""min_child_weight"": 5, ""n_estimators"": 250, ""reg_lambda"": 30.0}",15.607489372097854,"[[""dq100_10_log_variance"", ""cycle10_rms_c_timeweighted""], [""dq100_10_log_variance"", ""cycle10_rms_c_timeweighted""], [""dq100_10_log_variance"", ""cycle10_rms_c_timeweighted""]]",19
Stacking_Ridge_baseline/repeat2/outer5/meta3/xgb/tune,xgb,baseline,11,"{""learning_rate"": 0.03, ""max_depth"": 3, ""min_child_weight"": 5, ""n_estimators"": 100, ""reg_lambda"": 10.0}",16.94689585865097,"[[""dq100_10_log_variance"", ""cycle10_rms_c_timeweighted""], [""dq100_10_log_variance"", ""cycle10_rms_c_timeweighted""], [""dq100_10_log_variance"", ""cycle10_rms_c_timeweighted""]]",19
Stacking_Ridge_baseline/repeat3/outer1/meta1/xgb/tune,xgb,baseline,0,"{""learning_rate"": 0.03, ""max_depth"": 1, ""min_child_weight"": 3, ""n_estimators"": 250, ""reg_lambda"": 10.0}",10.959920745333159,"[[""dq100_10_log_variance"", ""cycle10_rms_c_timeweighted""], [""dq100_10_log_variance"", ""cycle10_rms_c_timeweighted""], [""dq100_10_log_variance"", ""cycle10_rms_c_timeweighted""]]",18
Stacking_Ridge_baseline/repeat3/outer1/meta1/xgb/tune,xgb,baseline,1,"{""learning_rate"": 0.07, ""max_depth"": 3, ""min_child_weight"": 3, ""n_estimators"": 100, ""reg_lambda"": 30.0}",11.769714070856367,"[[""dq100_10_log_variance"", ""cycle10_rms_c_timeweighted""], [""dq100_10_log_variance"", ""cycle10_rms_c_timeweighted""], [""dq100_10_log_variance"", ""cycle10_rms_c_timeweighted""]]",18
Stacking_Ridge_baseline/repeat3/outer1/meta1/xgb/tune,xgb,baseline,2,"{""learning_rate"": 0.03, ""max_depth"": 2, ""min_child_weight"": 5, ""n_estimators"": 100, ""reg_lambda"": 1.0}",10.951743803339957,"[[""dq100_10_log_variance"", ""cycle10_rms_c_timeweighted""], [""dq100_10_log_variance"", ""cycle10_rms_c_timeweighted""], [""dq100_10_log_variance"", ""cycle10_rms_c_timeweighted""]]",18
Stacking_Ridge_baseline/repeat3/outer1/meta1/xgb/tune,xgb,baseline,3,"{""learning_rate"": 0.03, ""max_depth"": 1, ""min_child_weight"": 3, ""n_estimators"": 100, ""reg_lambda"": 1.0}",11.00817357091968,"[[""dq100_10_log_variance"", ""cycle10_rms_c_timeweighted""], [""dq100_10_log_variance"", ""cycle10_rms_c_timeweighted""], [""dq100_10_log_variance"", ""cycle10_rms_c_timeweighted""]]",18
Stacking_Ridge_baseline/repeat3/outer1/meta1/xgb/tune,xgb,baseline,4,"{""learning_rate"": 0.03, ""max_depth"": 3, ""min_child_weight"": 3, ""n_estimators"": 250, ""reg_lambda"": 10.0}",11.248543902146801,"[[""dq100_10_log_variance"", ""cycle10_rms_c_timeweighted""], [""dq100_10_log_variance"", ""cycle10_rms_c_timeweighted""], [""dq100_10_log_variance"", ""cycle10_rms_c_timeweighted""]]",18
Stacking_Ridge_baseline/repeat3/outer1/meta1/xgb/tune,xgb,baseline,5,"{""learning_rate"": 0.07, ""max_depth"": 2, ""min_child_weight"": 3, ""n_estimators"": 100, ""reg_lambda"": 30.0}",11.62006509067561,"[[""dq100_10_log_variance"", ""cycle10_rms_c_timeweighted""], [""dq100_10_log_variance"", ""cycle10_rms_c_timeweighted""], [""dq100_10_log_variance"", ""cycle10_rms_c_timeweighted""]]",18
Stacking_Ridge_baseline/repeat3/outer1/meta1/xgb/tune,xgb,baseline,6,"{""learning_rate"": 0.03, ""max_depth"": 1, ""min_child_weight"": 5, ""n_estimators"": 250, ""reg_lambda"": 10.0}",10.91328463375645,"[[""dq100_10_log_variance"", ""cycle10_rms_c_timeweighted""], [""dq100_10_log_variance"", ""cycle10_rms_c_timeweighted""], [""dq100_10_log_variance"", ""cycle10_rms_c_timeweighted""]]",18
Stacking_Ridge_baseline/repeat3/outer1/meta1/xgb/tune,xgb,baseline,7,"{""learning_rate"": 0.03, ""max_depth"": 3, ""min_child_weight"": 5, ""n_estimators"": 250, ""reg_lambda"": 10.0}",10.91328463375645,"[[""dq100_10_log_variance"", ""cycle10_rms_c_timeweighted""], [""dq100_10_log_variance"", ""cycle10_rms_c_timeweighted""], [""dq100_10_log_variance"", ""cycle10_rms_c_timeweighted""]]",18
Stacking_Ridge_baseline/repeat3/outer1/meta1/xgb/tune,xgb,baseline,8,"{""learning_rate"": 0.03, ""max_depth"": 2, ""min_child_weight"": 3, ""n_estimators"": 100, ""reg_lambda"": 1.0}",10.645281431686074,"[[""dq100_10_log_variance"", ""cycle10_rms_c_timeweighted""], [""dq100_10_log_variance"", ""cycle10_rms_c_timeweighted""], [""dq100_10_log_variance"", ""cycle10_rms_c_timeweighted""]]",18
Stacking_Ridge_baseline/repeat3/outer1/meta1/xgb/tune,xgb,baseline,9,"{""learning_rate"": 0.07, ""max_depth"": 2, ""min_child_weight"": 5, ""n_estimators"": 100, ""reg_lambda"": 1.0}",10.326298899890267,"[[""dq100_10_log_variance"", ""cycle10_rms_c_timeweighted""], [""dq100_10_log_variance"", ""cycle10_rms_c_timeweighted""], [""dq100_10_log_variance"", ""cycle10_rms_c_timeweighted""]]",18
Stacking_Ridge_baseline/repeat3/outer1/meta1/xgb/tune,xgb,baseline,10,"{""learning_rate"": 0.07, ""max_depth"": 1, ""min_child_weight"": 5, ""n_estimators"": 250, ""reg_lambda"": 30.0}",10.891322187540181,"[[""dq100_10_log_variance"", ""cycle10_rms_c_timeweighted""], [""dq100_10_log_variance"", ""cycle10_rms_c_timeweighted""], [""dq100_10_log_variance"", ""cycle10_rms_c_timeweighted""]]",18
Stacking_Ridge_baseline/repeat3/outer1/meta1/xgb/tune,xgb,baseline,11,"{""learning_rate"": 0.03, ""max_depth"": 3, ""min_child_weight"": 5, ""n_estimators"": 100, ""reg_lambda"": 10.0}",12.125833792615254,"[[""dq100_10_log_variance"", ""cycle10_rms_c_timeweighted""], [""dq100_10_log_variance"", ""cycle10_rms_c_timeweighted""], [""dq100_10_log_variance"", ""cycle10_rms_c_timeweighted""]]",18
Stacking_Ridge_baseline/repeat3/outer1/meta2/xgb/tune,xgb,baseline,0,"{""learning_rate"": 0.03, ""max_depth"": 1, ""min_child_weight"": 3, ""n_estimators"": 250, ""reg_lambda"": 10.0}",10.308892609425351,"[[""dq100_10_log_variance"", ""cycle10_rms_c_timeweighted""], [""dq100_10_log_variance"", ""cycle10_rms_c_timeweighted""], [""dq100_10_log_variance"", ""cycle10_rms_c_timeweighted""]]",17
Stacking_Ridge_baseline/repeat3/outer1/meta2/xgb/tune,xgb,baseline,1,"{""learning_rate"": 0.07, ""max_depth"": 3, ""min_child_weight"": 3, ""n_estimators"": 100, ""reg_lambda"": 30.0}",15.134579365138102,"[[""dq100_10_log_variance"", ""cycle10_rms_c_timeweighted""], [""dq100_10_log_variance"", ""cycle10_rms_c_timeweighted""], [""dq100_10_log_variance"", ""cycle10_rms_c_timeweighted""]]",17
Stacking_Ridge_baseline/repeat3/outer1/meta2/xgb/tune,xgb,baseline,2,"{""learning_rate"": 0.03, ""max_depth"": 2, ""min_child_weight"": 5, ""n_estimators"": 100, ""reg_lambda"": 1.0}",12.444675604807454,"[[""dq100_10_log_variance"", ""cycle10_rms_c_timeweighted""], [""dq100_10_log_variance"", ""cycle10_rms_c_timeweighted""], [""dq100_10_log_variance"", ""cycle10_rms_c_timeweighted""]]",17
Stacking_Ridge_baseline/repeat3/outer1/meta2/xgb/tune,xgb,baseline,3,"{""learning_rate"": 0.03, ""max_depth"": 1, ""min_child_weight"": 3, ""n_estimators"": 100, ""reg_lambda"": 1.0}",10.259298462383832,"[[""dq100_10_log_variance"", ""cycle10_rms_c_timeweighted""], [""dq100_10_log_variance"", ""cycle10_rms_c_timeweighted""], [""dq100_10_log_variance"", ""cycle10_rms_c_timeweighted""]]",17
Stacking_Ridge_baseline/repeat3/outer1/meta2/xgb/tune,xgb,baseline,4,"{""learning_rate"": 0.03, ""max_depth"": 3, ""min_child_weight"": 3, ""n_estimators"": 250, ""reg_lambda"": 10.0}",10.352494454388292,"[[""dq100_10_log_variance"", ""cycle10_rms_c_timeweighted""], [""dq100_10_log_variance"", ""cycle10_rms_c_timeweighted""], [""dq100_10_log_variance"", ""cycle10_rms_c_timeweighted""]]",17
Stacking_Ridge_baseline/repeat3/outer1/meta2/xgb/tune,xgb,baseline,5,"{""learning_rate"": 0.07, ""max_depth"": 2, ""min_child_weight"": 3, ""n_estimators"": 100, ""reg_lambda"": 30.0}",15.134579365138102,"[[""dq100_10_log_variance"", ""cycle10_rms_c_timeweighted""], [""dq100_10_log_variance"", ""cycle10_rms_c_timeweighted""], [""dq100_10_log_variance"", ""cycle10_rms_c_timeweighted""]]",17
Stacking_Ridge_baseline/repeat3/outer1/meta2/xgb/tune,xgb,baseline,6,"{""learning_rate"": 0.03, ""max_depth"": 1, ""min_child_weight"": 5, ""n_estimators"": 250, ""reg_lambda"": 10.0}",12.472534654565226,"[[""dq100_10_log_variance"", ""cycle10_rms_c_timeweighted""], [""dq100_10_log_variance"", ""cycle10_rms_c_timeweighted""], [""dq100_10_log_variance"", ""cycle10_rms_c_timeweighted""]]",17
Stacking_Ridge_baseline/repeat3/outer1/meta2/xgb/tune,xgb,baseline,7,"{""learning_rate"": 0.03, ""max_depth"": 3, ""min_child_weight"": 5, ""n_estimators"": 250, ""reg_lambda"": 10.0}",12.472534654565226,"[[""dq100_10_log_variance"", ""cycle10_rms_c_timeweighted""], [""dq100_10_log_variance"", ""cycle10_rms_c_timeweighted""], [""dq100_10_log_variance"", ""cycle10_rms_c_timeweighted""]]",17
Stacking_Ridge_baseline/repeat3/outer1/meta2/xgb/tune,xgb,baseline,8,"{""learning_rate"": 0.03, ""max_depth"": 2, ""min_child_weight"": 3, ""n_estimators"": 100, ""reg_lambda"": 1.0}",9.855819323664429,"[[""dq100_10_log_variance"", ""cycle10_rms_c_timeweighted""], [""dq100_10_log_variance"", ""cycle10_rms_c_timeweighted""], [""dq100_10_log_variance"", ""cycle10_rms_c_timeweighted""]]",17
Stacking_Ridge_baseline/repeat3/outer1/meta2/xgb/tune,xgb,baseline,9,"{""learning_rate"": 0.07, ""max_depth"": 2, ""min_child_weight"": 5, ""n_estimators"": 100, ""reg_lambda"": 1.0}",11.795073952308233,"[[""dq100_10_log_variance"", ""cycle10_rms_c_timeweighted""], [""dq100_10_log_variance"", ""cycle10_rms_c_timeweighted""], [""dq100_10_log_variance"", ""cycle10_rms_c_timeweighted""]]",17
Stacking_Ridge_baseline/repeat3/outer1/meta2/xgb/tune,xgb,baseline,10,"{""learning_rate"": 0.07, ""max_depth"": 1, ""min_child_weight"": 5, ""n_estimators"": 250, ""reg_lambda"": 30.0}",12.478307148911483,"[[""dq100_10_log_variance"", ""cycle10_rms_c_timeweighted""], [""dq100_10_log_variance"", ""cycle10_rms_c_timeweighted""], [""dq100_10_log_variance"", ""cycle10_rms_c_timeweighted""]]",17
Stacking_Ridge_baseline/repeat3/outer1/meta2/xgb/tune,xgb,baseline,11,"{""learning_rate"": 0.03, ""max_depth"": 3, ""min_child_weight"": 5, ""n_estimators"": 100, ""reg_lambda"": 10.0}",16.238263853668848,"[[""dq100_10_log_variance"", ""cycle10_rms_c_timeweighted""], [""dq100_10_log_variance"", ""cycle10_rms_c_timeweighted""], [""dq100_10_log_variance"", ""cycle10_rms_c_timeweighted""]]",17
Stacking_Ridge_baseline/repeat3/outer1/meta3/xgb/tune,xgb,baseline,0,"{""learning_rate"": 0.03, ""max_depth"": 1, ""min_child_weight"": 3, ""n_estimators"": 250, ""reg_lambda"": 10.0}",12.766862155081368,"[[""dq100_10_log_variance"", ""cycle10_rms_c_timeweighted""], [""dq100_10_log_variance"", ""cycle10_rms_c_timeweighted""], [""dq100_10_log_variance"", ""cycle10_rms_c_timeweighted""]]",19
Stacking_Ridge_baseline/repeat3/outer1/meta3/xgb/tune,xgb,baseline,1,"{""learning_rate"": 0.07, ""max_depth"": 3, ""min_child_weight"": 3, ""n_estimators"": 100, ""reg_lambda"": 30.0}",15.003365152186483,"[[""dq100_10_log_variance"", ""cycle10_rms_c_timeweighted""], [""dq100_10_log_variance"", ""cycle10_rms_c_timeweighted""], [""dq100_10_log_variance"", ""cycle10_rms_c_timeweighted""]]",19
Stacking_Ridge_baseline/repeat3/outer1/meta3/xgb/tune,xgb,baseline,2,"{""learning_rate"": 0.03, ""max_depth"": 2, ""min_child_weight"": 5, ""n_estimators"": 100, ""reg_lambda"": 1.0}",13.957379571379999,"[[""dq100_10_log_variance"", ""cycle10_rms_c_timeweighted""], [""dq100_10_log_variance"", ""cycle10_rms_c_timeweighted""], [""dq100_10_log_variance"", ""cycle10_rms_c_timeweighted""]]",19
Stacking_Ridge_baseline/repeat3/outer1/meta3/xgb/tune,xgb,baseline,3,"{""learning_rate"": 0.03, ""max_depth"": 1, ""min_child_weight"": 3, ""n_estimators"": 100, ""reg_lambda"": 1.0}",12.969668430314302,"[[""dq100_10_log_variance"", ""cycle10_rms_c_timeweighted""], [""dq100_10_log_variance"", ""cycle10_rms_c_timeweighted""], [""dq100_10_log_variance"", ""cycle10_rms_c_timeweighted""]]",19
Stacking_Ridge_baseline/repeat3/outer1/meta3/xgb/tune,xgb,baseline,4,"{""learning_rate"": 0.03, ""max_depth"": 3, ""min_child_weight"": 3, ""n_estimators"": 250, ""reg_lambda"": 10.0}",12.776445785597945,"[[""dq100_10_log_variance"", ""cycle10_rms_c_timeweighted""], [""dq100_10_log_variance"", ""cycle10_rms_c_timeweighted""], [""dq100_10_log_variance"", ""cycle10_rms_c_timeweighted""]]",19
Stacking_Ridge_baseline/repeat3/outer1/meta3/xgb/tune,xgb,baseline,5,"{""learning_rate"": 0.07, ""max_depth"": 2, ""min_child_weight"": 3, ""n_estimators"": 100, ""reg_lambda"": 30.0}",15.003365152186483,"[[""dq100_10_log_variance"", ""cycle10_rms_c_timeweighted""], [""dq100_10_log_variance"", ""cycle10_rms_c_timeweighted""], [""dq100_10_log_variance"", ""cycle10_rms_c_timeweighted""]]",19
Stacking_Ridge_baseline/repeat3/outer1/meta3/xgb/tune,xgb,baseline,6,"{""learning_rate"": 0.03, ""max_depth"": 1, ""min_child_weight"": 5, ""n_estimators"": 250, ""reg_lambda"": 10.0}",13.837083353356016,"[[""dq100_10_log_variance"", ""cycle10_rms_c_timeweighted""], [""dq100_10_log_variance"", ""cycle10_rms_c_timeweighted""], [""dq100_10_log_variance"", ""cycle10_rms_c_timeweighted""]]",19
Stacking_Ridge_baseline/repeat3/outer1/meta3/xgb/tune,xgb,baseline,7,"{""learning_rate"": 0.03, ""max_depth"": 3, ""min_child_weight"": 5, ""n_estimators"": 250, ""reg_lambda"": 10.0}",13.837083353356016,"[[""dq100_10_log_variance"", ""cycle10_rms_c_timeweighted""], [""dq100_10_log_variance"", ""cycle10_rms_c_timeweighted""], [""dq100_10_log_variance"", ""cycle10_rms_c_timeweighted""]]",19
Stacking_Ridge_baseline/repeat3/outer1/meta3/xgb/tune,xgb,baseline,8,"{""learning_rate"": 0.03, ""max_depth"": 2, ""min_child_weight"": 3, ""n_estimators"": 100, ""reg_lambda"": 1.0}",12.854787013930782,"[[""dq100_10_log_variance"", ""cycle10_rms_c_timeweighted""], [""dq100_10_log_variance"", ""cycle10_rms_c_timeweighted""], [""dq100_10_log_variance"", ""cycle10_rms_c_timeweighted""]]",19
Stacking_Ridge_baseline/repeat3/outer1/meta3/xgb/tune,xgb,baseline,9,"{""learning_rate"": 0.07, ""max_depth"": 2, ""min_child_weight"": 5, ""n_estimators"": 100, ""reg_lambda"": 1.0}",13.242005006106517,"[[""dq100_10_log_variance"", ""cycle10_rms_c_timeweighted""], [""dq100_10_log_variance"", ""cycle10_rms_c_timeweighted""], [""dq100_10_log_variance"", ""cycle10_rms_c_timeweighted""]]",19
Stacking_Ridge_baseline/repeat3/outer1/meta3/xgb/tune,xgb,baseline,10,"{""learning_rate"": 0.07, ""max_depth"": 1, ""min_child_weight"": 5, ""n_estimators"": 250, ""reg_lambda"": 30.0}",13.812697382122588,"[[""dq100_10_log_variance"", ""cycle10_rms_c_timeweighted""], [""dq100_10_log_variance"", ""cycle10_rms_c_timeweighted""], [""dq100_10_log_variance"", ""cycle10_rms_c_timeweighted""]]",19
Stacking_Ridge_baseline/repeat3/outer1/meta3/xgb/tune,xgb,baseline,11,"{""learning_rate"": 0.03, ""max_depth"": 3, ""min_child_weight"": 5, ""n_estimators"": 100, ""reg_lambda"": 10.0}",15.502234842724139,"[[""dq100_10_log_variance"", ""cycle10_rms_c_timeweighted""], [""dq100_10_log_variance"", ""cycle10_rms_c_timeweighted""], [""dq100_10_log_variance"", ""cycle10_rms_c_timeweighted""]]",19
Stacking_Ridge_baseline/repeat3/outer2/meta1/xgb/tune,xgb,baseline,0,"{""learning_rate"": 0.03, ""max_depth"": 1, ""min_child_weight"": 3, ""n_estimators"": 250, ""reg_lambda"": 10.0}",15.141144177874697,"[[""dq100_10_log_variance"", ""cycle10_rms_c_timeweighted""], [""dq100_10_log_variance"", ""cycle10_rms_c_timeweighted""], [""dq100_10_log_variance"", ""cycle10_rms_c_timeweighted""]]",18
Stacking_Ridge_baseline/repeat3/outer2/meta1/xgb/tune,xgb,baseline,1,"{""learning_rate"": 0.07, ""max_depth"": 3, ""min_child_weight"": 3, ""n_estimators"": 100, ""reg_lambda"": 30.0}",14.357671298621183,"[[""dq100_10_log_variance"", ""cycle10_rms_c_timeweighted""], [""dq100_10_log_variance"", ""cycle10_rms_c_timeweighted""], [""dq100_10_log_variance"", ""cycle10_rms_c_timeweighted""]]",18
Stacking_Ridge_baseline/repeat3/outer2/meta1/xgb/tune,xgb,baseline,2,"{""learning_rate"": 0.03, ""max_depth"": 2, ""min_child_weight"": 5, ""n_estimators"": 100, ""reg_lambda"": 1.0}",16.761527657906353,"[[""dq100_10_log_variance"", ""cycle10_rms_c_timeweighted""], [""dq100_10_log_variance"", ""cycle10_rms_c_timeweighted""], [""dq100_10_log_variance"", ""cycle10_rms_c_timeweighted""]]",18
Stacking_Ridge_baseline/repeat3/outer2/meta1/xgb/tune,xgb,baseline,3,"{""learning_rate"": 0.03, ""max_depth"": 1, ""min_child_weight"": 3, ""n_estimators"": 100, ""reg_lambda"": 1.0}",15.095748350001594,"[[""dq100_10_log_variance"", ""cycle10_rms_c_timeweighted""], [""dq100_10_log_variance"", ""cycle10_rms_c_timeweighted""], [""dq100_10_log_variance"", ""cycle10_rms_c_timeweighted""]]",18
Stacking_Ridge_baseline/repeat3/outer2/meta1/xgb/tune,xgb,baseline,4,"{""learning_rate"": 0.03, ""max_depth"": 3, ""min_child_weight"": 3, ""n_estimators"": 250, ""reg_lambda"": 10.0}",16.70574964265358,"[[""dq100_10_log_variance"", ""cycle10_rms_c_timeweighted""], [""dq100_10_log_variance"", ""cycle10_rms_c_timeweighted""], [""dq100_10_log_variance"", ""cycle10_rms_c_timeweighted""]]",18
Stacking_Ridge_baseline/repeat3/outer2/meta1/xgb/tune,xgb,baseline,5,"{""learning_rate"": 0.07, ""max_depth"": 2, ""min_child_weight"": 3, ""n_estimators"": 100, ""reg_lambda"": 30.0}",14.142794550704284,"[[""dq100_10_log_variance"", ""cycle10_rms_c_timeweighted""], [""dq100_10_log_variance"", ""cycle10_rms_c_timeweighted""], [""dq100_10_log_variance"", ""cycle10_rms_c_timeweighted""]]",18
Stacking_Ridge_baseline/repeat3/outer2/meta1/xgb/tune,xgb,baseline,6,"{""learning_rate"": 0.03, ""max_depth"": 1, ""min_child_weight"": 5, ""n_estimators"": 250, ""reg_lambda"": 10.0}",16.932669037393595,"[[""dq100_10_log_variance"", ""cycle10_rms_c_timeweighted""], [""dq100_10_log_variance"", ""cycle10_rms_c_timeweighted""], [""dq100_10_log_variance"", ""cycle10_rms_c_timeweighted""]]",18
Stacking_Ridge_baseline/repeat3/outer2/meta1/xgb/tune,xgb,baseline,7,"{""learning_rate"": 0.03, ""max_depth"": 3, ""min_child_weight"": 5, ""n_estimators"": 250, ""reg_lambda"": 10.0}",16.932669037393595,"[[""dq100_10_log_variance"", ""cycle10_rms_c_timeweighted""], [""dq100_10_log_variance"", ""cycle10_rms_c_timeweighted""], [""dq100_10_log_variance"", ""cycle10_rms_c_timeweighted""]]",18
Stacking_Ridge_baseline/repeat3/outer2/meta1/xgb/tune,xgb,baseline,8,"{""learning_rate"": 0.03, ""max_depth"": 2, ""min_child_weight"": 3, ""n_estimators"": 100, ""reg_lambda"": 1.0}",16.749478431041435,"[[""dq100_10_log_variance"", ""cycle10_rms_c_timeweighted""], [""dq100_10_log_variance"", ""cycle10_rms_c_timeweighted""], [""dq100_10_log_variance"", ""cycle10_rms_c_timeweighted""]]",18
Stacking_Ridge_baseline/repeat3/outer2/meta1/xgb/tune,xgb,baseline,9,"{""learning_rate"": 0.07, ""max_depth"": 2, ""min_child_weight"": 5, ""n_estimators"": 100, ""reg_lambda"": 1.0}",17.628684520790546,"[[""dq100_10_log_variance"", ""cycle10_rms_c_timeweighted""], [""dq100_10_log_variance"", ""cycle10_rms_c_timeweighted""], [""dq100_10_log_variance"", ""cycle10_rms_c_timeweighted""]]",18
Stacking_Ridge_baseline/repeat3/outer2/meta1/xgb/tune,xgb,baseline,10,"{""learning_rate"": 0.07, ""max_depth"": 1, ""min_child_weight"": 5, ""n_estimators"": 250, ""reg_lambda"": 30.0}",16.963058051944945,"[[""dq100_10_log_variance"", ""cycle10_rms_c_timeweighted""], [""dq100_10_log_variance"", ""cycle10_rms_c_timeweighted""], [""dq100_10_log_variance"", ""cycle10_rms_c_timeweighted""]]",18
Stacking_Ridge_baseline/repeat3/outer2/meta1/xgb/tune,xgb,baseline,11,"{""learning_rate"": 0.03, ""max_depth"": 3, ""min_child_weight"": 5, ""n_estimators"": 100, ""reg_lambda"": 10.0}",15.333331417223562,"[[""dq100_10_log_variance"", ""cycle10_rms_c_timeweighted""], [""dq100_10_log_variance"", ""cycle10_rms_c_timeweighted""], [""dq100_10_log_variance"", ""cycle10_rms_c_timeweighted""]]",18
Stacking_Ridge_baseline/repeat3/outer2/meta2/xgb/tune,xgb,baseline,0,"{""learning_rate"": 0.03, ""max_depth"": 1, ""min_child_weight"": 3, ""n_estimators"": 250, ""reg_lambda"": 10.0}",12.447405179691438,"[[""dq100_10_log_variance"", ""cycle10_rms_c_timeweighted""], [""dq100_10_log_variance"", ""cycle10_rms_c_timeweighted""], [""dq100_10_log_variance"", ""cycle10_rms_c_timeweighted""]]",18
Stacking_Ridge_baseline/repeat3/outer2/meta2/xgb/tune,xgb,baseline,1,"{""learning_rate"": 0.07, ""max_depth"": 3, ""min_child_weight"": 3, ""n_estimators"": 100, ""reg_lambda"": 30.0}",15.807069336274038,"[[""dq100_10_log_variance"", ""cycle10_rms_c_timeweighted""], [""dq100_10_log_variance"", ""cycle10_rms_c_timeweighted""], [""dq100_10_log_variance"", ""cycle10_rms_c_timeweighted""]]",18
Stacking_Ridge_baseline/repeat3/outer2/meta2/xgb/tune,xgb,baseline,2,"{""learning_rate"": 0.03, ""max_depth"": 2, ""min_child_weight"": 5, ""n_estimators"": 100, ""reg_lambda"": 1.0}",15.69033903277351,"[[""dq100_10_log_variance"", ""cycle10_rms_c_timeweighted""], [""dq100_10_log_variance"", ""cycle10_rms_c_timeweighted""], [""dq100_10_log_variance"", ""cycle10_rms_c_timeweighted""]]",18
Stacking_Ridge_baseline/repeat3/outer2/meta2/xgb/tune,xgb,baseline,3,"{""learning_rate"": 0.03, ""max_depth"": 1, ""min_child_weight"": 3, ""n_estimators"": 100, ""reg_lambda"": 1.0}",12.325363556012821,"[[""dq100_10_log_variance"", ""cycle10_rms_c_timeweighted""], [""dq100_10_log_variance"", ""cycle10_rms_c_timeweighted""], [""dq100_10_log_variance"", ""cycle10_rms_c_timeweighted""]]",18
Stacking_Ridge_baseline/repeat3/outer2/meta2/xgb/tune,xgb,baseline,4,"{""learning_rate"": 0.03, ""max_depth"": 3, ""min_child_weight"": 3, ""n_estimators"": 250, ""reg_lambda"": 10.0}",12.193174899455434,"[[""dq100_10_log_variance"", ""cycle10_rms_c_timeweighted""], [""dq100_10_log_variance"", ""cycle10_rms_c_timeweighted""], [""dq100_10_log_variance"", ""cycle10_rms_c_timeweighted""]]",18
Stacking_Ridge_baseline/repeat3/outer2/meta2/xgb/tune,xgb,baseline,5,"{""learning_rate"": 0.07, ""max_depth"": 2, ""min_child_weight"": 3, ""n_estimators"": 100, ""reg_lambda"": 30.0}",15.805398417260664,"[[""dq100_10_log_variance"", ""cycle10_rms_c_timeweighted""], [""dq100_10_log_variance"", ""cycle10_rms_c_timeweighted""], [""dq100_10_log_variance"", ""cycle10_rms_c_timeweighted""]]",18
Stacking_Ridge_baseline/repeat3/outer2/meta2/xgb/tune,xgb,baseline,6,"{""learning_rate"": 0.03, ""max_depth"": 1, ""min_child_weight"": 5, ""n_estimators"": 250, ""reg_lambda"": 10.0}",15.69832710834639,"[[""dq100_10_log_variance"", ""cycle10_rms_c_timeweighted""], [""dq100_10_log_variance"", ""cycle10_rms_c_timeweighted""], [""dq100_10_log_variance"", ""cycle10_rms_c_timeweighted""]]",18
Stacking_Ridge_baseline/repeat3/outer2/meta2/xgb/tune,xgb,baseline,7,"{""learning_rate"": 0.03, ""max_depth"": 3, ""min_child_weight"": 5, ""n_estimators"": 250, ""reg_lambda"": 10.0}",15.69832710834639,"[[""dq100_10_log_variance"", ""cycle10_rms_c_timeweighted""], [""dq100_10_log_variance"", ""cycle10_rms_c_timeweighted""], [""dq100_10_log_variance"", ""cycle10_rms_c_timeweighted""]]",18
Stacking_Ridge_baseline/repeat3/outer2/meta2/xgb/tune,xgb,baseline,8,"{""learning_rate"": 0.03, ""max_depth"": 2, ""min_child_weight"": 3, ""n_estimators"": 100, ""reg_lambda"": 1.0}",11.67125859908142,"[[""dq100_10_log_variance"", ""cycle10_rms_c_timeweighted""], [""dq100_10_log_variance"", ""cycle10_rms_c_timeweighted""], [""dq100_10_log_variance"", ""cycle10_rms_c_timeweighted""]]",18
Stacking_Ridge_baseline/repeat3/outer2/meta2/xgb/tune,xgb,baseline,9,"{""learning_rate"": 0.07, ""max_depth"": 2, ""min_child_weight"": 5, ""n_estimators"": 100, ""reg_lambda"": 1.0}",15.657848147386206,"[[""dq100_10_log_variance"", ""cycle10_rms_c_timeweighted""], [""dq100_10_log_variance"", ""cycle10_rms_c_timeweighted""], [""dq100_10_log_variance"", ""cycle10_rms_c_timeweighted""]]",18
Stacking_Ridge_baseline/repeat3/outer2/meta2/xgb/tune,xgb,baseline,10,"{""learning_rate"": 0.07, ""max_depth"": 1, ""min_child_weight"": 5, ""n_estimators"": 250, ""reg_lambda"": 30.0}",15.695718245434959,"[[""dq100_10_log_variance"", ""cycle10_rms_c_timeweighted""], [""dq100_10_log_variance"", ""cycle10_rms_c_timeweighted""], [""dq100_10_log_variance"", ""cycle10_rms_c_timeweighted""]]",18
Stacking_Ridge_baseline/repeat3/outer2/meta2/xgb/tune,xgb,baseline,11,"{""learning_rate"": 0.03, ""max_depth"": 3, ""min_child_weight"": 5, ""n_estimators"": 100, ""reg_lambda"": 10.0}",16.614376940742538,"[[""dq100_10_log_variance"", ""cycle10_rms_c_timeweighted""], [""dq100_10_log_variance"", ""cycle10_rms_c_timeweighted""], [""dq100_10_log_variance"", ""cycle10_rms_c_timeweighted""]]",18
Stacking_Ridge_baseline/repeat3/outer2/meta3/xgb/tune,xgb,baseline,0,"{""learning_rate"": 0.03, ""max_depth"": 1, ""min_child_weight"": 3, ""n_estimators"": 250, ""reg_lambda"": 10.0}",13.737594139473725,"[[""dq100_10_log_variance"", ""cycle10_rms_c_timeweighted""], [""dq100_10_log_variance"", ""cycle10_rms_c_timeweighted""], [""dq100_10_log_variance"", ""cycle10_rms_c_timeweighted""]]",20
Stacking_Ridge_baseline/repeat3/outer2/meta3/xgb/tune,xgb,baseline,1,"{""learning_rate"": 0.07, ""max_depth"": 3, ""min_child_weight"": 3, ""n_estimators"": 100, ""reg_lambda"": 30.0}",15.067711517489341,"[[""dq100_10_log_variance"", ""cycle10_rms_c_timeweighted""], [""dq100_10_log_variance"", ""cycle10_rms_c_timeweighted""], [""dq100_10_log_variance"", ""cycle10_rms_c_timeweighted""]]",20
Stacking_Ridge_baseline/repeat3/outer2/meta3/xgb/tune,xgb,baseline,2,"{""learning_rate"": 0.03, ""max_depth"": 2, ""min_child_weight"": 5, ""n_estimators"": 100, ""reg_lambda"": 1.0}",12.45663960123876,"[[""dq100_10_log_variance"", ""cycle10_rms_c_timeweighted""], [""dq100_10_log_variance"", ""cycle10_rms_c_timeweighted""], [""dq100_10_log_variance"", ""cycle10_rms_c_timeweighted""]]",20
Stacking_Ridge_baseline/repeat3/outer2/meta3/xgb/tune,xgb,baseline,3,"{""learning_rate"": 0.03, ""max_depth"": 1, ""min_child_weight"": 3, ""n_estimators"": 100, ""reg_lambda"": 1.0}",14.163988720309895,"[[""dq100_10_log_variance"", ""cycle10_rms_c_timeweighted""], [""dq100_10_log_variance"", ""cycle10_rms_c_timeweighted""], [""dq100_10_log_variance"", ""cycle10_rms_c_timeweighted""]]",20
Stacking_Ridge_baseline/repeat3/outer2/meta3/xgb/tune,xgb,baseline,4,"{""learning_rate"": 0.03, ""max_depth"": 3, ""min_child_weight"": 3, ""n_estimators"": 250, ""reg_lambda"": 10.0}",12.954107626907518,"[[""dq100_10_log_variance"", ""cycle10_rms_c_timeweighted""], [""dq100_10_log_variance"", ""cycle10_rms_c_timeweighted""], [""dq100_10_log_variance"", ""cycle10_rms_c_timeweighted""]]",20
Stacking_Ridge_baseline/repeat3/outer2/meta3/xgb/tune,xgb,baseline,5,"{""learning_rate"": 0.07, ""max_depth"": 2, ""min_child_weight"": 3, ""n_estimators"": 100, ""reg_lambda"": 30.0}",15.067711517489341,"[[""dq100_10_log_variance"", ""cycle10_rms_c_timeweighted""], [""dq100_10_log_variance"", ""cycle10_rms_c_timeweighted""], [""dq100_10_log_variance"", ""cycle10_rms_c_timeweighted""]]",20
Stacking_Ridge_baseline/repeat3/outer2/meta3/xgb/tune,xgb,baseline,6,"{""learning_rate"": 0.03, ""max_depth"": 1, ""min_child_weight"": 5, ""n_estimators"": 250, ""reg_lambda"": 10.0}",12.248783803587344,"[[""dq100_10_log_variance"", ""cycle10_rms_c_timeweighted""], [""dq100_10_log_variance"", ""cycle10_rms_c_timeweighted""], [""dq100_10_log_variance"", ""cycle10_rms_c_timeweighted""]]",20
Stacking_Ridge_baseline/repeat3/outer2/meta3/xgb/tune,xgb,baseline,7,"{""learning_rate"": 0.03, ""max_depth"": 3, ""min_child_weight"": 5, ""n_estimators"": 250, ""reg_lambda"": 10.0}",12.248783803587344,"[[""dq100_10_log_variance"", ""cycle10_rms_c_timeweighted""], [""dq100_10_log_variance"", ""cycle10_rms_c_timeweighted""], [""dq100_10_log_variance"", ""cycle10_rms_c_timeweighted""]]",20
Stacking_Ridge_baseline/repeat3/outer2/meta3/xgb/tune,xgb,baseline,8,"{""learning_rate"": 0.03, ""max_depth"": 2, ""min_child_weight"": 3, ""n_estimators"": 100, ""reg_lambda"": 1.0}",12.793334124542376,"[[""dq100_10_log_variance"", ""cycle10_rms_c_timeweighted""], [""dq100_10_log_variance"", ""cycle10_rms_c_timeweighted""], [""dq100_10_log_variance"", ""cycle10_rms_c_timeweighted""]]",20
Stacking_Ridge_baseline/repeat3/outer2/meta3/xgb/tune,xgb,baseline,9,"{""learning_rate"": 0.07, ""max_depth"": 2, ""min_child_weight"": 5, ""n_estimators"": 100, ""reg_lambda"": 1.0}",10.87945260419488,"[[""dq100_10_log_variance"", ""cycle10_rms_c_timeweighted""], [""dq100_10_log_variance"", ""cycle10_rms_c_timeweighted""], [""dq100_10_log_variance"", ""cycle10_rms_c_timeweighted""]]",20
Stacking_Ridge_baseline/repeat3/outer2/meta3/xgb/tune,xgb,baseline,10,"{""learning_rate"": 0.07, ""max_depth"": 1, ""min_child_weight"": 5, ""n_estimators"": 250, ""reg_lambda"": 30.0}",12.164516930655875,"[[""dq100_10_log_variance"", ""cycle10_rms_c_timeweighted""], [""dq100_10_log_variance"", ""cycle10_rms_c_timeweighted""], [""dq100_10_log_variance"", ""cycle10_rms_c_timeweighted""]]",20
Stacking_Ridge_baseline/repeat3/outer2/meta3/xgb/tune,xgb,baseline,11,"{""learning_rate"": 0.03, ""max_depth"": 3, ""min_child_weight"": 5, ""n_estimators"": 100, ""reg_lambda"": 10.0}",14.761380661947998,"[[""dq100_10_log_variance"", ""cycle10_rms_c_timeweighted""], [""dq100_10_log_variance"", ""cycle10_rms_c_timeweighted""], [""dq100_10_log_variance"", ""cycle10_rms_c_timeweighted""]]",20
Stacking_Ridge_baseline/repeat3/outer3/meta1/xgb/tune,xgb,baseline,0,"{""learning_rate"": 0.03, ""max_depth"": 1, ""min_child_weight"": 3, ""n_estimators"": 250, ""reg_lambda"": 10.0}",9.526973260320839,"[[""dq100_10_log_variance"", ""cycle10_rms_c_timeweighted""], [""dq100_10_log_variance"", ""cycle10_rms_c_timeweighted""], [""dq100_10_log_variance"", ""cycle10_rms_c_timeweighted""]]",18
Stacking_Ridge_baseline/repeat3/outer3/meta1/xgb/tune,xgb,baseline,1,"{""learning_rate"": 0.07, ""max_depth"": 3, ""min_child_weight"": 3, ""n_estimators"": 100, ""reg_lambda"": 30.0}",10.152780387392518,"[[""dq100_10_log_variance"", ""cycle10_rms_c_timeweighted""], [""dq100_10_log_variance"", ""cycle10_rms_c_timeweighted""], [""dq100_10_log_variance"", ""cycle10_rms_c_timeweighted""]]",18
Stacking_Ridge_baseline/repeat3/outer3/meta1/xgb/tune,xgb,baseline,2,"{""learning_rate"": 0.03, ""max_depth"": 2, ""min_child_weight"": 5, ""n_estimators"": 100, ""reg_lambda"": 1.0}",9.778283801981416,"[[""dq100_10_log_variance"", ""cycle10_rms_c_timeweighted""], [""dq100_10_log_variance"", ""cycle10_rms_c_timeweighted""], [""dq100_10_log_variance"", ""cycle10_rms_c_timeweighted""]]",18
Stacking_Ridge_baseline/repeat3/outer3/meta1/xgb/tune,xgb,baseline,3,"{""learning_rate"": 0.03, ""max_depth"": 1, ""min_child_weight"": 3, ""n_estimators"": 100, ""reg_lambda"": 1.0}",9.536508770843612,"[[""dq100_10_log_variance"", ""cycle10_rms_c_timeweighted""], [""dq100_10_log_variance"", ""cycle10_rms_c_timeweighted""], [""dq100_10_log_variance"", ""cycle10_rms_c_timeweighted""]]",18
Stacking_Ridge_baseline/repeat3/outer3/meta1/xgb/tune,xgb,baseline,4,"{""learning_rate"": 0.03, ""max_depth"": 3, ""min_child_weight"": 3, ""n_estimators"": 250, ""reg_lambda"": 10.0}",9.80201672760746,"[[""dq100_10_log_variance"", ""cycle10_rms_c_timeweighted""], [""dq100_10_log_variance"", ""cycle10_rms_c_timeweighted""], [""dq100_10_log_variance"", ""cycle10_rms_c_timeweighted""]]",18
Stacking_Ridge_baseline/repeat3/outer3/meta1/xgb/tune,xgb,baseline,5,"{""learning_rate"": 0.07, ""max_depth"": 2, ""min_child_weight"": 3, ""n_estimators"": 100, ""reg_lambda"": 30.0}",10.152780387392518,"[[""dq100_10_log_variance"", ""cycle10_rms_c_timeweighted""], [""dq100_10_log_variance"", ""cycle10_rms_c_timeweighted""], [""dq100_10_log_variance"", ""cycle10_rms_c_timeweighted""]]",18
Stacking_Ridge_baseline/repeat3/outer3/meta1/xgb/tune,xgb,baseline,6,"{""learning_rate"": 0.03, ""max_depth"": 1, ""min_child_weight"": 5, ""n_estimators"": 250, ""reg_lambda"": 10.0}",9.905732479720818,"[[""dq100_10_log_variance"", ""cycle10_rms_c_timeweighted""], [""dq100_10_log_variance"", ""cycle10_rms_c_timeweighted""], [""dq100_10_log_variance"", ""cycle10_rms_c_timeweighted""]]",18
Stacking_Ridge_baseline/repeat3/outer3/meta1/xgb/tune,xgb,baseline,7,"{""learning_rate"": 0.03, ""max_depth"": 3, ""min_child_weight"": 5, ""n_estimators"": 250, ""reg_lambda"": 10.0}",9.905732479720818,"[[""dq100_10_log_variance"", ""cycle10_rms_c_timeweighted""], [""dq100_10_log_variance"", ""cycle10_rms_c_timeweighted""], [""dq100_10_log_variance"", ""cycle10_rms_c_timeweighted""]]",18
Stacking_Ridge_baseline/repeat3/outer3/meta1/xgb/tune,xgb,baseline,8,"{""learning_rate"": 0.03, ""max_depth"": 2, ""min_child_weight"": 3, ""n_estimators"": 100, ""reg_lambda"": 1.0}",10.157377588733866,"[[""dq100_10_log_variance"", ""cycle10_rms_c_timeweighted""], [""dq100_10_log_variance"", ""cycle10_rms_c_timeweighted""], [""dq100_10_log_variance"", ""cycle10_rms_c_timeweighted""]]",18
Stacking_Ridge_baseline/repeat3/outer3/meta1/xgb/tune,xgb,baseline,9,"{""learning_rate"": 0.07, ""max_depth"": 2, ""min_child_weight"": 5, ""n_estimators"": 100, ""reg_lambda"": 1.0}",9.968547660465566,"[[""dq100_10_log_variance"", ""cycle10_rms_c_timeweighted""], [""dq100_10_log_variance"", ""cycle10_rms_c_timeweighted""], [""dq100_10_log_variance"", ""cycle10_rms_c_timeweighted""]]",18
Stacking_Ridge_baseline/repeat3/outer3/meta1/xgb/tune,xgb,baseline,10,"{""learning_rate"": 0.07, ""max_depth"": 1, ""min_child_weight"": 5, ""n_estimators"": 250, ""reg_lambda"": 30.0}",9.9447320641183,"[[""dq100_10_log_variance"", ""cycle10_rms_c_timeweighted""], [""dq100_10_log_variance"", ""cycle10_rms_c_timeweighted""], [""dq100_10_log_variance"", ""cycle10_rms_c_timeweighted""]]",18
Stacking_Ridge_baseline/repeat3/outer3/meta1/xgb/tune,xgb,baseline,11,"{""learning_rate"": 0.03, ""max_depth"": 3, ""min_child_weight"": 5, ""n_estimators"": 100, ""reg_lambda"": 10.0}",10.565576876117822,"[[""dq100_10_log_variance"", ""cycle10_rms_c_timeweighted""], [""dq100_10_log_variance"", ""cycle10_rms_c_timeweighted""], [""dq100_10_log_variance"", ""cycle10_rms_c_timeweighted""]]",18
Stacking_Ridge_baseline/repeat3/outer3/meta2/xgb/tune,xgb,baseline,0,"{""learning_rate"": 0.03, ""max_depth"": 1, ""min_child_weight"": 3, ""n_estimators"": 250, ""reg_lambda"": 10.0}",8.52492315866072,"[[""dq100_10_log_variance"", ""cycle10_rms_c_timeweighted""], [""dq100_10_log_variance"", ""cycle10_rms_c_timeweighted""], [""dq100_10_log_variance"", ""cycle10_rms_c_timeweighted""]]",17
Stacking_Ridge_baseline/repeat3/outer3/meta2/xgb/tune,xgb,baseline,1,"{""learning_rate"": 0.07, ""max_depth"": 3, ""min_child_weight"": 3, ""n_estimators"": 100, ""reg_lambda"": 30.0}",8.911857913131934,"[[""dq100_10_log_variance"", ""cycle10_rms_c_timeweighted""], [""dq100_10_log_variance"", ""cycle10_rms_c_timeweighted""], [""dq100_10_log_variance"", ""cycle10_rms_c_timeweighted""]]",17
Stacking_Ridge_baseline/repeat3/outer3/meta2/xgb/tune,xgb,baseline,2,"{""learning_rate"": 0.03, ""max_depth"": 2, ""min_child_weight"": 5, ""n_estimators"": 100, ""reg_lambda"": 1.0}",8.969714364723583,"[[""dq100_10_log_variance"", ""cycle10_rms_c_timeweighted""], [""dq100_10_log_variance"", ""cycle10_rms_c_timeweighted""], [""dq100_10_log_variance"", ""cycle10_rms_c_timeweighted""]]",17
Stacking_Ridge_baseline/repeat3/outer3/meta2/xgb/tune,xgb,baseline,3,"{""learning_rate"": 0.03, ""max_depth"": 1, ""min_child_weight"": 3, ""n_estimators"": 100, ""reg_lambda"": 1.0}",8.665961917246433,"[[""dq100_10_log_variance"", ""cycle10_rms_c_timeweighted""], [""dq100_10_log_variance"", ""cycle10_rms_c_timeweighted""], [""dq100_10_log_variance"", ""cycle10_rms_c_timeweighted""]]",17
Stacking_Ridge_baseline/repeat3/outer3/meta2/xgb/tune,xgb,baseline,4,"{""learning_rate"": 0.03, ""max_depth"": 3, ""min_child_weight"": 3, ""n_estimators"": 250, ""reg_lambda"": 10.0}",8.493398404431298,"[[""dq100_10_log_variance"", ""cycle10_rms_c_timeweighted""], [""dq100_10_log_variance"", ""cycle10_rms_c_timeweighted""], [""dq100_10_log_variance"", ""cycle10_rms_c_timeweighted""]]",17
Stacking_Ridge_baseline/repeat3/outer3/meta2/xgb/tune,xgb,baseline,5,"{""learning_rate"": 0.07, ""max_depth"": 2, ""min_child_weight"": 3, ""n_estimators"": 100, ""reg_lambda"": 30.0}",8.911857913131934,"[[""dq100_10_log_variance"", ""cycle10_rms_c_timeweighted""], [""dq100_10_log_variance"", ""cycle10_rms_c_timeweighted""], [""dq100_10_log_variance"", ""cycle10_rms_c_timeweighted""]]",17
Stacking_Ridge_baseline/repeat3/outer3/meta2/xgb/tune,xgb,baseline,6,"{""learning_rate"": 0.03, ""max_depth"": 1, ""min_child_weight"": 5, ""n_estimators"": 250, ""reg_lambda"": 10.0}",9.029112062962657,"[[""dq100_10_log_variance"", ""cycle10_rms_c_timeweighted""], [""dq100_10_log_variance"", ""cycle10_rms_c_timeweighted""], [""dq100_10_log_variance"", ""cycle10_rms_c_timeweighted""]]",17
Stacking_Ridge_baseline/repeat3/outer3/meta2/xgb/tune,xgb,baseline,7,"{""learning_rate"": 0.03, ""max_depth"": 3, ""min_child_weight"": 5, ""n_estimators"": 250, ""reg_lambda"": 10.0}",9.029112062962657,"[[""dq100_10_log_variance"", ""cycle10_rms_c_timeweighted""], [""dq100_10_log_variance"", ""cycle10_rms_c_timeweighted""], [""dq100_10_log_variance"", ""cycle10_rms_c_timeweighted""]]",17
Stacking_Ridge_baseline/repeat3/outer3/meta2/xgb/tune,xgb,baseline,8,"{""learning_rate"": 0.03, ""max_depth"": 2, ""min_child_weight"": 3, ""n_estimators"": 100, ""reg_lambda"": 1.0}",8.590465034557528,"[[""dq100_10_log_variance"", ""cycle10_rms_c_timeweighted""], [""dq100_10_log_variance"", ""cycle10_rms_c_timeweighted""], [""dq100_10_log_variance"", ""cycle10_rms_c_timeweighted""]]",17
Stacking_Ridge_baseline/repeat3/outer3/meta2/xgb/tune,xgb,baseline,9,"{""learning_rate"": 0.07, ""max_depth"": 2, ""min_child_weight"": 5, ""n_estimators"": 100, ""reg_lambda"": 1.0}",9.082512308758952,"[[""dq100_10_log_variance"", ""cycle10_rms_c_timeweighted""], [""dq100_10_log_variance"", ""cycle10_rms_c_timeweighted""], [""dq100_10_log_variance"", ""cycle10_rms_c_timeweighted""]]",17
Stacking_Ridge_baseline/repeat3/outer3/meta2/xgb/tune,xgb,baseline,10,"{""learning_rate"": 0.07, ""max_depth"": 1, ""min_child_weight"": 5, ""n_estimators"": 250, ""reg_lambda"": 30.0}",9.04372639129286,"[[""dq100_10_log_variance"", ""cycle10_rms_c_timeweighted""], [""dq100_10_log_variance"", ""cycle10_rms_c_timeweighted""], [""dq100_10_log_variance"", ""cycle10_rms_c_timeweighted""]]",17
Stacking_Ridge_baseline/repeat3/outer3/meta2/xgb/tune,xgb,baseline,11,"{""learning_rate"": 0.03, ""max_depth"": 3, ""min_child_weight"": 5, ""n_estimators"": 100, ""reg_lambda"": 10.0}",9.277292016282434,"[[""dq100_10_log_variance"", ""cycle10_rms_c_timeweighted""], [""dq100_10_log_variance"", ""cycle10_rms_c_timeweighted""], [""dq100_10_log_variance"", ""cycle10_rms_c_timeweighted""]]",17
Stacking_Ridge_baseline/repeat3/outer3/meta3/xgb/tune,xgb,baseline,0,"{""learning_rate"": 0.03, ""max_depth"": 1, ""min_child_weight"": 3, ""n_estimators"": 250, ""reg_lambda"": 10.0}",16.1900068172234,"[[""dq100_10_log_variance"", ""cycle10_rms_c_timeweighted""], [""dq100_10_log_variance"", ""cycle10_rms_c_timeweighted""], [""dq100_10_log_variance"", ""cycle10_rms_c_timeweighted""]]",19
Stacking_Ridge_baseline/repeat3/outer3/meta3/xgb/tune,xgb,baseline,1,"{""learning_rate"": 0.07, ""max_depth"": 3, ""min_child_weight"": 3, ""n_estimators"": 100, ""reg_lambda"": 30.0}",17.920356221307284,"[[""dq100_10_log_variance"", ""cycle10_rms_c_timeweighted""], [""dq100_10_log_variance"", ""cycle10_rms_c_timeweighted""], [""dq100_10_log_variance"", ""cycle10_rms_c_timeweighted""]]",19
Stacking_Ridge_baseline/repeat3/outer3/meta3/xgb/tune,xgb,baseline,2,"{""learning_rate"": 0.03, ""max_depth"": 2, ""min_child_weight"": 5, ""n_estimators"": 100, ""reg_lambda"": 1.0}",17.53227320588411,"[[""dq100_10_log_variance"", ""cycle10_rms_c_timeweighted""], [""dq100_10_log_variance"", ""cycle10_rms_c_timeweighted""], [""dq100_10_log_variance"", ""cycle10_rms_c_timeweighted""]]",19
Stacking_Ridge_baseline/repeat3/outer3/meta3/xgb/tune,xgb,baseline,3,"{""learning_rate"": 0.03, ""max_depth"": 1, ""min_child_weight"": 3, ""n_estimators"": 100, ""reg_lambda"": 1.0}",16.043856373499235,"[[""dq100_10_log_variance"", ""cycle10_rms_c_timeweighted""], [""dq100_10_log_variance"", ""cycle10_rms_c_timeweighted""], [""dq100_10_log_variance"", ""cycle10_rms_c_timeweighted""]]",19
Stacking_Ridge_baseline/repeat3/outer3/meta3/xgb/tune,xgb,baseline,4,"{""learning_rate"": 0.03, ""max_depth"": 3, ""min_child_weight"": 3, ""n_estimators"": 250, ""reg_lambda"": 10.0}",15.46339347533697,"[[""dq100_10_log_variance"", ""cycle10_rms_c_timeweighted""], [""dq100_10_log_variance"", ""cycle10_rms_c_timeweighted""], [""dq100_10_log_variance"", ""cycle10_rms_c_timeweighted""]]",19
Stacking_Ridge_baseline/repeat3/outer3/meta3/xgb/tune,xgb,baseline,5,"{""learning_rate"": 0.07, ""max_depth"": 2, ""min_child_weight"": 3, ""n_estimators"": 100, ""reg_lambda"": 30.0}",17.920356221307284,"[[""dq100_10_log_variance"", ""cycle10_rms_c_timeweighted""], [""dq100_10_log_variance"", ""cycle10_rms_c_timeweighted""], [""dq100_10_log_variance"", ""cycle10_rms_c_timeweighted""]]",19
Stacking_Ridge_baseline/repeat3/outer3/meta3/xgb/tune,xgb,baseline,6,"{""learning_rate"": 0.03, ""max_depth"": 1, ""min_child_weight"": 5, ""n_estimators"": 250, ""reg_lambda"": 10.0}",17.498498833685712,"[[""dq100_10_log_variance"", ""cycle10_rms_c_timeweighted""], [""dq100_10_log_variance"", ""cycle10_rms_c_timeweighted""], [""dq100_10_log_variance"", ""cycle10_rms_c_timeweighted""]]",19
Stacking_Ridge_baseline/repeat3/outer3/meta3/xgb/tune,xgb,baseline,7,"{""learning_rate"": 0.03, ""max_depth"": 3, ""min_child_weight"": 5, ""n_estimators"": 250, ""reg_lambda"": 10.0}",17.498498833685712,"[[""dq100_10_log_variance"", ""cycle10_rms_c_timeweighted""], [""dq100_10_log_variance"", ""cycle10_rms_c_timeweighted""], [""dq100_10_log_variance"", ""cycle10_rms_c_timeweighted""]]",19
Stacking_Ridge_baseline/repeat3/outer3/meta3/xgb/tune,xgb,baseline,8,"{""learning_rate"": 0.03, ""max_depth"": 2, ""min_child_weight"": 3, ""n_estimators"": 100, ""reg_lambda"": 1.0}",15.089745863498047,"[[""dq100_10_log_variance"", ""cycle10_rms_c_timeweighted""], [""dq100_10_log_variance"", ""cycle10_rms_c_timeweighted""], [""dq100_10_log_variance"", ""cycle10_rms_c_timeweighted""]]",19
Stacking_Ridge_baseline/repeat3/outer3/meta3/xgb/tune,xgb,baseline,9,"{""learning_rate"": 0.07, ""max_depth"": 2, ""min_child_weight"": 5, ""n_estimators"": 100, ""reg_lambda"": 1.0}",16.715470202521463,"[[""dq100_10_log_variance"", ""cycle10_rms_c_timeweighted""], [""dq100_10_log_variance"", ""cycle10_rms_c_timeweighted""], [""dq100_10_log_variance"", ""cycle10_rms_c_timeweighted""]]",19
Stacking_Ridge_baseline/repeat3/outer3/meta3/xgb/tune,xgb,baseline,10,"{""learning_rate"": 0.07, ""max_depth"": 1, ""min_child_weight"": 5, ""n_estimators"": 250, ""reg_lambda"": 30.0}",17.47515292110293,"[[""dq100_10_log_variance"", ""cycle10_rms_c_timeweighted""], [""dq100_10_log_variance"", ""cycle10_rms_c_timeweighted""], [""dq100_10_log_variance"", ""cycle10_rms_c_timeweighted""]]",19
Stacking_Ridge_baseline/repeat3/outer3/meta3/xgb/tune,xgb,baseline,11,"{""learning_rate"": 0.03, ""max_depth"": 3, ""min_child_weight"": 5, ""n_estimators"": 100, ""reg_lambda"": 10.0}",18.141121007846237,"[[""dq100_10_log_variance"", ""cycle10_rms_c_timeweighted""], [""dq100_10_log_variance"", ""cycle10_rms_c_timeweighted""], [""dq100_10_log_variance"", ""cycle10_rms_c_timeweighted""]]",19
Stacking_Ridge_baseline/repeat3/outer4/meta1/xgb/tune,xgb,baseline,0,"{""learning_rate"": 0.03, ""max_depth"": 1, ""min_child_weight"": 3, ""n_estimators"": 250, ""reg_lambda"": 10.0}",16.31984133283302,"[[""dq100_10_log_variance"", ""cycle10_rms_c_timeweighted""], [""dq100_10_log_variance"", ""cycle10_rms_c_timeweighted""], [""dq100_10_log_variance"", ""cycle10_rms_c_timeweighted""]]",20
Stacking_Ridge_baseline/repeat3/outer4/meta1/xgb/tune,xgb,baseline,1,"{""learning_rate"": 0.07, ""max_depth"": 3, ""min_child_weight"": 3, ""n_estimators"": 100, ""reg_lambda"": 30.0}",15.05115797950141,"[[""dq100_10_log_variance"", ""cycle10_rms_c_timeweighted""], [""dq100_10_log_variance"", ""cycle10_rms_c_timeweighted""], [""dq100_10_log_variance"", ""cycle10_rms_c_timeweighted""]]",20
Stacking_Ridge_baseline/repeat3/outer4/meta1/xgb/tune,xgb,baseline,2,"{""learning_rate"": 0.03, ""max_depth"": 2, ""min_child_weight"": 5, ""n_estimators"": 100, ""reg_lambda"": 1.0}",15.82187442201472,"[[""dq100_10_log_variance"", ""cycle10_rms_c_timeweighted""], [""dq100_10_log_variance"", ""cycle10_rms_c_timeweighted""], [""dq100_10_log_variance"", ""cycle10_rms_c_timeweighted""]]",20
Stacking_Ridge_baseline/repeat3/outer4/meta1/xgb/tune,xgb,baseline,3,"{""learning_rate"": 0.03, ""max_depth"": 1, ""min_child_weight"": 3, ""n_estimators"": 100, ""reg_lambda"": 1.0}",16.22767243693361,"[[""dq100_10_log_variance"", ""cycle10_rms_c_timeweighted""], [""dq100_10_log_variance"", ""cycle10_rms_c_timeweighted""], [""dq100_10_log_variance"", ""cycle10_rms_c_timeweighted""]]",20
Stacking_Ridge_baseline/repeat3/outer4/meta1/xgb/tune,xgb,baseline,4,"{""learning_rate"": 0.03, ""max_depth"": 3, ""min_child_weight"": 3, ""n_estimators"": 250, ""reg_lambda"": 10.0}",17.36055887934652,"[[""dq100_10_log_variance"", ""cycle10_rms_c_timeweighted""], [""dq100_10_log_variance"", ""cycle10_rms_c_timeweighted""], [""dq100_10_log_variance"", ""cycle10_rms_c_timeweighted""]]",20
Stacking_Ridge_baseline/repeat3/outer4/meta1/xgb/tune,xgb,baseline,5,"{""learning_rate"": 0.07, ""max_depth"": 2, ""min_child_weight"": 3, ""n_estimators"": 100, ""reg_lambda"": 30.0}",15.07270922442769,"[[""dq100_10_log_variance"", ""cycle10_rms_c_timeweighted""], [""dq100_10_log_variance"", ""cycle10_rms_c_timeweighted""], [""dq100_10_log_variance"", ""cycle10_rms_c_timeweighted""]]",20
Stacking_Ridge_baseline/repeat3/outer4/meta1/xgb/tune,xgb,baseline,6,"{""learning_rate"": 0.03, ""max_depth"": 1, ""min_child_weight"": 5, ""n_estimators"": 250, ""reg_lambda"": 10.0}",16.06662720686894,"[[""dq100_10_log_variance"", ""cycle10_rms_c_timeweighted""], [""dq100_10_log_variance"", ""cycle10_rms_c_timeweighted""], [""dq100_10_log_variance"", ""cycle10_rms_c_timeweighted""]]",20
Stacking_Ridge_baseline/repeat3/outer4/meta1/xgb/tune,xgb,baseline,7,"{""learning_rate"": 0.03, ""max_depth"": 3, ""min_child_weight"": 5, ""n_estimators"": 250, ""reg_lambda"": 10.0}",16.06662720686894,"[[""dq100_10_log_variance"", ""cycle10_rms_c_timeweighted""], [""dq100_10_log_variance"", ""cycle10_rms_c_timeweighted""], [""dq100_10_log_variance"", ""cycle10_rms_c_timeweighted""]]",20
Stacking_Ridge_baseline/repeat3/outer4/meta1/xgb/tune,xgb,baseline,8,"{""learning_rate"": 0.03, ""max_depth"": 2, ""min_child_weight"": 3, ""n_estimators"": 100, ""reg_lambda"": 1.0}",17.543332311989566,"[[""dq100_10_log_variance"", ""cycle10_rms_c_timeweighted""], [""dq100_10_log_variance"", ""cycle10_rms_c_timeweighted""], [""dq100_10_log_variance"", ""cycle10_rms_c_timeweighted""]]",20
Stacking_Ridge_baseline/repeat3/outer4/meta1/xgb/tune,xgb,baseline,9,"{""learning_rate"": 0.07, ""max_depth"": 2, ""min_child_weight"": 5, ""n_estimators"": 100, ""reg_lambda"": 1.0}",18.014517768286602,"[[""dq100_10_log_variance"", ""cycle10_rms_c_timeweighted""], [""dq100_10_log_variance"", ""cycle10_rms_c_timeweighted""], [""dq100_10_log_variance"", ""cycle10_rms_c_timeweighted""]]",20
Stacking_Ridge_baseline/repeat3/outer4/meta1/xgb/tune,xgb,baseline,10,"{""learning_rate"": 0.07, ""max_depth"": 1, ""min_child_weight"": 5, ""n_estimators"": 250, ""reg_lambda"": 30.0}",16.1659974438547,"[[""dq100_10_log_variance"", ""cycle10_rms_c_timeweighted""], [""dq100_10_log_variance"", ""cycle10_rms_c_timeweighted""], [""dq100_10_log_variance"", ""cycle10_rms_c_timeweighted""]]",20
Stacking_Ridge_baseline/repeat3/outer4/meta1/xgb/tune,xgb,baseline,11,"{""learning_rate"": 0.03, ""max_depth"": 3, ""min_child_weight"": 5, ""n_estimators"": 100, ""reg_lambda"": 10.0}",14.32158302978552,"[[""dq100_10_log_variance"", ""cycle10_rms_c_timeweighted""], [""dq100_10_log_variance"", ""cycle10_rms_c_timeweighted""], [""dq100_10_log_variance"", ""cycle10_rms_c_timeweighted""]]",20
Stacking_Ridge_baseline/repeat3/outer4/meta2/xgb/tune,xgb,baseline,0,"{""learning_rate"": 0.03, ""max_depth"": 1, ""min_child_weight"": 3, ""n_estimators"": 250, ""reg_lambda"": 10.0}",14.564814969087328,"[[""dq100_10_log_variance"", ""cycle10_rms_c_timeweighted""], [""dq100_10_log_variance"", ""cycle10_rms_c_timeweighted""], [""dq100_10_log_variance"", ""cycle10_rms_c_timeweighted""]]",19
Stacking_Ridge_baseline/repeat3/outer4/meta2/xgb/tune,xgb,baseline,1,"{""learning_rate"": 0.07, ""max_depth"": 3, ""min_child_weight"": 3, ""n_estimators"": 100, ""reg_lambda"": 30.0}",17.49703452246836,"[[""dq100_10_log_variance"", ""cycle10_rms_c_timeweighted""], [""dq100_10_log_variance"", ""cycle10_rms_c_timeweighted""], [""dq100_10_log_variance"", ""cycle10_rms_c_timeweighted""]]",19
Stacking_Ridge_baseline/repeat3/outer4/meta2/xgb/tune,xgb,baseline,2,"{""learning_rate"": 0.03, ""max_depth"": 2, ""min_child_weight"": 5, ""n_estimators"": 100, ""reg_lambda"": 1.0}",18.042116832757188,"[[""dq100_10_log_variance"", ""cycle10_rms_c_timeweighted""], [""dq100_10_log_variance"", ""cycle10_rms_c_timeweighted""], [""dq100_10_log_variance"", ""cycle10_rms_c_timeweighted""]]",19
Stacking_Ridge_baseline/repeat3/outer4/meta2/xgb/tune,xgb,baseline,3,"{""learning_rate"": 0.03, ""max_depth"": 1, ""min_child_weight"": 3, ""n_estimators"": 100, ""reg_lambda"": 1.0}",14.242587835349923,"[[""dq100_10_log_variance"", ""cycle10_rms_c_timeweighted""], [""dq100_10_log_variance"", ""cycle10_rms_c_timeweighted""], [""dq100_10_log_variance"", ""cycle10_rms_c_timeweighted""]]",19
Stacking_Ridge_baseline/repeat3/outer4/meta2/xgb/tune,xgb,baseline,4,"{""learning_rate"": 0.03, ""max_depth"": 3, ""min_child_weight"": 3, ""n_estimators"": 250, ""reg_lambda"": 10.0}",14.631648821325486,"[[""dq100_10_log_variance"", ""cycle10_rms_c_timeweighted""], [""dq100_10_log_variance"", ""cycle10_rms_c_timeweighted""], [""dq100_10_log_variance"", ""cycle10_rms_c_timeweighted""]]",19
Stacking_Ridge_baseline/repeat3/outer4/meta2/xgb/tune,xgb,baseline,5,"{""learning_rate"": 0.07, ""max_depth"": 2, ""min_child_weight"": 3, ""n_estimators"": 100, ""reg_lambda"": 30.0}",17.363763674085646,"[[""dq100_10_log_variance"", ""cycle10_rms_c_timeweighted""], [""dq100_10_log_variance"", ""cycle10_rms_c_timeweighted""], [""dq100_10_log_variance"", ""cycle10_rms_c_timeweighted""]]",19
Stacking_Ridge_baseline/repeat3/outer4/meta2/xgb/tune,xgb,baseline,6,"{""learning_rate"": 0.03, ""max_depth"": 1, ""min_child_weight"": 5, ""n_estimators"": 250, ""reg_lambda"": 10.0}",18.08165824350576,"[[""dq100_10_log_variance"", ""cycle10_rms_c_timeweighted""], [""dq100_10_log_variance"", ""cycle10_rms_c_timeweighted""], [""dq100_10_log_variance"", ""cycle10_rms_c_timeweighted""]]",19
Stacking_Ridge_baseline/repeat3/outer4/meta2/xgb/tune,xgb,baseline,7,"{""learning_rate"": 0.03, ""max_depth"": 3, ""min_child_weight"": 5, ""n_estimators"": 250, ""reg_lambda"": 10.0}",18.08165824350576,"[[""dq100_10_log_variance"", ""cycle10_rms_c_timeweighted""], [""dq100_10_log_variance"", ""cycle10_rms_c_timeweighted""], [""dq100_10_log_variance"", ""cycle10_rms_c_timeweighted""]]",19
Stacking_Ridge_baseline/repeat3/outer4/meta2/xgb/tune,xgb,baseline,8,"{""learning_rate"": 0.03, ""max_depth"": 2, ""min_child_weight"": 3, ""n_estimators"": 100, ""reg_lambda"": 1.0}",14.088854178321537,"[[""dq100_10_log_variance"", ""cycle10_rms_c_timeweighted""], [""dq100_10_log_variance"", ""cycle10_rms_c_timeweighted""], [""dq100_10_log_variance"", ""cycle10_rms_c_timeweighted""]]",19
Stacking_Ridge_baseline/repeat3/outer4/meta2/xgb/tune,xgb,baseline,9,"{""learning_rate"": 0.07, ""max_depth"": 2, ""min_child_weight"": 5, ""n_estimators"": 100, ""reg_lambda"": 1.0}",18.610747478578652,"[[""dq100_10_log_variance"", ""cycle10_rms_c_timeweighted""], [""dq100_10_log_variance"", ""cycle10_rms_c_timeweighted""], [""dq100_10_log_variance"", ""cycle10_rms_c_timeweighted""]]",19
Stacking_Ridge_baseline/repeat3/outer4/meta2/xgb/tune,xgb,baseline,10,"{""learning_rate"": 0.07, ""max_depth"": 1, ""min_child_weight"": 5, ""n_estimators"": 250, ""reg_lambda"": 30.0}",18.102460197625373,"[[""dq100_10_log_variance"", ""cycle10_rms_c_timeweighted""], [""dq100_10_log_variance"", ""cycle10_rms_c_timeweighted""], [""dq100_10_log_variance"", ""cycle10_rms_c_timeweighted""]]",19
Stacking_Ridge_baseline/repeat3/outer4/meta2/xgb/tune,xgb,baseline,11,"{""learning_rate"": 0.03, ""max_depth"": 3, ""min_child_weight"": 5, ""n_estimators"": 100, ""reg_lambda"": 10.0}",19.407098862741123,"[[""dq100_10_log_variance"", ""cycle10_rms_c_timeweighted""], [""dq100_10_log_variance"", ""cycle10_rms_c_timeweighted""], [""dq100_10_log_variance"", ""cycle10_rms_c_timeweighted""]]",19
Stacking_Ridge_baseline/repeat3/outer4/meta3/xgb/tune,xgb,baseline,0,"{""learning_rate"": 0.03, ""max_depth"": 1, ""min_child_weight"": 3, ""n_estimators"": 250, ""reg_lambda"": 10.0}",10.76931831713734,"[[""dq100_10_log_variance"", ""cycle10_rms_c_timeweighted""], [""dq100_10_log_variance"", ""cycle10_rms_c_timeweighted""], [""dq100_10_log_variance"", ""cycle10_rms_c_timeweighted""]]",19
Stacking_Ridge_baseline/repeat3/outer4/meta3/xgb/tune,xgb,baseline,1,"{""learning_rate"": 0.07, ""max_depth"": 3, ""min_child_weight"": 3, ""n_estimators"": 100, ""reg_lambda"": 30.0}",12.947150033210011,"[[""dq100_10_log_variance"", ""cycle10_rms_c_timeweighted""], [""dq100_10_log_variance"", ""cycle10_rms_c_timeweighted""], [""dq100_10_log_variance"", ""cycle10_rms_c_timeweighted""]]",19
Stacking_Ridge_baseline/repeat3/outer4/meta3/xgb/tune,xgb,baseline,2,"{""learning_rate"": 0.03, ""max_depth"": 2, ""min_child_weight"": 5, ""n_estimators"": 100, ""reg_lambda"": 1.0}",11.178966921872268,"[[""dq100_10_log_variance"", ""cycle10_rms_c_timeweighted""], [""dq100_10_log_variance"", ""cycle10_rms_c_timeweighted""], [""dq100_10_log_variance"", ""cycle10_rms_c_timeweighted""]]",19
Stacking_Ridge_baseline/repeat3/outer4/meta3/xgb/tune,xgb,baseline,3,"{""learning_rate"": 0.03, ""max_depth"": 1, ""min_child_weight"": 3, ""n_estimators"": 100, ""reg_lambda"": 1.0}",10.803745286600499,"[[""dq100_10_log_variance"", ""cycle10_rms_c_timeweighted""], [""dq100_10_log_variance"", ""cycle10_rms_c_timeweighted""], [""dq100_10_log_variance"", ""cycle10_rms_c_timeweighted""]]",19
Stacking_Ridge_baseline/repeat3/outer4/meta3/xgb/tune,xgb,baseline,4,"{""learning_rate"": 0.03, ""max_depth"": 3, ""min_child_weight"": 3, ""n_estimators"": 250, ""reg_lambda"": 10.0}",10.710160751666228,"[[""dq100_10_log_variance"", ""cycle10_rms_c_timeweighted""], [""dq100_10_log_variance"", ""cycle10_rms_c_timeweighted""], [""dq100_10_log_variance"", ""cycle10_rms_c_timeweighted""]]",19
Stacking_Ridge_baseline/repeat3/outer4/meta3/xgb/tune,xgb,baseline,5,"{""learning_rate"": 0.07, ""max_depth"": 2, ""min_child_weight"": 3, ""n_estimators"": 100, ""reg_lambda"": 30.0}",12.946019960973649,"[[""dq100_10_log_variance"", ""cycle10_rms_c_timeweighted""], [""dq100_10_log_variance"", ""cycle10_rms_c_timeweighted""], [""dq100_10_log_variance"", ""cycle10_rms_c_timeweighted""]]",19
Stacking_Ridge_baseline/repeat3/outer4/meta3/xgb/tune,xgb,baseline,6,"{""learning_rate"": 0.03, ""max_depth"": 1, ""min_child_weight"": 5, ""n_estimators"": 250, ""reg_lambda"": 10.0}",11.055714272637347,"[[""dq100_10_log_variance"", ""cycle10_rms_c_timeweighted""], [""dq100_10_log_variance"", ""cycle10_rms_c_timeweighted""], [""dq100_10_log_variance"", ""cycle10_rms_c_timeweighted""]]",19
Stacking_Ridge_baseline/repeat3/outer4/meta3/xgb/tune,xgb,baseline,7,"{""learning_rate"": 0.03, ""max_depth"": 3, ""min_child_weight"": 5, ""n_estimators"": 250, ""reg_lambda"": 10.0}",11.055714272637347,"[[""dq100_10_log_variance"", ""cycle10_rms_c_timeweighted""], [""dq100_10_log_variance"", ""cycle10_rms_c_timeweighted""], [""dq100_10_log_variance"", ""cycle10_rms_c_timeweighted""]]",19
Stacking_Ridge_baseline/repeat3/outer4/meta3/xgb/tune,xgb,baseline,8,"{""learning_rate"": 0.03, ""max_depth"": 2, ""min_child_weight"": 3, ""n_estimators"": 100, ""reg_lambda"": 1.0}",10.317487126543591,"[[""dq100_10_log_variance"", ""cycle10_rms_c_timeweighted""], [""dq100_10_log_variance"", ""cycle10_rms_c_timeweighted""], [""dq100_10_log_variance"", ""cycle10_rms_c_timeweighted""]]",19
Stacking_Ridge_baseline/repeat3/outer4/meta3/xgb/tune,xgb,baseline,9,"{""learning_rate"": 0.07, ""max_depth"": 2, ""min_child_weight"": 5, ""n_estimators"": 100, ""reg_lambda"": 1.0}",10.634222851837402,"[[""dq100_10_log_variance"", ""cycle10_rms_c_timeweighted""], [""dq100_10_log_variance"", ""cycle10_rms_c_timeweighted""], [""dq100_10_log_variance"", ""cycle10_rms_c_timeweighted""]]",19
Stacking_Ridge_baseline/repeat3/outer4/meta3/xgb/tune,xgb,baseline,10,"{""learning_rate"": 0.07, ""max_depth"": 1, ""min_child_weight"": 5, ""n_estimators"": 250, ""reg_lambda"": 30.0}",10.978840994225225,"[[""dq100_10_log_variance"", ""cycle10_rms_c_timeweighted""], [""dq100_10_log_variance"", ""cycle10_rms_c_timeweighted""], [""dq100_10_log_variance"", ""cycle10_rms_c_timeweighted""]]",19
Stacking_Ridge_baseline/repeat3/outer4/meta3/xgb/tune,xgb,baseline,11,"{""learning_rate"": 0.03, ""max_depth"": 3, ""min_child_weight"": 5, ""n_estimators"": 100, ""reg_lambda"": 10.0}",13.404921900776303,"[[""dq100_10_log_variance"", ""cycle10_rms_c_timeweighted""], [""dq100_10_log_variance"", ""cycle10_rms_c_timeweighted""], [""dq100_10_log_variance"", ""cycle10_rms_c_timeweighted""]]",19
Stacking_Ridge_baseline/repeat3/outer5/meta1/xgb/tune,xgb,baseline,0,"{""learning_rate"": 0.03, ""max_depth"": 1, ""min_child_weight"": 3, ""n_estimators"": 250, ""reg_lambda"": 10.0}",12.628251451724623,"[[""dq100_10_log_variance"", ""cycle10_rms_c_timeweighted""], [""dq100_10_log_variance"", ""cycle10_rms_c_timeweighted""], [""dq100_10_log_variance"", ""cycle10_rms_c_timeweighted""]]",20
Stacking_Ridge_baseline/repeat3/outer5/meta1/xgb/tune,xgb,baseline,1,"{""learning_rate"": 0.07, ""max_depth"": 3, ""min_child_weight"": 3, ""n_estimators"": 100, ""reg_lambda"": 30.0}",13.730265680418812,"[[""dq100_10_log_variance"", ""cycle10_rms_c_timeweighted""], [""dq100_10_log_variance"", ""cycle10_rms_c_timeweighted""], [""dq100_10_log_variance"", ""cycle10_rms_c_timeweighted""]]",20
Stacking_Ridge_baseline/repeat3/outer5/meta1/xgb/tune,xgb,baseline,2,"{""learning_rate"": 0.03, ""max_depth"": 2, ""min_child_weight"": 5, ""n_estimators"": 100, ""reg_lambda"": 1.0}",13.37872678361117,"[[""dq100_10_log_variance"", ""cycle10_rms_c_timeweighted""], [""dq100_10_log_variance"", ""cycle10_rms_c_timeweighted""], [""dq100_10_log_variance"", ""cycle10_rms_c_timeweighted""]]",20
Stacking_Ridge_baseline/repeat3/outer5/meta1/xgb/tune,xgb,baseline,3,"{""learning_rate"": 0.03, ""max_depth"": 1, ""min_child_weight"": 3, ""n_estimators"": 100, ""reg_lambda"": 1.0}",12.231673770664644,"[[""dq100_10_log_variance"", ""cycle10_rms_c_timeweighted""], [""dq100_10_log_variance"", ""cycle10_rms_c_timeweighted""], [""dq100_10_log_variance"", ""cycle10_rms_c_timeweighted""]]",20
Stacking_Ridge_baseline/repeat3/outer5/meta1/xgb/tune,xgb,baseline,4,"{""learning_rate"": 0.03, ""max_depth"": 3, ""min_child_weight"": 3, ""n_estimators"": 250, ""reg_lambda"": 10.0}",11.541965109455418,"[[""dq100_10_log_variance"", ""cycle10_rms_c_timeweighted""], [""dq100_10_log_variance"", ""cycle10_rms_c_timeweighted""], [""dq100_10_log_variance"", ""cycle10_rms_c_timeweighted""]]",20
Stacking_Ridge_baseline/repeat3/outer5/meta1/xgb/tune,xgb,baseline,5,"{""learning_rate"": 0.07, ""max_depth"": 2, ""min_child_weight"": 3, ""n_estimators"": 100, ""reg_lambda"": 30.0}",13.843963168362297,"[[""dq100_10_log_variance"", ""cycle10_rms_c_timeweighted""], [""dq100_10_log_variance"", ""cycle10_rms_c_timeweighted""], [""dq100_10_log_variance"", ""cycle10_rms_c_timeweighted""]]",20
Stacking_Ridge_baseline/repeat3/outer5/meta1/xgb/tune,xgb,baseline,6,"{""learning_rate"": 0.03, ""max_depth"": 1, ""min_child_weight"": 5, ""n_estimators"": 250, ""reg_lambda"": 10.0}",13.42101066446038,"[[""dq100_10_log_variance"", ""cycle10_rms_c_timeweighted""], [""dq100_10_log_variance"", ""cycle10_rms_c_timeweighted""], [""dq100_10_log_variance"", ""cycle10_rms_c_timeweighted""]]",20
Stacking_Ridge_baseline/repeat3/outer5/meta1/xgb/tune,xgb,baseline,7,"{""learning_rate"": 0.03, ""max_depth"": 3, ""min_child_weight"": 5, ""n_estimators"": 250, ""reg_lambda"": 10.0}",13.42101066446038,"[[""dq100_10_log_variance"", ""cycle10_rms_c_timeweighted""], [""dq100_10_log_variance"", ""cycle10_rms_c_timeweighted""], [""dq100_10_log_variance"", ""cycle10_rms_c_timeweighted""]]",20
Stacking_Ridge_baseline/repeat3/outer5/meta1/xgb/tune,xgb,baseline,8,"{""learning_rate"": 0.03, ""max_depth"": 2, ""min_child_weight"": 3, ""n_estimators"": 100, ""reg_lambda"": 1.0}",12.200458083784541,"[[""dq100_10_log_variance"", ""cycle10_rms_c_timeweighted""], [""dq100_10_log_variance"", ""cycle10_rms_c_timeweighted""], [""dq100_10_log_variance"", ""cycle10_rms_c_timeweighted""]]",20
Stacking_Ridge_baseline/repeat3/outer5/meta1/xgb/tune,xgb,baseline,9,"{""learning_rate"": 0.07, ""max_depth"": 2, ""min_child_weight"": 5, ""n_estimators"": 100, ""reg_lambda"": 1.0}",14.269852535167399,"[[""dq100_10_log_variance"", ""cycle10_rms_c_timeweighted""], [""dq100_10_log_variance"", ""cycle10_rms_c_timeweighted""], [""dq100_10_log_variance"", ""cycle10_rms_c_timeweighted""]]",20
Stacking_Ridge_baseline/repeat3/outer5/meta1/xgb/tune,xgb,baseline,10,"{""learning_rate"": 0.07, ""max_depth"": 1, ""min_child_weight"": 5, ""n_estimators"": 250, ""reg_lambda"": 30.0}",13.420968068514973,"[[""dq100_10_log_variance"", ""cycle10_rms_c_timeweighted""], [""dq100_10_log_variance"", ""cycle10_rms_c_timeweighted""], [""dq100_10_log_variance"", ""cycle10_rms_c_timeweighted""]]",20
Stacking_Ridge_baseline/repeat3/outer5/meta1/xgb/tune,xgb,baseline,11,"{""learning_rate"": 0.03, ""max_depth"": 3, ""min_child_weight"": 5, ""n_estimators"": 100, ""reg_lambda"": 10.0}",14.583421959147508,"[[""dq100_10_log_variance"", ""cycle10_rms_c_timeweighted""], [""dq100_10_log_variance"", ""cycle10_rms_c_timeweighted""], [""dq100_10_log_variance"", ""cycle10_rms_c_timeweighted""]]",20
Stacking_Ridge_baseline/repeat3/outer5/meta2/xgb/tune,xgb,baseline,0,"{""learning_rate"": 0.03, ""max_depth"": 1, ""min_child_weight"": 3, ""n_estimators"": 250, ""reg_lambda"": 10.0}",10.849157581833417,"[[""dq100_10_log_variance"", ""cycle10_rms_c_timeweighted""], [""dq100_10_log_variance"", ""cycle10_rms_c_timeweighted""], [""dq100_10_log_variance"", ""cycle10_rms_c_timeweighted""]]",19
Stacking_Ridge_baseline/repeat3/outer5/meta2/xgb/tune,xgb,baseline,1,"{""learning_rate"": 0.07, ""max_depth"": 3, ""min_child_weight"": 3, ""n_estimators"": 100, ""reg_lambda"": 30.0}",12.806276911051192,"[[""dq100_10_log_variance"", ""cycle10_rms_c_timeweighted""], [""dq100_10_log_variance"", ""cycle10_rms_c_timeweighted""], [""dq100_10_log_variance"", ""cycle10_rms_c_timeweighted""]]",19
Stacking_Ridge_baseline/repeat3/outer5/meta2/xgb/tune,xgb,baseline,2,"{""learning_rate"": 0.03, ""max_depth"": 2, ""min_child_weight"": 5, ""n_estimators"": 100, ""reg_lambda"": 1.0}",10.41348379204969,"[[""dq100_10_log_variance"", ""cycle10_rms_c_timeweighted""], [""dq100_10_log_variance"", ""cycle10_rms_c_timeweighted""], [""dq100_10_log_variance"", ""cycle10_rms_c_timeweighted""]]",19
Stacking_Ridge_baseline/repeat3/outer5/meta2/xgb/tune,xgb,baseline,3,"{""learning_rate"": 0.03, ""max_depth"": 1, ""min_child_weight"": 3, ""n_estimators"": 100, ""reg_lambda"": 1.0}",10.949290524537613,"[[""dq100_10_log_variance"", ""cycle10_rms_c_timeweighted""], [""dq100_10_log_variance"", ""cycle10_rms_c_timeweighted""], [""dq100_10_log_variance"", ""cycle10_rms_c_timeweighted""]]",19
Stacking_Ridge_baseline/repeat3/outer5/meta2/xgb/tune,xgb,baseline,4,"{""learning_rate"": 0.03, ""max_depth"": 3, ""min_child_weight"": 3, ""n_estimators"": 250, ""reg_lambda"": 10.0}",10.541670030352703,"[[""dq100_10_log_variance"", ""cycle10_rms_c_timeweighted""], [""dq100_10_log_variance"", ""cycle10_rms_c_timeweighted""], [""dq100_10_log_variance"", ""cycle10_rms_c_timeweighted""]]",19
Stacking_Ridge_baseline/repeat3/outer5/meta2/xgb/tune,xgb,baseline,5,"{""learning_rate"": 0.07, ""max_depth"": 2, ""min_child_weight"": 3, ""n_estimators"": 100, ""reg_lambda"": 30.0}",12.806286595307128,"[[""dq100_10_log_variance"", ""cycle10_rms_c_timeweighted""], [""dq100_10_log_variance"", ""cycle10_rms_c_timeweighted""], [""dq100_10_log_variance"", ""cycle10_rms_c_timeweighted""]]",19
Stacking_Ridge_baseline/repeat3/outer5/meta2/xgb/tune,xgb,baseline,6,"{""learning_rate"": 0.03, ""max_depth"": 1, ""min_child_weight"": 5, ""n_estimators"": 250, ""reg_lambda"": 10.0}",10.135621646885566,"[[""dq100_10_log_variance"", ""cycle10_rms_c_timeweighted""], [""dq100_10_log_variance"", ""cycle10_rms_c_timeweighted""], [""dq100_10_log_variance"", ""cycle10_rms_c_timeweighted""]]",19
Stacking_Ridge_baseline/repeat3/outer5/meta2/xgb/tune,xgb,baseline,7,"{""learning_rate"": 0.03, ""max_depth"": 3, ""min_child_weight"": 5, ""n_estimators"": 250, ""reg_lambda"": 10.0}",10.135621646885566,"[[""dq100_10_log_variance"", ""cycle10_rms_c_timeweighted""], [""dq100_10_log_variance"", ""cycle10_rms_c_timeweighted""], [""dq100_10_log_variance"", ""cycle10_rms_c_timeweighted""]]",19
Stacking_Ridge_baseline/repeat3/outer5/meta2/xgb/tune,xgb,baseline,8,"{""learning_rate"": 0.03, ""max_depth"": 2, ""min_child_weight"": 3, ""n_estimators"": 100, ""reg_lambda"": 1.0}",11.098053576571349,"[[""dq100_10_log_variance"", ""cycle10_rms_c_timeweighted""], [""dq100_10_log_variance"", ""cycle10_rms_c_timeweighted""], [""dq100_10_log_variance"", ""cycle10_rms_c_timeweighted""]]",19
Stacking_Ridge_baseline/repeat3/outer5/meta2/xgb/tune,xgb,baseline,9,"{""learning_rate"": 0.07, ""max_depth"": 2, ""min_child_weight"": 5, ""n_estimators"": 100, ""reg_lambda"": 1.0}",10.690803516917468,"[[""dq100_10_log_variance"", ""cycle10_rms_c_timeweighted""], [""dq100_10_log_variance"", ""cycle10_rms_c_timeweighted""], [""dq100_10_log_variance"", ""cycle10_rms_c_timeweighted""]]",19
Stacking_Ridge_baseline/repeat3/outer5/meta2/xgb/tune,xgb,baseline,10,"{""learning_rate"": 0.07, ""max_depth"": 1, ""min_child_weight"": 5, ""n_estimators"": 250, ""reg_lambda"": 30.0}",10.148766418369744,"[[""dq100_10_log_variance"", ""cycle10_rms_c_timeweighted""], [""dq100_10_log_variance"", ""cycle10_rms_c_timeweighted""], [""dq100_10_log_variance"", ""cycle10_rms_c_timeweighted""]]",19
Stacking_Ridge_baseline/repeat3/outer5/meta2/xgb/tune,xgb,baseline,11,"{""learning_rate"": 0.03, ""max_depth"": 3, ""min_child_weight"": 5, ""n_estimators"": 100, ""reg_lambda"": 10.0}",12.928086039909548,"[[""dq100_10_log_variance"", ""cycle10_rms_c_timeweighted""], [""dq100_10_log_variance"", ""cycle10_rms_c_timeweighted""], [""dq100_10_log_variance"", ""cycle10_rms_c_timeweighted""]]",19
Stacking_Ridge_baseline/repeat3/outer5/meta3/xgb/tune,xgb,baseline,0,"{""learning_rate"": 0.03, ""max_depth"": 1, ""min_child_weight"": 3, ""n_estimators"": 250, ""reg_lambda"": 10.0}",13.394836246851794,"[[""dq100_10_log_variance"", ""cycle10_rms_c_timeweighted""], [""dq100_10_log_variance"", ""cycle10_rms_c_timeweighted""], [""dq100_10_log_variance"", ""cycle10_rms_c_timeweighted""]]",19
Stacking_Ridge_baseline/repeat3/outer5/meta3/xgb/tune,xgb,baseline,1,"{""learning_rate"": 0.07, ""max_depth"": 3, ""min_child_weight"": 3, ""n_estimators"": 100, ""reg_lambda"": 30.0}",15.498957757698856,"[[""dq100_10_log_variance"", ""cycle10_rms_c_timeweighted""], [""dq100_10_log_variance"", ""cycle10_rms_c_timeweighted""], [""dq100_10_log_variance"", ""cycle10_rms_c_timeweighted""]]",19
Stacking_Ridge_baseline/repeat3/outer5/meta3/xgb/tune,xgb,baseline,2,"{""learning_rate"": 0.03, ""max_depth"": 2, ""min_child_weight"": 5, ""n_estimators"": 100, ""reg_lambda"": 1.0}",15.087041147587927,"[[""dq100_10_log_variance"", ""cycle10_rms_c_timeweighted""], [""dq100_10_log_variance"", ""cycle10_rms_c_timeweighted""], [""dq100_10_log_variance"", ""cycle10_rms_c_timeweighted""]]",19
Stacking_Ridge_baseline/repeat3/outer5/meta3/xgb/tune,xgb,baseline,3,"{""learning_rate"": 0.03, ""max_depth"": 1, ""min_child_weight"": 3, ""n_estimators"": 100, ""reg_lambda"": 1.0}",13.319261701530195,"[[""dq100_10_log_variance"", ""cycle10_rms_c_timeweighted""], [""dq100_10_log_variance"", ""cycle10_rms_c_timeweighted""], [""dq100_10_log_variance"", ""cycle10_rms_c_timeweighted""]]",19
Stacking_Ridge_baseline/repeat3/outer5/meta3/xgb/tune,xgb,baseline,4,"{""learning_rate"": 0.03, ""max_depth"": 3, ""min_child_weight"": 3, ""n_estimators"": 250, ""reg_lambda"": 10.0}",13.392659044749191,"[[""dq100_10_log_variance"", ""cycle10_rms_c_timeweighted""], [""dq100_10_log_variance"", ""cycle10_rms_c_timeweighted""], [""dq100_10_log_variance"", ""cycle10_rms_c_timeweighted""]]",19
Stacking_Ridge_baseline/repeat3/outer5/meta3/xgb/tune,xgb,baseline,5,"{""learning_rate"": 0.07, ""max_depth"": 2, ""min_child_weight"": 3, ""n_estimators"": 100, ""reg_lambda"": 30.0}",15.493920213626641,"[[""dq100_10_log_variance"", ""cycle10_rms_c_timeweighted""], [""dq100_10_log_variance"", ""cycle10_rms_c_timeweighted""], [""dq100_10_log_variance"", ""cycle10_rms_c_timeweighted""]]",19
Stacking_Ridge_baseline/repeat3/outer5/meta3/xgb/tune,xgb,baseline,6,"{""learning_rate"": 0.03, ""max_depth"": 1, ""min_child_weight"": 5, ""n_estimators"": 250, ""reg_lambda"": 10.0}",15.268774211159863,"[[""dq100_10_log_variance"", ""cycle10_rms_c_timeweighted""], [""dq100_10_log_variance"", ""cycle10_rms_c_timeweighted""], [""dq100_10_log_variance"", ""cycle10_rms_c_timeweighted""]]",19
Stacking_Ridge_baseline/repeat3/outer5/meta3/xgb/tune,xgb,baseline,7,"{""learning_rate"": 0.03, ""max_depth"": 3, ""min_child_weight"": 5, ""n_estimators"": 250, ""reg_lambda"": 10.0}",15.268774211159863,"[[""dq100_10_log_variance"", ""cycle10_rms_c_timeweighted""], [""dq100_10_log_variance"", ""cycle10_rms_c_timeweighted""], [""dq100_10_log_variance"", ""cycle10_rms_c_timeweighted""]]",19
Stacking_Ridge_baseline/repeat3/outer5/meta3/xgb/tune,xgb,baseline,8,"{""learning_rate"": 0.03, ""max_depth"": 2, ""min_child_weight"": 3, ""n_estimators"": 100, ""reg_lambda"": 1.0}",13.319147791504413,"[[""dq100_10_log_variance"", ""cycle10_rms_c_timeweighted""], [""dq100_10_log_variance"", ""cycle10_rms_c_timeweighted""], [""dq100_10_log_variance"", ""cycle10_rms_c_timeweighted""]]",19
Stacking_Ridge_baseline/repeat3/outer5/meta3/xgb/tune,xgb,baseline,9,"{""learning_rate"": 0.07, ""max_depth"": 2, ""min_child_weight"": 5, ""n_estimators"": 100, ""reg_lambda"": 1.0}",14.835607658487687,"[[""dq100_10_log_variance"", ""cycle10_rms_c_timeweighted""], [""dq100_10_log_variance"", ""cycle10_rms_c_timeweighted""], [""dq100_10_log_variance"", ""cycle10_rms_c_timeweighted""]]",19
Stacking_Ridge_baseline/repeat3/outer5/meta3/xgb/tune,xgb,baseline,10,"{""learning_rate"": 0.07, ""max_depth"": 1, ""min_child_weight"": 5, ""n_estimators"": 250, ""reg_lambda"": 30.0}",15.318596870782994,"[[""dq100_10_log_variance"", ""cycle10_rms_c_timeweighted""], [""dq100_10_log_variance"", ""cycle10_rms_c_timeweighted""], [""dq100_10_log_variance"", ""cycle10_rms_c_timeweighted""]]",19
Stacking_Ridge_baseline/repeat3/outer5/meta3/xgb/tune,xgb,baseline,11,"{""learning_rate"": 0.03, ""max_depth"": 3, ""min_child_weight"": 5, ""n_estimators"": 100, ""reg_lambda"": 10.0}",16.359790916804005,"[[""dq100_10_log_variance"", ""cycle10_rms_c_timeweighted""], [""dq100_10_log_variance"", ""cycle10_rms_c_timeweighted""], [""dq100_10_log_variance"", ""cycle10_rms_c_timeweighted""]]",19
Stacking_Ridge_plus_top2/repeat1/outer1/meta1/xgb/tune,xgb,plus_top2,0,"{""learning_rate"": 0.03, ""max_depth"": 1, ""min_child_weight"": 3, ""n_estimators"": 250, ""reg_lambda"": 10.0}",10.975406377741246,"[[""dq100_10_log_variance"", ""cycle10_rms_c_timeweighted"", ""dq100_10_mean_ah"", ""dq100_10_q05_ah""], [""dq100_10_log_variance"", ""cycle10_rms_c_timeweighted"", ""dq100_10_q05_ah"", ""dq100_10_mean_ah""], [""dq100_10_log_variance"", ""cycle10_rms_c_timeweighted"", ""dq100_10_q05_ah"", ""dq100_10_mean_ah""]]",18
Stacking_Ridge_plus_top2/repeat1/outer1/meta1/xgb/tune,xgb,plus_top2,1,"{""learning_rate"": 0.07, ""max_depth"": 3, ""min_child_weight"": 3, ""n_estimators"": 100, ""reg_lambda"": 30.0}",11.838638146556125,"[[""dq100_10_log_variance"", ""cycle10_rms_c_timeweighted"", ""dq100_10_mean_ah"", ""dq100_10_q05_ah""], [""dq100_10_log_variance"", ""cycle10_rms_c_timeweighted"", ""dq100_10_q05_ah"", ""dq100_10_mean_ah""], [""dq100_10_log_variance"", ""cycle10_rms_c_timeweighted"", ""dq100_10_q05_ah"", ""dq100_10_mean_ah""]]",18
Stacking_Ridge_plus_top2/repeat1/outer1/meta1/xgb/tune,xgb,plus_top2,2,"{""learning_rate"": 0.03, ""max_depth"": 2, ""min_child_weight"": 5, ""n_estimators"": 100, ""reg_lambda"": 1.0}",11.022242387344388,"[[""dq100_10_log_variance"", ""cycle10_rms_c_timeweighted"", ""dq100_10_mean_ah"", ""dq100_10_q05_ah""], [""dq100_10_log_variance"", ""cycle10_rms_c_timeweighted"", ""dq100_10_q05_ah"", ""dq100_10_mean_ah""], [""dq100_10_log_variance"", ""cycle10_rms_c_timeweighted"", ""dq100_10_q05_ah"", ""dq100_10_mean_ah""]]",18
Stacking_Ridge_plus_top2/repeat1/outer1/meta1/xgb/tune,xgb,plus_top2,3,"{""learning_rate"": 0.03, ""max_depth"": 1, ""min_child_weight"": 3, ""n_estimators"": 100, ""reg_lambda"": 1.0}",10.729359054513992,"[[""dq100_10_log_variance"", ""cycle10_rms_c_timeweighted"", ""dq100_10_mean_ah"", ""dq100_10_q05_ah""], [""dq100_10_log_variance"", ""cycle10_rms_c_timeweighted"", ""dq100_10_q05_ah"", ""dq100_10_mean_ah""], [""dq100_10_log_variance"", ""cycle10_rms_c_timeweighted"", ""dq100_10_q05_ah"", ""dq100_10_mean_ah""]]",18
Stacking_Ridge_plus_top2/repeat1/outer1/meta1/xgb/tune,xgb,plus_top2,4,"{""learning_rate"": 0.03, ""max_depth"": 3, ""min_child_weight"": 3, ""n_estimators"": 250, ""reg_lambda"": 10.0}",10.654650415879269,"[[""dq100_10_log_variance"", ""cycle10_rms_c_timeweighted"", ""dq100_10_mean_ah"", ""dq100_10_q05_ah""], [""dq100_10_log_variance"", ""cycle10_rms_c_timeweighted"", ""dq100_10_q05_ah"", ""dq100_10_mean_ah""], [""dq100_10_log_variance"", ""cycle10_rms_c_timeweighted"", ""dq100_10_q05_ah"", ""dq100_10_mean_ah""]]",18
Stacking_Ridge_plus_top2/repeat1/outer1/meta1/xgb/tune,xgb,plus_top2,5,"{""learning_rate"": 0.07, ""max_depth"": 2, ""min_child_weight"": 3, ""n_estimators"": 100, ""reg_lambda"": 30.0}",11.838638146556125,"[[""dq100_10_log_variance"", ""cycle10_rms_c_timeweighted"", ""dq100_10_mean_ah"", ""dq100_10_q05_ah""], [""dq100_10_log_variance"", ""cycle10_rms_c_timeweighted"", ""dq100_10_q05_ah"", ""dq100_10_mean_ah""], [""dq100_10_log_variance"", ""cycle10_rms_c_timeweighted"", ""dq100_10_q05_ah"", ""dq100_10_mean_ah""]]",18
Stacking_Ridge_plus_top2/repeat1/outer1/meta1/xgb/tune,xgb,plus_top2,6,"{""learning_rate"": 0.03, ""max_depth"": 1, ""min_child_weight"": 5, ""n_estimators"": 250, ""reg_lambda"": 10.0}",11.297557780341945,"[[""dq100_10_log_variance"", ""cycle10_rms_c_timeweighted"", ""dq100_10_mean_ah"", ""dq100_10_q05_ah""], [""dq100_10_log_variance"", ""cycle10_rms_c_timeweighted"", ""dq100_10_q05_ah"", ""dq100_10_mean_ah""], [""dq100_10_log_variance"", ""cycle10_rms_c_timeweighted"", ""dq100_10_q05_ah"", ""dq100_10_mean_ah""]]",18
Stacking_Ridge_plus_top2/repeat1/outer1/meta1/xgb/tune,xgb,plus_top2,7,"{""learning_rate"": 0.03, ""max_depth"": 3, ""min_child_weight"": 5, ""n_estimators"": 250, ""reg_lambda"": 10.0}",11.297557780341945,"[[""dq100_10_log_variance"", ""cycle10_rms_c_timeweighted"", ""dq100_10_mean_ah"", ""dq100_10_q05_ah""], [""dq100_10_log_variance"", ""cycle10_rms_c_timeweighted"", ""dq100_10_q05_ah"", ""dq100_10_mean_ah""], [""dq100_10_log_variance"", ""cycle10_rms_c_timeweighted"", ""dq100_10_q05_ah"", ""dq100_10_mean_ah""]]",18
Stacking_Ridge_plus_top2/repeat1/outer1/meta1/xgb/tune,xgb,plus_top2,8,"{""learning_rate"": 0.03, ""max_depth"": 2, ""min_child_weight"": 3, ""n_estimators"": 100, ""reg_lambda"": 1.0}",10.522999479258473,"[[""dq100_10_log_variance"", ""cycle10_rms_c_timeweighted"", ""dq100_10_mean_ah"", ""dq100_10_q05_ah""], [""dq100_10_log_variance"", ""cycle10_rms_c_timeweighted"", ""dq100_10_q05_ah"", ""dq100_10_mean_ah""], [""dq100_10_log_variance"", ""cycle10_rms_c_timeweighted"", ""dq100_10_q05_ah"", ""dq100_10_mean_ah""]]",18
Stacking_Ridge_plus_top2/repeat1/outer1/meta1/xgb/tune,xgb,plus_top2,9,"{""learning_rate"": 0.07, ""max_depth"": 2, ""min_child_weight"": 5, ""n_estimators"": 100, ""reg_lambda"": 1.0}",11.908922475273947,"[[""dq100_10_log_variance"", ""cycle10_rms_c_timeweighted"", ""dq100_10_mean_ah"", ""dq100_10_q05_ah""], [""dq100_10_log_variance"", ""cycle10_rms_c_timeweighted"", ""dq100_10_q05_ah"", ""dq100_10_mean_ah""], [""dq100_10_log_variance"", ""cycle10_rms_c_timeweighted"", ""dq100_10_q05_ah"", ""dq100_10_mean_ah""]]",18
Stacking_Ridge_plus_top2/repeat1/outer1/meta1/xgb/tune,xgb,plus_top2,10,"{""learning_rate"": 0.07, ""max_depth"": 1, ""min_child_weight"": 5, ""n_estimators"": 250, ""reg_lambda"": 30.0}",11.386169426628307,"[[""dq100_10_log_variance"", ""cycle10_rms_c_timeweighted"", ""dq100_10_mean_ah"", ""dq100_10_q05_ah""], [""dq100_10_log_variance"", ""cycle10_rms_c_timeweighted"", ""dq100_10_q05_ah"", ""dq100_10_mean_ah""], [""dq100_10_log_variance"", ""cycle10_rms_c_timeweighted"", ""dq100_10_q05_ah"", ""dq100_10_mean_ah""]]",18
Stacking_Ridge_plus_top2/repeat1/outer1/meta1/xgb/tune,xgb,plus_top2,11,"{""learning_rate"": 0.03, ""max_depth"": 3, ""min_child_weight"": 5, ""n_estimators"": 100, ""reg_lambda"": 10.0}",11.674765267031646,"[[""dq100_10_log_variance"", ""cycle10_rms_c_timeweighted"", ""dq100_10_mean_ah"", ""dq100_10_q05_ah""], [""dq100_10_log_variance"", ""cycle10_rms_c_timeweighted"", ""dq100_10_q05_ah"", ""dq100_10_mean_ah""], [""dq100_10_log_variance"", ""cycle10_rms_c_timeweighted"", ""dq100_10_q05_ah"", ""dq100_10_mean_ah""]]",18
Stacking_Ridge_plus_top2/repeat1/outer1/meta2/xgb/tune,xgb,plus_top2,0,"{""learning_rate"": 0.03, ""max_depth"": 1, ""min_child_weight"": 3, ""n_estimators"": 250, ""reg_lambda"": 10.0}",10.549693324747505,"[[""dq100_10_log_variance"", ""cycle10_rms_c_timeweighted"", ""dq100_10_q05_ah"", ""dq100_10_mean_ah""], [""dq100_10_log_variance"", ""cycle10_rms_c_timeweighted"", ""dq100_10_q05_ah"", ""dq100_10_mean_ah""], [""dq100_10_log_variance"", ""cycle10_rms_c_timeweighted"", ""tavg_theilsen_10_100_degC_per_cycle"", ""dq100_10_q05_ah""]]",18
Stacking_Ridge_plus_top2/repeat1/outer1/meta2/xgb/tune,xgb,plus_top2,1,"{""learning_rate"": 0.07, ""max_depth"": 3, ""min_child_weight"": 3, ""n_estimators"": 100, ""reg_lambda"": 30.0}",11.381873306031046,"[[""dq100_10_log_variance"", ""cycle10_rms_c_timeweighted"", ""dq100_10_q05_ah"", ""dq100_10_mean_ah""], [""dq100_10_log_variance"", ""cycle10_rms_c_timeweighted"", ""dq100_10_q05_ah"", ""dq100_10_mean_ah""], [""dq100_10_log_variance"", ""cycle10_rms_c_timeweighted"", ""tavg_theilsen_10_100_degC_per_cycle"", ""dq100_10_q05_ah""]]",18
Stacking_Ridge_plus_top2/repeat1/outer1/meta2/xgb/tune,xgb,plus_top2,2,"{""learning_rate"": 0.03, ""max_depth"": 2, ""min_child_weight"": 5, ""n_estimators"": 100, ""reg_lambda"": 1.0}",9.560921067795237,"[[""dq100_10_log_variance"", ""cycle10_rms_c_timeweighted"", ""dq100_10_q05_ah"", ""dq100_10_mean_ah""], [""dq100_10_log_variance"", ""cycle10_rms_c_timeweighted"", ""dq100_10_q05_ah"", ""dq100_10_mean_ah""], [""dq100_10_log_variance"", ""cycle10_rms_c_timeweighted"", ""tavg_theilsen_10_100_degC_per_cycle"", ""dq100_10_q05_ah""]]",18
Stacking_Ridge_plus_top2/repeat1/outer1/meta2/xgb/tune,xgb,plus_top2,3,"{""learning_rate"": 0.03, ""max_depth"": 1, ""min_child_weight"": 3, ""n_estimators"": 100, ""reg_lambda"": 1.0}",10.857604637208224,"[[""dq100_10_log_variance"", ""cycle10_rms_c_timeweighted"", ""dq100_10_q05_ah"", ""dq100_10_mean_ah""], [""dq100_10_log_variance"", ""cycle10_rms_c_timeweighted"", ""dq100_10_q05_ah"", ""dq100_10_mean_ah""], [""dq100_10_log_variance"", ""cycle10_rms_c_timeweighted"", ""tavg_theilsen_10_100_degC_per_cycle"", ""dq100_10_q05_ah""]]",18
Stacking_Ridge_plus_top2/repeat1/outer1/meta2/xgb/tune,xgb,plus_top2,4,"{""learning_rate"": 0.03, ""max_depth"": 3, ""min_child_weight"": 3, ""n_estimators"": 250, ""reg_lambda"": 10.0}",10.326621810698231,"[[""dq100_10_log_variance"", ""cycle10_rms_c_timeweighted"", ""dq100_10_q05_ah"", ""dq100_10_mean_ah""], [""dq100_10_log_variance"", ""cycle10_rms_c_timeweighted"", ""dq100_10_q05_ah"", ""dq100_10_mean_ah""], [""dq100_10_log_variance"", ""cycle10_rms_c_timeweighted"", ""tavg_theilsen_10_100_degC_per_cycle"", ""dq100_10_q05_ah""]]",18
Stacking_Ridge_plus_top2/repeat1/outer1/meta2/xgb/tune,xgb,plus_top2,5,"{""learning_rate"": 0.07, ""max_depth"": 2, ""min_child_weight"": 3, ""n_estimators"": 100, ""reg_lambda"": 30.0}",11.381873306031046,"[[""dq100_10_log_variance"", ""cycle10_rms_c_timeweighted"", ""dq100_10_q05_ah"", ""dq100_10_mean_ah""], [""dq100_10_log_variance"", ""cycle10_rms_c_timeweighted"", ""dq100_10_q05_ah"", ""dq100_10_mean_ah""], [""dq100_10_log_variance"", ""cycle10_rms_c_timeweighted"", ""tavg_theilsen_10_100_degC_per_cycle"", ""dq100_10_q05_ah""]]",18
Stacking_Ridge_plus_top2/repeat1/outer1/meta2/xgb/tune,xgb,plus_top2,6,"{""learning_rate"": 0.03, ""max_depth"": 1, ""min_child_weight"": 5, ""n_estimators"": 250, ""reg_lambda"": 10.0}",9.826428600308354,"[[""dq100_10_log_variance"", ""cycle10_rms_c_timeweighted"", ""dq100_10_q05_ah"", ""dq100_10_mean_ah""], [""dq100_10_log_variance"", ""cycle10_rms_c_timeweighted"", ""dq100_10_q05_ah"", ""dq100_10_mean_ah""], [""dq100_10_log_variance"", ""cycle10_rms_c_timeweighted"", ""tavg_theilsen_10_100_degC_per_cycle"", ""dq100_10_q05_ah""]]",18
Stacking_Ridge_plus_top2/repeat1/outer1/meta2/xgb/tune,xgb,plus_top2,7,"{""learning_rate"": 0.03, ""max_depth"": 3, ""min_child_weight"": 5, ""n_estimators"": 250, ""reg_lambda"": 10.0}",9.826428600308354,"[[""dq100_10_log_variance"", ""cycle10_rms_c_timeweighted"", ""dq100_10_q05_ah"", ""dq100_10_mean_ah""], [""dq100_10_log_variance"", ""cycle10_rms_c_timeweighted"", ""dq100_10_q05_ah"", ""dq100_10_mean_ah""], [""dq100_10_log_variance"", ""cycle10_rms_c_timeweighted"", ""tavg_theilsen_10_100_degC_per_cycle"", ""dq100_10_q05_ah""]]",18
Stacking_Ridge_plus_top2/repeat1/outer1/meta2/xgb/tune,xgb,plus_top2,8,"{""learning_rate"": 0.03, ""max_depth"": 2, ""min_child_weight"": 3, ""n_estimators"": 100, ""reg_lambda"": 1.0}",10.73984602162949,"[[""dq100_10_log_variance"", ""cycle10_rms_c_timeweighted"", ""dq100_10_q05_ah"", ""dq100_10_mean_ah""], [""dq100_10_log_variance"", ""cycle10_rms_c_timeweighted"", ""dq100_10_q05_ah"", ""dq100_10_mean_ah""], [""dq100_10_log_variance"", ""cycle10_rms_c_timeweighted"", ""tavg_theilsen_10_100_degC_per_cycle"", ""dq100_10_q05_ah""]]",18
Stacking_Ridge_plus_top2/repeat1/outer1/meta2/xgb/tune,xgb,plus_top2,9,"{""learning_rate"": 0.07, ""max_depth"": 2, ""min_child_weight"": 5, ""n_estimators"": 100, ""reg_lambda"": 1.0}",10.865924845814321,"[[""dq100_10_log_variance"", ""cycle10_rms_c_timeweighted"", ""dq100_10_q05_ah"", ""dq100_10_mean_ah""], [""dq100_10_log_variance"", ""cycle10_rms_c_timeweighted"", ""dq100_10_q05_ah"", ""dq100_10_mean_ah""], [""dq100_10_log_variance"", ""cycle10_rms_c_timeweighted"", ""tavg_theilsen_10_100_degC_per_cycle"", ""dq100_10_q05_ah""]]",18
Stacking_Ridge_plus_top2/repeat1/outer1/meta2/xgb/tune,xgb,plus_top2,10,"{""learning_rate"": 0.07, ""max_depth"": 1, ""min_child_weight"": 5, ""n_estimators"": 250, ""reg_lambda"": 30.0}",10.449546953311932,"[[""dq100_10_log_variance"", ""cycle10_rms_c_timeweighted"", ""dq100_10_q05_ah"", ""dq100_10_mean_ah""], [""dq100_10_log_variance"", ""cycle10_rms_c_timeweighted"", ""dq100_10_q05_ah"", ""dq100_10_mean_ah""], [""dq100_10_log_variance"", ""cycle10_rms_c_timeweighted"", ""tavg_theilsen_10_100_degC_per_cycle"", ""dq100_10_q05_ah""]]",18
Stacking_Ridge_plus_top2/repeat1/outer1/meta2/xgb/tune,xgb,plus_top2,11,"{""learning_rate"": 0.03, ""max_depth"": 3, ""min_child_weight"": 5, ""n_estimators"": 100, ""reg_lambda"": 10.0}",10.635623141964711,"[[""dq100_10_log_variance"", ""cycle10_rms_c_timeweighted"", ""dq100_10_q05_ah"", ""dq100_10_mean_ah""], [""dq100_10_log_variance"", ""cycle10_rms_c_timeweighted"", ""dq100_10_q05_ah"", ""dq100_10_mean_ah""], [""dq100_10_log_variance"", ""cycle10_rms_c_timeweighted"", ""tavg_theilsen_10_100_degC_per_cycle"", ""dq100_10_q05_ah""]]",18
Stacking_Ridge_plus_top2/repeat1/outer1/meta3/xgb/tune,xgb,plus_top2,0,"{""learning_rate"": 0.03, ""max_depth"": 1, ""min_child_weight"": 3, ""n_estimators"": 250, ""reg_lambda"": 10.0}",13.465473395639199,"[[""dq100_10_log_variance"", ""cycle10_rms_c_timeweighted"", ""dq100_10_q05_ah"", ""dq100_10_mean_ah""], [""dq100_10_log_variance"", ""cycle10_rms_c_timeweighted"", ""dq100_10_q05_ah"", ""dq100_10_mean_ah""], [""dq100_10_log_variance"", ""cycle10_rms_c_timeweighted"", ""dq100_10_q05_ah"", ""dq100_10_mean_ah""]]",20
Stacking_Ridge_plus_top2/repeat1/outer1/meta3/xgb/tune,xgb,plus_top2,1,"{""learning_rate"": 0.07, ""max_depth"": 3, ""min_child_weight"": 3, ""n_estimators"": 100, ""reg_lambda"": 30.0}",15.009767226889153,"[[""dq100_10_log_variance"", ""cycle10_rms_c_timeweighted"", ""dq100_10_q05_ah"", ""dq100_10_mean_ah""], [""dq100_10_log_variance"", ""cycle10_rms_c_timeweighted"", ""dq100_10_q05_ah"", ""dq100_10_mean_ah""], [""dq100_10_log_variance"", ""cycle10_rms_c_timeweighted"", ""dq100_10_q05_ah"", ""dq100_10_mean_ah""]]",20
Stacking_Ridge_plus_top2/repeat1/outer1/meta3/xgb/tune,xgb,plus_top2,2,"{""learning_rate"": 0.03, ""max_depth"": 2, ""min_child_weight"": 5, ""n_estimators"": 100, ""reg_lambda"": 1.0}",13.013107030054737,"[[""dq100_10_log_variance"", ""cycle10_rms_c_timeweighted"", ""dq100_10_q05_ah"", ""dq100_10_mean_ah""], [""dq100_10_log_variance"", ""cycle10_rms_c_timeweighted"", ""dq100_10_q05_ah"", ""dq100_10_mean_ah""], [""dq100_10_log_variance"", ""cycle10_rms_c_timeweighted"", ""dq100_10_q05_ah"", ""dq100_10_mean_ah""]]",20
Stacking_Ridge_plus_top2/repeat1/outer1/meta3/xgb/tune,xgb,plus_top2,3,"{""learning_rate"": 0.03, ""max_depth"": 1, ""min_child_weight"": 3, ""n_estimators"": 100, ""reg_lambda"": 1.0}",13.657917896211833,"[[""dq100_10_log_variance"", ""cycle10_rms_c_timeweighted"", ""dq100_10_q05_ah"", ""dq100_10_mean_ah""], [""dq100_10_log_variance"", ""cycle10_rms_c_timeweighted"", ""dq100_10_q05_ah"", ""dq100_10_mean_ah""], [""dq100_10_log_variance"", ""cycle10_rms_c_timeweighted"", ""dq100_10_q05_ah"", ""dq100_10_mean_ah""]]",20
Stacking_Ridge_plus_top2/repeat1/outer1/meta3/xgb/tune,xgb,plus_top2,4,"{""learning_rate"": 0.03, ""max_depth"": 3, ""min_child_weight"": 3, ""n_estimators"": 250, ""reg_lambda"": 10.0}",13.183726431854769,"[[""dq100_10_log_variance"", ""cycle10_rms_c_timeweighted"", ""dq100_10_q05_ah"", ""dq100_10_mean_ah""], [""dq100_10_log_variance"", ""cycle10_rms_c_timeweighted"", ""dq100_10_q05_ah"", ""dq100_10_mean_ah""], [""dq100_10_log_variance"", ""cycle10_rms_c_timeweighted"", ""dq100_10_q05_ah"", ""dq100_10_mean_ah""]]",20
Stacking_Ridge_plus_top2/repeat1/outer1/meta3/xgb/tune,xgb,plus_top2,5,"{""learning_rate"": 0.07, ""max_depth"": 2, ""min_child_weight"": 3, ""n_estimators"": 100, ""reg_lambda"": 30.0}",15.009197250770143,"[[""dq100_10_log_variance"", ""cycle10_rms_c_timeweighted"", ""dq100_10_q05_ah"", ""dq100_10_mean_ah""], [""dq100_10_log_variance"", ""cycle10_rms_c_timeweighted"", ""dq100_10_q05_ah"", ""dq100_10_mean_ah""], [""dq100_10_log_variance"", ""cycle10_rms_c_timeweighted"", ""dq100_10_q05_ah"", ""dq100_10_mean_ah""]]",20
Stacking_Ridge_plus_top2/repeat1/outer1/meta3/xgb/tune,xgb,plus_top2,6,"{""learning_rate"": 0.03, ""max_depth"": 1, ""min_child_weight"": 5, ""n_estimators"": 250, ""reg_lambda"": 10.0}",12.841724301254578,"[[""dq100_10_log_variance"", ""cycle10_rms_c_timeweighted"", ""dq100_10_q05_ah"", ""dq100_10_mean_ah""], [""dq100_10_log_variance"", ""cycle10_rms_c_timeweighted"", ""dq100_10_q05_ah"", ""dq100_10_mean_ah""], [""dq100_10_log_variance"", ""cycle10_rms_c_timeweighted"", ""dq100_10_q05_ah"", ""dq100_10_mean_ah""]]",20
Stacking_Ridge_plus_top2/repeat1/outer1/meta3/xgb/tune,xgb,plus_top2,7,"{""learning_rate"": 0.03, ""max_depth"": 3, ""min_child_weight"": 5, ""n_estimators"": 250, ""reg_lambda"": 10.0}",12.841724301254578,"[[""dq100_10_log_variance"", ""cycle10_rms_c_timeweighted"", ""dq100_10_q05_ah"", ""dq100_10_mean_ah""], [""dq100_10_log_variance"", ""cycle10_rms_c_timeweighted"", ""dq100_10_q05_ah"", ""dq100_10_mean_ah""], [""dq100_10_log_variance"", ""cycle10_rms_c_timeweighted"", ""dq100_10_q05_ah"", ""dq100_10_mean_ah""]]",20
Stacking_Ridge_plus_top2/repeat1/outer1/meta3/xgb/tune,xgb,plus_top2,8,"{""learning_rate"": 0.03, ""max_depth"": 2, ""min_child_weight"": 3, ""n_estimators"": 100, ""reg_lambda"": 1.0}",12.721549573496302,"[[""dq100_10_log_variance"", ""cycle10_rms_c_timeweighted"", ""dq100_10_q05_ah"", ""dq100_10_mean_ah""], [""dq100_10_log_variance"", ""cycle10_rms_c_timeweighted"", ""dq100_10_q05_ah"", ""dq100_10_mean_ah""], [""dq100_10_log_variance"", ""cycle10_rms_c_timeweighted"", ""dq100_10_q05_ah"", ""dq100_10_mean_ah""]]",20
Stacking_Ridge_plus_top2/repeat1/outer1/meta3/xgb/tune,xgb,plus_top2,9,"{""learning_rate"": 0.07, ""max_depth"": 2, ""min_child_weight"": 5, ""n_estimators"": 100, ""reg_lambda"": 1.0}",12.107930322546403,"[[""dq100_10_log_variance"", ""cycle10_rms_c_timeweighted"", ""dq100_10_q05_ah"", ""dq100_10_mean_ah""], [""dq100_10_log_variance"", ""cycle10_rms_c_timeweighted"", ""dq100_10_q05_ah"", ""dq100_10_mean_ah""], [""dq100_10_log_variance"", ""cycle10_rms_c_timeweighted"", ""dq100_10_q05_ah"", ""dq100_10_mean_ah""]]",20
Stacking_Ridge_plus_top2/repeat1/outer1/meta3/xgb/tune,xgb,plus_top2,10,"{""learning_rate"": 0.07, ""max_depth"": 1, ""min_child_weight"": 5, ""n_estimators"": 250, ""reg_lambda"": 30.0}",12.73955526143081,"[[""dq100_10_log_variance"", ""cycle10_rms_c_timeweighted"", ""dq100_10_q05_ah"", ""dq100_10_mean_ah""], [""dq100_10_log_variance"", ""cycle10_rms_c_timeweighted"", ""dq100_10_q05_ah"", ""dq100_10_mean_ah""], [""dq100_10_log_variance"", ""cycle10_rms_c_timeweighted"", ""dq100_10_q05_ah"", ""dq100_10_mean_ah""]]",20
Stacking_Ridge_plus_top2/repeat1/outer1/meta3/xgb/tune,xgb,plus_top2,11,"{""learning_rate"": 0.03, ""max_depth"": 3, ""min_child_weight"": 5, ""n_estimators"": 100, ""reg_lambda"": 10.0}",15.47023335127761,"[[""dq100_10_log_variance"", ""cycle10_rms_c_timeweighted"", ""dq100_10_q05_ah"", ""dq100_10_mean_ah""], [""dq100_10_log_variance"", ""cycle10_rms_c_timeweighted"", ""dq100_10_q05_ah"", ""dq100_10_mean_ah""], [""dq100_10_log_variance"", ""cycle10_rms_c_timeweighted"", ""dq100_10_q05_ah"", ""dq100_10_mean_ah""]]",20
Stacking_Ridge_plus_top2/repeat1/outer2/meta1/xgb/tune,xgb,plus_top2,0,"{""learning_rate"": 0.03, ""max_depth"": 1, ""min_child_weight"": 3, ""n_estimators"": 250, ""reg_lambda"": 10.0}",12.965202069516597,"[[""dq100_10_log_variance"", ""cycle10_rms_c_timeweighted"", ""dq100_10_q05_ah"", ""dq100_10_mean_ah""], [""dq100_10_log_variance"", ""cycle10_rms_c_timeweighted"", ""dq100_10_q05_ah"", ""chargetime_median_2_100_minutes""], [""dq100_10_log_variance"", ""cycle10_rms_c_timeweighted"", ""dq100_10_q05_ah"", ""chargetime_median_2_100_minutes""]]",18
Stacking_Ridge_plus_top2/repeat1/outer2/meta1/xgb/tune,xgb,plus_top2,1,"{""learning_rate"": 0.07, ""max_depth"": 3, ""min_child_weight"": 3, ""n_estimators"": 100, ""reg_lambda"": 30.0}",15.807707806417081,"[[""dq100_10_log_variance"", ""cycle10_rms_c_timeweighted"", ""dq100_10_q05_ah"", ""dq100_10_mean_ah""], [""dq100_10_log_variance"", ""cycle10_rms_c_timeweighted"", ""dq100_10_q05_ah"", ""chargetime_median_2_100_minutes""], [""dq100_10_log_variance"", ""cycle10_rms_c_timeweighted"", ""dq100_10_q05_ah"", ""chargetime_median_2_100_minutes""]]",18
Stacking_Ridge_plus_top2/repeat1/outer2/meta1/xgb/tune,xgb,plus_top2,2,"{""learning_rate"": 0.03, ""max_depth"": 2, ""min_child_weight"": 5, ""n_estimators"": 100, ""reg_lambda"": 1.0}",14.740967831200159,"[[""dq100_10_log_variance"", ""cycle10_rms_c_timeweighted"", ""dq100_10_q05_ah"", ""dq100_10_mean_ah""], [""dq100_10_log_variance"", ""cycle10_rms_c_timeweighted"", ""dq100_10_q05_ah"", ""chargetime_median_2_100_minutes""], [""dq100_10_log_variance"", ""cycle10_rms_c_timeweighted"", ""dq100_10_q05_ah"", ""chargetime_median_2_100_minutes""]]",18
Stacking_Ridge_plus_top2/repeat1/outer2/meta1/xgb/tune,xgb,plus_top2,3,"{""learning_rate"": 0.03, ""max_depth"": 1, ""min_child_weight"": 3, ""n_estimators"": 100, ""reg_lambda"": 1.0}",13.060450724777443,"[[""dq100_10_log_variance"", ""cycle10_rms_c_timeweighted"", ""dq100_10_q05_ah"", ""dq100_10_mean_ah""], [""dq100_10_log_variance"", ""cycle10_rms_c_timeweighted"", ""dq100_10_q05_ah"", ""chargetime_median_2_100_minutes""], [""dq100_10_log_variance"", ""cycle10_rms_c_timeweighted"", ""dq100_10_q05_ah"", ""chargetime_median_2_100_minutes""]]",18
Stacking_Ridge_plus_top2/repeat1/outer2/meta1/xgb/tune,xgb,plus_top2,4,"{""learning_rate"": 0.03, ""max_depth"": 3, ""min_child_weight"": 3, ""n_estimators"": 250, ""reg_lambda"": 10.0}",13.749567623335249,"[[""dq100_10_log_variance"", ""cycle10_rms_c_timeweighted"", ""dq100_10_q05_ah"", ""dq100_10_mean_ah""], [""dq100_10_log_variance"", ""cycle10_rms_c_timeweighted"", ""dq100_10_q05_ah"", ""chargetime_median_2_100_minutes""], [""dq100_10_log_variance"", ""cycle10_rms_c_timeweighted"", ""dq100_10_q05_ah"", ""chargetime_median_2_100_minutes""]]",18
Stacking_Ridge_plus_top2/repeat1/outer2/meta1/xgb/tune,xgb,plus_top2,5,"{""learning_rate"": 0.07, ""max_depth"": 2, ""min_child_weight"": 3, ""n_estimators"": 100, ""reg_lambda"": 30.0}",15.807707806417081,"[[""dq100_10_log_variance"", ""cycle10_rms_c_timeweighted"", ""dq100_10_q05_ah"", ""dq100_10_mean_ah""], [""dq100_10_log_variance"", ""cycle10_rms_c_timeweighted"", ""dq100_10_q05_ah"", ""chargetime_median_2_100_minutes""], [""dq100_10_log_variance"", ""cycle10_rms_c_timeweighted"", ""dq100_10_q05_ah"", ""chargetime_median_2_100_minutes""]]",18
Stacking_Ridge_plus_top2/repeat1/outer2/meta1/xgb/tune,xgb,plus_top2,6,"{""learning_rate"": 0.03, ""max_depth"": 1, ""min_child_weight"": 5, ""n_estimators"": 250, ""reg_lambda"": 10.0}",14.495785146740797,"[[""dq100_10_log_variance"", ""cycle10_rms_c_timeweighted"", ""dq100_10_q05_ah"", ""dq100_10_mean_ah""], [""dq100_10_log_variance"", ""cycle10_rms_c_timeweighted"", ""dq100_10_q05_ah"", ""chargetime_median_2_100_minutes""], [""dq100_10_log_variance"", ""cycle10_rms_c_timeweighted"", ""dq100_10_q05_ah"", ""chargetime_median_2_100_minutes""]]",18
Stacking_Ridge_plus_top2/repeat1/outer2/meta1/xgb/tune,xgb,plus_top2,7,"{""learning_rate"": 0.03, ""max_depth"": 3, ""min_child_weight"": 5, ""n_estimators"": 250, ""reg_lambda"": 10.0}",14.495785146740797,"[[""dq100_10_log_variance"", ""cycle10_rms_c_timeweighted"", ""dq100_10_q05_ah"", ""dq100_10_mean_ah""], [""dq100_10_log_variance"", ""cycle10_rms_c_timeweighted"", ""dq100_10_q05_ah"", ""chargetime_median_2_100_minutes""], [""dq100_10_log_variance"", ""cycle10_rms_c_timeweighted"", ""dq100_10_q05_ah"", ""chargetime_median_2_100_minutes""]]",18
Stacking_Ridge_plus_top2/repeat1/outer2/meta1/xgb/tune,xgb,plus_top2,8,"{""learning_rate"": 0.03, ""max_depth"": 2, ""min_child_weight"": 3, ""n_estimators"": 100, ""reg_lambda"": 1.0}",13.311127435226625,"[[""dq100_10_log_variance"", ""cycle10_rms_c_timeweighted"", ""dq100_10_q05_ah"", ""dq100_10_mean_ah""], [""dq100_10_log_variance"", ""cycle10_rms_c_timeweighted"", ""dq100_10_q05_ah"", ""chargetime_median_2_100_minutes""], [""dq100_10_log_variance"", ""cycle10_rms_c_timeweighted"", ""dq100_10_q05_ah"", ""chargetime_median_2_100_minutes""]]",18
Stacking_Ridge_plus_top2/repeat1/outer2/meta1/xgb/tune,xgb,plus_top2,9,"{""learning_rate"": 0.07, ""max_depth"": 2, ""min_child_weight"": 5, ""n_estimators"": 100, ""reg_lambda"": 1.0}",14.551072202680704,"[[""dq100_10_log_variance"", ""cycle10_rms_c_timeweighted"", ""dq100_10_q05_ah"", ""dq100_10_mean_ah""], [""dq100_10_log_variance"", ""cycle10_rms_c_timeweighted"", ""dq100_10_q05_ah"", ""chargetime_median_2_100_minutes""], [""dq100_10_log_variance"", ""cycle10_rms_c_timeweighted"", ""dq100_10_q05_ah"", ""chargetime_median_2_100_minutes""]]",18
Stacking_Ridge_plus_top2/repeat1/outer2/meta1/xgb/tune,xgb,plus_top2,10,"{""learning_rate"": 0.07, ""max_depth"": 1, ""min_child_weight"": 5, ""n_estimators"": 250, ""reg_lambda"": 30.0}",14.416841791834708,"[[""dq100_10_log_variance"", ""cycle10_rms_c_timeweighted"", ""dq100_10_q05_ah"", ""dq100_10_mean_ah""], [""dq100_10_log_variance"", ""cycle10_rms_c_timeweighted"", ""dq100_10_q05_ah"", ""chargetime_median_2_100_minutes""], [""dq100_10_log_variance"", ""cycle10_rms_c_timeweighted"", ""dq100_10_q05_ah"", ""chargetime_median_2_100_minutes""]]",18
Stacking_Ridge_plus_top2/repeat1/outer2/meta1/xgb/tune,xgb,plus_top2,11,"{""learning_rate"": 0.03, ""max_depth"": 3, ""min_child_weight"": 5, ""n_estimators"": 100, ""reg_lambda"": 10.0}",15.859257737215188,"[[""dq100_10_log_variance"", ""cycle10_rms_c_timeweighted"", ""dq100_10_q05_ah"", ""dq100_10_mean_ah""], [""dq100_10_log_variance"", ""cycle10_rms_c_timeweighted"", ""dq100_10_q05_ah"", ""chargetime_median_2_100_minutes""], [""dq100_10_log_variance"", ""cycle10_rms_c_timeweighted"", ""dq100_10_q05_ah"", ""chargetime_median_2_100_minutes""]]",18
Stacking_Ridge_plus_top2/repeat1/outer2/meta2/xgb/tune,xgb,plus_top2,0,"{""learning_rate"": 0.03, ""max_depth"": 1, ""min_child_weight"": 3, ""n_estimators"": 250, ""reg_lambda"": 10.0}",12.194073918778837,"[[""dq100_10_log_variance"", ""cycle10_rms_c_timeweighted"", ""dq100_10_q05_ah"", ""dq100_10_mean_ah""], [""dq100_10_log_variance"", ""cycle10_rms_c_timeweighted"", ""dq100_10_q05_ah"", ""dq100_10_mean_ah""], [""dq100_10_log_variance"", ""cycle10_rms_c_timeweighted"", ""dq100_10_q05_ah"", ""dq100_10_mean_ah""]]",17
Stacking_Ridge_plus_top2/repeat1/outer2/meta2/xgb/tune,xgb,plus_top2,1,"{""learning_rate"": 0.07, ""max_depth"": 3, ""min_child_weight"": 3, ""n_estimators"": 100, ""reg_lambda"": 30.0}",11.489417547661821,"[[""dq100_10_log_variance"", ""cycle10_rms_c_timeweighted"", ""dq100_10_q05_ah"", ""dq100_10_mean_ah""], [""dq100_10_log_variance"", ""cycle10_rms_c_timeweighted"", ""dq100_10_q05_ah"", ""dq100_10_mean_ah""], [""dq100_10_log_variance"", ""cycle10_rms_c_timeweighted"", ""dq100_10_q05_ah"", ""dq100_10_mean_ah""]]",17
Stacking_Ridge_plus_top2/repeat1/outer2/meta2/xgb/tune,xgb,plus_top2,2,"{""learning_rate"": 0.03, ""max_depth"": 2, ""min_child_weight"": 5, ""n_estimators"": 100, ""reg_lambda"": 1.0}",11.854438457651773,"[[""dq100_10_log_variance"", ""cycle10_rms_c_timeweighted"", ""dq100_10_q05_ah"", ""dq100_10_mean_ah""], [""dq100_10_log_variance"", ""cycle10_rms_c_timeweighted"", ""dq100_10_q05_ah"", ""dq100_10_mean_ah""], [""dq100_10_log_variance"", ""cycle10_rms_c_timeweighted"", ""dq100_10_q05_ah"", ""dq100_10_mean_ah""]]",17
Stacking_Ridge_plus_top2/repeat1/outer2/meta2/xgb/tune,xgb,plus_top2,3,"{""learning_rate"": 0.03, ""max_depth"": 1, ""min_child_weight"": 3, ""n_estimators"": 100, ""reg_lambda"": 1.0}",12.440576957162337,"[[""dq100_10_log_variance"", ""cycle10_rms_c_timeweighted"", ""dq100_10_q05_ah"", ""dq100_10_mean_ah""], [""dq100_10_log_variance"", ""cycle10_rms_c_timeweighted"", ""dq100_10_q05_ah"", ""dq100_10_mean_ah""], [""dq100_10_log_variance"", ""cycle10_rms_c_timeweighted"", ""dq100_10_q05_ah"", ""dq100_10_mean_ah""]]",17
Stacking_Ridge_plus_top2/repeat1/outer2/meta2/xgb/tune,xgb,plus_top2,4,"{""learning_rate"": 0.03, ""max_depth"": 3, ""min_child_weight"": 3, ""n_estimators"": 250, ""reg_lambda"": 10.0}",13.20089788966263,"[[""dq100_10_log_variance"", ""cycle10_rms_c_timeweighted"", ""dq100_10_q05_ah"", ""dq100_10_mean_ah""], [""dq100_10_log_variance"", ""cycle10_rms_c_timeweighted"", ""dq100_10_q05_ah"", ""dq100_10_mean_ah""], [""dq100_10_log_variance"", ""cycle10_rms_c_timeweighted"", ""dq100_10_q05_ah"", ""dq100_10_mean_ah""]]",17
Stacking_Ridge_plus_top2/repeat1/outer2/meta2/xgb/tune,xgb,plus_top2,5,"{""learning_rate"": 0.07, ""max_depth"": 2, ""min_child_weight"": 3, ""n_estimators"": 100, ""reg_lambda"": 30.0}",11.511252676403458,"[[""dq100_10_log_variance"", ""cycle10_rms_c_timeweighted"", ""dq100_10_q05_ah"", ""dq100_10_mean_ah""], [""dq100_10_log_variance"", ""cycle10_rms_c_timeweighted"", ""dq100_10_q05_ah"", ""dq100_10_mean_ah""], [""dq100_10_log_variance"", ""cycle10_rms_c_timeweighted"", ""dq100_10_q05_ah"", ""dq100_10_mean_ah""]]",17
Stacking_Ridge_plus_top2/repeat1/outer2/meta2/xgb/tune,xgb,plus_top2,6,"{""learning_rate"": 0.03, ""max_depth"": 1, ""min_child_weight"": 5, ""n_estimators"": 250, ""reg_lambda"": 10.0}",11.935665587170563,"[[""dq100_10_log_variance"", ""cycle10_rms_c_timeweighted"", ""dq100_10_q05_ah"", ""dq100_10_mean_ah""], [""dq100_10_log_variance"", ""cycle10_rms_c_timeweighted"", ""dq100_10_q05_ah"", ""dq100_10_mean_ah""], [""dq100_10_log_variance"", ""cycle10_rms_c_timeweighted"", ""dq100_10_q05_ah"", ""dq100_10_mean_ah""]]",17
Stacking_Ridge_plus_top2/repeat1/outer2/meta2/xgb/tune,xgb,plus_top2,7,"{""learning_rate"": 0.03, ""max_depth"": 3, ""min_child_weight"": 5, ""n_estimators"": 250, ""reg_lambda"": 10.0}",11.935665587170563,"[[""dq100_10_log_variance"", ""cycle10_rms_c_timeweighted"", ""dq100_10_q05_ah"", ""dq100_10_mean_ah""], [""dq100_10_log_variance"", ""cycle10_rms_c_timeweighted"", ""dq100_10_q05_ah"", ""dq100_10_mean_ah""], [""dq100_10_log_variance"", ""cycle10_rms_c_timeweighted"", ""dq100_10_q05_ah"", ""dq100_10_mean_ah""]]",17
Stacking_Ridge_plus_top2/repeat1/outer2/meta2/xgb/tune,xgb,plus_top2,8,"{""learning_rate"": 0.03, ""max_depth"": 2, ""min_child_weight"": 3, ""n_estimators"": 100, ""reg_lambda"": 1.0}",13.822589465267598,"[[""dq100_10_log_variance"", ""cycle10_rms_c_timeweighted"", ""dq100_10_q05_ah"", ""dq100_10_mean_ah""], [""dq100_10_log_variance"", ""cycle10_rms_c_timeweighted"", ""dq100_10_q05_ah"", ""dq100_10_mean_ah""], [""dq100_10_log_variance"", ""cycle10_rms_c_timeweighted"", ""dq100_10_q05_ah"", ""dq100_10_mean_ah""]]",17
Stacking_Ridge_plus_top2/repeat1/outer2/meta2/xgb/tune,xgb,plus_top2,9,"{""learning_rate"": 0.07, ""max_depth"": 2, ""min_child_weight"": 5, ""n_estimators"": 100, ""reg_lambda"": 1.0}",13.070242637390178,"[[""dq100_10_log_variance"", ""cycle10_rms_c_timeweighted"", ""dq100_10_q05_ah"", ""dq100_10_mean_ah""], [""dq100_10_log_variance"", ""cycle10_rms_c_timeweighted"", ""dq100_10_q05_ah"", ""dq100_10_mean_ah""], [""dq100_10_log_variance"", ""cycle10_rms_c_timeweighted"", ""dq100_10_q05_ah"", ""dq100_10_mean_ah""]]",17
Stacking_Ridge_plus_top2/repeat1/outer2/meta2/xgb/tune,xgb,plus_top2,10,"{""learning_rate"": 0.07, ""max_depth"": 1, ""min_child_weight"": 5, ""n_estimators"": 250, ""reg_lambda"": 30.0}",11.950900760400202,"[[""dq100_10_log_variance"", ""cycle10_rms_c_timeweighted"", ""dq100_10_q05_ah"", ""dq100_10_mean_ah""], [""dq100_10_log_variance"", ""cycle10_rms_c_timeweighted"", ""dq100_10_q05_ah"", ""dq100_10_mean_ah""], [""dq100_10_log_variance"", ""cycle10_rms_c_timeweighted"", ""dq100_10_q05_ah"", ""dq100_10_mean_ah""]]",17
Stacking_Ridge_plus_top2/repeat1/outer2/meta2/xgb/tune,xgb,plus_top2,11,"{""learning_rate"": 0.03, ""max_depth"": 3, ""min_child_weight"": 5, ""n_estimators"": 100, ""reg_lambda"": 10.0}",11.187815626704088,"[[""dq100_10_log_variance"", ""cycle10_rms_c_timeweighted"", ""dq100_10_q05_ah"", ""dq100_10_mean_ah""], [""dq100_10_log_variance"", ""cycle10_rms_c_timeweighted"", ""dq100_10_q05_ah"", ""dq100_10_mean_ah""], [""dq100_10_log_variance"", ""cycle10_rms_c_timeweighted"", ""dq100_10_q05_ah"", ""dq100_10_mean_ah""]]",17
Stacking_Ridge_plus_top2/repeat1/outer2/meta3/xgb/tune,xgb,plus_top2,0,"{""learning_rate"": 0.03, ""max_depth"": 1, ""min_child_weight"": 3, ""n_estimators"": 250, ""reg_lambda"": 10.0}",16.594899438417745,"[[""dq100_10_log_variance"", ""cycle10_rms_c_timeweighted"", ""dq100_10_q05_ah"", ""tavg_theilsen_10_100_degC_per_cycle""], [""dq100_10_log_variance"", ""cycle10_rms_c_timeweighted"", ""dq100_10_q05_ah"", ""capacity_theilsen_60_100_relative""], [""dq100_10_log_variance"", ""cycle10_rms_c_timeweighted"", ""dq100_10_q05_ah"", ""dq100_10_mean_ah""]]",19
Stacking_Ridge_plus_top2/repeat1/outer2/meta3/xgb/tune,xgb,plus_top2,1,"{""learning_rate"": 0.07, ""max_depth"": 3, ""min_child_weight"": 3, ""n_estimators"": 100, ""reg_lambda"": 30.0}",13.43713592594893,"[[""dq100_10_log_variance"", ""cycle10_rms_c_timeweighted"", ""dq100_10_q05_ah"", ""tavg_theilsen_10_100_degC_per_cycle""], [""dq100_10_log_variance"", ""cycle10_rms_c_timeweighted"", ""dq100_10_q05_ah"", ""capacity_theilsen_60_100_relative""], [""dq100_10_log_variance"", ""cycle10_rms_c_timeweighted"", ""dq100_10_q05_ah"", ""dq100_10_mean_ah""]]",19
Stacking_Ridge_plus_top2/repeat1/outer2/meta3/xgb/tune,xgb,plus_top2,2,"{""learning_rate"": 0.03, ""max_depth"": 2, ""min_child_weight"": 5, ""n_estimators"": 100, ""reg_lambda"": 1.0}",13.265272529895746,"[[""dq100_10_log_variance"", ""cycle10_rms_c_timeweighted"", ""dq100_10_q05_ah"", ""tavg_theilsen_10_100_degC_per_cycle""], [""dq100_10_log_variance"", ""cycle10_rms_c_timeweighted"", ""dq100_10_q05_ah"", ""capacity_theilsen_60_100_relative""], [""dq100_10_log_variance"", ""cycle10_rms_c_timeweighted"", ""dq100_10_q05_ah"", ""dq100_10_mean_ah""]]",19
Stacking_Ridge_plus_top2/repeat1/outer2/meta3/xgb/tune,xgb,plus_top2,3,"{""learning_rate"": 0.03, ""max_depth"": 1, ""min_child_weight"": 3, ""n_estimators"": 100, ""reg_lambda"": 1.0}",17.322135634450692,"[[""dq100_10_log_variance"", ""cycle10_rms_c_timeweighted"", ""dq100_10_q05_ah"", ""tavg_theilsen_10_100_degC_per_cycle""], [""dq100_10_log_variance"", ""cycle10_rms_c_timeweighted"", ""dq100_10_q05_ah"", ""capacity_theilsen_60_100_relative""], [""dq100_10_log_variance"", ""cycle10_rms_c_timeweighted"", ""dq100_10_q05_ah"", ""dq100_10_mean_ah""]]",19
Stacking_Ridge_plus_top2/repeat1/outer2/meta3/xgb/tune,xgb,plus_top2,4,"{""learning_rate"": 0.03, ""max_depth"": 3, ""min_child_weight"": 3, ""n_estimators"": 250, ""reg_lambda"": 10.0}",16.778571219497337,"[[""dq100_10_log_variance"", ""cycle10_rms_c_timeweighted"", ""dq100_10_q05_ah"", ""tavg_theilsen_10_100_degC_per_cycle""], [""dq100_10_log_variance"", ""cycle10_rms_c_timeweighted"", ""dq100_10_q05_ah"", ""capacity_theilsen_60_100_relative""], [""dq100_10_log_variance"", ""cycle10_rms_c_timeweighted"", ""dq100_10_q05_ah"", ""dq100_10_mean_ah""]]",19
Stacking_Ridge_plus_top2/repeat1/outer2/meta3/xgb/tune,xgb,plus_top2,5,"{""learning_rate"": 0.07, ""max_depth"": 2, ""min_child_weight"": 3, ""n_estimators"": 100, ""reg_lambda"": 30.0}",13.43623460420271,"[[""dq100_10_log_variance"", ""cycle10_rms_c_timeweighted"", ""dq100_10_q05_ah"", ""tavg_theilsen_10_100_degC_per_cycle""], [""dq100_10_log_variance"", ""cycle10_rms_c_timeweighted"", ""dq100_10_q05_ah"", ""capacity_theilsen_60_100_relative""], [""dq100_10_log_variance"", ""cycle10_rms_c_timeweighted"", ""dq100_10_q05_ah"", ""dq100_10_mean_ah""]]",19
Stacking_Ridge_plus_top2/repeat1/outer2/meta3/xgb/tune,xgb,plus_top2,6,"{""learning_rate"": 0.03, ""max_depth"": 1, ""min_child_weight"": 5, ""n_estimators"": 250, ""reg_lambda"": 10.0}",13.208456297417717,"[[""dq100_10_log_variance"", ""cycle10_rms_c_timeweighted"", ""dq100_10_q05_ah"", ""tavg_theilsen_10_100_degC_per_cycle""], [""dq100_10_log_variance"", ""cycle10_rms_c_timeweighted"", ""dq100_10_q05_ah"", ""capacity_theilsen_60_100_relative""], [""dq100_10_log_variance"", ""cycle10_rms_c_timeweighted"", ""dq100_10_q05_ah"", ""dq100_10_mean_ah""]]",19
Stacking_Ridge_plus_top2/repeat1/outer2/meta3/xgb/tune,xgb,plus_top2,7,"{""learning_rate"": 0.03, ""max_depth"": 3, ""min_child_weight"": 5, ""n_estimators"": 250, ""reg_lambda"": 10.0}",13.208456297417717,"[[""dq100_10_log_variance"", ""cycle10_rms_c_timeweighted"", ""dq100_10_q05_ah"", ""tavg_theilsen_10_100_degC_per_cycle""], [""dq100_10_log_variance"", ""cycle10_rms_c_timeweighted"", ""dq100_10_q05_ah"", ""capacity_theilsen_60_100_relative""], [""dq100_10_log_variance"", ""cycle10_rms_c_timeweighted"", ""dq100_10_q05_ah"", ""dq100_10_mean_ah""]]",19
Stacking_Ridge_plus_top2/repeat1/outer2/meta3/xgb/tune,xgb,plus_top2,8,"{""learning_rate"": 0.03, ""max_depth"": 2, ""min_child_weight"": 3, ""n_estimators"": 100, ""reg_lambda"": 1.0}",17.945684045484224,"[[""dq100_10_log_variance"", ""cycle10_rms_c_timeweighted"", ""dq100_10_q05_ah"", ""tavg_theilsen_10_100_degC_per_cycle""], [""dq100_10_log_variance"", ""cycle10_rms_c_timeweighted"", ""dq100_10_q05_ah"", ""capacity_theilsen_60_100_relative""], [""dq100_10_log_variance"", ""cycle10_rms_c_timeweighted"", ""dq100_10_q05_ah"", ""dq100_10_mean_ah""]]",19
Stacking_Ridge_plus_top2/repeat1/outer2/meta3/xgb/tune,xgb,plus_top2,9,"{""learning_rate"": 0.07, ""max_depth"": 2, ""min_child_weight"": 5, ""n_estimators"": 100, ""reg_lambda"": 1.0}",13.885681528328014,"[[""dq100_10_log_variance"", ""cycle10_rms_c_timeweighted"", ""dq100_10_q05_ah"", ""tavg_theilsen_10_100_degC_per_cycle""], [""dq100_10_log_variance"", ""cycle10_rms_c_timeweighted"", ""dq100_10_q05_ah"", ""capacity_theilsen_60_100_relative""], [""dq100_10_log_variance"", ""cycle10_rms_c_timeweighted"", ""dq100_10_q05_ah"", ""dq100_10_mean_ah""]]",19
Stacking_Ridge_plus_top2/repeat1/outer2/meta3/xgb/tune,xgb,plus_top2,10,"{""learning_rate"": 0.07, ""max_depth"": 1, ""min_child_weight"": 5, ""n_estimators"": 250, ""reg_lambda"": 30.0}",13.216929980233516,"[[""dq100_10_log_variance"", ""cycle10_rms_c_timeweighted"", ""dq100_10_q05_ah"", ""tavg_theilsen_10_100_degC_per_cycle""], [""dq100_10_log_variance"", ""cycle10_rms_c_timeweighted"", ""dq100_10_q05_ah"", ""capacity_theilsen_60_100_relative""], [""dq100_10_log_variance"", ""cycle10_rms_c_timeweighted"", ""dq100_10_q05_ah"", ""dq100_10_mean_ah""]]",19
Stacking_Ridge_plus_top2/repeat1/outer2/meta3/xgb/tune,xgb,plus_top2,11,"{""learning_rate"": 0.03, ""max_depth"": 3, ""min_child_weight"": 5, ""n_estimators"": 100, ""reg_lambda"": 10.0}",13.165385962651028,"[[""dq100_10_log_variance"", ""cycle10_rms_c_timeweighted"", ""dq100_10_q05_ah"", ""tavg_theilsen_10_100_degC_per_cycle""], [""dq100_10_log_variance"", ""cycle10_rms_c_timeweighted"", ""dq100_10_q05_ah"", ""capacity_theilsen_60_100_relative""], [""dq100_10_log_variance"", ""cycle10_rms_c_timeweighted"", ""dq100_10_q05_ah"", ""dq100_10_mean_ah""]]",19
Stacking_Ridge_plus_top2/repeat1/outer3/meta1/xgb/tune,xgb,plus_top2,0,"{""learning_rate"": 0.03, ""max_depth"": 1, ""min_child_weight"": 3, ""n_estimators"": 250, ""reg_lambda"": 10.0}",11.14536614515113,"[[""dq100_10_log_variance"", ""cycle10_rms_c_timeweighted"", ""dq100_10_q05_ah"", ""dq100_10_mean_ah""], [""dq100_10_log_variance"", ""cycle10_rms_c_timeweighted"", ""dq100_10_q05_ah"", ""dq100_10_mean_ah""], [""dq100_10_log_variance"", ""cycle10_rms_c_timeweighted"", ""dq100_10_q05_ah"", ""dq100_10_mean_ah""]]",18
Stacking_Ridge_plus_top2/repeat1/outer3/meta1/xgb/tune,xgb,plus_top2,1,"{""learning_rate"": 0.07, ""max_depth"": 3, ""min_child_weight"": 3, ""n_estimators"": 100, ""reg_lambda"": 30.0}",12.990883426622323,"[[""dq100_10_log_variance"", ""cycle10_rms_c_timeweighted"", ""dq100_10_q05_ah"", ""dq100_10_mean_ah""], [""dq100_10_log_variance"", ""cycle10_rms_c_timeweighted"", ""dq100_10_q05_ah"", ""dq100_10_mean_ah""], [""dq100_10_log_variance"", ""cycle10_rms_c_timeweighted"", ""dq100_10_q05_ah"", ""dq100_10_mean_ah""]]",18
Stacking_Ridge_plus_top2/repeat1/outer3/meta1/xgb/tune,xgb,plus_top2,2,"{""learning_rate"": 0.03, ""max_depth"": 2, ""min_child_weight"": 5, ""n_estimators"": 100, ""reg_lambda"": 1.0}",11.482147839479591,"[[""dq100_10_log_variance"", ""cycle10_rms_c_timeweighted"", ""dq100_10_q05_ah"", ""dq100_10_mean_ah""], [""dq100_10_log_variance"", ""cycle10_rms_c_timeweighted"", ""dq100_10_q05_ah"", ""dq100_10_mean_ah""], [""dq100_10_log_variance"", ""cycle10_rms_c_timeweighted"", ""dq100_10_q05_ah"", ""dq100_10_mean_ah""]]",18
Stacking_Ridge_plus_top2/repeat1/outer3/meta1/xgb/tune,xgb,plus_top2,3,"{""learning_rate"": 0.03, ""max_depth"": 1, ""min_child_weight"": 3, ""n_estimators"": 100, ""reg_lambda"": 1.0}",11.749152428944289,"[[""dq100_10_log_variance"", ""cycle10_rms_c_timeweighted"", ""dq100_10_q05_ah"", ""dq100_10_mean_ah""], [""dq100_10_log_variance"", ""cycle10_rms_c_timeweighted"", ""dq100_10_q05_ah"", ""dq100_10_mean_ah""], [""dq100_10_log_variance"", ""cycle10_rms_c_timeweighted"", ""dq100_10_q05_ah"", ""dq100_10_mean_ah""]]",18
Stacking_Ridge_plus_top2/repeat1/outer3/meta1/xgb/tune,xgb,plus_top2,4,"{""learning_rate"": 0.03, ""max_depth"": 3, ""min_child_weight"": 3, ""n_estimators"": 250, ""reg_lambda"": 10.0}",11.547454384060707,"[[""dq100_10_log_variance"", ""cycle10_rms_c_timeweighted"", ""dq100_10_q05_ah"", ""dq100_10_mean_ah""], [""dq100_10_log_variance"", ""cycle10_rms_c_timeweighted"", ""dq100_10_q05_ah"", ""dq100_10_mean_ah""], [""dq100_10_log_variance"", ""cycle10_rms_c_timeweighted"", ""dq100_10_q05_ah"", ""dq100_10_mean_ah""]]",18
Stacking_Ridge_plus_top2/repeat1/outer3/meta1/xgb/tune,xgb,plus_top2,5,"{""learning_rate"": 0.07, ""max_depth"": 2, ""min_child_weight"": 3, ""n_estimators"": 100, ""reg_lambda"": 30.0}",12.990883426622323,"[[""dq100_10_log_variance"", ""cycle10_rms_c_timeweighted"", ""dq100_10_q05_ah"", ""dq100_10_mean_ah""], [""dq100_10_log_variance"", ""cycle10_rms_c_timeweighted"", ""dq100_10_q05_ah"", ""dq100_10_mean_ah""], [""dq100_10_log_variance"", ""cycle10_rms_c_timeweighted"", ""dq100_10_q05_ah"", ""dq100_10_mean_ah""]]",18
Stacking_Ridge_plus_top2/repeat1/outer3/meta1/xgb/tune,xgb,plus_top2,6,"{""learning_rate"": 0.03, ""max_depth"": 1, ""min_child_weight"": 5, ""n_estimators"": 250, ""reg_lambda"": 10.0}",11.453689418088613,"[[""dq100_10_log_variance"", ""cycle10_rms_c_timeweighted"", ""dq100_10_q05_ah"", ""dq100_10_mean_ah""], [""dq100_10_log_variance"", ""cycle10_rms_c_timeweighted"", ""dq100_10_q05_ah"", ""dq100_10_mean_ah""], [""dq100_10_log_variance"", ""cycle10_rms_c_timeweighted"", ""dq100_10_q05_ah"", ""dq100_10_mean_ah""]]",18
Stacking_Ridge_plus_top2/repeat1/outer3/meta1/xgb/tune,xgb,plus_top2,7,"{""learning_rate"": 0.03, ""max_depth"": 3, ""min_child_weight"": 5, ""n_estimators"": 250, ""reg_lambda"": 10.0}",11.453689418088613,"[[""dq100_10_log_variance"", ""cycle10_rms_c_timeweighted"", ""dq100_10_q05_ah"", ""dq100_10_mean_ah""], [""dq100_10_log_variance"", ""cycle10_rms_c_timeweighted"", ""dq100_10_q05_ah"", ""dq100_10_mean_ah""], [""dq100_10_log_variance"", ""cycle10_rms_c_timeweighted"", ""dq100_10_q05_ah"", ""dq100_10_mean_ah""]]",18
Stacking_Ridge_plus_top2/repeat1/outer3/meta1/xgb/tune,xgb,plus_top2,8,"{""learning_rate"": 0.03, ""max_depth"": 2, ""min_child_weight"": 3, ""n_estimators"": 100, ""reg_lambda"": 1.0}",12.050071437255665,"[[""dq100_10_log_variance"", ""cycle10_rms_c_timeweighted"", ""dq100_10_q05_ah"", ""dq100_10_mean_ah""], [""dq100_10_log_variance"", ""cycle10_rms_c_timeweighted"", ""dq100_10_q05_ah"", ""dq100_10_mean_ah""], [""dq100_10_log_variance"", ""cycle10_rms_c_timeweighted"", ""dq100_10_q05_ah"", ""dq100_10_mean_ah""]]",18
Stacking_Ridge_plus_top2/repeat1/outer3/meta1/xgb/tune,xgb,plus_top2,9,"{""learning_rate"": 0.07, ""max_depth"": 2, ""min_child_weight"": 5, ""n_estimators"": 100, ""reg_lambda"": 1.0}",12.191723030239892,"[[""dq100_10_log_variance"", ""cycle10_rms_c_timeweighted"", ""dq100_10_q05_ah"", ""dq100_10_mean_ah""], [""dq100_10_log_variance"", ""cycle10_rms_c_timeweighted"", ""dq100_10_q05_ah"", ""dq100_10_mean_ah""], [""dq100_10_log_variance"", ""cycle10_rms_c_timeweighted"", ""dq100_10_q05_ah"", ""dq100_10_mean_ah""]]",18
Stacking_Ridge_plus_top2/repeat1/outer3/meta1/xgb/tune,xgb,plus_top2,10,"{""learning_rate"": 0.07, ""max_depth"": 1, ""min_child_weight"": 5, ""n_estimators"": 250, ""reg_lambda"": 30.0}",11.461892744105228,"[[""dq100_10_log_variance"", ""cycle10_rms_c_timeweighted"", ""dq100_10_q05_ah"", ""dq100_10_mean_ah""], [""dq100_10_log_variance"", ""cycle10_rms_c_timeweighted"", ""dq100_10_q05_ah"", ""dq100_10_mean_ah""], [""dq100_10_log_variance"", ""cycle10_rms_c_timeweighted"", ""dq100_10_q05_ah"", ""dq100_10_mean_ah""]]",18
Stacking_Ridge_plus_top2/repeat1/outer3/meta1/xgb/tune,xgb,plus_top2,11,"{""learning_rate"": 0.03, ""max_depth"": 3, ""min_child_weight"": 5, ""n_estimators"": 100, ""reg_lambda"": 10.0}",12.088007935988479,"[[""dq100_10_log_variance"", ""cycle10_rms_c_timeweighted"", ""dq100_10_q05_ah"", ""dq100_10_mean_ah""], [""dq100_10_log_variance"", ""cycle10_rms_c_timeweighted"", ""dq100_10_q05_ah"", ""dq100_10_mean_ah""], [""dq100_10_log_variance"", ""cycle10_rms_c_timeweighted"", ""dq100_10_q05_ah"", ""dq100_10_mean_ah""]]",18
Stacking_Ridge_plus_top2/repeat1/outer3/meta2/xgb/tune,xgb,plus_top2,0,"{""learning_rate"": 0.03, ""max_depth"": 1, ""min_child_weight"": 3, ""n_estimators"": 250, ""reg_lambda"": 10.0}",15.331415227502085,"[[""dq100_10_log_variance"", ""cycle10_rms_c_timeweighted"", ""dq100_10_q05_ah"", ""dq100_10_mean_ah""], [""dq100_10_log_variance"", ""cycle10_rms_c_timeweighted"", ""dq100_10_q05_ah"", ""dq100_10_mean_ah""], [""dq100_10_log_variance"", ""cycle10_rms_c_timeweighted"", ""dq100_10_q05_ah"", ""dq100_10_mean_ah""]]",17
Stacking_Ridge_plus_top2/repeat1/outer3/meta2/xgb/tune,xgb,plus_top2,1,"{""learning_rate"": 0.07, ""max_depth"": 3, ""min_child_weight"": 3, ""n_estimators"": 100, ""reg_lambda"": 30.0}",17.490669143600343,"[[""dq100_10_log_variance"", ""cycle10_rms_c_timeweighted"", ""dq100_10_q05_ah"", ""dq100_10_mean_ah""], [""dq100_10_log_variance"", ""cycle10_rms_c_timeweighted"", ""dq100_10_q05_ah"", ""dq100_10_mean_ah""], [""dq100_10_log_variance"", ""cycle10_rms_c_timeweighted"", ""dq100_10_q05_ah"", ""dq100_10_mean_ah""]]",17
Stacking_Ridge_plus_top2/repeat1/outer3/meta2/xgb/tune,xgb,plus_top2,2,"{""learning_rate"": 0.03, ""max_depth"": 2, ""min_child_weight"": 5, ""n_estimators"": 100, ""reg_lambda"": 1.0}",16.664585033053903,"[[""dq100_10_log_variance"", ""cycle10_rms_c_timeweighted"", ""dq100_10_q05_ah"", ""dq100_10_mean_ah""], [""dq100_10_log_variance"", ""cycle10_rms_c_timeweighted"", ""dq100_10_q05_ah"", ""dq100_10_mean_ah""], [""dq100_10_log_variance"", ""cycle10_rms_c_timeweighted"", ""dq100_10_q05_ah"", ""dq100_10_mean_ah""]]",17
Stacking_Ridge_plus_top2/repeat1/outer3/meta2/xgb/tune,xgb,plus_top2,3,"{""learning_rate"": 0.03, ""max_depth"": 1, ""min_child_weight"": 3, ""n_estimators"": 100, ""reg_lambda"": 1.0}",15.928718585219034,"[[""dq100_10_log_variance"", ""cycle10_rms_c_timeweighted"", ""dq100_10_q05_ah"", ""dq100_10_mean_ah""], [""dq100_10_log_variance"", ""cycle10_rms_c_timeweighted"", ""dq100_10_q05_ah"", ""dq100_10_mean_ah""], [""dq100_10_log_variance"", ""cycle10_rms_c_timeweighted"", ""dq100_10_q05_ah"", ""dq100_10_mean_ah""]]",17
Stacking_Ridge_plus_top2/repeat1/outer3/meta2/xgb/tune,xgb,plus_top2,4,"{""learning_rate"": 0.03, ""max_depth"": 3, ""min_child_weight"": 3, ""n_estimators"": 250, ""reg_lambda"": 10.0}",15.960386988459865,"[[""dq100_10_log_variance"", ""cycle10_rms_c_timeweighted"", ""dq100_10_q05_ah"", ""dq100_10_mean_ah""], [""dq100_10_log_variance"", ""cycle10_rms_c_timeweighted"", ""dq100_10_q05_ah"", ""dq100_10_mean_ah""], [""dq100_10_log_variance"", ""cycle10_rms_c_timeweighted"", ""dq100_10_q05_ah"", ""dq100_10_mean_ah""]]",17
Stacking_Ridge_plus_top2/repeat1/outer3/meta2/xgb/tune,xgb,plus_top2,5,"{""learning_rate"": 0.07, ""max_depth"": 2, ""min_child_weight"": 3, ""n_estimators"": 100, ""reg_lambda"": 30.0}",17.490669143600343,"[[""dq100_10_log_variance"", ""cycle10_rms_c_timeweighted"", ""dq100_10_q05_ah"", ""dq100_10_mean_ah""], [""dq100_10_log_variance"", ""cycle10_rms_c_timeweighted"", ""dq100_10_q05_ah"", ""dq100_10_mean_ah""], [""dq100_10_log_variance"", ""cycle10_rms_c_timeweighted"", ""dq100_10_q05_ah"", ""dq100_10_mean_ah""]]",17
Stacking_Ridge_plus_top2/repeat1/outer3/meta2/xgb/tune,xgb,plus_top2,6,"{""learning_rate"": 0.03, ""max_depth"": 1, ""min_child_weight"": 5, ""n_estimators"": 250, ""reg_lambda"": 10.0}",16.549233058848845,"[[""dq100_10_log_variance"", ""cycle10_rms_c_timeweighted"", ""dq100_10_q05_ah"", ""dq100_10_mean_ah""], [""dq100_10_log_variance"", ""cycle10_rms_c_timeweighted"", ""dq100_10_q05_ah"", ""dq100_10_mean_ah""], [""dq100_10_log_variance"", ""cycle10_rms_c_timeweighted"", ""dq100_10_q05_ah"", ""dq100_10_mean_ah""]]",17
Stacking_Ridge_plus_top2/repeat1/outer3/meta2/xgb/tune,xgb,plus_top2,7,"{""learning_rate"": 0.03, ""max_depth"": 3, ""min_child_weight"": 5, ""n_estimators"": 250, ""reg_lambda"": 10.0}",16.549233058848845,"[[""dq100_10_log_variance"", ""cycle10_rms_c_timeweighted"", ""dq100_10_q05_ah"", ""dq100_10_mean_ah""], [""dq100_10_log_variance"", ""cycle10_rms_c_timeweighted"", ""dq100_10_q05_ah"", ""dq100_10_mean_ah""], [""dq100_10_log_variance"", ""cycle10_rms_c_timeweighted"", ""dq100_10_q05_ah"", ""dq100_10_mean_ah""]]",17
Stacking_Ridge_plus_top2/repeat1/outer3/meta2/xgb/tune,xgb,plus_top2,8,"{""learning_rate"": 0.03, ""max_depth"": 2, ""min_child_weight"": 3, ""n_estimators"": 100, ""reg_lambda"": 1.0}",15.755454554631736,"[[""dq100_10_log_variance"", ""cycle10_rms_c_timeweighted"", ""dq100_10_q05_ah"", ""dq100_10_mean_ah""], [""dq100_10_log_variance"", ""cycle10_rms_c_timeweighted"", ""dq100_10_q05_ah"", ""dq100_10_mean_ah""], [""dq100_10_log_variance"", ""cycle10_rms_c_timeweighted"", ""dq100_10_q05_ah"", ""dq100_10_mean_ah""]]",17
Stacking_Ridge_plus_top2/repeat1/outer3/meta2/xgb/tune,xgb,plus_top2,9,"{""learning_rate"": 0.07, ""max_depth"": 2, ""min_child_weight"": 5, ""n_estimators"": 100, ""reg_lambda"": 1.0}",17.00687902157357,"[[""dq100_10_log_variance"", ""cycle10_rms_c_timeweighted"", ""dq100_10_q05_ah"", ""dq100_10_mean_ah""], [""dq100_10_log_variance"", ""cycle10_rms_c_timeweighted"", ""dq100_10_q05_ah"", ""dq100_10_mean_ah""], [""dq100_10_log_variance"", ""cycle10_rms_c_timeweighted"", ""dq100_10_q05_ah"", ""dq100_10_mean_ah""]]",17
Stacking_Ridge_plus_top2/repeat1/outer3/meta2/xgb/tune,xgb,plus_top2,10,"{""learning_rate"": 0.07, ""max_depth"": 1, ""min_child_weight"": 5, ""n_estimators"": 250, ""reg_lambda"": 30.0}",16.509834703538885,"[[""dq100_10_log_variance"", ""cycle10_rms_c_timeweighted"", ""dq100_10_q05_ah"", ""dq100_10_mean_ah""], [""dq100_10_log_variance"", ""cycle10_rms_c_timeweighted"", ""dq100_10_q05_ah"", ""dq100_10_mean_ah""], [""dq100_10_log_variance"", ""cycle10_rms_c_timeweighted"", ""dq100_10_q05_ah"", ""dq100_10_mean_ah""]]",17
Stacking_Ridge_plus_top2/repeat1/outer3/meta2/xgb/tune,xgb,plus_top2,11,"{""learning_rate"": 0.03, ""max_depth"": 3, ""min_child_weight"": 5, ""n_estimators"": 100, ""reg_lambda"": 10.0}",17.25717946256913,"[[""dq100_10_log_variance"", ""cycle10_rms_c_timeweighted"", ""dq100_10_q05_ah"", ""dq100_10_mean_ah""], [""dq100_10_log_variance"", ""cycle10_rms_c_timeweighted"", ""dq100_10_q05_ah"", ""dq100_10_mean_ah""], [""dq100_10_log_variance"", ""cycle10_rms_c_timeweighted"", ""dq100_10_q05_ah"", ""dq100_10_mean_ah""]]",17
Stacking_Ridge_plus_top2/repeat1/outer3/meta3/xgb/tune,xgb,plus_top2,0,"{""learning_rate"": 0.03, ""max_depth"": 1, ""min_child_weight"": 3, ""n_estimators"": 250, ""reg_lambda"": 10.0}",10.3116372562088,"[[""dq100_10_log_variance"", ""cycle10_rms_c_timeweighted"", ""dq100_10_q05_ah"", ""capacity_theilsen_10_100_relative""], [""dq100_10_log_variance"", ""cycle10_rms_c_timeweighted"", ""chargetime_median_2_100_minutes"", ""dq100_10_q05_ah""], [""dq100_10_log_variance"", ""cycle10_rms_c_timeweighted"", ""dq100_10_q05_ah"", ""dq100_10_mean_ah""]]",19
Stacking_Ridge_plus_top2/repeat1/outer3/meta3/xgb/tune,xgb,plus_top2,1,"{""learning_rate"": 0.07, ""max_depth"": 3, ""min_child_weight"": 3, ""n_estimators"": 100, ""reg_lambda"": 30.0}",10.891405279552336,"[[""dq100_10_log_variance"", ""cycle10_rms_c_timeweighted"", ""dq100_10_q05_ah"", ""capacity_theilsen_10_100_relative""], [""dq100_10_log_variance"", ""cycle10_rms_c_timeweighted"", ""chargetime_median_2_100_minutes"", ""dq100_10_q05_ah""], [""dq100_10_log_variance"", ""cycle10_rms_c_timeweighted"", ""dq100_10_q05_ah"", ""dq100_10_mean_ah""]]",19
Stacking_Ridge_plus_top2/repeat1/outer3/meta3/xgb/tune,xgb,plus_top2,2,"{""learning_rate"": 0.03, ""max_depth"": 2, ""min_child_weight"": 5, ""n_estimators"": 100, ""reg_lambda"": 1.0}",12.004629456447171,"[[""dq100_10_log_variance"", ""cycle10_rms_c_timeweighted"", ""dq100_10_q05_ah"", ""capacity_theilsen_10_100_relative""], [""dq100_10_log_variance"", ""cycle10_rms_c_timeweighted"", ""chargetime_median_2_100_minutes"", ""dq100_10_q05_ah""], [""dq100_10_log_variance"", ""cycle10_rms_c_timeweighted"", ""dq100_10_q05_ah"", ""dq100_10_mean_ah""]]",19
Stacking_Ridge_plus_top2/repeat1/outer3/meta3/xgb/tune,xgb,plus_top2,3,"{""learning_rate"": 0.03, ""max_depth"": 1, ""min_child_weight"": 3, ""n_estimators"": 100, ""reg_lambda"": 1.0}",10.14031900202051,"[[""dq100_10_log_variance"", ""cycle10_rms_c_timeweighted"", ""dq100_10_q05_ah"", ""capacity_theilsen_10_100_relative""], [""dq100_10_log_variance"", ""cycle10_rms_c_timeweighted"", ""chargetime_median_2_100_minutes"", ""dq100_10_q05_ah""], [""dq100_10_log_variance"", ""cycle10_rms_c_timeweighted"", ""dq100_10_q05_ah"", ""dq100_10_mean_ah""]]",19
Stacking_Ridge_plus_top2/repeat1/outer3/meta3/xgb/tune,xgb,plus_top2,4,"{""learning_rate"": 0.03, ""max_depth"": 3, ""min_child_weight"": 3, ""n_estimators"": 250, ""reg_lambda"": 10.0}",9.8595684450556,"[[""dq100_10_log_variance"", ""cycle10_rms_c_timeweighted"", ""dq100_10_q05_ah"", ""capacity_theilsen_10_100_relative""], [""dq100_10_log_variance"", ""cycle10_rms_c_timeweighted"", ""chargetime_median_2_100_minutes"", ""dq100_10_q05_ah""], [""dq100_10_log_variance"", ""cycle10_rms_c_timeweighted"", ""dq100_10_q05_ah"", ""dq100_10_mean_ah""]]",19
Stacking_Ridge_plus_top2/repeat1/outer3/meta3/xgb/tune,xgb,plus_top2,5,"{""learning_rate"": 0.07, ""max_depth"": 2, ""min_child_weight"": 3, ""n_estimators"": 100, ""reg_lambda"": 30.0}",10.888095364071445,"[[""dq100_10_log_variance"", ""cycle10_rms_c_timeweighted"", ""dq100_10_q05_ah"", ""capacity_theilsen_10_100_relative""], [""dq100_10_log_variance"", ""cycle10_rms_c_timeweighted"", ""chargetime_median_2_100_minutes"", ""dq100_10_q05_ah""], [""dq100_10_log_variance"", ""cycle10_rms_c_timeweighted"", ""dq100_10_q05_ah"", ""dq100_10_mean_ah""]]",19
Stacking_Ridge_plus_top2/repeat1/outer3/meta3/xgb/tune,xgb,plus_top2,6,"{""learning_rate"": 0.03, ""max_depth"": 1, ""min_child_weight"": 5, ""n_estimators"": 250, ""reg_lambda"": 10.0}",11.946264204644072,"[[""dq100_10_log_variance"", ""cycle10_rms_c_timeweighted"", ""dq100_10_q05_ah"", ""capacity_theilsen_10_100_relative""], [""dq100_10_log_variance"", ""cycle10_rms_c_timeweighted"", ""chargetime_median_2_100_minutes"", ""dq100_10_q05_ah""], [""dq100_10_log_variance"", ""cycle10_rms_c_timeweighted"", ""dq100_10_q05_ah"", ""dq100_10_mean_ah""]]",19
Stacking_Ridge_plus_top2/repeat1/outer3/meta3/xgb/tune,xgb,plus_top2,7,"{""learning_rate"": 0.03, ""max_depth"": 3, ""min_child_weight"": 5, ""n_estimators"": 250, ""reg_lambda"": 10.0}",11.946264204644072,"[[""dq100_10_log_variance"", ""cycle10_rms_c_timeweighted"", ""dq100_10_q05_ah"", ""capacity_theilsen_10_100_relative""], [""dq100_10_log_variance"", ""cycle10_rms_c_timeweighted"", ""chargetime_median_2_100_minutes"", ""dq100_10_q05_ah""], [""dq100_10_log_variance"", ""cycle10_rms_c_timeweighted"", ""dq100_10_q05_ah"", ""dq100_10_mean_ah""]]",19
Stacking_Ridge_plus_top2/repeat1/outer3/meta3/xgb/tune,xgb,plus_top2,8,"{""learning_rate"": 0.03, ""max_depth"": 2, ""min_child_weight"": 3, ""n_estimators"": 100, ""reg_lambda"": 1.0}",9.611789817774927,"[[""dq100_10_log_variance"", ""cycle10_rms_c_timeweighted"", ""dq100_10_q05_ah"", ""capacity_theilsen_10_100_relative""], [""dq100_10_log_variance"", ""cycle10_rms_c_timeweighted"", ""chargetime_median_2_100_minutes"", ""dq100_10_q05_ah""], [""dq100_10_log_variance"", ""cycle10_rms_c_timeweighted"", ""dq100_10_q05_ah"", ""dq100_10_mean_ah""]]",19
Stacking_Ridge_plus_top2/repeat1/outer3/meta3/xgb/tune,xgb,plus_top2,9,"{""learning_rate"": 0.07, ""max_depth"": 2, ""min_child_weight"": 5, ""n_estimators"": 100, ""reg_lambda"": 1.0}",12.521352465445101,"[[""dq100_10_log_variance"", ""cycle10_rms_c_timeweighted"", ""dq100_10_q05_ah"", ""capacity_theilsen_10_100_relative""], [""dq100_10_log_variance"", ""cycle10_rms_c_timeweighted"", ""chargetime_median_2_100_minutes"", ""dq100_10_q05_ah""], [""dq100_10_log_variance"", ""cycle10_rms_c_timeweighted"", ""dq100_10_q05_ah"", ""dq100_10_mean_ah""]]",19
Stacking_Ridge_plus_top2/repeat1/outer3/meta3/xgb/tune,xgb,plus_top2,10,"{""learning_rate"": 0.07, ""max_depth"": 1, ""min_child_weight"": 5, ""n_estimators"": 250, ""reg_lambda"": 30.0}",11.951762253113667,"[[""dq100_10_log_variance"", ""cycle10_rms_c_timeweighted"", ""dq100_10_q05_ah"", ""capacity_theilsen_10_100_relative""], [""dq100_10_log_variance"", ""cycle10_rms_c_timeweighted"", ""chargetime_median_2_100_minutes"", ""dq100_10_q05_ah""], [""dq100_10_log_variance"", ""cycle10_rms_c_timeweighted"", ""dq100_10_q05_ah"", ""dq100_10_mean_ah""]]",19
Stacking_Ridge_plus_top2/repeat1/outer3/meta3/xgb/tune,xgb,plus_top2,11,"{""learning_rate"": 0.03, ""max_depth"": 3, ""min_child_weight"": 5, ""n_estimators"": 100, ""reg_lambda"": 10.0}",12.068338640015634,"[[""dq100_10_log_variance"", ""cycle10_rms_c_timeweighted"", ""dq100_10_q05_ah"", ""capacity_theilsen_10_100_relative""], [""dq100_10_log_variance"", ""cycle10_rms_c_timeweighted"", ""chargetime_median_2_100_minutes"", ""dq100_10_q05_ah""], [""dq100_10_log_variance"", ""cycle10_rms_c_timeweighted"", ""dq100_10_q05_ah"", ""dq100_10_mean_ah""]]",19
Stacking_Ridge_plus_top2/repeat1/outer4/meta1/xgb/tune,xgb,plus_top2,0,"{""learning_rate"": 0.03, ""max_depth"": 1, ""min_child_weight"": 3, ""n_estimators"": 250, ""reg_lambda"": 10.0}",16.50403967481594,"[[""dq100_10_log_variance"", ""cycle10_rms_c_timeweighted"", ""dq100_10_q05_ah"", ""dq100_10_mean_ah""], [""dq100_10_log_variance"", ""cycle10_rms_c_timeweighted"", ""dq100_10_q05_ah"", ""chargetime_median_2_100_minutes""], [""dq100_10_log_variance"", ""cycle10_rms_c_timeweighted"", ""dq100_10_q05_ah"", ""dq100_10_mean_ah""]]",20
Stacking_Ridge_plus_top2/repeat1/outer4/meta1/xgb/tune,xgb,plus_top2,1,"{""learning_rate"": 0.07, ""max_depth"": 3, ""min_child_weight"": 3, ""n_estimators"": 100, ""reg_lambda"": 30.0}",17.726434284407222,"[[""dq100_10_log_variance"", ""cycle10_rms_c_timeweighted"", ""dq100_10_q05_ah"", ""dq100_10_mean_ah""], [""dq100_10_log_variance"", ""cycle10_rms_c_timeweighted"", ""dq100_10_q05_ah"", ""chargetime_median_2_100_minutes""], [""dq100_10_log_variance"", ""cycle10_rms_c_timeweighted"", ""dq100_10_q05_ah"", ""dq100_10_mean_ah""]]",20
Stacking_Ridge_plus_top2/repeat1/outer4/meta1/xgb/tune,xgb,plus_top2,2,"{""learning_rate"": 0.03, ""max_depth"": 2, ""min_child_weight"": 5, ""n_estimators"": 100, ""reg_lambda"": 1.0}",18.65038748627287,"[[""dq100_10_log_variance"", ""cycle10_rms_c_timeweighted"", ""dq100_10_q05_ah"", ""dq100_10_mean_ah""], [""dq100_10_log_variance"", ""cycle10_rms_c_timeweighted"", ""dq100_10_q05_ah"", ""chargetime_median_2_100_minutes""], [""dq100_10_log_variance"", ""cycle10_rms_c_timeweighted"", ""dq100_10_q05_ah"", ""dq100_10_mean_ah""]]",20
Stacking_Ridge_plus_top2/repeat1/outer4/meta1/xgb/tune,xgb,plus_top2,3,"{""learning_rate"": 0.03, ""max_depth"": 1, ""min_child_weight"": 3, ""n_estimators"": 100, ""reg_lambda"": 1.0}",16.772832631920682,"[[""dq100_10_log_variance"", ""cycle10_rms_c_timeweighted"", ""dq100_10_q05_ah"", ""dq100_10_mean_ah""], [""dq100_10_log_variance"", ""cycle10_rms_c_timeweighted"", ""dq100_10_q05_ah"", ""chargetime_median_2_100_minutes""], [""dq100_10_log_variance"", ""cycle10_rms_c_timeweighted"", ""dq100_10_q05_ah"", ""dq100_10_mean_ah""]]",20
Stacking_Ridge_plus_top2/repeat1/outer4/meta1/xgb/tune,xgb,plus_top2,4,"{""learning_rate"": 0.03, ""max_depth"": 3, ""min_child_weight"": 3, ""n_estimators"": 250, ""reg_lambda"": 10.0}",16.384864103506512,"[[""dq100_10_log_variance"", ""cycle10_rms_c_timeweighted"", ""dq100_10_q05_ah"", ""dq100_10_mean_ah""], [""dq100_10_log_variance"", ""cycle10_rms_c_timeweighted"", ""dq100_10_q05_ah"", ""chargetime_median_2_100_minutes""], [""dq100_10_log_variance"", ""cycle10_rms_c_timeweighted"", ""dq100_10_q05_ah"", ""dq100_10_mean_ah""]]",20
Stacking_Ridge_plus_top2/repeat1/outer4/meta1/xgb/tune,xgb,plus_top2,5,"{""learning_rate"": 0.07, ""max_depth"": 2, ""min_child_weight"": 3, ""n_estimators"": 100, ""reg_lambda"": 30.0}",17.726434284407222,"[[""dq100_10_log_variance"", ""cycle10_rms_c_timeweighted"", ""dq100_10_q05_ah"", ""dq100_10_mean_ah""], [""dq100_10_log_variance"", ""cycle10_rms_c_timeweighted"", ""dq100_10_q05_ah"", ""chargetime_median_2_100_minutes""], [""dq100_10_log_variance"", ""cycle10_rms_c_timeweighted"", ""dq100_10_q05_ah"", ""dq100_10_mean_ah""]]",20
Stacking_Ridge_plus_top2/repeat1/outer4/meta1/xgb/tune,xgb,plus_top2,6,"{""learning_rate"": 0.03, ""max_depth"": 1, ""min_child_weight"": 5, ""n_estimators"": 250, ""reg_lambda"": 10.0}",18.522324155869192,"[[""dq100_10_log_variance"", ""cycle10_rms_c_timeweighted"", ""dq100_10_q05_ah"", ""dq100_10_mean_ah""], [""dq100_10_log_variance"", ""cycle10_rms_c_timeweighted"", ""dq100_10_q05_ah"", ""chargetime_median_2_100_minutes""], [""dq100_10_log_variance"", ""cycle10_rms_c_timeweighted"", ""dq100_10_q05_ah"", ""dq100_10_mean_ah""]]",20
Stacking_Ridge_plus_top2/repeat1/outer4/meta1/xgb/tune,xgb,plus_top2,7,"{""learning_rate"": 0.03, ""max_depth"": 3, ""min_child_weight"": 5, ""n_estimators"": 250, ""reg_lambda"": 10.0}",18.522324155869192,"[[""dq100_10_log_variance"", ""cycle10_rms_c_timeweighted"", ""dq100_10_q05_ah"", ""dq100_10_mean_ah""], [""dq100_10_log_variance"", ""cycle10_rms_c_timeweighted"", ""dq100_10_q05_ah"", ""chargetime_median_2_100_minutes""], [""dq100_10_log_variance"", ""cycle10_rms_c_timeweighted"", ""dq100_10_q05_ah"", ""dq100_10_mean_ah""]]",20
Stacking_Ridge_plus_top2/repeat1/outer4/meta1/xgb/tune,xgb,plus_top2,8,"{""learning_rate"": 0.03, ""max_depth"": 2, ""min_child_weight"": 3, ""n_estimators"": 100, ""reg_lambda"": 1.0}",16.199386668607506,"[[""dq100_10_log_variance"", ""cycle10_rms_c_timeweighted"", ""dq100_10_q05_ah"", ""dq100_10_mean_ah""], [""dq100_10_log_variance"", ""cycle10_rms_c_timeweighted"", ""dq100_10_q05_ah"", ""chargetime_median_2_100_minutes""], [""dq100_10_log_variance"", ""cycle10_rms_c_timeweighted"", ""dq100_10_q05_ah"", ""dq100_10_mean_ah""]]",20
Stacking_Ridge_plus_top2/repeat1/outer4/meta1/xgb/tune,xgb,plus_top2,9,"{""learning_rate"": 0.07, ""max_depth"": 2, ""min_child_weight"": 5, ""n_estimators"": 100, ""reg_lambda"": 1.0}",18.99071304130721,"[[""dq100_10_log_variance"", ""cycle10_rms_c_timeweighted"", ""dq100_10_q05_ah"", ""dq100_10_mean_ah""], [""dq100_10_log_variance"", ""cycle10_rms_c_timeweighted"", ""dq100_10_q05_ah"", ""chargetime_median_2_100_minutes""], [""dq100_10_log_variance"", ""cycle10_rms_c_timeweighted"", ""dq100_10_q05_ah"", ""dq100_10_mean_ah""]]",20
Stacking_Ridge_plus_top2/repeat1/outer4/meta1/xgb/tune,xgb,plus_top2,10,"{""learning_rate"": 0.07, ""max_depth"": 1, ""min_child_weight"": 5, ""n_estimators"": 250, ""reg_lambda"": 30.0}",18.45922428643699,"[[""dq100_10_log_variance"", ""cycle10_rms_c_timeweighted"", ""dq100_10_q05_ah"", ""dq100_10_mean_ah""], [""dq100_10_log_variance"", ""cycle10_rms_c_timeweighted"", ""dq100_10_q05_ah"", ""chargetime_median_2_100_minutes""], [""dq100_10_log_variance"", ""cycle10_rms_c_timeweighted"", ""dq100_10_q05_ah"", ""dq100_10_mean_ah""]]",20
Stacking_Ridge_plus_top2/repeat1/outer4/meta1/xgb/tune,xgb,plus_top2,11,"{""learning_rate"": 0.03, ""max_depth"": 3, ""min_child_weight"": 5, ""n_estimators"": 100, ""reg_lambda"": 10.0}",18.798240659321376,"[[""dq100_10_log_variance"", ""cycle10_rms_c_timeweighted"", ""dq100_10_q05_ah"", ""dq100_10_mean_ah""], [""dq100_10_log_variance"", ""cycle10_rms_c_timeweighted"", ""dq100_10_q05_ah"", ""chargetime_median_2_100_minutes""], [""dq100_10_log_variance"", ""cycle10_rms_c_timeweighted"", ""dq100_10_q05_ah"", ""dq100_10_mean_ah""]]",20
Stacking_Ridge_plus_top2/repeat1/outer4/meta2/xgb/tune,xgb,plus_top2,0,"{""learning_rate"": 0.03, ""max_depth"": 1, ""min_child_weight"": 3, ""n_estimators"": 250, ""reg_lambda"": 10.0}",8.269663805900551,"[[""dq100_10_log_variance"", ""cycle10_rms_c_timeweighted"", ""dq100_10_q05_ah"", ""dq100_10_mean_ah""], [""dq100_10_log_variance"", ""cycle10_rms_c_timeweighted"", ""dq100_10_q05_ah"", ""dq100_10_mean_ah""], [""dq100_10_log_variance"", ""cycle10_rms_c_timeweighted"", ""dq100_10_q05_ah"", ""dq100_10_mean_ah""]]",19
Stacking_Ridge_plus_top2/repeat1/outer4/meta2/xgb/tune,xgb,plus_top2,1,"{""learning_rate"": 0.07, ""max_depth"": 3, ""min_child_weight"": 3, ""n_estimators"": 100, ""reg_lambda"": 30.0}",11.395536471877339,"[[""dq100_10_log_variance"", ""cycle10_rms_c_timeweighted"", ""dq100_10_q05_ah"", ""dq100_10_mean_ah""], [""dq100_10_log_variance"", ""cycle10_rms_c_timeweighted"", ""dq100_10_q05_ah"", ""dq100_10_mean_ah""], [""dq100_10_log_variance"", ""cycle10_rms_c_timeweighted"", ""dq100_10_q05_ah"", ""dq100_10_mean_ah""]]",19
Stacking_Ridge_plus_top2/repeat1/outer4/meta2/xgb/tune,xgb,plus_top2,2,"{""learning_rate"": 0.03, ""max_depth"": 2, ""min_child_weight"": 5, ""n_estimators"": 100, ""reg_lambda"": 1.0}",9.013807156485058,"[[""dq100_10_log_variance"", ""cycle10_rms_c_timeweighted"", ""dq100_10_q05_ah"", ""dq100_10_mean_ah""], [""dq100_10_log_variance"", ""cycle10_rms_c_timeweighted"", ""dq100_10_q05_ah"", ""dq100_10_mean_ah""], [""dq100_10_log_variance"", ""cycle10_rms_c_timeweighted"", ""dq100_10_q05_ah"", ""dq100_10_mean_ah""]]",19
Stacking_Ridge_plus_top2/repeat1/outer4/meta2/xgb/tune,xgb,plus_top2,3,"{""learning_rate"": 0.03, ""max_depth"": 1, ""min_child_weight"": 3, ""n_estimators"": 100, ""reg_lambda"": 1.0}",8.303890956278197,"[[""dq100_10_log_variance"", ""cycle10_rms_c_timeweighted"", ""dq100_10_q05_ah"", ""dq100_10_mean_ah""], [""dq100_10_log_variance"", ""cycle10_rms_c_timeweighted"", ""dq100_10_q05_ah"", ""dq100_10_mean_ah""], [""dq100_10_log_variance"", ""cycle10_rms_c_timeweighted"", ""dq100_10_q05_ah"", ""dq100_10_mean_ah""]]",19
Stacking_Ridge_plus_top2/repeat1/outer4/meta2/xgb/tune,xgb,plus_top2,4,"{""learning_rate"": 0.03, ""max_depth"": 3, ""min_child_weight"": 3, ""n_estimators"": 250, ""reg_lambda"": 10.0}",8.350790789781804,"[[""dq100_10_log_variance"", ""cycle10_rms_c_timeweighted"", ""dq100_10_q05_ah"", ""dq100_10_mean_ah""], [""dq100_10_log_variance"", ""cycle10_rms_c_timeweighted"", ""dq100_10_q05_ah"", ""dq100_10_mean_ah""], [""dq100_10_log_variance"", ""cycle10_rms_c_timeweighted"", ""dq100_10_q05_ah"", ""dq100_10_mean_ah""]]",19
Stacking_Ridge_plus_top2/repeat1/outer4/meta2/xgb/tune,xgb,plus_top2,5,"{""learning_rate"": 0.07, ""max_depth"": 2, ""min_child_weight"": 3, ""n_estimators"": 100, ""reg_lambda"": 30.0}",11.395536471877339,"[[""dq100_10_log_variance"", ""cycle10_rms_c_timeweighted"", ""dq100_10_q05_ah"", ""dq100_10_mean_ah""], [""dq100_10_log_variance"", ""cycle10_rms_c_timeweighted"", ""dq100_10_q05_ah"", ""dq100_10_mean_ah""], [""dq100_10_log_variance"", ""cycle10_rms_c_timeweighted"", ""dq100_10_q05_ah"", ""dq100_10_mean_ah""]]",19
Stacking_Ridge_plus_top2/repeat1/outer4/meta2/xgb/tune,xgb,plus_top2,6,"{""learning_rate"": 0.03, ""max_depth"": 1, ""min_child_weight"": 5, ""n_estimators"": 250, ""reg_lambda"": 10.0}",8.8805381869256,"[[""dq100_10_log_variance"", ""cycle10_rms_c_timeweighted"", ""dq100_10_q05_ah"", ""dq100_10_mean_ah""], [""dq100_10_log_variance"", ""cycle10_rms_c_timeweighted"", ""dq100_10_q05_ah"", ""dq100_10_mean_ah""], [""dq100_10_log_variance"", ""cycle10_rms_c_timeweighted"", ""dq100_10_q05_ah"", ""dq100_10_mean_ah""]]",19
Stacking_Ridge_plus_top2/repeat1/outer4/meta2/xgb/tune,xgb,plus_top2,7,"{""learning_rate"": 0.03, ""max_depth"": 3, ""min_child_weight"": 5, ""n_estimators"": 250, ""reg_lambda"": 10.0}",8.8805381869256,"[[""dq100_10_log_variance"", ""cycle10_rms_c_timeweighted"", ""dq100_10_q05_ah"", ""dq100_10_mean_ah""], [""dq100_10_log_variance"", ""cycle10_rms_c_timeweighted"", ""dq100_10_q05_ah"", ""dq100_10_mean_ah""], [""dq100_10_log_variance"", ""cycle10_rms_c_timeweighted"", ""dq100_10_q05_ah"", ""dq100_10_mean_ah""]]",19
Stacking_Ridge_plus_top2/repeat1/outer4/meta2/xgb/tune,xgb,plus_top2,8,"{""learning_rate"": 0.03, ""max_depth"": 2, ""min_child_weight"": 3, ""n_estimators"": 100, ""reg_lambda"": 1.0}",8.150012379997165,"[[""dq100_10_log_variance"", ""cycle10_rms_c_timeweighted"", ""dq100_10_q05_ah"", ""dq100_10_mean_ah""], [""dq100_10_log_variance"", ""cycle10_rms_c_timeweighted"", ""dq100_10_q05_ah"", ""dq100_10_mean_ah""], [""dq100_10_log_variance"", ""cycle10_rms_c_timeweighted"", ""dq100_10_q05_ah"", ""dq100_10_mean_ah""]]",19
Stacking_Ridge_plus_top2/repeat1/outer4/meta2/xgb/tune,xgb,plus_top2,9,"{""learning_rate"": 0.07, ""max_depth"": 2, ""min_child_weight"": 5, ""n_estimators"": 100, ""reg_lambda"": 1.0}",8.08998891049811,"[[""dq100_10_log_variance"", ""cycle10_rms_c_timeweighted"", ""dq100_10_q05_ah"", ""dq100_10_mean_ah""], [""dq100_10_log_variance"", ""cycle10_rms_c_timeweighted"", ""dq100_10_q05_ah"", ""dq100_10_mean_ah""], [""dq100_10_log_variance"", ""cycle10_rms_c_timeweighted"", ""dq100_10_q05_ah"", ""dq100_10_mean_ah""]]",19
Stacking_Ridge_plus_top2/repeat1/outer4/meta2/xgb/tune,xgb,plus_top2,10,"{""learning_rate"": 0.07, ""max_depth"": 1, ""min_child_weight"": 5, ""n_estimators"": 250, ""reg_lambda"": 30.0}",8.815069272448094,"[[""dq100_10_log_variance"", ""cycle10_rms_c_timeweighted"", ""dq100_10_q05_ah"", ""dq100_10_mean_ah""], [""dq100_10_log_variance"", ""cycle10_rms_c_timeweighted"", ""dq100_10_q05_ah"", ""dq100_10_mean_ah""], [""dq100_10_log_variance"", ""cycle10_rms_c_timeweighted"", ""dq100_10_q05_ah"", ""dq100_10_mean_ah""]]",19
Stacking_Ridge_plus_top2/repeat1/outer4/meta2/xgb/tune,xgb,plus_top2,11,"{""learning_rate"": 0.03, ""max_depth"": 3, ""min_child_weight"": 5, ""n_estimators"": 100, ""reg_lambda"": 10.0}",11.740913899073627,"[[""dq100_10_log_variance"", ""cycle10_rms_c_timeweighted"", ""dq100_10_q05_ah"", ""dq100_10_mean_ah""], [""dq100_10_log_variance"", ""cycle10_rms_c_timeweighted"", ""dq100_10_q05_ah"", ""dq100_10_mean_ah""], [""dq100_10_log_variance"", ""cycle10_rms_c_timeweighted"", ""dq100_10_q05_ah"", ""dq100_10_mean_ah""]]",19
Stacking_Ridge_plus_top2/repeat1/outer4/meta3/xgb/tune,xgb,plus_top2,0,"{""learning_rate"": 0.03, ""max_depth"": 1, ""min_child_weight"": 3, ""n_estimators"": 250, ""reg_lambda"": 10.0}",10.234247806305607,"[[""dq100_10_log_variance"", ""cycle10_rms_c_timeweighted"", ""dq100_10_q05_ah"", ""dq100_10_mean_ah""], [""dq100_10_log_variance"", ""cycle10_rms_c_timeweighted"", ""dq100_10_q05_ah"", ""dq100_10_mean_ah""], [""dq100_10_log_variance"", ""cycle10_rms_c_timeweighted"", ""dq100_10_q05_ah"", ""dq100_10_mean_ah""]]",19
Stacking_Ridge_plus_top2/repeat1/outer4/meta3/xgb/tune,xgb,plus_top2,1,"{""learning_rate"": 0.07, ""max_depth"": 3, ""min_child_weight"": 3, ""n_estimators"": 100, ""reg_lambda"": 30.0}",11.000717391652422,"[[""dq100_10_log_variance"", ""cycle10_rms_c_timeweighted"", ""dq100_10_q05_ah"", ""dq100_10_mean_ah""], [""dq100_10_log_variance"", ""cycle10_rms_c_timeweighted"", ""dq100_10_q05_ah"", ""dq100_10_mean_ah""], [""dq100_10_log_variance"", ""cycle10_rms_c_timeweighted"", ""dq100_10_q05_ah"", ""dq100_10_mean_ah""]]",19
Stacking_Ridge_plus_top2/repeat1/outer4/meta3/xgb/tune,xgb,plus_top2,2,"{""learning_rate"": 0.03, ""max_depth"": 2, ""min_child_weight"": 5, ""n_estimators"": 100, ""reg_lambda"": 1.0}",15.115962799196947,"[[""dq100_10_log_variance"", ""cycle10_rms_c_timeweighted"", ""dq100_10_q05_ah"", ""dq100_10_mean_ah""], [""dq100_10_log_variance"", ""cycle10_rms_c_timeweighted"", ""dq100_10_q05_ah"", ""dq100_10_mean_ah""], [""dq100_10_log_variance"", ""cycle10_rms_c_timeweighted"", ""dq100_10_q05_ah"", ""dq100_10_mean_ah""]]",19
Stacking_Ridge_plus_top2/repeat1/outer4/meta3/xgb/tune,xgb,plus_top2,3,"{""learning_rate"": 0.03, ""max_depth"": 1, ""min_child_weight"": 3, ""n_estimators"": 100, ""reg_lambda"": 1.0}",10.278965212740765,"[[""dq100_10_log_variance"", ""cycle10_rms_c_timeweighted"", ""dq100_10_q05_ah"", ""dq100_10_mean_ah""], [""dq100_10_log_variance"", ""cycle10_rms_c_timeweighted"", ""dq100_10_q05_ah"", ""dq100_10_mean_ah""], [""dq100_10_log_variance"", ""cycle10_rms_c_timeweighted"", ""dq100_10_q05_ah"", ""dq100_10_mean_ah""]]",19
Stacking_Ridge_plus_top2/repeat1/outer4/meta3/xgb/tune,xgb,plus_top2,4,"{""learning_rate"": 0.03, ""max_depth"": 3, ""min_child_weight"": 3, ""n_estimators"": 250, ""reg_lambda"": 10.0}",10.167802396067557,"[[""dq100_10_log_variance"", ""cycle10_rms_c_timeweighted"", ""dq100_10_q05_ah"", ""dq100_10_mean_ah""], [""dq100_10_log_variance"", ""cycle10_rms_c_timeweighted"", ""dq100_10_q05_ah"", ""dq100_10_mean_ah""], [""dq100_10_log_variance"", ""cycle10_rms_c_timeweighted"", ""dq100_10_q05_ah"", ""dq100_10_mean_ah""]]",19
Stacking_Ridge_plus_top2/repeat1/outer4/meta3/xgb/tune,xgb,plus_top2,5,"{""learning_rate"": 0.07, ""max_depth"": 2, ""min_child_weight"": 3, ""n_estimators"": 100, ""reg_lambda"": 30.0}",11.000717391652422,"[[""dq100_10_log_variance"", ""cycle10_rms_c_timeweighted"", ""dq100_10_q05_ah"", ""dq100_10_mean_ah""], [""dq100_10_log_variance"", ""cycle10_rms_c_timeweighted"", ""dq100_10_q05_ah"", ""dq100_10_mean_ah""], [""dq100_10_log_variance"", ""cycle10_rms_c_timeweighted"", ""dq100_10_q05_ah"", ""dq100_10_mean_ah""]]",19
Stacking_Ridge_plus_top2/repeat1/outer4/meta3/xgb/tune,xgb,plus_top2,6,"{""learning_rate"": 0.03, ""max_depth"": 1, ""min_child_weight"": 5, ""n_estimators"": 250, ""reg_lambda"": 10.0}",15.172924136654462,"[[""dq100_10_log_variance"", ""cycle10_rms_c_timeweighted"", ""dq100_10_q05_ah"", ""dq100_10_mean_ah""], [""dq100_10_log_variance"", ""cycle10_rms_c_timeweighted"", ""dq100_10_q05_ah"", ""dq100_10_mean_ah""], [""dq100_10_log_variance"", ""cycle10_rms_c_timeweighted"", ""dq100_10_q05_ah"", ""dq100_10_mean_ah""]]",19
Stacking_Ridge_plus_top2/repeat1/outer4/meta3/xgb/tune,xgb,plus_top2,7,"{""learning_rate"": 0.03, ""max_depth"": 3, ""min_child_weight"": 5, ""n_estimators"": 250, ""reg_lambda"": 10.0}",15.172924136654462,"[[""dq100_10_log_variance"", ""cycle10_rms_c_timeweighted"", ""dq100_10_q05_ah"", ""dq100_10_mean_ah""], [""dq100_10_log_variance"", ""cycle10_rms_c_timeweighted"", ""dq100_10_q05_ah"", ""dq100_10_mean_ah""], [""dq100_10_log_variance"", ""cycle10_rms_c_timeweighted"", ""dq100_10_q05_ah"", ""dq100_10_mean_ah""]]",19
Stacking_Ridge_plus_top2/repeat1/outer4/meta3/xgb/tune,xgb,plus_top2,8,"{""learning_rate"": 0.03, ""max_depth"": 2, ""min_child_weight"": 3, ""n_estimators"": 100, ""reg_lambda"": 1.0}",10.808098886224796,"[[""dq100_10_log_variance"", ""cycle10_rms_c_timeweighted"", ""dq100_10_q05_ah"", ""dq100_10_mean_ah""], [""dq100_10_log_variance"", ""cycle10_rms_c_timeweighted"", ""dq100_10_q05_ah"", ""dq100_10_mean_ah""], [""dq100_10_log_variance"", ""cycle10_rms_c_timeweighted"", ""dq100_10_q05_ah"", ""dq100_10_mean_ah""]]",19
Stacking_Ridge_plus_top2/repeat1/outer4/meta3/xgb/tune,xgb,plus_top2,9,"{""learning_rate"": 0.07, ""max_depth"": 2, ""min_child_weight"": 5, ""n_estimators"": 100, ""reg_lambda"": 1.0}",15.944579656675053,"[[""dq100_10_log_variance"", ""cycle10_rms_c_timeweighted"", ""dq100_10_q05_ah"", ""dq100_10_mean_ah""], [""dq100_10_log_variance"", ""cycle10_rms_c_timeweighted"", ""dq100_10_q05_ah"", ""dq100_10_mean_ah""], [""dq100_10_log_variance"", ""cycle10_rms_c_timeweighted"", ""dq100_10_q05_ah"", ""dq100_10_mean_ah""]]",19
Stacking_Ridge_plus_top2/repeat1/outer4/meta3/xgb/tune,xgb,plus_top2,10,"{""learning_rate"": 0.07, ""max_depth"": 1, ""min_child_weight"": 5, ""n_estimators"": 250, ""reg_lambda"": 30.0}",15.35424886228439,"[[""dq100_10_log_variance"", ""cycle10_rms_c_timeweighted"", ""dq100_10_q05_ah"", ""dq100_10_mean_ah""], [""dq100_10_log_variance"", ""cycle10_rms_c_timeweighted"", ""dq100_10_q05_ah"", ""dq100_10_mean_ah""], [""dq100_10_log_variance"", ""cycle10_rms_c_timeweighted"", ""dq100_10_q05_ah"", ""dq100_10_mean_ah""]]",19
Stacking_Ridge_plus_top2/repeat1/outer4/meta3/xgb/tune,xgb,plus_top2,11,"{""learning_rate"": 0.03, ""max_depth"": 3, ""min_child_weight"": 5, ""n_estimators"": 100, ""reg_lambda"": 10.0}",14.047183032213647,"[[""dq100_10_log_variance"", ""cycle10_rms_c_timeweighted"", ""dq100_10_q05_ah"", ""dq100_10_mean_ah""], [""dq100_10_log_variance"", ""cycle10_rms_c_timeweighted"", ""dq100_10_q05_ah"", ""dq100_10_mean_ah""], [""dq100_10_log_variance"", ""cycle10_rms_c_timeweighted"", ""dq100_10_q05_ah"", ""dq100_10_mean_ah""]]",19
Stacking_Ridge_plus_top2/repeat1/outer5/meta1/xgb/tune,xgb,plus_top2,0,"{""learning_rate"": 0.03, ""max_depth"": 1, ""min_child_weight"": 3, ""n_estimators"": 250, ""reg_lambda"": 10.0}",12.824483989532116,"[[""dq100_10_log_variance"", ""cycle10_rms_c_timeweighted"", ""dq100_10_q05_ah"", ""dq100_10_mean_ah""], [""dq100_10_log_variance"", ""cycle10_rms_c_timeweighted"", ""chargetime_median_2_100_minutes"", ""dq100_10_q05_ah""], [""dq100_10_log_variance"", ""cycle10_rms_c_timeweighted"", ""dq100_10_q05_ah"", ""dq100_10_mean_ah""]]",20
Stacking_Ridge_plus_top2/repeat1/outer5/meta1/xgb/tune,xgb,plus_top2,1,"{""learning_rate"": 0.07, ""max_depth"": 3, ""min_child_weight"": 3, ""n_estimators"": 100, ""reg_lambda"": 30.0}",14.911156419333574,"[[""dq100_10_log_variance"", ""cycle10_rms_c_timeweighted"", ""dq100_10_q05_ah"", ""dq100_10_mean_ah""], [""dq100_10_log_variance"", ""cycle10_rms_c_timeweighted"", ""chargetime_median_2_100_minutes"", ""dq100_10_q05_ah""], [""dq100_10_log_variance"", ""cycle10_rms_c_timeweighted"", ""dq100_10_q05_ah"", ""dq100_10_mean_ah""]]",20
Stacking_Ridge_plus_top2/repeat1/outer5/meta1/xgb/tune,xgb,plus_top2,2,"{""learning_rate"": 0.03, ""max_depth"": 2, ""min_child_weight"": 5, ""n_estimators"": 100, ""reg_lambda"": 1.0}",13.778650526485867,"[[""dq100_10_log_variance"", ""cycle10_rms_c_timeweighted"", ""dq100_10_q05_ah"", ""dq100_10_mean_ah""], [""dq100_10_log_variance"", ""cycle10_rms_c_timeweighted"", ""chargetime_median_2_100_minutes"", ""dq100_10_q05_ah""], [""dq100_10_log_variance"", ""cycle10_rms_c_timeweighted"", ""dq100_10_q05_ah"", ""dq100_10_mean_ah""]]",20
Stacking_Ridge_plus_top2/repeat1/outer5/meta1/xgb/tune,xgb,plus_top2,3,"{""learning_rate"": 0.03, ""max_depth"": 1, ""min_child_weight"": 3, ""n_estimators"": 100, ""reg_lambda"": 1.0}",13.033095238014067,"[[""dq100_10_log_variance"", ""cycle10_rms_c_timeweighted"", ""dq100_10_q05_ah"", ""dq100_10_mean_ah""], [""dq100_10_log_variance"", ""cycle10_rms_c_timeweighted"", ""chargetime_median_2_100_minutes"", ""dq100_10_q05_ah""], [""dq100_10_log_variance"", ""cycle10_rms_c_timeweighted"", ""dq100_10_q05_ah"", ""dq100_10_mean_ah""]]",20
Stacking_Ridge_plus_top2/repeat1/outer5/meta1/xgb/tune,xgb,plus_top2,4,"{""learning_rate"": 0.03, ""max_depth"": 3, ""min_child_weight"": 3, ""n_estimators"": 250, ""reg_lambda"": 10.0}",12.289682917902434,"[[""dq100_10_log_variance"", ""cycle10_rms_c_timeweighted"", ""dq100_10_q05_ah"", ""dq100_10_mean_ah""], [""dq100_10_log_variance"", ""cycle10_rms_c_timeweighted"", ""chargetime_median_2_100_minutes"", ""dq100_10_q05_ah""], [""dq100_10_log_variance"", ""cycle10_rms_c_timeweighted"", ""dq100_10_q05_ah"", ""dq100_10_mean_ah""]]",20
Stacking_Ridge_plus_top2/repeat1/outer5/meta1/xgb/tune,xgb,plus_top2,5,"{""learning_rate"": 0.07, ""max_depth"": 2, ""min_child_weight"": 3, ""n_estimators"": 100, ""reg_lambda"": 30.0}",14.911098304353926,"[[""dq100_10_log_variance"", ""cycle10_rms_c_timeweighted"", ""dq100_10_q05_ah"", ""dq100_10_mean_ah""], [""dq100_10_log_variance"", ""cycle10_rms_c_timeweighted"", ""chargetime_median_2_100_minutes"", ""dq100_10_q05_ah""], [""dq100_10_log_variance"", ""cycle10_rms_c_timeweighted"", ""dq100_10_q05_ah"", ""dq100_10_mean_ah""]]",20
Stacking_Ridge_plus_top2/repeat1/outer5/meta1/xgb/tune,xgb,plus_top2,6,"{""learning_rate"": 0.03, ""max_depth"": 1, ""min_child_weight"": 5, ""n_estimators"": 250, ""reg_lambda"": 10.0}",13.866633175033966,"[[""dq100_10_log_variance"", ""cycle10_rms_c_timeweighted"", ""dq100_10_q05_ah"", ""dq100_10_mean_ah""], [""dq100_10_log_variance"", ""cycle10_rms_c_timeweighted"", ""chargetime_median_2_100_minutes"", ""dq100_10_q05_ah""], [""dq100_10_log_variance"", ""cycle10_rms_c_timeweighted"", ""dq100_10_q05_ah"", ""dq100_10_mean_ah""]]",20
Stacking_Ridge_plus_top2/repeat1/outer5/meta1/xgb/tune,xgb,plus_top2,7,"{""learning_rate"": 0.03, ""max_depth"": 3, ""min_child_weight"": 5, ""n_estimators"": 250, ""reg_lambda"": 10.0}",13.866633175033966,"[[""dq100_10_log_variance"", ""cycle10_rms_c_timeweighted"", ""dq100_10_q05_ah"", ""dq100_10_mean_ah""], [""dq100_10_log_variance"", ""cycle10_rms_c_timeweighted"", ""chargetime_median_2_100_minutes"", ""dq100_10_q05_ah""], [""dq100_10_log_variance"", ""cycle10_rms_c_timeweighted"", ""dq100_10_q05_ah"", ""dq100_10_mean_ah""]]",20
Stacking_Ridge_plus_top2/repeat1/outer5/meta1/xgb/tune,xgb,plus_top2,8,"{""learning_rate"": 0.03, ""max_depth"": 2, ""min_child_weight"": 3, ""n_estimators"": 100, ""reg_lambda"": 1.0}",11.883512086194074,"[[""dq100_10_log_variance"", ""cycle10_rms_c_timeweighted"", ""dq100_10_q05_ah"", ""dq100_10_mean_ah""], [""dq100_10_log_variance"", ""cycle10_rms_c_timeweighted"", ""chargetime_median_2_100_minutes"", ""dq100_10_q05_ah""], [""dq100_10_log_variance"", ""cycle10_rms_c_timeweighted"", ""dq100_10_q05_ah"", ""dq100_10_mean_ah""]]",20
Stacking_Ridge_plus_top2/repeat1/outer5/meta1/xgb/tune,xgb,plus_top2,9,"{""learning_rate"": 0.07, ""max_depth"": 2, ""min_child_weight"": 5, ""n_estimators"": 100, ""reg_lambda"": 1.0}",13.559245414401447,"[[""dq100_10_log_variance"", ""cycle10_rms_c_timeweighted"", ""dq100_10_q05_ah"", ""dq100_10_mean_ah""], [""dq100_10_log_variance"", ""cycle10_rms_c_timeweighted"", ""chargetime_median_2_100_minutes"", ""dq100_10_q05_ah""], [""dq100_10_log_variance"", ""cycle10_rms_c_timeweighted"", ""dq100_10_q05_ah"", ""dq100_10_mean_ah""]]",20
Stacking_Ridge_plus_top2/repeat1/outer5/meta1/xgb/tune,xgb,plus_top2,10,"{""learning_rate"": 0.07, ""max_depth"": 1, ""min_child_weight"": 5, ""n_estimators"": 250, ""reg_lambda"": 30.0}",13.897877205506745,"[[""dq100_10_log_variance"", ""cycle10_rms_c_timeweighted"", ""dq100_10_q05_ah"", ""dq100_10_mean_ah""], [""dq100_10_log_variance"", ""cycle10_rms_c_timeweighted"", ""chargetime_median_2_100_minutes"", ""dq100_10_q05_ah""], [""dq100_10_log_variance"", ""cycle10_rms_c_timeweighted"", ""dq100_10_q05_ah"", ""dq100_10_mean_ah""]]",20
Stacking_Ridge_plus_top2/repeat1/outer5/meta1/xgb/tune,xgb,plus_top2,11,"{""learning_rate"": 0.03, ""max_depth"": 3, ""min_child_weight"": 5, ""n_estimators"": 100, ""reg_lambda"": 10.0}",15.551966469657874,"[[""dq100_10_log_variance"", ""cycle10_rms_c_timeweighted"", ""dq100_10_q05_ah"", ""dq100_10_mean_ah""], [""dq100_10_log_variance"", ""cycle10_rms_c_timeweighted"", ""chargetime_median_2_100_minutes"", ""dq100_10_q05_ah""], [""dq100_10_log_variance"", ""cycle10_rms_c_timeweighted"", ""dq100_10_q05_ah"", ""dq100_10_mean_ah""]]",20
Stacking_Ridge_plus_top2/repeat1/outer5/meta2/xgb/tune,xgb,plus_top2,0,"{""learning_rate"": 0.03, ""max_depth"": 1, ""min_child_weight"": 3, ""n_estimators"": 250, ""reg_lambda"": 10.0}",11.751576229402875,"[[""dq100_10_log_variance"", ""cycle10_rms_c_timeweighted"", ""dq100_10_q05_ah"", ""dq100_10_mean_ah""], [""dq100_10_log_variance"", ""cycle10_rms_c_timeweighted"", ""dq100_10_q05_ah"", ""dq100_10_mean_ah""], [""dq100_10_log_variance"", ""cycle10_rms_c_timeweighted"", ""dq100_10_q05_ah"", ""dq100_10_mean_ah""]]",19
Stacking_Ridge_plus_top2/repeat1/outer5/meta2/xgb/tune,xgb,plus_top2,1,"{""learning_rate"": 0.07, ""max_depth"": 3, ""min_child_weight"": 3, ""n_estimators"": 100, ""reg_lambda"": 30.0}",14.299713403540453,"[[""dq100_10_log_variance"", ""cycle10_rms_c_timeweighted"", ""dq100_10_q05_ah"", ""dq100_10_mean_ah""], [""dq100_10_log_variance"", ""cycle10_rms_c_timeweighted"", ""dq100_10_q05_ah"", ""dq100_10_mean_ah""], [""dq100_10_log_variance"", ""cycle10_rms_c_timeweighted"", ""dq100_10_q05_ah"", ""dq100_10_mean_ah""]]",19
Stacking_Ridge_plus_top2/repeat1/outer5/meta2/xgb/tune,xgb,plus_top2,2,"{""learning_rate"": 0.03, ""max_depth"": 2, ""min_child_weight"": 5, ""n_estimators"": 100, ""reg_lambda"": 1.0}",12.324432962766025,"[[""dq100_10_log_variance"", ""cycle10_rms_c_timeweighted"", ""dq100_10_q05_ah"", ""dq100_10_mean_ah""], [""dq100_10_log_variance"", ""cycle10_rms_c_timeweighted"", ""dq100_10_q05_ah"", ""dq100_10_mean_ah""], [""dq100_10_log_variance"", ""cycle10_rms_c_timeweighted"", ""dq100_10_q05_ah"", ""dq100_10_mean_ah""]]",19
Stacking_Ridge_plus_top2/repeat1/outer5/meta2/xgb/tune,xgb,plus_top2,3,"{""learning_rate"": 0.03, ""max_depth"": 1, ""min_child_weight"": 3, ""n_estimators"": 100, ""reg_lambda"": 1.0}",11.659312947058535,"[[""dq100_10_log_variance"", ""cycle10_rms_c_timeweighted"", ""dq100_10_q05_ah"", ""dq100_10_mean_ah""], [""dq100_10_log_variance"", ""cycle10_rms_c_timeweighted"", ""dq100_10_q05_ah"", ""dq100_10_mean_ah""], [""dq100_10_log_variance"", ""cycle10_rms_c_timeweighted"", ""dq100_10_q05_ah"", ""dq100_10_mean_ah""]]",19
Stacking_Ridge_plus_top2/repeat1/outer5/meta2/xgb/tune,xgb,plus_top2,4,"{""learning_rate"": 0.03, ""max_depth"": 3, ""min_child_weight"": 3, ""n_estimators"": 250, ""reg_lambda"": 10.0}",11.73082793655594,"[[""dq100_10_log_variance"", ""cycle10_rms_c_timeweighted"", ""dq100_10_q05_ah"", ""dq100_10_mean_ah""], [""dq100_10_log_variance"", ""cycle10_rms_c_timeweighted"", ""dq100_10_q05_ah"", ""dq100_10_mean_ah""], [""dq100_10_log_variance"", ""cycle10_rms_c_timeweighted"", ""dq100_10_q05_ah"", ""dq100_10_mean_ah""]]",19
Stacking_Ridge_plus_top2/repeat1/outer5/meta2/xgb/tune,xgb,plus_top2,5,"{""learning_rate"": 0.07, ""max_depth"": 2, ""min_child_weight"": 3, ""n_estimators"": 100, ""reg_lambda"": 30.0}",14.299713403540453,"[[""dq100_10_log_variance"", ""cycle10_rms_c_timeweighted"", ""dq100_10_q05_ah"", ""dq100_10_mean_ah""], [""dq100_10_log_variance"", ""cycle10_rms_c_timeweighted"", ""dq100_10_q05_ah"", ""dq100_10_mean_ah""], [""dq100_10_log_variance"", ""cycle10_rms_c_timeweighted"", ""dq100_10_q05_ah"", ""dq100_10_mean_ah""]]",19
Stacking_Ridge_plus_top2/repeat1/outer5/meta2/xgb/tune,xgb,plus_top2,6,"{""learning_rate"": 0.03, ""max_depth"": 1, ""min_child_weight"": 5, ""n_estimators"": 250, ""reg_lambda"": 10.0}",12.231747618119027,"[[""dq100_10_log_variance"", ""cycle10_rms_c_timeweighted"", ""dq100_10_q05_ah"", ""dq100_10_mean_ah""], [""dq100_10_log_variance"", ""cycle10_rms_c_timeweighted"", ""dq100_10_q05_ah"", ""dq100_10_mean_ah""], [""dq100_10_log_variance"", ""cycle10_rms_c_timeweighted"", ""dq100_10_q05_ah"", ""dq100_10_mean_ah""]]",19
Stacking_Ridge_plus_top2/repeat1/outer5/meta2/xgb/tune,xgb,plus_top2,7,"{""learning_rate"": 0.03, ""max_depth"": 3, ""min_child_weight"": 5, ""n_estimators"": 250, ""reg_lambda"": 10.0}",12.231747618119027,"[[""dq100_10_log_variance"", ""cycle10_rms_c_timeweighted"", ""dq100_10_q05_ah"", ""dq100_10_mean_ah""], [""dq100_10_log_variance"", ""cycle10_rms_c_timeweighted"", ""dq100_10_q05_ah"", ""dq100_10_mean_ah""], [""dq100_10_log_variance"", ""cycle10_rms_c_timeweighted"", ""dq100_10_q05_ah"", ""dq100_10_mean_ah""]]",19
Stacking_Ridge_plus_top2/repeat1/outer5/meta2/xgb/tune,xgb,plus_top2,8,"{""learning_rate"": 0.03, ""max_depth"": 2, ""min_child_weight"": 3, ""n_estimators"": 100, ""reg_lambda"": 1.0}",11.8141028707616,"[[""dq100_10_log_variance"", ""cycle10_rms_c_timeweighted"", ""dq100_10_q05_ah"", ""dq100_10_mean_ah""], [""dq100_10_log_variance"", ""cycle10_rms_c_timeweighted"", ""dq100_10_q05_ah"", ""dq100_10_mean_ah""], [""dq100_10_log_variance"", ""cycle10_rms_c_timeweighted"", ""dq100_10_q05_ah"", ""dq100_10_mean_ah""]]",19
Stacking_Ridge_plus_top2/repeat1/outer5/meta2/xgb/tune,xgb,plus_top2,9,"{""learning_rate"": 0.07, ""max_depth"": 2, ""min_child_weight"": 5, ""n_estimators"": 100, ""reg_lambda"": 1.0}",12.004739271605073,"[[""dq100_10_log_variance"", ""cycle10_rms_c_timeweighted"", ""dq100_10_q05_ah"", ""dq100_10_mean_ah""], [""dq100_10_log_variance"", ""cycle10_rms_c_timeweighted"", ""dq100_10_q05_ah"", ""dq100_10_mean_ah""], [""dq100_10_log_variance"", ""cycle10_rms_c_timeweighted"", ""dq100_10_q05_ah"", ""dq100_10_mean_ah""]]",19
Stacking_Ridge_plus_top2/repeat1/outer5/meta2/xgb/tune,xgb,plus_top2,10,"{""learning_rate"": 0.07, ""max_depth"": 1, ""min_child_weight"": 5, ""n_estimators"": 250, ""reg_lambda"": 30.0}",12.226728829464237,"[[""dq100_10_log_variance"", ""cycle10_rms_c_timeweighted"", ""dq100_10_q05_ah"", ""dq100_10_mean_ah""], [""dq100_10_log_variance"", ""cycle10_rms_c_timeweighted"", ""dq100_10_q05_ah"", ""dq100_10_mean_ah""], [""dq100_10_log_variance"", ""cycle10_rms_c_timeweighted"", ""dq100_10_q05_ah"", ""dq100_10_mean_ah""]]",19
Stacking_Ridge_plus_top2/repeat1/outer5/meta2/xgb/tune,xgb,plus_top2,11,"{""learning_rate"": 0.03, ""max_depth"": 3, ""min_child_weight"": 5, ""n_estimators"": 100, ""reg_lambda"": 10.0}",14.114293096187144,"[[""dq100_10_log_variance"", ""cycle10_rms_c_timeweighted"", ""dq100_10_q05_ah"", ""dq100_10_mean_ah""], [""dq100_10_log_variance"", ""cycle10_rms_c_timeweighted"", ""dq100_10_q05_ah"", ""dq100_10_mean_ah""], [""dq100_10_log_variance"", ""cycle10_rms_c_timeweighted"", ""dq100_10_q05_ah"", ""dq100_10_mean_ah""]]",19
Stacking_Ridge_plus_top2/repeat1/outer5/meta3/xgb/tune,xgb,plus_top2,0,"{""learning_rate"": 0.03, ""max_depth"": 1, ""min_child_weight"": 3, ""n_estimators"": 250, ""reg_lambda"": 10.0}",14.506442869500248,"[[""dq100_10_log_variance"", ""cycle10_rms_c_timeweighted"", ""dq100_10_q05_ah"", ""dq100_10_mean_ah""], [""dq100_10_log_variance"", ""cycle10_rms_c_timeweighted"", ""dq100_10_q05_ah"", ""dq100_10_mean_ah""], [""dq100_10_log_variance"", ""cycle10_rms_c_timeweighted"", ""dq100_10_q05_ah"", ""dq100_10_mean_ah""]]",19
Stacking_Ridge_plus_top2/repeat1/outer5/meta3/xgb/tune,xgb,plus_top2,1,"{""learning_rate"": 0.07, ""max_depth"": 3, ""min_child_weight"": 3, ""n_estimators"": 100, ""reg_lambda"": 30.0}",12.969853463136433,"[[""dq100_10_log_variance"", ""cycle10_rms_c_timeweighted"", ""dq100_10_q05_ah"", ""dq100_10_mean_ah""], [""dq100_10_log_variance"", ""cycle10_rms_c_timeweighted"", ""dq100_10_q05_ah"", ""dq100_10_mean_ah""], [""dq100_10_log_variance"", ""cycle10_rms_c_timeweighted"", ""dq100_10_q05_ah"", ""dq100_10_mean_ah""]]",19
Stacking_Ridge_plus_top2/repeat1/outer5/meta3/xgb/tune,xgb,plus_top2,2,"{""learning_rate"": 0.03, ""max_depth"": 2, ""min_child_weight"": 5, ""n_estimators"": 100, ""reg_lambda"": 1.0}",15.641686926886281,"[[""dq100_10_log_variance"", ""cycle10_rms_c_timeweighted"", ""dq100_10_q05_ah"", ""dq100_10_mean_ah""], [""dq100_10_log_variance"", ""cycle10_rms_c_timeweighted"", ""dq100_10_q05_ah"", ""dq100_10_mean_ah""], [""dq100_10_log_variance"", ""cycle10_rms_c_timeweighted"", ""dq100_10_q05_ah"", ""dq100_10_mean_ah""]]",19
Stacking_Ridge_plus_top2/repeat1/outer5/meta3/xgb/tune,xgb,plus_top2,3,"{""learning_rate"": 0.03, ""max_depth"": 1, ""min_child_weight"": 3, ""n_estimators"": 100, ""reg_lambda"": 1.0}",14.806601619149584,"[[""dq100_10_log_variance"", ""cycle10_rms_c_timeweighted"", ""dq100_10_q05_ah"", ""dq100_10_mean_ah""], [""dq100_10_log_variance"", ""cycle10_rms_c_timeweighted"", ""dq100_10_q05_ah"", ""dq100_10_mean_ah""], [""dq100_10_log_variance"", ""cycle10_rms_c_timeweighted"", ""dq100_10_q05_ah"", ""dq100_10_mean_ah""]]",19
Stacking_Ridge_plus_top2/repeat1/outer5/meta3/xgb/tune,xgb,plus_top2,4,"{""learning_rate"": 0.03, ""max_depth"": 3, ""min_child_weight"": 3, ""n_estimators"": 250, ""reg_lambda"": 10.0}",14.481816359382197,"[[""dq100_10_log_variance"", ""cycle10_rms_c_timeweighted"", ""dq100_10_q05_ah"", ""dq100_10_mean_ah""], [""dq100_10_log_variance"", ""cycle10_rms_c_timeweighted"", ""dq100_10_q05_ah"", ""dq100_10_mean_ah""], [""dq100_10_log_variance"", ""cycle10_rms_c_timeweighted"", ""dq100_10_q05_ah"", ""dq100_10_mean_ah""]]",19
Stacking_Ridge_plus_top2/repeat1/outer5/meta3/xgb/tune,xgb,plus_top2,5,"{""learning_rate"": 0.07, ""max_depth"": 2, ""min_child_weight"": 3, ""n_estimators"": 100, ""reg_lambda"": 30.0}",12.969853463136433,"[[""dq100_10_log_variance"", ""cycle10_rms_c_timeweighted"", ""dq100_10_q05_ah"", ""dq100_10_mean_ah""], [""dq100_10_log_variance"", ""cycle10_rms_c_timeweighted"", ""dq100_10_q05_ah"", ""dq100_10_mean_ah""], [""dq100_10_log_variance"", ""cycle10_rms_c_timeweighted"", ""dq100_10_q05_ah"", ""dq100_10_mean_ah""]]",19
Stacking_Ridge_plus_top2/repeat1/outer5/meta3/xgb/tune,xgb,plus_top2,6,"{""learning_rate"": 0.03, ""max_depth"": 1, ""min_child_weight"": 5, ""n_estimators"": 250, ""reg_lambda"": 10.0}",15.691237902140381,"[[""dq100_10_log_variance"", ""cycle10_rms_c_timeweighted"", ""dq100_10_q05_ah"", ""dq100_10_mean_ah""], [""dq100_10_log_variance"", ""cycle10_rms_c_timeweighted"", ""dq100_10_q05_ah"", ""dq100_10_mean_ah""], [""dq100_10_log_variance"", ""cycle10_rms_c_timeweighted"", ""dq100_10_q05_ah"", ""dq100_10_mean_ah""]]",19
Stacking_Ridge_plus_top2/repeat1/outer5/meta3/xgb/tune,xgb,plus_top2,7,"{""learning_rate"": 0.03, ""max_depth"": 3, ""min_child_weight"": 5, ""n_estimators"": 250, ""reg_lambda"": 10.0}",15.691237902140381,"[[""dq100_10_log_variance"", ""cycle10_rms_c_timeweighted"", ""dq100_10_q05_ah"", ""dq100_10_mean_ah""], [""dq100_10_log_variance"", ""cycle10_rms_c_timeweighted"", ""dq100_10_q05_ah"", ""dq100_10_mean_ah""], [""dq100_10_log_variance"", ""cycle10_rms_c_timeweighted"", ""dq100_10_q05_ah"", ""dq100_10_mean_ah""]]",19
Stacking_Ridge_plus_top2/repeat1/outer5/meta3/xgb/tune,xgb,plus_top2,8,"{""learning_rate"": 0.03, ""max_depth"": 2, ""min_child_weight"": 3, ""n_estimators"": 100, ""reg_lambda"": 1.0}",15.175462191459028,"[[""dq100_10_log_variance"", ""cycle10_rms_c_timeweighted"", ""dq100_10_q05_ah"", ""dq100_10_mean_ah""], [""dq100_10_log_variance"", ""cycle10_rms_c_timeweighted"", ""dq100_10_q05_ah"", ""dq100_10_mean_ah""], [""dq100_10_log_variance"", ""cycle10_rms_c_timeweighted"", ""dq100_10_q05_ah"", ""dq100_10_mean_ah""]]",19
Stacking_Ridge_plus_top2/repeat1/outer5/meta3/xgb/tune,xgb,plus_top2,9,"{""learning_rate"": 0.07, ""max_depth"": 2, ""min_child_weight"": 5, ""n_estimators"": 100, ""reg_lambda"": 1.0}",17.372872910984096,"[[""dq100_10_log_variance"", ""cycle10_rms_c_timeweighted"", ""dq100_10_q05_ah"", ""dq100_10_mean_ah""], [""dq100_10_log_variance"", ""cycle10_rms_c_timeweighted"", ""dq100_10_q05_ah"", ""dq100_10_mean_ah""], [""dq100_10_log_variance"", ""cycle10_rms_c_timeweighted"", ""dq100_10_q05_ah"", ""dq100_10_mean_ah""]]",19
Stacking_Ridge_plus_top2/repeat1/outer5/meta3/xgb/tune,xgb,plus_top2,10,"{""learning_rate"": 0.07, ""max_depth"": 1, ""min_child_weight"": 5, ""n_estimators"": 250, ""reg_lambda"": 30.0}",15.743227774446936,"[[""dq100_10_log_variance"", ""cycle10_rms_c_timeweighted"", ""dq100_10_q05_ah"", ""dq100_10_mean_ah""], [""dq100_10_log_variance"", ""cycle10_rms_c_timeweighted"", ""dq100_10_q05_ah"", ""dq100_10_mean_ah""], [""dq100_10_log_variance"", ""cycle10_rms_c_timeweighted"", ""dq100_10_q05_ah"", ""dq100_10_mean_ah""]]",19
Stacking_Ridge_plus_top2/repeat1/outer5/meta3/xgb/tune,xgb,plus_top2,11,"{""learning_rate"": 0.03, ""max_depth"": 3, ""min_child_weight"": 5, ""n_estimators"": 100, ""reg_lambda"": 10.0}",14.046413923780662,"[[""dq100_10_log_variance"", ""cycle10_rms_c_timeweighted"", ""dq100_10_q05_ah"", ""dq100_10_mean_ah""], [""dq100_10_log_variance"", ""cycle10_rms_c_timeweighted"", ""dq100_10_q05_ah"", ""dq100_10_mean_ah""], [""dq100_10_log_variance"", ""cycle10_rms_c_timeweighted"", ""dq100_10_q05_ah"", ""dq100_10_mean_ah""]]",19
Stacking_Ridge_plus_top2/repeat2/outer1/meta1/xgb/tune,xgb,plus_top2,0,"{""learning_rate"": 0.03, ""max_depth"": 1, ""min_child_weight"": 3, ""n_estimators"": 250, ""reg_lambda"": 10.0}",9.026413029596855,"[[""dq100_10_log_variance"", ""cycle10_rms_c_timeweighted"", ""dq100_10_mean_v2p0_2p4_ah"", ""dq100_10_mean_ah""], [""dq100_10_log_variance"", ""cycle10_rms_c_timeweighted"", ""dq100_10_q05_ah"", ""dq100_10_mean_ah""], [""dq100_10_log_variance"", ""cycle10_rms_c_timeweighted"", ""dq100_10_q05_ah"", ""dq100_10_mean_ah""]]",18
Stacking_Ridge_plus_top2/repeat2/outer1/meta1/xgb/tune,xgb,plus_top2,1,"{""learning_rate"": 0.07, ""max_depth"": 3, ""min_child_weight"": 3, ""n_estimators"": 100, ""reg_lambda"": 30.0}",10.89161022814659,"[[""dq100_10_log_variance"", ""cycle10_rms_c_timeweighted"", ""dq100_10_mean_v2p0_2p4_ah"", ""dq100_10_mean_ah""], [""dq100_10_log_variance"", ""cycle10_rms_c_timeweighted"", ""dq100_10_q05_ah"", ""dq100_10_mean_ah""], [""dq100_10_log_variance"", ""cycle10_rms_c_timeweighted"", ""dq100_10_q05_ah"", ""dq100_10_mean_ah""]]",18
Stacking_Ridge_plus_top2/repeat2/outer1/meta1/xgb/tune,xgb,plus_top2,2,"{""learning_rate"": 0.03, ""max_depth"": 2, ""min_child_weight"": 5, ""n_estimators"": 100, ""reg_lambda"": 1.0}",9.721484566131593,"[[""dq100_10_log_variance"", ""cycle10_rms_c_timeweighted"", ""dq100_10_mean_v2p0_2p4_ah"", ""dq100_10_mean_ah""], [""dq100_10_log_variance"", ""cycle10_rms_c_timeweighted"", ""dq100_10_q05_ah"", ""dq100_10_mean_ah""], [""dq100_10_log_variance"", ""cycle10_rms_c_timeweighted"", ""dq100_10_q05_ah"", ""dq100_10_mean_ah""]]",18
Stacking_Ridge_plus_top2/repeat2/outer1/meta1/xgb/tune,xgb,plus_top2,3,"{""learning_rate"": 0.03, ""max_depth"": 1, ""min_child_weight"": 3, ""n_estimators"": 100, ""reg_lambda"": 1.0}",9.005943179329469,"[[""dq100_10_log_variance"", ""cycle10_rms_c_timeweighted"", ""dq100_10_mean_v2p0_2p4_ah"", ""dq100_10_mean_ah""], [""dq100_10_log_variance"", ""cycle10_rms_c_timeweighted"", ""dq100_10_q05_ah"", ""dq100_10_mean_ah""], [""dq100_10_log_variance"", ""cycle10_rms_c_timeweighted"", ""dq100_10_q05_ah"", ""dq100_10_mean_ah""]]",18
Stacking_Ridge_plus_top2/repeat2/outer1/meta1/xgb/tune,xgb,plus_top2,4,"{""learning_rate"": 0.03, ""max_depth"": 3, ""min_child_weight"": 3, ""n_estimators"": 250, ""reg_lambda"": 10.0}",8.997011734683657,"[[""dq100_10_log_variance"", ""cycle10_rms_c_timeweighted"", ""dq100_10_mean_v2p0_2p4_ah"", ""dq100_10_mean_ah""], [""dq100_10_log_variance"", ""cycle10_rms_c_timeweighted"", ""dq100_10_q05_ah"", ""dq100_10_mean_ah""], [""dq100_10_log_variance"", ""cycle10_rms_c_timeweighted"", ""dq100_10_q05_ah"", ""dq100_10_mean_ah""]]",18
Stacking_Ridge_plus_top2/repeat2/outer1/meta1/xgb/tune,xgb,plus_top2,5,"{""learning_rate"": 0.07, ""max_depth"": 2, ""min_child_weight"": 3, ""n_estimators"": 100, ""reg_lambda"": 30.0}",10.89161022814659,"[[""dq100_10_log_variance"", ""cycle10_rms_c_timeweighted"", ""dq100_10_mean_v2p0_2p4_ah"", ""dq100_10_mean_ah""], [""dq100_10_log_variance"", ""cycle10_rms_c_timeweighted"", ""dq100_10_q05_ah"", ""dq100_10_mean_ah""], [""dq100_10_log_variance"", ""cycle10_rms_c_timeweighted"", ""dq100_10_q05_ah"", ""dq100_10_mean_ah""]]",18
Stacking_Ridge_plus_top2/repeat2/outer1/meta1/xgb/tune,xgb,plus_top2,6,"{""learning_rate"": 0.03, ""max_depth"": 1, ""min_child_weight"": 5, ""n_estimators"": 250, ""reg_lambda"": 10.0}",9.579303304204045,"[[""dq100_10_log_variance"", ""cycle10_rms_c_timeweighted"", ""dq100_10_mean_v2p0_2p4_ah"", ""dq100_10_mean_ah""], [""dq100_10_log_variance"", ""cycle10_rms_c_timeweighted"", ""dq100_10_q05_ah"", ""dq100_10_mean_ah""], [""dq100_10_log_variance"", ""cycle10_rms_c_timeweighted"", ""dq100_10_q05_ah"", ""dq100_10_mean_ah""]]",18
Stacking_Ridge_plus_top2/repeat2/outer1/meta1/xgb/tune,xgb,plus_top2,7,"{""learning_rate"": 0.03, ""max_depth"": 3, ""min_child_weight"": 5, ""n_estimators"": 250, ""reg_lambda"": 10.0}",9.579303304204045,"[[""dq100_10_log_variance"", ""cycle10_rms_c_timeweighted"", ""dq100_10_mean_v2p0_2p4_ah"", ""dq100_10_mean_ah""], [""dq100_10_log_variance"", ""cycle10_rms_c_timeweighted"", ""dq100_10_q05_ah"", ""dq100_10_mean_ah""], [""dq100_10_log_variance"", ""cycle10_rms_c_timeweighted"", ""dq100_10_q05_ah"", ""dq100_10_mean_ah""]]",18
Stacking_Ridge_plus_top2/repeat2/outer1/meta1/xgb/tune,xgb,plus_top2,8,"{""learning_rate"": 0.03, ""max_depth"": 2, ""min_child_weight"": 3, ""n_estimators"": 100, ""reg_lambda"": 1.0}",8.783863576599522,"[[""dq100_10_log_variance"", ""cycle10_rms_c_timeweighted"", ""dq100_10_mean_v2p0_2p4_ah"", ""dq100_10_mean_ah""], [""dq100_10_log_variance"", ""cycle10_rms_c_timeweighted"", ""dq100_10_q05_ah"", ""dq100_10_mean_ah""], [""dq100_10_log_variance"", ""cycle10_rms_c_timeweighted"", ""dq100_10_q05_ah"", ""dq100_10_mean_ah""]]",18
Stacking_Ridge_plus_top2/repeat2/outer1/meta1/xgb/tune,xgb,plus_top2,9,"{""learning_rate"": 0.07, ""max_depth"": 2, ""min_child_weight"": 5, ""n_estimators"": 100, ""reg_lambda"": 1.0}",10.02392203837023,"[[""dq100_10_log_variance"", ""cycle10_rms_c_timeweighted"", ""dq100_10_mean_v2p0_2p4_ah"", ""dq100_10_mean_ah""], [""dq100_10_log_variance"", ""cycle10_rms_c_timeweighted"", ""dq100_10_q05_ah"", ""dq100_10_mean_ah""], [""dq100_10_log_variance"", ""cycle10_rms_c_timeweighted"", ""dq100_10_q05_ah"", ""dq100_10_mean_ah""]]",18
Stacking_Ridge_plus_top2/repeat2/outer1/meta1/xgb/tune,xgb,plus_top2,10,"{""learning_rate"": 0.07, ""max_depth"": 1, ""min_child_weight"": 5, ""n_estimators"": 250, ""reg_lambda"": 30.0}",9.679017588097665,"[[""dq100_10_log_variance"", ""cycle10_rms_c_timeweighted"", ""dq100_10_mean_v2p0_2p4_ah"", ""dq100_10_mean_ah""], [""dq100_10_log_variance"", ""cycle10_rms_c_timeweighted"", ""dq100_10_q05_ah"", ""dq100_10_mean_ah""], [""dq100_10_log_variance"", ""cycle10_rms_c_timeweighted"", ""dq100_10_q05_ah"", ""dq100_10_mean_ah""]]",18
Stacking_Ridge_plus_top2/repeat2/outer1/meta1/xgb/tune,xgb,plus_top2,11,"{""learning_rate"": 0.03, ""max_depth"": 3, ""min_child_weight"": 5, ""n_estimators"": 100, ""reg_lambda"": 10.0}",10.772019919646123,"[[""dq100_10_log_variance"", ""cycle10_rms_c_timeweighted"", ""dq100_10_mean_v2p0_2p4_ah"", ""dq100_10_mean_ah""], [""dq100_10_log_variance"", ""cycle10_rms_c_timeweighted"", ""dq100_10_q05_ah"", ""dq100_10_mean_ah""], [""dq100_10_log_variance"", ""cycle10_rms_c_timeweighted"", ""dq100_10_q05_ah"", ""dq100_10_mean_ah""]]",18
Stacking_Ridge_plus_top2/repeat2/outer1/meta2/xgb/tune,xgb,plus_top2,0,"{""learning_rate"": 0.03, ""max_depth"": 1, ""min_child_weight"": 3, ""n_estimators"": 250, ""reg_lambda"": 10.0}",15.904682261584266,"[[""dq100_10_log_variance"", ""cycle10_rms_c_timeweighted"", ""dq100_10_q05_ah"", ""tavg_theilsen_10_100_degC_per_cycle""], [""dq100_10_log_variance"", ""cycle10_rms_c_timeweighted"", ""dq100_10_q05_ah"", ""dq100_10_mean_ah""], [""dq100_10_log_variance"", ""cycle10_rms_c_timeweighted"", ""dq100_10_q05_ah"", ""dq100_10_mean_ah""]]",17
Stacking_Ridge_plus_top2/repeat2/outer1/meta2/xgb/tune,xgb,plus_top2,1,"{""learning_rate"": 0.07, ""max_depth"": 3, ""min_child_weight"": 3, ""n_estimators"": 100, ""reg_lambda"": 30.0}",15.55975143821477,"[[""dq100_10_log_variance"", ""cycle10_rms_c_timeweighted"", ""dq100_10_q05_ah"", ""tavg_theilsen_10_100_degC_per_cycle""], [""dq100_10_log_variance"", ""cycle10_rms_c_timeweighted"", ""dq100_10_q05_ah"", ""dq100_10_mean_ah""], [""dq100_10_log_variance"", ""cycle10_rms_c_timeweighted"", ""dq100_10_q05_ah"", ""dq100_10_mean_ah""]]",17
Stacking_Ridge_plus_top2/repeat2/outer1/meta2/xgb/tune,xgb,plus_top2,2,"{""learning_rate"": 0.03, ""max_depth"": 2, ""min_child_weight"": 5, ""n_estimators"": 100, ""reg_lambda"": 1.0}",13.856743052893536,"[[""dq100_10_log_variance"", ""cycle10_rms_c_timeweighted"", ""dq100_10_q05_ah"", ""tavg_theilsen_10_100_degC_per_cycle""], [""dq100_10_log_variance"", ""cycle10_rms_c_timeweighted"", ""dq100_10_q05_ah"", ""dq100_10_mean_ah""], [""dq100_10_log_variance"", ""cycle10_rms_c_timeweighted"", ""dq100_10_q05_ah"", ""dq100_10_mean_ah""]]",17
Stacking_Ridge_plus_top2/repeat2/outer1/meta2/xgb/tune,xgb,plus_top2,3,"{""learning_rate"": 0.03, ""max_depth"": 1, ""min_child_weight"": 3, ""n_estimators"": 100, ""reg_lambda"": 1.0}",16.85896417510554,"[[""dq100_10_log_variance"", ""cycle10_rms_c_timeweighted"", ""dq100_10_q05_ah"", ""tavg_theilsen_10_100_degC_per_cycle""], [""dq100_10_log_variance"", ""cycle10_rms_c_timeweighted"", ""dq100_10_q05_ah"", ""dq100_10_mean_ah""], [""dq100_10_log_variance"", ""cycle10_rms_c_timeweighted"", ""dq100_10_q05_ah"", ""dq100_10_mean_ah""]]",17
Stacking_Ridge_plus_top2/repeat2/outer1/meta2/xgb/tune,xgb,plus_top2,4,"{""learning_rate"": 0.03, ""max_depth"": 3, ""min_child_weight"": 3, ""n_estimators"": 250, ""reg_lambda"": 10.0}",17.508342431185532,"[[""dq100_10_log_variance"", ""cycle10_rms_c_timeweighted"", ""dq100_10_q05_ah"", ""tavg_theilsen_10_100_degC_per_cycle""], [""dq100_10_log_variance"", ""cycle10_rms_c_timeweighted"", ""dq100_10_q05_ah"", ""dq100_10_mean_ah""], [""dq100_10_log_variance"", ""cycle10_rms_c_timeweighted"", ""dq100_10_q05_ah"", ""dq100_10_mean_ah""]]",17
Stacking_Ridge_plus_top2/repeat2/outer1/meta2/xgb/tune,xgb,plus_top2,5,"{""learning_rate"": 0.07, ""max_depth"": 2, ""min_child_weight"": 3, ""n_estimators"": 100, ""reg_lambda"": 30.0}",15.55975143821477,"[[""dq100_10_log_variance"", ""cycle10_rms_c_timeweighted"", ""dq100_10_q05_ah"", ""tavg_theilsen_10_100_degC_per_cycle""], [""dq100_10_log_variance"", ""cycle10_rms_c_timeweighted"", ""dq100_10_q05_ah"", ""dq100_10_mean_ah""], [""dq100_10_log_variance"", ""cycle10_rms_c_timeweighted"", ""dq100_10_q05_ah"", ""dq100_10_mean_ah""]]",17
Stacking_Ridge_plus_top2/repeat2/outer1/meta2/xgb/tune,xgb,plus_top2,6,"{""learning_rate"": 0.03, ""max_depth"": 1, ""min_child_weight"": 5, ""n_estimators"": 250, ""reg_lambda"": 10.0}",13.809191575100845,"[[""dq100_10_log_variance"", ""cycle10_rms_c_timeweighted"", ""dq100_10_q05_ah"", ""tavg_theilsen_10_100_degC_per_cycle""], [""dq100_10_log_variance"", ""cycle10_rms_c_timeweighted"", ""dq100_10_q05_ah"", ""dq100_10_mean_ah""], [""dq100_10_log_variance"", ""cycle10_rms_c_timeweighted"", ""dq100_10_q05_ah"", ""dq100_10_mean_ah""]]",17
Stacking_Ridge_plus_top2/repeat2/outer1/meta2/xgb/tune,xgb,plus_top2,7,"{""learning_rate"": 0.03, ""max_depth"": 3, ""min_child_weight"": 5, ""n_estimators"": 250, ""reg_lambda"": 10.0}",13.809191575100845,"[[""dq100_10_log_variance"", ""cycle10_rms_c_timeweighted"", ""dq100_10_q05_ah"", ""tavg_theilsen_10_100_degC_per_cycle""], [""dq100_10_log_variance"", ""cycle10_rms_c_timeweighted"", ""dq100_10_q05_ah"", ""dq100_10_mean_ah""], [""dq100_10_log_variance"", ""cycle10_rms_c_timeweighted"", ""dq100_10_q05_ah"", ""dq100_10_mean_ah""]]",17
Stacking_Ridge_plus_top2/repeat2/outer1/meta2/xgb/tune,xgb,plus_top2,8,"{""learning_rate"": 0.03, ""max_depth"": 2, ""min_child_weight"": 3, ""n_estimators"": 100, ""reg_lambda"": 1.0}",18.37602379537219,"[[""dq100_10_log_variance"", ""cycle10_rms_c_timeweighted"", ""dq100_10_q05_ah"", ""tavg_theilsen_10_100_degC_per_cycle""], [""dq100_10_log_variance"", ""cycle10_rms_c_timeweighted"", ""dq100_10_q05_ah"", ""dq100_10_mean_ah""], [""dq100_10_log_variance"", ""cycle10_rms_c_timeweighted"", ""dq100_10_q05_ah"", ""dq100_10_mean_ah""]]",17
Stacking_Ridge_plus_top2/repeat2/outer1/meta2/xgb/tune,xgb,plus_top2,9,"{""learning_rate"": 0.07, ""max_depth"": 2, ""min_child_weight"": 5, ""n_estimators"": 100, ""reg_lambda"": 1.0}",14.554747424948792,"[[""dq100_10_log_variance"", ""cycle10_rms_c_timeweighted"", ""dq100_10_q05_ah"", ""tavg_theilsen_10_100_degC_per_cycle""], [""dq100_10_log_variance"", ""cycle10_rms_c_timeweighted"", ""dq100_10_q05_ah"", ""dq100_10_mean_ah""], [""dq100_10_log_variance"", ""cycle10_rms_c_timeweighted"", ""dq100_10_q05_ah"", ""dq100_10_mean_ah""]]",17
Stacking_Ridge_plus_top2/repeat2/outer1/meta2/xgb/tune,xgb,plus_top2,10,"{""learning_rate"": 0.07, ""max_depth"": 1, ""min_child_weight"": 5, ""n_estimators"": 250, ""reg_lambda"": 30.0}",13.799373351085487,"[[""dq100_10_log_variance"", ""cycle10_rms_c_timeweighted"", ""dq100_10_q05_ah"", ""tavg_theilsen_10_100_degC_per_cycle""], [""dq100_10_log_variance"", ""cycle10_rms_c_timeweighted"", ""dq100_10_q05_ah"", ""dq100_10_mean_ah""], [""dq100_10_log_variance"", ""cycle10_rms_c_timeweighted"", ""dq100_10_q05_ah"", ""dq100_10_mean_ah""]]",17
Stacking_Ridge_plus_top2/repeat2/outer1/meta2/xgb/tune,xgb,plus_top2,11,"{""learning_rate"": 0.03, ""max_depth"": 3, ""min_child_weight"": 5, ""n_estimators"": 100, ""reg_lambda"": 10.0}",13.365710043633108,"[[""dq100_10_log_variance"", ""cycle10_rms_c_timeweighted"", ""dq100_10_q05_ah"", ""tavg_theilsen_10_100_degC_per_cycle""], [""dq100_10_log_variance"", ""cycle10_rms_c_timeweighted"", ""dq100_10_q05_ah"", ""dq100_10_mean_ah""], [""dq100_10_log_variance"", ""cycle10_rms_c_timeweighted"", ""dq100_10_q05_ah"", ""dq100_10_mean_ah""]]",17
Stacking_Ridge_plus_top2/repeat2/outer1/meta3/xgb/tune,xgb,plus_top2,0,"{""learning_rate"": 0.03, ""max_depth"": 1, ""min_child_weight"": 3, ""n_estimators"": 250, ""reg_lambda"": 10.0}",14.47540857524995,"[[""dq100_10_log_variance"", ""cycle10_rms_c_timeweighted"", ""dq100_10_q05_ah"", ""dq100_10_mean_ah""], [""dq100_10_log_variance"", ""cycle10_rms_c_timeweighted"", ""dq100_10_q05_ah"", ""dq100_10_mean_ah""], [""dq100_10_log_variance"", ""cycle10_rms_c_timeweighted"", ""dq100_10_q05_ah"", ""dq100_10_mean_ah""]]",19
Stacking_Ridge_plus_top2/repeat2/outer1/meta3/xgb/tune,xgb,plus_top2,1,"{""learning_rate"": 0.07, ""max_depth"": 3, ""min_child_weight"": 3, ""n_estimators"": 100, ""reg_lambda"": 30.0}",19.294381690227738,"[[""dq100_10_log_variance"", ""cycle10_rms_c_timeweighted"", ""dq100_10_q05_ah"", ""dq100_10_mean_ah""], [""dq100_10_log_variance"", ""cycle10_rms_c_timeweighted"", ""dq100_10_q05_ah"", ""dq100_10_mean_ah""], [""dq100_10_log_variance"", ""cycle10_rms_c_timeweighted"", ""dq100_10_q05_ah"", ""dq100_10_mean_ah""]]",19
Stacking_Ridge_plus_top2/repeat2/outer1/meta3/xgb/tune,xgb,plus_top2,2,"{""learning_rate"": 0.03, ""max_depth"": 2, ""min_child_weight"": 5, ""n_estimators"": 100, ""reg_lambda"": 1.0}",17.00569208167059,"[[""dq100_10_log_variance"", ""cycle10_rms_c_timeweighted"", ""dq100_10_q05_ah"", ""dq100_10_mean_ah""], [""dq100_10_log_variance"", ""cycle10_rms_c_timeweighted"", ""dq100_10_q05_ah"", ""dq100_10_mean_ah""], [""dq100_10_log_variance"", ""cycle10_rms_c_timeweighted"", ""dq100_10_q05_ah"", ""dq100_10_mean_ah""]]",19
Stacking_Ridge_plus_top2/repeat2/outer1/meta3/xgb/tune,xgb,plus_top2,3,"{""learning_rate"": 0.03, ""max_depth"": 1, ""min_child_weight"": 3, ""n_estimators"": 100, ""reg_lambda"": 1.0}",14.182672926686706,"[[""dq100_10_log_variance"", ""cycle10_rms_c_timeweighted"", ""dq100_10_q05_ah"", ""dq100_10_mean_ah""], [""dq100_10_log_variance"", ""cycle10_rms_c_timeweighted"", ""dq100_10_q05_ah"", ""dq100_10_mean_ah""], [""dq100_10_log_variance"", ""cycle10_rms_c_timeweighted"", ""dq100_10_q05_ah"", ""dq100_10_mean_ah""]]",19
Stacking_Ridge_plus_top2/repeat2/outer1/meta3/xgb/tune,xgb,plus_top2,4,"{""learning_rate"": 0.03, ""max_depth"": 3, ""min_child_weight"": 3, ""n_estimators"": 250, ""reg_lambda"": 10.0}",13.967361651944666,"[[""dq100_10_log_variance"", ""cycle10_rms_c_timeweighted"", ""dq100_10_q05_ah"", ""dq100_10_mean_ah""], [""dq100_10_log_variance"", ""cycle10_rms_c_timeweighted"", ""dq100_10_q05_ah"", ""dq100_10_mean_ah""], [""dq100_10_log_variance"", ""cycle10_rms_c_timeweighted"", ""dq100_10_q05_ah"", ""dq100_10_mean_ah""]]",19
Stacking_Ridge_plus_top2/repeat2/outer1/meta3/xgb/tune,xgb,plus_top2,5,"{""learning_rate"": 0.07, ""max_depth"": 2, ""min_child_weight"": 3, ""n_estimators"": 100, ""reg_lambda"": 30.0}",19.294381690227738,"[[""dq100_10_log_variance"", ""cycle10_rms_c_timeweighted"", ""dq100_10_q05_ah"", ""dq100_10_mean_ah""], [""dq100_10_log_variance"", ""cycle10_rms_c_timeweighted"", ""dq100_10_q05_ah"", ""dq100_10_mean_ah""], [""dq100_10_log_variance"", ""cycle10_rms_c_timeweighted"", ""dq100_10_q05_ah"", ""dq100_10_mean_ah""]]",19
Stacking_Ridge_plus_top2/repeat2/outer1/meta3/xgb/tune,xgb,plus_top2,6,"{""learning_rate"": 0.03, ""max_depth"": 1, ""min_child_weight"": 5, ""n_estimators"": 250, ""reg_lambda"": 10.0}",16.903391607568878,"[[""dq100_10_log_variance"", ""cycle10_rms_c_timeweighted"", ""dq100_10_q05_ah"", ""dq100_10_mean_ah""], [""dq100_10_log_variance"", ""cycle10_rms_c_timeweighted"", ""dq100_10_q05_ah"", ""dq100_10_mean_ah""], [""dq100_10_log_variance"", ""cycle10_rms_c_timeweighted"", ""dq100_10_q05_ah"", ""dq100_10_mean_ah""]]",19
Stacking_Ridge_plus_top2/repeat2/outer1/meta3/xgb/tune,xgb,plus_top2,7,"{""learning_rate"": 0.03, ""max_depth"": 3, ""min_child_weight"": 5, ""n_estimators"": 250, ""reg_lambda"": 10.0}",16.903391607568878,"[[""dq100_10_log_variance"", ""cycle10_rms_c_timeweighted"", ""dq100_10_q05_ah"", ""dq100_10_mean_ah""], [""dq100_10_log_variance"", ""cycle10_rms_c_timeweighted"", ""dq100_10_q05_ah"", ""dq100_10_mean_ah""], [""dq100_10_log_variance"", ""cycle10_rms_c_timeweighted"", ""dq100_10_q05_ah"", ""dq100_10_mean_ah""]]",19
Stacking_Ridge_plus_top2/repeat2/outer1/meta3/xgb/tune,xgb,plus_top2,8,"{""learning_rate"": 0.03, ""max_depth"": 2, ""min_child_weight"": 3, ""n_estimators"": 100, ""reg_lambda"": 1.0}",13.430777454169249,"[[""dq100_10_log_variance"", ""cycle10_rms_c_timeweighted"", ""dq100_10_q05_ah"", ""dq100_10_mean_ah""], [""dq100_10_log_variance"", ""cycle10_rms_c_timeweighted"", ""dq100_10_q05_ah"", ""dq100_10_mean_ah""], [""dq100_10_log_variance"", ""cycle10_rms_c_timeweighted"", ""dq100_10_q05_ah"", ""dq100_10_mean_ah""]]",19
Stacking_Ridge_plus_top2/repeat2/outer1/meta3/xgb/tune,xgb,plus_top2,9,"{""learning_rate"": 0.07, ""max_depth"": 2, ""min_child_weight"": 5, ""n_estimators"": 100, ""reg_lambda"": 1.0}",16.348733058796235,"[[""dq100_10_log_variance"", ""cycle10_rms_c_timeweighted"", ""dq100_10_q05_ah"", ""dq100_10_mean_ah""], [""dq100_10_log_variance"", ""cycle10_rms_c_timeweighted"", ""dq100_10_q05_ah"", ""dq100_10_mean_ah""], [""dq100_10_log_variance"", ""cycle10_rms_c_timeweighted"", ""dq100_10_q05_ah"", ""dq100_10_mean_ah""]]",19
Stacking_Ridge_plus_top2/repeat2/outer1/meta3/xgb/tune,xgb,plus_top2,10,"{""learning_rate"": 0.07, ""max_depth"": 1, ""min_child_weight"": 5, ""n_estimators"": 250, ""reg_lambda"": 30.0}",17.148140196611728,"[[""dq100_10_log_variance"", ""cycle10_rms_c_timeweighted"", ""dq100_10_q05_ah"", ""dq100_10_mean_ah""], [""dq100_10_log_variance"", ""cycle10_rms_c_timeweighted"", ""dq100_10_q05_ah"", ""dq100_10_mean_ah""], [""dq100_10_log_variance"", ""cycle10_rms_c_timeweighted"", ""dq100_10_q05_ah"", ""dq100_10_mean_ah""]]",19
Stacking_Ridge_plus_top2/repeat2/outer1/meta3/xgb/tune,xgb,plus_top2,11,"{""learning_rate"": 0.03, ""max_depth"": 3, ""min_child_weight"": 5, ""n_estimators"": 100, ""reg_lambda"": 10.0}",20.25795705394798,"[[""dq100_10_log_variance"", ""cycle10_rms_c_timeweighted"", ""dq100_10_q05_ah"", ""dq100_10_mean_ah""], [""dq100_10_log_variance"", ""cycle10_rms_c_timeweighted"", ""dq100_10_q05_ah"", ""dq100_10_mean_ah""], [""dq100_10_log_variance"", ""cycle10_rms_c_timeweighted"", ""dq100_10_q05_ah"", ""dq100_10_mean_ah""]]",19
Stacking_Ridge_plus_top2/repeat2/outer2/meta1/xgb/tune,xgb,plus_top2,0,"{""learning_rate"": 0.03, ""max_depth"": 1, ""min_child_weight"": 3, ""n_estimators"": 250, ""reg_lambda"": 10.0}",9.433489597792772,"[[""dq100_10_log_variance"", ""cycle10_rms_c_timeweighted"", ""dq100_10_q05_ah"", ""dq100_10_mean_ah""], [""dq100_10_log_variance"", ""cycle10_rms_c_timeweighted"", ""dq100_10_q05_ah"", ""dq100_10_mean_ah""], [""dq100_10_log_variance"", ""cycle10_rms_c_timeweighted"", ""dq100_10_q05_ah"", ""dq100_10_mean_ah""]]",18
Stacking_Ridge_plus_top2/repeat2/outer2/meta1/xgb/tune,xgb,plus_top2,1,"{""learning_rate"": 0.07, ""max_depth"": 3, ""min_child_weight"": 3, ""n_estimators"": 100, ""reg_lambda"": 30.0}",12.906495094867044,"[[""dq100_10_log_variance"", ""cycle10_rms_c_timeweighted"", ""dq100_10_q05_ah"", ""dq100_10_mean_ah""], [""dq100_10_log_variance"", ""cycle10_rms_c_timeweighted"", ""dq100_10_q05_ah"", ""dq100_10_mean_ah""], [""dq100_10_log_variance"", ""cycle10_rms_c_timeweighted"", ""dq100_10_q05_ah"", ""dq100_10_mean_ah""]]",18
Stacking_Ridge_plus_top2/repeat2/outer2/meta1/xgb/tune,xgb,plus_top2,2,"{""learning_rate"": 0.03, ""max_depth"": 2, ""min_child_weight"": 5, ""n_estimators"": 100, ""reg_lambda"": 1.0}",12.579303225753835,"[[""dq100_10_log_variance"", ""cycle10_rms_c_timeweighted"", ""dq100_10_q05_ah"", ""dq100_10_mean_ah""], [""dq100_10_log_variance"", ""cycle10_rms_c_timeweighted"", ""dq100_10_q05_ah"", ""dq100_10_mean_ah""], [""dq100_10_log_variance"", ""cycle10_rms_c_timeweighted"", ""dq100_10_q05_ah"", ""dq100_10_mean_ah""]]",18
Stacking_Ridge_plus_top2/repeat2/outer2/meta1/xgb/tune,xgb,plus_top2,3,"{""learning_rate"": 0.03, ""max_depth"": 1, ""min_child_weight"": 3, ""n_estimators"": 100, ""reg_lambda"": 1.0}",9.156830656450381,"[[""dq100_10_log_variance"", ""cycle10_rms_c_timeweighted"", ""dq100_10_q05_ah"", ""dq100_10_mean_ah""], [""dq100_10_log_variance"", ""cycle10_rms_c_timeweighted"", ""dq100_10_q05_ah"", ""dq100_10_mean_ah""], [""dq100_10_log_variance"", ""cycle10_rms_c_timeweighted"", ""dq100_10_q05_ah"", ""dq100_10_mean_ah""]]",18
Stacking_Ridge_plus_top2/repeat2/outer2/meta1/xgb/tune,xgb,plus_top2,4,"{""learning_rate"": 0.03, ""max_depth"": 3, ""min_child_weight"": 3, ""n_estimators"": 250, ""reg_lambda"": 10.0}",9.185284632676668,"[[""dq100_10_log_variance"", ""cycle10_rms_c_timeweighted"", ""dq100_10_q05_ah"", ""dq100_10_mean_ah""], [""dq100_10_log_variance"", ""cycle10_rms_c_timeweighted"", ""dq100_10_q05_ah"", ""dq100_10_mean_ah""], [""dq100_10_log_variance"", ""cycle10_rms_c_timeweighted"", ""dq100_10_q05_ah"", ""dq100_10_mean_ah""]]",18
Stacking_Ridge_plus_top2/repeat2/outer2/meta1/xgb/tune,xgb,plus_top2,5,"{""learning_rate"": 0.07, ""max_depth"": 2, ""min_child_weight"": 3, ""n_estimators"": 100, ""reg_lambda"": 30.0}",12.906495094867044,"[[""dq100_10_log_variance"", ""cycle10_rms_c_timeweighted"", ""dq100_10_q05_ah"", ""dq100_10_mean_ah""], [""dq100_10_log_variance"", ""cycle10_rms_c_timeweighted"", ""dq100_10_q05_ah"", ""dq100_10_mean_ah""], [""dq100_10_log_variance"", ""cycle10_rms_c_timeweighted"", ""dq100_10_q05_ah"", ""dq100_10_mean_ah""]]",18
Stacking_Ridge_plus_top2/repeat2/outer2/meta1/xgb/tune,xgb,plus_top2,6,"{""learning_rate"": 0.03, ""max_depth"": 1, ""min_child_weight"": 5, ""n_estimators"": 250, ""reg_lambda"": 10.0}",12.534744713642471,"[[""dq100_10_log_variance"", ""cycle10_rms_c_timeweighted"", ""dq100_10_q05_ah"", ""dq100_10_mean_ah""], [""dq100_10_log_variance"", ""cycle10_rms_c_timeweighted"", ""dq100_10_q05_ah"", ""dq100_10_mean_ah""], [""dq100_10_log_variance"", ""cycle10_rms_c_timeweighted"", ""dq100_10_q05_ah"", ""dq100_10_mean_ah""]]",18
Stacking_Ridge_plus_top2/repeat2/outer2/meta1/xgb/tune,xgb,plus_top2,7,"{""learning_rate"": 0.03, ""max_depth"": 3, ""min_child_weight"": 5, ""n_estimators"": 250, ""reg_lambda"": 10.0}",12.534744713642471,"[[""dq100_10_log_variance"", ""cycle10_rms_c_timeweighted"", ""dq100_10_q05_ah"", ""dq100_10_mean_ah""], [""dq100_10_log_variance"", ""cycle10_rms_c_timeweighted"", ""dq100_10_q05_ah"", ""dq100_10_mean_ah""], [""dq100_10_log_variance"", ""cycle10_rms_c_timeweighted"", ""dq100_10_q05_ah"", ""dq100_10_mean_ah""]]",18
Stacking_Ridge_plus_top2/repeat2/outer2/meta1/xgb/tune,xgb,plus_top2,8,"{""learning_rate"": 0.03, ""max_depth"": 2, ""min_child_weight"": 3, ""n_estimators"": 100, ""reg_lambda"": 1.0}",8.746104454233096,"[[""dq100_10_log_variance"", ""cycle10_rms_c_timeweighted"", ""dq100_10_q05_ah"", ""dq100_10_mean_ah""], [""dq100_10_log_variance"", ""cycle10_rms_c_timeweighted"", ""dq100_10_q05_ah"", ""dq100_10_mean_ah""], [""dq100_10_log_variance"", ""cycle10_rms_c_timeweighted"", ""dq100_10_q05_ah"", ""dq100_10_mean_ah""]]",18
Stacking_Ridge_plus_top2/repeat2/outer2/meta1/xgb/tune,xgb,plus_top2,9,"{""learning_rate"": 0.07, ""max_depth"": 2, ""min_child_weight"": 5, ""n_estimators"": 100, ""reg_lambda"": 1.0}",12.563713572610718,"[[""dq100_10_log_variance"", ""cycle10_rms_c_timeweighted"", ""dq100_10_q05_ah"", ""dq100_10_mean_ah""], [""dq100_10_log_variance"", ""cycle10_rms_c_timeweighted"", ""dq100_10_q05_ah"", ""dq100_10_mean_ah""], [""dq100_10_log_variance"", ""cycle10_rms_c_timeweighted"", ""dq100_10_q05_ah"", ""dq100_10_mean_ah""]]",18
Stacking_Ridge_plus_top2/repeat2/outer2/meta1/xgb/tune,xgb,plus_top2,10,"{""learning_rate"": 0.07, ""max_depth"": 1, ""min_child_weight"": 5, ""n_estimators"": 250, ""reg_lambda"": 30.0}",12.511393208849892,"[[""dq100_10_log_variance"", ""cycle10_rms_c_timeweighted"", ""dq100_10_q05_ah"", ""dq100_10_mean_ah""], [""dq100_10_log_variance"", ""cycle10_rms_c_timeweighted"", ""dq100_10_q05_ah"", ""dq100_10_mean_ah""], [""dq100_10_log_variance"", ""cycle10_rms_c_timeweighted"", ""dq100_10_q05_ah"", ""dq100_10_mean_ah""]]",18
Stacking_Ridge_plus_top2/repeat2/outer2/meta1/xgb/tune,xgb,plus_top2,11,"{""learning_rate"": 0.03, ""max_depth"": 3, ""min_child_weight"": 5, ""n_estimators"": 100, ""reg_lambda"": 10.0}",14.47471338188776,"[[""dq100_10_log_variance"", ""cycle10_rms_c_timeweighted"", ""dq100_10_q05_ah"", ""dq100_10_mean_ah""], [""dq100_10_log_variance"", ""cycle10_rms_c_timeweighted"", ""dq100_10_q05_ah"", ""dq100_10_mean_ah""], [""dq100_10_log_variance"", ""cycle10_rms_c_timeweighted"", ""dq100_10_q05_ah"", ""dq100_10_mean_ah""]]",18
Stacking_Ridge_plus_top2/repeat2/outer2/meta2/xgb/tune,xgb,plus_top2,0,"{""learning_rate"": 0.03, ""max_depth"": 1, ""min_child_weight"": 3, ""n_estimators"": 250, ""reg_lambda"": 10.0}",9.929217723998953,"[[""dq100_10_log_variance"", ""cycle10_rms_c_timeweighted"", ""tavg_theilsen_10_100_degC_per_cycle"", ""dq100_10_q05_ah""], [""dq100_10_log_variance"", ""cycle10_rms_c_timeweighted"", ""dq100_10_q05_ah"", ""dq100_10_mean_ah""], [""dq100_10_log_variance"", ""cycle10_rms_c_timeweighted"", ""dq100_10_q05_ah"", ""dq100_10_mean_ah""]]",18
Stacking_Ridge_plus_top2/repeat2/outer2/meta2/xgb/tune,xgb,plus_top2,1,"{""learning_rate"": 0.07, ""max_depth"": 3, ""min_child_weight"": 3, ""n_estimators"": 100, ""reg_lambda"": 30.0}",12.914055802088964,"[[""dq100_10_log_variance"", ""cycle10_rms_c_timeweighted"", ""tavg_theilsen_10_100_degC_per_cycle"", ""dq100_10_q05_ah""], [""dq100_10_log_variance"", ""cycle10_rms_c_timeweighted"", ""dq100_10_q05_ah"", ""dq100_10_mean_ah""], [""dq100_10_log_variance"", ""cycle10_rms_c_timeweighted"", ""dq100_10_q05_ah"", ""dq100_10_mean_ah""]]",18
Stacking_Ridge_plus_top2/repeat2/outer2/meta2/xgb/tune,xgb,plus_top2,2,"{""learning_rate"": 0.03, ""max_depth"": 2, ""min_child_weight"": 5, ""n_estimators"": 100, ""reg_lambda"": 1.0}",12.023786277207954,"[[""dq100_10_log_variance"", ""cycle10_rms_c_timeweighted"", ""tavg_theilsen_10_100_degC_per_cycle"", ""dq100_10_q05_ah""], [""dq100_10_log_variance"", ""cycle10_rms_c_timeweighted"", ""dq100_10_q05_ah"", ""dq100_10_mean_ah""], [""dq100_10_log_variance"", ""cycle10_rms_c_timeweighted"", ""dq100_10_q05_ah"", ""dq100_10_mean_ah""]]",18
Stacking_Ridge_plus_top2/repeat2/outer2/meta2/xgb/tune,xgb,plus_top2,3,"{""learning_rate"": 0.03, ""max_depth"": 1, ""min_child_weight"": 3, ""n_estimators"": 100, ""reg_lambda"": 1.0}",10.71108009476927,"[[""dq100_10_log_variance"", ""cycle10_rms_c_timeweighted"", ""tavg_theilsen_10_100_degC_per_cycle"", ""dq100_10_q05_ah""], [""dq100_10_log_variance"", ""cycle10_rms_c_timeweighted"", ""dq100_10_q05_ah"", ""dq100_10_mean_ah""], [""dq100_10_log_variance"", ""cycle10_rms_c_timeweighted"", ""dq100_10_q05_ah"", ""dq100_10_mean_ah""]]",18
Stacking_Ridge_plus_top2/repeat2/outer2/meta2/xgb/tune,xgb,plus_top2,4,"{""learning_rate"": 0.03, ""max_depth"": 3, ""min_child_weight"": 3, ""n_estimators"": 250, ""reg_lambda"": 10.0}",10.035316101802112,"[[""dq100_10_log_variance"", ""cycle10_rms_c_timeweighted"", ""tavg_theilsen_10_100_degC_per_cycle"", ""dq100_10_q05_ah""], [""dq100_10_log_variance"", ""cycle10_rms_c_timeweighted"", ""dq100_10_q05_ah"", ""dq100_10_mean_ah""], [""dq100_10_log_variance"", ""cycle10_rms_c_timeweighted"", ""dq100_10_q05_ah"", ""dq100_10_mean_ah""]]",18
Stacking_Ridge_plus_top2/repeat2/outer2/meta2/xgb/tune,xgb,plus_top2,5,"{""learning_rate"": 0.07, ""max_depth"": 2, ""min_child_weight"": 3, ""n_estimators"": 100, ""reg_lambda"": 30.0}",12.914055802088964,"[[""dq100_10_log_variance"", ""cycle10_rms_c_timeweighted"", ""tavg_theilsen_10_100_degC_per_cycle"", ""dq100_10_q05_ah""], [""dq100_10_log_variance"", ""cycle10_rms_c_timeweighted"", ""dq100_10_q05_ah"", ""dq100_10_mean_ah""], [""dq100_10_log_variance"", ""cycle10_rms_c_timeweighted"", ""dq100_10_q05_ah"", ""dq100_10_mean_ah""]]",18
Stacking_Ridge_plus_top2/repeat2/outer2/meta2/xgb/tune,xgb,plus_top2,6,"{""learning_rate"": 0.03, ""max_depth"": 1, ""min_child_weight"": 5, ""n_estimators"": 250, ""reg_lambda"": 10.0}",11.918343217160201,"[[""dq100_10_log_variance"", ""cycle10_rms_c_timeweighted"", ""tavg_theilsen_10_100_degC_per_cycle"", ""dq100_10_q05_ah""], [""dq100_10_log_variance"", ""cycle10_rms_c_timeweighted"", ""dq100_10_q05_ah"", ""dq100_10_mean_ah""], [""dq100_10_log_variance"", ""cycle10_rms_c_timeweighted"", ""dq100_10_q05_ah"", ""dq100_10_mean_ah""]]",18
Stacking_Ridge_plus_top2/repeat2/outer2/meta2/xgb/tune,xgb,plus_top2,7,"{""learning_rate"": 0.03, ""max_depth"": 3, ""min_child_weight"": 5, ""n_estimators"": 250, ""reg_lambda"": 10.0}",11.918343217160201,"[[""dq100_10_log_variance"", ""cycle10_rms_c_timeweighted"", ""tavg_theilsen_10_100_degC_per_cycle"", ""dq100_10_q05_ah""], [""dq100_10_log_variance"", ""cycle10_rms_c_timeweighted"", ""dq100_10_q05_ah"", ""dq100_10_mean_ah""], [""dq100_10_log_variance"", ""cycle10_rms_c_timeweighted"", ""dq100_10_q05_ah"", ""dq100_10_mean_ah""]]",18
Stacking_Ridge_plus_top2/repeat2/outer2/meta2/xgb/tune,xgb,plus_top2,8,"{""learning_rate"": 0.03, ""max_depth"": 2, ""min_child_weight"": 3, ""n_estimators"": 100, ""reg_lambda"": 1.0}",10.55350175477798,"[[""dq100_10_log_variance"", ""cycle10_rms_c_timeweighted"", ""tavg_theilsen_10_100_degC_per_cycle"", ""dq100_10_q05_ah""], [""dq100_10_log_variance"", ""cycle10_rms_c_timeweighted"", ""dq100_10_q05_ah"", ""dq100_10_mean_ah""], [""dq100_10_log_variance"", ""cycle10_rms_c_timeweighted"", ""dq100_10_q05_ah"", ""dq100_10_mean_ah""]]",18
Stacking_Ridge_plus_top2/repeat2/outer2/meta2/xgb/tune,xgb,plus_top2,9,"{""learning_rate"": 0.07, ""max_depth"": 2, ""min_child_weight"": 5, ""n_estimators"": 100, ""reg_lambda"": 1.0}",11.224483772661612,"[[""dq100_10_log_variance"", ""cycle10_rms_c_timeweighted"", ""tavg_theilsen_10_100_degC_per_cycle"", ""dq100_10_q05_ah""], [""dq100_10_log_variance"", ""cycle10_rms_c_timeweighted"", ""dq100_10_q05_ah"", ""dq100_10_mean_ah""], [""dq100_10_log_variance"", ""cycle10_rms_c_timeweighted"", ""dq100_10_q05_ah"", ""dq100_10_mean_ah""]]",18
Stacking_Ridge_plus_top2/repeat2/outer2/meta2/xgb/tune,xgb,plus_top2,10,"{""learning_rate"": 0.07, ""max_depth"": 1, ""min_child_weight"": 5, ""n_estimators"": 250, ""reg_lambda"": 30.0}",12.287272729394244,"[[""dq100_10_log_variance"", ""cycle10_rms_c_timeweighted"", ""tavg_theilsen_10_100_degC_per_cycle"", ""dq100_10_q05_ah""], [""dq100_10_log_variance"", ""cycle10_rms_c_timeweighted"", ""dq100_10_q05_ah"", ""dq100_10_mean_ah""], [""dq100_10_log_variance"", ""cycle10_rms_c_timeweighted"", ""dq100_10_q05_ah"", ""dq100_10_mean_ah""]]",18
Stacking_Ridge_plus_top2/repeat2/outer2/meta2/xgb/tune,xgb,plus_top2,11,"{""learning_rate"": 0.03, ""max_depth"": 3, ""min_child_weight"": 5, ""n_estimators"": 100, ""reg_lambda"": 10.0}",14.075611956264286,"[[""dq100_10_log_variance"", ""cycle10_rms_c_timeweighted"", ""tavg_theilsen_10_100_degC_per_cycle"", ""dq100_10_q05_ah""], [""dq100_10_log_variance"", ""cycle10_rms_c_timeweighted"", ""dq100_10_q05_ah"", ""dq100_10_mean_ah""], [""dq100_10_log_variance"", ""cycle10_rms_c_timeweighted"", ""dq100_10_q05_ah"", ""dq100_10_mean_ah""]]",18
Stacking_Ridge_plus_top2/repeat2/outer2/meta3/xgb/tune,xgb,plus_top2,0,"{""learning_rate"": 0.03, ""max_depth"": 1, ""min_child_weight"": 3, ""n_estimators"": 250, ""reg_lambda"": 10.0}",9.733536636084812,"[[""dq100_10_log_variance"", ""cycle10_rms_c_timeweighted"", ""dq100_10_q05_ah"", ""dq100_10_mean_ah""], [""dq100_10_log_variance"", ""cycle10_rms_c_timeweighted"", ""dq100_10_q05_ah"", ""dq100_10_mean_ah""], [""dq100_10_log_variance"", ""cycle10_rms_c_timeweighted"", ""dq100_10_q05_ah"", ""dq100_10_mean_ah""]]",20
Stacking_Ridge_plus_top2/repeat2/outer2/meta3/xgb/tune,xgb,plus_top2,1,"{""learning_rate"": 0.07, ""max_depth"": 3, ""min_child_weight"": 3, ""n_estimators"": 100, ""reg_lambda"": 30.0}",10.283138344317281,"[[""dq100_10_log_variance"", ""cycle10_rms_c_timeweighted"", ""dq100_10_q05_ah"", ""dq100_10_mean_ah""], [""dq100_10_log_variance"", ""cycle10_rms_c_timeweighted"", ""dq100_10_q05_ah"", ""dq100_10_mean_ah""], [""dq100_10_log_variance"", ""cycle10_rms_c_timeweighted"", ""dq100_10_q05_ah"", ""dq100_10_mean_ah""]]",20
Stacking_Ridge_plus_top2/repeat2/outer2/meta3/xgb/tune,xgb,plus_top2,2,"{""learning_rate"": 0.03, ""max_depth"": 2, ""min_child_weight"": 5, ""n_estimators"": 100, ""reg_lambda"": 1.0}",9.539702803849726,"[[""dq100_10_log_variance"", ""cycle10_rms_c_timeweighted"", ""dq100_10_q05_ah"", ""dq100_10_mean_ah""], [""dq100_10_log_variance"", ""cycle10_rms_c_timeweighted"", ""dq100_10_q05_ah"", ""dq100_10_mean_ah""], [""dq100_10_log_variance"", ""cycle10_rms_c_timeweighted"", ""dq100_10_q05_ah"", ""dq100_10_mean_ah""]]",20
Stacking_Ridge_plus_top2/repeat2/outer2/meta3/xgb/tune,xgb,plus_top2,3,"{""learning_rate"": 0.03, ""max_depth"": 1, ""min_child_weight"": 3, ""n_estimators"": 100, ""reg_lambda"": 1.0}",9.706561945862294,"[[""dq100_10_log_variance"", ""cycle10_rms_c_timeweighted"", ""dq100_10_q05_ah"", ""dq100_10_mean_ah""], [""dq100_10_log_variance"", ""cycle10_rms_c_timeweighted"", ""dq100_10_q05_ah"", ""dq100_10_mean_ah""], [""dq100_10_log_variance"", ""cycle10_rms_c_timeweighted"", ""dq100_10_q05_ah"", ""dq100_10_mean_ah""]]",20
Stacking_Ridge_plus_top2/repeat2/outer2/meta3/xgb/tune,xgb,plus_top2,4,"{""learning_rate"": 0.03, ""max_depth"": 3, ""min_child_weight"": 3, ""n_estimators"": 250, ""reg_lambda"": 10.0}",10.15831278401195,"[[""dq100_10_log_variance"", ""cycle10_rms_c_timeweighted"", ""dq100_10_q05_ah"", ""dq100_10_mean_ah""], [""dq100_10_log_variance"", ""cycle10_rms_c_timeweighted"", ""dq100_10_q05_ah"", ""dq100_10_mean_ah""], [""dq100_10_log_variance"", ""cycle10_rms_c_timeweighted"", ""dq100_10_q05_ah"", ""dq100_10_mean_ah""]]",20
Stacking_Ridge_plus_top2/repeat2/outer2/meta3/xgb/tune,xgb,plus_top2,5,"{""learning_rate"": 0.07, ""max_depth"": 2, ""min_child_weight"": 3, ""n_estimators"": 100, ""reg_lambda"": 30.0}",10.283138344317281,"[[""dq100_10_log_variance"", ""cycle10_rms_c_timeweighted"", ""dq100_10_q05_ah"", ""dq100_10_mean_ah""], [""dq100_10_log_variance"", ""cycle10_rms_c_timeweighted"", ""dq100_10_q05_ah"", ""dq100_10_mean_ah""], [""dq100_10_log_variance"", ""cycle10_rms_c_timeweighted"", ""dq100_10_q05_ah"", ""dq100_10_mean_ah""]]",20
Stacking_Ridge_plus_top2/repeat2/outer2/meta3/xgb/tune,xgb,plus_top2,6,"{""learning_rate"": 0.03, ""max_depth"": 1, ""min_child_weight"": 5, ""n_estimators"": 250, ""reg_lambda"": 10.0}",9.564247443237887,"[[""dq100_10_log_variance"", ""cycle10_rms_c_timeweighted"", ""dq100_10_q05_ah"", ""dq100_10_mean_ah""], [""dq100_10_log_variance"", ""cycle10_rms_c_timeweighted"", ""dq100_10_q05_ah"", ""dq100_10_mean_ah""], [""dq100_10_log_variance"", ""cycle10_rms_c_timeweighted"", ""dq100_10_q05_ah"", ""dq100_10_mean_ah""]]",20
Stacking_Ridge_plus_top2/repeat2/outer2/meta3/xgb/tune,xgb,plus_top2,7,"{""learning_rate"": 0.03, ""max_depth"": 3, ""min_child_weight"": 5, ""n_estimators"": 250, ""reg_lambda"": 10.0}",9.564247443237887,"[[""dq100_10_log_variance"", ""cycle10_rms_c_timeweighted"", ""dq100_10_q05_ah"", ""dq100_10_mean_ah""], [""dq100_10_log_variance"", ""cycle10_rms_c_timeweighted"", ""dq100_10_q05_ah"", ""dq100_10_mean_ah""], [""dq100_10_log_variance"", ""cycle10_rms_c_timeweighted"", ""dq100_10_q05_ah"", ""dq100_10_mean_ah""]]",20
Stacking_Ridge_plus_top2/repeat2/outer2/meta3/xgb/tune,xgb,plus_top2,8,"{""learning_rate"": 0.03, ""max_depth"": 2, ""min_child_weight"": 3, ""n_estimators"": 100, ""reg_lambda"": 1.0}",9.79184439073144,"[[""dq100_10_log_variance"", ""cycle10_rms_c_timeweighted"", ""dq100_10_q05_ah"", ""dq100_10_mean_ah""], [""dq100_10_log_variance"", ""cycle10_rms_c_timeweighted"", ""dq100_10_q05_ah"", ""dq100_10_mean_ah""], [""dq100_10_log_variance"", ""cycle10_rms_c_timeweighted"", ""dq100_10_q05_ah"", ""dq100_10_mean_ah""]]",20
Stacking_Ridge_plus_top2/repeat2/outer2/meta3/xgb/tune,xgb,plus_top2,9,"{""learning_rate"": 0.07, ""max_depth"": 2, ""min_child_weight"": 5, ""n_estimators"": 100, ""reg_lambda"": 1.0}",9.717699074948435,"[[""dq100_10_log_variance"", ""cycle10_rms_c_timeweighted"", ""dq100_10_q05_ah"", ""dq100_10_mean_ah""], [""dq100_10_log_variance"", ""cycle10_rms_c_timeweighted"", ""dq100_10_q05_ah"", ""dq100_10_mean_ah""], [""dq100_10_log_variance"", ""cycle10_rms_c_timeweighted"", ""dq100_10_q05_ah"", ""dq100_10_mean_ah""]]",20
Stacking_Ridge_plus_top2/repeat2/outer2/meta3/xgb/tune,xgb,plus_top2,10,"{""learning_rate"": 0.07, ""max_depth"": 1, ""min_child_weight"": 5, ""n_estimators"": 250, ""reg_lambda"": 30.0}",9.57957083116085,"[[""dq100_10_log_variance"", ""cycle10_rms_c_timeweighted"", ""dq100_10_q05_ah"", ""dq100_10_mean_ah""], [""dq100_10_log_variance"", ""cycle10_rms_c_timeweighted"", ""dq100_10_q05_ah"", ""dq100_10_mean_ah""], [""dq100_10_log_variance"", ""cycle10_rms_c_timeweighted"", ""dq100_10_q05_ah"", ""dq100_10_mean_ah""]]",20
Stacking_Ridge_plus_top2/repeat2/outer2/meta3/xgb/tune,xgb,plus_top2,11,"{""learning_rate"": 0.03, ""max_depth"": 3, ""min_child_weight"": 5, ""n_estimators"": 100, ""reg_lambda"": 10.0}",10.12806119950671,"[[""dq100_10_log_variance"", ""cycle10_rms_c_timeweighted"", ""dq100_10_q05_ah"", ""dq100_10_mean_ah""], [""dq100_10_log_variance"", ""cycle10_rms_c_timeweighted"", ""dq100_10_q05_ah"", ""dq100_10_mean_ah""], [""dq100_10_log_variance"", ""cycle10_rms_c_timeweighted"", ""dq100_10_q05_ah"", ""dq100_10_mean_ah""]]",20
Stacking_Ridge_plus_top2/repeat2/outer3/meta1/xgb/tune,xgb,plus_top2,0,"{""learning_rate"": 0.03, ""max_depth"": 1, ""min_child_weight"": 3, ""n_estimators"": 250, ""reg_lambda"": 10.0}",8.099056049332487,"[[""dq100_10_log_variance"", ""cycle10_rms_c_timeweighted"", ""dq100_10_q05_ah"", ""dq100_10_mean_ah""], [""dq100_10_log_variance"", ""cycle10_rms_c_timeweighted"", ""dq100_10_q05_ah"", ""dq100_10_mean_ah""], [""dq100_10_log_variance"", ""cycle10_rms_c_timeweighted"", ""dq100_10_q05_ah"", ""dq100_10_mean_ah""]]",18
Stacking_Ridge_plus_top2/repeat2/outer3/meta1/xgb/tune,xgb,plus_top2,1,"{""learning_rate"": 0.07, ""max_depth"": 3, ""min_child_weight"": 3, ""n_estimators"": 100, ""reg_lambda"": 30.0}",9.187578878420938,"[[""dq100_10_log_variance"", ""cycle10_rms_c_timeweighted"", ""dq100_10_q05_ah"", ""dq100_10_mean_ah""], [""dq100_10_log_variance"", ""cycle10_rms_c_timeweighted"", ""dq100_10_q05_ah"", ""dq100_10_mean_ah""], [""dq100_10_log_variance"", ""cycle10_rms_c_timeweighted"", ""dq100_10_q05_ah"", ""dq100_10_mean_ah""]]",18
Stacking_Ridge_plus_top2/repeat2/outer3/meta1/xgb/tune,xgb,plus_top2,2,"{""learning_rate"": 0.03, ""max_depth"": 2, ""min_child_weight"": 5, ""n_estimators"": 100, ""reg_lambda"": 1.0}",8.321421378791843,"[[""dq100_10_log_variance"", ""cycle10_rms_c_timeweighted"", ""dq100_10_q05_ah"", ""dq100_10_mean_ah""], [""dq100_10_log_variance"", ""cycle10_rms_c_timeweighted"", ""dq100_10_q05_ah"", ""dq100_10_mean_ah""], [""dq100_10_log_variance"", ""cycle10_rms_c_timeweighted"", ""dq100_10_q05_ah"", ""dq100_10_mean_ah""]]",18
Stacking_Ridge_plus_top2/repeat2/outer3/meta1/xgb/tune,xgb,plus_top2,3,"{""learning_rate"": 0.03, ""max_depth"": 1, ""min_child_weight"": 3, ""n_estimators"": 100, ""reg_lambda"": 1.0}",8.2808677868416,"[[""dq100_10_log_variance"", ""cycle10_rms_c_timeweighted"", ""dq100_10_q05_ah"", ""dq100_10_mean_ah""], [""dq100_10_log_variance"", ""cycle10_rms_c_timeweighted"", ""dq100_10_q05_ah"", ""dq100_10_mean_ah""], [""dq100_10_log_variance"", ""cycle10_rms_c_timeweighted"", ""dq100_10_q05_ah"", ""dq100_10_mean_ah""]]",18
Stacking_Ridge_plus_top2/repeat2/outer3/meta1/xgb/tune,xgb,plus_top2,4,"{""learning_rate"": 0.03, ""max_depth"": 3, ""min_child_weight"": 3, ""n_estimators"": 250, ""reg_lambda"": 10.0}",8.464441274226708,"[[""dq100_10_log_variance"", ""cycle10_rms_c_timeweighted"", ""dq100_10_q05_ah"", ""dq100_10_mean_ah""], [""dq100_10_log_variance"", ""cycle10_rms_c_timeweighted"", ""dq100_10_q05_ah"", ""dq100_10_mean_ah""], [""dq100_10_log_variance"", ""cycle10_rms_c_timeweighted"", ""dq100_10_q05_ah"", ""dq100_10_mean_ah""]]",18
Stacking_Ridge_plus_top2/repeat2/outer3/meta1/xgb/tune,xgb,plus_top2,5,"{""learning_rate"": 0.07, ""max_depth"": 2, ""min_child_weight"": 3, ""n_estimators"": 100, ""reg_lambda"": 30.0}",9.187578878420938,"[[""dq100_10_log_variance"", ""cycle10_rms_c_timeweighted"", ""dq100_10_q05_ah"", ""dq100_10_mean_ah""], [""dq100_10_log_variance"", ""cycle10_rms_c_timeweighted"", ""dq100_10_q05_ah"", ""dq100_10_mean_ah""], [""dq100_10_log_variance"", ""cycle10_rms_c_timeweighted"", ""dq100_10_q05_ah"", ""dq100_10_mean_ah""]]",18
Stacking_Ridge_plus_top2/repeat2/outer3/meta1/xgb/tune,xgb,plus_top2,6,"{""learning_rate"": 0.03, ""max_depth"": 1, ""min_child_weight"": 5, ""n_estimators"": 250, ""reg_lambda"": 10.0}",8.098808059087593,"[[""dq100_10_log_variance"", ""cycle10_rms_c_timeweighted"", ""dq100_10_q05_ah"", ""dq100_10_mean_ah""], [""dq100_10_log_variance"", ""cycle10_rms_c_timeweighted"", ""dq100_10_q05_ah"", ""dq100_10_mean_ah""], [""dq100_10_log_variance"", ""cycle10_rms_c_timeweighted"", ""dq100_10_q05_ah"", ""dq100_10_mean_ah""]]",18
Stacking_Ridge_plus_top2/repeat2/outer3/meta1/xgb/tune,xgb,plus_top2,7,"{""learning_rate"": 0.03, ""max_depth"": 3, ""min_child_weight"": 5, ""n_estimators"": 250, ""reg_lambda"": 10.0}",8.098808059087593,"[[""dq100_10_log_variance"", ""cycle10_rms_c_timeweighted"", ""dq100_10_q05_ah"", ""dq100_10_mean_ah""], [""dq100_10_log_variance"", ""cycle10_rms_c_timeweighted"", ""dq100_10_q05_ah"", ""dq100_10_mean_ah""], [""dq100_10_log_variance"", ""cycle10_rms_c_timeweighted"", ""dq100_10_q05_ah"", ""dq100_10_mean_ah""]]",18
Stacking_Ridge_plus_top2/repeat2/outer3/meta1/xgb/tune,xgb,plus_top2,8,"{""learning_rate"": 0.03, ""max_depth"": 2, ""min_child_weight"": 3, ""n_estimators"": 100, ""reg_lambda"": 1.0}",8.428254840815095,"[[""dq100_10_log_variance"", ""cycle10_rms_c_timeweighted"", ""dq100_10_q05_ah"", ""dq100_10_mean_ah""], [""dq100_10_log_variance"", ""cycle10_rms_c_timeweighted"", ""dq100_10_q05_ah"", ""dq100_10_mean_ah""], [""dq100_10_log_variance"", ""cycle10_rms_c_timeweighted"", ""dq100_10_q05_ah"", ""dq100_10_mean_ah""]]",18
Stacking_Ridge_plus_top2/repeat2/outer3/meta1/xgb/tune,xgb,plus_top2,9,"{""learning_rate"": 0.07, ""max_depth"": 2, ""min_child_weight"": 5, ""n_estimators"": 100, ""reg_lambda"": 1.0}",8.051812543142638,"[[""dq100_10_log_variance"", ""cycle10_rms_c_timeweighted"", ""dq100_10_q05_ah"", ""dq100_10_mean_ah""], [""dq100_10_log_variance"", ""cycle10_rms_c_timeweighted"", ""dq100_10_q05_ah"", ""dq100_10_mean_ah""], [""dq100_10_log_variance"", ""cycle10_rms_c_timeweighted"", ""dq100_10_q05_ah"", ""dq100_10_mean_ah""]]",18
Stacking_Ridge_plus_top2/repeat2/outer3/meta1/xgb/tune,xgb,plus_top2,10,"{""learning_rate"": 0.07, ""max_depth"": 1, ""min_child_weight"": 5, ""n_estimators"": 250, ""reg_lambda"": 30.0}",7.8784206812897235,"[[""dq100_10_log_variance"", ""cycle10_rms_c_timeweighted"", ""dq100_10_q05_ah"", ""dq100_10_mean_ah""], [""dq100_10_log_variance"", ""cycle10_rms_c_timeweighted"", ""dq100_10_q05_ah"", ""dq100_10_mean_ah""], [""dq100_10_log_variance"", ""cycle10_rms_c_timeweighted"", ""dq100_10_q05_ah"", ""dq100_10_mean_ah""]]",18
Stacking_Ridge_plus_top2/repeat2/outer3/meta1/xgb/tune,xgb,plus_top2,11,"{""learning_rate"": 0.03, ""max_depth"": 3, ""min_child_weight"": 5, ""n_estimators"": 100, ""reg_lambda"": 10.0}",9.009805863530483,"[[""dq100_10_log_variance"", ""cycle10_rms_c_timeweighted"", ""dq100_10_q05_ah"", ""dq100_10_mean_ah""], [""dq100_10_log_variance"", ""cycle10_rms_c_timeweighted"", ""dq100_10_q05_ah"", ""dq100_10_mean_ah""], [""dq100_10_log_variance"", ""cycle10_rms_c_timeweighted"", ""dq100_10_q05_ah"", ""dq100_10_mean_ah""]]",18
Stacking_Ridge_plus_top2/repeat2/outer3/meta2/xgb/tune,xgb,plus_top2,0,"{""learning_rate"": 0.03, ""max_depth"": 1, ""min_child_weight"": 3, ""n_estimators"": 250, ""reg_lambda"": 10.0}",11.135106022128896,"[[""dq100_10_log_variance"", ""cycle10_rms_c_timeweighted"", ""dq100_10_q05_ah"", ""chargetime_median_2_100_minutes""], [""dq100_10_log_variance"", ""cycle10_rms_c_timeweighted"", ""dq100_10_q05_ah"", ""dq100_10_mean_ah""], [""dq100_10_log_variance"", ""cycle10_rms_c_timeweighted"", ""dq100_10_q05_ah"", ""dq100_10_mean_ah""]]",17
Stacking_Ridge_plus_top2/repeat2/outer3/meta2/xgb/tune,xgb,plus_top2,1,"{""learning_rate"": 0.07, ""max_depth"": 3, ""min_child_weight"": 3, ""n_estimators"": 100, ""reg_lambda"": 30.0}",11.692763250045314,"[[""dq100_10_log_variance"", ""cycle10_rms_c_timeweighted"", ""dq100_10_q05_ah"", ""chargetime_median_2_100_minutes""], [""dq100_10_log_variance"", ""cycle10_rms_c_timeweighted"", ""dq100_10_q05_ah"", ""dq100_10_mean_ah""], [""dq100_10_log_variance"", ""cycle10_rms_c_timeweighted"", ""dq100_10_q05_ah"", ""dq100_10_mean_ah""]]",17
Stacking_Ridge_plus_top2/repeat2/outer3/meta2/xgb/tune,xgb,plus_top2,2,"{""learning_rate"": 0.03, ""max_depth"": 2, ""min_child_weight"": 5, ""n_estimators"": 100, ""reg_lambda"": 1.0}",10.241563691753765,"[[""dq100_10_log_variance"", ""cycle10_rms_c_timeweighted"", ""dq100_10_q05_ah"", ""chargetime_median_2_100_minutes""], [""dq100_10_log_variance"", ""cycle10_rms_c_timeweighted"", ""dq100_10_q05_ah"", ""dq100_10_mean_ah""], [""dq100_10_log_variance"", ""cycle10_rms_c_timeweighted"", ""dq100_10_q05_ah"", ""dq100_10_mean_ah""]]",17
Stacking_Ridge_plus_top2/repeat2/outer3/meta2/xgb/tune,xgb,plus_top2,3,"{""learning_rate"": 0.03, ""max_depth"": 1, ""min_child_weight"": 3, ""n_estimators"": 100, ""reg_lambda"": 1.0}",11.286106460491112,"[[""dq100_10_log_variance"", ""cycle10_rms_c_timeweighted"", ""dq100_10_q05_ah"", ""chargetime_median_2_100_minutes""], [""dq100_10_log_variance"", ""cycle10_rms_c_timeweighted"", ""dq100_10_q05_ah"", ""dq100_10_mean_ah""], [""dq100_10_log_variance"", ""cycle10_rms_c_timeweighted"", ""dq100_10_q05_ah"", ""dq100_10_mean_ah""]]",17
Stacking_Ridge_plus_top2/repeat2/outer3/meta2/xgb/tune,xgb,plus_top2,4,"{""learning_rate"": 0.03, ""max_depth"": 3, ""min_child_weight"": 3, ""n_estimators"": 250, ""reg_lambda"": 10.0}",11.216822946867065,"[[""dq100_10_log_variance"", ""cycle10_rms_c_timeweighted"", ""dq100_10_q05_ah"", ""chargetime_median_2_100_minutes""], [""dq100_10_log_variance"", ""cycle10_rms_c_timeweighted"", ""dq100_10_q05_ah"", ""dq100_10_mean_ah""], [""dq100_10_log_variance"", ""cycle10_rms_c_timeweighted"", ""dq100_10_q05_ah"", ""dq100_10_mean_ah""]]",17
Stacking_Ridge_plus_top2/repeat2/outer3/meta2/xgb/tune,xgb,plus_top2,5,"{""learning_rate"": 0.07, ""max_depth"": 2, ""min_child_weight"": 3, ""n_estimators"": 100, ""reg_lambda"": 30.0}",11.692763250045314,"[[""dq100_10_log_variance"", ""cycle10_rms_c_timeweighted"", ""dq100_10_q05_ah"", ""chargetime_median_2_100_minutes""], [""dq100_10_log_variance"", ""cycle10_rms_c_timeweighted"", ""dq100_10_q05_ah"", ""dq100_10_mean_ah""], [""dq100_10_log_variance"", ""cycle10_rms_c_timeweighted"", ""dq100_10_q05_ah"", ""dq100_10_mean_ah""]]",17
Stacking_Ridge_plus_top2/repeat2/outer3/meta2/xgb/tune,xgb,plus_top2,6,"{""learning_rate"": 0.03, ""max_depth"": 1, ""min_child_weight"": 5, ""n_estimators"": 250, ""reg_lambda"": 10.0}",10.193480622983115,"[[""dq100_10_log_variance"", ""cycle10_rms_c_timeweighted"", ""dq100_10_q05_ah"", ""chargetime_median_2_100_minutes""], [""dq100_10_log_variance"", ""cycle10_rms_c_timeweighted"", ""dq100_10_q05_ah"", ""dq100_10_mean_ah""], [""dq100_10_log_variance"", ""cycle10_rms_c_timeweighted"", ""dq100_10_q05_ah"", ""dq100_10_mean_ah""]]",17
Stacking_Ridge_plus_top2/repeat2/outer3/meta2/xgb/tune,xgb,plus_top2,7,"{""learning_rate"": 0.03, ""max_depth"": 3, ""min_child_weight"": 5, ""n_estimators"": 250, ""reg_lambda"": 10.0}",10.193480622983115,"[[""dq100_10_log_variance"", ""cycle10_rms_c_timeweighted"", ""dq100_10_q05_ah"", ""chargetime_median_2_100_minutes""], [""dq100_10_log_variance"", ""cycle10_rms_c_timeweighted"", ""dq100_10_q05_ah"", ""dq100_10_mean_ah""], [""dq100_10_log_variance"", ""cycle10_rms_c_timeweighted"", ""dq100_10_q05_ah"", ""dq100_10_mean_ah""]]",17
Stacking_Ridge_plus_top2/repeat2/outer3/meta2/xgb/tune,xgb,plus_top2,8,"{""learning_rate"": 0.03, ""max_depth"": 2, ""min_child_weight"": 3, ""n_estimators"": 100, ""reg_lambda"": 1.0}",11.285450759617566,"[[""dq100_10_log_variance"", ""cycle10_rms_c_timeweighted"", ""dq100_10_q05_ah"", ""chargetime_median_2_100_minutes""], [""dq100_10_log_variance"", ""cycle10_rms_c_timeweighted"", ""dq100_10_q05_ah"", ""dq100_10_mean_ah""], [""dq100_10_log_variance"", ""cycle10_rms_c_timeweighted"", ""dq100_10_q05_ah"", ""dq100_10_mean_ah""]]",17
Stacking_Ridge_plus_top2/repeat2/outer3/meta2/xgb/tune,xgb,plus_top2,9,"{""learning_rate"": 0.07, ""max_depth"": 2, ""min_child_weight"": 5, ""n_estimators"": 100, ""reg_lambda"": 1.0}",10.734236568544972,"[[""dq100_10_log_variance"", ""cycle10_rms_c_timeweighted"", ""dq100_10_q05_ah"", ""chargetime_median_2_100_minutes""], [""dq100_10_log_variance"", ""cycle10_rms_c_timeweighted"", ""dq100_10_q05_ah"", ""dq100_10_mean_ah""], [""dq100_10_log_variance"", ""cycle10_rms_c_timeweighted"", ""dq100_10_q05_ah"", ""dq100_10_mean_ah""]]",17
Stacking_Ridge_plus_top2/repeat2/outer3/meta2/xgb/tune,xgb,plus_top2,10,"{""learning_rate"": 0.07, ""max_depth"": 1, ""min_child_weight"": 5, ""n_estimators"": 250, ""reg_lambda"": 30.0}",10.178524913618581,"[[""dq100_10_log_variance"", ""cycle10_rms_c_timeweighted"", ""dq100_10_q05_ah"", ""chargetime_median_2_100_minutes""], [""dq100_10_log_variance"", ""cycle10_rms_c_timeweighted"", ""dq100_10_q05_ah"", ""dq100_10_mean_ah""], [""dq100_10_log_variance"", ""cycle10_rms_c_timeweighted"", ""dq100_10_q05_ah"", ""dq100_10_mean_ah""]]",17
Stacking_Ridge_plus_top2/repeat2/outer3/meta2/xgb/tune,xgb,plus_top2,11,"{""learning_rate"": 0.03, ""max_depth"": 3, ""min_child_weight"": 5, ""n_estimators"": 100, ""reg_lambda"": 10.0}",11.275264905774197,"[[""dq100_10_log_variance"", ""cycle10_rms_c_timeweighted"", ""dq100_10_q05_ah"", ""chargetime_median_2_100_minutes""], [""dq100_10_log_variance"", ""cycle10_rms_c_timeweighted"", ""dq100_10_q05_ah"", ""dq100_10_mean_ah""], [""dq100_10_log_variance"", ""cycle10_rms_c_timeweighted"", ""dq100_10_q05_ah"", ""dq100_10_mean_ah""]]",17
Stacking_Ridge_plus_top2/repeat2/outer3/meta3/xgb/tune,xgb,plus_top2,0,"{""learning_rate"": 0.03, ""max_depth"": 1, ""min_child_weight"": 3, ""n_estimators"": 250, ""reg_lambda"": 10.0}",11.970405935119013,"[[""dq100_10_log_variance"", ""cycle10_rms_c_timeweighted"", ""dq100_10_q05_ah"", ""dq100_10_mean_ah""], [""dq100_10_log_variance"", ""cycle10_rms_c_timeweighted"", ""dq100_10_q05_ah"", ""tavg_theilsen_10_100_degC_per_cycle""], [""dq100_10_log_variance"", ""cycle10_rms_c_timeweighted"", ""dq100_10_q05_ah"", ""dq100_10_mean_ah""]]",19
Stacking_Ridge_plus_top2/repeat2/outer3/meta3/xgb/tune,xgb,plus_top2,1,"{""learning_rate"": 0.07, ""max_depth"": 3, ""min_child_weight"": 3, ""n_estimators"": 100, ""reg_lambda"": 30.0}",16.4541190738994,"[[""dq100_10_log_variance"", ""cycle10_rms_c_timeweighted"", ""dq100_10_q05_ah"", ""dq100_10_mean_ah""], [""dq100_10_log_variance"", ""cycle10_rms_c_timeweighted"", ""dq100_10_q05_ah"", ""tavg_theilsen_10_100_degC_per_cycle""], [""dq100_10_log_variance"", ""cycle10_rms_c_timeweighted"", ""dq100_10_q05_ah"", ""dq100_10_mean_ah""]]",19
Stacking_Ridge_plus_top2/repeat2/outer3/meta3/xgb/tune,xgb,plus_top2,2,"{""learning_rate"": 0.03, ""max_depth"": 2, ""min_child_weight"": 5, ""n_estimators"": 100, ""reg_lambda"": 1.0}",14.919703483783762,"[[""dq100_10_log_variance"", ""cycle10_rms_c_timeweighted"", ""dq100_10_q05_ah"", ""dq100_10_mean_ah""], [""dq100_10_log_variance"", ""cycle10_rms_c_timeweighted"", ""dq100_10_q05_ah"", ""tavg_theilsen_10_100_degC_per_cycle""], [""dq100_10_log_variance"", ""cycle10_rms_c_timeweighted"", ""dq100_10_q05_ah"", ""dq100_10_mean_ah""]]",19
Stacking_Ridge_plus_top2/repeat2/outer3/meta3/xgb/tune,xgb,plus_top2,3,"{""learning_rate"": 0.03, ""max_depth"": 1, ""min_child_weight"": 3, ""n_estimators"": 100, ""reg_lambda"": 1.0}",11.389947689643236,"[[""dq100_10_log_variance"", ""cycle10_rms_c_timeweighted"", ""dq100_10_q05_ah"", ""dq100_10_mean_ah""], [""dq100_10_log_variance"", ""cycle10_rms_c_timeweighted"", ""dq100_10_q05_ah"", ""tavg_theilsen_10_100_degC_per_cycle""], [""dq100_10_log_variance"", ""cycle10_rms_c_timeweighted"", ""dq100_10_q05_ah"", ""dq100_10_mean_ah""]]",19
Stacking_Ridge_plus_top2/repeat2/outer3/meta3/xgb/tune,xgb,plus_top2,4,"{""learning_rate"": 0.03, ""max_depth"": 3, ""min_child_weight"": 3, ""n_estimators"": 250, ""reg_lambda"": 10.0}",11.44349750967297,"[[""dq100_10_log_variance"", ""cycle10_rms_c_timeweighted"", ""dq100_10_q05_ah"", ""dq100_10_mean_ah""], [""dq100_10_log_variance"", ""cycle10_rms_c_timeweighted"", ""dq100_10_q05_ah"", ""tavg_theilsen_10_100_degC_per_cycle""], [""dq100_10_log_variance"", ""cycle10_rms_c_timeweighted"", ""dq100_10_q05_ah"", ""dq100_10_mean_ah""]]",19
Stacking_Ridge_plus_top2/repeat2/outer3/meta3/xgb/tune,xgb,plus_top2,5,"{""learning_rate"": 0.07, ""max_depth"": 2, ""min_child_weight"": 3, ""n_estimators"": 100, ""reg_lambda"": 30.0}",16.4541190738994,"[[""dq100_10_log_variance"", ""cycle10_rms_c_timeweighted"", ""dq100_10_q05_ah"", ""dq100_10_mean_ah""], [""dq100_10_log_variance"", ""cycle10_rms_c_timeweighted"", ""dq100_10_q05_ah"", ""tavg_theilsen_10_100_degC_per_cycle""], [""dq100_10_log_variance"", ""cycle10_rms_c_timeweighted"", ""dq100_10_q05_ah"", ""dq100_10_mean_ah""]]",19
Stacking_Ridge_plus_top2/repeat2/outer3/meta3/xgb/tune,xgb,plus_top2,6,"{""learning_rate"": 0.03, ""max_depth"": 1, ""min_child_weight"": 5, ""n_estimators"": 250, ""reg_lambda"": 10.0}",14.845415253634611,"[[""dq100_10_log_variance"", ""cycle10_rms_c_timeweighted"", ""dq100_10_q05_ah"", ""dq100_10_mean_ah""], [""dq100_10_log_variance"", ""cycle10_rms_c_timeweighted"", ""dq100_10_q05_ah"", ""tavg_theilsen_10_100_degC_per_cycle""], [""dq100_10_log_variance"", ""cycle10_rms_c_timeweighted"", ""dq100_10_q05_ah"", ""dq100_10_mean_ah""]]",19
Stacking_Ridge_plus_top2/repeat2/outer3/meta3/xgb/tune,xgb,plus_top2,7,"{""learning_rate"": 0.03, ""max_depth"": 3, ""min_child_weight"": 5, ""n_estimators"": 250, ""reg_lambda"": 10.0}",14.845415253634611,"[[""dq100_10_log_variance"", ""cycle10_rms_c_timeweighted"", ""dq100_10_q05_ah"", ""dq100_10_mean_ah""], [""dq100_10_log_variance"", ""cycle10_rms_c_timeweighted"", ""dq100_10_q05_ah"", ""tavg_theilsen_10_100_degC_per_cycle""], [""dq100_10_log_variance"", ""cycle10_rms_c_timeweighted"", ""dq100_10_q05_ah"", ""dq100_10_mean_ah""]]",19
Stacking_Ridge_plus_top2/repeat2/outer3/meta3/xgb/tune,xgb,plus_top2,8,"{""learning_rate"": 0.03, ""max_depth"": 2, ""min_child_weight"": 3, ""n_estimators"": 100, ""reg_lambda"": 1.0}",10.420102577817865,"[[""dq100_10_log_variance"", ""cycle10_rms_c_timeweighted"", ""dq100_10_q05_ah"", ""dq100_10_mean_ah""], [""dq100_10_log_variance"", ""cycle10_rms_c_timeweighted"", ""dq100_10_q05_ah"", ""tavg_theilsen_10_100_degC_per_cycle""], [""dq100_10_log_variance"", ""cycle10_rms_c_timeweighted"", ""dq100_10_q05_ah"", ""dq100_10_mean_ah""]]",19
Stacking_Ridge_plus_top2/repeat2/outer3/meta3/xgb/tune,xgb,plus_top2,9,"{""learning_rate"": 0.07, ""max_depth"": 2, ""min_child_weight"": 5, ""n_estimators"": 100, ""reg_lambda"": 1.0}",14.375797548353777,"[[""dq100_10_log_variance"", ""cycle10_rms_c_timeweighted"", ""dq100_10_q05_ah"", ""dq100_10_mean_ah""], [""dq100_10_log_variance"", ""cycle10_rms_c_timeweighted"", ""dq100_10_q05_ah"", ""tavg_theilsen_10_100_degC_per_cycle""], [""dq100_10_log_variance"", ""cycle10_rms_c_timeweighted"", ""dq100_10_q05_ah"", ""dq100_10_mean_ah""]]",19
Stacking_Ridge_plus_top2/repeat2/outer3/meta3/xgb/tune,xgb,plus_top2,10,"{""learning_rate"": 0.07, ""max_depth"": 1, ""min_child_weight"": 5, ""n_estimators"": 250, ""reg_lambda"": 30.0}",14.812245749470144,"[[""dq100_10_log_variance"", ""cycle10_rms_c_timeweighted"", ""dq100_10_q05_ah"", ""dq100_10_mean_ah""], [""dq100_10_log_variance"", ""cycle10_rms_c_timeweighted"", ""dq100_10_q05_ah"", ""tavg_theilsen_10_100_degC_per_cycle""], [""dq100_10_log_variance"", ""cycle10_rms_c_timeweighted"", ""dq100_10_q05_ah"", ""dq100_10_mean_ah""]]",19
Stacking_Ridge_plus_top2/repeat2/outer3/meta3/xgb/tune,xgb,plus_top2,11,"{""learning_rate"": 0.03, ""max_depth"": 3, ""min_child_weight"": 5, ""n_estimators"": 100, ""reg_lambda"": 10.0}",16.96228502110329,"[[""dq100_10_log_variance"", ""cycle10_rms_c_timeweighted"", ""dq100_10_q05_ah"", ""dq100_10_mean_ah""], [""dq100_10_log_variance"", ""cycle10_rms_c_timeweighted"", ""dq100_10_q05_ah"", ""tavg_theilsen_10_100_degC_per_cycle""], [""dq100_10_log_variance"", ""cycle10_rms_c_timeweighted"", ""dq100_10_q05_ah"", ""dq100_10_mean_ah""]]",19
Stacking_Ridge_plus_top2/repeat2/outer4/meta1/xgb/tune,xgb,plus_top2,0,"{""learning_rate"": 0.03, ""max_depth"": 1, ""min_child_weight"": 3, ""n_estimators"": 250, ""reg_lambda"": 10.0}",9.273696020230581,"[[""dq100_10_log_variance"", ""cycle10_rms_c_timeweighted"", ""dq100_10_q05_ah"", ""dq100_10_mean_ah""], [""dq100_10_log_variance"", ""cycle10_rms_c_timeweighted"", ""dq100_10_q05_ah"", ""tavg_theilsen_10_100_degC_per_cycle""], [""dq100_10_log_variance"", ""cycle10_rms_c_timeweighted"", ""dq100_10_q05_ah"", ""dq100_10_mean_ah""]]",19
Stacking_Ridge_plus_top2/repeat2/outer4/meta1/xgb/tune,xgb,plus_top2,1,"{""learning_rate"": 0.07, ""max_depth"": 3, ""min_child_weight"": 3, ""n_estimators"": 100, ""reg_lambda"": 30.0}",11.04896472765625,"[[""dq100_10_log_variance"", ""cycle10_rms_c_timeweighted"", ""dq100_10_q05_ah"", ""dq100_10_mean_ah""], [""dq100_10_log_variance"", ""cycle10_rms_c_timeweighted"", ""dq100_10_q05_ah"", ""tavg_theilsen_10_100_degC_per_cycle""], [""dq100_10_log_variance"", ""cycle10_rms_c_timeweighted"", ""dq100_10_q05_ah"", ""dq100_10_mean_ah""]]",19
Stacking_Ridge_plus_top2/repeat2/outer4/meta1/xgb/tune,xgb,plus_top2,2,"{""learning_rate"": 0.03, ""max_depth"": 2, ""min_child_weight"": 5, ""n_estimators"": 100, ""reg_lambda"": 1.0}",9.945983224250826,"[[""dq100_10_log_variance"", ""cycle10_rms_c_timeweighted"", ""dq100_10_q05_ah"", ""dq100_10_mean_ah""], [""dq100_10_log_variance"", ""cycle10_rms_c_timeweighted"", ""dq100_10_q05_ah"", ""tavg_theilsen_10_100_degC_per_cycle""], [""dq100_10_log_variance"", ""cycle10_rms_c_timeweighted"", ""dq100_10_q05_ah"", ""dq100_10_mean_ah""]]",19
Stacking_Ridge_plus_top2/repeat2/outer4/meta1/xgb/tune,xgb,plus_top2,3,"{""learning_rate"": 0.03, ""max_depth"": 1, ""min_child_weight"": 3, ""n_estimators"": 100, ""reg_lambda"": 1.0}",9.169347401173251,"[[""dq100_10_log_variance"", ""cycle10_rms_c_timeweighted"", ""dq100_10_q05_ah"", ""dq100_10_mean_ah""], [""dq100_10_log_variance"", ""cycle10_rms_c_timeweighted"", ""dq100_10_q05_ah"", ""tavg_theilsen_10_100_degC_per_cycle""], [""dq100_10_log_variance"", ""cycle10_rms_c_timeweighted"", ""dq100_10_q05_ah"", ""dq100_10_mean_ah""]]",19
Stacking_Ridge_plus_top2/repeat2/outer4/meta1/xgb/tune,xgb,plus_top2,4,"{""learning_rate"": 0.03, ""max_depth"": 3, ""min_child_weight"": 3, ""n_estimators"": 250, ""reg_lambda"": 10.0}",9.125505575687066,"[[""dq100_10_log_variance"", ""cycle10_rms_c_timeweighted"", ""dq100_10_q05_ah"", ""dq100_10_mean_ah""], [""dq100_10_log_variance"", ""cycle10_rms_c_timeweighted"", ""dq100_10_q05_ah"", ""tavg_theilsen_10_100_degC_per_cycle""], [""dq100_10_log_variance"", ""cycle10_rms_c_timeweighted"", ""dq100_10_q05_ah"", ""dq100_10_mean_ah""]]",19
Stacking_Ridge_plus_top2/repeat2/outer4/meta1/xgb/tune,xgb,plus_top2,5,"{""learning_rate"": 0.07, ""max_depth"": 2, ""min_child_weight"": 3, ""n_estimators"": 100, ""reg_lambda"": 30.0}",11.032492485440057,"[[""dq100_10_log_variance"", ""cycle10_rms_c_timeweighted"", ""dq100_10_q05_ah"", ""dq100_10_mean_ah""], [""dq100_10_log_variance"", ""cycle10_rms_c_timeweighted"", ""dq100_10_q05_ah"", ""tavg_theilsen_10_100_degC_per_cycle""], [""dq100_10_log_variance"", ""cycle10_rms_c_timeweighted"", ""dq100_10_q05_ah"", ""dq100_10_mean_ah""]]",19
Stacking_Ridge_plus_top2/repeat2/outer4/meta1/xgb/tune,xgb,plus_top2,6,"{""learning_rate"": 0.03, ""max_depth"": 1, ""min_child_weight"": 5, ""n_estimators"": 250, ""reg_lambda"": 10.0}",9.919310952000313,"[[""dq100_10_log_variance"", ""cycle10_rms_c_timeweighted"", ""dq100_10_q05_ah"", ""dq100_10_mean_ah""], [""dq100_10_log_variance"", ""cycle10_rms_c_timeweighted"", ""dq100_10_q05_ah"", ""tavg_theilsen_10_100_degC_per_cycle""], [""dq100_10_log_variance"", ""cycle10_rms_c_timeweighted"", ""dq100_10_q05_ah"", ""dq100_10_mean_ah""]]",19
Stacking_Ridge_plus_top2/repeat2/outer4/meta1/xgb/tune,xgb,plus_top2,7,"{""learning_rate"": 0.03, ""max_depth"": 3, ""min_child_weight"": 5, ""n_estimators"": 250, ""reg_lambda"": 10.0}",9.919310952000313,"[[""dq100_10_log_variance"", ""cycle10_rms_c_timeweighted"", ""dq100_10_q05_ah"", ""dq100_10_mean_ah""], [""dq100_10_log_variance"", ""cycle10_rms_c_timeweighted"", ""dq100_10_q05_ah"", ""tavg_theilsen_10_100_degC_per_cycle""], [""dq100_10_log_variance"", ""cycle10_rms_c_timeweighted"", ""dq100_10_q05_ah"", ""dq100_10_mean_ah""]]",19
Stacking_Ridge_plus_top2/repeat2/outer4/meta1/xgb/tune,xgb,plus_top2,8,"{""learning_rate"": 0.03, ""max_depth"": 2, ""min_child_weight"": 3, ""n_estimators"": 100, ""reg_lambda"": 1.0}",9.029349985741666,"[[""dq100_10_log_variance"", ""cycle10_rms_c_timeweighted"", ""dq100_10_q05_ah"", ""dq100_10_mean_ah""], [""dq100_10_log_variance"", ""cycle10_rms_c_timeweighted"", ""dq100_10_q05_ah"", ""tavg_theilsen_10_100_degC_per_cycle""], [""dq100_10_log_variance"", ""cycle10_rms_c_timeweighted"", ""dq100_10_q05_ah"", ""dq100_10_mean_ah""]]",19
Stacking_Ridge_plus_top2/repeat2/outer4/meta1/xgb/tune,xgb,plus_top2,9,"{""learning_rate"": 0.07, ""max_depth"": 2, ""min_child_weight"": 5, ""n_estimators"": 100, ""reg_lambda"": 1.0}",10.359968038765825,"[[""dq100_10_log_variance"", ""cycle10_rms_c_timeweighted"", ""dq100_10_q05_ah"", ""dq100_10_mean_ah""], [""dq100_10_log_variance"", ""cycle10_rms_c_timeweighted"", ""dq100_10_q05_ah"", ""tavg_theilsen_10_100_degC_per_cycle""], [""dq100_10_log_variance"", ""cycle10_rms_c_timeweighted"", ""dq100_10_q05_ah"", ""dq100_10_mean_ah""]]",19
Stacking_Ridge_plus_top2/repeat2/outer4/meta1/xgb/tune,xgb,plus_top2,10,"{""learning_rate"": 0.07, ""max_depth"": 1, ""min_child_weight"": 5, ""n_estimators"": 250, ""reg_lambda"": 30.0}",9.92923135400726,"[[""dq100_10_log_variance"", ""cycle10_rms_c_timeweighted"", ""dq100_10_q05_ah"", ""dq100_10_mean_ah""], [""dq100_10_log_variance"", ""cycle10_rms_c_timeweighted"", ""dq100_10_q05_ah"", ""tavg_theilsen_10_100_degC_per_cycle""], [""dq100_10_log_variance"", ""cycle10_rms_c_timeweighted"", ""dq100_10_q05_ah"", ""dq100_10_mean_ah""]]",19
Stacking_Ridge_plus_top2/repeat2/outer4/meta1/xgb/tune,xgb,plus_top2,11,"{""learning_rate"": 0.03, ""max_depth"": 3, ""min_child_weight"": 5, ""n_estimators"": 100, ""reg_lambda"": 10.0}",11.359275488748292,"[[""dq100_10_log_variance"", ""cycle10_rms_c_timeweighted"", ""dq100_10_q05_ah"", ""dq100_10_mean_ah""], [""dq100_10_log_variance"", ""cycle10_rms_c_timeweighted"", ""dq100_10_q05_ah"", ""tavg_theilsen_10_100_degC_per_cycle""], [""dq100_10_log_variance"", ""cycle10_rms_c_timeweighted"", ""dq100_10_q05_ah"", ""dq100_10_mean_ah""]]",19
Stacking_Ridge_plus_top2/repeat2/outer4/meta2/xgb/tune,xgb,plus_top2,0,"{""learning_rate"": 0.03, ""max_depth"": 1, ""min_child_weight"": 3, ""n_estimators"": 250, ""reg_lambda"": 10.0}",13.56907685705529,"[[""dq100_10_log_variance"", ""cycle10_rms_c_timeweighted"", ""dq100_10_q05_ah"", ""chargetime_median_2_100_minutes""], [""dq100_10_log_variance"", ""cycle10_rms_c_timeweighted"", ""dq100_10_q05_ah"", ""dq100_10_mean_ah""], [""dq100_10_log_variance"", ""cycle10_rms_c_timeweighted"", ""dq100_10_q05_ah"", ""dq100_10_mean_ah""]]",20
Stacking_Ridge_plus_top2/repeat2/outer4/meta2/xgb/tune,xgb,plus_top2,1,"{""learning_rate"": 0.07, ""max_depth"": 3, ""min_child_weight"": 3, ""n_estimators"": 100, ""reg_lambda"": 30.0}",13.427487562078099,"[[""dq100_10_log_variance"", ""cycle10_rms_c_timeweighted"", ""dq100_10_q05_ah"", ""chargetime_median_2_100_minutes""], [""dq100_10_log_variance"", ""cycle10_rms_c_timeweighted"", ""dq100_10_q05_ah"", ""dq100_10_mean_ah""], [""dq100_10_log_variance"", ""cycle10_rms_c_timeweighted"", ""dq100_10_q05_ah"", ""dq100_10_mean_ah""]]",20
Stacking_Ridge_plus_top2/repeat2/outer4/meta2/xgb/tune,xgb,plus_top2,2,"{""learning_rate"": 0.03, ""max_depth"": 2, ""min_child_weight"": 5, ""n_estimators"": 100, ""reg_lambda"": 1.0}",13.124709726788938,"[[""dq100_10_log_variance"", ""cycle10_rms_c_timeweighted"", ""dq100_10_q05_ah"", ""chargetime_median_2_100_minutes""], [""dq100_10_log_variance"", ""cycle10_rms_c_timeweighted"", ""dq100_10_q05_ah"", ""dq100_10_mean_ah""], [""dq100_10_log_variance"", ""cycle10_rms_c_timeweighted"", ""dq100_10_q05_ah"", ""dq100_10_mean_ah""]]",20
Stacking_Ridge_plus_top2/repeat2/outer4/meta2/xgb/tune,xgb,plus_top2,3,"{""learning_rate"": 0.03, ""max_depth"": 1, ""min_child_weight"": 3, ""n_estimators"": 100, ""reg_lambda"": 1.0}",13.615292559501658,"[[""dq100_10_log_variance"", ""cycle10_rms_c_timeweighted"", ""dq100_10_q05_ah"", ""chargetime_median_2_100_minutes""], [""dq100_10_log_variance"", ""cycle10_rms_c_timeweighted"", ""dq100_10_q05_ah"", ""dq100_10_mean_ah""], [""dq100_10_log_variance"", ""cycle10_rms_c_timeweighted"", ""dq100_10_q05_ah"", ""dq100_10_mean_ah""]]",20
Stacking_Ridge_plus_top2/repeat2/outer4/meta2/xgb/tune,xgb,plus_top2,4,"{""learning_rate"": 0.03, ""max_depth"": 3, ""min_child_weight"": 3, ""n_estimators"": 250, ""reg_lambda"": 10.0}",14.45044974818573,"[[""dq100_10_log_variance"", ""cycle10_rms_c_timeweighted"", ""dq100_10_q05_ah"", ""chargetime_median_2_100_minutes""], [""dq100_10_log_variance"", ""cycle10_rms_c_timeweighted"", ""dq100_10_q05_ah"", ""dq100_10_mean_ah""], [""dq100_10_log_variance"", ""cycle10_rms_c_timeweighted"", ""dq100_10_q05_ah"", ""dq100_10_mean_ah""]]",20
Stacking_Ridge_plus_top2/repeat2/outer4/meta2/xgb/tune,xgb,plus_top2,5,"{""learning_rate"": 0.07, ""max_depth"": 2, ""min_child_weight"": 3, ""n_estimators"": 100, ""reg_lambda"": 30.0}",13.355607417808327,"[[""dq100_10_log_variance"", ""cycle10_rms_c_timeweighted"", ""dq100_10_q05_ah"", ""chargetime_median_2_100_minutes""], [""dq100_10_log_variance"", ""cycle10_rms_c_timeweighted"", ""dq100_10_q05_ah"", ""dq100_10_mean_ah""], [""dq100_10_log_variance"", ""cycle10_rms_c_timeweighted"", ""dq100_10_q05_ah"", ""dq100_10_mean_ah""]]",20
Stacking_Ridge_plus_top2/repeat2/outer4/meta2/xgb/tune,xgb,plus_top2,6,"{""learning_rate"": 0.03, ""max_depth"": 1, ""min_child_weight"": 5, ""n_estimators"": 250, ""reg_lambda"": 10.0}",13.172360136383926,"[[""dq100_10_log_variance"", ""cycle10_rms_c_timeweighted"", ""dq100_10_q05_ah"", ""chargetime_median_2_100_minutes""], [""dq100_10_log_variance"", ""cycle10_rms_c_timeweighted"", ""dq100_10_q05_ah"", ""dq100_10_mean_ah""], [""dq100_10_log_variance"", ""cycle10_rms_c_timeweighted"", ""dq100_10_q05_ah"", ""dq100_10_mean_ah""]]",20
Stacking_Ridge_plus_top2/repeat2/outer4/meta2/xgb/tune,xgb,plus_top2,7,"{""learning_rate"": 0.03, ""max_depth"": 3, ""min_child_weight"": 5, ""n_estimators"": 250, ""reg_lambda"": 10.0}",13.172360136383926,"[[""dq100_10_log_variance"", ""cycle10_rms_c_timeweighted"", ""dq100_10_q05_ah"", ""chargetime_median_2_100_minutes""], [""dq100_10_log_variance"", ""cycle10_rms_c_timeweighted"", ""dq100_10_q05_ah"", ""dq100_10_mean_ah""], [""dq100_10_log_variance"", ""cycle10_rms_c_timeweighted"", ""dq100_10_q05_ah"", ""dq100_10_mean_ah""]]",20
Stacking_Ridge_plus_top2/repeat2/outer4/meta2/xgb/tune,xgb,plus_top2,8,"{""learning_rate"": 0.03, ""max_depth"": 2, ""min_child_weight"": 3, ""n_estimators"": 100, ""reg_lambda"": 1.0}",14.74960325000243,"[[""dq100_10_log_variance"", ""cycle10_rms_c_timeweighted"", ""dq100_10_q05_ah"", ""chargetime_median_2_100_minutes""], [""dq100_10_log_variance"", ""cycle10_rms_c_timeweighted"", ""dq100_10_q05_ah"", ""dq100_10_mean_ah""], [""dq100_10_log_variance"", ""cycle10_rms_c_timeweighted"", ""dq100_10_q05_ah"", ""dq100_10_mean_ah""]]",20
Stacking_Ridge_plus_top2/repeat2/outer4/meta2/xgb/tune,xgb,plus_top2,9,"{""learning_rate"": 0.07, ""max_depth"": 2, ""min_child_weight"": 5, ""n_estimators"": 100, ""reg_lambda"": 1.0}",13.016678692648027,"[[""dq100_10_log_variance"", ""cycle10_rms_c_timeweighted"", ""dq100_10_q05_ah"", ""chargetime_median_2_100_minutes""], [""dq100_10_log_variance"", ""cycle10_rms_c_timeweighted"", ""dq100_10_q05_ah"", ""dq100_10_mean_ah""], [""dq100_10_log_variance"", ""cycle10_rms_c_timeweighted"", ""dq100_10_q05_ah"", ""dq100_10_mean_ah""]]",20
Stacking_Ridge_plus_top2/repeat2/outer4/meta2/xgb/tune,xgb,plus_top2,10,"{""learning_rate"": 0.07, ""max_depth"": 1, ""min_child_weight"": 5, ""n_estimators"": 250, ""reg_lambda"": 30.0}",13.130848429659997,"[[""dq100_10_log_variance"", ""cycle10_rms_c_timeweighted"", ""dq100_10_q05_ah"", ""chargetime_median_2_100_minutes""], [""dq100_10_log_variance"", ""cycle10_rms_c_timeweighted"", ""dq100_10_q05_ah"", ""dq100_10_mean_ah""], [""dq100_10_log_variance"", ""cycle10_rms_c_timeweighted"", ""dq100_10_q05_ah"", ""dq100_10_mean_ah""]]",20
Stacking_Ridge_plus_top2/repeat2/outer4/meta2/xgb/tune,xgb,plus_top2,11,"{""learning_rate"": 0.03, ""max_depth"": 3, ""min_child_weight"": 5, ""n_estimators"": 100, ""reg_lambda"": 10.0}",13.336371296651697,"[[""dq100_10_log_variance"", ""cycle10_rms_c_timeweighted"", ""dq100_10_q05_ah"", ""chargetime_median_2_100_minutes""], [""dq100_10_log_variance"", ""cycle10_rms_c_timeweighted"", ""dq100_10_q05_ah"", ""dq100_10_mean_ah""], [""dq100_10_log_variance"", ""cycle10_rms_c_timeweighted"", ""dq100_10_q05_ah"", ""dq100_10_mean_ah""]]",20
Stacking_Ridge_plus_top2/repeat2/outer4/meta3/xgb/tune,xgb,plus_top2,0,"{""learning_rate"": 0.03, ""max_depth"": 1, ""min_child_weight"": 3, ""n_estimators"": 250, ""reg_lambda"": 10.0}",11.566568701264805,"[[""dq100_10_log_variance"", ""cycle10_rms_c_timeweighted"", ""dq100_10_q05_ah"", ""dq100_10_mean_ah""], [""dq100_10_log_variance"", ""cycle10_rms_c_timeweighted"", ""dq100_10_q05_ah"", ""dq100_10_mean_ah""], [""dq100_10_log_variance"", ""cycle10_rms_c_timeweighted"", ""dq100_10_q05_ah"", ""dq100_10_mean_ah""]]",19
Stacking_Ridge_plus_top2/repeat2/outer4/meta3/xgb/tune,xgb,plus_top2,1,"{""learning_rate"": 0.07, ""max_depth"": 3, ""min_child_weight"": 3, ""n_estimators"": 100, ""reg_lambda"": 30.0}",13.467033059909618,"[[""dq100_10_log_variance"", ""cycle10_rms_c_timeweighted"", ""dq100_10_q05_ah"", ""dq100_10_mean_ah""], [""dq100_10_log_variance"", ""cycle10_rms_c_timeweighted"", ""dq100_10_q05_ah"", ""dq100_10_mean_ah""], [""dq100_10_log_variance"", ""cycle10_rms_c_timeweighted"", ""dq100_10_q05_ah"", ""dq100_10_mean_ah""]]",19
Stacking_Ridge_plus_top2/repeat2/outer4/meta3/xgb/tune,xgb,plus_top2,2,"{""learning_rate"": 0.03, ""max_depth"": 2, ""min_child_weight"": 5, ""n_estimators"": 100, ""reg_lambda"": 1.0}",11.547940533006514,"[[""dq100_10_log_variance"", ""cycle10_rms_c_timeweighted"", ""dq100_10_q05_ah"", ""dq100_10_mean_ah""], [""dq100_10_log_variance"", ""cycle10_rms_c_timeweighted"", ""dq100_10_q05_ah"", ""dq100_10_mean_ah""], [""dq100_10_log_variance"", ""cycle10_rms_c_timeweighted"", ""dq100_10_q05_ah"", ""dq100_10_mean_ah""]]",19
Stacking_Ridge_plus_top2/repeat2/outer4/meta3/xgb/tune,xgb,plus_top2,3,"{""learning_rate"": 0.03, ""max_depth"": 1, ""min_child_weight"": 3, ""n_estimators"": 100, ""reg_lambda"": 1.0}",11.665167143437342,"[[""dq100_10_log_variance"", ""cycle10_rms_c_timeweighted"", ""dq100_10_q05_ah"", ""dq100_10_mean_ah""], [""dq100_10_log_variance"", ""cycle10_rms_c_timeweighted"", ""dq100_10_q05_ah"", ""dq100_10_mean_ah""], [""dq100_10_log_variance"", ""cycle10_rms_c_timeweighted"", ""dq100_10_q05_ah"", ""dq100_10_mean_ah""]]",19
Stacking_Ridge_plus_top2/repeat2/outer4/meta3/xgb/tune,xgb,plus_top2,4,"{""learning_rate"": 0.03, ""max_depth"": 3, ""min_child_weight"": 3, ""n_estimators"": 250, ""reg_lambda"": 10.0}",11.526534894395338,"[[""dq100_10_log_variance"", ""cycle10_rms_c_timeweighted"", ""dq100_10_q05_ah"", ""dq100_10_mean_ah""], [""dq100_10_log_variance"", ""cycle10_rms_c_timeweighted"", ""dq100_10_q05_ah"", ""dq100_10_mean_ah""], [""dq100_10_log_variance"", ""cycle10_rms_c_timeweighted"", ""dq100_10_q05_ah"", ""dq100_10_mean_ah""]]",19
Stacking_Ridge_plus_top2/repeat2/outer4/meta3/xgb/tune,xgb,plus_top2,5,"{""learning_rate"": 0.07, ""max_depth"": 2, ""min_child_weight"": 3, ""n_estimators"": 100, ""reg_lambda"": 30.0}",13.467033059909618,"[[""dq100_10_log_variance"", ""cycle10_rms_c_timeweighted"", ""dq100_10_q05_ah"", ""dq100_10_mean_ah""], [""dq100_10_log_variance"", ""cycle10_rms_c_timeweighted"", ""dq100_10_q05_ah"", ""dq100_10_mean_ah""], [""dq100_10_log_variance"", ""cycle10_rms_c_timeweighted"", ""dq100_10_q05_ah"", ""dq100_10_mean_ah""]]",19
Stacking_Ridge_plus_top2/repeat2/outer4/meta3/xgb/tune,xgb,plus_top2,6,"{""learning_rate"": 0.03, ""max_depth"": 1, ""min_child_weight"": 5, ""n_estimators"": 250, ""reg_lambda"": 10.0}",11.438104140605242,"[[""dq100_10_log_variance"", ""cycle10_rms_c_timeweighted"", ""dq100_10_q05_ah"", ""dq100_10_mean_ah""], [""dq100_10_log_variance"", ""cycle10_rms_c_timeweighted"", ""dq100_10_q05_ah"", ""dq100_10_mean_ah""], [""dq100_10_log_variance"", ""cycle10_rms_c_timeweighted"", ""dq100_10_q05_ah"", ""dq100_10_mean_ah""]]",19
Stacking_Ridge_plus_top2/repeat2/outer4/meta3/xgb/tune,xgb,plus_top2,7,"{""learning_rate"": 0.03, ""max_depth"": 3, ""min_child_weight"": 5, ""n_estimators"": 250, ""reg_lambda"": 10.0}",11.438104140605242,"[[""dq100_10_log_variance"", ""cycle10_rms_c_timeweighted"", ""dq100_10_q05_ah"", ""dq100_10_mean_ah""], [""dq100_10_log_variance"", ""cycle10_rms_c_timeweighted"", ""dq100_10_q05_ah"", ""dq100_10_mean_ah""], [""dq100_10_log_variance"", ""cycle10_rms_c_timeweighted"", ""dq100_10_q05_ah"", ""dq100_10_mean_ah""]]",19
Stacking_Ridge_plus_top2/repeat2/outer4/meta3/xgb/tune,xgb,plus_top2,8,"{""learning_rate"": 0.03, ""max_depth"": 2, ""min_child_weight"": 3, ""n_estimators"": 100, ""reg_lambda"": 1.0}",11.377041161484822,"[[""dq100_10_log_variance"", ""cycle10_rms_c_timeweighted"", ""dq100_10_q05_ah"", ""dq100_10_mean_ah""], [""dq100_10_log_variance"", ""cycle10_rms_c_timeweighted"", ""dq100_10_q05_ah"", ""dq100_10_mean_ah""], [""dq100_10_log_variance"", ""cycle10_rms_c_timeweighted"", ""dq100_10_q05_ah"", ""dq100_10_mean_ah""]]",19
Stacking_Ridge_plus_top2/repeat2/outer4/meta3/xgb/tune,xgb,plus_top2,9,"{""learning_rate"": 0.07, ""max_depth"": 2, ""min_child_weight"": 5, ""n_estimators"": 100, ""reg_lambda"": 1.0}",11.346491530989322,"[[""dq100_10_log_variance"", ""cycle10_rms_c_timeweighted"", ""dq100_10_q05_ah"", ""dq100_10_mean_ah""], [""dq100_10_log_variance"", ""cycle10_rms_c_timeweighted"", ""dq100_10_q05_ah"", ""dq100_10_mean_ah""], [""dq100_10_log_variance"", ""cycle10_rms_c_timeweighted"", ""dq100_10_q05_ah"", ""dq100_10_mean_ah""]]",19
Stacking_Ridge_plus_top2/repeat2/outer4/meta3/xgb/tune,xgb,plus_top2,10,"{""learning_rate"": 0.07, ""max_depth"": 1, ""min_child_weight"": 5, ""n_estimators"": 250, ""reg_lambda"": 30.0}",11.327000774030852,"[[""dq100_10_log_variance"", ""cycle10_rms_c_timeweighted"", ""dq100_10_q05_ah"", ""dq100_10_mean_ah""], [""dq100_10_log_variance"", ""cycle10_rms_c_timeweighted"", ""dq100_10_q05_ah"", ""dq100_10_mean_ah""], [""dq100_10_log_variance"", ""cycle10_rms_c_timeweighted"", ""dq100_10_q05_ah"", ""dq100_10_mean_ah""]]",19
Stacking_Ridge_plus_top2/repeat2/outer4/meta3/xgb/tune,xgb,plus_top2,11,"{""learning_rate"": 0.03, ""max_depth"": 3, ""min_child_weight"": 5, ""n_estimators"": 100, ""reg_lambda"": 10.0}",13.453066593143905,"[[""dq100_10_log_variance"", ""cycle10_rms_c_timeweighted"", ""dq100_10_q05_ah"", ""dq100_10_mean_ah""], [""dq100_10_log_variance"", ""cycle10_rms_c_timeweighted"", ""dq100_10_q05_ah"", ""dq100_10_mean_ah""], [""dq100_10_log_variance"", ""cycle10_rms_c_timeweighted"", ""dq100_10_q05_ah"", ""dq100_10_mean_ah""]]",19
Stacking_Ridge_plus_top2/repeat2/outer5/meta1/xgb/tune,xgb,plus_top2,0,"{""learning_rate"": 0.03, ""max_depth"": 1, ""min_child_weight"": 3, ""n_estimators"": 250, ""reg_lambda"": 10.0}",10.99750571618318,"[[""dq100_10_log_variance"", ""cycle10_rms_c_timeweighted"", ""dq100_10_q05_ah"", ""dq100_10_mean_ah""], [""dq100_10_log_variance"", ""cycle10_rms_c_timeweighted"", ""dq100_10_q05_ah"", ""dq100_10_mean_ah""], [""dq100_10_log_variance"", ""cycle10_rms_c_timeweighted"", ""dq100_10_q05_ah"", ""dq100_10_mean_ah""]]",19
Stacking_Ridge_plus_top2/repeat2/outer5/meta1/xgb/tune,xgb,plus_top2,1,"{""learning_rate"": 0.07, ""max_depth"": 3, ""min_child_weight"": 3, ""n_estimators"": 100, ""reg_lambda"": 30.0}",13.711003884019767,"[[""dq100_10_log_variance"", ""cycle10_rms_c_timeweighted"", ""dq100_10_q05_ah"", ""dq100_10_mean_ah""], [""dq100_10_log_variance"", ""cycle10_rms_c_timeweighted"", ""dq100_10_q05_ah"", ""dq100_10_mean_ah""], [""dq100_10_log_variance"", ""cycle10_rms_c_timeweighted"", ""dq100_10_q05_ah"", ""dq100_10_mean_ah""]]",19
Stacking_Ridge_plus_top2/repeat2/outer5/meta1/xgb/tune,xgb,plus_top2,2,"{""learning_rate"": 0.03, ""max_depth"": 2, ""min_child_weight"": 5, ""n_estimators"": 100, ""reg_lambda"": 1.0}",12.298807367908333,"[[""dq100_10_log_variance"", ""cycle10_rms_c_timeweighted"", ""dq100_10_q05_ah"", ""dq100_10_mean_ah""], [""dq100_10_log_variance"", ""cycle10_rms_c_timeweighted"", ""dq100_10_q05_ah"", ""dq100_10_mean_ah""], [""dq100_10_log_variance"", ""cycle10_rms_c_timeweighted"", ""dq100_10_q05_ah"", ""dq100_10_mean_ah""]]",19
Stacking_Ridge_plus_top2/repeat2/outer5/meta1/xgb/tune,xgb,plus_top2,3,"{""learning_rate"": 0.03, ""max_depth"": 1, ""min_child_weight"": 3, ""n_estimators"": 100, ""reg_lambda"": 1.0}",11.141848569786676,"[[""dq100_10_log_variance"", ""cycle10_rms_c_timeweighted"", ""dq100_10_q05_ah"", ""dq100_10_mean_ah""], [""dq100_10_log_variance"", ""cycle10_rms_c_timeweighted"", ""dq100_10_q05_ah"", ""dq100_10_mean_ah""], [""dq100_10_log_variance"", ""cycle10_rms_c_timeweighted"", ""dq100_10_q05_ah"", ""dq100_10_mean_ah""]]",19
Stacking_Ridge_plus_top2/repeat2/outer5/meta1/xgb/tune,xgb,plus_top2,4,"{""learning_rate"": 0.03, ""max_depth"": 3, ""min_child_weight"": 3, ""n_estimators"": 250, ""reg_lambda"": 10.0}",10.879782554118204,"[[""dq100_10_log_variance"", ""cycle10_rms_c_timeweighted"", ""dq100_10_q05_ah"", ""dq100_10_mean_ah""], [""dq100_10_log_variance"", ""cycle10_rms_c_timeweighted"", ""dq100_10_q05_ah"", ""dq100_10_mean_ah""], [""dq100_10_log_variance"", ""cycle10_rms_c_timeweighted"", ""dq100_10_q05_ah"", ""dq100_10_mean_ah""]]",19
Stacking_Ridge_plus_top2/repeat2/outer5/meta1/xgb/tune,xgb,plus_top2,5,"{""learning_rate"": 0.07, ""max_depth"": 2, ""min_child_weight"": 3, ""n_estimators"": 100, ""reg_lambda"": 30.0}",13.711003884019767,"[[""dq100_10_log_variance"", ""cycle10_rms_c_timeweighted"", ""dq100_10_q05_ah"", ""dq100_10_mean_ah""], [""dq100_10_log_variance"", ""cycle10_rms_c_timeweighted"", ""dq100_10_q05_ah"", ""dq100_10_mean_ah""], [""dq100_10_log_variance"", ""cycle10_rms_c_timeweighted"", ""dq100_10_q05_ah"", ""dq100_10_mean_ah""]]",19
Stacking_Ridge_plus_top2/repeat2/outer5/meta1/xgb/tune,xgb,plus_top2,6,"{""learning_rate"": 0.03, ""max_depth"": 1, ""min_child_weight"": 5, ""n_estimators"": 250, ""reg_lambda"": 10.0}",12.199603453506477,"[[""dq100_10_log_variance"", ""cycle10_rms_c_timeweighted"", ""dq100_10_q05_ah"", ""dq100_10_mean_ah""], [""dq100_10_log_variance"", ""cycle10_rms_c_timeweighted"", ""dq100_10_q05_ah"", ""dq100_10_mean_ah""], [""dq100_10_log_variance"", ""cycle10_rms_c_timeweighted"", ""dq100_10_q05_ah"", ""dq100_10_mean_ah""]]",19
Stacking_Ridge_plus_top2/repeat2/outer5/meta1/xgb/tune,xgb,plus_top2,7,"{""learning_rate"": 0.03, ""max_depth"": 3, ""min_child_weight"": 5, ""n_estimators"": 250, ""reg_lambda"": 10.0}",12.199603453506477,"[[""dq100_10_log_variance"", ""cycle10_rms_c_timeweighted"", ""dq100_10_q05_ah"", ""dq100_10_mean_ah""], [""dq100_10_log_variance"", ""cycle10_rms_c_timeweighted"", ""dq100_10_q05_ah"", ""dq100_10_mean_ah""], [""dq100_10_log_variance"", ""cycle10_rms_c_timeweighted"", ""dq100_10_q05_ah"", ""dq100_10_mean_ah""]]",19
Stacking_Ridge_plus_top2/repeat2/outer5/meta1/xgb/tune,xgb,plus_top2,8,"{""learning_rate"": 0.03, ""max_depth"": 2, ""min_child_weight"": 3, ""n_estimators"": 100, ""reg_lambda"": 1.0}",11.132245866629056,"[[""dq100_10_log_variance"", ""cycle10_rms_c_timeweighted"", ""dq100_10_q05_ah"", ""dq100_10_mean_ah""], [""dq100_10_log_variance"", ""cycle10_rms_c_timeweighted"", ""dq100_10_q05_ah"", ""dq100_10_mean_ah""], [""dq100_10_log_variance"", ""cycle10_rms_c_timeweighted"", ""dq100_10_q05_ah"", ""dq100_10_mean_ah""]]",19
Stacking_Ridge_plus_top2/repeat2/outer5/meta1/xgb/tune,xgb,plus_top2,9,"{""learning_rate"": 0.07, ""max_depth"": 2, ""min_child_weight"": 5, ""n_estimators"": 100, ""reg_lambda"": 1.0}",11.980733521828542,"[[""dq100_10_log_variance"", ""cycle10_rms_c_timeweighted"", ""dq100_10_q05_ah"", ""dq100_10_mean_ah""], [""dq100_10_log_variance"", ""cycle10_rms_c_timeweighted"", ""dq100_10_q05_ah"", ""dq100_10_mean_ah""], [""dq100_10_log_variance"", ""cycle10_rms_c_timeweighted"", ""dq100_10_q05_ah"", ""dq100_10_mean_ah""]]",19
Stacking_Ridge_plus_top2/repeat2/outer5/meta1/xgb/tune,xgb,plus_top2,10,"{""learning_rate"": 0.07, ""max_depth"": 1, ""min_child_weight"": 5, ""n_estimators"": 250, ""reg_lambda"": 30.0}",12.168990086895452,"[[""dq100_10_log_variance"", ""cycle10_rms_c_timeweighted"", ""dq100_10_q05_ah"", ""dq100_10_mean_ah""], [""dq100_10_log_variance"", ""cycle10_rms_c_timeweighted"", ""dq100_10_q05_ah"", ""dq100_10_mean_ah""], [""dq100_10_log_variance"", ""cycle10_rms_c_timeweighted"", ""dq100_10_q05_ah"", ""dq100_10_mean_ah""]]",19
Stacking_Ridge_plus_top2/repeat2/outer5/meta1/xgb/tune,xgb,plus_top2,11,"{""learning_rate"": 0.03, ""max_depth"": 3, ""min_child_weight"": 5, ""n_estimators"": 100, ""reg_lambda"": 10.0}",14.438563491065292,"[[""dq100_10_log_variance"", ""cycle10_rms_c_timeweighted"", ""dq100_10_q05_ah"", ""dq100_10_mean_ah""], [""dq100_10_log_variance"", ""cycle10_rms_c_timeweighted"", ""dq100_10_q05_ah"", ""dq100_10_mean_ah""], [""dq100_10_log_variance"", ""cycle10_rms_c_timeweighted"", ""dq100_10_q05_ah"", ""dq100_10_mean_ah""]]",19
Stacking_Ridge_plus_top2/repeat2/outer5/meta2/xgb/tune,xgb,plus_top2,0,"{""learning_rate"": 0.03, ""max_depth"": 1, ""min_child_weight"": 3, ""n_estimators"": 250, ""reg_lambda"": 10.0}",11.127051858987535,"[[""dq100_10_log_variance"", ""cycle10_rms_c_timeweighted"", ""dq100_10_q05_ah"", ""dq100_10_mean_ah""], [""dq100_10_log_variance"", ""cycle10_rms_c_timeweighted"", ""dq100_10_q05_ah"", ""dq100_10_mean_ah""], [""dq100_10_log_variance"", ""cycle10_rms_c_timeweighted"", ""dq100_10_q05_ah"", ""dq100_10_mean_ah""]]",20
Stacking_Ridge_plus_top2/repeat2/outer5/meta2/xgb/tune,xgb,plus_top2,1,"{""learning_rate"": 0.07, ""max_depth"": 3, ""min_child_weight"": 3, ""n_estimators"": 100, ""reg_lambda"": 30.0}",12.739077033124662,"[[""dq100_10_log_variance"", ""cycle10_rms_c_timeweighted"", ""dq100_10_q05_ah"", ""dq100_10_mean_ah""], [""dq100_10_log_variance"", ""cycle10_rms_c_timeweighted"", ""dq100_10_q05_ah"", ""dq100_10_mean_ah""], [""dq100_10_log_variance"", ""cycle10_rms_c_timeweighted"", ""dq100_10_q05_ah"", ""dq100_10_mean_ah""]]",20
Stacking_Ridge_plus_top2/repeat2/outer5/meta2/xgb/tune,xgb,plus_top2,2,"{""learning_rate"": 0.03, ""max_depth"": 2, ""min_child_weight"": 5, ""n_estimators"": 100, ""reg_lambda"": 1.0}",12.94505995061944,"[[""dq100_10_log_variance"", ""cycle10_rms_c_timeweighted"", ""dq100_10_q05_ah"", ""dq100_10_mean_ah""], [""dq100_10_log_variance"", ""cycle10_rms_c_timeweighted"", ""dq100_10_q05_ah"", ""dq100_10_mean_ah""], [""dq100_10_log_variance"", ""cycle10_rms_c_timeweighted"", ""dq100_10_q05_ah"", ""dq100_10_mean_ah""]]",20
Stacking_Ridge_plus_top2/repeat2/outer5/meta2/xgb/tune,xgb,plus_top2,3,"{""learning_rate"": 0.03, ""max_depth"": 1, ""min_child_weight"": 3, ""n_estimators"": 100, ""reg_lambda"": 1.0}",11.359401175739379,"[[""dq100_10_log_variance"", ""cycle10_rms_c_timeweighted"", ""dq100_10_q05_ah"", ""dq100_10_mean_ah""], [""dq100_10_log_variance"", ""cycle10_rms_c_timeweighted"", ""dq100_10_q05_ah"", ""dq100_10_mean_ah""], [""dq100_10_log_variance"", ""cycle10_rms_c_timeweighted"", ""dq100_10_q05_ah"", ""dq100_10_mean_ah""]]",20
Stacking_Ridge_plus_top2/repeat2/outer5/meta2/xgb/tune,xgb,plus_top2,4,"{""learning_rate"": 0.03, ""max_depth"": 3, ""min_child_weight"": 3, ""n_estimators"": 250, ""reg_lambda"": 10.0}",11.047726241377601,"[[""dq100_10_log_variance"", ""cycle10_rms_c_timeweighted"", ""dq100_10_q05_ah"", ""dq100_10_mean_ah""], [""dq100_10_log_variance"", ""cycle10_rms_c_timeweighted"", ""dq100_10_q05_ah"", ""dq100_10_mean_ah""], [""dq100_10_log_variance"", ""cycle10_rms_c_timeweighted"", ""dq100_10_q05_ah"", ""dq100_10_mean_ah""]]",20
Stacking_Ridge_plus_top2/repeat2/outer5/meta2/xgb/tune,xgb,plus_top2,5,"{""learning_rate"": 0.07, ""max_depth"": 2, ""min_child_weight"": 3, ""n_estimators"": 100, ""reg_lambda"": 30.0}",12.78413261693451,"[[""dq100_10_log_variance"", ""cycle10_rms_c_timeweighted"", ""dq100_10_q05_ah"", ""dq100_10_mean_ah""], [""dq100_10_log_variance"", ""cycle10_rms_c_timeweighted"", ""dq100_10_q05_ah"", ""dq100_10_mean_ah""], [""dq100_10_log_variance"", ""cycle10_rms_c_timeweighted"", ""dq100_10_q05_ah"", ""dq100_10_mean_ah""]]",20
Stacking_Ridge_plus_top2/repeat2/outer5/meta2/xgb/tune,xgb,plus_top2,6,"{""learning_rate"": 0.03, ""max_depth"": 1, ""min_child_weight"": 5, ""n_estimators"": 250, ""reg_lambda"": 10.0}",12.898214073450035,"[[""dq100_10_log_variance"", ""cycle10_rms_c_timeweighted"", ""dq100_10_q05_ah"", ""dq100_10_mean_ah""], [""dq100_10_log_variance"", ""cycle10_rms_c_timeweighted"", ""dq100_10_q05_ah"", ""dq100_10_mean_ah""], [""dq100_10_log_variance"", ""cycle10_rms_c_timeweighted"", ""dq100_10_q05_ah"", ""dq100_10_mean_ah""]]",20
Stacking_Ridge_plus_top2/repeat2/outer5/meta2/xgb/tune,xgb,plus_top2,7,"{""learning_rate"": 0.03, ""max_depth"": 3, ""min_child_weight"": 5, ""n_estimators"": 250, ""reg_lambda"": 10.0}",12.898214073450035,"[[""dq100_10_log_variance"", ""cycle10_rms_c_timeweighted"", ""dq100_10_q05_ah"", ""dq100_10_mean_ah""], [""dq100_10_log_variance"", ""cycle10_rms_c_timeweighted"", ""dq100_10_q05_ah"", ""dq100_10_mean_ah""], [""dq100_10_log_variance"", ""cycle10_rms_c_timeweighted"", ""dq100_10_q05_ah"", ""dq100_10_mean_ah""]]",20
Stacking_Ridge_plus_top2/repeat2/outer5/meta2/xgb/tune,xgb,plus_top2,8,"{""learning_rate"": 0.03, ""max_depth"": 2, ""min_child_weight"": 3, ""n_estimators"": 100, ""reg_lambda"": 1.0}",11.335118952885725,"[[""dq100_10_log_variance"", ""cycle10_rms_c_timeweighted"", ""dq100_10_q05_ah"", ""dq100_10_mean_ah""], [""dq100_10_log_variance"", ""cycle10_rms_c_timeweighted"", ""dq100_10_q05_ah"", ""dq100_10_mean_ah""], [""dq100_10_log_variance"", ""cycle10_rms_c_timeweighted"", ""dq100_10_q05_ah"", ""dq100_10_mean_ah""]]",20
Stacking_Ridge_plus_top2/repeat2/outer5/meta2/xgb/tune,xgb,plus_top2,9,"{""learning_rate"": 0.07, ""max_depth"": 2, ""min_child_weight"": 5, ""n_estimators"": 100, ""reg_lambda"": 1.0}",13.00112273304067,"[[""dq100_10_log_variance"", ""cycle10_rms_c_timeweighted"", ""dq100_10_q05_ah"", ""dq100_10_mean_ah""], [""dq100_10_log_variance"", ""cycle10_rms_c_timeweighted"", ""dq100_10_q05_ah"", ""dq100_10_mean_ah""], [""dq100_10_log_variance"", ""cycle10_rms_c_timeweighted"", ""dq100_10_q05_ah"", ""dq100_10_mean_ah""]]",20
Stacking_Ridge_plus_top2/repeat2/outer5/meta2/xgb/tune,xgb,plus_top2,10,"{""learning_rate"": 0.07, ""max_depth"": 1, ""min_child_weight"": 5, ""n_estimators"": 250, ""reg_lambda"": 30.0}",12.891590529976302,"[[""dq100_10_log_variance"", ""cycle10_rms_c_timeweighted"", ""dq100_10_q05_ah"", ""dq100_10_mean_ah""], [""dq100_10_log_variance"", ""cycle10_rms_c_timeweighted"", ""dq100_10_q05_ah"", ""dq100_10_mean_ah""], [""dq100_10_log_variance"", ""cycle10_rms_c_timeweighted"", ""dq100_10_q05_ah"", ""dq100_10_mean_ah""]]",20
Stacking_Ridge_plus_top2/repeat2/outer5/meta2/xgb/tune,xgb,plus_top2,11,"{""learning_rate"": 0.03, ""max_depth"": 3, ""min_child_weight"": 5, ""n_estimators"": 100, ""reg_lambda"": 10.0}",13.315741619720974,"[[""dq100_10_log_variance"", ""cycle10_rms_c_timeweighted"", ""dq100_10_q05_ah"", ""dq100_10_mean_ah""], [""dq100_10_log_variance"", ""cycle10_rms_c_timeweighted"", ""dq100_10_q05_ah"", ""dq100_10_mean_ah""], [""dq100_10_log_variance"", ""cycle10_rms_c_timeweighted"", ""dq100_10_q05_ah"", ""dq100_10_mean_ah""]]",20
Stacking_Ridge_plus_top2/repeat2/outer5/meta3/xgb/tune,xgb,plus_top2,0,"{""learning_rate"": 0.03, ""max_depth"": 1, ""min_child_weight"": 3, ""n_estimators"": 250, ""reg_lambda"": 10.0}",14.046130682021987,"[[""dq100_10_log_variance"", ""cycle10_rms_c_timeweighted"", ""dq100_10_q05_ah"", ""dq100_10_mean_ah""], [""dq100_10_log_variance"", ""cycle10_rms_c_timeweighted"", ""dq100_10_q05_ah"", ""dq100_10_mean_ah""], [""dq100_10_log_variance"", ""cycle10_rms_c_timeweighted"", ""dq100_10_q05_ah"", ""dq100_10_mean_ah""]]",19
Stacking_Ridge_plus_top2/repeat2/outer5/meta3/xgb/tune,xgb,plus_top2,1,"{""learning_rate"": 0.07, ""max_depth"": 3, ""min_child_weight"": 3, ""n_estimators"": 100, ""reg_lambda"": 30.0}",15.51058352874336,"[[""dq100_10_log_variance"", ""cycle10_rms_c_timeweighted"", ""dq100_10_q05_ah"", ""dq100_10_mean_ah""], [""dq100_10_log_variance"", ""cycle10_rms_c_timeweighted"", ""dq100_10_q05_ah"", ""dq100_10_mean_ah""], [""dq100_10_log_variance"", ""cycle10_rms_c_timeweighted"", ""dq100_10_q05_ah"", ""dq100_10_mean_ah""]]",19
Stacking_Ridge_plus_top2/repeat2/outer5/meta3/xgb/tune,xgb,plus_top2,2,"{""learning_rate"": 0.03, ""max_depth"": 2, ""min_child_weight"": 5, ""n_estimators"": 100, ""reg_lambda"": 1.0}",15.251350466089097,"[[""dq100_10_log_variance"", ""cycle10_rms_c_timeweighted"", ""dq100_10_q05_ah"", ""dq100_10_mean_ah""], [""dq100_10_log_variance"", ""cycle10_rms_c_timeweighted"", ""dq100_10_q05_ah"", ""dq100_10_mean_ah""], [""dq100_10_log_variance"", ""cycle10_rms_c_timeweighted"", ""dq100_10_q05_ah"", ""dq100_10_mean_ah""]]",19
Stacking_Ridge_plus_top2/repeat2/outer5/meta3/xgb/tune,xgb,plus_top2,3,"{""learning_rate"": 0.03, ""max_depth"": 1, ""min_child_weight"": 3, ""n_estimators"": 100, ""reg_lambda"": 1.0}",14.709385248029678,"[[""dq100_10_log_variance"", ""cycle10_rms_c_timeweighted"", ""dq100_10_q05_ah"", ""dq100_10_mean_ah""], [""dq100_10_log_variance"", ""cycle10_rms_c_timeweighted"", ""dq100_10_q05_ah"", ""dq100_10_mean_ah""], [""dq100_10_log_variance"", ""cycle10_rms_c_timeweighted"", ""dq100_10_q05_ah"", ""dq100_10_mean_ah""]]",19
Stacking_Ridge_plus_top2/repeat2/outer5/meta3/xgb/tune,xgb,plus_top2,4,"{""learning_rate"": 0.03, ""max_depth"": 3, ""min_child_weight"": 3, ""n_estimators"": 250, ""reg_lambda"": 10.0}",14.092573344242378,"[[""dq100_10_log_variance"", ""cycle10_rms_c_timeweighted"", ""dq100_10_q05_ah"", ""dq100_10_mean_ah""], [""dq100_10_log_variance"", ""cycle10_rms_c_timeweighted"", ""dq100_10_q05_ah"", ""dq100_10_mean_ah""], [""dq100_10_log_variance"", ""cycle10_rms_c_timeweighted"", ""dq100_10_q05_ah"", ""dq100_10_mean_ah""]]",19
Stacking_Ridge_plus_top2/repeat2/outer5/meta3/xgb/tune,xgb,plus_top2,5,"{""learning_rate"": 0.07, ""max_depth"": 2, ""min_child_weight"": 3, ""n_estimators"": 100, ""reg_lambda"": 30.0}",15.51058352874336,"[[""dq100_10_log_variance"", ""cycle10_rms_c_timeweighted"", ""dq100_10_q05_ah"", ""dq100_10_mean_ah""], [""dq100_10_log_variance"", ""cycle10_rms_c_timeweighted"", ""dq100_10_q05_ah"", ""dq100_10_mean_ah""], [""dq100_10_log_variance"", ""cycle10_rms_c_timeweighted"", ""dq100_10_q05_ah"", ""dq100_10_mean_ah""]]",19
Stacking_Ridge_plus_top2/repeat2/outer5/meta3/xgb/tune,xgb,plus_top2,6,"{""learning_rate"": 0.03, ""max_depth"": 1, ""min_child_weight"": 5, ""n_estimators"": 250, ""reg_lambda"": 10.0}",15.093845480756443,"[[""dq100_10_log_variance"", ""cycle10_rms_c_timeweighted"", ""dq100_10_q05_ah"", ""dq100_10_mean_ah""], [""dq100_10_log_variance"", ""cycle10_rms_c_timeweighted"", ""dq100_10_q05_ah"", ""dq100_10_mean_ah""], [""dq100_10_log_variance"", ""cycle10_rms_c_timeweighted"", ""dq100_10_q05_ah"", ""dq100_10_mean_ah""]]",19
Stacking_Ridge_plus_top2/repeat2/outer5/meta3/xgb/tune,xgb,plus_top2,7,"{""learning_rate"": 0.03, ""max_depth"": 3, ""min_child_weight"": 5, ""n_estimators"": 250, ""reg_lambda"": 10.0}",15.093845480756443,"[[""dq100_10_log_variance"", ""cycle10_rms_c_timeweighted"", ""dq100_10_q05_ah"", ""dq100_10_mean_ah""], [""dq100_10_log_variance"", ""cycle10_rms_c_timeweighted"", ""dq100_10_q05_ah"", ""dq100_10_mean_ah""], [""dq100_10_log_variance"", ""cycle10_rms_c_timeweighted"", ""dq100_10_q05_ah"", ""dq100_10_mean_ah""]]",19
Stacking_Ridge_plus_top2/repeat2/outer5/meta3/xgb/tune,xgb,plus_top2,8,"{""learning_rate"": 0.03, ""max_depth"": 2, ""min_child_weight"": 3, ""n_estimators"": 100, ""reg_lambda"": 1.0}",14.027327558663941,"[[""dq100_10_log_variance"", ""cycle10_rms_c_timeweighted"", ""dq100_10_q05_ah"", ""dq100_10_mean_ah""], [""dq100_10_log_variance"", ""cycle10_rms_c_timeweighted"", ""dq100_10_q05_ah"", ""dq100_10_mean_ah""], [""dq100_10_log_variance"", ""cycle10_rms_c_timeweighted"", ""dq100_10_q05_ah"", ""dq100_10_mean_ah""]]",19
Stacking_Ridge_plus_top2/repeat2/outer5/meta3/xgb/tune,xgb,plus_top2,9,"{""learning_rate"": 0.07, ""max_depth"": 2, ""min_child_weight"": 5, ""n_estimators"": 100, ""reg_lambda"": 1.0}",14.708028729263898,"[[""dq100_10_log_variance"", ""cycle10_rms_c_timeweighted"", ""dq100_10_q05_ah"", ""dq100_10_mean_ah""], [""dq100_10_log_variance"", ""cycle10_rms_c_timeweighted"", ""dq100_10_q05_ah"", ""dq100_10_mean_ah""], [""dq100_10_log_variance"", ""cycle10_rms_c_timeweighted"", ""dq100_10_q05_ah"", ""dq100_10_mean_ah""]]",19
Stacking_Ridge_plus_top2/repeat2/outer5/meta3/xgb/tune,xgb,plus_top2,10,"{""learning_rate"": 0.07, ""max_depth"": 1, ""min_child_weight"": 5, ""n_estimators"": 250, ""reg_lambda"": 30.0}",15.01263987410349,"[[""dq100_10_log_variance"", ""cycle10_rms_c_timeweighted"", ""dq100_10_q05_ah"", ""dq100_10_mean_ah""], [""dq100_10_log_variance"", ""cycle10_rms_c_timeweighted"", ""dq100_10_q05_ah"", ""dq100_10_mean_ah""], [""dq100_10_log_variance"", ""cycle10_rms_c_timeweighted"", ""dq100_10_q05_ah"", ""dq100_10_mean_ah""]]",19
Stacking_Ridge_plus_top2/repeat2/outer5/meta3/xgb/tune,xgb,plus_top2,11,"{""learning_rate"": 0.03, ""max_depth"": 3, ""min_child_weight"": 5, ""n_estimators"": 100, ""reg_lambda"": 10.0}",16.494325867128378,"[[""dq100_10_log_variance"", ""cycle10_rms_c_timeweighted"", ""dq100_10_q05_ah"", ""dq100_10_mean_ah""], [""dq100_10_log_variance"", ""cycle10_rms_c_timeweighted"", ""dq100_10_q05_ah"", ""dq100_10_mean_ah""], [""dq100_10_log_variance"", ""cycle10_rms_c_timeweighted"", ""dq100_10_q05_ah"", ""dq100_10_mean_ah""]]",19
Stacking_Ridge_plus_top2/repeat3/outer1/meta1/xgb/tune,xgb,plus_top2,0,"{""learning_rate"": 0.03, ""max_depth"": 1, ""min_child_weight"": 3, ""n_estimators"": 250, ""reg_lambda"": 10.0}",11.116545344275035,"[[""dq100_10_log_variance"", ""cycle10_rms_c_timeweighted"", ""capacity_theilsen_60_100_relative"", ""dq100_10_q05_ah""], [""dq100_10_log_variance"", ""cycle10_rms_c_timeweighted"", ""dq100_10_q05_ah"", ""dq100_10_mean_ah""], [""dq100_10_log_variance"", ""cycle10_rms_c_timeweighted"", ""dq100_10_q05_ah"", ""dq100_10_mean_ah""]]",18
Stacking_Ridge_plus_top2/repeat3/outer1/meta1/xgb/tune,xgb,plus_top2,1,"{""learning_rate"": 0.07, ""max_depth"": 3, ""min_child_weight"": 3, ""n_estimators"": 100, ""reg_lambda"": 30.0}",11.784967160951226,"[[""dq100_10_log_variance"", ""cycle10_rms_c_timeweighted"", ""capacity_theilsen_60_100_relative"", ""dq100_10_q05_ah""], [""dq100_10_log_variance"", ""cycle10_rms_c_timeweighted"", ""dq100_10_q05_ah"", ""dq100_10_mean_ah""], [""dq100_10_log_variance"", ""cycle10_rms_c_timeweighted"", ""dq100_10_q05_ah"", ""dq100_10_mean_ah""]]",18
Stacking_Ridge_plus_top2/repeat3/outer1/meta1/xgb/tune,xgb,plus_top2,2,"{""learning_rate"": 0.03, ""max_depth"": 2, ""min_child_weight"": 5, ""n_estimators"": 100, ""reg_lambda"": 1.0}",10.968526876688776,"[[""dq100_10_log_variance"", ""cycle10_rms_c_timeweighted"", ""capacity_theilsen_60_100_relative"", ""dq100_10_q05_ah""], [""dq100_10_log_variance"", ""cycle10_rms_c_timeweighted"", ""dq100_10_q05_ah"", ""dq100_10_mean_ah""], [""dq100_10_log_variance"", ""cycle10_rms_c_timeweighted"", ""dq100_10_q05_ah"", ""dq100_10_mean_ah""]]",18
Stacking_Ridge_plus_top2/repeat3/outer1/meta1/xgb/tune,xgb,plus_top2,3,"{""learning_rate"": 0.03, ""max_depth"": 1, ""min_child_weight"": 3, ""n_estimators"": 100, ""reg_lambda"": 1.0}",11.159761126573917,"[[""dq100_10_log_variance"", ""cycle10_rms_c_timeweighted"", ""capacity_theilsen_60_100_relative"", ""dq100_10_q05_ah""], [""dq100_10_log_variance"", ""cycle10_rms_c_timeweighted"", ""dq100_10_q05_ah"", ""dq100_10_mean_ah""], [""dq100_10_log_variance"", ""cycle10_rms_c_timeweighted"", ""dq100_10_q05_ah"", ""dq100_10_mean_ah""]]",18
Stacking_Ridge_plus_top2/repeat3/outer1/meta1/xgb/tune,xgb,plus_top2,4,"{""learning_rate"": 0.03, ""max_depth"": 3, ""min_child_weight"": 3, ""n_estimators"": 250, ""reg_lambda"": 10.0}",11.397883534123721,"[[""dq100_10_log_variance"", ""cycle10_rms_c_timeweighted"", ""capacity_theilsen_60_100_relative"", ""dq100_10_q05_ah""], [""dq100_10_log_variance"", ""cycle10_rms_c_timeweighted"", ""dq100_10_q05_ah"", ""dq100_10_mean_ah""], [""dq100_10_log_variance"", ""cycle10_rms_c_timeweighted"", ""dq100_10_q05_ah"", ""dq100_10_mean_ah""]]",18
Stacking_Ridge_plus_top2/repeat3/outer1/meta1/xgb/tune,xgb,plus_top2,5,"{""learning_rate"": 0.07, ""max_depth"": 2, ""min_child_weight"": 3, ""n_estimators"": 100, ""reg_lambda"": 30.0}",11.6946217409112,"[[""dq100_10_log_variance"", ""cycle10_rms_c_timeweighted"", ""capacity_theilsen_60_100_relative"", ""dq100_10_q05_ah""], [""dq100_10_log_variance"", ""cycle10_rms_c_timeweighted"", ""dq100_10_q05_ah"", ""dq100_10_mean_ah""], [""dq100_10_log_variance"", ""cycle10_rms_c_timeweighted"", ""dq100_10_q05_ah"", ""dq100_10_mean_ah""]]",18
Stacking_Ridge_plus_top2/repeat3/outer1/meta1/xgb/tune,xgb,plus_top2,6,"{""learning_rate"": 0.03, ""max_depth"": 1, ""min_child_weight"": 5, ""n_estimators"": 250, ""reg_lambda"": 10.0}",10.952276495989432,"[[""dq100_10_log_variance"", ""cycle10_rms_c_timeweighted"", ""capacity_theilsen_60_100_relative"", ""dq100_10_q05_ah""], [""dq100_10_log_variance"", ""cycle10_rms_c_timeweighted"", ""dq100_10_q05_ah"", ""dq100_10_mean_ah""], [""dq100_10_log_variance"", ""cycle10_rms_c_timeweighted"", ""dq100_10_q05_ah"", ""dq100_10_mean_ah""]]",18
Stacking_Ridge_plus_top2/repeat3/outer1/meta1/xgb/tune,xgb,plus_top2,7,"{""learning_rate"": 0.03, ""max_depth"": 3, ""min_child_weight"": 5, ""n_estimators"": 250, ""reg_lambda"": 10.0}",10.952276495989432,"[[""dq100_10_log_variance"", ""cycle10_rms_c_timeweighted"", ""capacity_theilsen_60_100_relative"", ""dq100_10_q05_ah""], [""dq100_10_log_variance"", ""cycle10_rms_c_timeweighted"", ""dq100_10_q05_ah"", ""dq100_10_mean_ah""], [""dq100_10_log_variance"", ""cycle10_rms_c_timeweighted"", ""dq100_10_q05_ah"", ""dq100_10_mean_ah""]]",18
Stacking_Ridge_plus_top2/repeat3/outer1/meta1/xgb/tune,xgb,plus_top2,8,"{""learning_rate"": 0.03, ""max_depth"": 2, ""min_child_weight"": 3, ""n_estimators"": 100, ""reg_lambda"": 1.0}",10.908112371909606,"[[""dq100_10_log_variance"", ""cycle10_rms_c_timeweighted"", ""capacity_theilsen_60_100_relative"", ""dq100_10_q05_ah""], [""dq100_10_log_variance"", ""cycle10_rms_c_timeweighted"", ""dq100_10_q05_ah"", ""dq100_10_mean_ah""], [""dq100_10_log_variance"", ""cycle10_rms_c_timeweighted"", ""dq100_10_q05_ah"", ""dq100_10_mean_ah""]]",18
Stacking_Ridge_plus_top2/repeat3/outer1/meta1/xgb/tune,xgb,plus_top2,9,"{""learning_rate"": 0.07, ""max_depth"": 2, ""min_child_weight"": 5, ""n_estimators"": 100, ""reg_lambda"": 1.0}",10.365707060535847,"[[""dq100_10_log_variance"", ""cycle10_rms_c_timeweighted"", ""capacity_theilsen_60_100_relative"", ""dq100_10_q05_ah""], [""dq100_10_log_variance"", ""cycle10_rms_c_timeweighted"", ""dq100_10_q05_ah"", ""dq100_10_mean_ah""], [""dq100_10_log_variance"", ""cycle10_rms_c_timeweighted"", ""dq100_10_q05_ah"", ""dq100_10_mean_ah""]]",18
Stacking_Ridge_plus_top2/repeat3/outer1/meta1/xgb/tune,xgb,plus_top2,10,"{""learning_rate"": 0.07, ""max_depth"": 1, ""min_child_weight"": 5, ""n_estimators"": 250, ""reg_lambda"": 30.0}",10.926233404842012,"[[""dq100_10_log_variance"", ""cycle10_rms_c_timeweighted"", ""capacity_theilsen_60_100_relative"", ""dq100_10_q05_ah""], [""dq100_10_log_variance"", ""cycle10_rms_c_timeweighted"", ""dq100_10_q05_ah"", ""dq100_10_mean_ah""], [""dq100_10_log_variance"", ""cycle10_rms_c_timeweighted"", ""dq100_10_q05_ah"", ""dq100_10_mean_ah""]]",18
Stacking_Ridge_plus_top2/repeat3/outer1/meta1/xgb/tune,xgb,plus_top2,11,"{""learning_rate"": 0.03, ""max_depth"": 3, ""min_child_weight"": 5, ""n_estimators"": 100, ""reg_lambda"": 10.0}",12.084717079013476,"[[""dq100_10_log_variance"", ""cycle10_rms_c_timeweighted"", ""capacity_theilsen_60_100_relative"", ""dq100_10_q05_ah""], [""dq100_10_log_variance"", ""cycle10_rms_c_timeweighted"", ""dq100_10_q05_ah"", ""dq100_10_mean_ah""], [""dq100_10_log_variance"", ""cycle10_rms_c_timeweighted"", ""dq100_10_q05_ah"", ""dq100_10_mean_ah""]]",18
Stacking_Ridge_plus_top2/repeat3/outer1/meta2/xgb/tune,xgb,plus_top2,0,"{""learning_rate"": 0.03, ""max_depth"": 1, ""min_child_weight"": 3, ""n_estimators"": 250, ""reg_lambda"": 10.0}",10.371235527167682,"[[""dq100_10_log_variance"", ""cycle10_rms_c_timeweighted"", ""dq100_10_q05_ah"", ""dq100_10_mean_ah""], [""dq100_10_log_variance"", ""cycle10_rms_c_timeweighted"", ""dq100_10_q05_ah"", ""dq100_10_mean_ah""], [""dq100_10_log_variance"", ""cycle10_rms_c_timeweighted"", ""tavg_theilsen_10_100_degC_per_cycle"", ""dq100_10_q05_ah""]]",17
Stacking_Ridge_plus_top2/repeat3/outer1/meta2/xgb/tune,xgb,plus_top2,1,"{""learning_rate"": 0.07, ""max_depth"": 3, ""min_child_weight"": 3, ""n_estimators"": 100, ""reg_lambda"": 30.0}",15.12026630698691,"[[""dq100_10_log_variance"", ""cycle10_rms_c_timeweighted"", ""dq100_10_q05_ah"", ""dq100_10_mean_ah""], [""dq100_10_log_variance"", ""cycle10_rms_c_timeweighted"", ""dq100_10_q05_ah"", ""dq100_10_mean_ah""], [""dq100_10_log_variance"", ""cycle10_rms_c_timeweighted"", ""tavg_theilsen_10_100_degC_per_cycle"", ""dq100_10_q05_ah""]]",17
Stacking_Ridge_plus_top2/repeat3/outer1/meta2/xgb/tune,xgb,plus_top2,2,"{""learning_rate"": 0.03, ""max_depth"": 2, ""min_child_weight"": 5, ""n_estimators"": 100, ""reg_lambda"": 1.0}",13.082881255562153,"[[""dq100_10_log_variance"", ""cycle10_rms_c_timeweighted"", ""dq100_10_q05_ah"", ""dq100_10_mean_ah""], [""dq100_10_log_variance"", ""cycle10_rms_c_timeweighted"", ""dq100_10_q05_ah"", ""dq100_10_mean_ah""], [""dq100_10_log_variance"", ""cycle10_rms_c_timeweighted"", ""tavg_theilsen_10_100_degC_per_cycle"", ""dq100_10_q05_ah""]]",17
Stacking_Ridge_plus_top2/repeat3/outer1/meta2/xgb/tune,xgb,plus_top2,3,"{""learning_rate"": 0.03, ""max_depth"": 1, ""min_child_weight"": 3, ""n_estimators"": 100, ""reg_lambda"": 1.0}",10.284845930968606,"[[""dq100_10_log_variance"", ""cycle10_rms_c_timeweighted"", ""dq100_10_q05_ah"", ""dq100_10_mean_ah""], [""dq100_10_log_variance"", ""cycle10_rms_c_timeweighted"", ""dq100_10_q05_ah"", ""dq100_10_mean_ah""], [""dq100_10_log_variance"", ""cycle10_rms_c_timeweighted"", ""tavg_theilsen_10_100_degC_per_cycle"", ""dq100_10_q05_ah""]]",17
Stacking_Ridge_plus_top2/repeat3/outer1/meta2/xgb/tune,xgb,plus_top2,4,"{""learning_rate"": 0.03, ""max_depth"": 3, ""min_child_weight"": 3, ""n_estimators"": 250, ""reg_lambda"": 10.0}",10.321369646270497,"[[""dq100_10_log_variance"", ""cycle10_rms_c_timeweighted"", ""dq100_10_q05_ah"", ""dq100_10_mean_ah""], [""dq100_10_log_variance"", ""cycle10_rms_c_timeweighted"", ""dq100_10_q05_ah"", ""dq100_10_mean_ah""], [""dq100_10_log_variance"", ""cycle10_rms_c_timeweighted"", ""tavg_theilsen_10_100_degC_per_cycle"", ""dq100_10_q05_ah""]]",17
Stacking_Ridge_plus_top2/repeat3/outer1/meta2/xgb/tune,xgb,plus_top2,5,"{""learning_rate"": 0.07, ""max_depth"": 2, ""min_child_weight"": 3, ""n_estimators"": 100, ""reg_lambda"": 30.0}",15.12026630698691,"[[""dq100_10_log_variance"", ""cycle10_rms_c_timeweighted"", ""dq100_10_q05_ah"", ""dq100_10_mean_ah""], [""dq100_10_log_variance"", ""cycle10_rms_c_timeweighted"", ""dq100_10_q05_ah"", ""dq100_10_mean_ah""], [""dq100_10_log_variance"", ""cycle10_rms_c_timeweighted"", ""tavg_theilsen_10_100_degC_per_cycle"", ""dq100_10_q05_ah""]]",17
Stacking_Ridge_plus_top2/repeat3/outer1/meta2/xgb/tune,xgb,plus_top2,6,"{""learning_rate"": 0.03, ""max_depth"": 1, ""min_child_weight"": 5, ""n_estimators"": 250, ""reg_lambda"": 10.0}",13.067068217922026,"[[""dq100_10_log_variance"", ""cycle10_rms_c_timeweighted"", ""dq100_10_q05_ah"", ""dq100_10_mean_ah""], [""dq100_10_log_variance"", ""cycle10_rms_c_timeweighted"", ""dq100_10_q05_ah"", ""dq100_10_mean_ah""], [""dq100_10_log_variance"", ""cycle10_rms_c_timeweighted"", ""tavg_theilsen_10_100_degC_per_cycle"", ""dq100_10_q05_ah""]]",17
Stacking_Ridge_plus_top2/repeat3/outer1/meta2/xgb/tune,xgb,plus_top2,7,"{""learning_rate"": 0.03, ""max_depth"": 3, ""min_child_weight"": 5, ""n_estimators"": 250, ""reg_lambda"": 10.0}",13.067068217922026,"[[""dq100_10_log_variance"", ""cycle10_rms_c_timeweighted"", ""dq100_10_q05_ah"", ""dq100_10_mean_ah""], [""dq100_10_log_variance"", ""cycle10_rms_c_timeweighted"", ""dq100_10_q05_ah"", ""dq100_10_mean_ah""], [""dq100_10_log_variance"", ""cycle10_rms_c_timeweighted"", ""tavg_theilsen_10_100_degC_per_cycle"", ""dq100_10_q05_ah""]]",17
Stacking_Ridge_plus_top2/repeat3/outer1/meta2/xgb/tune,xgb,plus_top2,8,"{""learning_rate"": 0.03, ""max_depth"": 2, ""min_child_weight"": 3, ""n_estimators"": 100, ""reg_lambda"": 1.0}",9.608241010705976,"[[""dq100_10_log_variance"", ""cycle10_rms_c_timeweighted"", ""dq100_10_q05_ah"", ""dq100_10_mean_ah""], [""dq100_10_log_variance"", ""cycle10_rms_c_timeweighted"", ""dq100_10_q05_ah"", ""dq100_10_mean_ah""], [""dq100_10_log_variance"", ""cycle10_rms_c_timeweighted"", ""tavg_theilsen_10_100_degC_per_cycle"", ""dq100_10_q05_ah""]]",17
Stacking_Ridge_plus_top2/repeat3/outer1/meta2/xgb/tune,xgb,plus_top2,9,"{""learning_rate"": 0.07, ""max_depth"": 2, ""min_child_weight"": 5, ""n_estimators"": 100, ""reg_lambda"": 1.0}",12.425309469187424,"[[""dq100_10_log_variance"", ""cycle10_rms_c_timeweighted"", ""dq100_10_q05_ah"", ""dq100_10_mean_ah""], [""dq100_10_log_variance"", ""cycle10_rms_c_timeweighted"", ""dq100_10_q05_ah"", ""dq100_10_mean_ah""], [""dq100_10_log_variance"", ""cycle10_rms_c_timeweighted"", ""tavg_theilsen_10_100_degC_per_cycle"", ""dq100_10_q05_ah""]]",17
Stacking_Ridge_plus_top2/repeat3/outer1/meta2/xgb/tune,xgb,plus_top2,10,"{""learning_rate"": 0.07, ""max_depth"": 1, ""min_child_weight"": 5, ""n_estimators"": 250, ""reg_lambda"": 30.0}",13.057200858202101,"[[""dq100_10_log_variance"", ""cycle10_rms_c_timeweighted"", ""dq100_10_q05_ah"", ""dq100_10_mean_ah""], [""dq100_10_log_variance"", ""cycle10_rms_c_timeweighted"", ""dq100_10_q05_ah"", ""dq100_10_mean_ah""], [""dq100_10_log_variance"", ""cycle10_rms_c_timeweighted"", ""tavg_theilsen_10_100_degC_per_cycle"", ""dq100_10_q05_ah""]]",17
Stacking_Ridge_plus_top2/repeat3/outer1/meta2/xgb/tune,xgb,plus_top2,11,"{""learning_rate"": 0.03, ""max_depth"": 3, ""min_child_weight"": 5, ""n_estimators"": 100, ""reg_lambda"": 10.0}",16.530455980282994,"[[""dq100_10_log_variance"", ""cycle10_rms_c_timeweighted"", ""dq100_10_q05_ah"", ""dq100_10_mean_ah""], [""dq100_10_log_variance"", ""cycle10_rms_c_timeweighted"", ""dq100_10_q05_ah"", ""dq100_10_mean_ah""], [""dq100_10_log_variance"", ""cycle10_rms_c_timeweighted"", ""tavg_theilsen_10_100_degC_per_cycle"", ""dq100_10_q05_ah""]]",17
Stacking_Ridge_plus_top2/repeat3/outer1/meta3/xgb/tune,xgb,plus_top2,0,"{""learning_rate"": 0.03, ""max_depth"": 1, ""min_child_weight"": 3, ""n_estimators"": 250, ""reg_lambda"": 10.0}",12.822257113219116,"[[""dq100_10_log_variance"", ""cycle10_rms_c_timeweighted"", ""dq100_10_q05_ah"", ""dq100_10_mean_ah""], [""dq100_10_log_variance"", ""cycle10_rms_c_timeweighted"", ""dq100_10_q05_ah"", ""dq100_10_mean_ah""], [""dq100_10_log_variance"", ""cycle10_rms_c_timeweighted"", ""dq100_10_q05_ah"", ""tavg_theilsen_10_100_degC_per_cycle""]]",19
Stacking_Ridge_plus_top2/repeat3/outer1/meta3/xgb/tune,xgb,plus_top2,1,"{""learning_rate"": 0.07, ""max_depth"": 3, ""min_child_weight"": 3, ""n_estimators"": 100, ""reg_lambda"": 30.0}",15.003365152186483,"[[""dq100_10_log_variance"", ""cycle10_rms_c_timeweighted"", ""dq100_10_q05_ah"", ""dq100_10_mean_ah""], [""dq100_10_log_variance"", ""cycle10_rms_c_timeweighted"", ""dq100_10_q05_ah"", ""dq100_10_mean_ah""], [""dq100_10_log_variance"", ""cycle10_rms_c_timeweighted"", ""dq100_10_q05_ah"", ""tavg_theilsen_10_100_degC_per_cycle""]]",19
Stacking_Ridge_plus_top2/repeat3/outer1/meta3/xgb/tune,xgb,plus_top2,2,"{""learning_rate"": 0.03, ""max_depth"": 2, ""min_child_weight"": 5, ""n_estimators"": 100, ""reg_lambda"": 1.0}",13.73558727296482,"[[""dq100_10_log_variance"", ""cycle10_rms_c_timeweighted"", ""dq100_10_q05_ah"", ""dq100_10_mean_ah""], [""dq100_10_log_variance"", ""cycle10_rms_c_timeweighted"", ""dq100_10_q05_ah"", ""dq100_10_mean_ah""], [""dq100_10_log_variance"", ""cycle10_rms_c_timeweighted"", ""dq100_10_q05_ah"", ""tavg_theilsen_10_100_degC_per_cycle""]]",19
Stacking_Ridge_plus_top2/repeat3/outer1/meta3/xgb/tune,xgb,plus_top2,3,"{""learning_rate"": 0.03, ""max_depth"": 1, ""min_child_weight"": 3, ""n_estimators"": 100, ""reg_lambda"": 1.0}",12.991088154819167,"[[""dq100_10_log_variance"", ""cycle10_rms_c_timeweighted"", ""dq100_10_q05_ah"", ""dq100_10_mean_ah""], [""dq100_10_log_variance"", ""cycle10_rms_c_timeweighted"", ""dq100_10_q05_ah"", ""dq100_10_mean_ah""], [""dq100_10_log_variance"", ""cycle10_rms_c_timeweighted"", ""dq100_10_q05_ah"", ""tavg_theilsen_10_100_degC_per_cycle""]]",19
Stacking_Ridge_plus_top2/repeat3/outer1/meta3/xgb/tune,xgb,plus_top2,4,"{""learning_rate"": 0.03, ""max_depth"": 3, ""min_child_weight"": 3, ""n_estimators"": 250, ""reg_lambda"": 10.0}",12.975924429795008,"[[""dq100_10_log_variance"", ""cycle10_rms_c_timeweighted"", ""dq100_10_q05_ah"", ""dq100_10_mean_ah""], [""dq100_10_log_variance"", ""cycle10_rms_c_timeweighted"", ""dq100_10_q05_ah"", ""dq100_10_mean_ah""], [""dq100_10_log_variance"", ""cycle10_rms_c_timeweighted"", ""dq100_10_q05_ah"", ""tavg_theilsen_10_100_degC_per_cycle""]]",19
Stacking_Ridge_plus_top2/repeat3/outer1/meta3/xgb/tune,xgb,plus_top2,5,"{""learning_rate"": 0.07, ""max_depth"": 2, ""min_child_weight"": 3, ""n_estimators"": 100, ""reg_lambda"": 30.0}",15.003365152186483,"[[""dq100_10_log_variance"", ""cycle10_rms_c_timeweighted"", ""dq100_10_q05_ah"", ""dq100_10_mean_ah""], [""dq100_10_log_variance"", ""cycle10_rms_c_timeweighted"", ""dq100_10_q05_ah"", ""dq100_10_mean_ah""], [""dq100_10_log_variance"", ""cycle10_rms_c_timeweighted"", ""dq100_10_q05_ah"", ""tavg_theilsen_10_100_degC_per_cycle""]]",19
Stacking_Ridge_plus_top2/repeat3/outer1/meta3/xgb/tune,xgb,plus_top2,6,"{""learning_rate"": 0.03, ""max_depth"": 1, ""min_child_weight"": 5, ""n_estimators"": 250, ""reg_lambda"": 10.0}",13.564245178394167,"[[""dq100_10_log_variance"", ""cycle10_rms_c_timeweighted"", ""dq100_10_q05_ah"", ""dq100_10_mean_ah""], [""dq100_10_log_variance"", ""cycle10_rms_c_timeweighted"", ""dq100_10_q05_ah"", ""dq100_10_mean_ah""], [""dq100_10_log_variance"", ""cycle10_rms_c_timeweighted"", ""dq100_10_q05_ah"", ""tavg_theilsen_10_100_degC_per_cycle""]]",19
Stacking_Ridge_plus_top2/repeat3/outer1/meta3/xgb/tune,xgb,plus_top2,7,"{""learning_rate"": 0.03, ""max_depth"": 3, ""min_child_weight"": 5, ""n_estimators"": 250, ""reg_lambda"": 10.0}",13.564245178394167,"[[""dq100_10_log_variance"", ""cycle10_rms_c_timeweighted"", ""dq100_10_q05_ah"", ""dq100_10_mean_ah""], [""dq100_10_log_variance"", ""cycle10_rms_c_timeweighted"", ""dq100_10_q05_ah"", ""dq100_10_mean_ah""], [""dq100_10_log_variance"", ""cycle10_rms_c_timeweighted"", ""dq100_10_q05_ah"", ""tavg_theilsen_10_100_degC_per_cycle""]]",19
Stacking_Ridge_plus_top2/repeat3/outer1/meta3/xgb/tune,xgb,plus_top2,8,"{""learning_rate"": 0.03, ""max_depth"": 2, ""min_child_weight"": 3, ""n_estimators"": 100, ""reg_lambda"": 1.0}",13.16565148184825,"[[""dq100_10_log_variance"", ""cycle10_rms_c_timeweighted"", ""dq100_10_q05_ah"", ""dq100_10_mean_ah""], [""dq100_10_log_variance"", ""cycle10_rms_c_timeweighted"", ""dq100_10_q05_ah"", ""dq100_10_mean_ah""], [""dq100_10_log_variance"", ""cycle10_rms_c_timeweighted"", ""dq100_10_q05_ah"", ""tavg_theilsen_10_100_degC_per_cycle""]]",19
Stacking_Ridge_plus_top2/repeat3/outer1/meta3/xgb/tune,xgb,plus_top2,9,"{""learning_rate"": 0.07, ""max_depth"": 2, ""min_child_weight"": 5, ""n_estimators"": 100, ""reg_lambda"": 1.0}",12.586376935139679,"[[""dq100_10_log_variance"", ""cycle10_rms_c_timeweighted"", ""dq100_10_q05_ah"", ""dq100_10_mean_ah""], [""dq100_10_log_variance"", ""cycle10_rms_c_timeweighted"", ""dq100_10_q05_ah"", ""dq100_10_mean_ah""], [""dq100_10_log_variance"", ""cycle10_rms_c_timeweighted"", ""dq100_10_q05_ah"", ""tavg_theilsen_10_100_degC_per_cycle""]]",19
Stacking_Ridge_plus_top2/repeat3/outer1/meta3/xgb/tune,xgb,plus_top2,10,"{""learning_rate"": 0.07, ""max_depth"": 1, ""min_child_weight"": 5, ""n_estimators"": 250, ""reg_lambda"": 30.0}",13.507381216974345,"[[""dq100_10_log_variance"", ""cycle10_rms_c_timeweighted"", ""dq100_10_q05_ah"", ""dq100_10_mean_ah""], [""dq100_10_log_variance"", ""cycle10_rms_c_timeweighted"", ""dq100_10_q05_ah"", ""dq100_10_mean_ah""], [""dq100_10_log_variance"", ""cycle10_rms_c_timeweighted"", ""dq100_10_q05_ah"", ""tavg_theilsen_10_100_degC_per_cycle""]]",19
Stacking_Ridge_plus_top2/repeat3/outer1/meta3/xgb/tune,xgb,plus_top2,11,"{""learning_rate"": 0.03, ""max_depth"": 3, ""min_child_weight"": 5, ""n_estimators"": 100, ""reg_lambda"": 10.0}",15.502234842724139,"[[""dq100_10_log_variance"", ""cycle10_rms_c_timeweighted"", ""dq100_10_q05_ah"", ""dq100_10_mean_ah""], [""dq100_10_log_variance"", ""cycle10_rms_c_timeweighted"", ""dq100_10_q05_ah"", ""dq100_10_mean_ah""], [""dq100_10_log_variance"", ""cycle10_rms_c_timeweighted"", ""dq100_10_q05_ah"", ""tavg_theilsen_10_100_degC_per_cycle""]]",19
Stacking_Ridge_plus_top2/repeat3/outer2/meta1/xgb/tune,xgb,plus_top2,0,"{""learning_rate"": 0.03, ""max_depth"": 1, ""min_child_weight"": 3, ""n_estimators"": 250, ""reg_lambda"": 10.0}",16.2841785963871,"[[""dq100_10_log_variance"", ""cycle10_rms_c_timeweighted"", ""dq100_10_q05_ah"", ""chargetime_median_2_100_minutes""], [""dq100_10_log_variance"", ""cycle10_rms_c_timeweighted"", ""capacity_theilsen_60_100_relative"", ""chargetime_median_2_100_minutes""], [""dq100_10_log_variance"", ""cycle10_rms_c_timeweighted"", ""dq100_10_q05_ah"", ""dq100_10_mean_ah""]]",18
Stacking_Ridge_plus_top2/repeat3/outer2/meta1/xgb/tune,xgb,plus_top2,1,"{""learning_rate"": 0.07, ""max_depth"": 3, ""min_child_weight"": 3, ""n_estimators"": 100, ""reg_lambda"": 30.0}",14.687103418018294,"[[""dq100_10_log_variance"", ""cycle10_rms_c_timeweighted"", ""dq100_10_q05_ah"", ""chargetime_median_2_100_minutes""], [""dq100_10_log_variance"", ""cycle10_rms_c_timeweighted"", ""capacity_theilsen_60_100_relative"", ""chargetime_median_2_100_minutes""], [""dq100_10_log_variance"", ""cycle10_rms_c_timeweighted"", ""dq100_10_q05_ah"", ""dq100_10_mean_ah""]]",18
Stacking_Ridge_plus_top2/repeat3/outer2/meta1/xgb/tune,xgb,plus_top2,2,"{""learning_rate"": 0.03, ""max_depth"": 2, ""min_child_weight"": 5, ""n_estimators"": 100, ""reg_lambda"": 1.0}",16.88287008313051,"[[""dq100_10_log_variance"", ""cycle10_rms_c_timeweighted"", ""dq100_10_q05_ah"", ""chargetime_median_2_100_minutes""], [""dq100_10_log_variance"", ""cycle10_rms_c_timeweighted"", ""capacity_theilsen_60_100_relative"", ""chargetime_median_2_100_minutes""], [""dq100_10_log_variance"", ""cycle10_rms_c_timeweighted"", ""dq100_10_q05_ah"", ""dq100_10_mean_ah""]]",18
Stacking_Ridge_plus_top2/repeat3/outer2/meta1/xgb/tune,xgb,plus_top2,3,"{""learning_rate"": 0.03, ""max_depth"": 1, ""min_child_weight"": 3, ""n_estimators"": 100, ""reg_lambda"": 1.0}",15.939487878712013,"[[""dq100_10_log_variance"", ""cycle10_rms_c_timeweighted"", ""dq100_10_q05_ah"", ""chargetime_median_2_100_minutes""], [""dq100_10_log_variance"", ""cycle10_rms_c_timeweighted"", ""capacity_theilsen_60_100_relative"", ""chargetime_median_2_100_minutes""], [""dq100_10_log_variance"", ""cycle10_rms_c_timeweighted"", ""dq100_10_q05_ah"", ""dq100_10_mean_ah""]]",18
Stacking_Ridge_plus_top2/repeat3/outer2/meta1/xgb/tune,xgb,plus_top2,4,"{""learning_rate"": 0.03, ""max_depth"": 3, ""min_child_weight"": 3, ""n_estimators"": 250, ""reg_lambda"": 10.0}",16.985721769156935,"[[""dq100_10_log_variance"", ""cycle10_rms_c_timeweighted"", ""dq100_10_q05_ah"", ""chargetime_median_2_100_minutes""], [""dq100_10_log_variance"", ""cycle10_rms_c_timeweighted"", ""capacity_theilsen_60_100_relative"", ""chargetime_median_2_100_minutes""], [""dq100_10_log_variance"", ""cycle10_rms_c_timeweighted"", ""dq100_10_q05_ah"", ""dq100_10_mean_ah""]]",18
Stacking_Ridge_plus_top2/repeat3/outer2/meta1/xgb/tune,xgb,plus_top2,5,"{""learning_rate"": 0.07, ""max_depth"": 2, ""min_child_weight"": 3, ""n_estimators"": 100, ""reg_lambda"": 30.0}",14.479519913340022,"[[""dq100_10_log_variance"", ""cycle10_rms_c_timeweighted"", ""dq100_10_q05_ah"", ""chargetime_median_2_100_minutes""], [""dq100_10_log_variance"", ""cycle10_rms_c_timeweighted"", ""capacity_theilsen_60_100_relative"", ""chargetime_median_2_100_minutes""], [""dq100_10_log_variance"", ""cycle10_rms_c_timeweighted"", ""dq100_10_q05_ah"", ""dq100_10_mean_ah""]]",18
Stacking_Ridge_plus_top2/repeat3/outer2/meta1/xgb/tune,xgb,plus_top2,6,"{""learning_rate"": 0.03, ""max_depth"": 1, ""min_child_weight"": 5, ""n_estimators"": 250, ""reg_lambda"": 10.0}",17.140889250329845,"[[""dq100_10_log_variance"", ""cycle10_rms_c_timeweighted"", ""dq100_10_q05_ah"", ""chargetime_median_2_100_minutes""], [""dq100_10_log_variance"", ""cycle10_rms_c_timeweighted"", ""capacity_theilsen_60_100_relative"", ""chargetime_median_2_100_minutes""], [""dq100_10_log_variance"", ""cycle10_rms_c_timeweighted"", ""dq100_10_q05_ah"", ""dq100_10_mean_ah""]]",18
Stacking_Ridge_plus_top2/repeat3/outer2/meta1/xgb/tune,xgb,plus_top2,7,"{""learning_rate"": 0.03, ""max_depth"": 3, ""min_child_weight"": 5, ""n_estimators"": 250, ""reg_lambda"": 10.0}",17.140889250329845,"[[""dq100_10_log_variance"", ""cycle10_rms_c_timeweighted"", ""dq100_10_q05_ah"", ""chargetime_median_2_100_minutes""], [""dq100_10_log_variance"", ""cycle10_rms_c_timeweighted"", ""capacity_theilsen_60_100_relative"", ""chargetime_median_2_100_minutes""], [""dq100_10_log_variance"", ""cycle10_rms_c_timeweighted"", ""dq100_10_q05_ah"", ""dq100_10_mean_ah""]]",18
Stacking_Ridge_plus_top2/repeat3/outer2/meta1/xgb/tune,xgb,plus_top2,8,"{""learning_rate"": 0.03, ""max_depth"": 2, ""min_child_weight"": 3, ""n_estimators"": 100, ""reg_lambda"": 1.0}",16.691345651805232,"[[""dq100_10_log_variance"", ""cycle10_rms_c_timeweighted"", ""dq100_10_q05_ah"", ""chargetime_median_2_100_minutes""], [""dq100_10_log_variance"", ""cycle10_rms_c_timeweighted"", ""capacity_theilsen_60_100_relative"", ""chargetime_median_2_100_minutes""], [""dq100_10_log_variance"", ""cycle10_rms_c_timeweighted"", ""dq100_10_q05_ah"", ""dq100_10_mean_ah""]]",18
Stacking_Ridge_plus_top2/repeat3/outer2/meta1/xgb/tune,xgb,plus_top2,9,"{""learning_rate"": 0.07, ""max_depth"": 2, ""min_child_weight"": 5, ""n_estimators"": 100, ""reg_lambda"": 1.0}",17.815347847570372,"[[""dq100_10_log_variance"", ""cycle10_rms_c_timeweighted"", ""dq100_10_q05_ah"", ""chargetime_median_2_100_minutes""], [""dq100_10_log_variance"", ""cycle10_rms_c_timeweighted"", ""capacity_theilsen_60_100_relative"", ""chargetime_median_2_100_minutes""], [""dq100_10_log_variance"", ""cycle10_rms_c_timeweighted"", ""dq100_10_q05_ah"", ""dq100_10_mean_ah""]]",18
Stacking_Ridge_plus_top2/repeat3/outer2/meta1/xgb/tune,xgb,plus_top2,10,"{""learning_rate"": 0.07, ""max_depth"": 1, ""min_child_weight"": 5, ""n_estimators"": 250, ""reg_lambda"": 30.0}",17.222700311296833,"[[""dq100_10_log_variance"", ""cycle10_rms_c_timeweighted"", ""dq100_10_q05_ah"", ""chargetime_median_2_100_minutes""], [""dq100_10_log_variance"", ""cycle10_rms_c_timeweighted"", ""capacity_theilsen_60_100_relative"", ""chargetime_median_2_100_minutes""], [""dq100_10_log_variance"", ""cycle10_rms_c_timeweighted"", ""dq100_10_q05_ah"", ""dq100_10_mean_ah""]]",18
Stacking_Ridge_plus_top2/repeat3/outer2/meta1/xgb/tune,xgb,plus_top2,11,"{""learning_rate"": 0.03, ""max_depth"": 3, ""min_child_weight"": 5, ""n_estimators"": 100, ""reg_lambda"": 10.0}",15.221027588700375,"[[""dq100_10_log_variance"", ""cycle10_rms_c_timeweighted"", ""dq100_10_q05_ah"", ""chargetime_median_2_100_minutes""], [""dq100_10_log_variance"", ""cycle10_rms_c_timeweighted"", ""capacity_theilsen_60_100_relative"", ""chargetime_median_2_100_minutes""], [""dq100_10_log_variance"", ""cycle10_rms_c_timeweighted"", ""dq100_10_q05_ah"", ""dq100_10_mean_ah""]]",18
Stacking_Ridge_plus_top2/repeat3/outer2/meta2/xgb/tune,xgb,plus_top2,0,"{""learning_rate"": 0.03, ""max_depth"": 1, ""min_child_weight"": 3, ""n_estimators"": 250, ""reg_lambda"": 10.0}",12.86135897759576,"[[""dq100_10_log_variance"", ""cycle10_rms_c_timeweighted"", ""dq100_10_q05_ah"", ""chargetime_median_2_100_minutes""], [""dq100_10_log_variance"", ""cycle10_rms_c_timeweighted"", ""dq100_10_q05_ah"", ""dq100_10_mean_ah""], [""dq100_10_log_variance"", ""cycle10_rms_c_timeweighted"", ""dq100_10_q05_ah"", ""dq100_10_mean_ah""]]",18
Stacking_Ridge_plus_top2/repeat3/outer2/meta2/xgb/tune,xgb,plus_top2,1,"{""learning_rate"": 0.07, ""max_depth"": 3, ""min_child_weight"": 3, ""n_estimators"": 100, ""reg_lambda"": 30.0}",15.914536410832453,"[[""dq100_10_log_variance"", ""cycle10_rms_c_timeweighted"", ""dq100_10_q05_ah"", ""chargetime_median_2_100_minutes""], [""dq100_10_log_variance"", ""cycle10_rms_c_timeweighted"", ""dq100_10_q05_ah"", ""dq100_10_mean_ah""], [""dq100_10_log_variance"", ""cycle10_rms_c_timeweighted"", ""dq100_10_q05_ah"", ""dq100_10_mean_ah""]]",18
Stacking_Ridge_plus_top2/repeat3/outer2/meta2/xgb/tune,xgb,plus_top2,2,"{""learning_rate"": 0.03, ""max_depth"": 2, ""min_child_weight"": 5, ""n_estimators"": 100, ""reg_lambda"": 1.0}",18.427142195077472,"[[""dq100_10_log_variance"", ""cycle10_rms_c_timeweighted"", ""dq100_10_q05_ah"", ""chargetime_median_2_100_minutes""], [""dq100_10_log_variance"", ""cycle10_rms_c_timeweighted"", ""dq100_10_q05_ah"", ""dq100_10_mean_ah""], [""dq100_10_log_variance"", ""cycle10_rms_c_timeweighted"", ""dq100_10_q05_ah"", ""dq100_10_mean_ah""]]",18
Stacking_Ridge_plus_top2/repeat3/outer2/meta2/xgb/tune,xgb,plus_top2,3,"{""learning_rate"": 0.03, ""max_depth"": 1, ""min_child_weight"": 3, ""n_estimators"": 100, ""reg_lambda"": 1.0}",12.399129512326287,"[[""dq100_10_log_variance"", ""cycle10_rms_c_timeweighted"", ""dq100_10_q05_ah"", ""chargetime_median_2_100_minutes""], [""dq100_10_log_variance"", ""cycle10_rms_c_timeweighted"", ""dq100_10_q05_ah"", ""dq100_10_mean_ah""], [""dq100_10_log_variance"", ""cycle10_rms_c_timeweighted"", ""dq100_10_q05_ah"", ""dq100_10_mean_ah""]]",18
Stacking_Ridge_plus_top2/repeat3/outer2/meta2/xgb/tune,xgb,plus_top2,4,"{""learning_rate"": 0.03, ""max_depth"": 3, ""min_child_weight"": 3, ""n_estimators"": 250, ""reg_lambda"": 10.0}",12.553948151583386,"[[""dq100_10_log_variance"", ""cycle10_rms_c_timeweighted"", ""dq100_10_q05_ah"", ""chargetime_median_2_100_minutes""], [""dq100_10_log_variance"", ""cycle10_rms_c_timeweighted"", ""dq100_10_q05_ah"", ""dq100_10_mean_ah""], [""dq100_10_log_variance"", ""cycle10_rms_c_timeweighted"", ""dq100_10_q05_ah"", ""dq100_10_mean_ah""]]",18
Stacking_Ridge_plus_top2/repeat3/outer2/meta2/xgb/tune,xgb,plus_top2,5,"{""learning_rate"": 0.07, ""max_depth"": 2, ""min_child_weight"": 3, ""n_estimators"": 100, ""reg_lambda"": 30.0}",15.920642363906806,"[[""dq100_10_log_variance"", ""cycle10_rms_c_timeweighted"", ""dq100_10_q05_ah"", ""chargetime_median_2_100_minutes""], [""dq100_10_log_variance"", ""cycle10_rms_c_timeweighted"", ""dq100_10_q05_ah"", ""dq100_10_mean_ah""], [""dq100_10_log_variance"", ""cycle10_rms_c_timeweighted"", ""dq100_10_q05_ah"", ""dq100_10_mean_ah""]]",18
Stacking_Ridge_plus_top2/repeat3/outer2/meta2/xgb/tune,xgb,plus_top2,6,"{""learning_rate"": 0.03, ""max_depth"": 1, ""min_child_weight"": 5, ""n_estimators"": 250, ""reg_lambda"": 10.0}",18.11471549960498,"[[""dq100_10_log_variance"", ""cycle10_rms_c_timeweighted"", ""dq100_10_q05_ah"", ""chargetime_median_2_100_minutes""], [""dq100_10_log_variance"", ""cycle10_rms_c_timeweighted"", ""dq100_10_q05_ah"", ""dq100_10_mean_ah""], [""dq100_10_log_variance"", ""cycle10_rms_c_timeweighted"", ""dq100_10_q05_ah"", ""dq100_10_mean_ah""]]",18
Stacking_Ridge_plus_top2/repeat3/outer2/meta2/xgb/tune,xgb,plus_top2,7,"{""learning_rate"": 0.03, ""max_depth"": 3, ""min_child_weight"": 5, ""n_estimators"": 250, ""reg_lambda"": 10.0}",18.11471549960498,"[[""dq100_10_log_variance"", ""cycle10_rms_c_timeweighted"", ""dq100_10_q05_ah"", ""chargetime_median_2_100_minutes""], [""dq100_10_log_variance"", ""cycle10_rms_c_timeweighted"", ""dq100_10_q05_ah"", ""dq100_10_mean_ah""], [""dq100_10_log_variance"", ""cycle10_rms_c_timeweighted"", ""dq100_10_q05_ah"", ""dq100_10_mean_ah""]]",18
Stacking_Ridge_plus_top2/repeat3/outer2/meta2/xgb/tune,xgb,plus_top2,8,"{""learning_rate"": 0.03, ""max_depth"": 2, ""min_child_weight"": 3, ""n_estimators"": 100, ""reg_lambda"": 1.0}",12.315286572593918,"[[""dq100_10_log_variance"", ""cycle10_rms_c_timeweighted"", ""dq100_10_q05_ah"", ""chargetime_median_2_100_minutes""], [""dq100_10_log_variance"", ""cycle10_rms_c_timeweighted"", ""dq100_10_q05_ah"", ""dq100_10_mean_ah""], [""dq100_10_log_variance"", ""cycle10_rms_c_timeweighted"", ""dq100_10_q05_ah"", ""dq100_10_mean_ah""]]",18
Stacking_Ridge_plus_top2/repeat3/outer2/meta2/xgb/tune,xgb,plus_top2,9,"{""learning_rate"": 0.07, ""max_depth"": 2, ""min_child_weight"": 5, ""n_estimators"": 100, ""reg_lambda"": 1.0}",18.43674428293788,"[[""dq100_10_log_variance"", ""cycle10_rms_c_timeweighted"", ""dq100_10_q05_ah"", ""chargetime_median_2_100_minutes""], [""dq100_10_log_variance"", ""cycle10_rms_c_timeweighted"", ""dq100_10_q05_ah"", ""dq100_10_mean_ah""], [""dq100_10_log_variance"", ""cycle10_rms_c_timeweighted"", ""dq100_10_q05_ah"", ""dq100_10_mean_ah""]]",18
Stacking_Ridge_plus_top2/repeat3/outer2/meta2/xgb/tune,xgb,plus_top2,10,"{""learning_rate"": 0.07, ""max_depth"": 1, ""min_child_weight"": 5, ""n_estimators"": 250, ""reg_lambda"": 30.0}",17.360443454630218,"[[""dq100_10_log_variance"", ""cycle10_rms_c_timeweighted"", ""dq100_10_q05_ah"", ""chargetime_median_2_100_minutes""], [""dq100_10_log_variance"", ""cycle10_rms_c_timeweighted"", ""dq100_10_q05_ah"", ""dq100_10_mean_ah""], [""dq100_10_log_variance"", ""cycle10_rms_c_timeweighted"", ""dq100_10_q05_ah"", ""dq100_10_mean_ah""]]",18
Stacking_Ridge_plus_top2/repeat3/outer2/meta2/xgb/tune,xgb,plus_top2,11,"{""learning_rate"": 0.03, ""max_depth"": 3, ""min_child_weight"": 5, ""n_estimators"": 100, ""reg_lambda"": 10.0}",18.155499326282033,"[[""dq100_10_log_variance"", ""cycle10_rms_c_timeweighted"", ""dq100_10_q05_ah"", ""chargetime_median_2_100_minutes""], [""dq100_10_log_variance"", ""cycle10_rms_c_timeweighted"", ""dq100_10_q05_ah"", ""dq100_10_mean_ah""], [""dq100_10_log_variance"", ""cycle10_rms_c_timeweighted"", ""dq100_10_q05_ah"", ""dq100_10_mean_ah""]]",18
Stacking_Ridge_plus_top2/repeat3/outer2/meta3/xgb/tune,xgb,plus_top2,0,"{""learning_rate"": 0.03, ""max_depth"": 1, ""min_child_weight"": 3, ""n_estimators"": 250, ""reg_lambda"": 10.0}",12.765820715578197,"[[""dq100_10_log_variance"", ""cycle10_rms_c_timeweighted"", ""capacity_theilsen_60_100_relative"", ""dq100_10_q05_ah""], [""dq100_10_log_variance"", ""cycle10_rms_c_timeweighted"", ""dq100_10_q05_ah"", ""dq100_10_mean_ah""], [""dq100_10_log_variance"", ""cycle10_rms_c_timeweighted"", ""dq100_10_q05_ah"", ""dq100_10_mean_ah""]]",20
Stacking_Ridge_plus_top2/repeat3/outer2/meta3/xgb/tune,xgb,plus_top2,1,"{""learning_rate"": 0.07, ""max_depth"": 3, ""min_child_weight"": 3, ""n_estimators"": 100, ""reg_lambda"": 30.0}",14.939785013523343,"[[""dq100_10_log_variance"", ""cycle10_rms_c_timeweighted"", ""capacity_theilsen_60_100_relative"", ""dq100_10_q05_ah""], [""dq100_10_log_variance"", ""cycle10_rms_c_timeweighted"", ""dq100_10_q05_ah"", ""dq100_10_mean_ah""], [""dq100_10_log_variance"", ""cycle10_rms_c_timeweighted"", ""dq100_10_q05_ah"", ""dq100_10_mean_ah""]]",20
Stacking_Ridge_plus_top2/repeat3/outer2/meta3/xgb/tune,xgb,plus_top2,2,"{""learning_rate"": 0.03, ""max_depth"": 2, ""min_child_weight"": 5, ""n_estimators"": 100, ""reg_lambda"": 1.0}",11.88762431736744,"[[""dq100_10_log_variance"", ""cycle10_rms_c_timeweighted"", ""capacity_theilsen_60_100_relative"", ""dq100_10_q05_ah""], [""dq100_10_log_variance"", ""cycle10_rms_c_timeweighted"", ""dq100_10_q05_ah"", ""dq100_10_mean_ah""], [""dq100_10_log_variance"", ""cycle10_rms_c_timeweighted"", ""dq100_10_q05_ah"", ""dq100_10_mean_ah""]]",20
Stacking_Ridge_plus_top2/repeat3/outer2/meta3/xgb/tune,xgb,plus_top2,3,"{""learning_rate"": 0.03, ""max_depth"": 1, ""min_child_weight"": 3, ""n_estimators"": 100, ""reg_lambda"": 1.0}",12.979157196044152,"[[""dq100_10_log_variance"", ""cycle10_rms_c_timeweighted"", ""capacity_theilsen_60_100_relative"", ""dq100_10_q05_ah""], [""dq100_10_log_variance"", ""cycle10_rms_c_timeweighted"", ""dq100_10_q05_ah"", ""dq100_10_mean_ah""], [""dq100_10_log_variance"", ""cycle10_rms_c_timeweighted"", ""dq100_10_q05_ah"", ""dq100_10_mean_ah""]]",20
Stacking_Ridge_plus_top2/repeat3/outer2/meta3/xgb/tune,xgb,plus_top2,4,"{""learning_rate"": 0.03, ""max_depth"": 3, ""min_child_weight"": 3, ""n_estimators"": 250, ""reg_lambda"": 10.0}",12.804939367339463,"[[""dq100_10_log_variance"", ""cycle10_rms_c_timeweighted"", ""capacity_theilsen_60_100_relative"", ""dq100_10_q05_ah""], [""dq100_10_log_variance"", ""cycle10_rms_c_timeweighted"", ""dq100_10_q05_ah"", ""dq100_10_mean_ah""], [""dq100_10_log_variance"", ""cycle10_rms_c_timeweighted"", ""dq100_10_q05_ah"", ""dq100_10_mean_ah""]]",20
Stacking_Ridge_plus_top2/repeat3/outer2/meta3/xgb/tune,xgb,plus_top2,5,"{""learning_rate"": 0.07, ""max_depth"": 2, ""min_child_weight"": 3, ""n_estimators"": 100, ""reg_lambda"": 30.0}",14.952681916102964,"[[""dq100_10_log_variance"", ""cycle10_rms_c_timeweighted"", ""capacity_theilsen_60_100_relative"", ""dq100_10_q05_ah""], [""dq100_10_log_variance"", ""cycle10_rms_c_timeweighted"", ""dq100_10_q05_ah"", ""dq100_10_mean_ah""], [""dq100_10_log_variance"", ""cycle10_rms_c_timeweighted"", ""dq100_10_q05_ah"", ""dq100_10_mean_ah""]]",20
Stacking_Ridge_plus_top2/repeat3/outer2/meta3/xgb/tune,xgb,plus_top2,6,"{""learning_rate"": 0.03, ""max_depth"": 1, ""min_child_weight"": 5, ""n_estimators"": 250, ""reg_lambda"": 10.0}",11.676790200447606,"[[""dq100_10_log_variance"", ""cycle10_rms_c_timeweighted"", ""capacity_theilsen_60_100_relative"", ""dq100_10_q05_ah""], [""dq100_10_log_variance"", ""cycle10_rms_c_timeweighted"", ""dq100_10_q05_ah"", ""dq100_10_mean_ah""], [""dq100_10_log_variance"", ""cycle10_rms_c_timeweighted"", ""dq100_10_q05_ah"", ""dq100_10_mean_ah""]]",20
Stacking_Ridge_plus_top2/repeat3/outer2/meta3/xgb/tune,xgb,plus_top2,7,"{""learning_rate"": 0.03, ""max_depth"": 3, ""min_child_weight"": 5, ""n_estimators"": 250, ""reg_lambda"": 10.0}",11.676790200447606,"[[""dq100_10_log_variance"", ""cycle10_rms_c_timeweighted"", ""capacity_theilsen_60_100_relative"", ""dq100_10_q05_ah""], [""dq100_10_log_variance"", ""cycle10_rms_c_timeweighted"", ""dq100_10_q05_ah"", ""dq100_10_mean_ah""], [""dq100_10_log_variance"", ""cycle10_rms_c_timeweighted"", ""dq100_10_q05_ah"", ""dq100_10_mean_ah""]]",20
Stacking_Ridge_plus_top2/repeat3/outer2/meta3/xgb/tune,xgb,plus_top2,8,"{""learning_rate"": 0.03, ""max_depth"": 2, ""min_child_weight"": 3, ""n_estimators"": 100, ""reg_lambda"": 1.0}",12.523306496304873,"[[""dq100_10_log_variance"", ""cycle10_rms_c_timeweighted"", ""capacity_theilsen_60_100_relative"", ""dq100_10_q05_ah""], [""dq100_10_log_variance"", ""cycle10_rms_c_timeweighted"", ""dq100_10_q05_ah"", ""dq100_10_mean_ah""], [""dq100_10_log_variance"", ""cycle10_rms_c_timeweighted"", ""dq100_10_q05_ah"", ""dq100_10_mean_ah""]]",20
Stacking_Ridge_plus_top2/repeat3/outer2/meta3/xgb/tune,xgb,plus_top2,9,"{""learning_rate"": 0.07, ""max_depth"": 2, ""min_child_weight"": 5, ""n_estimators"": 100, ""reg_lambda"": 1.0}",10.131734052647957,"[[""dq100_10_log_variance"", ""cycle10_rms_c_timeweighted"", ""capacity_theilsen_60_100_relative"", ""dq100_10_q05_ah""], [""dq100_10_log_variance"", ""cycle10_rms_c_timeweighted"", ""dq100_10_q05_ah"", ""dq100_10_mean_ah""], [""dq100_10_log_variance"", ""cycle10_rms_c_timeweighted"", ""dq100_10_q05_ah"", ""dq100_10_mean_ah""]]",20
Stacking_Ridge_plus_top2/repeat3/outer2/meta3/xgb/tune,xgb,plus_top2,10,"{""learning_rate"": 0.07, ""max_depth"": 1, ""min_child_weight"": 5, ""n_estimators"": 250, ""reg_lambda"": 30.0}",11.585478330017787,"[[""dq100_10_log_variance"", ""cycle10_rms_c_timeweighted"", ""capacity_theilsen_60_100_relative"", ""dq100_10_q05_ah""], [""dq100_10_log_variance"", ""cycle10_rms_c_timeweighted"", ""dq100_10_q05_ah"", ""dq100_10_mean_ah""], [""dq100_10_log_variance"", ""cycle10_rms_c_timeweighted"", ""dq100_10_q05_ah"", ""dq100_10_mean_ah""]]",20
Stacking_Ridge_plus_top2/repeat3/outer2/meta3/xgb/tune,xgb,plus_top2,11,"{""learning_rate"": 0.03, ""max_depth"": 3, ""min_child_weight"": 5, ""n_estimators"": 100, ""reg_lambda"": 10.0}",14.439966338005473,"[[""dq100_10_log_variance"", ""cycle10_rms_c_timeweighted"", ""capacity_theilsen_60_100_relative"", ""dq100_10_q05_ah""], [""dq100_10_log_variance"", ""cycle10_rms_c_timeweighted"", ""dq100_10_q05_ah"", ""dq100_10_mean_ah""], [""dq100_10_log_variance"", ""cycle10_rms_c_timeweighted"", ""dq100_10_q05_ah"", ""dq100_10_mean_ah""]]",20
Stacking_Ridge_plus_top2/repeat3/outer3/meta1/xgb/tune,xgb,plus_top2,0,"{""learning_rate"": 0.03, ""max_depth"": 1, ""min_child_weight"": 3, ""n_estimators"": 250, ""reg_lambda"": 10.0}",9.902491398062713,"[[""dq100_10_log_variance"", ""cycle10_rms_c_timeweighted"", ""capacity_theilsen_60_100_relative"", ""dq100_10_q05_ah""], [""dq100_10_log_variance"", ""cycle10_rms_c_timeweighted"", ""dq100_10_q05_ah"", ""dq100_10_mean_ah""], [""dq100_10_log_variance"", ""cycle10_rms_c_timeweighted"", ""dq100_10_q05_ah"", ""dq100_10_mean_ah""]]",18
Stacking_Ridge_plus_top2/repeat3/outer3/meta1/xgb/tune,xgb,plus_top2,1,"{""learning_rate"": 0.07, ""max_depth"": 3, ""min_child_weight"": 3, ""n_estimators"": 100, ""reg_lambda"": 30.0}",10.26632361588862,"[[""dq100_10_log_variance"", ""cycle10_rms_c_timeweighted"", ""capacity_theilsen_60_100_relative"", ""dq100_10_q05_ah""], [""dq100_10_log_variance"", ""cycle10_rms_c_timeweighted"", ""dq100_10_q05_ah"", ""dq100_10_mean_ah""], [""dq100_10_log_variance"", ""cycle10_rms_c_timeweighted"", ""dq100_10_q05_ah"", ""dq100_10_mean_ah""]]",18
Stacking_Ridge_plus_top2/repeat3/outer3/meta1/xgb/tune,xgb,plus_top2,2,"{""learning_rate"": 0.03, ""max_depth"": 2, ""min_child_weight"": 5, ""n_estimators"": 100, ""reg_lambda"": 1.0}",9.706477783921551,"[[""dq100_10_log_variance"", ""cycle10_rms_c_timeweighted"", ""capacity_theilsen_60_100_relative"", ""dq100_10_q05_ah""], [""dq100_10_log_variance"", ""cycle10_rms_c_timeweighted"", ""dq100_10_q05_ah"", ""dq100_10_mean_ah""], [""dq100_10_log_variance"", ""cycle10_rms_c_timeweighted"", ""dq100_10_q05_ah"", ""dq100_10_mean_ah""]]",18
Stacking_Ridge_plus_top2/repeat3/outer3/meta1/xgb/tune,xgb,plus_top2,3,"{""learning_rate"": 0.03, ""max_depth"": 1, ""min_child_weight"": 3, ""n_estimators"": 100, ""reg_lambda"": 1.0}",9.879439200157128,"[[""dq100_10_log_variance"", ""cycle10_rms_c_timeweighted"", ""capacity_theilsen_60_100_relative"", ""dq100_10_q05_ah""], [""dq100_10_log_variance"", ""cycle10_rms_c_timeweighted"", ""dq100_10_q05_ah"", ""dq100_10_mean_ah""], [""dq100_10_log_variance"", ""cycle10_rms_c_timeweighted"", ""dq100_10_q05_ah"", ""dq100_10_mean_ah""]]",18
Stacking_Ridge_plus_top2/repeat3/outer3/meta1/xgb/tune,xgb,plus_top2,4,"{""learning_rate"": 0.03, ""max_depth"": 3, ""min_child_weight"": 3, ""n_estimators"": 250, ""reg_lambda"": 10.0}",9.940426827845709,"[[""dq100_10_log_variance"", ""cycle10_rms_c_timeweighted"", ""capacity_theilsen_60_100_relative"", ""dq100_10_q05_ah""], [""dq100_10_log_variance"", ""cycle10_rms_c_timeweighted"", ""dq100_10_q05_ah"", ""dq100_10_mean_ah""], [""dq100_10_log_variance"", ""cycle10_rms_c_timeweighted"", ""dq100_10_q05_ah"", ""dq100_10_mean_ah""]]",18
Stacking_Ridge_plus_top2/repeat3/outer3/meta1/xgb/tune,xgb,plus_top2,5,"{""learning_rate"": 0.07, ""max_depth"": 2, ""min_child_weight"": 3, ""n_estimators"": 100, ""reg_lambda"": 30.0}",10.26632361588862,"[[""dq100_10_log_variance"", ""cycle10_rms_c_timeweighted"", ""capacity_theilsen_60_100_relative"", ""dq100_10_q05_ah""], [""dq100_10_log_variance"", ""cycle10_rms_c_timeweighted"", ""dq100_10_q05_ah"", ""dq100_10_mean_ah""], [""dq100_10_log_variance"", ""cycle10_rms_c_timeweighted"", ""dq100_10_q05_ah"", ""dq100_10_mean_ah""]]",18
Stacking_Ridge_plus_top2/repeat3/outer3/meta1/xgb/tune,xgb,plus_top2,6,"{""learning_rate"": 0.03, ""max_depth"": 1, ""min_child_weight"": 5, ""n_estimators"": 250, ""reg_lambda"": 10.0}",9.874619444271298,"[[""dq100_10_log_variance"", ""cycle10_rms_c_timeweighted"", ""capacity_theilsen_60_100_relative"", ""dq100_10_q05_ah""], [""dq100_10_log_variance"", ""cycle10_rms_c_timeweighted"", ""dq100_10_q05_ah"", ""dq100_10_mean_ah""], [""dq100_10_log_variance"", ""cycle10_rms_c_timeweighted"", ""dq100_10_q05_ah"", ""dq100_10_mean_ah""]]",18
Stacking_Ridge_plus_top2/repeat3/outer3/meta1/xgb/tune,xgb,plus_top2,7,"{""learning_rate"": 0.03, ""max_depth"": 3, ""min_child_weight"": 5, ""n_estimators"": 250, ""reg_lambda"": 10.0}",9.874619444271298,"[[""dq100_10_log_variance"", ""cycle10_rms_c_timeweighted"", ""capacity_theilsen_60_100_relative"", ""dq100_10_q05_ah""], [""dq100_10_log_variance"", ""cycle10_rms_c_timeweighted"", ""dq100_10_q05_ah"", ""dq100_10_mean_ah""], [""dq100_10_log_variance"", ""cycle10_rms_c_timeweighted"", ""dq100_10_q05_ah"", ""dq100_10_mean_ah""]]",18
Stacking_Ridge_plus_top2/repeat3/outer3/meta1/xgb/tune,xgb,plus_top2,8,"{""learning_rate"": 0.03, ""max_depth"": 2, ""min_child_weight"": 3, ""n_estimators"": 100, ""reg_lambda"": 1.0}",10.276112555897084,"[[""dq100_10_log_variance"", ""cycle10_rms_c_timeweighted"", ""capacity_theilsen_60_100_relative"", ""dq100_10_q05_ah""], [""dq100_10_log_variance"", ""cycle10_rms_c_timeweighted"", ""dq100_10_q05_ah"", ""dq100_10_mean_ah""], [""dq100_10_log_variance"", ""cycle10_rms_c_timeweighted"", ""dq100_10_q05_ah"", ""dq100_10_mean_ah""]]",18
Stacking_Ridge_plus_top2/repeat3/outer3/meta1/xgb/tune,xgb,plus_top2,9,"{""learning_rate"": 0.07, ""max_depth"": 2, ""min_child_weight"": 5, ""n_estimators"": 100, ""reg_lambda"": 1.0}",9.901635249815303,"[[""dq100_10_log_variance"", ""cycle10_rms_c_timeweighted"", ""capacity_theilsen_60_100_relative"", ""dq100_10_q05_ah""], [""dq100_10_log_variance"", ""cycle10_rms_c_timeweighted"", ""dq100_10_q05_ah"", ""dq100_10_mean_ah""], [""dq100_10_log_variance"", ""cycle10_rms_c_timeweighted"", ""dq100_10_q05_ah"", ""dq100_10_mean_ah""]]",18
Stacking_Ridge_plus_top2/repeat3/outer3/meta1/xgb/tune,xgb,plus_top2,10,"{""learning_rate"": 0.07, ""max_depth"": 1, ""min_child_weight"": 5, ""n_estimators"": 250, ""reg_lambda"": 30.0}",9.931056845209246,"[[""dq100_10_log_variance"", ""cycle10_rms_c_timeweighted"", ""capacity_theilsen_60_100_relative"", ""dq100_10_q05_ah""], [""dq100_10_log_variance"", ""cycle10_rms_c_timeweighted"", ""dq100_10_q05_ah"", ""dq100_10_mean_ah""], [""dq100_10_log_variance"", ""cycle10_rms_c_timeweighted"", ""dq100_10_q05_ah"", ""dq100_10_mean_ah""]]",18
Stacking_Ridge_plus_top2/repeat3/outer3/meta1/xgb/tune,xgb,plus_top2,11,"{""learning_rate"": 0.03, ""max_depth"": 3, ""min_child_weight"": 5, ""n_estimators"": 100, ""reg_lambda"": 10.0}",10.592210192470585,"[[""dq100_10_log_variance"", ""cycle10_rms_c_timeweighted"", ""capacity_theilsen_60_100_relative"", ""dq100_10_q05_ah""], [""dq100_10_log_variance"", ""cycle10_rms_c_timeweighted"", ""dq100_10_q05_ah"", ""dq100_10_mean_ah""], [""dq100_10_log_variance"", ""cycle10_rms_c_timeweighted"", ""dq100_10_q05_ah"", ""dq100_10_mean_ah""]]",18
Stacking_Ridge_plus_top2/repeat3/outer3/meta2/xgb/tune,xgb,plus_top2,0,"{""learning_rate"": 0.03, ""max_depth"": 1, ""min_child_weight"": 3, ""n_estimators"": 250, ""reg_lambda"": 10.0}",8.52492315866072,"[[""dq100_10_log_variance"", ""cycle10_rms_c_timeweighted"", ""dq100_10_q05_ah"", ""dq100_10_mean_ah""], [""dq100_10_log_variance"", ""cycle10_rms_c_timeweighted"", ""dq100_10_q05_ah"", ""dq100_10_mean_ah""], [""dq100_10_log_variance"", ""cycle10_rms_c_timeweighted"", ""dq100_10_q05_ah"", ""dq100_10_mean_ah""]]",17
Stacking_Ridge_plus_top2/repeat3/outer3/meta2/xgb/tune,xgb,plus_top2,1,"{""learning_rate"": 0.07, ""max_depth"": 3, ""min_child_weight"": 3, ""n_estimators"": 100, ""reg_lambda"": 30.0}",8.911857913131934,"[[""dq100_10_log_variance"", ""cycle10_rms_c_timeweighted"", ""dq100_10_q05_ah"", ""dq100_10_mean_ah""], [""dq100_10_log_variance"", ""cycle10_rms_c_timeweighted"", ""dq100_10_q05_ah"", ""dq100_10_mean_ah""], [""dq100_10_log_variance"", ""cycle10_rms_c_timeweighted"", ""dq100_10_q05_ah"", ""dq100_10_mean_ah""]]",17
Stacking_Ridge_plus_top2/repeat3/outer3/meta2/xgb/tune,xgb,plus_top2,2,"{""learning_rate"": 0.03, ""max_depth"": 2, ""min_child_weight"": 5, ""n_estimators"": 100, ""reg_lambda"": 1.0}",9.8634423101491,"[[""dq100_10_log_variance"", ""cycle10_rms_c_timeweighted"", ""dq100_10_q05_ah"", ""dq100_10_mean_ah""], [""dq100_10_log_variance"", ""cycle10_rms_c_timeweighted"", ""dq100_10_q05_ah"", ""dq100_10_mean_ah""], [""dq100_10_log_variance"", ""cycle10_rms_c_timeweighted"", ""dq100_10_q05_ah"", ""dq100_10_mean_ah""]]",17
Stacking_Ridge_plus_top2/repeat3/outer3/meta2/xgb/tune,xgb,plus_top2,3,"{""learning_rate"": 0.03, ""max_depth"": 1, ""min_child_weight"": 3, ""n_estimators"": 100, ""reg_lambda"": 1.0}",8.665961917246433,"[[""dq100_10_log_variance"", ""cycle10_rms_c_timeweighted"", ""dq100_10_q05_ah"", ""dq100_10_mean_ah""], [""dq100_10_log_variance"", ""cycle10_rms_c_timeweighted"", ""dq100_10_q05_ah"", ""dq100_10_mean_ah""], [""dq100_10_log_variance"", ""cycle10_rms_c_timeweighted"", ""dq100_10_q05_ah"", ""dq100_10_mean_ah""]]",17
Stacking_Ridge_plus_top2/repeat3/outer3/meta2/xgb/tune,xgb,plus_top2,4,"{""learning_rate"": 0.03, ""max_depth"": 3, ""min_child_weight"": 3, ""n_estimators"": 250, ""reg_lambda"": 10.0}",8.493398404431298,"[[""dq100_10_log_variance"", ""cycle10_rms_c_timeweighted"", ""dq100_10_q05_ah"", ""dq100_10_mean_ah""], [""dq100_10_log_variance"", ""cycle10_rms_c_timeweighted"", ""dq100_10_q05_ah"", ""dq100_10_mean_ah""], [""dq100_10_log_variance"", ""cycle10_rms_c_timeweighted"", ""dq100_10_q05_ah"", ""dq100_10_mean_ah""]]",17
Stacking_Ridge_plus_top2/repeat3/outer3/meta2/xgb/tune,xgb,plus_top2,5,"{""learning_rate"": 0.07, ""max_depth"": 2, ""min_child_weight"": 3, ""n_estimators"": 100, ""reg_lambda"": 30.0}",8.911857913131934,"[[""dq100_10_log_variance"", ""cycle10_rms_c_timeweighted"", ""dq100_10_q05_ah"", ""dq100_10_mean_ah""], [""dq100_10_log_variance"", ""cycle10_rms_c_timeweighted"", ""dq100_10_q05_ah"", ""dq100_10_mean_ah""], [""dq100_10_log_variance"", ""cycle10_rms_c_timeweighted"", ""dq100_10_q05_ah"", ""dq100_10_mean_ah""]]",17
Stacking_Ridge_plus_top2/repeat3/outer3/meta2/xgb/tune,xgb,plus_top2,6,"{""learning_rate"": 0.03, ""max_depth"": 1, ""min_child_weight"": 5, ""n_estimators"": 250, ""reg_lambda"": 10.0}",9.960912327246438,"[[""dq100_10_log_variance"", ""cycle10_rms_c_timeweighted"", ""dq100_10_q05_ah"", ""dq100_10_mean_ah""], [""dq100_10_log_variance"", ""cycle10_rms_c_timeweighted"", ""dq100_10_q05_ah"", ""dq100_10_mean_ah""], [""dq100_10_log_variance"", ""cycle10_rms_c_timeweighted"", ""dq100_10_q05_ah"", ""dq100_10_mean_ah""]]",17
Stacking_Ridge_plus_top2/repeat3/outer3/meta2/xgb/tune,xgb,plus_top2,7,"{""learning_rate"": 0.03, ""max_depth"": 3, ""min_child_weight"": 5, ""n_estimators"": 250, ""reg_lambda"": 10.0}",9.960912327246438,"[[""dq100_10_log_variance"", ""cycle10_rms_c_timeweighted"", ""dq100_10_q05_ah"", ""dq100_10_mean_ah""], [""dq100_10_log_variance"", ""cycle10_rms_c_timeweighted"", ""dq100_10_q05_ah"", ""dq100_10_mean_ah""], [""dq100_10_log_variance"", ""cycle10_rms_c_timeweighted"", ""dq100_10_q05_ah"", ""dq100_10_mean_ah""]]",17
Stacking_Ridge_plus_top2/repeat3/outer3/meta2/xgb/tune,xgb,plus_top2,8,"{""learning_rate"": 0.03, ""max_depth"": 2, ""min_child_weight"": 3, ""n_estimators"": 100, ""reg_lambda"": 1.0}",8.590465034557528,"[[""dq100_10_log_variance"", ""cycle10_rms_c_timeweighted"", ""dq100_10_q05_ah"", ""dq100_10_mean_ah""], [""dq100_10_log_variance"", ""cycle10_rms_c_timeweighted"", ""dq100_10_q05_ah"", ""dq100_10_mean_ah""], [""dq100_10_log_variance"", ""cycle10_rms_c_timeweighted"", ""dq100_10_q05_ah"", ""dq100_10_mean_ah""]]",17
Stacking_Ridge_plus_top2/repeat3/outer3/meta2/xgb/tune,xgb,plus_top2,9,"{""learning_rate"": 0.07, ""max_depth"": 2, ""min_child_weight"": 5, ""n_estimators"": 100, ""reg_lambda"": 1.0}",10.471259625712648,"[[""dq100_10_log_variance"", ""cycle10_rms_c_timeweighted"", ""dq100_10_q05_ah"", ""dq100_10_mean_ah""], [""dq100_10_log_variance"", ""cycle10_rms_c_timeweighted"", ""dq100_10_q05_ah"", ""dq100_10_mean_ah""], [""dq100_10_log_variance"", ""cycle10_rms_c_timeweighted"", ""dq100_10_q05_ah"", ""dq100_10_mean_ah""]]",17
Stacking_Ridge_plus_top2/repeat3/outer3/meta2/xgb/tune,xgb,plus_top2,10,"{""learning_rate"": 0.07, ""max_depth"": 1, ""min_child_weight"": 5, ""n_estimators"": 250, ""reg_lambda"": 30.0}",9.99357296083347,"[[""dq100_10_log_variance"", ""cycle10_rms_c_timeweighted"", ""dq100_10_q05_ah"", ""dq100_10_mean_ah""], [""dq100_10_log_variance"", ""cycle10_rms_c_timeweighted"", ""dq100_10_q05_ah"", ""dq100_10_mean_ah""], [""dq100_10_log_variance"", ""cycle10_rms_c_timeweighted"", ""dq100_10_q05_ah"", ""dq100_10_mean_ah""]]",17
Stacking_Ridge_plus_top2/repeat3/outer3/meta2/xgb/tune,xgb,plus_top2,11,"{""learning_rate"": 0.03, ""max_depth"": 3, ""min_child_weight"": 5, ""n_estimators"": 100, ""reg_lambda"": 10.0}",9.386526648841038,"[[""dq100_10_log_variance"", ""cycle10_rms_c_timeweighted"", ""dq100_10_q05_ah"", ""dq100_10_mean_ah""], [""dq100_10_log_variance"", ""cycle10_rms_c_timeweighted"", ""dq100_10_q05_ah"", ""dq100_10_mean_ah""], [""dq100_10_log_variance"", ""cycle10_rms_c_timeweighted"", ""dq100_10_q05_ah"", ""dq100_10_mean_ah""]]",17
Stacking_Ridge_plus_top2/repeat3/outer3/meta3/xgb/tune,xgb,plus_top2,0,"{""learning_rate"": 0.03, ""max_depth"": 1, ""min_child_weight"": 3, ""n_estimators"": 250, ""reg_lambda"": 10.0}",15.564842942685841,"[[""dq100_10_log_variance"", ""cycle10_rms_c_timeweighted"", ""dq100_10_q05_ah"", ""dq100_10_mean_ah""], [""dq100_10_log_variance"", ""cycle10_rms_c_timeweighted"", ""dq100_10_q05_ah"", ""dq100_10_mean_ah""], [""dq100_10_log_variance"", ""cycle10_rms_c_timeweighted"", ""dq100_10_q05_ah"", ""dq100_10_mean_ah""]]",19
Stacking_Ridge_plus_top2/repeat3/outer3/meta3/xgb/tune,xgb,plus_top2,1,"{""learning_rate"": 0.07, ""max_depth"": 3, ""min_child_weight"": 3, ""n_estimators"": 100, ""reg_lambda"": 30.0}",17.97139586027741,"[[""dq100_10_log_variance"", ""cycle10_rms_c_timeweighted"", ""dq100_10_q05_ah"", ""dq100_10_mean_ah""], [""dq100_10_log_variance"", ""cycle10_rms_c_timeweighted"", ""dq100_10_q05_ah"", ""dq100_10_mean_ah""], [""dq100_10_log_variance"", ""cycle10_rms_c_timeweighted"", ""dq100_10_q05_ah"", ""dq100_10_mean_ah""]]",19
Stacking_Ridge_plus_top2/repeat3/outer3/meta3/xgb/tune,xgb,plus_top2,2,"{""learning_rate"": 0.03, ""max_depth"": 2, ""min_child_weight"": 5, ""n_estimators"": 100, ""reg_lambda"": 1.0}",17.861902938049166,"[[""dq100_10_log_variance"", ""cycle10_rms_c_timeweighted"", ""dq100_10_q05_ah"", ""dq100_10_mean_ah""], [""dq100_10_log_variance"", ""cycle10_rms_c_timeweighted"", ""dq100_10_q05_ah"", ""dq100_10_mean_ah""], [""dq100_10_log_variance"", ""cycle10_rms_c_timeweighted"", ""dq100_10_q05_ah"", ""dq100_10_mean_ah""]]",19
Stacking_Ridge_plus_top2/repeat3/outer3/meta3/xgb/tune,xgb,plus_top2,3,"{""learning_rate"": 0.03, ""max_depth"": 1, ""min_child_weight"": 3, ""n_estimators"": 100, ""reg_lambda"": 1.0}",15.144637246635828,"[[""dq100_10_log_variance"", ""cycle10_rms_c_timeweighted"", ""dq100_10_q05_ah"", ""dq100_10_mean_ah""], [""dq100_10_log_variance"", ""cycle10_rms_c_timeweighted"", ""dq100_10_q05_ah"", ""dq100_10_mean_ah""], [""dq100_10_log_variance"", ""cycle10_rms_c_timeweighted"", ""dq100_10_q05_ah"", ""dq100_10_mean_ah""]]",19
Stacking_Ridge_plus_top2/repeat3/outer3/meta3/xgb/tune,xgb,plus_top2,4,"{""learning_rate"": 0.03, ""max_depth"": 3, ""min_child_weight"": 3, ""n_estimators"": 250, ""reg_lambda"": 10.0}",15.337607250615125,"[[""dq100_10_log_variance"", ""cycle10_rms_c_timeweighted"", ""dq100_10_q05_ah"", ""dq100_10_mean_ah""], [""dq100_10_log_variance"", ""cycle10_rms_c_timeweighted"", ""dq100_10_q05_ah"", ""dq100_10_mean_ah""], [""dq100_10_log_variance"", ""cycle10_rms_c_timeweighted"", ""dq100_10_q05_ah"", ""dq100_10_mean_ah""]]",19
Stacking_Ridge_plus_top2/repeat3/outer3/meta3/xgb/tune,xgb,plus_top2,5,"{""learning_rate"": 0.07, ""max_depth"": 2, ""min_child_weight"": 3, ""n_estimators"": 100, ""reg_lambda"": 30.0}",17.97139586027741,"[[""dq100_10_log_variance"", ""cycle10_rms_c_timeweighted"", ""dq100_10_q05_ah"", ""dq100_10_mean_ah""], [""dq100_10_log_variance"", ""cycle10_rms_c_timeweighted"", ""dq100_10_q05_ah"", ""dq100_10_mean_ah""], [""dq100_10_log_variance"", ""cycle10_rms_c_timeweighted"", ""dq100_10_q05_ah"", ""dq100_10_mean_ah""]]",19
Stacking_Ridge_plus_top2/repeat3/outer3/meta3/xgb/tune,xgb,plus_top2,6,"{""learning_rate"": 0.03, ""max_depth"": 1, ""min_child_weight"": 5, ""n_estimators"": 250, ""reg_lambda"": 10.0}",17.84428697739473,"[[""dq100_10_log_variance"", ""cycle10_rms_c_timeweighted"", ""dq100_10_q05_ah"", ""dq100_10_mean_ah""], [""dq100_10_log_variance"", ""cycle10_rms_c_timeweighted"", ""dq100_10_q05_ah"", ""dq100_10_mean_ah""], [""dq100_10_log_variance"", ""cycle10_rms_c_timeweighted"", ""dq100_10_q05_ah"", ""dq100_10_mean_ah""]]",19
Stacking_Ridge_plus_top2/repeat3/outer3/meta3/xgb/tune,xgb,plus_top2,7,"{""learning_rate"": 0.03, ""max_depth"": 3, ""min_child_weight"": 5, ""n_estimators"": 250, ""reg_lambda"": 10.0}",17.84428697739473,"[[""dq100_10_log_variance"", ""cycle10_rms_c_timeweighted"", ""dq100_10_q05_ah"", ""dq100_10_mean_ah""], [""dq100_10_log_variance"", ""cycle10_rms_c_timeweighted"", ""dq100_10_q05_ah"", ""dq100_10_mean_ah""], [""dq100_10_log_variance"", ""cycle10_rms_c_timeweighted"", ""dq100_10_q05_ah"", ""dq100_10_mean_ah""]]",19
Stacking_Ridge_plus_top2/repeat3/outer3/meta3/xgb/tune,xgb,plus_top2,8,"{""learning_rate"": 0.03, ""max_depth"": 2, ""min_child_weight"": 3, ""n_estimators"": 100, ""reg_lambda"": 1.0}",14.723022194257451,"[[""dq100_10_log_variance"", ""cycle10_rms_c_timeweighted"", ""dq100_10_q05_ah"", ""dq100_10_mean_ah""], [""dq100_10_log_variance"", ""cycle10_rms_c_timeweighted"", ""dq100_10_q05_ah"", ""dq100_10_mean_ah""], [""dq100_10_log_variance"", ""cycle10_rms_c_timeweighted"", ""dq100_10_q05_ah"", ""dq100_10_mean_ah""]]",19
Stacking_Ridge_plus_top2/repeat3/outer3/meta3/xgb/tune,xgb,plus_top2,9,"{""learning_rate"": 0.07, ""max_depth"": 2, ""min_child_weight"": 5, ""n_estimators"": 100, ""reg_lambda"": 1.0}",17.317636333864918,"[[""dq100_10_log_variance"", ""cycle10_rms_c_timeweighted"", ""dq100_10_q05_ah"", ""dq100_10_mean_ah""], [""dq100_10_log_variance"", ""cycle10_rms_c_timeweighted"", ""dq100_10_q05_ah"", ""dq100_10_mean_ah""], [""dq100_10_log_variance"", ""cycle10_rms_c_timeweighted"", ""dq100_10_q05_ah"", ""dq100_10_mean_ah""]]",19
Stacking_Ridge_plus_top2/repeat3/outer3/meta3/xgb/tune,xgb,plus_top2,10,"{""learning_rate"": 0.07, ""max_depth"": 1, ""min_child_weight"": 5, ""n_estimators"": 250, ""reg_lambda"": 30.0}",17.848629261630307,"[[""dq100_10_log_variance"", ""cycle10_rms_c_timeweighted"", ""dq100_10_q05_ah"", ""dq100_10_mean_ah""], [""dq100_10_log_variance"", ""cycle10_rms_c_timeweighted"", ""dq100_10_q05_ah"", ""dq100_10_mean_ah""], [""dq100_10_log_variance"", ""cycle10_rms_c_timeweighted"", ""dq100_10_q05_ah"", ""dq100_10_mean_ah""]]",19
Stacking_Ridge_plus_top2/repeat3/outer3/meta3/xgb/tune,xgb,plus_top2,11,"{""learning_rate"": 0.03, ""max_depth"": 3, ""min_child_weight"": 5, ""n_estimators"": 100, ""reg_lambda"": 10.0}",18.15996950474484,"[[""dq100_10_log_variance"", ""cycle10_rms_c_timeweighted"", ""dq100_10_q05_ah"", ""dq100_10_mean_ah""], [""dq100_10_log_variance"", ""cycle10_rms_c_timeweighted"", ""dq100_10_q05_ah"", ""dq100_10_mean_ah""], [""dq100_10_log_variance"", ""cycle10_rms_c_timeweighted"", ""dq100_10_q05_ah"", ""dq100_10_mean_ah""]]",19
Stacking_Ridge_plus_top2/repeat3/outer4/meta1/xgb/tune,xgb,plus_top2,0,"{""learning_rate"": 0.03, ""max_depth"": 1, ""min_child_weight"": 3, ""n_estimators"": 250, ""reg_lambda"": 10.0}",16.40550159674538,"[[""dq100_10_log_variance"", ""cycle10_rms_c_timeweighted"", ""chargetime_median_2_100_minutes"", ""dq100_10_q05_ah""], [""dq100_10_log_variance"", ""cycle10_rms_c_timeweighted"", ""dq100_10_q05_ah"", ""dq100_10_mean_ah""], [""dq100_10_log_variance"", ""cycle10_rms_c_timeweighted"", ""chargetime_median_2_100_minutes"", ""dq100_10_q05_ah""]]",20
Stacking_Ridge_plus_top2/repeat3/outer4/meta1/xgb/tune,xgb,plus_top2,1,"{""learning_rate"": 0.07, ""max_depth"": 3, ""min_child_weight"": 3, ""n_estimators"": 100, ""reg_lambda"": 30.0}",15.086609691784878,"[[""dq100_10_log_variance"", ""cycle10_rms_c_timeweighted"", ""chargetime_median_2_100_minutes"", ""dq100_10_q05_ah""], [""dq100_10_log_variance"", ""cycle10_rms_c_timeweighted"", ""dq100_10_q05_ah"", ""dq100_10_mean_ah""], [""dq100_10_log_variance"", ""cycle10_rms_c_timeweighted"", ""chargetime_median_2_100_minutes"", ""dq100_10_q05_ah""]]",20
Stacking_Ridge_plus_top2/repeat3/outer4/meta1/xgb/tune,xgb,plus_top2,2,"{""learning_rate"": 0.03, ""max_depth"": 2, ""min_child_weight"": 5, ""n_estimators"": 100, ""reg_lambda"": 1.0}",15.88618036397814,"[[""dq100_10_log_variance"", ""cycle10_rms_c_timeweighted"", ""chargetime_median_2_100_minutes"", ""dq100_10_q05_ah""], [""dq100_10_log_variance"", ""cycle10_rms_c_timeweighted"", ""dq100_10_q05_ah"", ""dq100_10_mean_ah""], [""dq100_10_log_variance"", ""cycle10_rms_c_timeweighted"", ""chargetime_median_2_100_minutes"", ""dq100_10_q05_ah""]]",20
Stacking_Ridge_plus_top2/repeat3/outer4/meta1/xgb/tune,xgb,plus_top2,3,"{""learning_rate"": 0.03, ""max_depth"": 1, ""min_child_weight"": 3, ""n_estimators"": 100, ""reg_lambda"": 1.0}",16.299309482125576,"[[""dq100_10_log_variance"", ""cycle10_rms_c_timeweighted"", ""chargetime_median_2_100_minutes"", ""dq100_10_q05_ah""], [""dq100_10_log_variance"", ""cycle10_rms_c_timeweighted"", ""dq100_10_q05_ah"", ""dq100_10_mean_ah""], [""dq100_10_log_variance"", ""cycle10_rms_c_timeweighted"", ""chargetime_median_2_100_minutes"", ""dq100_10_q05_ah""]]",20
Stacking_Ridge_plus_top2/repeat3/outer4/meta1/xgb/tune,xgb,plus_top2,4,"{""learning_rate"": 0.03, ""max_depth"": 3, ""min_child_weight"": 3, ""n_estimators"": 250, ""reg_lambda"": 10.0}",17.32091548406679,"[[""dq100_10_log_variance"", ""cycle10_rms_c_timeweighted"", ""chargetime_median_2_100_minutes"", ""dq100_10_q05_ah""], [""dq100_10_log_variance"", ""cycle10_rms_c_timeweighted"", ""dq100_10_q05_ah"", ""dq100_10_mean_ah""], [""dq100_10_log_variance"", ""cycle10_rms_c_timeweighted"", ""chargetime_median_2_100_minutes"", ""dq100_10_q05_ah""]]",20
Stacking_Ridge_plus_top2/repeat3/outer4/meta1/xgb/tune,xgb,plus_top2,5,"{""learning_rate"": 0.07, ""max_depth"": 2, ""min_child_weight"": 3, ""n_estimators"": 100, ""reg_lambda"": 30.0}",15.075442446040629,"[[""dq100_10_log_variance"", ""cycle10_rms_c_timeweighted"", ""chargetime_median_2_100_minutes"", ""dq100_10_q05_ah""], [""dq100_10_log_variance"", ""cycle10_rms_c_timeweighted"", ""dq100_10_q05_ah"", ""dq100_10_mean_ah""], [""dq100_10_log_variance"", ""cycle10_rms_c_timeweighted"", ""chargetime_median_2_100_minutes"", ""dq100_10_q05_ah""]]",20
Stacking_Ridge_plus_top2/repeat3/outer4/meta1/xgb/tune,xgb,plus_top2,6,"{""learning_rate"": 0.03, ""max_depth"": 1, ""min_child_weight"": 5, ""n_estimators"": 250, ""reg_lambda"": 10.0}",16.10267190488088,"[[""dq100_10_log_variance"", ""cycle10_rms_c_timeweighted"", ""chargetime_median_2_100_minutes"", ""dq100_10_q05_ah""], [""dq100_10_log_variance"", ""cycle10_rms_c_timeweighted"", ""dq100_10_q05_ah"", ""dq100_10_mean_ah""], [""dq100_10_log_variance"", ""cycle10_rms_c_timeweighted"", ""chargetime_median_2_100_minutes"", ""dq100_10_q05_ah""]]",20
Stacking_Ridge_plus_top2/repeat3/outer4/meta1/xgb/tune,xgb,plus_top2,7,"{""learning_rate"": 0.03, ""max_depth"": 3, ""min_child_weight"": 5, ""n_estimators"": 250, ""reg_lambda"": 10.0}",16.10267190488088,"[[""dq100_10_log_variance"", ""cycle10_rms_c_timeweighted"", ""chargetime_median_2_100_minutes"", ""dq100_10_q05_ah""], [""dq100_10_log_variance"", ""cycle10_rms_c_timeweighted"", ""dq100_10_q05_ah"", ""dq100_10_mean_ah""], [""dq100_10_log_variance"", ""cycle10_rms_c_timeweighted"", ""chargetime_median_2_100_minutes"", ""dq100_10_q05_ah""]]",20
Stacking_Ridge_plus_top2/repeat3/outer4/meta1/xgb/tune,xgb,plus_top2,8,"{""learning_rate"": 0.03, ""max_depth"": 2, ""min_child_weight"": 3, ""n_estimators"": 100, ""reg_lambda"": 1.0}",17.5328241848581,"[[""dq100_10_log_variance"", ""cycle10_rms_c_timeweighted"", ""chargetime_median_2_100_minutes"", ""dq100_10_q05_ah""], [""dq100_10_log_variance"", ""cycle10_rms_c_timeweighted"", ""dq100_10_q05_ah"", ""dq100_10_mean_ah""], [""dq100_10_log_variance"", ""cycle10_rms_c_timeweighted"", ""chargetime_median_2_100_minutes"", ""dq100_10_q05_ah""]]",20
Stacking_Ridge_plus_top2/repeat3/outer4/meta1/xgb/tune,xgb,plus_top2,9,"{""learning_rate"": 0.07, ""max_depth"": 2, ""min_child_weight"": 5, ""n_estimators"": 100, ""reg_lambda"": 1.0}",18.257073984892173,"[[""dq100_10_log_variance"", ""cycle10_rms_c_timeweighted"", ""chargetime_median_2_100_minutes"", ""dq100_10_q05_ah""], [""dq100_10_log_variance"", ""cycle10_rms_c_timeweighted"", ""dq100_10_q05_ah"", ""dq100_10_mean_ah""], [""dq100_10_log_variance"", ""cycle10_rms_c_timeweighted"", ""chargetime_median_2_100_minutes"", ""dq100_10_q05_ah""]]",20
Stacking_Ridge_plus_top2/repeat3/outer4/meta1/xgb/tune,xgb,plus_top2,10,"{""learning_rate"": 0.07, ""max_depth"": 1, ""min_child_weight"": 5, ""n_estimators"": 250, ""reg_lambda"": 30.0}",16.195033617397048,"[[""dq100_10_log_variance"", ""cycle10_rms_c_timeweighted"", ""chargetime_median_2_100_minutes"", ""dq100_10_q05_ah""], [""dq100_10_log_variance"", ""cycle10_rms_c_timeweighted"", ""dq100_10_q05_ah"", ""dq100_10_mean_ah""], [""dq100_10_log_variance"", ""cycle10_rms_c_timeweighted"", ""chargetime_median_2_100_minutes"", ""dq100_10_q05_ah""]]",20
Stacking_Ridge_plus_top2/repeat3/outer4/meta1/xgb/tune,xgb,plus_top2,11,"{""learning_rate"": 0.03, ""max_depth"": 3, ""min_child_weight"": 5, ""n_estimators"": 100, ""reg_lambda"": 10.0}",14.342178321657356,"[[""dq100_10_log_variance"", ""cycle10_rms_c_timeweighted"", ""chargetime_median_2_100_minutes"", ""dq100_10_q05_ah""], [""dq100_10_log_variance"", ""cycle10_rms_c_timeweighted"", ""dq100_10_q05_ah"", ""dq100_10_mean_ah""], [""dq100_10_log_variance"", ""cycle10_rms_c_timeweighted"", ""chargetime_median_2_100_minutes"", ""dq100_10_q05_ah""]]",20
Stacking_Ridge_plus_top2/repeat3/outer4/meta2/xgb/tune,xgb,plus_top2,0,"{""learning_rate"": 0.03, ""max_depth"": 1, ""min_child_weight"": 3, ""n_estimators"": 250, ""reg_lambda"": 10.0}",14.75112011016031,"[[""dq100_10_log_variance"", ""cycle10_rms_c_timeweighted"", ""capacity_theilsen_60_100_relative"", ""capacity_theilsen_10_100_relative""], [""dq100_10_log_variance"", ""cycle10_rms_c_timeweighted"", ""dq100_10_q05_ah"", ""dq100_10_mean_ah""], [""dq100_10_log_variance"", ""cycle10_rms_c_timeweighted"", ""dq100_10_q05_ah"", ""dq100_10_mean_ah""]]",19
Stacking_Ridge_plus_top2/repeat3/outer4/meta2/xgb/tune,xgb,plus_top2,1,"{""learning_rate"": 0.07, ""max_depth"": 3, ""min_child_weight"": 3, ""n_estimators"": 100, ""reg_lambda"": 30.0}",17.69280673394074,"[[""dq100_10_log_variance"", ""cycle10_rms_c_timeweighted"", ""capacity_theilsen_60_100_relative"", ""capacity_theilsen_10_100_relative""], [""dq100_10_log_variance"", ""cycle10_rms_c_timeweighted"", ""dq100_10_q05_ah"", ""dq100_10_mean_ah""], [""dq100_10_log_variance"", ""cycle10_rms_c_timeweighted"", ""dq100_10_q05_ah"", ""dq100_10_mean_ah""]]",19
Stacking_Ridge_plus_top2/repeat3/outer4/meta2/xgb/tune,xgb,plus_top2,2,"{""learning_rate"": 0.03, ""max_depth"": 2, ""min_child_weight"": 5, ""n_estimators"": 100, ""reg_lambda"": 1.0}",17.664982065113243,"[[""dq100_10_log_variance"", ""cycle10_rms_c_timeweighted"", ""capacity_theilsen_60_100_relative"", ""capacity_theilsen_10_100_relative""], [""dq100_10_log_variance"", ""cycle10_rms_c_timeweighted"", ""dq100_10_q05_ah"", ""dq100_10_mean_ah""], [""dq100_10_log_variance"", ""cycle10_rms_c_timeweighted"", ""dq100_10_q05_ah"", ""dq100_10_mean_ah""]]",19
Stacking_Ridge_plus_top2/repeat3/outer4/meta2/xgb/tune,xgb,plus_top2,3,"{""learning_rate"": 0.03, ""max_depth"": 1, ""min_child_weight"": 3, ""n_estimators"": 100, ""reg_lambda"": 1.0}",14.388857641464961,"[[""dq100_10_log_variance"", ""cycle10_rms_c_timeweighted"", ""capacity_theilsen_60_100_relative"", ""capacity_theilsen_10_100_relative""], [""dq100_10_log_variance"", ""cycle10_rms_c_timeweighted"", ""dq100_10_q05_ah"", ""dq100_10_mean_ah""], [""dq100_10_log_variance"", ""cycle10_rms_c_timeweighted"", ""dq100_10_q05_ah"", ""dq100_10_mean_ah""]]",19
Stacking_Ridge_plus_top2/repeat3/outer4/meta2/xgb/tune,xgb,plus_top2,4,"{""learning_rate"": 0.03, ""max_depth"": 3, ""min_child_weight"": 3, ""n_estimators"": 250, ""reg_lambda"": 10.0}",15.101552349255021,"[[""dq100_10_log_variance"", ""cycle10_rms_c_timeweighted"", ""capacity_theilsen_60_100_relative"", ""capacity_theilsen_10_100_relative""], [""dq100_10_log_variance"", ""cycle10_rms_c_timeweighted"", ""dq100_10_q05_ah"", ""dq100_10_mean_ah""], [""dq100_10_log_variance"", ""cycle10_rms_c_timeweighted"", ""dq100_10_q05_ah"", ""dq100_10_mean_ah""]]",19
Stacking_Ridge_plus_top2/repeat3/outer4/meta2/xgb/tune,xgb,plus_top2,5,"{""learning_rate"": 0.07, ""max_depth"": 2, ""min_child_weight"": 3, ""n_estimators"": 100, ""reg_lambda"": 30.0}",17.531812293771814,"[[""dq100_10_log_variance"", ""cycle10_rms_c_timeweighted"", ""capacity_theilsen_60_100_relative"", ""capacity_theilsen_10_100_relative""], [""dq100_10_log_variance"", ""cycle10_rms_c_timeweighted"", ""dq100_10_q05_ah"", ""dq100_10_mean_ah""], [""dq100_10_log_variance"", ""cycle10_rms_c_timeweighted"", ""dq100_10_q05_ah"", ""dq100_10_mean_ah""]]",19
Stacking_Ridge_plus_top2/repeat3/outer4/meta2/xgb/tune,xgb,plus_top2,6,"{""learning_rate"": 0.03, ""max_depth"": 1, ""min_child_weight"": 5, ""n_estimators"": 250, ""reg_lambda"": 10.0}",17.70541387751558,"[[""dq100_10_log_variance"", ""cycle10_rms_c_timeweighted"", ""capacity_theilsen_60_100_relative"", ""capacity_theilsen_10_100_relative""], [""dq100_10_log_variance"", ""cycle10_rms_c_timeweighted"", ""dq100_10_q05_ah"", ""dq100_10_mean_ah""], [""dq100_10_log_variance"", ""cycle10_rms_c_timeweighted"", ""dq100_10_q05_ah"", ""dq100_10_mean_ah""]]",19
Stacking_Ridge_plus_top2/repeat3/outer4/meta2/xgb/tune,xgb,plus_top2,7,"{""learning_rate"": 0.03, ""max_depth"": 3, ""min_child_weight"": 5, ""n_estimators"": 250, ""reg_lambda"": 10.0}",17.70541387751558,"[[""dq100_10_log_variance"", ""cycle10_rms_c_timeweighted"", ""capacity_theilsen_60_100_relative"", ""capacity_theilsen_10_100_relative""], [""dq100_10_log_variance"", ""cycle10_rms_c_timeweighted"", ""dq100_10_q05_ah"", ""dq100_10_mean_ah""], [""dq100_10_log_variance"", ""cycle10_rms_c_timeweighted"", ""dq100_10_q05_ah"", ""dq100_10_mean_ah""]]",19
Stacking_Ridge_plus_top2/repeat3/outer4/meta2/xgb/tune,xgb,plus_top2,8,"{""learning_rate"": 0.03, ""max_depth"": 2, ""min_child_weight"": 3, ""n_estimators"": 100, ""reg_lambda"": 1.0}",14.490995370469397,"[[""dq100_10_log_variance"", ""cycle10_rms_c_timeweighted"", ""capacity_theilsen_60_100_relative"", ""capacity_theilsen_10_100_relative""], [""dq100_10_log_variance"", ""cycle10_rms_c_timeweighted"", ""dq100_10_q05_ah"", ""dq100_10_mean_ah""], [""dq100_10_log_variance"", ""cycle10_rms_c_timeweighted"", ""dq100_10_q05_ah"", ""dq100_10_mean_ah""]]",19
Stacking_Ridge_plus_top2/repeat3/outer4/meta2/xgb/tune,xgb,plus_top2,9,"{""learning_rate"": 0.07, ""max_depth"": 2, ""min_child_weight"": 5, ""n_estimators"": 100, ""reg_lambda"": 1.0}",18.16814282048003,"[[""dq100_10_log_variance"", ""cycle10_rms_c_timeweighted"", ""capacity_theilsen_60_100_relative"", ""capacity_theilsen_10_100_relative""], [""dq100_10_log_variance"", ""cycle10_rms_c_timeweighted"", ""dq100_10_q05_ah"", ""dq100_10_mean_ah""], [""dq100_10_log_variance"", ""cycle10_rms_c_timeweighted"", ""dq100_10_q05_ah"", ""dq100_10_mean_ah""]]",19
Stacking_Ridge_plus_top2/repeat3/outer4/meta2/xgb/tune,xgb,plus_top2,10,"{""learning_rate"": 0.07, ""max_depth"": 1, ""min_child_weight"": 5, ""n_estimators"": 250, ""reg_lambda"": 30.0}",17.72431518796347,"[[""dq100_10_log_variance"", ""cycle10_rms_c_timeweighted"", ""capacity_theilsen_60_100_relative"", ""capacity_theilsen_10_100_relative""], [""dq100_10_log_variance"", ""cycle10_rms_c_timeweighted"", ""dq100_10_q05_ah"", ""dq100_10_mean_ah""], [""dq100_10_log_variance"", ""cycle10_rms_c_timeweighted"", ""dq100_10_q05_ah"", ""dq100_10_mean_ah""]]",19
Stacking_Ridge_plus_top2/repeat3/outer4/meta2/xgb/tune,xgb,plus_top2,11,"{""learning_rate"": 0.03, ""max_depth"": 3, ""min_child_weight"": 5, ""n_estimators"": 100, ""reg_lambda"": 10.0}",19.25943239175214,"[[""dq100_10_log_variance"", ""cycle10_rms_c_timeweighted"", ""capacity_theilsen_60_100_relative"", ""capacity_theilsen_10_100_relative""], [""dq100_10_log_variance"", ""cycle10_rms_c_timeweighted"", ""dq100_10_q05_ah"", ""dq100_10_mean_ah""], [""dq100_10_log_variance"", ""cycle10_rms_c_timeweighted"", ""dq100_10_q05_ah"", ""dq100_10_mean_ah""]]",19
Stacking_Ridge_plus_top2/repeat3/outer4/meta3/xgb/tune,xgb,plus_top2,0,"{""learning_rate"": 0.03, ""max_depth"": 1, ""min_child_weight"": 3, ""n_estimators"": 250, ""reg_lambda"": 10.0}",10.580153504558542,"[[""dq100_10_log_variance"", ""cycle10_rms_c_timeweighted"", ""dq100_10_q05_ah"", ""dq100_10_mean_ah""], [""dq100_10_log_variance"", ""cycle10_rms_c_timeweighted"", ""dq100_10_q05_ah"", ""dq100_10_mean_ah""], [""dq100_10_log_variance"", ""cycle10_rms_c_timeweighted"", ""dq100_10_q05_ah"", ""dq100_10_mean_ah""]]",19
Stacking_Ridge_plus_top2/repeat3/outer4/meta3/xgb/tune,xgb,plus_top2,1,"{""learning_rate"": 0.07, ""max_depth"": 3, ""min_child_weight"": 3, ""n_estimators"": 100, ""reg_lambda"": 30.0}",12.713277843739265,"[[""dq100_10_log_variance"", ""cycle10_rms_c_timeweighted"", ""dq100_10_q05_ah"", ""dq100_10_mean_ah""], [""dq100_10_log_variance"", ""cycle10_rms_c_timeweighted"", ""dq100_10_q05_ah"", ""dq100_10_mean_ah""], [""dq100_10_log_variance"", ""cycle10_rms_c_timeweighted"", ""dq100_10_q05_ah"", ""dq100_10_mean_ah""]]",19
Stacking_Ridge_plus_top2/repeat3/outer4/meta3/xgb/tune,xgb,plus_top2,2,"{""learning_rate"": 0.03, ""max_depth"": 2, ""min_child_weight"": 5, ""n_estimators"": 100, ""reg_lambda"": 1.0}",11.178489939493122,"[[""dq100_10_log_variance"", ""cycle10_rms_c_timeweighted"", ""dq100_10_q05_ah"", ""dq100_10_mean_ah""], [""dq100_10_log_variance"", ""cycle10_rms_c_timeweighted"", ""dq100_10_q05_ah"", ""dq100_10_mean_ah""], [""dq100_10_log_variance"", ""cycle10_rms_c_timeweighted"", ""dq100_10_q05_ah"", ""dq100_10_mean_ah""]]",19
Stacking_Ridge_plus_top2/repeat3/outer4/meta3/xgb/tune,xgb,plus_top2,3,"{""learning_rate"": 0.03, ""max_depth"": 1, ""min_child_weight"": 3, ""n_estimators"": 100, ""reg_lambda"": 1.0}",10.575683216432967,"[[""dq100_10_log_variance"", ""cycle10_rms_c_timeweighted"", ""dq100_10_q05_ah"", ""dq100_10_mean_ah""], [""dq100_10_log_variance"", ""cycle10_rms_c_timeweighted"", ""dq100_10_q05_ah"", ""dq100_10_mean_ah""], [""dq100_10_log_variance"", ""cycle10_rms_c_timeweighted"", ""dq100_10_q05_ah"", ""dq100_10_mean_ah""]]",19
Stacking_Ridge_plus_top2/repeat3/outer4/meta3/xgb/tune,xgb,plus_top2,4,"{""learning_rate"": 0.03, ""max_depth"": 3, ""min_child_weight"": 3, ""n_estimators"": 250, ""reg_lambda"": 10.0}",10.379519131535917,"[[""dq100_10_log_variance"", ""cycle10_rms_c_timeweighted"", ""dq100_10_q05_ah"", ""dq100_10_mean_ah""], [""dq100_10_log_variance"", ""cycle10_rms_c_timeweighted"", ""dq100_10_q05_ah"", ""dq100_10_mean_ah""], [""dq100_10_log_variance"", ""cycle10_rms_c_timeweighted"", ""dq100_10_q05_ah"", ""dq100_10_mean_ah""]]",19
Stacking_Ridge_plus_top2/repeat3/outer4/meta3/xgb/tune,xgb,plus_top2,5,"{""learning_rate"": 0.07, ""max_depth"": 2, ""min_child_weight"": 3, ""n_estimators"": 100, ""reg_lambda"": 30.0}",12.712147771502902,"[[""dq100_10_log_variance"", ""cycle10_rms_c_timeweighted"", ""dq100_10_q05_ah"", ""dq100_10_mean_ah""], [""dq100_10_log_variance"", ""cycle10_rms_c_timeweighted"", ""dq100_10_q05_ah"", ""dq100_10_mean_ah""], [""dq100_10_log_variance"", ""cycle10_rms_c_timeweighted"", ""dq100_10_q05_ah"", ""dq100_10_mean_ah""]]",19
Stacking_Ridge_plus_top2/repeat3/outer4/meta3/xgb/tune,xgb,plus_top2,6,"{""learning_rate"": 0.03, ""max_depth"": 1, ""min_child_weight"": 5, ""n_estimators"": 250, ""reg_lambda"": 10.0}",11.045566290193294,"[[""dq100_10_log_variance"", ""cycle10_rms_c_timeweighted"", ""dq100_10_q05_ah"", ""dq100_10_mean_ah""], [""dq100_10_log_variance"", ""cycle10_rms_c_timeweighted"", ""dq100_10_q05_ah"", ""dq100_10_mean_ah""], [""dq100_10_log_variance"", ""cycle10_rms_c_timeweighted"", ""dq100_10_q05_ah"", ""dq100_10_mean_ah""]]",19
Stacking_Ridge_plus_top2/repeat3/outer4/meta3/xgb/tune,xgb,plus_top2,7,"{""learning_rate"": 0.03, ""max_depth"": 3, ""min_child_weight"": 5, ""n_estimators"": 250, ""reg_lambda"": 10.0}",11.045566290193294,"[[""dq100_10_log_variance"", ""cycle10_rms_c_timeweighted"", ""dq100_10_q05_ah"", ""dq100_10_mean_ah""], [""dq100_10_log_variance"", ""cycle10_rms_c_timeweighted"", ""dq100_10_q05_ah"", ""dq100_10_mean_ah""], [""dq100_10_log_variance"", ""cycle10_rms_c_timeweighted"", ""dq100_10_q05_ah"", ""dq100_10_mean_ah""]]",19
Stacking_Ridge_plus_top2/repeat3/outer4/meta3/xgb/tune,xgb,plus_top2,8,"{""learning_rate"": 0.03, ""max_depth"": 2, ""min_child_weight"": 3, ""n_estimators"": 100, ""reg_lambda"": 1.0}",9.964746087397137,"[[""dq100_10_log_variance"", ""cycle10_rms_c_timeweighted"", ""dq100_10_q05_ah"", ""dq100_10_mean_ah""], [""dq100_10_log_variance"", ""cycle10_rms_c_timeweighted"", ""dq100_10_q05_ah"", ""dq100_10_mean_ah""], [""dq100_10_log_variance"", ""cycle10_rms_c_timeweighted"", ""dq100_10_q05_ah"", ""dq100_10_mean_ah""]]",19
Stacking_Ridge_plus_top2/repeat3/outer4/meta3/xgb/tune,xgb,plus_top2,9,"{""learning_rate"": 0.07, ""max_depth"": 2, ""min_child_weight"": 5, ""n_estimators"": 100, ""reg_lambda"": 1.0}",10.688922959586714,"[[""dq100_10_log_variance"", ""cycle10_rms_c_timeweighted"", ""dq100_10_q05_ah"", ""dq100_10_mean_ah""], [""dq100_10_log_variance"", ""cycle10_rms_c_timeweighted"", ""dq100_10_q05_ah"", ""dq100_10_mean_ah""], [""dq100_10_log_variance"", ""cycle10_rms_c_timeweighted"", ""dq100_10_q05_ah"", ""dq100_10_mean_ah""]]",19
Stacking_Ridge_plus_top2/repeat3/outer4/meta3/xgb/tune,xgb,plus_top2,10,"{""learning_rate"": 0.07, ""max_depth"": 1, ""min_child_weight"": 5, ""n_estimators"": 250, ""reg_lambda"": 30.0}",10.96742096623737,"[[""dq100_10_log_variance"", ""cycle10_rms_c_timeweighted"", ""dq100_10_q05_ah"", ""dq100_10_mean_ah""], [""dq100_10_log_variance"", ""cycle10_rms_c_timeweighted"", ""dq100_10_q05_ah"", ""dq100_10_mean_ah""], [""dq100_10_log_variance"", ""cycle10_rms_c_timeweighted"", ""dq100_10_q05_ah"", ""dq100_10_mean_ah""]]",19
Stacking_Ridge_plus_top2/repeat3/outer4/meta3/xgb/tune,xgb,plus_top2,11,"{""learning_rate"": 0.03, ""max_depth"": 3, ""min_child_weight"": 5, ""n_estimators"": 100, ""reg_lambda"": 10.0}",13.404921900776303,"[[""dq100_10_log_variance"", ""cycle10_rms_c_timeweighted"", ""dq100_10_q05_ah"", ""dq100_10_mean_ah""], [""dq100_10_log_variance"", ""cycle10_rms_c_timeweighted"", ""dq100_10_q05_ah"", ""dq100_10_mean_ah""], [""dq100_10_log_variance"", ""cycle10_rms_c_timeweighted"", ""dq100_10_q05_ah"", ""dq100_10_mean_ah""]]",19
Stacking_Ridge_plus_top2/repeat3/outer5/meta1/xgb/tune,xgb,plus_top2,0,"{""learning_rate"": 0.03, ""max_depth"": 1, ""min_child_weight"": 3, ""n_estimators"": 250, ""reg_lambda"": 10.0}",12.724023771415979,"[[""dq100_10_log_variance"", ""cycle10_rms_c_timeweighted"", ""chargetime_median_2_100_minutes"", ""dq100_10_q05_ah""], [""dq100_10_log_variance"", ""cycle10_rms_c_timeweighted"", ""dq100_10_q05_ah"", ""dq100_10_mean_ah""], [""dq100_10_log_variance"", ""cycle10_rms_c_timeweighted"", ""dq100_10_q05_ah"", ""dq100_10_mean_ah""]]",20
Stacking_Ridge_plus_top2/repeat3/outer5/meta1/xgb/tune,xgb,plus_top2,1,"{""learning_rate"": 0.07, ""max_depth"": 3, ""min_child_weight"": 3, ""n_estimators"": 100, ""reg_lambda"": 30.0}",13.945794540922767,"[[""dq100_10_log_variance"", ""cycle10_rms_c_timeweighted"", ""chargetime_median_2_100_minutes"", ""dq100_10_q05_ah""], [""dq100_10_log_variance"", ""cycle10_rms_c_timeweighted"", ""dq100_10_q05_ah"", ""dq100_10_mean_ah""], [""dq100_10_log_variance"", ""cycle10_rms_c_timeweighted"", ""dq100_10_q05_ah"", ""dq100_10_mean_ah""]]",20
Stacking_Ridge_plus_top2/repeat3/outer5/meta1/xgb/tune,xgb,plus_top2,2,"{""learning_rate"": 0.03, ""max_depth"": 2, ""min_child_weight"": 5, ""n_estimators"": 100, ""reg_lambda"": 1.0}",13.419496561341884,"[[""dq100_10_log_variance"", ""cycle10_rms_c_timeweighted"", ""chargetime_median_2_100_minutes"", ""dq100_10_q05_ah""], [""dq100_10_log_variance"", ""cycle10_rms_c_timeweighted"", ""dq100_10_q05_ah"", ""dq100_10_mean_ah""], [""dq100_10_log_variance"", ""cycle10_rms_c_timeweighted"", ""dq100_10_q05_ah"", ""dq100_10_mean_ah""]]",20
Stacking_Ridge_plus_top2/repeat3/outer5/meta1/xgb/tune,xgb,plus_top2,3,"{""learning_rate"": 0.03, ""max_depth"": 1, ""min_child_weight"": 3, ""n_estimators"": 100, ""reg_lambda"": 1.0}",12.375074529450462,"[[""dq100_10_log_variance"", ""cycle10_rms_c_timeweighted"", ""chargetime_median_2_100_minutes"", ""dq100_10_q05_ah""], [""dq100_10_log_variance"", ""cycle10_rms_c_timeweighted"", ""dq100_10_q05_ah"", ""dq100_10_mean_ah""], [""dq100_10_log_variance"", ""cycle10_rms_c_timeweighted"", ""dq100_10_q05_ah"", ""dq100_10_mean_ah""]]",20
Stacking_Ridge_plus_top2/repeat3/outer5/meta1/xgb/tune,xgb,plus_top2,4,"{""learning_rate"": 0.03, ""max_depth"": 3, ""min_child_weight"": 3, ""n_estimators"": 250, ""reg_lambda"": 10.0}",12.573039915885403,"[[""dq100_10_log_variance"", ""cycle10_rms_c_timeweighted"", ""chargetime_median_2_100_minutes"", ""dq100_10_q05_ah""], [""dq100_10_log_variance"", ""cycle10_rms_c_timeweighted"", ""dq100_10_q05_ah"", ""dq100_10_mean_ah""], [""dq100_10_log_variance"", ""cycle10_rms_c_timeweighted"", ""dq100_10_q05_ah"", ""dq100_10_mean_ah""]]",20
Stacking_Ridge_plus_top2/repeat3/outer5/meta1/xgb/tune,xgb,plus_top2,5,"{""learning_rate"": 0.07, ""max_depth"": 2, ""min_child_weight"": 3, ""n_estimators"": 100, ""reg_lambda"": 30.0}",13.916301920905596,"[[""dq100_10_log_variance"", ""cycle10_rms_c_timeweighted"", ""chargetime_median_2_100_minutes"", ""dq100_10_q05_ah""], [""dq100_10_log_variance"", ""cycle10_rms_c_timeweighted"", ""dq100_10_q05_ah"", ""dq100_10_mean_ah""], [""dq100_10_log_variance"", ""cycle10_rms_c_timeweighted"", ""dq100_10_q05_ah"", ""dq100_10_mean_ah""]]",20
Stacking_Ridge_plus_top2/repeat3/outer5/meta1/xgb/tune,xgb,plus_top2,6,"{""learning_rate"": 0.03, ""max_depth"": 1, ""min_child_weight"": 5, ""n_estimators"": 250, ""reg_lambda"": 10.0}",13.53810423880606,"[[""dq100_10_log_variance"", ""cycle10_rms_c_timeweighted"", ""chargetime_median_2_100_minutes"", ""dq100_10_q05_ah""], [""dq100_10_log_variance"", ""cycle10_rms_c_timeweighted"", ""dq100_10_q05_ah"", ""dq100_10_mean_ah""], [""dq100_10_log_variance"", ""cycle10_rms_c_timeweighted"", ""dq100_10_q05_ah"", ""dq100_10_mean_ah""]]",20
Stacking_Ridge_plus_top2/repeat3/outer5/meta1/xgb/tune,xgb,plus_top2,7,"{""learning_rate"": 0.03, ""max_depth"": 3, ""min_child_weight"": 5, ""n_estimators"": 250, ""reg_lambda"": 10.0}",13.53810423880606,"[[""dq100_10_log_variance"", ""cycle10_rms_c_timeweighted"", ""chargetime_median_2_100_minutes"", ""dq100_10_q05_ah""], [""dq100_10_log_variance"", ""cycle10_rms_c_timeweighted"", ""dq100_10_q05_ah"", ""dq100_10_mean_ah""], [""dq100_10_log_variance"", ""cycle10_rms_c_timeweighted"", ""dq100_10_q05_ah"", ""dq100_10_mean_ah""]]",20
Stacking_Ridge_plus_top2/repeat3/outer5/meta1/xgb/tune,xgb,plus_top2,8,"{""learning_rate"": 0.03, ""max_depth"": 2, ""min_child_weight"": 3, ""n_estimators"": 100, ""reg_lambda"": 1.0}",12.584137943811562,"[[""dq100_10_log_variance"", ""cycle10_rms_c_timeweighted"", ""chargetime_median_2_100_minutes"", ""dq100_10_q05_ah""], [""dq100_10_log_variance"", ""cycle10_rms_c_timeweighted"", ""dq100_10_q05_ah"", ""dq100_10_mean_ah""], [""dq100_10_log_variance"", ""cycle10_rms_c_timeweighted"", ""dq100_10_q05_ah"", ""dq100_10_mean_ah""]]",20
Stacking_Ridge_plus_top2/repeat3/outer5/meta1/xgb/tune,xgb,plus_top2,9,"{""learning_rate"": 0.07, ""max_depth"": 2, ""min_child_weight"": 5, ""n_estimators"": 100, ""reg_lambda"": 1.0}",14.69133539614834,"[[""dq100_10_log_variance"", ""cycle10_rms_c_timeweighted"", ""chargetime_median_2_100_minutes"", ""dq100_10_q05_ah""], [""dq100_10_log_variance"", ""cycle10_rms_c_timeweighted"", ""dq100_10_q05_ah"", ""dq100_10_mean_ah""], [""dq100_10_log_variance"", ""cycle10_rms_c_timeweighted"", ""dq100_10_q05_ah"", ""dq100_10_mean_ah""]]",20
Stacking_Ridge_plus_top2/repeat3/outer5/meta1/xgb/tune,xgb,plus_top2,10,"{""learning_rate"": 0.07, ""max_depth"": 1, ""min_child_weight"": 5, ""n_estimators"": 250, ""reg_lambda"": 30.0}",13.573515225865496,"[[""dq100_10_log_variance"", ""cycle10_rms_c_timeweighted"", ""chargetime_median_2_100_minutes"", ""dq100_10_q05_ah""], [""dq100_10_log_variance"", ""cycle10_rms_c_timeweighted"", ""dq100_10_q05_ah"", ""dq100_10_mean_ah""], [""dq100_10_log_variance"", ""cycle10_rms_c_timeweighted"", ""dq100_10_q05_ah"", ""dq100_10_mean_ah""]]",20
Stacking_Ridge_plus_top2/repeat3/outer5/meta1/xgb/tune,xgb,plus_top2,11,"{""learning_rate"": 0.03, ""max_depth"": 3, ""min_child_weight"": 5, ""n_estimators"": 100, ""reg_lambda"": 10.0}",14.583421959147508,"[[""dq100_10_log_variance"", ""cycle10_rms_c_timeweighted"", ""chargetime_median_2_100_minutes"", ""dq100_10_q05_ah""], [""dq100_10_log_variance"", ""cycle10_rms_c_timeweighted"", ""dq100_10_q05_ah"", ""dq100_10_mean_ah""], [""dq100_10_log_variance"", ""cycle10_rms_c_timeweighted"", ""dq100_10_q05_ah"", ""dq100_10_mean_ah""]]",20
Stacking_Ridge_plus_top2/repeat3/outer5/meta2/xgb/tune,xgb,plus_top2,0,"{""learning_rate"": 0.03, ""max_depth"": 1, ""min_child_weight"": 3, ""n_estimators"": 250, ""reg_lambda"": 10.0}",10.846505062058917,"[[""dq100_10_log_variance"", ""cycle10_rms_c_timeweighted"", ""dq100_10_q05_ah"", ""dq100_10_mean_ah""], [""dq100_10_log_variance"", ""cycle10_rms_c_timeweighted"", ""dq100_10_q05_ah"", ""dq100_10_mean_ah""], [""dq100_10_log_variance"", ""cycle10_rms_c_timeweighted"", ""dq100_10_q05_ah"", ""dq100_10_mean_ah""]]",19
Stacking_Ridge_plus_top2/repeat3/outer5/meta2/xgb/tune,xgb,plus_top2,1,"{""learning_rate"": 0.07, ""max_depth"": 3, ""min_child_weight"": 3, ""n_estimators"": 100, ""reg_lambda"": 30.0}",12.806622966969202,"[[""dq100_10_log_variance"", ""cycle10_rms_c_timeweighted"", ""dq100_10_q05_ah"", ""dq100_10_mean_ah""], [""dq100_10_log_variance"", ""cycle10_rms_c_timeweighted"", ""dq100_10_q05_ah"", ""dq100_10_mean_ah""], [""dq100_10_log_variance"", ""cycle10_rms_c_timeweighted"", ""dq100_10_q05_ah"", ""dq100_10_mean_ah""]]",19
Stacking_Ridge_plus_top2/repeat3/outer5/meta2/xgb/tune,xgb,plus_top2,2,"{""learning_rate"": 0.03, ""max_depth"": 2, ""min_child_weight"": 5, ""n_estimators"": 100, ""reg_lambda"": 1.0}",10.350319514925767,"[[""dq100_10_log_variance"", ""cycle10_rms_c_timeweighted"", ""dq100_10_q05_ah"", ""dq100_10_mean_ah""], [""dq100_10_log_variance"", ""cycle10_rms_c_timeweighted"", ""dq100_10_q05_ah"", ""dq100_10_mean_ah""], [""dq100_10_log_variance"", ""cycle10_rms_c_timeweighted"", ""dq100_10_q05_ah"", ""dq100_10_mean_ah""]]",19
Stacking_Ridge_plus_top2/repeat3/outer5/meta2/xgb/tune,xgb,plus_top2,3,"{""learning_rate"": 0.03, ""max_depth"": 1, ""min_child_weight"": 3, ""n_estimators"": 100, ""reg_lambda"": 1.0}",10.983695266819748,"[[""dq100_10_log_variance"", ""cycle10_rms_c_timeweighted"", ""dq100_10_q05_ah"", ""dq100_10_mean_ah""], [""dq100_10_log_variance"", ""cycle10_rms_c_timeweighted"", ""dq100_10_q05_ah"", ""dq100_10_mean_ah""], [""dq100_10_log_variance"", ""cycle10_rms_c_timeweighted"", ""dq100_10_q05_ah"", ""dq100_10_mean_ah""]]",19
Stacking_Ridge_plus_top2/repeat3/outer5/meta2/xgb/tune,xgb,plus_top2,4,"{""learning_rate"": 0.03, ""max_depth"": 3, ""min_child_weight"": 3, ""n_estimators"": 250, ""reg_lambda"": 10.0}",10.502509173402668,"[[""dq100_10_log_variance"", ""cycle10_rms_c_timeweighted"", ""dq100_10_q05_ah"", ""dq100_10_mean_ah""], [""dq100_10_log_variance"", ""cycle10_rms_c_timeweighted"", ""dq100_10_q05_ah"", ""dq100_10_mean_ah""], [""dq100_10_log_variance"", ""cycle10_rms_c_timeweighted"", ""dq100_10_q05_ah"", ""dq100_10_mean_ah""]]",19
Stacking_Ridge_plus_top2/repeat3/outer5/meta2/xgb/tune,xgb,plus_top2,5,"{""learning_rate"": 0.07, ""max_depth"": 2, ""min_child_weight"": 3, ""n_estimators"": 100, ""reg_lambda"": 30.0}",12.806286595307128,"[[""dq100_10_log_variance"", ""cycle10_rms_c_timeweighted"", ""dq100_10_q05_ah"", ""dq100_10_mean_ah""], [""dq100_10_log_variance"", ""cycle10_rms_c_timeweighted"", ""dq100_10_q05_ah"", ""dq100_10_mean_ah""], [""dq100_10_log_variance"", ""cycle10_rms_c_timeweighted"", ""dq100_10_q05_ah"", ""dq100_10_mean_ah""]]",19
Stacking_Ridge_plus_top2/repeat3/outer5/meta2/xgb/tune,xgb,plus_top2,6,"{""learning_rate"": 0.03, ""max_depth"": 1, ""min_child_weight"": 5, ""n_estimators"": 250, ""reg_lambda"": 10.0}",10.13338819195209,"[[""dq100_10_log_variance"", ""cycle10_rms_c_timeweighted"", ""dq100_10_q05_ah"", ""dq100_10_mean_ah""], [""dq100_10_log_variance"", ""cycle10_rms_c_timeweighted"", ""dq100_10_q05_ah"", ""dq100_10_mean_ah""], [""dq100_10_log_variance"", ""cycle10_rms_c_timeweighted"", ""dq100_10_q05_ah"", ""dq100_10_mean_ah""]]",19
Stacking_Ridge_plus_top2/repeat3/outer5/meta2/xgb/tune,xgb,plus_top2,7,"{""learning_rate"": 0.03, ""max_depth"": 3, ""min_child_weight"": 5, ""n_estimators"": 250, ""reg_lambda"": 10.0}",10.13338819195209,"[[""dq100_10_log_variance"", ""cycle10_rms_c_timeweighted"", ""dq100_10_q05_ah"", ""dq100_10_mean_ah""], [""dq100_10_log_variance"", ""cycle10_rms_c_timeweighted"", ""dq100_10_q05_ah"", ""dq100_10_mean_ah""], [""dq100_10_log_variance"", ""cycle10_rms_c_timeweighted"", ""dq100_10_q05_ah"", ""dq100_10_mean_ah""]]",19
Stacking_Ridge_plus_top2/repeat3/outer5/meta2/xgb/tune,xgb,plus_top2,8,"{""learning_rate"": 0.03, ""max_depth"": 2, ""min_child_weight"": 3, ""n_estimators"": 100, ""reg_lambda"": 1.0}",11.211420332671011,"[[""dq100_10_log_variance"", ""cycle10_rms_c_timeweighted"", ""dq100_10_q05_ah"", ""dq100_10_mean_ah""], [""dq100_10_log_variance"", ""cycle10_rms_c_timeweighted"", ""dq100_10_q05_ah"", ""dq100_10_mean_ah""], [""dq100_10_log_variance"", ""cycle10_rms_c_timeweighted"", ""dq100_10_q05_ah"", ""dq100_10_mean_ah""]]",19
Stacking_Ridge_plus_top2/repeat3/outer5/meta2/xgb/tune,xgb,plus_top2,9,"{""learning_rate"": 0.07, ""max_depth"": 2, ""min_child_weight"": 5, ""n_estimators"": 100, ""reg_lambda"": 1.0}",10.522027655627602,"[[""dq100_10_log_variance"", ""cycle10_rms_c_timeweighted"", ""dq100_10_q05_ah"", ""dq100_10_mean_ah""], [""dq100_10_log_variance"", ""cycle10_rms_c_timeweighted"", ""dq100_10_q05_ah"", ""dq100_10_mean_ah""], [""dq100_10_log_variance"", ""cycle10_rms_c_timeweighted"", ""dq100_10_q05_ah"", ""dq100_10_mean_ah""]]",19
Stacking_Ridge_plus_top2/repeat3/outer5/meta2/xgb/tune,xgb,plus_top2,10,"{""learning_rate"": 0.07, ""max_depth"": 1, ""min_child_weight"": 5, ""n_estimators"": 250, ""reg_lambda"": 30.0}",10.151045998351185,"[[""dq100_10_log_variance"", ""cycle10_rms_c_timeweighted"", ""dq100_10_q05_ah"", ""dq100_10_mean_ah""], [""dq100_10_log_variance"", ""cycle10_rms_c_timeweighted"", ""dq100_10_q05_ah"", ""dq100_10_mean_ah""], [""dq100_10_log_variance"", ""cycle10_rms_c_timeweighted"", ""dq100_10_q05_ah"", ""dq100_10_mean_ah""]]",19
Stacking_Ridge_plus_top2/repeat3/outer5/meta2/xgb/tune,xgb,plus_top2,11,"{""learning_rate"": 0.03, ""max_depth"": 3, ""min_child_weight"": 5, ""n_estimators"": 100, ""reg_lambda"": 10.0}",12.928086039909548,"[[""dq100_10_log_variance"", ""cycle10_rms_c_timeweighted"", ""dq100_10_q05_ah"", ""dq100_10_mean_ah""], [""dq100_10_log_variance"", ""cycle10_rms_c_timeweighted"", ""dq100_10_q05_ah"", ""dq100_10_mean_ah""], [""dq100_10_log_variance"", ""cycle10_rms_c_timeweighted"", ""dq100_10_q05_ah"", ""dq100_10_mean_ah""]]",19
Stacking_Ridge_plus_top2/repeat3/outer5/meta3/xgb/tune,xgb,plus_top2,0,"{""learning_rate"": 0.03, ""max_depth"": 1, ""min_child_weight"": 3, ""n_estimators"": 250, ""reg_lambda"": 10.0}",13.674196296947347,"[[""dq100_10_log_variance"", ""cycle10_rms_c_timeweighted"", ""dq100_10_q05_ah"", ""dq100_10_mean_ah""], [""dq100_10_log_variance"", ""cycle10_rms_c_timeweighted"", ""dq100_10_q05_ah"", ""dq100_10_mean_ah""], [""dq100_10_log_variance"", ""cycle10_rms_c_timeweighted"", ""dq100_10_q05_ah"", ""dq100_10_mean_ah""]]",19
Stacking_Ridge_plus_top2/repeat3/outer5/meta3/xgb/tune,xgb,plus_top2,1,"{""learning_rate"": 0.07, ""max_depth"": 3, ""min_child_weight"": 3, ""n_estimators"": 100, ""reg_lambda"": 30.0}",15.586537103700959,"[[""dq100_10_log_variance"", ""cycle10_rms_c_timeweighted"", ""dq100_10_q05_ah"", ""dq100_10_mean_ah""], [""dq100_10_log_variance"", ""cycle10_rms_c_timeweighted"", ""dq100_10_q05_ah"", ""dq100_10_mean_ah""], [""dq100_10_log_variance"", ""cycle10_rms_c_timeweighted"", ""dq100_10_q05_ah"", ""dq100_10_mean_ah""]]",19
Stacking_Ridge_plus_top2/repeat3/outer5/meta3/xgb/tune,xgb,plus_top2,2,"{""learning_rate"": 0.03, ""max_depth"": 2, ""min_child_weight"": 5, ""n_estimators"": 100, ""reg_lambda"": 1.0}",14.748824453456303,"[[""dq100_10_log_variance"", ""cycle10_rms_c_timeweighted"", ""dq100_10_q05_ah"", ""dq100_10_mean_ah""], [""dq100_10_log_variance"", ""cycle10_rms_c_timeweighted"", ""dq100_10_q05_ah"", ""dq100_10_mean_ah""], [""dq100_10_log_variance"", ""cycle10_rms_c_timeweighted"", ""dq100_10_q05_ah"", ""dq100_10_mean_ah""]]",19
Stacking_Ridge_plus_top2/repeat3/outer5/meta3/xgb/tune,xgb,plus_top2,3,"{""learning_rate"": 0.03, ""max_depth"": 1, ""min_child_weight"": 3, ""n_estimators"": 100, ""reg_lambda"": 1.0}",13.337472454288458,"[[""dq100_10_log_variance"", ""cycle10_rms_c_timeweighted"", ""dq100_10_q05_ah"", ""dq100_10_mean_ah""], [""dq100_10_log_variance"", ""cycle10_rms_c_timeweighted"", ""dq100_10_q05_ah"", ""dq100_10_mean_ah""], [""dq100_10_log_variance"", ""cycle10_rms_c_timeweighted"", ""dq100_10_q05_ah"", ""dq100_10_mean_ah""]]",19
Stacking_Ridge_plus_top2/repeat3/outer5/meta3/xgb/tune,xgb,plus_top2,4,"{""learning_rate"": 0.03, ""max_depth"": 3, ""min_child_weight"": 3, ""n_estimators"": 250, ""reg_lambda"": 10.0}",13.51097396565137,"[[""dq100_10_log_variance"", ""cycle10_rms_c_timeweighted"", ""dq100_10_q05_ah"", ""dq100_10_mean_ah""], [""dq100_10_log_variance"", ""cycle10_rms_c_timeweighted"", ""dq100_10_q05_ah"", ""dq100_10_mean_ah""], [""dq100_10_log_variance"", ""cycle10_rms_c_timeweighted"", ""dq100_10_q05_ah"", ""dq100_10_mean_ah""]]",19
Stacking_Ridge_plus_top2/repeat3/outer5/meta3/xgb/tune,xgb,plus_top2,5,"{""learning_rate"": 0.07, ""max_depth"": 2, ""min_child_weight"": 3, ""n_estimators"": 100, ""reg_lambda"": 30.0}",15.58149955962875,"[[""dq100_10_log_variance"", ""cycle10_rms_c_timeweighted"", ""dq100_10_q05_ah"", ""dq100_10_mean_ah""], [""dq100_10_log_variance"", ""cycle10_rms_c_timeweighted"", ""dq100_10_q05_ah"", ""dq100_10_mean_ah""], [""dq100_10_log_variance"", ""cycle10_rms_c_timeweighted"", ""dq100_10_q05_ah"", ""dq100_10_mean_ah""]]",19
Stacking_Ridge_plus_top2/repeat3/outer5/meta3/xgb/tune,xgb,plus_top2,6,"{""learning_rate"": 0.03, ""max_depth"": 1, ""min_child_weight"": 5, ""n_estimators"": 250, ""reg_lambda"": 10.0}",14.897979491992663,"[[""dq100_10_log_variance"", ""cycle10_rms_c_timeweighted"", ""dq100_10_q05_ah"", ""dq100_10_mean_ah""], [""dq100_10_log_variance"", ""cycle10_rms_c_timeweighted"", ""dq100_10_q05_ah"", ""dq100_10_mean_ah""], [""dq100_10_log_variance"", ""cycle10_rms_c_timeweighted"", ""dq100_10_q05_ah"", ""dq100_10_mean_ah""]]",19
Stacking_Ridge_plus_top2/repeat3/outer5/meta3/xgb/tune,xgb,plus_top2,7,"{""learning_rate"": 0.03, ""max_depth"": 3, ""min_child_weight"": 5, ""n_estimators"": 250, ""reg_lambda"": 10.0}",14.897979491992663,"[[""dq100_10_log_variance"", ""cycle10_rms_c_timeweighted"", ""dq100_10_q05_ah"", ""dq100_10_mean_ah""], [""dq100_10_log_variance"", ""cycle10_rms_c_timeweighted"", ""dq100_10_q05_ah"", ""dq100_10_mean_ah""], [""dq100_10_log_variance"", ""cycle10_rms_c_timeweighted"", ""dq100_10_q05_ah"", ""dq100_10_mean_ah""]]",19
Stacking_Ridge_plus_top2/repeat3/outer5/meta3/xgb/tune,xgb,plus_top2,8,"{""learning_rate"": 0.03, ""max_depth"": 2, ""min_child_weight"": 3, ""n_estimators"": 100, ""reg_lambda"": 1.0}",13.250801849568283,"[[""dq100_10_log_variance"", ""cycle10_rms_c_timeweighted"", ""dq100_10_q05_ah"", ""dq100_10_mean_ah""], [""dq100_10_log_variance"", ""cycle10_rms_c_timeweighted"", ""dq100_10_q05_ah"", ""dq100_10_mean_ah""], [""dq100_10_log_variance"", ""cycle10_rms_c_timeweighted"", ""dq100_10_q05_ah"", ""dq100_10_mean_ah""]]",19
Stacking_Ridge_plus_top2/repeat3/outer5/meta3/xgb/tune,xgb,plus_top2,9,"{""learning_rate"": 0.07, ""max_depth"": 2, ""min_child_weight"": 5, ""n_estimators"": 100, ""reg_lambda"": 1.0}",14.362243637927207,"[[""dq100_10_log_variance"", ""cycle10_rms_c_timeweighted"", ""dq100_10_q05_ah"", ""dq100_10_mean_ah""], [""dq100_10_log_variance"", ""cycle10_rms_c_timeweighted"", ""dq100_10_q05_ah"", ""dq100_10_mean_ah""], [""dq100_10_log_variance"", ""cycle10_rms_c_timeweighted"", ""dq100_10_q05_ah"", ""dq100_10_mean_ah""]]",19
Stacking_Ridge_plus_top2/repeat3/outer5/meta3/xgb/tune,xgb,plus_top2,10,"{""learning_rate"": 0.07, ""max_depth"": 1, ""min_child_weight"": 5, ""n_estimators"": 250, ""reg_lambda"": 30.0}",14.961309133601732,"[[""dq100_10_log_variance"", ""cycle10_rms_c_timeweighted"", ""dq100_10_q05_ah"", ""dq100_10_mean_ah""], [""dq100_10_log_variance"", ""cycle10_rms_c_timeweighted"", ""dq100_10_q05_ah"", ""dq100_10_mean_ah""], [""dq100_10_log_variance"", ""cycle10_rms_c_timeweighted"", ""dq100_10_q05_ah"", ""dq100_10_mean_ah""]]",19
Stacking_Ridge_plus_top2/repeat3/outer5/meta3/xgb/tune,xgb,plus_top2,11,"{""learning_rate"": 0.03, ""max_depth"": 3, ""min_child_weight"": 5, ""n_estimators"": 100, ""reg_lambda"": 10.0}",16.282265532927887,"[[""dq100_10_log_variance"", ""cycle10_rms_c_timeweighted"", ""dq100_10_q05_ah"", ""dq100_10_mean_ah""], [""dq100_10_log_variance"", ""cycle10_rms_c_timeweighted"", ""dq100_10_q05_ah"", ""dq100_10_mean_ah""], [""dq100_10_log_variance"", ""cycle10_rms_c_timeweighted"", ""dq100_10_q05_ah"", ""dq100_10_mean_ah""]]",19
final_B1_train/CatBoost_baseline/tune,cat,baseline,0,"{""depth"": 3, ""iterations"": 250, ""l2_leaf_reg"": 30.0, ""learning_rate"": 0.07}",8.825271824296014,"[[""dq100_10_log_variance"", ""cycle10_rms_c_timeweighted""], [""dq100_10_log_variance"", ""cycle10_rms_c_timeweighted""], [""dq100_10_log_variance"", ""cycle10_rms_c_timeweighted""]]",35
final_B1_train/CatBoost_baseline/tune,cat,baseline,1,"{""depth"": 2, ""iterations"": 100, ""l2_leaf_reg"": 3.0, ""learning_rate"": 0.07}",8.233814997047123,"[[""dq100_10_log_variance"", ""cycle10_rms_c_timeweighted""], [""dq100_10_log_variance"", ""cycle10_rms_c_timeweighted""], [""dq100_10_log_variance"", ""cycle10_rms_c_timeweighted""]]",35
final_B1_train/CatBoost_baseline/tune,cat,baseline,2,"{""depth"": 3, ""iterations"": 100, ""l2_leaf_reg"": 10.0, ""learning_rate"": 0.03}",10.476181526449164,"[[""dq100_10_log_variance"", ""cycle10_rms_c_timeweighted""], [""dq100_10_log_variance"", ""cycle10_rms_c_timeweighted""], [""dq100_10_log_variance"", ""cycle10_rms_c_timeweighted""]]",35
final_B1_train/CatBoost_baseline/tune,cat,baseline,3,"{""depth"": 3, ""iterations"": 250, ""l2_leaf_reg"": 3.0, ""learning_rate"": 0.03}",8.324454479967143,"[[""dq100_10_log_variance"", ""cycle10_rms_c_timeweighted""], [""dq100_10_log_variance"", ""cycle10_rms_c_timeweighted""], [""dq100_10_log_variance"", ""cycle10_rms_c_timeweighted""]]",35
final_B1_train/CatBoost_baseline/tune,cat,baseline,4,"{""depth"": 2, ""iterations"": 100, ""l2_leaf_reg"": 30.0, ""learning_rate"": 0.03}",12.226743611519284,"[[""dq100_10_log_variance"", ""cycle10_rms_c_timeweighted""], [""dq100_10_log_variance"", ""cycle10_rms_c_timeweighted""], [""dq100_10_log_variance"", ""cycle10_rms_c_timeweighted""]]",35
final_B1_train/CatBoost_baseline/tune,cat,baseline,5,"{""depth"": 3, ""iterations"": 250, ""l2_leaf_reg"": 3.0, ""learning_rate"": 0.07}",8.642327498546788,"[[""dq100_10_log_variance"", ""cycle10_rms_c_timeweighted""], [""dq100_10_log_variance"", ""cycle10_rms_c_timeweighted""], [""dq100_10_log_variance"", ""cycle10_rms_c_timeweighted""]]",35
final_B1_train/CatBoost_baseline/tune,cat,baseline,6,"{""depth"": 2, ""iterations"": 250, ""l2_leaf_reg"": 10.0, ""learning_rate"": 0.07}",8.227741733993838,"[[""dq100_10_log_variance"", ""cycle10_rms_c_timeweighted""], [""dq100_10_log_variance"", ""cycle10_rms_c_timeweighted""], [""dq100_10_log_variance"", ""cycle10_rms_c_timeweighted""]]",35
final_B1_train/CatBoost_baseline/tune,cat,baseline,7,"{""depth"": 2, ""iterations"": 100, ""l2_leaf_reg"": 3.0, ""learning_rate"": 0.03}",8.936980280616192,"[[""dq100_10_log_variance"", ""cycle10_rms_c_timeweighted""], [""dq100_10_log_variance"", ""cycle10_rms_c_timeweighted""], [""dq100_10_log_variance"", ""cycle10_rms_c_timeweighted""]]",35
final_B1_train/CatBoost_baseline/tune,cat,baseline,8,"{""depth"": 1, ""iterations"": 250, ""l2_leaf_reg"": 10.0, ""learning_rate"": 0.03}",8.725404207778114,"[[""dq100_10_log_variance"", ""cycle10_rms_c_timeweighted""], [""dq100_10_log_variance"", ""cycle10_rms_c_timeweighted""], [""dq100_10_log_variance"", ""cycle10_rms_c_timeweighted""]]",35
final_B1_train/CatBoost_baseline/tune,cat,baseline,9,"{""depth"": 2, ""iterations"": 100, ""l2_leaf_reg"": 30.0, ""learning_rate"": 0.07}",9.873329160339862,"[[""dq100_10_log_variance"", ""cycle10_rms_c_timeweighted""], [""dq100_10_log_variance"", ""cycle10_rms_c_timeweighted""], [""dq100_10_log_variance"", ""cycle10_rms_c_timeweighted""]]",35
final_B1_train/CatBoost_baseline/tune,cat,baseline,10,"{""depth"": 1, ""iterations"": 250, ""l2_leaf_reg"": 10.0, ""learning_rate"": 0.07}",8.19994246903824,"[[""dq100_10_log_variance"", ""cycle10_rms_c_timeweighted""], [""dq100_10_log_variance"", ""cycle10_rms_c_timeweighted""], [""dq100_10_log_variance"", ""cycle10_rms_c_timeweighted""]]",35
final_B1_train/CatBoost_baseline/tune,cat,baseline,11,"{""depth"": 3, ""iterations"": 250, ""l2_leaf_reg"": 30.0, ""learning_rate"": 0.03}",10.354430744549653,"[[""dq100_10_log_variance"", ""cycle10_rms_c_timeweighted""], [""dq100_10_log_variance"", ""cycle10_rms_c_timeweighted""], [""dq100_10_log_variance"", ""cycle10_rms_c_timeweighted""]]",35
final_B1_train/CatBoost_plus_top2/tune,cat,plus_top2,0,"{""depth"": 3, ""iterations"": 250, ""l2_leaf_reg"": 30.0, ""learning_rate"": 0.07}",8.890244423575886,"[[""dq100_10_log_variance"", ""cycle10_rms_c_timeweighted"", ""dq100_10_q05_ah"", ""dq100_10_mean_ah""], [""dq100_10_log_variance"", ""cycle10_rms_c_timeweighted"", ""dq100_10_q05_ah"", ""dq100_10_mean_ah""], [""dq100_10_log_variance"", ""cycle10_rms_c_timeweighted"", ""dq100_10_q05_ah"", ""dq100_10_mean_ah""]]",35
final_B1_train/CatBoost_plus_top2/tune,cat,plus_top2,1,"{""depth"": 2, ""iterations"": 100, ""l2_leaf_reg"": 3.0, ""learning_rate"": 0.07}",8.26047846772004,"[[""dq100_10_log_variance"", ""cycle10_rms_c_timeweighted"", ""dq100_10_q05_ah"", ""dq100_10_mean_ah""], [""dq100_10_log_variance"", ""cycle10_rms_c_timeweighted"", ""dq100_10_q05_ah"", ""dq100_10_mean_ah""], [""dq100_10_log_variance"", ""cycle10_rms_c_timeweighted"", ""dq100_10_q05_ah"", ""dq100_10_mean_ah""]]",35
final_B1_train/CatBoost_plus_top2/tune,cat,plus_top2,2,"{""depth"": 3, ""iterations"": 100, ""l2_leaf_reg"": 10.0, ""learning_rate"": 0.03}",10.420157049039048,"[[""dq100_10_log_variance"", ""cycle10_rms_c_timeweighted"", ""dq100_10_q05_ah"", ""dq100_10_mean_ah""], [""dq100_10_log_variance"", ""cycle10_rms_c_timeweighted"", ""dq100_10_q05_ah"", ""dq100_10_mean_ah""], [""dq100_10_log_variance"", ""cycle10_rms_c_timeweighted"", ""dq100_10_q05_ah"", ""dq100_10_mean_ah""]]",35
final_B1_train/CatBoost_plus_top2/tune,cat,plus_top2,3,"{""depth"": 3, ""iterations"": 250, ""l2_leaf_reg"": 3.0, ""learning_rate"": 0.03}",8.318319441554795,"[[""dq100_10_log_variance"", ""cycle10_rms_c_timeweighted"", ""dq100_10_q05_ah"", ""dq100_10_mean_ah""], [""dq100_10_log_variance"", ""cycle10_rms_c_timeweighted"", ""dq100_10_q05_ah"", ""dq100_10_mean_ah""], [""dq100_10_log_variance"", ""cycle10_rms_c_timeweighted"", ""dq100_10_q05_ah"", ""dq100_10_mean_ah""]]",35
final_B1_train/CatBoost_plus_top2/tune,cat,plus_top2,4,"{""depth"": 2, ""iterations"": 100, ""l2_leaf_reg"": 30.0, ""learning_rate"": 0.03}",12.293182582298426,"[[""dq100_10_log_variance"", ""cycle10_rms_c_timeweighted"", ""dq100_10_q05_ah"", ""dq100_10_mean_ah""], [""dq100_10_log_variance"", ""cycle10_rms_c_timeweighted"", ""dq100_10_q05_ah"", ""dq100_10_mean_ah""], [""dq100_10_log_variance"", ""cycle10_rms_c_timeweighted"", ""dq100_10_q05_ah"", ""dq100_10_mean_ah""]]",35
final_B1_train/CatBoost_plus_top2/tune,cat,plus_top2,5,"{""depth"": 3, ""iterations"": 250, ""l2_leaf_reg"": 3.0, ""learning_rate"": 0.07}",8.361366761909093,"[[""dq100_10_log_variance"", ""cycle10_rms_c_timeweighted"", ""dq100_10_q05_ah"", ""dq100_10_mean_ah""], [""dq100_10_log_variance"", ""cycle10_rms_c_timeweighted"", ""dq100_10_q05_ah"", ""dq100_10_mean_ah""], [""dq100_10_log_variance"", ""cycle10_rms_c_timeweighted"", ""dq100_10_q05_ah"", ""dq100_10_mean_ah""]]",35
final_B1_train/CatBoost_plus_top2/tune,cat,plus_top2,6,"{""depth"": 2, ""iterations"": 250, ""l2_leaf_reg"": 10.0, ""learning_rate"": 0.07}",8.100184763335786,"[[""dq100_10_log_variance"", ""cycle10_rms_c_timeweighted"", ""dq100_10_q05_ah"", ""dq100_10_mean_ah""], [""dq100_10_log_variance"", ""cycle10_rms_c_timeweighted"", ""dq100_10_q05_ah"", ""dq100_10_mean_ah""], [""dq100_10_log_variance"", ""cycle10_rms_c_timeweighted"", ""dq100_10_q05_ah"", ""dq100_10_mean_ah""]]",35
final_B1_train/CatBoost_plus_top2/tune,cat,plus_top2,7,"{""depth"": 2, ""iterations"": 100, ""l2_leaf_reg"": 3.0, ""learning_rate"": 0.03}",8.955203334553579,"[[""dq100_10_log_variance"", ""cycle10_rms_c_timeweighted"", ""dq100_10_q05_ah"", ""dq100_10_mean_ah""], [""dq100_10_log_variance"", ""cycle10_rms_c_timeweighted"", ""dq100_10_q05_ah"", ""dq100_10_mean_ah""], [""dq100_10_log_variance"", ""cycle10_rms_c_timeweighted"", ""dq100_10_q05_ah"", ""dq100_10_mean_ah""]]",35
final_B1_train/CatBoost_plus_top2/tune,cat,plus_top2,8,"{""depth"": 1, ""iterations"": 250, ""l2_leaf_reg"": 10.0, ""learning_rate"": 0.03}",8.761736855672892,"[[""dq100_10_log_variance"", ""cycle10_rms_c_timeweighted"", ""dq100_10_q05_ah"", ""dq100_10_mean_ah""], [""dq100_10_log_variance"", ""cycle10_rms_c_timeweighted"", ""dq100_10_q05_ah"", ""dq100_10_mean_ah""], [""dq100_10_log_variance"", ""cycle10_rms_c_timeweighted"", ""dq100_10_q05_ah"", ""dq100_10_mean_ah""]]",35
final_B1_train/CatBoost_plus_top2/tune,cat,plus_top2,9,"{""depth"": 2, ""iterations"": 100, ""l2_leaf_reg"": 30.0, ""learning_rate"": 0.07}",9.89509536478629,"[[""dq100_10_log_variance"", ""cycle10_rms_c_timeweighted"", ""dq100_10_q05_ah"", ""dq100_10_mean_ah""], [""dq100_10_log_variance"", ""cycle10_rms_c_timeweighted"", ""dq100_10_q05_ah"", ""dq100_10_mean_ah""], [""dq100_10_log_variance"", ""cycle10_rms_c_timeweighted"", ""dq100_10_q05_ah"", ""dq100_10_mean_ah""]]",35
final_B1_train/CatBoost_plus_top2/tune,cat,plus_top2,10,"{""depth"": 1, ""iterations"": 250, ""l2_leaf_reg"": 10.0, ""learning_rate"": 0.07}",8.199751627898749,"[[""dq100_10_log_variance"", ""cycle10_rms_c_timeweighted"", ""dq100_10_q05_ah"", ""dq100_10_mean_ah""], [""dq100_10_log_variance"", ""cycle10_rms_c_timeweighted"", ""dq100_10_q05_ah"", ""dq100_10_mean_ah""], [""dq100_10_log_variance"", ""cycle10_rms_c_timeweighted"", ""dq100_10_q05_ah"", ""dq100_10_mean_ah""]]",35
final_B1_train/CatBoost_plus_top2/tune,cat,plus_top2,11,"{""depth"": 3, ""iterations"": 250, ""l2_leaf_reg"": 30.0, ""learning_rate"": 0.03}",10.227031724013521,"[[""dq100_10_log_variance"", ""cycle10_rms_c_timeweighted"", ""dq100_10_q05_ah"", ""dq100_10_mean_ah""], [""dq100_10_log_variance"", ""cycle10_rms_c_timeweighted"", ""dq100_10_q05_ah"", ""dq100_10_mean_ah""], [""dq100_10_log_variance"", ""cycle10_rms_c_timeweighted"", ""dq100_10_q05_ah"", ""dq100_10_mean_ah""]]",35
final_B1_train/Voting_equal_baseline/xgb/tune,xgb,baseline,0,"{""learning_rate"": 0.03, ""max_depth"": 1, ""min_child_weight"": 3, ""n_estimators"": 250, ""reg_lambda"": 10.0}",8.003555937553017,"[[""dq100_10_log_variance"", ""cycle10_rms_c_timeweighted""], [""dq100_10_log_variance"", ""cycle10_rms_c_timeweighted""], [""dq100_10_log_variance"", ""cycle10_rms_c_timeweighted""]]",35
final_B1_train/Voting_equal_baseline/xgb/tune,xgb,baseline,1,"{""learning_rate"": 0.07, ""max_depth"": 3, ""min_child_weight"": 3, ""n_estimators"": 100, ""reg_lambda"": 30.0}",9.685570492056074,"[[""dq100_10_log_variance"", ""cycle10_rms_c_timeweighted""], [""dq100_10_log_variance"", ""cycle10_rms_c_timeweighted""], [""dq100_10_log_variance"", ""cycle10_rms_c_timeweighted""]]",35
final_B1_train/Voting_equal_baseline/xgb/tune,xgb,baseline,2,"{""learning_rate"": 0.03, ""max_depth"": 2, ""min_child_weight"": 5, ""n_estimators"": 100, ""reg_lambda"": 1.0}",7.634636112841925,"[[""dq100_10_log_variance"", ""cycle10_rms_c_timeweighted""], [""dq100_10_log_variance"", ""cycle10_rms_c_timeweighted""], [""dq100_10_log_variance"", ""cycle10_rms_c_timeweighted""]]",35
final_B1_train/Voting_equal_baseline/xgb/tune,xgb,baseline,3,"{""learning_rate"": 0.03, ""max_depth"": 1, ""min_child_weight"": 3, ""n_estimators"": 100, ""reg_lambda"": 1.0}",8.456295805880199,"[[""dq100_10_log_variance"", ""cycle10_rms_c_timeweighted""], [""dq100_10_log_variance"", ""cycle10_rms_c_timeweighted""], [""dq100_10_log_variance"", ""cycle10_rms_c_timeweighted""]]",35
final_B1_train/Voting_equal_baseline/xgb/tune,xgb,baseline,4,"{""learning_rate"": 0.03, ""max_depth"": 3, ""min_child_weight"": 3, ""n_estimators"": 250, ""reg_lambda"": 10.0}",8.463170732230996,"[[""dq100_10_log_variance"", ""cycle10_rms_c_timeweighted""], [""dq100_10_log_variance"", ""cycle10_rms_c_timeweighted""], [""dq100_10_log_variance"", ""cycle10_rms_c_timeweighted""]]",35
final_B1_train/Voting_equal_baseline/xgb/tune,xgb,baseline,5,"{""learning_rate"": 0.07, ""max_depth"": 2, ""min_child_weight"": 3, ""n_estimators"": 100, ""reg_lambda"": 30.0}",9.29419714439334,"[[""dq100_10_log_variance"", ""cycle10_rms_c_timeweighted""], [""dq100_10_log_variance"", ""cycle10_rms_c_timeweighted""], [""dq100_10_log_variance"", ""cycle10_rms_c_timeweighted""]]",35
final_B1_train/Voting_equal_baseline/xgb/tune,xgb,baseline,6,"{""learning_rate"": 0.03, ""max_depth"": 1, ""min_child_weight"": 5, ""n_estimators"": 250, ""reg_lambda"": 10.0}",7.8753981904031445,"[[""dq100_10_log_variance"", ""cycle10_rms_c_timeweighted""], [""dq100_10_log_variance"", ""cycle10_rms_c_timeweighted""], [""dq100_10_log_variance"", ""cycle10_rms_c_timeweighted""]]",35
final_B1_train/Voting_equal_baseline/xgb/tune,xgb,baseline,7,"{""learning_rate"": 0.03, ""max_depth"": 3, ""min_child_weight"": 5, ""n_estimators"": 250, ""reg_lambda"": 10.0}",7.477317984005889,"[[""dq100_10_log_variance"", ""cycle10_rms_c_timeweighted""], [""dq100_10_log_variance"", ""cycle10_rms_c_timeweighted""], [""dq100_10_log_variance"", ""cycle10_rms_c_timeweighted""]]",35
final_B1_train/Voting_equal_baseline/xgb/tune,xgb,baseline,8,"{""learning_rate"": 0.03, ""max_depth"": 2, ""min_child_weight"": 3, ""n_estimators"": 100, ""reg_lambda"": 1.0}",8.14507927062907,"[[""dq100_10_log_variance"", ""cycle10_rms_c_timeweighted""], [""dq100_10_log_variance"", ""cycle10_rms_c_timeweighted""], [""dq100_10_log_variance"", ""cycle10_rms_c_timeweighted""]]",35
final_B1_train/Voting_equal_baseline/xgb/tune,xgb,baseline,9,"{""learning_rate"": 0.07, ""max_depth"": 2, ""min_child_weight"": 5, ""n_estimators"": 100, ""reg_lambda"": 1.0}",7.804468163086539,"[[""dq100_10_log_variance"", ""cycle10_rms_c_timeweighted""], [""dq100_10_log_variance"", ""cycle10_rms_c_timeweighted""], [""dq100_10_log_variance"", ""cycle10_rms_c_timeweighted""]]",35
final_B1_train/Voting_equal_baseline/xgb/tune,xgb,baseline,10,"{""learning_rate"": 0.07, ""max_depth"": 1, ""min_child_weight"": 5, ""n_estimators"": 250, ""reg_lambda"": 30.0}",7.742005442674565,"[[""dq100_10_log_variance"", ""cycle10_rms_c_timeweighted""], [""dq100_10_log_variance"", ""cycle10_rms_c_timeweighted""], [""dq100_10_log_variance"", ""cycle10_rms_c_timeweighted""]]",35
final_B1_train/Voting_equal_baseline/xgb/tune,xgb,baseline,11,"{""learning_rate"": 0.03, ""max_depth"": 3, ""min_child_weight"": 5, ""n_estimators"": 100, ""reg_lambda"": 10.0}",9.266737625779268,"[[""dq100_10_log_variance"", ""cycle10_rms_c_timeweighted""], [""dq100_10_log_variance"", ""cycle10_rms_c_timeweighted""], [""dq100_10_log_variance"", ""cycle10_rms_c_timeweighted""]]",35
final_B1_train/Voting_equal_plus_top2/xgb/tune,xgb,plus_top2,0,"{""learning_rate"": 0.03, ""max_depth"": 1, ""min_child_weight"": 3, ""n_estimators"": 250, ""reg_lambda"": 10.0}",7.875486851194354,"[[""dq100_10_log_variance"", ""cycle10_rms_c_timeweighted"", ""dq100_10_q05_ah"", ""dq100_10_mean_ah""], [""dq100_10_log_variance"", ""cycle10_rms_c_timeweighted"", ""dq100_10_q05_ah"", ""dq100_10_mean_ah""], [""dq100_10_log_variance"", ""cycle10_rms_c_timeweighted"", ""dq100_10_q05_ah"", ""dq100_10_mean_ah""]]",35
final_B1_train/Voting_equal_plus_top2/xgb/tune,xgb,plus_top2,1,"{""learning_rate"": 0.07, ""max_depth"": 3, ""min_child_weight"": 3, ""n_estimators"": 100, ""reg_lambda"": 30.0}",9.693752147462579,"[[""dq100_10_log_variance"", ""cycle10_rms_c_timeweighted"", ""dq100_10_q05_ah"", ""dq100_10_mean_ah""], [""dq100_10_log_variance"", ""cycle10_rms_c_timeweighted"", ""dq100_10_q05_ah"", ""dq100_10_mean_ah""], [""dq100_10_log_variance"", ""cycle10_rms_c_timeweighted"", ""dq100_10_q05_ah"", ""dq100_10_mean_ah""]]",35
final_B1_train/Voting_equal_plus_top2/xgb/tune,xgb,plus_top2,2,"{""learning_rate"": 0.03, ""max_depth"": 2, ""min_child_weight"": 5, ""n_estimators"": 100, ""reg_lambda"": 1.0}",7.586945089862174,"[[""dq100_10_log_variance"", ""cycle10_rms_c_timeweighted"", ""dq100_10_q05_ah"", ""dq100_10_mean_ah""], [""dq100_10_log_variance"", ""cycle10_rms_c_timeweighted"", ""dq100_10_q05_ah"", ""dq100_10_mean_ah""], [""dq100_10_log_variance"", ""cycle10_rms_c_timeweighted"", ""dq100_10_q05_ah"", ""dq100_10_mean_ah""]]",35
final_B1_train/Voting_equal_plus_top2/xgb/tune,xgb,plus_top2,3,"{""learning_rate"": 0.03, ""max_depth"": 1, ""min_child_weight"": 3, ""n_estimators"": 100, ""reg_lambda"": 1.0}",8.274936284504442,"[[""dq100_10_log_variance"", ""cycle10_rms_c_timeweighted"", ""dq100_10_q05_ah"", ""dq100_10_mean_ah""], [""dq100_10_log_variance"", ""cycle10_rms_c_timeweighted"", ""dq100_10_q05_ah"", ""dq100_10_mean_ah""], [""dq100_10_log_variance"", ""cycle10_rms_c_timeweighted"", ""dq100_10_q05_ah"", ""dq100_10_mean_ah""]]",35
final_B1_train/Voting_equal_plus_top2/xgb/tune,xgb,plus_top2,4,"{""learning_rate"": 0.03, ""max_depth"": 3, ""min_child_weight"": 3, ""n_estimators"": 250, ""reg_lambda"": 10.0}",8.44655621266488,"[[""dq100_10_log_variance"", ""cycle10_rms_c_timeweighted"", ""dq100_10_q05_ah"", ""dq100_10_mean_ah""], [""dq100_10_log_variance"", ""cycle10_rms_c_timeweighted"", ""dq100_10_q05_ah"", ""dq100_10_mean_ah""], [""dq100_10_log_variance"", ""cycle10_rms_c_timeweighted"", ""dq100_10_q05_ah"", ""dq100_10_mean_ah""]]",35
final_B1_train/Voting_equal_plus_top2/xgb/tune,xgb,plus_top2,5,"{""learning_rate"": 0.07, ""max_depth"": 2, ""min_child_weight"": 3, ""n_estimators"": 100, ""reg_lambda"": 30.0}",9.288224312170671,"[[""dq100_10_log_variance"", ""cycle10_rms_c_timeweighted"", ""dq100_10_q05_ah"", ""dq100_10_mean_ah""], [""dq100_10_log_variance"", ""cycle10_rms_c_timeweighted"", ""dq100_10_q05_ah"", ""dq100_10_mean_ah""], [""dq100_10_log_variance"", ""cycle10_rms_c_timeweighted"", ""dq100_10_q05_ah"", ""dq100_10_mean_ah""]]",35
final_B1_train/Voting_equal_plus_top2/xgb/tune,xgb,plus_top2,6,"{""learning_rate"": 0.03, ""max_depth"": 1, ""min_child_weight"": 5, ""n_estimators"": 250, ""reg_lambda"": 10.0}",7.8357423437579055,"[[""dq100_10_log_variance"", ""cycle10_rms_c_timeweighted"", ""dq100_10_q05_ah"", ""dq100_10_mean_ah""], [""dq100_10_log_variance"", ""cycle10_rms_c_timeweighted"", ""dq100_10_q05_ah"", ""dq100_10_mean_ah""], [""dq100_10_log_variance"", ""cycle10_rms_c_timeweighted"", ""dq100_10_q05_ah"", ""dq100_10_mean_ah""]]",35
final_B1_train/Voting_equal_plus_top2/xgb/tune,xgb,plus_top2,7,"{""learning_rate"": 0.03, ""max_depth"": 3, ""min_child_weight"": 5, ""n_estimators"": 250, ""reg_lambda"": 10.0}",7.39557437968847,"[[""dq100_10_log_variance"", ""cycle10_rms_c_timeweighted"", ""dq100_10_q05_ah"", ""dq100_10_mean_ah""], [""dq100_10_log_variance"", ""cycle10_rms_c_timeweighted"", ""dq100_10_q05_ah"", ""dq100_10_mean_ah""], [""dq100_10_log_variance"", ""cycle10_rms_c_timeweighted"", ""dq100_10_q05_ah"", ""dq100_10_mean_ah""]]",35
final_B1_train/Voting_equal_plus_top2/xgb/tune,xgb,plus_top2,8,"{""learning_rate"": 0.03, ""max_depth"": 2, ""min_child_weight"": 3, ""n_estimators"": 100, ""reg_lambda"": 1.0}",7.998574414872984,"[[""dq100_10_log_variance"", ""cycle10_rms_c_timeweighted"", ""dq100_10_q05_ah"", ""dq100_10_mean_ah""], [""dq100_10_log_variance"", ""cycle10_rms_c_timeweighted"", ""dq100_10_q05_ah"", ""dq100_10_mean_ah""], [""dq100_10_log_variance"", ""cycle10_rms_c_timeweighted"", ""dq100_10_q05_ah"", ""dq100_10_mean_ah""]]",35
final_B1_train/Voting_equal_plus_top2/xgb/tune,xgb,plus_top2,9,"{""learning_rate"": 0.07, ""max_depth"": 2, ""min_child_weight"": 5, ""n_estimators"": 100, ""reg_lambda"": 1.0}",7.728968141918109,"[[""dq100_10_log_variance"", ""cycle10_rms_c_timeweighted"", ""dq100_10_q05_ah"", ""dq100_10_mean_ah""], [""dq100_10_log_variance"", ""cycle10_rms_c_timeweighted"", ""dq100_10_q05_ah"", ""dq100_10_mean_ah""], [""dq100_10_log_variance"", ""cycle10_rms_c_timeweighted"", ""dq100_10_q05_ah"", ""dq100_10_mean_ah""]]",35
final_B1_train/Voting_equal_plus_top2/xgb/tune,xgb,plus_top2,10,"{""learning_rate"": 0.07, ""max_depth"": 1, ""min_child_weight"": 5, ""n_estimators"": 250, ""reg_lambda"": 30.0}",7.7242893826935095,"[[""dq100_10_log_variance"", ""cycle10_rms_c_timeweighted"", ""dq100_10_q05_ah"", ""dq100_10_mean_ah""], [""dq100_10_log_variance"", ""cycle10_rms_c_timeweighted"", ""dq100_10_q05_ah"", ""dq100_10_mean_ah""], [""dq100_10_log_variance"", ""cycle10_rms_c_timeweighted"", ""dq100_10_q05_ah"", ""dq100_10_mean_ah""]]",35
final_B1_train/Voting_equal_plus_top2/xgb/tune,xgb,plus_top2,11,"{""learning_rate"": 0.03, ""max_depth"": 3, ""min_child_weight"": 5, ""n_estimators"": 100, ""reg_lambda"": 10.0}",9.269214546126637,"[[""dq100_10_log_variance"", ""cycle10_rms_c_timeweighted"", ""dq100_10_q05_ah"", ""dq100_10_mean_ah""], [""dq100_10_log_variance"", ""cycle10_rms_c_timeweighted"", ""dq100_10_q05_ah"", ""dq100_10_mean_ah""], [""dq100_10_log_variance"", ""cycle10_rms_c_timeweighted"", ""dq100_10_q05_ah"", ""dq100_10_mean_ah""]]",35
final_B1_train/Stacking_Ridge_baseline/meta1/xgb/tune,xgb,baseline,0,"{""learning_rate"": 0.03, ""max_depth"": 1, ""min_child_weight"": 3, ""n_estimators"": 250, ""reg_lambda"": 10.0}",12.11818695059007,"[[""dq100_10_log_variance"", ""cycle10_rms_c_timeweighted""], [""dq100_10_log_variance"", ""cycle10_rms_c_timeweighted""], [""dq100_10_log_variance"", ""cycle10_rms_c_timeweighted""]]",24
final_B1_train/Stacking_Ridge_baseline/meta1/xgb/tune,xgb,baseline,1,"{""learning_rate"": 0.07, ""max_depth"": 3, ""min_child_weight"": 3, ""n_estimators"": 100, ""reg_lambda"": 30.0}",12.438191362687094,"[[""dq100_10_log_variance"", ""cycle10_rms_c_timeweighted""], [""dq100_10_log_variance"", ""cycle10_rms_c_timeweighted""], [""dq100_10_log_variance"", ""cycle10_rms_c_timeweighted""]]",24
final_B1_train/Stacking_Ridge_baseline/meta1/xgb/tune,xgb,baseline,2,"{""learning_rate"": 0.03, ""max_depth"": 2, ""min_child_weight"": 5, ""n_estimators"": 100, ""reg_lambda"": 1.0}",12.082381220224898,"[[""dq100_10_log_variance"", ""cycle10_rms_c_timeweighted""], [""dq100_10_log_variance"", ""cycle10_rms_c_timeweighted""], [""dq100_10_log_variance"", ""cycle10_rms_c_timeweighted""]]",24
final_B1_train/Stacking_Ridge_baseline/meta1/xgb/tune,xgb,baseline,3,"{""learning_rate"": 0.03, ""max_depth"": 1, ""min_child_weight"": 3, ""n_estimators"": 100, ""reg_lambda"": 1.0}",12.212241049165636,"[[""dq100_10_log_variance"", ""cycle10_rms_c_timeweighted""], [""dq100_10_log_variance"", ""cycle10_rms_c_timeweighted""], [""dq100_10_log_variance"", ""cycle10_rms_c_timeweighted""]]",24
final_B1_train/Stacking_Ridge_baseline/meta1/xgb/tune,xgb,baseline,4,"{""learning_rate"": 0.03, ""max_depth"": 3, ""min_child_weight"": 3, ""n_estimators"": 250, ""reg_lambda"": 10.0}",11.984883389930223,"[[""dq100_10_log_variance"", ""cycle10_rms_c_timeweighted""], [""dq100_10_log_variance"", ""cycle10_rms_c_timeweighted""], [""dq100_10_log_variance"", ""cycle10_rms_c_timeweighted""]]",24
final_B1_train/Stacking_Ridge_baseline/meta1/xgb/tune,xgb,baseline,5,"{""learning_rate"": 0.07, ""max_depth"": 2, ""min_child_weight"": 3, ""n_estimators"": 100, ""reg_lambda"": 30.0}",12.438191362687094,"[[""dq100_10_log_variance"", ""cycle10_rms_c_timeweighted""], [""dq100_10_log_variance"", ""cycle10_rms_c_timeweighted""], [""dq100_10_log_variance"", ""cycle10_rms_c_timeweighted""]]",24
final_B1_train/Stacking_Ridge_baseline/meta1/xgb/tune,xgb,baseline,6,"{""learning_rate"": 0.03, ""max_depth"": 1, ""min_child_weight"": 5, ""n_estimators"": 250, ""reg_lambda"": 10.0}",12.080105312795768,"[[""dq100_10_log_variance"", ""cycle10_rms_c_timeweighted""], [""dq100_10_log_variance"", ""cycle10_rms_c_timeweighted""], [""dq100_10_log_variance"", ""cycle10_rms_c_timeweighted""]]",24
final_B1_train/Stacking_Ridge_baseline/meta1/xgb/tune,xgb,baseline,7,"{""learning_rate"": 0.03, ""max_depth"": 3, ""min_child_weight"": 5, ""n_estimators"": 250, ""reg_lambda"": 10.0}",12.125587033737384,"[[""dq100_10_log_variance"", ""cycle10_rms_c_timeweighted""], [""dq100_10_log_variance"", ""cycle10_rms_c_timeweighted""], [""dq100_10_log_variance"", ""cycle10_rms_c_timeweighted""]]",24
final_B1_train/Stacking_Ridge_baseline/meta1/xgb/tune,xgb,baseline,8,"{""learning_rate"": 0.03, ""max_depth"": 2, ""min_child_weight"": 3, ""n_estimators"": 100, ""reg_lambda"": 1.0}",11.285166091407946,"[[""dq100_10_log_variance"", ""cycle10_rms_c_timeweighted""], [""dq100_10_log_variance"", ""cycle10_rms_c_timeweighted""], [""dq100_10_log_variance"", ""cycle10_rms_c_timeweighted""]]",24
final_B1_train/Stacking_Ridge_baseline/meta1/xgb/tune,xgb,baseline,9,"{""learning_rate"": 0.07, ""max_depth"": 2, ""min_child_weight"": 5, ""n_estimators"": 100, ""reg_lambda"": 1.0}",12.634170440476792,"[[""dq100_10_log_variance"", ""cycle10_rms_c_timeweighted""], [""dq100_10_log_variance"", ""cycle10_rms_c_timeweighted""], [""dq100_10_log_variance"", ""cycle10_rms_c_timeweighted""]]",24
final_B1_train/Stacking_Ridge_baseline/meta1/xgb/tune,xgb,baseline,10,"{""learning_rate"": 0.07, ""max_depth"": 1, ""min_child_weight"": 5, ""n_estimators"": 250, ""reg_lambda"": 30.0}",12.015813114021066,"[[""dq100_10_log_variance"", ""cycle10_rms_c_timeweighted""], [""dq100_10_log_variance"", ""cycle10_rms_c_timeweighted""], [""dq100_10_log_variance"", ""cycle10_rms_c_timeweighted""]]",24
final_B1_train/Stacking_Ridge_baseline/meta1/xgb/tune,xgb,baseline,11,"{""learning_rate"": 0.03, ""max_depth"": 3, ""min_child_weight"": 5, ""n_estimators"": 100, ""reg_lambda"": 10.0}",11.810204952366538,"[[""dq100_10_log_variance"", ""cycle10_rms_c_timeweighted""], [""dq100_10_log_variance"", ""cycle10_rms_c_timeweighted""], [""dq100_10_log_variance"", ""cycle10_rms_c_timeweighted""]]",24
final_B1_train/Stacking_Ridge_baseline/meta2/xgb/tune,xgb,baseline,0,"{""learning_rate"": 0.03, ""max_depth"": 1, ""min_child_weight"": 3, ""n_estimators"": 250, ""reg_lambda"": 10.0}",11.278358274672124,"[[""dq100_10_log_variance"", ""cycle10_rms_c_timeweighted""], [""dq100_10_log_variance"", ""cycle10_rms_c_timeweighted""], [""dq100_10_log_variance"", ""cycle10_rms_c_timeweighted""]]",23
final_B1_train/Stacking_Ridge_baseline/meta2/xgb/tune,xgb,baseline,1,"{""learning_rate"": 0.07, ""max_depth"": 3, ""min_child_weight"": 3, ""n_estimators"": 100, ""reg_lambda"": 30.0}",12.32192335354838,"[[""dq100_10_log_variance"", ""cycle10_rms_c_timeweighted""], [""dq100_10_log_variance"", ""cycle10_rms_c_timeweighted""], [""dq100_10_log_variance"", ""cycle10_rms_c_timeweighted""]]",23
final_B1_train/Stacking_Ridge_baseline/meta2/xgb/tune,xgb,baseline,2,"{""learning_rate"": 0.03, ""max_depth"": 2, ""min_child_weight"": 5, ""n_estimators"": 100, ""reg_lambda"": 1.0}",11.477963272003294,"[[""dq100_10_log_variance"", ""cycle10_rms_c_timeweighted""], [""dq100_10_log_variance"", ""cycle10_rms_c_timeweighted""], [""dq100_10_log_variance"", ""cycle10_rms_c_timeweighted""]]",23
final_B1_train/Stacking_Ridge_baseline/meta2/xgb/tune,xgb,baseline,3,"{""learning_rate"": 0.03, ""max_depth"": 1, ""min_child_weight"": 3, ""n_estimators"": 100, ""reg_lambda"": 1.0}",11.533284610129074,"[[""dq100_10_log_variance"", ""cycle10_rms_c_timeweighted""], [""dq100_10_log_variance"", ""cycle10_rms_c_timeweighted""], [""dq100_10_log_variance"", ""cycle10_rms_c_timeweighted""]]",23
final_B1_train/Stacking_Ridge_baseline/meta2/xgb/tune,xgb,baseline,4,"{""learning_rate"": 0.03, ""max_depth"": 3, ""min_child_weight"": 3, ""n_estimators"": 250, ""reg_lambda"": 10.0}",11.828825858021004,"[[""dq100_10_log_variance"", ""cycle10_rms_c_timeweighted""], [""dq100_10_log_variance"", ""cycle10_rms_c_timeweighted""], [""dq100_10_log_variance"", ""cycle10_rms_c_timeweighted""]]",23
final_B1_train/Stacking_Ridge_baseline/meta2/xgb/tune,xgb,baseline,5,"{""learning_rate"": 0.07, ""max_depth"": 2, ""min_child_weight"": 3, ""n_estimators"": 100, ""reg_lambda"": 30.0}",12.220958135201265,"[[""dq100_10_log_variance"", ""cycle10_rms_c_timeweighted""], [""dq100_10_log_variance"", ""cycle10_rms_c_timeweighted""], [""dq100_10_log_variance"", ""cycle10_rms_c_timeweighted""]]",23
final_B1_train/Stacking_Ridge_baseline/meta2/xgb/tune,xgb,baseline,6,"{""learning_rate"": 0.03, ""max_depth"": 1, ""min_child_weight"": 5, ""n_estimators"": 250, ""reg_lambda"": 10.0}",11.422448253312867,"[[""dq100_10_log_variance"", ""cycle10_rms_c_timeweighted""], [""dq100_10_log_variance"", ""cycle10_rms_c_timeweighted""], [""dq100_10_log_variance"", ""cycle10_rms_c_timeweighted""]]",23
final_B1_train/Stacking_Ridge_baseline/meta2/xgb/tune,xgb,baseline,7,"{""learning_rate"": 0.03, ""max_depth"": 3, ""min_child_weight"": 5, ""n_estimators"": 250, ""reg_lambda"": 10.0}",11.568968039123337,"[[""dq100_10_log_variance"", ""cycle10_rms_c_timeweighted""], [""dq100_10_log_variance"", ""cycle10_rms_c_timeweighted""], [""dq100_10_log_variance"", ""cycle10_rms_c_timeweighted""]]",23
final_B1_train/Stacking_Ridge_baseline/meta2/xgb/tune,xgb,baseline,8,"{""learning_rate"": 0.03, ""max_depth"": 2, ""min_child_weight"": 3, ""n_estimators"": 100, ""reg_lambda"": 1.0}",11.314917010459618,"[[""dq100_10_log_variance"", ""cycle10_rms_c_timeweighted""], [""dq100_10_log_variance"", ""cycle10_rms_c_timeweighted""], [""dq100_10_log_variance"", ""cycle10_rms_c_timeweighted""]]",23
final_B1_train/Stacking_Ridge_baseline/meta2/xgb/tune,xgb,baseline,9,"{""learning_rate"": 0.07, ""max_depth"": 2, ""min_child_weight"": 5, ""n_estimators"": 100, ""reg_lambda"": 1.0}",11.975450395366774,"[[""dq100_10_log_variance"", ""cycle10_rms_c_timeweighted""], [""dq100_10_log_variance"", ""cycle10_rms_c_timeweighted""], [""dq100_10_log_variance"", ""cycle10_rms_c_timeweighted""]]",23
final_B1_train/Stacking_Ridge_baseline/meta2/xgb/tune,xgb,baseline,10,"{""learning_rate"": 0.07, ""max_depth"": 1, ""min_child_weight"": 5, ""n_estimators"": 250, ""reg_lambda"": 30.0}",11.173310497562236,"[[""dq100_10_log_variance"", ""cycle10_rms_c_timeweighted""], [""dq100_10_log_variance"", ""cycle10_rms_c_timeweighted""], [""dq100_10_log_variance"", ""cycle10_rms_c_timeweighted""]]",23
final_B1_train/Stacking_Ridge_baseline/meta2/xgb/tune,xgb,baseline,11,"{""learning_rate"": 0.03, ""max_depth"": 3, ""min_child_weight"": 5, ""n_estimators"": 100, ""reg_lambda"": 10.0}",11.91470730551137,"[[""dq100_10_log_variance"", ""cycle10_rms_c_timeweighted""], [""dq100_10_log_variance"", ""cycle10_rms_c_timeweighted""], [""dq100_10_log_variance"", ""cycle10_rms_c_timeweighted""]]",23
final_B1_train/Stacking_Ridge_baseline/meta3/xgb/tune,xgb,baseline,0,"{""learning_rate"": 0.03, ""max_depth"": 1, ""min_child_weight"": 3, ""n_estimators"": 250, ""reg_lambda"": 10.0}",10.212886506235394,"[[""dq100_10_log_variance"", ""cycle10_rms_c_timeweighted""], [""dq100_10_log_variance"", ""cycle10_rms_c_timeweighted""], [""dq100_10_log_variance"", ""cycle10_rms_c_timeweighted""]]",23
final_B1_train/Stacking_Ridge_baseline/meta3/xgb/tune,xgb,baseline,1,"{""learning_rate"": 0.07, ""max_depth"": 3, ""min_child_weight"": 3, ""n_estimators"": 100, ""reg_lambda"": 30.0}",11.687393293274969,"[[""dq100_10_log_variance"", ""cycle10_rms_c_timeweighted""], [""dq100_10_log_variance"", ""cycle10_rms_c_timeweighted""], [""dq100_10_log_variance"", ""cycle10_rms_c_timeweighted""]]",23
final_B1_train/Stacking_Ridge_baseline/meta3/xgb/tune,xgb,baseline,2,"{""learning_rate"": 0.03, ""max_depth"": 2, ""min_child_weight"": 5, ""n_estimators"": 100, ""reg_lambda"": 1.0}",10.853967002063403,"[[""dq100_10_log_variance"", ""cycle10_rms_c_timeweighted""], [""dq100_10_log_variance"", ""cycle10_rms_c_timeweighted""], [""dq100_10_log_variance"", ""cycle10_rms_c_timeweighted""]]",23
final_B1_train/Stacking_Ridge_baseline/meta3/xgb/tune,xgb,baseline,3,"{""learning_rate"": 0.03, ""max_depth"": 1, ""min_child_weight"": 3, ""n_estimators"": 100, ""reg_lambda"": 1.0}",10.270895510288053,"[[""dq100_10_log_variance"", ""cycle10_rms_c_timeweighted""], [""dq100_10_log_variance"", ""cycle10_rms_c_timeweighted""], [""dq100_10_log_variance"", ""cycle10_rms_c_timeweighted""]]",23
final_B1_train/Stacking_Ridge_baseline/meta3/xgb/tune,xgb,baseline,4,"{""learning_rate"": 0.03, ""max_depth"": 3, ""min_child_weight"": 3, ""n_estimators"": 250, ""reg_lambda"": 10.0}",10.117916728478244,"[[""dq100_10_log_variance"", ""cycle10_rms_c_timeweighted""], [""dq100_10_log_variance"", ""cycle10_rms_c_timeweighted""], [""dq100_10_log_variance"", ""cycle10_rms_c_timeweighted""]]",23
final_B1_train/Stacking_Ridge_baseline/meta3/xgb/tune,xgb,baseline,5,"{""learning_rate"": 0.07, ""max_depth"": 2, ""min_child_weight"": 3, ""n_estimators"": 100, ""reg_lambda"": 30.0}",11.687393293274969,"[[""dq100_10_log_variance"", ""cycle10_rms_c_timeweighted""], [""dq100_10_log_variance"", ""cycle10_rms_c_timeweighted""], [""dq100_10_log_variance"", ""cycle10_rms_c_timeweighted""]]",23
final_B1_train/Stacking_Ridge_baseline/meta3/xgb/tune,xgb,baseline,6,"{""learning_rate"": 0.03, ""max_depth"": 1, ""min_child_weight"": 5, ""n_estimators"": 250, ""reg_lambda"": 10.0}",10.844454331896847,"[[""dq100_10_log_variance"", ""cycle10_rms_c_timeweighted""], [""dq100_10_log_variance"", ""cycle10_rms_c_timeweighted""], [""dq100_10_log_variance"", ""cycle10_rms_c_timeweighted""]]",23
final_B1_train/Stacking_Ridge_baseline/meta3/xgb/tune,xgb,baseline,7,"{""learning_rate"": 0.03, ""max_depth"": 3, ""min_child_weight"": 5, ""n_estimators"": 250, ""reg_lambda"": 10.0}",10.916460752540997,"[[""dq100_10_log_variance"", ""cycle10_rms_c_timeweighted""], [""dq100_10_log_variance"", ""cycle10_rms_c_timeweighted""], [""dq100_10_log_variance"", ""cycle10_rms_c_timeweighted""]]",23
final_B1_train/Stacking_Ridge_baseline/meta3/xgb/tune,xgb,baseline,8,"{""learning_rate"": 0.03, ""max_depth"": 2, ""min_child_weight"": 3, ""n_estimators"": 100, ""reg_lambda"": 1.0}",10.11657864732312,"[[""dq100_10_log_variance"", ""cycle10_rms_c_timeweighted""], [""dq100_10_log_variance"", ""cycle10_rms_c_timeweighted""], [""dq100_10_log_variance"", ""cycle10_rms_c_timeweighted""]]",23
final_B1_train/Stacking_Ridge_baseline/meta3/xgb/tune,xgb,baseline,9,"{""learning_rate"": 0.07, ""max_depth"": 2, ""min_child_weight"": 5, ""n_estimators"": 100, ""reg_lambda"": 1.0}",11.17358465407448,"[[""dq100_10_log_variance"", ""cycle10_rms_c_timeweighted""], [""dq100_10_log_variance"", ""cycle10_rms_c_timeweighted""], [""dq100_10_log_variance"", ""cycle10_rms_c_timeweighted""]]",23
final_B1_train/Stacking_Ridge_baseline/meta3/xgb/tune,xgb,baseline,10,"{""learning_rate"": 0.07, ""max_depth"": 1, ""min_child_weight"": 5, ""n_estimators"": 250, ""reg_lambda"": 30.0}",10.841711874631873,"[[""dq100_10_log_variance"", ""cycle10_rms_c_timeweighted""], [""dq100_10_log_variance"", ""cycle10_rms_c_timeweighted""], [""dq100_10_log_variance"", ""cycle10_rms_c_timeweighted""]]",23
final_B1_train/Stacking_Ridge_baseline/meta3/xgb/tune,xgb,baseline,11,"{""learning_rate"": 0.03, ""max_depth"": 3, ""min_child_weight"": 5, ""n_estimators"": 100, ""reg_lambda"": 10.0}",12.274408171375823,"[[""dq100_10_log_variance"", ""cycle10_rms_c_timeweighted""], [""dq100_10_log_variance"", ""cycle10_rms_c_timeweighted""], [""dq100_10_log_variance"", ""cycle10_rms_c_timeweighted""]]",23
final_B1_train/Stacking_Ridge_plus_top2/meta1/xgb/tune,xgb,plus_top2,0,"{""learning_rate"": 0.03, ""max_depth"": 1, ""min_child_weight"": 3, ""n_estimators"": 250, ""reg_lambda"": 10.0}",12.164563340226254,"[[""dq100_10_log_variance"", ""cycle10_rms_c_timeweighted"", ""dq100_10_q05_ah"", ""dq100_10_mean_ah""], [""dq100_10_log_variance"", ""cycle10_rms_c_timeweighted"", ""dq100_10_q05_ah"", ""dq100_10_mean_ah""], [""dq100_10_log_variance"", ""cycle10_rms_c_timeweighted"", ""dq100_10_q05_ah"", ""dq100_10_mean_ah""]]",24
final_B1_train/Stacking_Ridge_plus_top2/meta1/xgb/tune,xgb,plus_top2,1,"{""learning_rate"": 0.07, ""max_depth"": 3, ""min_child_weight"": 3, ""n_estimators"": 100, ""reg_lambda"": 30.0}",12.44949874097465,"[[""dq100_10_log_variance"", ""cycle10_rms_c_timeweighted"", ""dq100_10_q05_ah"", ""dq100_10_mean_ah""], [""dq100_10_log_variance"", ""cycle10_rms_c_timeweighted"", ""dq100_10_q05_ah"", ""dq100_10_mean_ah""], [""dq100_10_log_variance"", ""cycle10_rms_c_timeweighted"", ""dq100_10_q05_ah"", ""dq100_10_mean_ah""]]",24
final_B1_train/Stacking_Ridge_plus_top2/meta1/xgb/tune,xgb,plus_top2,2,"{""learning_rate"": 0.03, ""max_depth"": 2, ""min_child_weight"": 5, ""n_estimators"": 100, ""reg_lambda"": 1.0}",12.661882070114597,"[[""dq100_10_log_variance"", ""cycle10_rms_c_timeweighted"", ""dq100_10_q05_ah"", ""dq100_10_mean_ah""], [""dq100_10_log_variance"", ""cycle10_rms_c_timeweighted"", ""dq100_10_q05_ah"", ""dq100_10_mean_ah""], [""dq100_10_log_variance"", ""cycle10_rms_c_timeweighted"", ""dq100_10_q05_ah"", ""dq100_10_mean_ah""]]",24
final_B1_train/Stacking_Ridge_plus_top2/meta1/xgb/tune,xgb,plus_top2,3,"{""learning_rate"": 0.03, ""max_depth"": 1, ""min_child_weight"": 3, ""n_estimators"": 100, ""reg_lambda"": 1.0}",12.268280196955466,"[[""dq100_10_log_variance"", ""cycle10_rms_c_timeweighted"", ""dq100_10_q05_ah"", ""dq100_10_mean_ah""], [""dq100_10_log_variance"", ""cycle10_rms_c_timeweighted"", ""dq100_10_q05_ah"", ""dq100_10_mean_ah""], [""dq100_10_log_variance"", ""cycle10_rms_c_timeweighted"", ""dq100_10_q05_ah"", ""dq100_10_mean_ah""]]",24
final_B1_train/Stacking_Ridge_plus_top2/meta1/xgb/tune,xgb,plus_top2,4,"{""learning_rate"": 0.03, ""max_depth"": 3, ""min_child_weight"": 3, ""n_estimators"": 250, ""reg_lambda"": 10.0}",12.17657110947944,"[[""dq100_10_log_variance"", ""cycle10_rms_c_timeweighted"", ""dq100_10_q05_ah"", ""dq100_10_mean_ah""], [""dq100_10_log_variance"", ""cycle10_rms_c_timeweighted"", ""dq100_10_q05_ah"", ""dq100_10_mean_ah""], [""dq100_10_log_variance"", ""cycle10_rms_c_timeweighted"", ""dq100_10_q05_ah"", ""dq100_10_mean_ah""]]",24
final_B1_train/Stacking_Ridge_plus_top2/meta1/xgb/tune,xgb,plus_top2,5,"{""learning_rate"": 0.07, ""max_depth"": 2, ""min_child_weight"": 3, ""n_estimators"": 100, ""reg_lambda"": 30.0}",12.441592118804703,"[[""dq100_10_log_variance"", ""cycle10_rms_c_timeweighted"", ""dq100_10_q05_ah"", ""dq100_10_mean_ah""], [""dq100_10_log_variance"", ""cycle10_rms_c_timeweighted"", ""dq100_10_q05_ah"", ""dq100_10_mean_ah""], [""dq100_10_log_variance"", ""cycle10_rms_c_timeweighted"", ""dq100_10_q05_ah"", ""dq100_10_mean_ah""]]",24
final_B1_train/Stacking_Ridge_plus_top2/meta1/xgb/tune,xgb,plus_top2,6,"{""learning_rate"": 0.03, ""max_depth"": 1, ""min_child_weight"": 5, ""n_estimators"": 250, ""reg_lambda"": 10.0}",12.48797472102856,"[[""dq100_10_log_variance"", ""cycle10_rms_c_timeweighted"", ""dq100_10_q05_ah"", ""dq100_10_mean_ah""], [""dq100_10_log_variance"", ""cycle10_rms_c_timeweighted"", ""dq100_10_q05_ah"", ""dq100_10_mean_ah""], [""dq100_10_log_variance"", ""cycle10_rms_c_timeweighted"", ""dq100_10_q05_ah"", ""dq100_10_mean_ah""]]",24
final_B1_train/Stacking_Ridge_plus_top2/meta1/xgb/tune,xgb,plus_top2,7,"{""learning_rate"": 0.03, ""max_depth"": 3, ""min_child_weight"": 5, ""n_estimators"": 250, ""reg_lambda"": 10.0}",12.540436466624785,"[[""dq100_10_log_variance"", ""cycle10_rms_c_timeweighted"", ""dq100_10_q05_ah"", ""dq100_10_mean_ah""], [""dq100_10_log_variance"", ""cycle10_rms_c_timeweighted"", ""dq100_10_q05_ah"", ""dq100_10_mean_ah""], [""dq100_10_log_variance"", ""cycle10_rms_c_timeweighted"", ""dq100_10_q05_ah"", ""dq100_10_mean_ah""]]",24
final_B1_train/Stacking_Ridge_plus_top2/meta1/xgb/tune,xgb,plus_top2,8,"{""learning_rate"": 0.03, ""max_depth"": 2, ""min_child_weight"": 3, ""n_estimators"": 100, ""reg_lambda"": 1.0}",11.35922164977337,"[[""dq100_10_log_variance"", ""cycle10_rms_c_timeweighted"", ""dq100_10_q05_ah"", ""dq100_10_mean_ah""], [""dq100_10_log_variance"", ""cycle10_rms_c_timeweighted"", ""dq100_10_q05_ah"", ""dq100_10_mean_ah""], [""dq100_10_log_variance"", ""cycle10_rms_c_timeweighted"", ""dq100_10_q05_ah"", ""dq100_10_mean_ah""]]",24
final_B1_train/Stacking_Ridge_plus_top2/meta1/xgb/tune,xgb,plus_top2,9,"{""learning_rate"": 0.07, ""max_depth"": 2, ""min_child_weight"": 5, ""n_estimators"": 100, ""reg_lambda"": 1.0}",13.150436051444448,"[[""dq100_10_log_variance"", ""cycle10_rms_c_timeweighted"", ""dq100_10_q05_ah"", ""dq100_10_mean_ah""], [""dq100_10_log_variance"", ""cycle10_rms_c_timeweighted"", ""dq100_10_q05_ah"", ""dq100_10_mean_ah""], [""dq100_10_log_variance"", ""cycle10_rms_c_timeweighted"", ""dq100_10_q05_ah"", ""dq100_10_mean_ah""]]",24
final_B1_train/Stacking_Ridge_plus_top2/meta1/xgb/tune,xgb,plus_top2,10,"{""learning_rate"": 0.07, ""max_depth"": 1, ""min_child_weight"": 5, ""n_estimators"": 250, ""reg_lambda"": 30.0}",12.333901285614905,"[[""dq100_10_log_variance"", ""cycle10_rms_c_timeweighted"", ""dq100_10_q05_ah"", ""dq100_10_mean_ah""], [""dq100_10_log_variance"", ""cycle10_rms_c_timeweighted"", ""dq100_10_q05_ah"", ""dq100_10_mean_ah""], [""dq100_10_log_variance"", ""cycle10_rms_c_timeweighted"", ""dq100_10_q05_ah"", ""dq100_10_mean_ah""]]",24
final_B1_train/Stacking_Ridge_plus_top2/meta1/xgb/tune,xgb,plus_top2,11,"{""learning_rate"": 0.03, ""max_depth"": 3, ""min_child_weight"": 5, ""n_estimators"": 100, ""reg_lambda"": 10.0}",12.03513501401981,"[[""dq100_10_log_variance"", ""cycle10_rms_c_timeweighted"", ""dq100_10_q05_ah"", ""dq100_10_mean_ah""], [""dq100_10_log_variance"", ""cycle10_rms_c_timeweighted"", ""dq100_10_q05_ah"", ""dq100_10_mean_ah""], [""dq100_10_log_variance"", ""cycle10_rms_c_timeweighted"", ""dq100_10_q05_ah"", ""dq100_10_mean_ah""]]",24
final_B1_train/Stacking_Ridge_plus_top2/meta2/xgb/tune,xgb,plus_top2,0,"{""learning_rate"": 0.03, ""max_depth"": 1, ""min_child_weight"": 3, ""n_estimators"": 250, ""reg_lambda"": 10.0}",11.243840351461552,"[[""dq100_10_log_variance"", ""cycle10_rms_c_timeweighted"", ""dq100_10_q05_ah"", ""dq100_10_mean_ah""], [""dq100_10_log_variance"", ""cycle10_rms_c_timeweighted"", ""dq100_10_q05_ah"", ""dq100_10_mean_ah""], [""dq100_10_log_variance"", ""cycle10_rms_c_timeweighted"", ""dq100_10_q05_ah"", ""dq100_10_mean_ah""]]",23
final_B1_train/Stacking_Ridge_plus_top2/meta2/xgb/tune,xgb,plus_top2,1,"{""learning_rate"": 0.07, ""max_depth"": 3, ""min_child_weight"": 3, ""n_estimators"": 100, ""reg_lambda"": 30.0}",12.236896513396324,"[[""dq100_10_log_variance"", ""cycle10_rms_c_timeweighted"", ""dq100_10_q05_ah"", ""dq100_10_mean_ah""], [""dq100_10_log_variance"", ""cycle10_rms_c_timeweighted"", ""dq100_10_q05_ah"", ""dq100_10_mean_ah""], [""dq100_10_log_variance"", ""cycle10_rms_c_timeweighted"", ""dq100_10_q05_ah"", ""dq100_10_mean_ah""]]",23
final_B1_train/Stacking_Ridge_plus_top2/meta2/xgb/tune,xgb,plus_top2,2,"{""learning_rate"": 0.03, ""max_depth"": 2, ""min_child_weight"": 5, ""n_estimators"": 100, ""reg_lambda"": 1.0}",11.258719598367623,"[[""dq100_10_log_variance"", ""cycle10_rms_c_timeweighted"", ""dq100_10_q05_ah"", ""dq100_10_mean_ah""], [""dq100_10_log_variance"", ""cycle10_rms_c_timeweighted"", ""dq100_10_q05_ah"", ""dq100_10_mean_ah""], [""dq100_10_log_variance"", ""cycle10_rms_c_timeweighted"", ""dq100_10_q05_ah"", ""dq100_10_mean_ah""]]",23
final_B1_train/Stacking_Ridge_plus_top2/meta2/xgb/tune,xgb,plus_top2,3,"{""learning_rate"": 0.03, ""max_depth"": 1, ""min_child_weight"": 3, ""n_estimators"": 100, ""reg_lambda"": 1.0}",11.491362254490445,"[[""dq100_10_log_variance"", ""cycle10_rms_c_timeweighted"", ""dq100_10_q05_ah"", ""dq100_10_mean_ah""], [""dq100_10_log_variance"", ""cycle10_rms_c_timeweighted"", ""dq100_10_q05_ah"", ""dq100_10_mean_ah""], [""dq100_10_log_variance"", ""cycle10_rms_c_timeweighted"", ""dq100_10_q05_ah"", ""dq100_10_mean_ah""]]",23
final_B1_train/Stacking_Ridge_plus_top2/meta2/xgb/tune,xgb,plus_top2,4,"{""learning_rate"": 0.03, ""max_depth"": 3, ""min_child_weight"": 3, ""n_estimators"": 250, ""reg_lambda"": 10.0}",11.675920653507308,"[[""dq100_10_log_variance"", ""cycle10_rms_c_timeweighted"", ""dq100_10_q05_ah"", ""dq100_10_mean_ah""], [""dq100_10_log_variance"", ""cycle10_rms_c_timeweighted"", ""dq100_10_q05_ah"", ""dq100_10_mean_ah""], [""dq100_10_log_variance"", ""cycle10_rms_c_timeweighted"", ""dq100_10_q05_ah"", ""dq100_10_mean_ah""]]",23
final_B1_train/Stacking_Ridge_plus_top2/meta2/xgb/tune,xgb,plus_top2,5,"{""learning_rate"": 0.07, ""max_depth"": 2, ""min_child_weight"": 3, ""n_estimators"": 100, ""reg_lambda"": 30.0}",12.139122798281623,"[[""dq100_10_log_variance"", ""cycle10_rms_c_timeweighted"", ""dq100_10_q05_ah"", ""dq100_10_mean_ah""], [""dq100_10_log_variance"", ""cycle10_rms_c_timeweighted"", ""dq100_10_q05_ah"", ""dq100_10_mean_ah""], [""dq100_10_log_variance"", ""cycle10_rms_c_timeweighted"", ""dq100_10_q05_ah"", ""dq100_10_mean_ah""]]",23
final_B1_train/Stacking_Ridge_plus_top2/meta2/xgb/tune,xgb,plus_top2,6,"{""learning_rate"": 0.03, ""max_depth"": 1, ""min_child_weight"": 5, ""n_estimators"": 250, ""reg_lambda"": 10.0}",11.454992531623997,"[[""dq100_10_log_variance"", ""cycle10_rms_c_timeweighted"", ""dq100_10_q05_ah"", ""dq100_10_mean_ah""], [""dq100_10_log_variance"", ""cycle10_rms_c_timeweighted"", ""dq100_10_q05_ah"", ""dq100_10_mean_ah""], [""dq100_10_log_variance"", ""cycle10_rms_c_timeweighted"", ""dq100_10_q05_ah"", ""dq100_10_mean_ah""]]",23
final_B1_train/Stacking_Ridge_plus_top2/meta2/xgb/tune,xgb,plus_top2,7,"{""learning_rate"": 0.03, ""max_depth"": 3, ""min_child_weight"": 5, ""n_estimators"": 250, ""reg_lambda"": 10.0}",11.895158698529926,"[[""dq100_10_log_variance"", ""cycle10_rms_c_timeweighted"", ""dq100_10_q05_ah"", ""dq100_10_mean_ah""], [""dq100_10_log_variance"", ""cycle10_rms_c_timeweighted"", ""dq100_10_q05_ah"", ""dq100_10_mean_ah""], [""dq100_10_log_variance"", ""cycle10_rms_c_timeweighted"", ""dq100_10_q05_ah"", ""dq100_10_mean_ah""]]",23
final_B1_train/Stacking_Ridge_plus_top2/meta2/xgb/tune,xgb,plus_top2,8,"{""learning_rate"": 0.03, ""max_depth"": 2, ""min_child_weight"": 3, ""n_estimators"": 100, ""reg_lambda"": 1.0}",11.294103278414848,"[[""dq100_10_log_variance"", ""cycle10_rms_c_timeweighted"", ""dq100_10_q05_ah"", ""dq100_10_mean_ah""], [""dq100_10_log_variance"", ""cycle10_rms_c_timeweighted"", ""dq100_10_q05_ah"", ""dq100_10_mean_ah""], [""dq100_10_log_variance"", ""cycle10_rms_c_timeweighted"", ""dq100_10_q05_ah"", ""dq100_10_mean_ah""]]",23
final_B1_train/Stacking_Ridge_plus_top2/meta2/xgb/tune,xgb,plus_top2,9,"{""learning_rate"": 0.07, ""max_depth"": 2, ""min_child_weight"": 5, ""n_estimators"": 100, ""reg_lambda"": 1.0}",11.975893712892582,"[[""dq100_10_log_variance"", ""cycle10_rms_c_timeweighted"", ""dq100_10_q05_ah"", ""dq100_10_mean_ah""], [""dq100_10_log_variance"", ""cycle10_rms_c_timeweighted"", ""dq100_10_q05_ah"", ""dq100_10_mean_ah""], [""dq100_10_log_variance"", ""cycle10_rms_c_timeweighted"", ""dq100_10_q05_ah"", ""dq100_10_mean_ah""]]",23
final_B1_train/Stacking_Ridge_plus_top2/meta2/xgb/tune,xgb,plus_top2,10,"{""learning_rate"": 0.07, ""max_depth"": 1, ""min_child_weight"": 5, ""n_estimators"": 250, ""reg_lambda"": 30.0}",11.235196826567822,"[[""dq100_10_log_variance"", ""cycle10_rms_c_timeweighted"", ""dq100_10_q05_ah"", ""dq100_10_mean_ah""], [""dq100_10_log_variance"", ""cycle10_rms_c_timeweighted"", ""dq100_10_q05_ah"", ""dq100_10_mean_ah""], [""dq100_10_log_variance"", ""cycle10_rms_c_timeweighted"", ""dq100_10_q05_ah"", ""dq100_10_mean_ah""]]",23
final_B1_train/Stacking_Ridge_plus_top2/meta2/xgb/tune,xgb,plus_top2,11,"{""learning_rate"": 0.03, ""max_depth"": 3, ""min_child_weight"": 5, ""n_estimators"": 100, ""reg_lambda"": 10.0}",11.81533874664901,"[[""dq100_10_log_variance"", ""cycle10_rms_c_timeweighted"", ""dq100_10_q05_ah"", ""dq100_10_mean_ah""], [""dq100_10_log_variance"", ""cycle10_rms_c_timeweighted"", ""dq100_10_q05_ah"", ""dq100_10_mean_ah""], [""dq100_10_log_variance"", ""cycle10_rms_c_timeweighted"", ""dq100_10_q05_ah"", ""dq100_10_mean_ah""]]",23
final_B1_train/Stacking_Ridge_plus_top2/meta3/xgb/tune,xgb,plus_top2,0,"{""learning_rate"": 0.03, ""max_depth"": 1, ""min_child_weight"": 3, ""n_estimators"": 250, ""reg_lambda"": 10.0}",10.212886506235394,"[[""dq100_10_log_variance"", ""cycle10_rms_c_timeweighted"", ""dq100_10_q05_ah"", ""dq100_10_mean_ah""], [""dq100_10_log_variance"", ""cycle10_rms_c_timeweighted"", ""dq100_10_q05_ah"", ""dq100_10_mean_ah""], [""dq100_10_log_variance"", ""cycle10_rms_c_timeweighted"", ""dq100_10_q05_ah"", ""dq100_10_mean_ah""]]",23
final_B1_train/Stacking_Ridge_plus_top2/meta3/xgb/tune,xgb,plus_top2,1,"{""learning_rate"": 0.07, ""max_depth"": 3, ""min_child_weight"": 3, ""n_estimators"": 100, ""reg_lambda"": 30.0}",11.685868159949377,"[[""dq100_10_log_variance"", ""cycle10_rms_c_timeweighted"", ""dq100_10_q05_ah"", ""dq100_10_mean_ah""], [""dq100_10_log_variance"", ""cycle10_rms_c_timeweighted"", ""dq100_10_q05_ah"", ""dq100_10_mean_ah""], [""dq100_10_log_variance"", ""cycle10_rms_c_timeweighted"", ""dq100_10_q05_ah"", ""dq100_10_mean_ah""]]",23
final_B1_train/Stacking_Ridge_plus_top2/meta3/xgb/tune,xgb,plus_top2,2,"{""learning_rate"": 0.03, ""max_depth"": 2, ""min_child_weight"": 5, ""n_estimators"": 100, ""reg_lambda"": 1.0}",10.990204630075509,"[[""dq100_10_log_variance"", ""cycle10_rms_c_timeweighted"", ""dq100_10_q05_ah"", ""dq100_10_mean_ah""], [""dq100_10_log_variance"", ""cycle10_rms_c_timeweighted"", ""dq100_10_q05_ah"", ""dq100_10_mean_ah""], [""dq100_10_log_variance"", ""cycle10_rms_c_timeweighted"", ""dq100_10_q05_ah"", ""dq100_10_mean_ah""]]",23
final_B1_train/Stacking_Ridge_plus_top2/meta3/xgb/tune,xgb,plus_top2,3,"{""learning_rate"": 0.03, ""max_depth"": 1, ""min_child_weight"": 3, ""n_estimators"": 100, ""reg_lambda"": 1.0}",10.270895510288053,"[[""dq100_10_log_variance"", ""cycle10_rms_c_timeweighted"", ""dq100_10_q05_ah"", ""dq100_10_mean_ah""], [""dq100_10_log_variance"", ""cycle10_rms_c_timeweighted"", ""dq100_10_q05_ah"", ""dq100_10_mean_ah""], [""dq100_10_log_variance"", ""cycle10_rms_c_timeweighted"", ""dq100_10_q05_ah"", ""dq100_10_mean_ah""]]",23
final_B1_train/Stacking_Ridge_plus_top2/meta3/xgb/tune,xgb,plus_top2,4,"{""learning_rate"": 0.03, ""max_depth"": 3, ""min_child_weight"": 3, ""n_estimators"": 250, ""reg_lambda"": 10.0}",9.819391514486348,"[[""dq100_10_log_variance"", ""cycle10_rms_c_timeweighted"", ""dq100_10_q05_ah"", ""dq100_10_mean_ah""], [""dq100_10_log_variance"", ""cycle10_rms_c_timeweighted"", ""dq100_10_q05_ah"", ""dq100_10_mean_ah""], [""dq100_10_log_variance"", ""cycle10_rms_c_timeweighted"", ""dq100_10_q05_ah"", ""dq100_10_mean_ah""]]",23
final_B1_train/Stacking_Ridge_plus_top2/meta3/xgb/tune,xgb,plus_top2,5,"{""learning_rate"": 0.07, ""max_depth"": 2, ""min_child_weight"": 3, ""n_estimators"": 100, ""reg_lambda"": 30.0}",11.685868159949377,"[[""dq100_10_log_variance"", ""cycle10_rms_c_timeweighted"", ""dq100_10_q05_ah"", ""dq100_10_mean_ah""], [""dq100_10_log_variance"", ""cycle10_rms_c_timeweighted"", ""dq100_10_q05_ah"", ""dq100_10_mean_ah""], [""dq100_10_log_variance"", ""cycle10_rms_c_timeweighted"", ""dq100_10_q05_ah"", ""dq100_10_mean_ah""]]",23
final_B1_train/Stacking_Ridge_plus_top2/meta3/xgb/tune,xgb,plus_top2,6,"{""learning_rate"": 0.03, ""max_depth"": 1, ""min_child_weight"": 5, ""n_estimators"": 250, ""reg_lambda"": 10.0}",10.894078398770047,"[[""dq100_10_log_variance"", ""cycle10_rms_c_timeweighted"", ""dq100_10_q05_ah"", ""dq100_10_mean_ah""], [""dq100_10_log_variance"", ""cycle10_rms_c_timeweighted"", ""dq100_10_q05_ah"", ""dq100_10_mean_ah""], [""dq100_10_log_variance"", ""cycle10_rms_c_timeweighted"", ""dq100_10_q05_ah"", ""dq100_10_mean_ah""]]",23
final_B1_train/Stacking_Ridge_plus_top2/meta3/xgb/tune,xgb,plus_top2,7,"{""learning_rate"": 0.03, ""max_depth"": 3, ""min_child_weight"": 5, ""n_estimators"": 250, ""reg_lambda"": 10.0}",11.102593104655039,"[[""dq100_10_log_variance"", ""cycle10_rms_c_timeweighted"", ""dq100_10_q05_ah"", ""dq100_10_mean_ah""], [""dq100_10_log_variance"", ""cycle10_rms_c_timeweighted"", ""dq100_10_q05_ah"", ""dq100_10_mean_ah""], [""dq100_10_log_variance"", ""cycle10_rms_c_timeweighted"", ""dq100_10_q05_ah"", ""dq100_10_mean_ah""]]",23
final_B1_train/Stacking_Ridge_plus_top2/meta3/xgb/tune,xgb,plus_top2,8,"{""learning_rate"": 0.03, ""max_depth"": 2, ""min_child_weight"": 3, ""n_estimators"": 100, ""reg_lambda"": 1.0}",9.851096633892475,"[[""dq100_10_log_variance"", ""cycle10_rms_c_timeweighted"", ""dq100_10_q05_ah"", ""dq100_10_mean_ah""], [""dq100_10_log_variance"", ""cycle10_rms_c_timeweighted"", ""dq100_10_q05_ah"", ""dq100_10_mean_ah""], [""dq100_10_log_variance"", ""cycle10_rms_c_timeweighted"", ""dq100_10_q05_ah"", ""dq100_10_mean_ah""]]",23
final_B1_train/Stacking_Ridge_plus_top2/meta3/xgb/tune,xgb,plus_top2,9,"{""learning_rate"": 0.07, ""max_depth"": 2, ""min_child_weight"": 5, ""n_estimators"": 100, ""reg_lambda"": 1.0}",11.361086364204088,"[[""dq100_10_log_variance"", ""cycle10_rms_c_timeweighted"", ""dq100_10_q05_ah"", ""dq100_10_mean_ah""], [""dq100_10_log_variance"", ""cycle10_rms_c_timeweighted"", ""dq100_10_q05_ah"", ""dq100_10_mean_ah""], [""dq100_10_log_variance"", ""cycle10_rms_c_timeweighted"", ""dq100_10_q05_ah"", ""dq100_10_mean_ah""]]",23
final_B1_train/Stacking_Ridge_plus_top2/meta3/xgb/tune,xgb,plus_top2,10,"{""learning_rate"": 0.07, ""max_depth"": 1, ""min_child_weight"": 5, ""n_estimators"": 250, ""reg_lambda"": 30.0}",10.893813037273413,"[[""dq100_10_log_variance"", ""cycle10_rms_c_timeweighted"", ""dq100_10_q05_ah"", ""dq100_10_mean_ah""], [""dq100_10_log_variance"", ""cycle10_rms_c_timeweighted"", ""dq100_10_q05_ah"", ""dq100_10_mean_ah""], [""dq100_10_log_variance"", ""cycle10_rms_c_timeweighted"", ""dq100_10_q05_ah"", ""dq100_10_mean_ah""]]",23
final_B1_train/Stacking_Ridge_plus_top2/meta3/xgb/tune,xgb,plus_top2,11,"{""learning_rate"": 0.03, ""max_depth"": 3, ""min_child_weight"": 5, ""n_estimators"": 100, ""reg_lambda"": 10.0}",12.250316446102802,"[[""dq100_10_log_variance"", ""cycle10_rms_c_timeweighted"", ""dq100_10_q05_ah"", ""dq100_10_mean_ah""], [""dq100_10_log_variance"", ""cycle10_rms_c_timeweighted"", ""dq100_10_q05_ah"", ""dq100_10_mean_ah""], [""dq100_10_log_variance"", ""cycle10_rms_c_timeweighted"", ""dq100_10_q05_ah"", ""dq100_10_mean_ah""]]",23
