scope,meta_fold,variant,cell_key,actual_cycle_life,OLS_predicted_log10,Ridge_predicted_log10,XGB_predicted_log10,selected_extra_features
Stacking_Ridge_baseline/repeat1/outer1,1,baseline,B1c3,1226.0,3.0840780590063055,3.0928940457556386,2.9818410873413086,
Stacking_Ridge_baseline/repeat1/outer1,1,baseline,B1c4,1227.0,3.1457507188706004,3.131780575551845,2.9818410873413086,
Stacking_Ridge_baseline/repeat1/outer1,1,baseline,B1c26,870.0,2.889438503354569,2.9031651505720926,2.9370627403259277,
Stacking_Ridge_baseline/repeat1/outer1,1,baseline,B1c27,842.0,2.907021545376915,2.9126094511049825,2.9370627403259277,
Stacking_Ridge_baseline/repeat1/outer1,1,baseline,B1c38,617.0,2.7805511300372983,2.786401930920225,2.852933168411255,
Stacking_Ridge_baseline/repeat1/outer1,1,baseline,B1c39,625.0,2.8020433415604913,2.8091420508916647,2.852933168411255,
Stacking_Ridge_baseline/repeat1/outer1,1,baseline,B1c40,966.0,2.9676056087986895,2.9891118385435034,2.9818410873413086,
Stacking_Ridge_baseline/repeat1/outer1,1,baseline,B1c41,1051.0,2.9725066024915043,2.9883149882360676,2.9818410873413086,
Stacking_Ridge_baseline/repeat1/outer1,1,baseline,B1c42,702.0,2.850545005049507,2.868364115810784,2.8522486686706543,
Stacking_Ridge_baseline/repeat1/outer1,1,baseline,B1c43,651.0,2.8511232432974127,2.866206988444034,2.8519632816314697,
Stacking_Ridge_baseline/repeat1/outer1,2,baseline,B1c8,879.0,2.9506855419003144,2.9647979413974985,3.0179502964019775,
Stacking_Ridge_baseline/repeat1/outer1,2,baseline,B1c9,1054.0,2.967063790313672,2.972042519882744,3.030470132827759,
Stacking_Ridge_baseline/repeat1/outer1,2,baseline,B1c12,902.0,2.985586219706557,2.9600376774623065,2.9496893882751465,
Stacking_Ridge_baseline/repeat1/outer1,2,baseline,B1c13,897.0,2.9638614889072668,2.9481209391931618,2.9496893882751465,
Stacking_Ridge_baseline/repeat1/outer1,2,baseline,B1c20,534.0,2.7722481023673575,2.7567270448228687,2.8255221843719482,
Stacking_Ridge_baseline/repeat1/outer1,2,baseline,B1c21,559.0,2.767491506348566,2.756929556281004,2.8255221843719482,
Stacking_Ridge_baseline/repeat1/outer1,2,baseline,B1c32,731.0,2.850840770925541,2.8340861167817697,2.8255221843719482,
Stacking_Ridge_baseline/repeat1/outer1,2,baseline,B1c33,757.0,2.8566373114083334,2.8458193332000485,2.8255221843719482,
Stacking_Ridge_baseline/repeat1/outer1,2,baseline,B1c44,616.0,2.7872960086083003,2.783283510721454,2.8255221843719482,
Stacking_Ridge_baseline/repeat1/outer1,2,baseline,B1c45,599.0,2.7885885657779204,2.78432918963822,2.8255221843719482,
Stacking_Ridge_baseline/repeat1/outer1,3,baseline,B1c16,862.0,2.9819095625873,2.9345999190726983,2.9796459674835205,
Stacking_Ridge_baseline/repeat1/outer1,3,baseline,B1c17,857.0,2.944000132456087,2.9055953889443034,2.899585485458374,
Stacking_Ridge_baseline/repeat1/outer1,3,baseline,B1c24,1017.0,2.9347622868129717,2.9578099709487713,2.9704620838165283,
Stacking_Ridge_baseline/repeat1/outer1,3,baseline,B1c25,854.0,2.9609317840683795,2.9693128897399172,2.965327262878418,
Stacking_Ridge_baseline/repeat1/outer1,3,baseline,B1c30,709.0,2.8778741005386443,2.862409803259191,2.9018611907958984,
Stacking_Ridge_baseline/repeat1/outer1,3,baseline,B1c31,876.0,2.887562585467539,2.876230831687186,2.9018611907958984,
Stacking_Ridge_baseline/repeat1/outer1,3,baseline,B1c36,704.0,2.8558190488322825,2.8755903585910514,2.9018611907958984,
Stacking_Ridge_baseline/repeat1/outer1,3,baseline,B1c37,648.0,2.857120553830437,2.8764513728319314,2.9018611907958984,
Stacking_Ridge_baseline/repeat1/outer2,1,baseline,B1c5,1074.0,2.9910593881733663,2.98523769246248,3.0397839546203613,
Stacking_Ridge_baseline/repeat1/outer2,1,baseline,B1c16,862.0,2.9692763516621765,2.9138542060930703,2.9443893432617188,
Stacking_Ridge_baseline/repeat1/outer2,1,baseline,B1c17,857.0,2.9338447186287464,2.8891162061833047,2.926307201385498,
Stacking_Ridge_baseline/repeat1/outer2,1,baseline,B1c24,1017.0,2.925210667530816,2.96215806490773,2.990722179412842,
Stacking_Ridge_baseline/repeat1/outer2,1,baseline,B1c25,854.0,2.949669701080347,2.9678720863993844,3.0360565185546875,
Stacking_Ridge_baseline/repeat1/outer2,1,baseline,B1c32,731.0,2.845112018993096,2.827015814636929,2.830977439880371,
Stacking_Ridge_baseline/repeat1/outer2,1,baseline,B1c33,757.0,2.8507573479268578,2.8422822304529,2.830977439880371,
Stacking_Ridge_baseline/repeat1/outer2,1,baseline,B1c36,704.0,2.8514272361017188,2.8815399278196847,2.830977439880371,
Stacking_Ridge_baseline/repeat1/outer2,1,baseline,B1c37,648.0,2.8526436734716865,2.8822094801447227,2.830977439880371,
Stacking_Ridge_baseline/repeat1/outer2,2,baseline,B1c3,1226.0,3.093328966168202,3.103468918274761,2.95562744140625,
Stacking_Ridge_baseline/repeat1/outer2,2,baseline,B1c4,1227.0,3.157675919514659,3.1433625520412902,2.95562744140625,
Stacking_Ridge_baseline/repeat1/outer2,2,baseline,B1c6,636.0,2.881986107831642,2.8881372811654193,2.9370906352996826,
Stacking_Ridge_baseline/repeat1/outer2,2,baseline,B1c7,870.0,2.8959791662742616,2.910176664917637,2.95562744140625,
Stacking_Ridge_baseline/repeat1/outer2,2,baseline,B1c10,906.0,2.961567311063107,2.973833209476751,2.95562744140625,
Stacking_Ridge_baseline/repeat1/outer2,2,baseline,B1c11,788.0,3.0005660886736956,2.9962562701476565,2.95562744140625,
Stacking_Ridge_baseline/repeat1/outer2,2,baseline,B1c26,870.0,2.8902493124860635,2.9058267352555447,2.95562744140625,
Stacking_Ridge_baseline/repeat1/outer2,2,baseline,B1c27,842.0,2.9085948028085222,2.9154421039918375,2.9390482902526855,
Stacking_Ridge_baseline/repeat1/outer2,2,baseline,B1c44,616.0,2.7727668131669705,2.7793387381188865,2.84264874458313,
Stacking_Ridge_baseline/repeat1/outer2,2,baseline,B1c45,599.0,2.7742073417749107,2.780506727676439,2.84264874458313,
Stacking_Ridge_baseline/repeat1/outer2,3,baseline,B1c12,902.0,2.975133260574163,2.951999190292832,2.9455292224884033,
Stacking_Ridge_baseline/repeat1/outer2,3,baseline,B1c13,897.0,2.9551169897569274,2.94215883713056,2.9455292224884033,
Stacking_Ridge_baseline/repeat1/outer2,3,baseline,B1c20,534.0,2.7785723194167167,2.7654386245099856,2.8297295570373535,
Stacking_Ridge_baseline/repeat1/outer2,3,baseline,B1c21,559.0,2.774189788053731,2.766214370973236,2.8297295570373535,
Stacking_Ridge_baseline/repeat1/outer2,3,baseline,B1c22,891.0,2.9302632597946565,2.94737255127693,2.998702049255371,
Stacking_Ridge_baseline/repeat1/outer2,3,baseline,B1c23,1014.0,2.9532464817919992,2.9608607013078516,2.983189105987549,
Stacking_Ridge_baseline/repeat1/outer2,3,baseline,B1c30,709.0,2.8764599520181684,2.8639386731363183,2.8297295570373535,
Stacking_Ridge_baseline/repeat1/outer2,3,baseline,B1c31,876.0,2.88502654567909,2.8763627347658303,2.918903350830078,
Stacking_Ridge_baseline/repeat1/outer3,1,baseline,B1c5,1074.0,3.001167083040098,2.982892455394733,2.972245454788208,
Stacking_Ridge_baseline/repeat1/outer3,1,baseline,B1c16,862.0,2.976720351962852,2.909745854764676,2.898449420928955,
Stacking_Ridge_baseline/repeat1/outer3,1,baseline,B1c17,857.0,2.9369560333403775,2.8818850452093407,2.8912322521209717,
Stacking_Ridge_baseline/repeat1/outer3,1,baseline,B1c32,731.0,2.837372834981576,2.811964503714955,2.802467107772827,
Stacking_Ridge_baseline/repeat1/outer3,1,baseline,B1c33,757.0,2.8437084915469675,2.827696874413882,2.802467107772827,
Stacking_Ridge_baseline/repeat1/outer3,1,baseline,B1c36,704.0,2.8444602956425187,2.8669053668689704,2.844649314880371,
Stacking_Ridge_baseline/repeat1/outer3,1,baseline,B1c37,648.0,2.8458254825961666,2.8676826329767398,2.844649314880371,
Stacking_Ridge_baseline/repeat1/outer3,1,baseline,B1c40,966.0,2.963122177699944,2.988728786962469,2.972245454788208,
Stacking_Ridge_baseline/repeat1/outer3,1,baseline,B1c41,1051.0,2.9681371678113613,2.983313989062289,2.972245454788208,
Stacking_Ridge_baseline/repeat1/outer3,2,baseline,B1c6,636.0,2.8813329330853006,2.885839278758022,2.928779125213623,
Stacking_Ridge_baseline/repeat1/outer3,2,baseline,B1c7,870.0,2.8956187258136117,2.908157704465276,2.9699950218200684,
Stacking_Ridge_baseline/repeat1/outer3,2,baseline,B1c8,879.0,2.9557324840508,2.9736604886805234,2.9876110553741455,
Stacking_Ridge_baseline/repeat1/outer3,2,baseline,B1c9,1054.0,2.9743675647203136,2.9828249773837463,2.9876110553741455,
Stacking_Ridge_baseline/repeat1/outer3,2,baseline,B1c10,906.0,2.9625789722622438,2.972756160036269,2.9848339557647705,
Stacking_Ridge_baseline/repeat1/outer3,2,baseline,B1c11,788.0,3.002393602915504,2.9955968590614295,2.9848339557647705,
Stacking_Ridge_baseline/repeat1/outer3,2,baseline,B1c24,1017.0,2.9357065501322617,2.9580293075278914,2.9727721214294434,
Stacking_Ridge_baseline/repeat1/outer3,2,baseline,B1c25,854.0,2.9642813197391713,2.975047875875787,2.9876110553741455,
Stacking_Ridge_baseline/repeat1/outer3,2,baseline,B1c42,702.0,2.84834004531368,2.8670212154135992,2.8469605445861816,
Stacking_Ridge_baseline/repeat1/outer3,2,baseline,B1c43,651.0,2.848955978807623,2.864677114456108,2.8469605445861816,
Stacking_Ridge_baseline/repeat1/outer3,3,baseline,B1c12,902.0,2.988686675590911,2.9639385619856533,2.9221458435058594,
Stacking_Ridge_baseline/repeat1/outer3,3,baseline,B1c13,897.0,2.9647203426988864,2.949119645962362,2.920562505722046,
Stacking_Ridge_baseline/repeat1/outer3,3,baseline,B1c20,534.0,2.7533358955998324,2.737826994221828,2.871579885482788,
Stacking_Ridge_baseline/repeat1/outer3,3,baseline,B1c21,559.0,2.748088504289328,2.7372083900505895,2.871579885482788,
Stacking_Ridge_baseline/repeat1/outer3,3,baseline,B1c22,891.0,2.9349619141023178,2.9463413001099026,2.9395527839660645,
Stacking_Ridge_baseline/repeat1/outer3,3,baseline,B1c23,1014.0,2.962480703908325,2.9653186281511745,2.9395527839660645,
Stacking_Ridge_baseline/repeat1/outer3,3,baseline,B1c38,617.0,2.7737706845590324,2.7697574444223987,2.871579885482788,
Stacking_Ridge_baseline/repeat1/outer3,3,baseline,B1c39,625.0,2.795967540990981,2.7937368780024356,2.871579885482788,
Stacking_Ridge_baseline/repeat1/outer4,1,baseline,B1c5,1074.0,3.003849505981154,2.9785124841024015,3.029118061065674,
Stacking_Ridge_baseline/repeat1/outer4,1,baseline,B1c16,862.0,2.9820122085127294,2.891004806389493,2.9277496337890625,
Stacking_Ridge_baseline/repeat1/outer4,1,baseline,B1c17,857.0,2.946492316235745,2.869201623673808,2.9277496337890625,
Stacking_Ridge_baseline/repeat1/outer4,1,baseline,B1c30,709.0,2.8845343938327352,2.844203225666767,2.808485746383667,
Stacking_Ridge_baseline/repeat1/outer4,1,baseline,B1c31,876.0,2.893612186345321,2.8610507683365176,2.9277496337890625,
Stacking_Ridge_baseline/repeat1/outer4,1,baseline,B1c36,704.0,2.863869533979612,2.8843991804929,2.808485746383667,
Stacking_Ridge_baseline/repeat1/outer4,1,baseline,B1c37,648.0,2.8650890014623043,2.8849106060772884,2.808485746383667,
Stacking_Ridge_baseline/repeat1/outer4,1,baseline,B1c42,702.0,2.8628677113756504,2.881388327035869,2.808485746383667,
Stacking_Ridge_baseline/repeat1/outer4,1,baseline,B1c43,651.0,2.8633962428407633,2.875364766465493,2.808485746383667,
Stacking_Ridge_baseline/repeat1/outer4,2,baseline,B1c3,1226.0,3.1201985361008475,3.121196877947045,3.0104565620422363,
Stacking_Ridge_baseline/repeat1/outer4,2,baseline,B1c4,1227.0,3.1915089164817143,3.173020829846327,3.0104565620422363,
Stacking_Ridge_baseline/repeat1/outer4,2,baseline,B1c6,636.0,2.8859848113637208,2.884635934892539,2.922008752822876,
Stacking_Ridge_baseline/repeat1/outer4,2,baseline,B1c7,870.0,2.9014921550426402,2.906423466012095,2.9607017040252686,
Stacking_Ridge_baseline/repeat1/outer4,2,baseline,B1c10,906.0,2.974178044741029,2.9773433453229745,3.0080528259277344,
Stacking_Ridge_baseline/repeat1/outer4,2,baseline,B1c11,788.0,3.01739714869497,3.007370856339401,3.0080528259277344,
Stacking_Ridge_baseline/repeat1/outer4,2,baseline,B1c24,1017.0,2.9450078129324164,2.9576140882541635,2.9598302841186523,
Stacking_Ridge_baseline/repeat1/outer4,2,baseline,B1c25,854.0,2.9760259567111738,2.9796527858553,3.0104565620422363,
Stacking_Ridge_baseline/repeat1/outer4,2,baseline,B1c44,616.0,2.764946144536202,2.764337722063462,2.8133504390716553,
Stacking_Ridge_baseline/repeat1/outer4,2,baseline,B1c45,599.0,2.7665425626669657,2.765714247626335,2.8133504390716553,
Stacking_Ridge_baseline/repeat1/outer4,3,baseline,B1c8,879.0,2.9376294863526167,2.953242827338374,3.0114598274230957,
Stacking_Ridge_baseline/repeat1/outer4,3,baseline,B1c9,1054.0,2.9534950436155007,2.960746149612649,3.007114887237549,
Stacking_Ridge_baseline/repeat1/outer4,3,baseline,B1c22,891.0,2.9242623058414563,2.9389013756434954,2.945983648300171,
Stacking_Ridge_baseline/repeat1/outer4,3,baseline,B1c23,1014.0,2.9484263724538926,2.954736424422328,2.932234764099121,
Stacking_Ridge_baseline/repeat1/outer4,3,baseline,B1c26,870.0,2.8814694195667023,2.891104764074909,2.9284539222717285,
Stacking_Ridge_baseline/repeat1/outer4,3,baseline,B1c27,842.0,2.8974151740937577,2.8992083034457417,2.9284539222717285,
Stacking_Ridge_baseline/repeat1/outer4,3,baseline,B1c38,617.0,2.7827213574392067,2.781151669644305,2.8110153675079346,
Stacking_Ridge_baseline/repeat1/outer4,3,baseline,B1c39,625.0,2.8022122696918665,2.8025397509092893,2.8110153675079346,
Stacking_Ridge_baseline/repeat1/outer4,3,baseline,B1c40,966.0,2.9523578058833766,2.9722171142287053,3.007114887237549,
Stacking_Ridge_baseline/repeat1/outer4,3,baseline,B1c41,1051.0,2.9568024316918655,2.9709587002803732,3.007114887237549,
Stacking_Ridge_baseline/repeat1/outer5,1,baseline,B1c5,1074.0,3.008816675986385,2.996043644552093,3.023852825164795,
Stacking_Ridge_baseline/repeat1/outer5,1,baseline,B1c10,906.0,2.962929558566329,2.9722444617309107,2.9748387336730957,
Stacking_Ridge_baseline/repeat1/outer5,1,baseline,B1c11,788.0,2.99942774100573,2.9828756602864206,3.023852825164795,
Stacking_Ridge_baseline/repeat1/outer5,1,baseline,B1c30,709.0,2.8813528429618764,2.863722541436958,2.854426860809326,
Stacking_Ridge_baseline/repeat1/outer5,1,baseline,B1c31,876.0,2.8910506105641565,2.8782723046143786,2.9242184162139893,
Stacking_Ridge_baseline/repeat1/outer5,1,baseline,B1c38,617.0,2.7898600255463566,2.7950090026423,2.854426860809326,
Stacking_Ridge_baseline/repeat1/outer5,1,baseline,B1c39,625.0,2.8108463633414447,2.817573511594072,2.854426860809326,
Stacking_Ridge_baseline/repeat1/outer5,1,baseline,B1c42,702.0,2.8582064171221253,2.8813302711728137,2.854426860809326,
Stacking_Ridge_baseline/repeat1/outer5,1,baseline,B1c43,651.0,2.858771045065764,2.8774410367364545,2.854426860809326,
Stacking_Ridge_baseline/repeat1/outer5,2,baseline,B1c3,1226.0,3.1047713402431634,3.0934703425543066,3.0012247562408447,
Stacking_Ridge_baseline/repeat1/outer5,2,baseline,B1c4,1227.0,3.1714587031781285,3.133266215724977,3.0012247562408447,
Stacking_Ridge_baseline/repeat1/outer5,2,baseline,B1c6,636.0,2.8857415779214155,2.8855889397408943,2.9105663299560547,
Stacking_Ridge_baseline/repeat1/outer5,2,baseline,B1c7,870.0,2.9002435880151776,2.906476939028171,2.9105663299560547,
Stacking_Ridge_baseline/repeat1/outer5,2,baseline,B1c12,902.0,3.0015779876355344,2.970195285085702,2.921434164047241,
Stacking_Ridge_baseline/repeat1/outer5,2,baseline,B1c13,897.0,2.9764855943846205,2.9560091315569625,2.921434164047241,
Stacking_Ridge_baseline/repeat1/outer5,2,baseline,B1c26,870.0,2.894305329569894,2.9022031594199085,2.9105663299560547,
Stacking_Ridge_baseline/repeat1/outer5,2,baseline,B1c27,842.0,2.9133180769919296,2.9119393563412723,2.9105663299560547,
Stacking_Ridge_baseline/repeat1/outer5,2,baseline,B1c44,616.0,2.772549789281668,2.780430684278214,2.7749857902526855,
Stacking_Ridge_baseline/repeat1/outer5,2,baseline,B1c45,599.0,2.7740427123976805,2.7815732388383214,2.7749857902526855,
Stacking_Ridge_baseline/repeat1/outer5,3,baseline,B1c8,879.0,2.9399642455614514,2.961998408233158,2.953052520751953,
Stacking_Ridge_baseline/repeat1/outer5,3,baseline,B1c9,1054.0,2.9554350749505645,2.966407248977826,2.953052520751953,
Stacking_Ridge_baseline/repeat1/outer5,3,baseline,B1c20,534.0,2.7714129381216903,2.7553178591669267,2.8298873901367188,
Stacking_Ridge_baseline/repeat1/outer5,3,baseline,B1c21,559.0,2.7669198761273663,2.756870879057599,2.8298873901367188,
Stacking_Ridge_baseline/repeat1/outer5,3,baseline,B1c22,891.0,2.9269296344428475,2.9476657861518434,2.953052520751953,
Stacking_Ridge_baseline/repeat1/outer5,3,baseline,B1c23,1014.0,2.950492510030125,2.960215667745203,2.953052520751953,
Stacking_Ridge_baseline/repeat1/outer5,3,baseline,B1c32,731.0,2.845651265433123,2.828800809128382,2.8298873901367188,
Stacking_Ridge_baseline/repeat1/outer5,3,baseline,B1c33,757.0,2.851126654900487,2.8416252443582026,2.8298873901367188,
Stacking_Ridge_baseline/repeat1/outer5,3,baseline,B1c40,966.0,2.954326131177772,2.9819908445138137,2.953052520751953,
Stacking_Ridge_baseline/repeat1/outer5,3,baseline,B1c41,1051.0,2.958660176710635,2.978776766595466,2.953052520751953,
Stacking_Ridge_baseline/repeat2/outer1,1,baseline,B1c3,1226.0,3.088328338126291,3.1042538759021534,2.9839115142822266,
Stacking_Ridge_baseline/repeat2/outer1,1,baseline,B1c4,1227.0,3.150785657707521,3.132602429332348,2.9839115142822266,
Stacking_Ridge_baseline/repeat2/outer1,1,baseline,B1c5,1074.0,3.0080271547888824,3.0054691200183976,2.9839115142822266,
Stacking_Ridge_baseline/repeat2/outer1,1,baseline,B1c10,906.0,2.960436039059053,2.977137783149478,2.935840368270874,
Stacking_Ridge_baseline/repeat2/outer1,1,baseline,B1c11,788.0,2.998289565758091,2.991790490865735,2.946249008178711,
Stacking_Ridge_baseline/repeat2/outer1,1,baseline,B1c38,617.0,2.7809396435922693,2.787200853856525,2.830245018005371,
Stacking_Ridge_baseline/repeat2/outer1,1,baseline,B1c39,625.0,2.80270529998791,2.8112516602401016,2.830245018005371,
Stacking_Ridge_baseline/repeat2/outer1,1,baseline,B1c40,966.0,2.9703740118327135,3.0039181926764194,2.9839115142822266,
Stacking_Ridge_baseline/repeat2/outer1,1,baseline,B1c41,1051.0,2.975337360746337,3.000175921335694,2.9839115142822266,
Stacking_Ridge_baseline/repeat2/outer1,2,baseline,B1c6,636.0,2.8891680566085403,2.8905769688751435,2.9090044498443604,
Stacking_Ridge_baseline/repeat2/outer1,2,baseline,B1c7,870.0,2.900751573335722,2.9138150548857826,2.9090044498443604,
Stacking_Ridge_baseline/repeat2/outer1,2,baseline,B1c20,534.0,2.7848730677398903,2.766911578549661,2.9090044498443604,
Stacking_Ridge_baseline/repeat2/outer1,2,baseline,B1c21,559.0,2.780484769085092,2.7690941738200614,2.9090044498443604,
Stacking_Ridge_baseline/repeat2/outer1,2,baseline,B1c26,870.0,2.8960083745938556,2.910739619088858,2.9090044498443604,
Stacking_Ridge_baseline/repeat2/outer1,2,baseline,B1c27,842.0,2.911194854010772,2.9146460443695026,2.9090044498443604,
Stacking_Ridge_baseline/repeat2/outer1,2,baseline,B1c30,709.0,2.882889517797578,2.866462003661225,2.9090044498443604,
Stacking_Ridge_baseline/repeat2/outer1,2,baseline,B1c31,876.0,2.8914673848622447,2.8800444521223034,2.9090044498443604,
Stacking_Ridge_baseline/repeat2/outer1,2,baseline,B1c44,616.0,2.7987558331573834,2.7962979540884545,2.9090044498443604,
Stacking_Ridge_baseline/repeat2/outer1,2,baseline,B1c45,599.0,2.7999483092193165,2.797173616343025,2.9090044498443604,
Stacking_Ridge_baseline/repeat2/outer1,3,baseline,B1c8,879.0,2.9480924138660183,2.9736218574740003,3.0031321048736572,
Stacking_Ridge_baseline/repeat2/outer1,3,baseline,B1c9,1054.0,2.9647383531444635,2.9736691854517563,3.0031321048736572,
Stacking_Ridge_baseline/repeat2/outer1,3,baseline,B1c12,902.0,2.9835635185212324,2.938935485242236,2.927588939666748,
Stacking_Ridge_baseline/repeat2/outer1,3,baseline,B1c13,897.0,2.9614837123906437,2.934898871320065,2.927588939666748,
Stacking_Ridge_baseline/repeat2/outer1,3,baseline,B1c16,862.0,2.9761895917030183,2.911645921014607,2.927588939666748,
Stacking_Ridge_baseline/repeat2/outer1,3,baseline,B1c17,857.0,2.9392142971003756,2.886756611907689,2.927588939666748,
Stacking_Ridge_baseline/repeat2/outer1,3,baseline,B1c24,1017.0,2.93020408346842,2.96338252387479,3.0031321048736572,
Stacking_Ridge_baseline/repeat2/outer1,3,baseline,B1c25,854.0,2.95572873174914,2.9686806397285386,2.9876129627227783,
Stacking_Ridge_baseline/repeat2/outer2,1,baseline,B1c8,879.0,2.959908689803086,2.9709900657490658,2.9590108394622803,
Stacking_Ridge_baseline/repeat2/outer2,1,baseline,B1c9,1054.0,2.9783681527950012,2.9801821272719793,2.9661600589752197,
Stacking_Ridge_baseline/repeat2/outer2,1,baseline,B1c16,862.0,2.9910669684549234,2.9539498629840897,2.951665163040161,
Stacking_Ridge_baseline/repeat2/outer2,1,baseline,B1c17,857.0,2.9500633296145216,2.920529429589253,2.9445157051086426,
Stacking_Ridge_baseline/repeat2/outer2,1,baseline,B1c26,870.0,2.8945668516765894,2.903805248554625,2.9590108394622803,
Stacking_Ridge_baseline/repeat2/outer2,1,baseline,B1c27,842.0,2.913119623614764,2.913591350279915,2.9445157051086426,
Stacking_Ridge_baseline/repeat2/outer2,1,baseline,B1c40,966.0,2.9770449847851217,2.9912178154569395,2.9661600589752197,
Stacking_Ridge_baseline/repeat2/outer2,1,baseline,B1c41,1051.0,2.9822162752897836,2.990520420436518,2.9661600589752197,
Stacking_Ridge_baseline/repeat2/outer2,1,baseline,B1c42,702.0,2.853528321312246,2.8682651234299676,2.850809097290039,
Stacking_Ridge_baseline/repeat2/outer2,1,baseline,B1c43,651.0,2.8541384502265537,2.866122247113244,2.8505406379699707,
Stacking_Ridge_baseline/repeat2/outer2,2,baseline,B1c12,902.0,3.0100397614271435,2.9718933001222534,2.9774646759033203,
Stacking_Ridge_baseline/repeat2/outer2,2,baseline,B1c13,897.0,2.983475698649966,2.958537676909028,2.9774646759033203,
Stacking_Ridge_baseline/repeat2/outer2,2,baseline,B1c30,709.0,2.8790880978107545,2.862195874744058,2.906672239303589,
Stacking_Ridge_baseline/repeat2/outer2,2,baseline,B1c31,876.0,2.89045702531344,2.877018909529969,2.906672239303589,
Stacking_Ridge_baseline/repeat2/outer2,2,baseline,B1c32,731.0,2.8452788447821025,2.8289147040663334,2.817349672317505,
Stacking_Ridge_baseline/repeat2/outer2,2,baseline,B1c33,757.0,2.852366604197762,2.8423636381285076,2.817349672317505,
Stacking_Ridge_baseline/repeat2/outer2,2,baseline,B1c36,704.0,2.8532076546085565,2.8702370050775436,2.9283313751220703,
Stacking_Ridge_baseline/repeat2/outer2,2,baseline,B1c37,648.0,2.854734902271839,2.8712963735398285,2.9283313751220703,
Stacking_Ridge_baseline/repeat2/outer2,2,baseline,B1c44,616.0,2.7675790531966005,2.7714205448632003,2.7854113578796387,
Stacking_Ridge_baseline/repeat2/outer2,2,baseline,B1c45,599.0,2.7691595362927597,2.772604252385969,2.7854113578796387,
Stacking_Ridge_baseline/repeat2/outer2,3,baseline,B1c20,534.0,2.765145870867085,2.7579357126653132,2.8343470096588135,
Stacking_Ridge_baseline/repeat2/outer2,3,baseline,B1c21,559.0,2.7600647897778496,2.756287137666923,2.8343470096588135,
Stacking_Ridge_baseline/repeat2/outer2,3,baseline,B1c22,891.0,2.9410154550695697,2.952108859130787,2.9534034729003906,
Stacking_Ridge_baseline/repeat2/outer2,3,baseline,B1c23,1014.0,2.9676620674924035,2.972283960610915,2.9660332202911377,
Stacking_Ridge_baseline/repeat2/outer2,3,baseline,B1c24,1017.0,2.9369546003247597,2.951396627986189,2.9534034729003906,
Stacking_Ridge_baseline/repeat2/outer2,3,baseline,B1c25,854.0,2.9637820118998417,2.9705122256539616,2.9660332202911377,
Stacking_Ridge_baseline/repeat2/outer2,3,baseline,B1c38,617.0,2.784933001957397,2.785989452784372,2.8343470096588135,
Stacking_Ridge_baseline/repeat2/outer2,3,baseline,B1c39,625.0,2.8064263537550946,2.8086179373951325,2.8343470096588135,
Stacking_Ridge_baseline/repeat2/outer3,1,baseline,B1c3,1226.0,3.082394865892743,3.0985146745899033,2.976417303085327,
Stacking_Ridge_baseline/repeat2/outer3,1,baseline,B1c4,1227.0,3.142621686339687,3.137665716985432,2.976417303085327,
Stacking_Ridge_baseline/repeat2/outer3,1,baseline,B1c5,1074.0,3.0049614284195045,3.0051600404218584,2.976417303085327,
Stacking_Ridge_baseline/repeat2/outer3,1,baseline,B1c10,906.0,2.959069904397209,2.9706832426871554,2.976417303085327,
Stacking_Ridge_baseline/repeat2/outer3,1,baseline,B1c11,788.0,2.995571591806665,2.992666626497736,2.976417303085327,
Stacking_Ridge_baseline/repeat2/outer3,1,baseline,B1c36,704.0,2.85540705190312,2.8700146761274135,2.83736252784729,
Stacking_Ridge_baseline/repeat2/outer3,1,baseline,B1c37,648.0,2.856709928996523,2.8710553137045114,2.83736252784729,
Stacking_Ridge_baseline/repeat2/outer3,1,baseline,B1c40,966.0,2.9686529685738177,2.992280918303298,2.976417303085327,
Stacking_Ridge_baseline/repeat2/outer3,1,baseline,B1c41,1051.0,2.973439064516465,2.9912550253646737,2.976417303085327,
Stacking_Ridge_baseline/repeat2/outer3,2,baseline,B1c6,636.0,2.8850482615158843,2.8883057467690145,2.8726253509521484,
Stacking_Ridge_baseline/repeat2/outer3,2,baseline,B1c7,870.0,2.896746304101387,2.9073916736958383,2.8726253509521484,
Stacking_Ridge_baseline/repeat2/outer3,2,baseline,B1c22,891.0,2.933114410067949,2.948922255878452,2.9569380283355713,
Stacking_Ridge_baseline/repeat2/outer3,2,baseline,B1c23,1014.0,2.956355410771863,2.9639865604547926,2.9562346935272217,
Stacking_Ridge_baseline/repeat2/outer3,2,baseline,B1c26,870.0,2.8919562095057056,2.9037654274316447,2.8726253509521484,
Stacking_Ridge_baseline/repeat2/outer3,2,baseline,B1c27,842.0,2.907292837157485,2.911511755352777,2.8726253509521484,
Stacking_Ridge_baseline/repeat2/outer3,2,baseline,B1c38,617.0,2.7969803174828733,2.7998818096550737,2.8726253509521484,
Stacking_Ridge_baseline/repeat2/outer3,2,baseline,B1c39,625.0,2.8157266780458285,2.8200921920839828,2.8726253509521484,
Stacking_Ridge_baseline/repeat2/outer3,2,baseline,B1c42,702.0,2.858031755431049,2.873284676205439,2.8726253509521484,
Stacking_Ridge_baseline/repeat2/outer3,2,baseline,B1c43,651.0,2.8585361177985433,2.8711718320191353,2.8726253509521484,
Stacking_Ridge_baseline/repeat2/outer3,3,baseline,B1c8,879.0,2.9476141208456825,2.9671991663842663,2.9940009117126465,
Stacking_Ridge_baseline/repeat2/outer3,3,baseline,B1c9,1054.0,2.9644104266225653,2.9673464465461206,3.015489101409912,
Stacking_Ridge_baseline/repeat2/outer3,3,baseline,B1c12,902.0,2.9834056439352965,2.92917030642079,2.9254794120788574,
Stacking_Ridge_baseline/repeat2/outer3,3,baseline,B1c13,897.0,2.9611263859697288,2.9245949605630117,2.9254794120788574,
Stacking_Ridge_baseline/repeat2/outer3,3,baseline,B1c16,862.0,2.9759651067842654,2.899049439016224,2.907533884048462,
Stacking_Ridge_baseline/repeat2/outer3,3,baseline,B1c17,857.0,2.9386558060624672,2.8714050058741587,2.907533884048462,
Stacking_Ridge_baseline/repeat2/outer3,3,baseline,B1c32,731.0,2.8452207964076788,2.802003312336642,2.8123486042022705,
Stacking_Ridge_baseline/repeat2/outer3,3,baseline,B1c33,757.0,2.851165294496843,2.8194619054166075,2.8123486042022705,
Stacking_Ridge_baseline/repeat2/outer4,1,baseline,B1c3,1226.0,3.071345296611357,3.0812310453827068,2.9717700481414795,
Stacking_Ridge_baseline/repeat2/outer4,1,baseline,B1c4,1227.0,3.129961447108002,3.1192127013641135,2.9717700481414795,
Stacking_Ridge_baseline/repeat2/outer4,1,baseline,B1c20,534.0,2.7640557438143576,2.748477135844946,2.804358720779419,
Stacking_Ridge_baseline/repeat2/outer4,1,baseline,B1c21,559.0,2.7592267383250246,2.7480784109491236,2.804358720779419,
Stacking_Ridge_baseline/repeat2/outer4,1,baseline,B1c24,1017.0,2.92734093511433,2.944712860276047,2.9502522945404053,
Stacking_Ridge_baseline/repeat2/outer4,1,baseline,B1c25,854.0,2.9528374220795017,2.960634163603871,2.9717700481414795,
Stacking_Ridge_baseline/repeat2/outer4,1,baseline,B1c32,731.0,2.843844825415877,2.828364673171851,2.804358720779419,
Stacking_Ridge_baseline/repeat2/outer4,1,baseline,B1c33,757.0,2.8497296064021036,2.8397312626116586,2.804358720779419,
Stacking_Ridge_baseline/repeat2/outer4,1,baseline,B1c40,966.0,2.960645244349866,2.979038068443475,2.9717700481414795,
Stacking_Ridge_baseline/repeat2/outer4,1,baseline,B1c41,1051.0,2.965303343814252,2.978153978403254,2.9717700481414795,
Stacking_Ridge_baseline/repeat2/outer4,2,baseline,B1c5,1074.0,2.9979790846879646,2.9881307865684112,3.046910524368286,
Stacking_Ridge_baseline/repeat2/outer4,2,baseline,B1c6,636.0,2.8828705979098133,2.8848978906587726,2.9307756423950195,
Stacking_Ridge_baseline/repeat2/outer4,2,baseline,B1c7,870.0,2.8953944490655776,2.9076102309253367,2.9236721992492676,
Stacking_Ridge_baseline/repeat2/outer4,2,baseline,B1c26,870.0,2.8902662037801066,2.9043401971943523,2.9236721992492676,
Stacking_Ridge_baseline/repeat2/outer4,2,baseline,B1c27,842.0,2.9066855013282544,2.9092477472395353,2.9307756423950195,
Stacking_Ridge_baseline/repeat2/outer4,2,baseline,B1c42,702.0,2.8539468956337917,2.8742730111518293,2.8255276679992676,
Stacking_Ridge_baseline/repeat2/outer4,2,baseline,B1c43,651.0,2.854486862826841,2.8710262131209334,2.8255276679992676,
Stacking_Ridge_baseline/repeat2/outer4,2,baseline,B1c44,616.0,2.785118830822796,2.789178943963208,2.810850143432617,
Stacking_Ridge_baseline/repeat2/outer4,2,baseline,B1c45,599.0,2.786408110499962,2.7900970075944267,2.810850143432617,
Stacking_Ridge_baseline/repeat2/outer4,3,baseline,B1c10,906.0,2.962894278240985,2.967604913148221,2.9351704120635986,
Stacking_Ridge_baseline/repeat2/outer4,3,baseline,B1c11,788.0,3.0002353322444817,2.9799094440289577,2.9730825424194336,
Stacking_Ridge_baseline/repeat2/outer4,3,baseline,B1c12,902.0,2.9937158789638056,2.9515928890302363,2.9686279296875,
Stacking_Ridge_baseline/repeat2/outer4,3,baseline,B1c13,897.0,2.9705332807735636,2.9436206219783028,2.9686279296875,
Stacking_Ridge_baseline/repeat2/outer4,3,baseline,B1c22,891.0,2.941747997015913,2.957277877475943,2.9351704120635986,
Stacking_Ridge_baseline/repeat2/outer4,3,baseline,B1c23,1014.0,2.9683668814997666,2.969390107809454,2.9730825424194336,
Stacking_Ridge_baseline/repeat2/outer4,3,baseline,B1c30,709.0,2.879433668993622,2.858847057633894,2.8274950981140137,
Stacking_Ridge_baseline/repeat2/outer4,3,baseline,B1c31,876.0,2.8893553922013835,2.873356705858857,2.9062588214874268,
Stacking_Ridge_baseline/repeat2/outer4,3,baseline,B1c36,704.0,2.856847669224889,2.876734701430811,2.8414089679718018,
Stacking_Ridge_baseline/repeat2/outer4,3,baseline,B1c37,648.0,2.8581805063444157,2.8775482825490917,2.8414089679718018,
Stacking_Ridge_baseline/repeat2/outer5,1,baseline,B1c3,1226.0,3.0915240985956056,3.084949264740964,2.9954419136047363,
Stacking_Ridge_baseline/repeat2/outer5,1,baseline,B1c4,1227.0,3.1559973809703474,3.116542397981058,2.9954419136047363,
Stacking_Ridge_baseline/repeat2/outer5,1,baseline,B1c16,862.0,2.983655051382649,2.932247377092832,2.9237256050109863,
Stacking_Ridge_baseline/repeat2/outer5,1,baseline,B1c17,857.0,2.943029926482325,2.9016408661749455,2.9237256050109863,
Stacking_Ridge_baseline/repeat2/outer5,1,baseline,B1c24,1017.0,2.933130314914372,2.9510175756432897,2.947636127471924,
Stacking_Ridge_baseline/repeat2/outer5,1,baseline,B1c25,854.0,2.961174500514099,2.9639780936959403,2.9954419136047363,
Stacking_Ridge_baseline/repeat2/outer5,1,baseline,B1c32,731.0,2.8412909803253683,2.8248854111528012,2.8344669342041016,
Stacking_Ridge_baseline/repeat2/outer5,1,baseline,B1c33,757.0,2.8477637893212475,2.8379022090545414,2.832961082458496,
Stacking_Ridge_baseline/repeat2/outer5,1,baseline,B1c36,704.0,2.8485318682508103,2.8663628219237984,2.8270785808563232,
Stacking_Ridge_baseline/repeat2/outer5,1,baseline,B1c37,648.0,2.8499266083702324,2.867284399254521,2.8270785808563232,
Stacking_Ridge_baseline/repeat2/outer5,2,baseline,B1c5,1074.0,2.9909894566162936,2.986046078990614,3.0300705432891846,
Stacking_Ridge_baseline/repeat2/outer5,2,baseline,B1c6,636.0,2.8781115582025922,2.8819512241898417,2.929069995880127,
Stacking_Ridge_baseline/repeat2/outer5,2,baseline,B1c7,870.0,2.89039272041814,2.9024292692249114,2.929069995880127,
Stacking_Ridge_baseline/repeat2/outer5,2,baseline,B1c22,891.0,2.9285736900618233,2.9456595799391945,2.9441938400268555,
Stacking_Ridge_baseline/repeat2/outer5,2,baseline,B1c23,1014.0,2.952973199433602,2.960116202682293,2.983525037765503,
Stacking_Ridge_baseline/repeat2/outer5,2,baseline,B1c42,702.0,2.849748343476703,2.868004156177699,2.856241226196289,
Stacking_Ridge_baseline/repeat2/outer5,2,baseline,B1c43,651.0,2.8502778471099255,2.8655180013462527,2.8482038974761963,
Stacking_Ridge_baseline/repeat2/outer5,2,baseline,B1c44,616.0,2.7822540385370447,2.7871331291149626,2.7793262004852295,
Stacking_Ridge_baseline/repeat2/outer5,2,baseline,B1c45,599.0,2.783518334372211,2.7881091509442726,2.7793262004852295,
Stacking_Ridge_baseline/repeat2/outer5,3,baseline,B1c8,879.0,2.9474286729954513,2.960836130170854,3.003532886505127,
Stacking_Ridge_baseline/repeat2/outer5,3,baseline,B1c9,1054.0,2.964025538906204,2.969303790786366,3.045457601547241,
Stacking_Ridge_baseline/repeat2/outer5,3,baseline,B1c10,906.0,2.9535263255261848,2.960116663311067,2.943401575088501,
Stacking_Ridge_baseline/repeat2/outer5,3,baseline,B1c11,788.0,2.988986224946924,2.9811320329214572,2.9970192909240723,
Stacking_Ridge_baseline/repeat2/outer5,3,baseline,B1c20,534.0,2.7666094435733806,2.7553707210178993,2.824639320373535,
Stacking_Ridge_baseline/repeat2/outer5,3,baseline,B1c21,559.0,2.761789356325765,2.754933500449746,2.824639320373535,
Stacking_Ridge_baseline/repeat2/outer5,3,baseline,B1c30,709.0,2.874270265715235,2.862565175280893,2.8374195098876953,
Stacking_Ridge_baseline/repeat2/outer5,3,baseline,B1c31,876.0,2.8836921558149275,2.8751459070679086,2.931525230407715,
Stacking_Ridge_baseline/repeat2/outer5,3,baseline,B1c38,617.0,2.785380192664035,2.784783143579542,2.824639320373535,
Stacking_Ridge_baseline/repeat2/outer5,3,baseline,B1c39,625.0,2.8057695210548137,2.806684326450911,2.824639320373535,
Stacking_Ridge_baseline/repeat3/outer1,1,baseline,B1c3,1226.0,3.0604499043772835,3.0773428509142544,2.9906058311462402,
Stacking_Ridge_baseline/repeat3/outer1,1,baseline,B1c4,1227.0,3.113916358559365,3.1028549687663265,2.9906058311462402,
Stacking_Ridge_baseline/repeat3/outer1,1,baseline,B1c5,1074.0,2.9917082489802307,2.989952329562956,2.9906058311462402,
Stacking_Ridge_baseline/repeat3/outer1,1,baseline,B1c40,966.0,2.9594753568840675,2.988180107070889,2.9906058311462402,
Stacking_Ridge_baseline/repeat3/outer1,1,baseline,B1c41,1051.0,2.963724221053379,2.984957515112327,2.9906058311462402,
Stacking_Ridge_baseline/repeat3/outer1,1,baseline,B1c42,702.0,2.8579909159558765,2.8763608959365823,2.8293519020080566,
Stacking_Ridge_baseline/repeat3/outer1,1,baseline,B1c43,651.0,2.858492213432846,2.873194192231391,2.8293519020080566,
Stacking_Ridge_baseline/repeat3/outer1,1,baseline,B1c44,616.0,2.79409196861507,2.7920714590968285,2.8442747592926025,
Stacking_Ridge_baseline/repeat3/outer1,1,baseline,B1c45,599.0,2.795288916610412,2.7929893706477977,2.8442747592926025,
Stacking_Ridge_baseline/repeat3/outer1,2,baseline,B1c8,879.0,2.9484350751161195,2.967599831207639,2.999394178390503,
Stacking_Ridge_baseline/repeat3/outer1,2,baseline,B1c9,1054.0,2.965230869783679,2.972545957130127,3.013766050338745,
Stacking_Ridge_baseline/repeat3/outer1,2,baseline,B1c10,906.0,2.954605813640552,2.9637982495240376,2.9362754821777344,
Stacking_Ridge_baseline/repeat3/outer1,2,baseline,B1c11,788.0,2.990490732685248,2.9786547593626014,2.985729217529297,
Stacking_Ridge_baseline/repeat3/outer1,2,baseline,B1c12,902.0,2.9842255090745047,2.9521668573612665,2.985729217529297,
Stacking_Ridge_baseline/repeat3/outer1,2,baseline,B1c13,897.0,2.9619469290637572,2.942639191863534,2.9362754821777344,
Stacking_Ridge_baseline/repeat3/outer1,2,baseline,B1c22,891.0,2.9342841432938336,2.9523179431248208,2.9362754821777344,
Stacking_Ridge_baseline/repeat3/outer1,2,baseline,B1c23,1014.0,2.9598650097223427,2.965959030371552,2.9362754821777344,
Stacking_Ridge_baseline/repeat3/outer1,2,baseline,B1c30,709.0,2.874399796799621,2.8563982227187266,2.82472562789917,
Stacking_Ridge_baseline/repeat3/outer1,2,baseline,B1c31,876.0,2.8839346169485394,2.87060908723132,2.9264297485351562,
Stacking_Ridge_baseline/repeat3/outer1,3,baseline,B1c6,636.0,2.8865559976977377,2.8853702309894347,2.9108030796051025,
Stacking_Ridge_baseline/repeat3/outer1,3,baseline,B1c7,870.0,2.89889562029336,2.908168482314067,2.9108030796051025,
Stacking_Ridge_baseline/repeat3/outer1,3,baseline,B1c16,862.0,2.9779896088816487,2.932455396182494,2.9452879428863525,
Stacking_Ridge_baseline/repeat3/outer1,3,baseline,B1c17,857.0,2.9422349905529837,2.904268849225425,2.9108030796051025,
Stacking_Ridge_baseline/repeat3/outer1,3,baseline,B1c24,1017.0,2.933522233753278,2.9561693933475572,2.9650156497955322,
Stacking_Ridge_baseline/repeat3/outer1,3,baseline,B1c25,854.0,2.9582042293143176,2.9671814199239197,2.9995005130767822,
Stacking_Ridge_baseline/repeat3/outer1,3,baseline,B1c38,617.0,2.7936579607657714,2.7916713715405095,2.8300106525421143,
Stacking_Ridge_baseline/repeat3/outer1,3,baseline,B1c39,625.0,2.8134324668592097,2.81357414779213,2.8300106525421143,
Stacking_Ridge_baseline/repeat3/outer2,1,baseline,B1c6,636.0,2.8845503216535646,2.8933376125311314,2.9072105884552,
Stacking_Ridge_baseline/repeat3/outer2,1,baseline,B1c7,870.0,2.896208660842511,2.916753698838303,2.9334499835968018,
Stacking_Ridge_baseline/repeat3/outer2,1,baseline,B1c8,879.0,2.945266252309772,2.974507769042355,2.978059768676758,
Stacking_Ridge_baseline/repeat3/outer2,1,baseline,B1c9,1054.0,2.9604739551926516,2.9764204499284084,2.995159864425659,
Stacking_Ridge_baseline/repeat3/outer2,1,baseline,B1c36,704.0,2.8585782759068157,2.8884667303449083,2.9072105884552,
Stacking_Ridge_baseline/repeat3/outer2,1,baseline,B1c37,648.0,2.859738029001744,2.8891526194268997,2.9072105884552,
Stacking_Ridge_baseline/repeat3/outer2,1,baseline,B1c38,617.0,2.796781282029584,2.8063840831981053,2.8592936992645264,
Stacking_Ridge_baseline/repeat3/outer2,1,baseline,B1c39,625.0,2.8154640170601497,2.8271373225911423,2.8592936992645264,
Stacking_Ridge_baseline/repeat3/outer2,1,baseline,B1c42,702.0,2.857625510144707,2.886230121062513,2.8809945583343506,
Stacking_Ridge_baseline/repeat3/outer2,1,baseline,B1c43,651.0,2.8581281606959776,2.882494093056802,2.9072105884552,
Stacking_Ridge_baseline/repeat3/outer2,2,baseline,B1c10,906.0,2.9539418511683895,2.9564161200470958,3.029587507247925,
Stacking_Ridge_baseline/repeat3/outer2,2,baseline,B1c11,788.0,2.9907357518401403,2.9753854474399386,3.029587507247925,
Stacking_Ridge_baseline/repeat3/outer2,2,baseline,B1c12,902.0,2.98431182721228,2.9535668250994123,3.029587507247925,
Stacking_Ridge_baseline/repeat3/outer2,2,baseline,B1c13,897.0,2.961468920446847,2.941554378302817,3.029587507247925,
Stacking_Ridge_baseline/repeat3/outer2,2,baseline,B1c16,862.0,2.976683049957291,2.9345536486338553,3.0163490772247314,
Stacking_Ridge_baseline/repeat3/outer2,2,baseline,B1c17,857.0,2.938429851435659,2.903953436711888,2.9218554496765137,
Stacking_Ridge_baseline/repeat3/outer2,2,baseline,B1c22,891.0,2.93310542349553,2.943298241122548,2.9293136596679688,
Stacking_Ridge_baseline/repeat3/outer2,2,baseline,B1c23,1014.0,2.9593342651238355,2.9591833954667455,3.029587507247925,
Stacking_Ridge_baseline/repeat3/outer2,2,baseline,B1c24,1017.0,2.9291082356246285,2.944315207306036,2.950946569442749,
Stacking_Ridge_baseline/repeat3/outer2,2,baseline,B1c25,854.0,2.9555150418007567,2.958567119004203,3.029587507247925,
Stacking_Ridge_baseline/repeat3/outer2,3,baseline,B1c3,1226.0,3.0702679355985794,3.0914677503700854,2.987785816192627,
Stacking_Ridge_baseline/repeat3/outer2,3,baseline,B1c4,1227.0,3.1299538686014934,3.1273438694845455,2.987785816192627,
Stacking_Ridge_baseline/repeat3/outer2,3,baseline,B1c20,534.0,2.7573701505114006,2.728213663984902,2.8113391399383545,
Stacking_Ridge_baseline/repeat3/outer2,3,baseline,B1c21,559.0,2.752453012561109,2.728837057936583,2.8113391399383545,
Stacking_Ridge_baseline/repeat3/outer2,3,baseline,B1c26,870.0,2.8818985105744424,2.890067247111089,2.933500051498413,
Stacking_Ridge_baseline/repeat3/outer2,3,baseline,B1c27,842.0,2.8989151313986845,2.8981342955049656,2.933500051498413,
Stacking_Ridge_baseline/repeat3/outer2,3,baseline,B1c32,731.0,2.8386154342511585,2.813996154977871,2.8113391399383545,
Stacking_Ridge_baseline/repeat3/outer2,3,baseline,B1c33,757.0,2.8446076162812775,2.8274991480526643,2.8113391399383545,
Stacking_Ridge_baseline/repeat3/outer3,1,baseline,B1c5,1074.0,3.0206477027472323,3.0116173380759386,2.9579124450683594,
Stacking_Ridge_baseline/repeat3/outer3,1,baseline,B1c12,902.0,3.0033705395482513,2.9715290310427154,2.939466953277588,
Stacking_Ridge_baseline/repeat3/outer3,1,baseline,B1c13,897.0,2.978531825090885,2.9605093665290863,2.939466953277588,
Stacking_Ridge_baseline/repeat3/outer3,1,baseline,B1c36,704.0,2.8567247515266656,2.881397386642058,2.850558280944824,
Stacking_Ridge_baseline/repeat3/outer3,1,baseline,B1c37,648.0,2.8581528037388653,2.8823514273495667,2.850558280944824,
Stacking_Ridge_baseline/repeat3/outer3,1,baseline,B1c40,966.0,2.980850874123321,3.00630323675682,2.9579124450683594,
Stacking_Ridge_baseline/repeat3/outer3,1,baseline,B1c41,1051.0,2.9860967986493585,3.003409784851182,2.9579124450683594,
Stacking_Ridge_baseline/repeat3/outer3,1,baseline,B1c44,616.0,2.7766577678842936,2.7845683582101106,2.781888961791992,
Stacking_Ridge_baseline/repeat3/outer3,1,baseline,B1c45,599.0,2.7781355978630695,2.7856517544842156,2.781888961791992,
Stacking_Ridge_baseline/repeat3/outer3,2,baseline,B1c16,862.0,2.9917008054702934,2.9510757931294855,2.95395827293396,
Stacking_Ridge_baseline/repeat3/outer3,2,baseline,B1c17,857.0,2.950477837348541,2.917090014946284,2.9465854167938232,
Stacking_Ridge_baseline/repeat3/outer3,2,baseline,B1c20,534.0,2.7581882916041343,2.746343991236212,2.7996199131011963,
Stacking_Ridge_baseline/repeat3/outer3,2,baseline,B1c21,559.0,2.7527985898235805,2.7463110285514722,2.7996199131011963,
Stacking_Ridge_baseline/repeat3/outer3,2,baseline,B1c22,891.0,2.944740049876511,2.9584664484270573,2.9808077812194824,
Stacking_Ridge_baseline/repeat3/outer3,2,baseline,B1c23,1014.0,2.973005155648063,2.976380436451529,2.9808077812194824,
Stacking_Ridge_baseline/repeat3/outer3,2,baseline,B1c24,1017.0,2.94043254215044,2.959371556850403,2.9808077812194824,
Stacking_Ridge_baseline/repeat3/outer3,2,baseline,B1c25,854.0,2.9688894286662237,2.975566133511392,2.9808077812194824,
Stacking_Ridge_baseline/repeat3/outer3,2,baseline,B1c32,731.0,2.847241691134612,2.8318834906869546,2.8303141593933105,
Stacking_Ridge_baseline/repeat3/outer3,2,baseline,B1c33,757.0,2.853809754606417,2.844540435940336,2.8303141593933105,
Stacking_Ridge_baseline/repeat3/outer3,3,baseline,B1c6,636.0,2.884026764389373,2.887275060918809,2.931959629058838,
Stacking_Ridge_baseline/repeat3/outer3,3,baseline,B1c7,870.0,2.8982242021777798,2.9100232126706578,2.9518465995788574,
Stacking_Ridge_baseline/repeat3/outer3,3,baseline,B1c26,870.0,2.892410659482436,2.9057825802221404,2.9518465995788574,
Stacking_Ridge_baseline/repeat3/outer3,3,baseline,B1c27,842.0,2.911024099754909,2.9146794881272307,2.938058376312256,
Stacking_Ridge_baseline/repeat3/outer3,3,baseline,B1c30,709.0,2.8763314188159894,2.865868693249338,2.9322526454925537,
Stacking_Ridge_baseline/repeat3/outer3,3,baseline,B1c31,876.0,2.886844956015107,2.8798573190274146,2.931959629058838,
Stacking_Ridge_baseline/repeat3/outer3,3,baseline,B1c38,617.0,2.777142287997476,2.782958398315421,2.855405330657959,
Stacking_Ridge_baseline/repeat3/outer3,3,baseline,B1c39,625.0,2.7998939822152282,2.806845106201895,2.855405330657959,
Stacking_Ridge_baseline/repeat3/outer4,1,baseline,B1c5,1074.0,2.9984963304662493,2.988372510193775,2.9962358474731445,
Stacking_Ridge_baseline/repeat3/outer4,1,baseline,B1c30,709.0,2.8787638936302646,2.8630788853824978,2.850985050201416,
Stacking_Ridge_baseline/repeat3/outer4,1,baseline,B1c31,876.0,2.8878734372501147,2.8770377001950687,2.930272340774536,
Stacking_Ridge_baseline/repeat3/outer4,1,baseline,B1c36,704.0,2.8580267549515463,2.883749368872582,2.850985050201416,
Stacking_Ridge_baseline/repeat3/outer4,1,baseline,B1c37,648.0,2.859250487727017,2.8844548555576197,2.850985050201416,
Stacking_Ridge_baseline/repeat3/outer4,1,baseline,B1c42,702.0,2.857021428304403,2.8814399779391313,2.850985050201416,
Stacking_Ridge_baseline/repeat3/outer4,1,baseline,B1c43,651.0,2.857551808397276,2.877575805333862,2.850985050201416,
Stacking_Ridge_baseline/repeat3/outer4,1,baseline,B1c44,616.0,2.789415403574317,2.7947152806584348,2.850985050201416,
Stacking_Ridge_baseline/repeat3/outer4,1,baseline,B1c45,599.0,2.7906817921322085,2.795555075870506,2.850985050201416,
Stacking_Ridge_baseline/repeat3/outer4,2,baseline,B1c3,1226.0,3.0756547874991327,3.068751500396481,2.969291925430298,
Stacking_Ridge_baseline/repeat3/outer4,2,baseline,B1c4,1227.0,3.1363251382161077,3.1070033941155737,2.969291925430298,
Stacking_Ridge_baseline/repeat3/outer4,2,baseline,B1c8,879.0,2.9450985982298876,2.9519524699042843,2.97188663482666,
Stacking_Ridge_baseline/repeat3/outer4,2,baseline,B1c9,1054.0,2.9623088846004855,2.9609255918972472,2.969291925430298,
Stacking_Ridge_baseline/repeat3/outer4,2,baseline,B1c16,862.0,2.9741483543711076,2.939016865785179,2.9169538021087646,
Stacking_Ridge_baseline/repeat3/outer4,2,baseline,B1c17,857.0,2.935919486771385,2.907869669232383,2.9229700565338135,
Stacking_Ridge_baseline/repeat3/outer4,2,baseline,B1c26,870.0,2.8841785299358738,2.890304230011059,2.924694776535034,
Stacking_Ridge_baseline/repeat3/outer4,2,baseline,B1c27,842.0,2.9014758109111773,2.899795031861516,2.924694776535034,
Stacking_Ridge_baseline/repeat3/outer4,2,baseline,B1c40,966.0,2.96107525714467,2.970369783022252,2.969291925430298,
Stacking_Ridge_baseline/repeat3/outer4,2,baseline,B1c41,1051.0,2.965896599484356,2.970060793089457,2.969291925430298,
Stacking_Ridge_baseline/repeat3/outer4,3,baseline,B1c6,636.0,2.8861672140424406,2.8857651953185113,2.930309295654297,
Stacking_Ridge_baseline/repeat3/outer4,3,baseline,B1c7,870.0,2.8990980620371456,2.9060042894959475,2.958137035369873,
Stacking_Ridge_baseline/repeat3/outer4,3,baseline,B1c10,906.0,2.9597074230283145,2.9656003247134475,2.9670193195343018,
Stacking_Ridge_baseline/repeat3/outer4,3,baseline,B1c11,788.0,2.995745810728167,2.987312492364678,3.0331199169158936,
Stacking_Ridge_baseline/repeat3/outer4,3,baseline,B1c20,534.0,2.76974120288943,2.7587889931200014,2.813582420349121,
Stacking_Ridge_baseline/repeat3/outer4,3,baseline,B1c21,559.0,2.7648424813528685,2.758215666111954,2.813582420349121,
Stacking_Ridge_baseline/repeat3/outer4,3,baseline,B1c24,1017.0,2.935383732182394,2.9515534492694067,2.958137035369873,
Stacking_Ridge_baseline/repeat3/outer4,3,baseline,B1c25,854.0,2.9612483103194127,2.967687869192221,2.9670193195343018,
Stacking_Ridge_baseline/repeat3/outer4,3,baseline,B1c32,731.0,2.8506821944222036,2.837801234557998,2.813582420349121,
Stacking_Ridge_baseline/repeat3/outer4,3,baseline,B1c33,757.0,2.85665193361982,2.8488224256840455,2.813582420349121,
Stacking_Ridge_baseline/repeat3/outer5,1,baseline,B1c5,1074.0,3.001928557910623,2.990334014490808,3.02583646774292,
Stacking_Ridge_baseline/repeat3/outer5,1,baseline,B1c32,731.0,2.8515482279622324,2.831466658794803,2.8522441387176514,
Stacking_Ridge_baseline/repeat3/outer5,1,baseline,B1c33,757.0,2.857365026390971,2.8464803886513304,2.8522441387176514,
Stacking_Ridge_baseline/repeat3/outer5,1,baseline,B1c36,704.0,2.858055261544437,2.884571352522127,2.8522441387176514,
Stacking_Ridge_baseline/repeat3/outer5,1,baseline,B1c37,648.0,2.859308646611155,2.8852659921611647,2.8522441387176514,
Stacking_Ridge_baseline/repeat3/outer5,1,baseline,B1c42,702.0,2.857025574808934,2.8820963955141283,2.8522441387176514,
Stacking_Ridge_baseline/repeat3/outer5,1,baseline,B1c43,651.0,2.8575688065515306,2.8778069225410086,2.8522441387176514,
Stacking_Ridge_baseline/repeat3/outer5,1,baseline,B1c44,616.0,2.787781387258063,2.7911547117180424,2.7829434871673584,
Stacking_Ridge_baseline/repeat3/outer5,1,baseline,B1c45,599.0,2.7890784617002446,2.7919943483773904,2.7829434871673584,
Stacking_Ridge_baseline/repeat3/outer5,2,baseline,B1c8,879.0,2.9435667297114456,2.952143345480214,2.981703281402588,
Stacking_Ridge_baseline/repeat3/outer5,2,baseline,B1c9,1054.0,2.959489039038623,2.9615508432284603,3.021939277648926,
Stacking_Ridge_baseline/repeat3/outer5,2,baseline,B1c12,902.0,2.9774958394510405,2.958913761951474,2.9467508792877197,
Stacking_Ridge_baseline/repeat3/outer5,2,baseline,B1c13,897.0,2.956375883573839,2.944918727200507,2.9467508792877197,
Stacking_Ridge_baseline/repeat3/outer5,2,baseline,B1c20,534.0,2.7700966469475206,2.764764355800444,2.816298246383667,
Stacking_Ridge_baseline/repeat3/outer5,2,baseline,B1c21,559.0,2.7654724654572793,2.7635482879839075,2.816298246383667,
Stacking_Ridge_baseline/repeat3/outer5,2,baseline,B1c26,870.0,2.8872057749473714,2.893638767611352,2.906514883041382,
Stacking_Ridge_baseline/repeat3/outer5,2,baseline,B1c27,842.0,2.903208568409216,2.903492157036588,2.906514883041382,
Stacking_Ridge_baseline/repeat3/outer5,2,baseline,B1c40,966.0,2.9583477333378907,2.9693838266352612,3.021939277648926,
Stacking_Ridge_baseline/repeat3/outer5,2,baseline,B1c41,1051.0,2.962808257843505,2.969638674904157,3.021939277648926,
Stacking_Ridge_baseline/repeat3/outer5,3,baseline,B1c3,1226.0,3.1125991268078246,3.1058919492639605,3.0064821243286133,
Stacking_Ridge_baseline/repeat3/outer5,3,baseline,B1c4,1227.0,3.1815540830105666,3.153706076966007,3.0064821243286133,
Stacking_Ridge_baseline/repeat3/outer5,3,baseline,B1c10,906.0,2.9714017789232425,2.9717757921566124,2.9641659259796143,
Stacking_Ridge_baseline/repeat3/outer5,3,baseline,B1c11,788.0,3.0131933302282383,2.999428953967845,3.0064821243286133,
Stacking_Ridge_baseline/repeat3/outer5,3,baseline,B1c22,891.0,2.94773517602969,2.954371142880167,2.949803113937378,
Stacking_Ridge_baseline/repeat3/outer5,3,baseline,B1c23,1014.0,2.9775266349554226,2.975819150823626,2.9641659259796143,
Stacking_Ridge_baseline/repeat3/outer5,3,baseline,B1c30,709.0,2.877993908513888,2.8677644118508065,2.9196596145629883,
Stacking_Ridge_baseline/repeat3/outer5,3,baseline,B1c31,876.0,2.889098153306558,2.8809501549339114,2.9196596145629883,
Stacking_Ridge_baseline/repeat3/outer5,3,baseline,B1c38,617.0,2.7732317938686513,2.7774997079224577,2.8480429649353027,
Stacking_Ridge_baseline/repeat3/outer5,3,baseline,B1c39,625.0,2.7972618017772257,2.8015918209102333,2.8480429649353027,
Stacking_Ridge_plus_top2/repeat1/outer1,1,plus_top2,B1c3,1226.0,3.003569487591456,3.0550007658580536,2.9817769527435303,dq100_10_q05_ah;dq100_10_mean_ah
Stacking_Ridge_plus_top2/repeat1/outer1,1,plus_top2,B1c4,1227.0,3.02325038071243,3.0813857704433154,2.9817769527435303,dq100_10_q05_ah;dq100_10_mean_ah
Stacking_Ridge_plus_top2/repeat1/outer1,1,plus_top2,B1c26,870.0,2.910350767546836,2.904680528110463,2.9366235733032227,dq100_10_q05_ah;dq100_10_mean_ah
Stacking_Ridge_plus_top2/repeat1/outer1,1,plus_top2,B1c27,842.0,2.923053575669864,2.9190905272988816,2.9366235733032227,dq100_10_q05_ah;dq100_10_mean_ah
Stacking_Ridge_plus_top2/repeat1/outer1,1,plus_top2,B1c38,617.0,2.792402463955907,2.7900687685666994,2.8532052040100098,dq100_10_q05_ah;dq100_10_mean_ah
Stacking_Ridge_plus_top2/repeat1/outer1,1,plus_top2,B1c39,625.0,2.804324375026442,2.8123239522688688,2.8532052040100098,dq100_10_q05_ah;dq100_10_mean_ah
Stacking_Ridge_plus_top2/repeat1/outer1,1,plus_top2,B1c40,966.0,2.9649904115202013,2.978371313304021,2.9817769527435303,dq100_10_q05_ah;dq100_10_mean_ah
Stacking_Ridge_plus_top2/repeat1/outer1,1,plus_top2,B1c41,1051.0,2.963340372167919,2.9778225692215456,2.9817769527435303,dq100_10_q05_ah;dq100_10_mean_ah
Stacking_Ridge_plus_top2/repeat1/outer1,1,plus_top2,B1c42,702.0,2.8717441014256875,2.8704234487856137,2.8532052040100098,dq100_10_q05_ah;dq100_10_mean_ah
Stacking_Ridge_plus_top2/repeat1/outer1,1,plus_top2,B1c43,651.0,2.8636462605828084,2.872501983416155,2.8532052040100098,dq100_10_q05_ah;dq100_10_mean_ah
Stacking_Ridge_plus_top2/repeat1/outer1,2,plus_top2,B1c8,879.0,2.9490496769680035,2.970826666680422,3.012211322784424,dq100_10_q05_ah;dq100_10_mean_ah
Stacking_Ridge_plus_top2/repeat1/outer1,2,plus_top2,B1c9,1054.0,2.9670782269964597,2.9824826708654553,3.0335967540740967,dq100_10_q05_ah;dq100_10_mean_ah
Stacking_Ridge_plus_top2/repeat1/outer1,2,plus_top2,B1c12,902.0,2.976079988518057,2.971039052250012,2.951139211654663,dq100_10_q05_ah;dq100_10_mean_ah
Stacking_Ridge_plus_top2/repeat1/outer1,2,plus_top2,B1c13,897.0,2.9886039494096535,2.957408293545416,2.9297537803649902,dq100_10_q05_ah;dq100_10_mean_ah
Stacking_Ridge_plus_top2/repeat1/outer1,2,plus_top2,B1c20,534.0,2.787424975759646,2.712612984196623,2.8252079486846924,dq100_10_q05_ah;dq100_10_mean_ah
Stacking_Ridge_plus_top2/repeat1/outer1,2,plus_top2,B1c21,559.0,2.680433037078573,2.7134431571133417,2.8252079486846924,dq100_10_q05_ah;dq100_10_mean_ah
Stacking_Ridge_plus_top2/repeat1/outer1,2,plus_top2,B1c32,731.0,2.8480544899796114,2.834072494359653,2.8252079486846924,dq100_10_q05_ah;dq100_10_mean_ah
Stacking_Ridge_plus_top2/repeat1/outer1,2,plus_top2,B1c33,757.0,2.8840194613260524,2.8405866431253073,2.8252079486846924,dq100_10_q05_ah;dq100_10_mean_ah
Stacking_Ridge_plus_top2/repeat1/outer1,2,plus_top2,B1c44,616.0,2.8143571463181454,2.7541234632282,2.8252079486846924,dq100_10_q05_ah;dq100_10_mean_ah
Stacking_Ridge_plus_top2/repeat1/outer1,2,plus_top2,B1c45,599.0,2.789541309463405,2.7542461005419097,2.8252079486846924,dq100_10_q05_ah;dq100_10_mean_ah
Stacking_Ridge_plus_top2/repeat1/outer1,3,plus_top2,B1c16,862.0,2.9909545436369527,2.9579538234660454,2.9782187938690186,dq100_10_q05_ah;dq100_10_mean_ah
Stacking_Ridge_plus_top2/repeat1/outer1,3,plus_top2,B1c17,857.0,2.9586626214443976,2.93342533618599,2.901930809020996,dq100_10_q05_ah;dq100_10_mean_ah
Stacking_Ridge_plus_top2/repeat1/outer1,3,plus_top2,B1c24,1017.0,2.9538797671054158,2.9610404641123194,2.9737980365753174,dq100_10_q05_ah;dq100_10_mean_ah
Stacking_Ridge_plus_top2/repeat1/outer1,3,plus_top2,B1c25,854.0,2.970678584630743,2.9750217553842053,2.9623074531555176,dq100_10_q05_ah;dq100_10_mean_ah
Stacking_Ridge_plus_top2/repeat1/outer1,3,plus_top2,B1c30,709.0,2.8850610337800178,2.880279319796175,2.901930809020996,dq100_10_q05_ah;dq100_10_mean_ah
Stacking_Ridge_plus_top2/repeat1/outer1,3,plus_top2,B1c31,876.0,2.9011453209457323,2.8900455181009463,2.901930809020996,dq100_10_q05_ah;dq100_10_mean_ah
Stacking_Ridge_plus_top2/repeat1/outer1,3,plus_top2,B1c36,704.0,2.867108946274266,2.8726342557448796,2.9053938388824463,dq100_10_q05_ah;dq100_10_mean_ah
Stacking_Ridge_plus_top2/repeat1/outer1,3,plus_top2,B1c37,648.0,2.8590448998723104,2.877448983664203,2.901930809020996,dq100_10_q05_ah;dq100_10_mean_ah
Stacking_Ridge_plus_top2/repeat1/outer2,1,plus_top2,B1c5,1074.0,3.0048417839435766,2.9865072136991184,3.0141968727111816,dq100_10_q05_ah;dq100_10_mean_ah
Stacking_Ridge_plus_top2/repeat1/outer2,1,plus_top2,B1c16,862.0,2.9822129317483217,2.9204388027271277,2.950692892074585,dq100_10_q05_ah;dq100_10_mean_ah
Stacking_Ridge_plus_top2/repeat1/outer2,1,plus_top2,B1c17,857.0,2.9389503659854097,2.8960843561130853,2.9260611534118652,dq100_10_q05_ah;dq100_10_mean_ah
Stacking_Ridge_plus_top2/repeat1/outer2,1,plus_top2,B1c24,1017.0,2.936315589481767,2.9616114930345945,2.989565134048462,dq100_10_q05_ah;dq100_10_mean_ah
Stacking_Ridge_plus_top2/repeat1/outer2,1,plus_top2,B1c25,854.0,2.949511019997256,2.967751522063263,3.0141968727111816,dq100_10_q05_ah;dq100_10_mean_ah
Stacking_Ridge_plus_top2/repeat1/outer2,1,plus_top2,B1c32,731.0,2.842248260082884,2.830018904879001,2.823474645614624,dq100_10_q05_ah;dq100_10_mean_ah
Stacking_Ridge_plus_top2/repeat1/outer2,1,plus_top2,B1c33,757.0,2.8676576459399135,2.844396964502007,2.823474645614624,dq100_10_q05_ah;dq100_10_mean_ah
Stacking_Ridge_plus_top2/repeat1/outer2,1,plus_top2,B1c36,704.0,2.8616584564836467,2.879879432330648,2.823474645614624,dq100_10_q05_ah;dq100_10_mean_ah
Stacking_Ridge_plus_top2/repeat1/outer2,1,plus_top2,B1c37,648.0,2.833414918046458,2.879887991352317,2.823474645614624,dq100_10_q05_ah;dq100_10_mean_ah
Stacking_Ridge_plus_top2/repeat1/outer2,2,plus_top2,B1c3,1226.0,3.03153516680063,3.075598768942035,2.95562744140625,dq100_10_q05_ah;dq100_10_mean_ah
Stacking_Ridge_plus_top2/repeat1/outer2,2,plus_top2,B1c4,1227.0,3.0670380328958844,3.1057128392442683,2.95562744140625,dq100_10_q05_ah;dq100_10_mean_ah
Stacking_Ridge_plus_top2/repeat1/outer2,2,plus_top2,B1c6,636.0,2.8938417669924807,2.900025791827591,2.9370906352996826,dq100_10_q05_ah;dq100_10_mean_ah
Stacking_Ridge_plus_top2/repeat1/outer2,2,plus_top2,B1c7,870.0,2.901958235998408,2.912836806941787,2.95562744140625,dq100_10_q05_ah;dq100_10_mean_ah
Stacking_Ridge_plus_top2/repeat1/outer2,2,plus_top2,B1c10,906.0,2.9707479774123464,2.981232865418214,2.95562744140625,dq100_10_q05_ah;dq100_10_mean_ah
Stacking_Ridge_plus_top2/repeat1/outer2,2,plus_top2,B1c11,788.0,2.9886073727314337,3.0020482652459934,2.95562744140625,dq100_10_q05_ah;dq100_10_mean_ah
Stacking_Ridge_plus_top2/repeat1/outer2,2,plus_top2,B1c26,870.0,2.9109171198904487,2.90783205902957,2.95562744140625,dq100_10_q05_ah;dq100_10_mean_ah
Stacking_Ridge_plus_top2/repeat1/outer2,2,plus_top2,B1c27,842.0,2.919256654003947,2.9214120363286527,2.9390482902526855,dq100_10_q05_ah;dq100_10_mean_ah
Stacking_Ridge_plus_top2/repeat1/outer2,2,plus_top2,B1c44,616.0,2.78967751533527,2.7736165393008383,2.84264874458313,dq100_10_q05_ah;dq100_10_mean_ah
Stacking_Ridge_plus_top2/repeat1/outer2,2,plus_top2,B1c45,599.0,2.7788473262909448,2.7740672101408173,2.84264874458313,dq100_10_q05_ah;dq100_10_mean_ah
Stacking_Ridge_plus_top2/repeat1/outer2,3,plus_top2,B1c12,902.0,2.9631999339745847,2.952675961549477,2.929460048675537,dq100_10_q05_ah;dq100_10_mean_ah
Stacking_Ridge_plus_top2/repeat1/outer2,3,plus_top2,B1c13,897.0,2.9882522250004877,2.9450757032276176,2.9290175437927246,dq100_10_q05_ah;dq100_10_mean_ah
Stacking_Ridge_plus_top2/repeat1/outer2,3,plus_top2,B1c20,534.0,2.789665305964551,2.7627482536248125,2.8516550064086914,dq100_10_q05_ah;dq100_10_mean_ah
Stacking_Ridge_plus_top2/repeat1/outer2,3,plus_top2,B1c21,559.0,2.6392517307439975,2.7549120285971096,2.8516550064086914,dq100_10_q05_ah;dq100_10_mean_ah
Stacking_Ridge_plus_top2/repeat1/outer2,3,plus_top2,B1c22,891.0,2.973134065673644,2.9496802444112054,2.983553647994995,dq100_10_q05_ah;dq100_10_mean_ah
Stacking_Ridge_plus_top2/repeat1/outer2,3,plus_top2,B1c23,1014.0,2.9862255931591144,2.9628419918188733,2.9529082775115967,dq100_10_q05_ah;dq100_10_mean_ah
Stacking_Ridge_plus_top2/repeat1/outer2,3,plus_top2,B1c30,709.0,2.8389584619832084,2.8625127913568917,2.8516550064086914,dq100_10_q05_ah;dq100_10_mean_ah
Stacking_Ridge_plus_top2/repeat1/outer2,3,plus_top2,B1c31,876.0,2.892359250616704,2.8772985798459323,2.9255306720733643,dq100_10_q05_ah;dq100_10_mean_ah
Stacking_Ridge_plus_top2/repeat1/outer3,1,plus_top2,B1c5,1074.0,3.0084843417941403,2.9857026936517927,2.9718756675720215,dq100_10_q05_ah;dq100_10_mean_ah
Stacking_Ridge_plus_top2/repeat1/outer3,1,plus_top2,B1c16,862.0,2.984928024789575,2.9098556914469444,2.8990089893341064,dq100_10_q05_ah;dq100_10_mean_ah
Stacking_Ridge_plus_top2/repeat1/outer3,1,plus_top2,B1c17,857.0,2.939805933290418,2.8795577794953937,2.892967939376831,dq100_10_q05_ah;dq100_10_mean_ah
Stacking_Ridge_plus_top2/repeat1/outer3,1,plus_top2,B1c32,731.0,2.8414122174641068,2.809925797398694,2.8020989894866943,dq100_10_q05_ah;dq100_10_mean_ah
Stacking_Ridge_plus_top2/repeat1/outer3,1,plus_top2,B1c33,757.0,2.8661122053250794,2.8287192314683454,2.8020989894866943,dq100_10_q05_ah;dq100_10_mean_ah
Stacking_Ridge_plus_top2/repeat1/outer3,1,plus_top2,B1c36,704.0,2.860355796851054,2.868504581404788,2.8442811965942383,dq100_10_q05_ah;dq100_10_mean_ah
Stacking_Ridge_plus_top2/repeat1/outer3,1,plus_top2,B1c37,648.0,2.8339113428108402,2.865971719477585,2.8442811965942383,dq100_10_q05_ah;dq100_10_mean_ah
Stacking_Ridge_plus_top2/repeat1/outer3,1,plus_top2,B1c40,966.0,2.974103529278795,2.9917694965330663,2.9718756675720215,dq100_10_q05_ah;dq100_10_mean_ah
Stacking_Ridge_plus_top2/repeat1/outer3,1,plus_top2,B1c41,1051.0,2.973323909747874,2.9857492644783448,2.9718756675720215,dq100_10_q05_ah;dq100_10_mean_ah
Stacking_Ridge_plus_top2/repeat1/outer3,2,plus_top2,B1c6,636.0,2.887394462424798,2.8983203233604704,2.928779125213623,dq100_10_q05_ah;dq100_10_mean_ah
Stacking_Ridge_plus_top2/repeat1/outer3,2,plus_top2,B1c7,870.0,2.899051647465475,2.9122252880088833,2.9699950218200684,dq100_10_q05_ah;dq100_10_mean_ah
Stacking_Ridge_plus_top2/repeat1/outer3,2,plus_top2,B1c8,879.0,2.95365742354035,2.9734791900612243,2.9876110553741455,dq100_10_q05_ah;dq100_10_mean_ah
Stacking_Ridge_plus_top2/repeat1/outer3,2,plus_top2,B1c9,1054.0,2.9714422779063487,2.9844589401212827,2.9876110553741455,dq100_10_q05_ah;dq100_10_mean_ah
Stacking_Ridge_plus_top2/repeat1/outer3,2,plus_top2,B1c10,906.0,2.9676869233705454,2.9818624876807283,2.9848339557647705,dq100_10_q05_ah;dq100_10_mean_ah
Stacking_Ridge_plus_top2/repeat1/outer3,2,plus_top2,B1c11,788.0,2.996047014708153,3.003750627860656,2.9848339557647705,dq100_10_q05_ah;dq100_10_mean_ah
Stacking_Ridge_plus_top2/repeat1/outer3,2,plus_top2,B1c24,1017.0,2.942461389278532,2.9603377085536855,2.9727721214294434,dq100_10_q05_ah;dq100_10_mean_ah
Stacking_Ridge_plus_top2/repeat1/outer3,2,plus_top2,B1c25,854.0,2.961733748452072,2.9756541120335323,2.9876110553741455,dq100_10_q05_ah;dq100_10_mean_ah
Stacking_Ridge_plus_top2/repeat1/outer3,2,plus_top2,B1c42,702.0,2.8585917378534904,2.8693974795969677,2.8469605445861816,dq100_10_q05_ah;dq100_10_mean_ah
Stacking_Ridge_plus_top2/repeat1/outer3,2,plus_top2,B1c43,651.0,2.849161568026626,2.870157749512064,2.8469605445861816,dq100_10_q05_ah;dq100_10_mean_ah
Stacking_Ridge_plus_top2/repeat1/outer3,3,plus_top2,B1c12,902.0,2.9629268291419946,2.9625838772590107,2.925276756286621,dq100_10_q05_ah;dq100_10_mean_ah
Stacking_Ridge_plus_top2/repeat1/outer3,3,plus_top2,B1c13,897.0,2.9914774692269512,2.9544114839235367,2.9211409091949463,dq100_10_q05_ah;dq100_10_mean_ah
Stacking_Ridge_plus_top2/repeat1/outer3,3,plus_top2,B1c20,534.0,2.8044392227835697,2.7657750095210956,2.8755838871002197,dq100_10_q05_ah;dq100_10_mean_ah
Stacking_Ridge_plus_top2/repeat1/outer3,3,plus_top2,B1c21,559.0,2.646893291909353,2.7423141680897203,2.8755838871002197,dq100_10_q05_ah;dq100_10_mean_ah
Stacking_Ridge_plus_top2/repeat1/outer3,3,plus_top2,B1c22,891.0,2.978351792757676,2.9535831072929324,2.9355428218841553,dq100_10_q05_ah;dq100_10_mean_ah
Stacking_Ridge_plus_top2/repeat1/outer3,3,plus_top2,B1c23,1014.0,2.989573584267525,2.9721326539379302,2.9355428218841553,dq100_10_q05_ah;dq100_10_mean_ah
Stacking_Ridge_plus_top2/repeat1/outer3,3,plus_top2,B1c38,617.0,2.7735589618757324,2.7766384615041284,2.8755838871002197,dq100_10_q05_ah;dq100_10_mean_ah
Stacking_Ridge_plus_top2/repeat1/outer3,3,plus_top2,B1c39,625.0,2.752947375007678,2.7937018903153694,2.8755838871002197,dq100_10_q05_ah;dq100_10_mean_ah
Stacking_Ridge_plus_top2/repeat1/outer4,1,plus_top2,B1c5,1074.0,3.0306245954701536,2.979083612012145,3.0341947078704834,dq100_10_q05_ah;dq100_10_mean_ah
Stacking_Ridge_plus_top2/repeat1/outer4,1,plus_top2,B1c16,862.0,3.0061315337307266,2.8883315821037643,2.926095724105835,dq100_10_q05_ah;dq100_10_mean_ah
Stacking_Ridge_plus_top2/repeat1/outer4,1,plus_top2,B1c17,857.0,2.952338469167836,2.8643476429950283,2.9273359775543213,dq100_10_q05_ah;dq100_10_mean_ah
Stacking_Ridge_plus_top2/repeat1/outer4,1,plus_top2,B1c30,709.0,2.853606446751364,2.8397434010712703,2.809849500656128,dq100_10_q05_ah;dq100_10_mean_ah
Stacking_Ridge_plus_top2/repeat1/outer4,1,plus_top2,B1c31,876.0,2.9031914866704667,2.859287983604041,2.9273359775543213,dq100_10_q05_ah;dq100_10_mean_ah
Stacking_Ridge_plus_top2/repeat1/outer4,1,plus_top2,B1c36,704.0,2.8785674253002798,2.8862695251547104,2.809849500656128,dq100_10_q05_ah;dq100_10_mean_ah
Stacking_Ridge_plus_top2/repeat1/outer4,1,plus_top2,B1c37,648.0,2.8195223145744355,2.8830431826247764,2.809849500656128,dq100_10_q05_ah;dq100_10_mean_ah
Stacking_Ridge_plus_top2/repeat1/outer4,1,plus_top2,B1c42,702.0,2.8743291939421605,2.882374510219587,2.809849500656128,dq100_10_q05_ah;dq100_10_mean_ah
Stacking_Ridge_plus_top2/repeat1/outer4,1,plus_top2,B1c43,651.0,2.8143008728681855,2.8725227286997677,2.809849500656128,dq100_10_q05_ah;dq100_10_mean_ah
Stacking_Ridge_plus_top2/repeat1/outer4,2,plus_top2,B1c3,1226.0,3.072138751398322,3.1033081423750373,3.0105559825897217,dq100_10_q05_ah;dq100_10_mean_ah
Stacking_Ridge_plus_top2/repeat1/outer4,2,plus_top2,B1c4,1227.0,3.1310270078440388,3.146715278574689,3.0105559825897217,dq100_10_q05_ah;dq100_10_mean_ah
Stacking_Ridge_plus_top2/repeat1/outer4,2,plus_top2,B1c6,636.0,2.874245091606204,2.8921173461493224,2.9207100868225098,dq100_10_q05_ah;dq100_10_mean_ah
Stacking_Ridge_plus_top2/repeat1/outer4,2,plus_top2,B1c7,870.0,2.8970663157576753,2.907811235605297,2.9607574939727783,dq100_10_q05_ah;dq100_10_mean_ah
Stacking_Ridge_plus_top2/repeat1/outer4,2,plus_top2,B1c10,906.0,2.9663062098712607,2.9859310157371004,3.0081522464752197,dq100_10_q05_ah;dq100_10_mean_ah
Stacking_Ridge_plus_top2/repeat1/outer4,2,plus_top2,B1c11,788.0,2.985416867310745,3.0135070711455176,3.0081522464752197,dq100_10_q05_ah;dq100_10_mean_ah
Stacking_Ridge_plus_top2/repeat1/outer4,2,plus_top2,B1c24,1017.0,2.951038634510657,2.9607068071262197,2.9590775966644287,dq100_10_q05_ah;dq100_10_mean_ah
Stacking_Ridge_plus_top2/repeat1/outer4,2,plus_top2,B1c25,854.0,2.9633724768369505,2.979982847507631,3.0105559825897217,dq100_10_q05_ah;dq100_10_mean_ah
Stacking_Ridge_plus_top2/repeat1/outer4,2,plus_top2,B1c44,616.0,2.8046171523913337,2.7536514565577703,2.8133254051208496,dq100_10_q05_ah;dq100_10_mean_ah
Stacking_Ridge_plus_top2/repeat1/outer4,2,plus_top2,B1c45,599.0,2.785265398224493,2.753246409525998,2.8133254051208496,dq100_10_q05_ah;dq100_10_mean_ah
Stacking_Ridge_plus_top2/repeat1/outer4,3,plus_top2,B1c8,879.0,2.9355503064403115,2.953223555127351,3.0077157020568848,dq100_10_q05_ah;dq100_10_mean_ah
Stacking_Ridge_plus_top2/repeat1/outer4,3,plus_top2,B1c9,1054.0,2.9542998784494268,2.9616074170014315,3.003370761871338,dq100_10_q05_ah;dq100_10_mean_ah
Stacking_Ridge_plus_top2/repeat1/outer4,3,plus_top2,B1c22,891.0,2.9687651049459745,2.941968405281898,2.9436161518096924,dq100_10_q05_ah;dq100_10_mean_ah
Stacking_Ridge_plus_top2/repeat1/outer4,3,plus_top2,B1c23,1014.0,2.982947816312927,2.957317021422672,2.9298672676086426,dq100_10_q05_ah;dq100_10_mean_ah
Stacking_Ridge_plus_top2/repeat1/outer4,3,plus_top2,B1c26,870.0,2.9200246902862257,2.8936359267151524,2.9330451488494873,dq100_10_q05_ah;dq100_10_mean_ah
Stacking_Ridge_plus_top2/repeat1/outer4,3,plus_top2,B1c27,842.0,2.9039951421147174,2.9004851553081545,2.930318832397461,dq100_10_q05_ah;dq100_10_mean_ah
Stacking_Ridge_plus_top2/repeat1/outer4,3,plus_top2,B1c38,617.0,2.7640692643952613,2.777712851937203,2.8119258880615234,dq100_10_q05_ah;dq100_10_mean_ah
Stacking_Ridge_plus_top2/repeat1/outer4,3,plus_top2,B1c39,625.0,2.7497245851250534,2.797030895520124,2.8119258880615234,dq100_10_q05_ah;dq100_10_mean_ah
Stacking_Ridge_plus_top2/repeat1/outer4,3,plus_top2,B1c40,966.0,2.98624719267056,2.974379677293097,3.003370761871338,dq100_10_q05_ah;dq100_10_mean_ah
Stacking_Ridge_plus_top2/repeat1/outer4,3,plus_top2,B1c41,1051.0,2.9787594511776145,2.972438116114546,3.003370761871338,dq100_10_q05_ah;dq100_10_mean_ah
Stacking_Ridge_plus_top2/repeat1/outer5,1,plus_top2,B1c5,1074.0,3.015139830961163,2.999636538893301,3.030158758163452,dq100_10_q05_ah;dq100_10_mean_ah
Stacking_Ridge_plus_top2/repeat1/outer5,1,plus_top2,B1c10,906.0,2.9770430448701655,2.982700394885816,2.999765634536743,dq100_10_q05_ah;dq100_10_mean_ah
Stacking_Ridge_plus_top2/repeat1/outer5,1,plus_top2,B1c11,788.0,3.0018840766774484,2.997039331750984,3.0287282466888428,dq100_10_q05_ah;dq100_10_mean_ah
Stacking_Ridge_plus_top2/repeat1/outer5,1,plus_top2,B1c30,709.0,2.880813476945253,2.8752534805038064,2.8574962615966797,dq100_10_q05_ah;dq100_10_mean_ah
Stacking_Ridge_plus_top2/repeat1/outer5,1,plus_top2,B1c31,876.0,2.9003849335363996,2.887198829453981,2.921740770339966,dq100_10_q05_ah;dq100_10_mean_ah
Stacking_Ridge_plus_top2/repeat1/outer5,1,plus_top2,B1c38,617.0,2.7839893639504005,2.7925266655138,2.8574962615966797,dq100_10_q05_ah;dq100_10_mean_ah
Stacking_Ridge_plus_top2/repeat1/outer5,1,plus_top2,B1c39,625.0,2.796087482458454,2.8157293065162325,2.8574962615966797,dq100_10_q05_ah;dq100_10_mean_ah
Stacking_Ridge_plus_top2/repeat1/outer5,1,plus_top2,B1c42,702.0,2.8677773964305855,2.880400114892354,2.8574962615966797,dq100_10_q05_ah;dq100_10_mean_ah
Stacking_Ridge_plus_top2/repeat1/outer5,1,plus_top2,B1c43,651.0,2.8530859385533285,2.8794579879162736,2.8574962615966797,dq100_10_q05_ah;dq100_10_mean_ah
Stacking_Ridge_plus_top2/repeat1/outer5,2,plus_top2,B1c3,1226.0,3.090476006128725,3.08099628173396,2.9835381507873535,dq100_10_q05_ah;dq100_10_mean_ah
Stacking_Ridge_plus_top2/repeat1/outer5,2,plus_top2,B1c4,1227.0,3.1579093239895544,3.1184433539978595,2.9835381507873535,dq100_10_q05_ah;dq100_10_mean_ah
Stacking_Ridge_plus_top2/repeat1/outer5,2,plus_top2,B1c6,636.0,2.8727053583111477,2.89032417774792,2.9117884635925293,dq100_10_q05_ah;dq100_10_mean_ah
Stacking_Ridge_plus_top2/repeat1/outer5,2,plus_top2,B1c7,870.0,2.8963193608502045,2.9071887342466844,2.9117884635925293,dq100_10_q05_ah;dq100_10_mean_ah
Stacking_Ridge_plus_top2/repeat1/outer5,2,plus_top2,B1c12,902.0,2.9915710621979947,2.972116834064367,2.9337191581726074,dq100_10_q05_ah;dq100_10_mean_ah
Stacking_Ridge_plus_top2/repeat1/outer5,2,plus_top2,B1c13,897.0,2.9861004594757454,2.9588915465298267,2.9337191581726074,dq100_10_q05_ah;dq100_10_mean_ah
Stacking_Ridge_plus_top2/repeat1/outer5,2,plus_top2,B1c26,870.0,2.9103873111962493,2.9040454215832177,2.9117884635925293,dq100_10_q05_ah;dq100_10_mean_ah
Stacking_Ridge_plus_top2/repeat1/outer5,2,plus_top2,B1c27,842.0,2.912841630112229,2.9150702179500576,2.9117884635925293,dq100_10_q05_ah;dq100_10_mean_ah
Stacking_Ridge_plus_top2/repeat1/outer5,2,plus_top2,B1c44,616.0,2.8019822625665554,2.779316124851341,2.7874345779418945,dq100_10_q05_ah;dq100_10_mean_ah
Stacking_Ridge_plus_top2/repeat1/outer5,2,plus_top2,B1c45,599.0,2.7890069960991566,2.7790120857807747,2.7874345779418945,dq100_10_q05_ah;dq100_10_mean_ah
Stacking_Ridge_plus_top2/repeat1/outer5,3,plus_top2,B1c8,879.0,2.936825703334838,2.960982104579879,2.953052520751953,dq100_10_q05_ah;dq100_10_mean_ah
Stacking_Ridge_plus_top2/repeat1/outer5,3,plus_top2,B1c9,1054.0,2.954059809235248,2.966313088387412,2.953052520751953,dq100_10_q05_ah;dq100_10_mean_ah
Stacking_Ridge_plus_top2/repeat1/outer5,3,plus_top2,B1c20,534.0,2.806325869142342,2.7561968817718463,2.8298873901367188,dq100_10_q05_ah;dq100_10_mean_ah
Stacking_Ridge_plus_top2/repeat1/outer5,3,plus_top2,B1c21,559.0,2.68605894229927,2.749688562256811,2.8298873901367188,dq100_10_q05_ah;dq100_10_mean_ah
Stacking_Ridge_plus_top2/repeat1/outer5,3,plus_top2,B1c22,891.0,2.964645047782098,2.9493868475232965,2.953052520751953,dq100_10_q05_ah;dq100_10_mean_ah
Stacking_Ridge_plus_top2/repeat1/outer5,3,plus_top2,B1c23,1014.0,2.980033048493465,2.9619186132136086,2.953052520751953,dq100_10_q05_ah;dq100_10_mean_ah
Stacking_Ridge_plus_top2/repeat1/outer5,3,plus_top2,B1c32,731.0,2.840808750408055,2.8295234041119937,2.8298873901367188,dq100_10_q05_ah;dq100_10_mean_ah
Stacking_Ridge_plus_top2/repeat1/outer5,3,plus_top2,B1c33,757.0,2.882813912002857,2.8441028715555765,2.8298873901367188,dq100_10_q05_ah;dq100_10_mean_ah
Stacking_Ridge_plus_top2/repeat1/outer5,3,plus_top2,B1c40,966.0,2.982470516986158,2.98264402880873,2.953052520751953,dq100_10_q05_ah;dq100_10_mean_ah
Stacking_Ridge_plus_top2/repeat1/outer5,3,plus_top2,B1c41,1051.0,2.97684737949838,2.979147308996279,2.953052520751953,dq100_10_q05_ah;dq100_10_mean_ah
Stacking_Ridge_plus_top2/repeat2/outer1,1,plus_top2,B1c3,1226.0,3.0243401509828436,3.0823877260852437,2.9838242530822754,dq100_10_q05_ah;dq100_10_mean_ah
Stacking_Ridge_plus_top2/repeat2/outer1,1,plus_top2,B1c4,1227.0,3.0566074435581414,3.104595681594948,2.9838242530822754,dq100_10_q05_ah;dq100_10_mean_ah
Stacking_Ridge_plus_top2/repeat2/outer1,1,plus_top2,B1c5,1074.0,2.9925184667175833,2.9988297798664116,2.9838242530822754,dq100_10_q05_ah;dq100_10_mean_ah
Stacking_Ridge_plus_top2/repeat2/outer1,1,plus_top2,B1c10,906.0,2.969813629759638,2.9797841598793458,2.935922622680664,dq100_10_q05_ah;dq100_10_mean_ah
Stacking_Ridge_plus_top2/repeat2/outer1,1,plus_top2,B1c11,788.0,2.986869994057057,2.993251381650603,2.9458656311035156,dq100_10_q05_ah;dq100_10_mean_ah
Stacking_Ridge_plus_top2/repeat2/outer1,1,plus_top2,B1c38,617.0,2.7893896456246208,2.789191135666394,2.8306515216827393,dq100_10_q05_ah;dq100_10_mean_ah
Stacking_Ridge_plus_top2/repeat2/outer1,1,plus_top2,B1c39,625.0,2.798716571421401,2.812272807156319,2.8306515216827393,dq100_10_q05_ah;dq100_10_mean_ah
Stacking_Ridge_plus_top2/repeat2/outer1,1,plus_top2,B1c40,966.0,2.9701749607074244,2.997332998786224,2.9838242530822754,dq100_10_q05_ah;dq100_10_mean_ah
Stacking_Ridge_plus_top2/repeat2/outer1,1,plus_top2,B1c41,1051.0,2.968723702018095,2.993701205217504,2.9838242530822754,dq100_10_q05_ah;dq100_10_mean_ah
Stacking_Ridge_plus_top2/repeat2/outer1,2,plus_top2,B1c6,636.0,2.8652925340635087,2.891110729736994,2.9093501567840576,dq100_10_q05_ah;dq100_10_mean_ah
Stacking_Ridge_plus_top2/repeat2/outer1,2,plus_top2,B1c7,870.0,2.895722525642067,2.9130044567363016,2.9093501567840576,dq100_10_q05_ah;dq100_10_mean_ah
Stacking_Ridge_plus_top2/repeat2/outer1,2,plus_top2,B1c20,534.0,2.8387881628628597,2.7586277804904014,2.9093501567840576,dq100_10_q05_ah;dq100_10_mean_ah
Stacking_Ridge_plus_top2/repeat2/outer1,2,plus_top2,B1c21,559.0,2.710962376502411,2.7548452754739867,2.9093501567840576,dq100_10_q05_ah;dq100_10_mean_ah
Stacking_Ridge_plus_top2/repeat2/outer1,2,plus_top2,B1c26,870.0,2.9323797036090937,2.911593937512781,2.9093501567840576,dq100_10_q05_ah;dq100_10_mean_ah
Stacking_Ridge_plus_top2/repeat2/outer1,2,plus_top2,B1c27,842.0,2.9145180519865828,2.9156715036527,2.9093501567840576,dq100_10_q05_ah;dq100_10_mean_ah
Stacking_Ridge_plus_top2/repeat2/outer1,2,plus_top2,B1c30,709.0,2.860243625829919,2.8659022688130875,2.9093501567840576,dq100_10_q05_ah;dq100_10_mean_ah
Stacking_Ridge_plus_top2/repeat2/outer1,2,plus_top2,B1c31,876.0,2.9062159991006755,2.8808181919182223,2.9093501567840576,dq100_10_q05_ah;dq100_10_mean_ah
Stacking_Ridge_plus_top2/repeat2/outer1,2,plus_top2,B1c44,616.0,2.853016557423823,2.791237064556542,2.9093501567840576,dq100_10_q05_ah;dq100_10_mean_ah
Stacking_Ridge_plus_top2/repeat2/outer1,2,plus_top2,B1c45,599.0,2.8239068082947374,2.790427445396475,2.9093501567840576,dq100_10_q05_ah;dq100_10_mean_ah
Stacking_Ridge_plus_top2/repeat2/outer1,3,plus_top2,B1c8,879.0,2.94790149496174,2.9727943224845945,3.000460624694824,dq100_10_q05_ah;dq100_10_mean_ah
Stacking_Ridge_plus_top2/repeat2/outer1,3,plus_top2,B1c9,1054.0,2.9653833858877707,2.974688254344635,3.000460624694824,dq100_10_q05_ah;dq100_10_mean_ah
Stacking_Ridge_plus_top2/repeat2/outer1,3,plus_top2,B1c12,902.0,2.978184219664823,2.9437350468117285,2.9270405769348145,dq100_10_q05_ah;dq100_10_mean_ah
Stacking_Ridge_plus_top2/repeat2/outer1,3,plus_top2,B1c13,897.0,2.979320294882726,2.9394194820420525,2.9270405769348145,dq100_10_q05_ah;dq100_10_mean_ah
Stacking_Ridge_plus_top2/repeat2/outer1,3,plus_top2,B1c16,862.0,2.990654124131593,2.919402686969871,2.9270405769348145,dq100_10_q05_ah;dq100_10_mean_ah
Stacking_Ridge_plus_top2/repeat2/outer1,3,plus_top2,B1c17,857.0,2.946533320297522,2.8946290008403373,2.9270405769348145,dq100_10_q05_ah;dq100_10_mean_ah
Stacking_Ridge_plus_top2/repeat2/outer1,3,plus_top2,B1c24,1017.0,2.944161013132723,2.9631959919323707,3.000460624694824,dq100_10_q05_ah;dq100_10_mean_ah
Stacking_Ridge_plus_top2/repeat2/outer1,3,plus_top2,B1c25,854.0,2.9570007833192675,2.9690918072927577,2.9862892627716064,dq100_10_q05_ah;dq100_10_mean_ah
Stacking_Ridge_plus_top2/repeat2/outer2,1,plus_top2,B1c8,879.0,2.9527476537478337,2.966518324147895,2.970346689224243,dq100_10_q05_ah;dq100_10_mean_ah
Stacking_Ridge_plus_top2/repeat2/outer2,1,plus_top2,B1c9,1054.0,2.969334629087487,2.9785880020388364,2.9523894786834717,dq100_10_q05_ah;dq100_10_mean_ah
Stacking_Ridge_plus_top2/repeat2/outer2,1,plus_top2,B1c16,862.0,2.979427229763981,2.960978262216604,2.9510254859924316,dq100_10_q05_ah;dq100_10_mean_ah
Stacking_Ridge_plus_top2/repeat2/outer2,1,plus_top2,B1c17,857.0,2.951721221198762,2.9355103418898603,2.968982696533203,dq100_10_q05_ah;dq100_10_mean_ah
Stacking_Ridge_plus_top2/repeat2/outer2,1,plus_top2,B1c26,870.0,2.9136025113554984,2.9055831068879736,2.9484784603118896,dq100_10_q05_ah;dq100_10_mean_ah
Stacking_Ridge_plus_top2/repeat2/outer2,1,plus_top2,B1c27,842.0,2.9224112609244557,2.920408528363023,2.9471144676208496,dq100_10_q05_ah;dq100_10_mean_ah
Stacking_Ridge_plus_top2/repeat2/outer2,1,plus_top2,B1c40,966.0,2.975280363686476,2.9820379707672684,2.9523894786834717,dq100_10_q05_ah;dq100_10_mean_ah
Stacking_Ridge_plus_top2/repeat2/outer2,1,plus_top2,B1c41,1051.0,2.973560365125204,2.982005495607016,2.9523894786834717,dq100_10_q05_ah;dq100_10_mean_ah
Stacking_Ridge_plus_top2/repeat2/outer2,1,plus_top2,B1c42,702.0,2.870451155662615,2.869388667915839,2.851133108139038,dq100_10_q05_ah;dq100_10_mean_ah
Stacking_Ridge_plus_top2/repeat2/outer2,1,plus_top2,B1c43,651.0,2.8544377661405718,2.870539410468132,2.851133108139038,dq100_10_q05_ah;dq100_10_mean_ah
Stacking_Ridge_plus_top2/repeat2/outer2,2,plus_top2,B1c12,902.0,2.9935542067966168,2.973442471972666,2.979379892349243,dq100_10_q05_ah;dq100_10_mean_ah
Stacking_Ridge_plus_top2/repeat2/outer2,2,plus_top2,B1c13,897.0,2.980065506933381,2.9601792238421414,2.979379892349243,dq100_10_q05_ah;dq100_10_mean_ah
Stacking_Ridge_plus_top2/repeat2/outer2,2,plus_top2,B1c30,709.0,2.883578685499674,2.871670988251913,2.9051170349121094,dq100_10_q05_ah;dq100_10_mean_ah
Stacking_Ridge_plus_top2/repeat2/outer2,2,plus_top2,B1c31,876.0,2.898911073656255,2.8837077440168866,2.9051170349121094,dq100_10_q05_ah;dq100_10_mean_ah
Stacking_Ridge_plus_top2/repeat2/outer2,2,plus_top2,B1c32,731.0,2.854105275877856,2.8374752851136176,2.8158559799194336,dq100_10_q05_ah;dq100_10_mean_ah
Stacking_Ridge_plus_top2/repeat2/outer2,2,plus_top2,B1c33,757.0,2.863738436268746,2.846267831274404,2.8158559799194336,dq100_10_q05_ah;dq100_10_mean_ah
Stacking_Ridge_plus_top2/repeat2/outer2,2,plus_top2,B1c36,704.0,2.8638224148620175,2.870132275455251,2.9290168285369873,dq100_10_q05_ah;dq100_10_mean_ah
Stacking_Ridge_plus_top2/repeat2/outer2,2,plus_top2,B1c37,648.0,2.857441669140074,2.873732376209822,2.9290168285369873,dq100_10_q05_ah;dq100_10_mean_ah
Stacking_Ridge_plus_top2/repeat2/outer2,2,plus_top2,B1c44,616.0,2.7775699928564785,2.7675443643125752,2.78532338142395,dq100_10_q05_ah;dq100_10_mean_ah
Stacking_Ridge_plus_top2/repeat2/outer2,2,plus_top2,B1c45,599.0,2.7721903019900673,2.76827829910703,2.78532338142395,dq100_10_q05_ah;dq100_10_mean_ah
Stacking_Ridge_plus_top2/repeat2/outer2,3,plus_top2,B1c20,534.0,2.7376944844799858,2.744619734148928,2.8343470096588135,dq100_10_q05_ah;dq100_10_mean_ah
Stacking_Ridge_plus_top2/repeat2/outer2,3,plus_top2,B1c21,559.0,2.624635637823326,2.7376389861462673,2.8343470096588135,dq100_10_q05_ah;dq100_10_mean_ah
Stacking_Ridge_plus_top2/repeat2/outer2,3,plus_top2,B1c22,891.0,2.9720592770790475,2.952992981171135,2.9534034729003906,dq100_10_q05_ah;dq100_10_mean_ah
Stacking_Ridge_plus_top2/repeat2/outer2,3,plus_top2,B1c23,1014.0,2.978267608888022,2.9709341680937382,2.9660332202911377,dq100_10_q05_ah;dq100_10_mean_ah
Stacking_Ridge_plus_top2/repeat2/outer2,3,plus_top2,B1c24,1017.0,2.9590809619384646,2.9534415569072645,2.9534034729003906,dq100_10_q05_ah;dq100_10_mean_ah
Stacking_Ridge_plus_top2/repeat2/outer2,3,plus_top2,B1c25,854.0,2.9548768889966066,2.9696793875662344,2.9660332202911377,dq100_10_q05_ah;dq100_10_mean_ah
Stacking_Ridge_plus_top2/repeat2/outer2,3,plus_top2,B1c38,617.0,2.7648418682848095,2.78232605101313,2.8343470096588135,dq100_10_q05_ah;dq100_10_mean_ah
Stacking_Ridge_plus_top2/repeat2/outer2,3,plus_top2,B1c39,625.0,2.7572117773938376,2.803626247760287,2.8343470096588135,dq100_10_q05_ah;dq100_10_mean_ah
Stacking_Ridge_plus_top2/repeat2/outer3,1,plus_top2,B1c3,1226.0,3.0533552408781848,3.0933532211526975,2.976417303085327,dq100_10_q05_ah;dq100_10_mean_ah
Stacking_Ridge_plus_top2/repeat2/outer3,1,plus_top2,B1c4,1227.0,3.112183409673544,3.13202619755828,2.976417303085327,dq100_10_q05_ah;dq100_10_mean_ah
Stacking_Ridge_plus_top2/repeat2/outer3,1,plus_top2,B1c5,1074.0,3.011464445687801,3.0056975402051225,2.976417303085327,dq100_10_q05_ah;dq100_10_mean_ah
Stacking_Ridge_plus_top2/repeat2/outer3,1,plus_top2,B1c10,906.0,2.9468266621600288,2.9700830784610623,2.976417303085327,dq100_10_q05_ah;dq100_10_mean_ah
Stacking_Ridge_plus_top2/repeat2/outer3,1,plus_top2,B1c11,788.0,2.9619466340551246,2.9898564426370564,2.976417303085327,dq100_10_q05_ah;dq100_10_mean_ah
Stacking_Ridge_plus_top2/repeat2/outer3,1,plus_top2,B1c36,704.0,2.8732240250621315,2.8711987156347525,2.83736252784729,dq100_10_q05_ah;dq100_10_mean_ah
Stacking_Ridge_plus_top2/repeat2/outer3,1,plus_top2,B1c37,648.0,2.832662378491016,2.8676901349155255,2.83736252784729,dq100_10_q05_ah;dq100_10_mean_ah
Stacking_Ridge_plus_top2/repeat2/outer3,1,plus_top2,B1c40,966.0,2.9785812698698133,2.992795399810944,2.976417303085327,dq100_10_q05_ah;dq100_10_mean_ah
Stacking_Ridge_plus_top2/repeat2/outer3,1,plus_top2,B1c41,1051.0,2.9753207040392846,2.990935452354335,2.976417303085327,dq100_10_q05_ah;dq100_10_mean_ah
Stacking_Ridge_plus_top2/repeat2/outer3,2,plus_top2,B1c6,636.0,2.857392847049659,2.8865702222134737,2.872781991958618,dq100_10_q05_ah;dq100_10_mean_ah
Stacking_Ridge_plus_top2/repeat2/outer3,2,plus_top2,B1c7,870.0,2.8856219960181106,2.9055576004679704,2.872781991958618,dq100_10_q05_ah;dq100_10_mean_ah
Stacking_Ridge_plus_top2/repeat2/outer3,2,plus_top2,B1c22,891.0,2.9619399519452587,2.951225506099177,2.9556643962860107,dq100_10_q05_ah;dq100_10_mean_ah
Stacking_Ridge_plus_top2/repeat2/outer3,2,plus_top2,B1c23,1014.0,2.978094134385523,2.965875385930011,2.9459869861602783,dq100_10_q05_ah;dq100_10_mean_ah
Stacking_Ridge_plus_top2/repeat2/outer3,2,plus_top2,B1c26,870.0,2.9165024113946743,2.904822401626239,2.872781991958618,dq100_10_q05_ah;dq100_10_mean_ah
Stacking_Ridge_plus_top2/repeat2/outer3,2,plus_top2,B1c27,842.0,2.904701643785234,2.911577060234432,2.872781991958618,dq100_10_q05_ah;dq100_10_mean_ah
Stacking_Ridge_plus_top2/repeat2/outer3,2,plus_top2,B1c38,617.0,2.7814754793537575,2.7925240045434077,2.872781991958618,dq100_10_q05_ah;dq100_10_mean_ah
Stacking_Ridge_plus_top2/repeat2/outer3,2,plus_top2,B1c39,625.0,2.772168350386348,2.8109866549103932,2.872781991958618,dq100_10_q05_ah;dq100_10_mean_ah
Stacking_Ridge_plus_top2/repeat2/outer3,2,plus_top2,B1c42,702.0,2.8652293528632566,2.871234417998015,2.872781991958618,dq100_10_q05_ah;dq100_10_mean_ah
Stacking_Ridge_plus_top2/repeat2/outer3,2,plus_top2,B1c43,651.0,2.8161638100945363,2.8652893505798223,2.872781991958618,dq100_10_q05_ah;dq100_10_mean_ah
Stacking_Ridge_plus_top2/repeat2/outer3,3,plus_top2,B1c8,879.0,2.934377583769876,2.964973356597687,2.993553638458252,dq100_10_q05_ah;dq100_10_mean_ah
Stacking_Ridge_plus_top2/repeat2/outer3,3,plus_top2,B1c9,1054.0,2.950608936020315,2.9655206744989764,3.0150418281555176,dq100_10_q05_ah;dq100_10_mean_ah
Stacking_Ridge_plus_top2/repeat2/outer3,3,plus_top2,B1c12,902.0,2.9652313325881523,2.9294988746770048,2.9252171516418457,dq100_10_q05_ah;dq100_10_mean_ah
Stacking_Ridge_plus_top2/repeat2/outer3,3,plus_top2,B1c13,897.0,2.991226334665058,2.9280398604858084,2.9252171516418457,dq100_10_q05_ah;dq100_10_mean_ah
Stacking_Ridge_plus_top2/repeat2/outer3,3,plus_top2,B1c16,862.0,3.000998248821809,2.9036363648045826,2.907627582550049,dq100_10_q05_ah;dq100_10_mean_ah
Stacking_Ridge_plus_top2/repeat2/outer3,3,plus_top2,B1c17,857.0,2.9394484062147175,2.873236212509687,2.907627582550049,dq100_10_q05_ah;dq100_10_mean_ah
Stacking_Ridge_plus_top2/repeat2/outer3,3,plus_top2,B1c32,731.0,2.8461014860712663,2.803865242618048,2.8118879795074463,dq100_10_q05_ah;dq100_10_mean_ah
Stacking_Ridge_plus_top2/repeat2/outer3,3,plus_top2,B1c33,757.0,2.9013758594464374,2.82510530950441,2.8118879795074463,dq100_10_q05_ah;dq100_10_mean_ah
Stacking_Ridge_plus_top2/repeat2/outer4,1,plus_top2,B1c3,1226.0,3.0229042515863136,3.092092801599815,2.98140287399292,dq100_10_q05_ah;dq100_10_mean_ah
Stacking_Ridge_plus_top2/repeat2/outer4,1,plus_top2,B1c4,1227.0,3.071299370597334,3.1355899065871404,2.98140287399292,dq100_10_q05_ah;dq100_10_mean_ah
Stacking_Ridge_plus_top2/repeat2/outer4,1,plus_top2,B1c20,534.0,2.785555975361558,2.7608679507316642,2.807476282119751,dq100_10_q05_ah;dq100_10_mean_ah
Stacking_Ridge_plus_top2/repeat2/outer4,1,plus_top2,B1c21,559.0,2.633557237487969,2.7439010395139807,2.807476282119751,dq100_10_q05_ah;dq100_10_mean_ah
Stacking_Ridge_plus_top2/repeat2/outer4,1,plus_top2,B1c24,1017.0,2.944956631076647,2.946305777873334,2.9674954414367676,dq100_10_q05_ah;dq100_10_mean_ah
Stacking_Ridge_plus_top2/repeat2/outer4,1,plus_top2,B1c25,854.0,2.942431865884586,2.9610019871522266,2.98140287399292,dq100_10_q05_ah;dq100_10_mean_ah
Stacking_Ridge_plus_top2/repeat2/outer4,1,plus_top2,B1c32,731.0,2.833619410380622,2.8243342849144604,2.807476282119751,dq100_10_q05_ah;dq100_10_mean_ah
Stacking_Ridge_plus_top2/repeat2/outer4,1,plus_top2,B1c33,757.0,2.882970626950123,2.843029565991883,2.807476282119751,dq100_10_q05_ah;dq100_10_mean_ah
Stacking_Ridge_plus_top2/repeat2/outer4,1,plus_top2,B1c40,966.0,2.984766530275312,2.9852189914679155,2.98140287399292,dq100_10_q05_ah;dq100_10_mean_ah
Stacking_Ridge_plus_top2/repeat2/outer4,1,plus_top2,B1c41,1051.0,2.9750517476480582,2.983064181536472,2.98140287399292,dq100_10_q05_ah;dq100_10_mean_ah
Stacking_Ridge_plus_top2/repeat2/outer4,2,plus_top2,B1c5,1074.0,3.010231098346069,2.990463558905397,3.05058217048645,dq100_10_q05_ah;dq100_10_mean_ah
Stacking_Ridge_plus_top2/repeat2/outer4,2,plus_top2,B1c6,636.0,2.8754791101044965,2.890998937389517,2.9334919452667236,dq100_10_q05_ah;dq100_10_mean_ah
Stacking_Ridge_plus_top2/repeat2/outer4,2,plus_top2,B1c7,870.0,2.8947231154409216,2.9086926327102605,2.9329864978790283,dq100_10_q05_ah;dq100_10_mean_ah
Stacking_Ridge_plus_top2/repeat2/outer4,2,plus_top2,B1c26,870.0,2.9130009545580333,2.905887087737334,2.9329864978790283,dq100_10_q05_ah;dq100_10_mean_ah
Stacking_Ridge_plus_top2/repeat2/outer4,2,plus_top2,B1c27,842.0,2.9124633809920484,2.913734525595559,2.9329864978790283,dq100_10_q05_ah;dq100_10_mean_ah
Stacking_Ridge_plus_top2/repeat2/outer4,2,plus_top2,B1c42,702.0,2.86568796551599,2.8730001130645384,2.8252015113830566,dq100_10_q05_ah;dq100_10_mean_ah
Stacking_Ridge_plus_top2/repeat2/outer4,2,plus_top2,B1c43,651.0,2.8346912540932006,2.8700402810977645,2.8252015113830566,dq100_10_q05_ah;dq100_10_mean_ah
Stacking_Ridge_plus_top2/repeat2/outer4,2,plus_top2,B1c44,616.0,2.8052928709741902,2.78294520619066,2.812285900115967,dq100_10_q05_ah;dq100_10_mean_ah
Stacking_Ridge_plus_top2/repeat2/outer4,2,plus_top2,B1c45,599.0,2.7886218085618366,2.7826470633584672,2.812285900115967,dq100_10_q05_ah;dq100_10_mean_ah
Stacking_Ridge_plus_top2/repeat2/outer4,3,plus_top2,B1c10,906.0,2.9749028177632493,2.9777262832620828,2.957568883895874,dq100_10_q05_ah;dq100_10_mean_ah
Stacking_Ridge_plus_top2/repeat2/outer4,3,plus_top2,B1c11,788.0,2.9970582176053076,2.9949557824781325,2.9604737758636475,dq100_10_q05_ah;dq100_10_mean_ah
Stacking_Ridge_plus_top2/repeat2/outer4,3,plus_top2,B1c12,902.0,2.98884130846049,2.9664634314079366,2.9604737758636475,dq100_10_q05_ah;dq100_10_mean_ah
Stacking_Ridge_plus_top2/repeat2/outer4,3,plus_top2,B1c13,897.0,2.9859539267566286,2.95563869966369,2.938464403152466,dq100_10_q05_ah;dq100_10_mean_ah
Stacking_Ridge_plus_top2/repeat2/outer4,3,plus_top2,B1c22,891.0,2.9643514379700786,2.958112250370327,2.9355595111846924,dq100_10_q05_ah;dq100_10_mean_ah
Stacking_Ridge_plus_top2/repeat2/outer4,3,plus_top2,B1c23,1014.0,2.9836902925998436,2.9724337313583,2.938464403152466,dq100_10_q05_ah;dq100_10_mean_ah
Stacking_Ridge_plus_top2/repeat2/outer4,3,plus_top2,B1c30,709.0,2.8735601811703564,2.871068323070909,2.8304436206817627,dq100_10_q05_ah;dq100_10_mean_ah
Stacking_Ridge_plus_top2/repeat2/outer4,3,plus_top2,B1c31,876.0,2.899901234484269,2.883650958928183,2.909904718399048,dq100_10_q05_ah;dq100_10_mean_ah
Stacking_Ridge_plus_top2/repeat2/outer4,3,plus_top2,B1c36,704.0,2.868017206421037,2.8735159298359156,2.832651138305664,dq100_10_q05_ah;dq100_10_mean_ah
Stacking_Ridge_plus_top2/repeat2/outer4,3,plus_top2,B1c37,648.0,2.844848706073091,2.8754351470857378,2.8444437980651855,dq100_10_q05_ah;dq100_10_mean_ah
Stacking_Ridge_plus_top2/repeat2/outer5,1,plus_top2,B1c3,1226.0,3.107337983236771,3.0847834528889004,2.9954419136047363,dq100_10_q05_ah;dq100_10_mean_ah
Stacking_Ridge_plus_top2/repeat2/outer5,1,plus_top2,B1c4,1227.0,3.1859461970727034,3.1176963335469545,2.9954419136047363,dq100_10_q05_ah;dq100_10_mean_ah
Stacking_Ridge_plus_top2/repeat2/outer5,1,plus_top2,B1c16,862.0,3.000080789600407,2.9349038608767417,2.9237256050109863,dq100_10_q05_ah;dq100_10_mean_ah
Stacking_Ridge_plus_top2/repeat2/outer5,1,plus_top2,B1c17,857.0,2.944252589013086,2.902955073089873,2.9237256050109863,dq100_10_q05_ah;dq100_10_mean_ah
Stacking_Ridge_plus_top2/repeat2/outer5,1,plus_top2,B1c24,1017.0,2.9372019037665473,2.951280397166137,2.947636127471924,dq100_10_q05_ah;dq100_10_mean_ah
Stacking_Ridge_plus_top2/repeat2/outer5,1,plus_top2,B1c25,854.0,2.961041019360322,2.963734380892127,2.9954419136047363,dq100_10_q05_ah;dq100_10_mean_ah
Stacking_Ridge_plus_top2/repeat2/outer5,1,plus_top2,B1c32,731.0,2.8362426571627313,2.825117513331682,2.834407091140747,dq100_10_q05_ah;dq100_10_mean_ah
Stacking_Ridge_plus_top2/repeat2/outer5,1,plus_top2,B1c33,757.0,2.8622450193922204,2.8400051618151383,2.832594156265259,dq100_10_q05_ah;dq100_10_mean_ah
Stacking_Ridge_plus_top2/repeat2/outer5,1,plus_top2,B1c36,704.0,2.8560507392753567,2.867025431353947,2.82651948928833,dq100_10_q05_ah;dq100_10_mean_ah
Stacking_Ridge_plus_top2/repeat2/outer5,1,plus_top2,B1c37,648.0,2.831206441753837,2.8650319193691796,2.82651948928833,dq100_10_q05_ah;dq100_10_mean_ah
Stacking_Ridge_plus_top2/repeat2/outer5,2,plus_top2,B1c5,1074.0,3.000928609795033,2.9871948488949043,3.035353899002075,dq100_10_q05_ah;dq100_10_mean_ah
Stacking_Ridge_plus_top2/repeat2/outer5,2,plus_top2,B1c6,636.0,2.8804596361780055,2.8906448258580637,2.925241470336914,dq100_10_q05_ah;dq100_10_mean_ah
Stacking_Ridge_plus_top2/repeat2/outer5,2,plus_top2,B1c7,870.0,2.8949424269980946,2.904643921723901,2.923461675643921,dq100_10_q05_ah;dq100_10_mean_ah
Stacking_Ridge_plus_top2/repeat2/outer5,2,plus_top2,B1c22,891.0,2.9480007787239315,2.946370008365927,2.9427385330200195,dq100_10_q05_ah;dq100_10_mean_ah
Stacking_Ridge_plus_top2/repeat2/outer5,2,plus_top2,B1c23,1014.0,2.966527282734445,2.9607957092763355,2.9337594509124756,dq100_10_q05_ah;dq100_10_mean_ah
Stacking_Ridge_plus_top2/repeat2/outer5,2,plus_top2,B1c42,702.0,2.861664659188879,2.867197482099931,2.8529887199401855,dq100_10_q05_ah;dq100_10_mean_ah
Stacking_Ridge_plus_top2/repeat2/outer5,2,plus_top2,B1c43,651.0,2.84275553934691,2.866392711397013,2.846471071243286,dq100_10_q05_ah;dq100_10_mean_ah
Stacking_Ridge_plus_top2/repeat2/outer5,2,plus_top2,B1c44,616.0,2.7950215488763264,2.7783218369199103,2.779364824295044,dq100_10_q05_ah;dq100_10_mean_ah
Stacking_Ridge_plus_top2/repeat2/outer5,2,plus_top2,B1c45,599.0,2.784599668735431,2.7785046697259643,2.779364824295044,dq100_10_q05_ah;dq100_10_mean_ah
Stacking_Ridge_plus_top2/repeat2/outer5,3,plus_top2,B1c8,879.0,2.9423149061593707,2.962377508588291,3.0025076866149902,dq100_10_q05_ah;dq100_10_mean_ah
Stacking_Ridge_plus_top2/repeat2/outer5,3,plus_top2,B1c9,1054.0,2.961529781830418,2.973113485037123,3.045574188232422,dq100_10_q05_ah;dq100_10_mean_ah
Stacking_Ridge_plus_top2/repeat2/outer5,3,plus_top2,B1c10,906.0,2.958612158478882,2.9683140358494233,2.942700147628784,dq100_10_q05_ah;dq100_10_mean_ah
Stacking_Ridge_plus_top2/repeat2/outer5,3,plus_top2,B1c11,788.0,2.971281263147798,2.989276764417948,2.997459650039673,dq100_10_q05_ah;dq100_10_mean_ah
Stacking_Ridge_plus_top2/repeat2/outer5,3,plus_top2,B1c20,534.0,2.770779861323935,2.7405982220014096,2.826338768005371,dq100_10_q05_ah;dq100_10_mean_ah
Stacking_Ridge_plus_top2/repeat2/outer5,3,plus_top2,B1c21,559.0,2.6577819107700047,2.7335000938533818,2.826338768005371,dq100_10_q05_ah;dq100_10_mean_ah
Stacking_Ridge_plus_top2/repeat2/outer5,3,plus_top2,B1c30,709.0,2.8489813093275567,2.865256255129234,2.836092233657837,dq100_10_q05_ah;dq100_10_mean_ah
Stacking_Ridge_plus_top2/repeat2/outer5,3,plus_top2,B1c31,876.0,2.891079993871484,2.8788143495704253,2.9304606914520264,dq100_10_q05_ah;dq100_10_mean_ah
Stacking_Ridge_plus_top2/repeat2/outer5,3,plus_top2,B1c38,617.0,2.762533826628986,2.777364294328928,2.826338768005371,dq100_10_q05_ah;dq100_10_mean_ah
Stacking_Ridge_plus_top2/repeat2/outer5,3,plus_top2,B1c39,625.0,2.755882335207978,2.7985965911609414,2.826338768005371,dq100_10_q05_ah;dq100_10_mean_ah
Stacking_Ridge_plus_top2/repeat3/outer1,1,plus_top2,B1c3,1226.0,2.9892768680658133,3.0840352631781514,2.9870524406433105,dq100_10_q05_ah;dq100_10_mean_ah
Stacking_Ridge_plus_top2/repeat3/outer1,1,plus_top2,B1c4,1227.0,3.023596876395837,3.1142565310167933,2.9870524406433105,dq100_10_q05_ah;dq100_10_mean_ah
Stacking_Ridge_plus_top2/repeat3/outer1,1,plus_top2,B1c5,1074.0,3.004791463992801,2.995503940508616,2.9870524406433105,dq100_10_q05_ah;dq100_10_mean_ah
Stacking_Ridge_plus_top2/repeat3/outer1,1,plus_top2,B1c40,966.0,2.986112467305009,2.9928002831930502,2.990933418273926,dq100_10_q05_ah;dq100_10_mean_ah
Stacking_Ridge_plus_top2/repeat3/outer1,1,plus_top2,B1c41,1051.0,2.973589318349249,2.988557400380544,2.9870524406433105,dq100_10_q05_ah;dq100_10_mean_ah
Stacking_Ridge_plus_top2/repeat3/outer1,1,plus_top2,B1c42,702.0,2.8962487468241407,2.8799479420670857,2.8362536430358887,dq100_10_q05_ah;dq100_10_mean_ah
Stacking_Ridge_plus_top2/repeat3/outer1,1,plus_top2,B1c43,651.0,2.8208835394874483,2.868891130686059,2.8362536430358887,dq100_10_q05_ah;dq100_10_mean_ah
Stacking_Ridge_plus_top2/repeat3/outer1,1,plus_top2,B1c44,616.0,2.8731179608628348,2.8055369489264765,2.8429205417633057,dq100_10_q05_ah;dq100_10_mean_ah
Stacking_Ridge_plus_top2/repeat3/outer1,1,plus_top2,B1c45,599.0,2.8317990612706225,2.803123987400625,2.8429205417633057,dq100_10_q05_ah;dq100_10_mean_ah
Stacking_Ridge_plus_top2/repeat3/outer1,2,plus_top2,B1c8,879.0,2.946138884428408,2.969238009017729,2.9963936805725098,dq100_10_q05_ah;dq100_10_mean_ah
Stacking_Ridge_plus_top2/repeat3/outer1,2,plus_top2,B1c9,1054.0,2.9644344151439403,2.976497438131663,3.0177180767059326,dq100_10_q05_ah;dq100_10_mean_ah
Stacking_Ridge_plus_top2/repeat3/outer1,2,plus_top2,B1c10,906.0,2.9601273933420402,2.97192433546628,2.9584083557128906,dq100_10_q05_ah;dq100_10_mean_ah
Stacking_Ridge_plus_top2/repeat3/outer1,2,plus_top2,B1c11,788.0,2.975847061301582,2.9876728389468648,2.9876773357391357,dq100_10_q05_ah;dq100_10_mean_ah
Stacking_Ridge_plus_top2/repeat3/outer1,2,plus_top2,B1c12,902.0,2.9757250620562603,2.9583248973109417,2.9876773357391357,dq100_10_q05_ah;dq100_10_mean_ah
Stacking_Ridge_plus_top2/repeat3/outer1,2,plus_top2,B1c13,897.0,2.983186715254329,2.9486783734967585,2.9370839595794678,dq100_10_q05_ah;dq100_10_mean_ah
Stacking_Ridge_plus_top2/repeat3/outer1,2,plus_top2,B1c22,891.0,2.9639226637401004,2.95463884010415,2.9370839595794678,dq100_10_q05_ah;dq100_10_mean_ah
Stacking_Ridge_plus_top2/repeat3/outer1,2,plus_top2,B1c23,1014.0,2.9810937859103848,2.96842154248621,2.9370839595794678,dq100_10_q05_ah;dq100_10_mean_ah
Stacking_Ridge_plus_top2/repeat3/outer1,2,plus_top2,B1c30,709.0,2.8581535532989086,2.861397640951527,2.824929714202881,dq100_10_q05_ah;dq100_10_mean_ah
Stacking_Ridge_plus_top2/repeat3/outer1,2,plus_top2,B1c31,876.0,2.894571494247612,2.875304876704581,2.9289000034332275,dq100_10_q05_ah;dq100_10_mean_ah
Stacking_Ridge_plus_top2/repeat3/outer1,3,plus_top2,B1c6,636.0,2.8593090785851842,2.886814721570688,2.924417495727539,dq100_10_q05_ah;dq100_10_mean_ah
Stacking_Ridge_plus_top2/repeat3/outer1,3,plus_top2,B1c7,870.0,2.8868593798902515,2.9075902398738056,2.9262969493865967,dq100_10_q05_ah;dq100_10_mean_ah
Stacking_Ridge_plus_top2/repeat3/outer1,3,plus_top2,B1c16,862.0,2.9994359314253773,2.939018862613814,2.9418468475341797,dq100_10_q05_ah;dq100_10_mean_ah
Stacking_Ridge_plus_top2/repeat3/outer1,3,plus_top2,B1c17,857.0,2.946836322988725,2.9106799938046417,2.924417495727539,dq100_10_q05_ah;dq100_10_mean_ah
Stacking_Ridge_plus_top2/repeat3/outer1,3,plus_top2,B1c24,1017.0,2.9490484598923037,2.9566532697639696,2.9861552715301514,dq100_10_q05_ah;dq100_10_mean_ah
Stacking_Ridge_plus_top2/repeat3/outer1,3,plus_top2,B1c25,854.0,2.95372324602147,2.967436801355954,2.995344638824463,dq100_10_q05_ah;dq100_10_mean_ah
Stacking_Ridge_plus_top2/repeat3/outer1,3,plus_top2,B1c38,617.0,2.7647246514594803,2.7873212595440653,2.8200392723083496,dq100_10_q05_ah;dq100_10_mean_ah
Stacking_Ridge_plus_top2/repeat3/outer1,3,plus_top2,B1c39,625.0,2.7535411471866063,2.807949607955708,2.8200392723083496,dq100_10_q05_ah;dq100_10_mean_ah
Stacking_Ridge_plus_top2/repeat3/outer2,1,plus_top2,B1c6,636.0,2.881677932817457,2.8995844952952874,2.9195165634155273,dq100_10_q05_ah;dq100_10_mean_ah
Stacking_Ridge_plus_top2/repeat3/outer2,1,plus_top2,B1c7,870.0,2.8962857338529906,2.9177597487247215,2.9321024417877197,dq100_10_q05_ah;dq100_10_mean_ah
Stacking_Ridge_plus_top2/repeat3/outer2,1,plus_top2,B1c8,879.0,2.94491908933994,2.9742995052555576,2.979862689971924,dq100_10_q05_ah;dq100_10_mean_ah
Stacking_Ridge_plus_top2/repeat3/outer2,1,plus_top2,B1c9,1054.0,2.9610393026968955,2.9784669024111223,2.9949965476989746,dq100_10_q05_ah;dq100_10_mean_ah
Stacking_Ridge_plus_top2/repeat3/outer2,1,plus_top2,B1c36,704.0,2.866394940038869,2.8854771246684185,2.915817975997925,dq100_10_q05_ah;dq100_10_mean_ah
Stacking_Ridge_plus_top2/repeat3/outer2,1,plus_top2,B1c37,648.0,2.846414633798736,2.8873262550930434,2.9195165634155273,dq100_10_q05_ah;dq100_10_mean_ah
Stacking_Ridge_plus_top2/repeat3/outer2,1,plus_top2,B1c38,617.0,2.789495659923867,2.8018992340042197,2.8592166900634766,dq100_10_q05_ah;dq100_10_mean_ah
Stacking_Ridge_plus_top2/repeat3/outer2,1,plus_top2,B1c39,625.0,2.795692362189776,2.8229581427240182,2.8592166900634766,dq100_10_q05_ah;dq100_10_mean_ah
Stacking_Ridge_plus_top2/repeat3/outer2,1,plus_top2,B1c42,702.0,2.865376308521246,2.884715594741904,2.8819916248321533,dq100_10_q05_ah;dq100_10_mean_ah
Stacking_Ridge_plus_top2/repeat3/outer2,1,plus_top2,B1c43,651.0,2.8443508119197114,2.8823020268408834,2.9195165634155273,dq100_10_q05_ah;dq100_10_mean_ah
Stacking_Ridge_plus_top2/repeat3/outer2,2,plus_top2,B1c10,906.0,2.9671854295111344,2.9698253968537407,3.029543876647949,dq100_10_q05_ah;dq100_10_mean_ah
Stacking_Ridge_plus_top2/repeat3/outer2,2,plus_top2,B1c11,788.0,2.9920938517900932,2.99552097521618,3.029543876647949,dq100_10_q05_ah;dq100_10_mean_ah
Stacking_Ridge_plus_top2/repeat3/outer2,2,plus_top2,B1c12,902.0,2.9846212619083543,2.9731706386733325,3.029543876647949,dq100_10_q05_ah;dq100_10_mean_ah
Stacking_Ridge_plus_top2/repeat3/outer2,2,plus_top2,B1c13,897.0,2.9778512407612547,2.957000029561178,3.029543876647949,dq100_10_q05_ah;dq100_10_mean_ah
Stacking_Ridge_plus_top2/repeat3/outer2,2,plus_top2,B1c16,862.0,2.990113321572286,2.9608237935041437,3.0162713527679443,dq100_10_q05_ah;dq100_10_mean_ah
Stacking_Ridge_plus_top2/repeat3/outer2,2,plus_top2,B1c17,857.0,2.9497675407111283,2.9319446970362164,2.9217638969421387,dq100_10_q05_ah;dq100_10_mean_ah
Stacking_Ridge_plus_top2/repeat3/outer2,2,plus_top2,B1c22,891.0,2.955032013348944,2.9443090613556717,2.9293558597564697,dq100_10_q05_ah;dq100_10_mean_ah
Stacking_Ridge_plus_top2/repeat3/outer2,2,plus_top2,B1c23,1014.0,2.975637322211058,2.9632511544752242,3.029543876647949,dq100_10_q05_ah;dq100_10_mean_ah
Stacking_Ridge_plus_top2/repeat3/outer2,2,plus_top2,B1c24,1017.0,2.94543766178074,2.945583767566297,2.9510276317596436,dq100_10_q05_ah;dq100_10_mean_ah
Stacking_Ridge_plus_top2/repeat3/outer2,2,plus_top2,B1c25,854.0,2.9620917318616304,2.9633994823675804,3.029543876647949,dq100_10_q05_ah;dq100_10_mean_ah
Stacking_Ridge_plus_top2/repeat3/outer2,3,plus_top2,B1c3,1226.0,3.0298529344698935,3.096612501874877,2.9831252098083496,dq100_10_q05_ah;dq100_10_mean_ah
Stacking_Ridge_plus_top2/repeat3/outer2,3,plus_top2,B1c4,1227.0,3.0822958934797207,3.136397101367063,2.9831252098083496,dq100_10_q05_ah;dq100_10_mean_ah
Stacking_Ridge_plus_top2/repeat3/outer2,3,plus_top2,B1c20,534.0,2.816367900707541,2.7434138606642695,2.8102142810821533,dq100_10_q05_ah;dq100_10_mean_ah
Stacking_Ridge_plus_top2/repeat3/outer2,3,plus_top2,B1c21,559.0,2.6893662788158945,2.729191294714828,2.8102142810821533,dq100_10_q05_ah;dq100_10_mean_ah
Stacking_Ridge_plus_top2/repeat3/outer2,3,plus_top2,B1c26,870.0,2.922049881579833,2.8943927989792817,2.9318785667419434,dq100_10_q05_ah;dq100_10_mean_ah
Stacking_Ridge_plus_top2/repeat3/outer2,3,plus_top2,B1c27,842.0,2.9054364674437703,2.897356917858396,2.9318785667419434,dq100_10_q05_ah;dq100_10_mean_ah
Stacking_Ridge_plus_top2/repeat3/outer2,3,plus_top2,B1c32,731.0,2.8449064712842778,2.813701461745978,2.8102142810821533,dq100_10_q05_ah;dq100_10_mean_ah
Stacking_Ridge_plus_top2/repeat3/outer2,3,plus_top2,B1c33,757.0,2.8882581453694844,2.83318147402022,2.8102142810821533,dq100_10_q05_ah;dq100_10_mean_ah
Stacking_Ridge_plus_top2/repeat3/outer3,1,plus_top2,B1c5,1074.0,3.000355374390993,3.0051701917459526,2.960796356201172,dq100_10_q05_ah;dq100_10_mean_ah
Stacking_Ridge_plus_top2/repeat3/outer3,1,plus_top2,B1c12,902.0,2.971668816728868,2.9688596231827944,2.9492993354797363,dq100_10_q05_ah;dq100_10_mean_ah
Stacking_Ridge_plus_top2/repeat3/outer3,1,plus_top2,B1c13,897.0,2.972493758880178,2.95930149259699,2.9492993354797363,dq100_10_q05_ah;dq100_10_mean_ah
Stacking_Ridge_plus_top2/repeat3/outer3,1,plus_top2,B1c36,704.0,2.871749680731358,2.8804331919678963,2.831040859222412,dq100_10_q05_ah;dq100_10_mean_ah
Stacking_Ridge_plus_top2/repeat3/outer3,1,plus_top2,B1c37,648.0,2.850103859280032,2.8816818045508636,2.8540830612182617,dq100_10_q05_ah;dq100_10_mean_ah
Stacking_Ridge_plus_top2/repeat3/outer3,1,plus_top2,B1c40,966.0,2.975796979578312,3.0005858742139435,2.960796356201172,dq100_10_q05_ah;dq100_10_mean_ah
Stacking_Ridge_plus_top2/repeat3/outer3,1,plus_top2,B1c41,1051.0,2.973402466706641,2.997471120042274,2.960796356201172,dq100_10_q05_ah;dq100_10_mean_ah
Stacking_Ridge_plus_top2/repeat3/outer3,1,plus_top2,B1c44,616.0,2.802421548781348,2.7824391355177194,2.792421817779541,dq100_10_q05_ah;dq100_10_mean_ah
Stacking_Ridge_plus_top2/repeat3/outer3,1,plus_top2,B1c45,599.0,2.788578410673775,2.782388230546872,2.792421817779541,dq100_10_q05_ah;dq100_10_mean_ah
Stacking_Ridge_plus_top2/repeat3/outer3,2,plus_top2,B1c16,862.0,3.0004145874070485,2.954724439980528,2.953840970993042,dq100_10_q05_ah;dq100_10_mean_ah
Stacking_Ridge_plus_top2/repeat3/outer3,2,plus_top2,B1c17,857.0,2.949423726447975,2.920491988192801,2.9464683532714844,dq100_10_q05_ah;dq100_10_mean_ah
Stacking_Ridge_plus_top2/repeat3/outer3,2,plus_top2,B1c20,534.0,2.7893085262381483,2.7466310887950405,2.799630880355835,dq100_10_q05_ah;dq100_10_mean_ah
Stacking_Ridge_plus_top2/repeat3/outer3,2,plus_top2,B1c21,559.0,2.6791182123326127,2.7386282880693154,2.799630880355835,dq100_10_q05_ah;dq100_10_mean_ah
Stacking_Ridge_plus_top2/repeat3/outer3,2,plus_top2,B1c22,891.0,2.9707538958222455,2.959563413486993,2.9808080196380615,dq100_10_q05_ah;dq100_10_mean_ah
Stacking_Ridge_plus_top2/repeat3/outer3,2,plus_top2,B1c23,1014.0,2.9876484334145323,2.977006778466317,2.9808080196380615,dq100_10_q05_ah;dq100_10_mean_ah
Stacking_Ridge_plus_top2/repeat3/outer3,2,plus_top2,B1c24,1017.0,2.949729814119597,2.9593038779315792,2.9808080196380615,dq100_10_q05_ah;dq100_10_mean_ah
Stacking_Ridge_plus_top2/repeat3/outer3,2,plus_top2,B1c25,854.0,2.957985475788451,2.974472023395201,2.9808080196380615,dq100_10_q05_ah;dq100_10_mean_ah
Stacking_Ridge_plus_top2/repeat3/outer3,2,plus_top2,B1c32,731.0,2.843106731692888,2.833270471076446,2.830254554748535,dq100_10_q05_ah;dq100_10_mean_ah
Stacking_Ridge_plus_top2/repeat3/outer3,2,plus_top2,B1c33,757.0,2.8812532892176344,2.847270257466265,2.830254554748535,dq100_10_q05_ah;dq100_10_mean_ah
Stacking_Ridge_plus_top2/repeat3/outer3,3,plus_top2,B1c6,636.0,2.8938326906116614,2.899849293241732,2.9319236278533936,dq100_10_q05_ah;dq100_10_mean_ah
Stacking_Ridge_plus_top2/repeat3/outer3,3,plus_top2,B1c7,870.0,2.903210686722882,2.9143454714370893,2.951878547668457,dq100_10_q05_ah;dq100_10_mean_ah
Stacking_Ridge_plus_top2/repeat3/outer3,3,plus_top2,B1c26,870.0,2.9092566472691184,2.9094367140605493,2.951878547668457,dq100_10_q05_ah;dq100_10_mean_ah
Stacking_Ridge_plus_top2/repeat3/outer3,3,plus_top2,B1c27,842.0,2.920062462619209,2.9218964280846342,2.938498020172119,dq100_10_q05_ah;dq100_10_mean_ah
Stacking_Ridge_plus_top2/repeat3/outer3,3,plus_top2,B1c30,709.0,2.878916190184253,2.8763511487621227,2.9319236278533936,dq100_10_q05_ah;dq100_10_mean_ah
Stacking_Ridge_plus_top2/repeat3/outer3,3,plus_top2,B1c31,876.0,2.8970470338664587,2.8875447038217565,2.9319236278533936,dq100_10_q05_ah;dq100_10_mean_ah
Stacking_Ridge_plus_top2/repeat3/outer3,3,plus_top2,B1c38,617.0,2.782695173747637,2.7859483080201093,2.8553404808044434,dq100_10_q05_ah;dq100_10_mean_ah
Stacking_Ridge_plus_top2/repeat3/outer3,3,plus_top2,B1c39,625.0,2.7948089355897108,2.80958529866475,2.8553404808044434,dq100_10_q05_ah;dq100_10_mean_ah
Stacking_Ridge_plus_top2/repeat3/outer4,1,plus_top2,B1c5,1074.0,3.0103266331579825,2.989658587981128,2.9964752197265625,dq100_10_q05_ah;dq100_10_mean_ah
Stacking_Ridge_plus_top2/repeat3/outer4,1,plus_top2,B1c30,709.0,2.8687853356138096,2.865370283781254,2.850985050201416,dq100_10_q05_ah;dq100_10_mean_ah
Stacking_Ridge_plus_top2/repeat3/outer4,1,plus_top2,B1c31,876.0,2.8966783262827676,2.8796362034166756,2.9299545288085938,dq100_10_q05_ah;dq100_10_mean_ah
Stacking_Ridge_plus_top2/repeat3/outer4,1,plus_top2,B1c36,704.0,2.8692067474975245,2.8820974339983145,2.850985050201416,dq100_10_q05_ah;dq100_10_mean_ah
Stacking_Ridge_plus_top2/repeat3/outer4,1,plus_top2,B1c37,648.0,2.8421499095443714,2.8819121283724174,2.850985050201416,dq100_10_q05_ah;dq100_10_mean_ah
Stacking_Ridge_plus_top2/repeat3/outer4,1,plus_top2,B1c42,702.0,2.867354109541108,2.880540620725382,2.850985050201416,dq100_10_q05_ah;dq100_10_mean_ah
Stacking_Ridge_plus_top2/repeat3/outer4,1,plus_top2,B1c43,651.0,2.8393045989378813,2.875925619163297,2.850985050201416,dq100_10_q05_ah;dq100_10_mean_ah
Stacking_Ridge_plus_top2/repeat3/outer4,1,plus_top2,B1c44,616.0,2.806291836739957,2.7908252495470496,2.850985050201416,dq100_10_q05_ah;dq100_10_mean_ah
Stacking_Ridge_plus_top2/repeat3/outer4,1,plus_top2,B1c45,599.0,2.7912220713198366,2.790448433485404,2.850985050201416,dq100_10_q05_ah;dq100_10_mean_ah
Stacking_Ridge_plus_top2/repeat3/outer4,2,plus_top2,B1c3,1226.0,3.065052741491622,3.061001047757259,2.9590330123901367,dq100_10_q05_ah;dq100_10_mean_ah
Stacking_Ridge_plus_top2/repeat3/outer4,2,plus_top2,B1c4,1227.0,3.1266896653739074,3.0987210146748216,2.9590330123901367,dq100_10_q05_ah;dq100_10_mean_ah
Stacking_Ridge_plus_top2/repeat3/outer4,2,plus_top2,B1c8,879.0,2.9419621710469177,2.9499178220325604,2.9590330123901367,dq100_10_q05_ah;dq100_10_mean_ah
Stacking_Ridge_plus_top2/repeat3/outer4,2,plus_top2,B1c9,1054.0,2.959912557162858,2.959920220685674,2.9590330123901367,dq100_10_q05_ah;dq100_10_mean_ah
Stacking_Ridge_plus_top2/repeat3/outer4,2,plus_top2,B1c16,862.0,2.9886694465215777,2.943138604295115,2.9217846393585205,dq100_10_q05_ah;dq100_10_mean_ah
Stacking_Ridge_plus_top2/repeat3/outer4,2,plus_top2,B1c17,857.0,2.9401597841829155,2.9122435900517862,2.9217846393585205,dq100_10_q05_ah;dq100_10_mean_ah
Stacking_Ridge_plus_top2/repeat3/outer4,2,plus_top2,B1c26,870.0,2.9062505535400738,2.8922195167341824,2.9217846393585205,dq100_10_q05_ah;dq100_10_mean_ah
Stacking_Ridge_plus_top2/repeat3/outer4,2,plus_top2,B1c27,842.0,2.9044697976635256,2.901146148619039,2.9217846393585205,dq100_10_q05_ah;dq100_10_mean_ah
Stacking_Ridge_plus_top2/repeat3/outer4,2,plus_top2,B1c40,966.0,2.9775971511800945,2.9692246847423993,2.9590330123901367,dq100_10_q05_ah;dq100_10_mean_ah
Stacking_Ridge_plus_top2/repeat3/outer4,2,plus_top2,B1c41,1051.0,2.975845821426477,2.968639431270813,2.9590330123901367,dq100_10_q05_ah;dq100_10_mean_ah
Stacking_Ridge_plus_top2/repeat3/outer4,3,plus_top2,B1c6,636.0,2.8768470677013442,2.896878775065339,2.9327569007873535,dq100_10_q05_ah;dq100_10_mean_ah
Stacking_Ridge_plus_top2/repeat3/outer4,3,plus_top2,B1c7,870.0,2.8962136000472882,2.9092645017952417,2.947146415710449,dq100_10_q05_ah;dq100_10_mean_ah
Stacking_Ridge_plus_top2/repeat3/outer4,3,plus_top2,B1c10,906.0,2.9772868151970946,2.981290960495816,3.0166101455688477,dq100_10_q05_ah;dq100_10_mean_ah
Stacking_Ridge_plus_top2/repeat3/outer4,3,plus_top2,B1c11,788.0,2.9906640933959254,3.0040936122733557,3.027965545654297,dq100_10_q05_ah;dq100_10_mean_ah
Stacking_Ridge_plus_top2/repeat3/outer4,3,plus_top2,B1c20,534.0,2.7502551938826065,2.72870125848847,2.8130056858062744,dq100_10_q05_ah;dq100_10_mean_ah
Stacking_Ridge_plus_top2/repeat3/outer4,3,plus_top2,B1c21,559.0,2.6471933588996586,2.7262481652882813,2.8130056858062744,dq100_10_q05_ah;dq100_10_mean_ah
Stacking_Ridge_plus_top2/repeat3/outer4,3,plus_top2,B1c24,1017.0,2.9578097175201377,2.957629716734131,2.947146415710449,dq100_10_q05_ah;dq100_10_mean_ah
Stacking_Ridge_plus_top2/repeat3/outer4,3,plus_top2,B1c25,854.0,2.964802625024211,2.973298844798433,2.9525346755981445,dq100_10_q05_ah;dq100_10_mean_ah
Stacking_Ridge_plus_top2/repeat3/outer4,3,plus_top2,B1c32,731.0,2.8404733871476346,2.840667486087054,2.8130056858062744,dq100_10_q05_ah;dq100_10_mean_ah
Stacking_Ridge_plus_top2/repeat3/outer4,3,plus_top2,B1c33,757.0,2.8736675987742153,2.8478034261824394,2.8130056858062744,dq100_10_q05_ah;dq100_10_mean_ah
Stacking_Ridge_plus_top2/repeat3/outer5,1,plus_top2,B1c5,1074.0,3.011698996899974,2.9921402880710266,2.988309860229492,dq100_10_q05_ah;dq100_10_mean_ah
Stacking_Ridge_plus_top2/repeat3/outer5,1,plus_top2,B1c32,731.0,2.8547471814165615,2.8372496636550433,2.858355760574341,dq100_10_q05_ah;dq100_10_mean_ah
Stacking_Ridge_plus_top2/repeat3/outer5,1,plus_top2,B1c33,757.0,2.8764614983687258,2.8491659703763337,2.858355760574341,dq100_10_q05_ah;dq100_10_mean_ah
Stacking_Ridge_plus_top2/repeat3/outer5,1,plus_top2,B1c36,704.0,2.871887806143743,2.8817699611784167,2.858355760574341,dq100_10_q05_ah;dq100_10_mean_ah
Stacking_Ridge_plus_top2/repeat3/outer5,1,plus_top2,B1c37,648.0,2.847982688811545,2.883513408944465,2.858355760574341,dq100_10_q05_ah;dq100_10_mean_ah
Stacking_Ridge_plus_top2/repeat3/outer5,1,plus_top2,B1c42,702.0,2.8706540891696335,2.8807787636490767,2.858355760574341,dq100_10_q05_ah;dq100_10_mean_ah
Stacking_Ridge_plus_top2/repeat3/outer5,1,plus_top2,B1c43,651.0,2.845643619405845,2.877919940010269,2.858355760574341,dq100_10_q05_ah;dq100_10_mean_ah
Stacking_Ridge_plus_top2/repeat3/outer5,1,plus_top2,B1c44,616.0,2.8055408216457938,2.7849928423362638,2.794633388519287,dq100_10_q05_ah;dq100_10_mean_ah
Stacking_Ridge_plus_top2/repeat3/outer5,1,plus_top2,B1c45,599.0,2.7917329215341455,2.785164846662498,2.794633388519287,dq100_10_q05_ah;dq100_10_mean_ah
Stacking_Ridge_plus_top2/repeat3/outer5,2,plus_top2,B1c8,879.0,2.9389367519190683,2.951983137960236,2.981835126876831,dq100_10_q05_ah;dq100_10_mean_ah
Stacking_Ridge_plus_top2/repeat3/outer5,2,plus_top2,B1c9,1054.0,2.956437629036135,2.964026546815528,3.021803379058838,dq100_10_q05_ah;dq100_10_mean_ah
Stacking_Ridge_plus_top2/repeat3/outer5,2,plus_top2,B1c12,902.0,2.9689311384349595,2.9654833686725746,2.946885347366333,dq100_10_q05_ah;dq100_10_mean_ah
Stacking_Ridge_plus_top2/repeat3/outer5,2,plus_top2,B1c13,897.0,2.980910037992292,2.9519820058725763,2.946885347366333,dq100_10_q05_ah;dq100_10_mean_ah
Stacking_Ridge_plus_top2/repeat3/outer5,2,plus_top2,B1c20,534.0,2.7981595001881665,2.757746125304381,2.8160815238952637,dq100_10_q05_ah;dq100_10_mean_ah
Stacking_Ridge_plus_top2/repeat3/outer5,2,plus_top2,B1c21,559.0,2.6888493169616035,2.74913225942285,2.8160815238952637,dq100_10_q05_ah;dq100_10_mean_ah
Stacking_Ridge_plus_top2/repeat3/outer5,2,plus_top2,B1c26,870.0,2.9162307575014372,2.8960339559741413,2.906917095184326,dq100_10_q05_ah;dq100_10_mean_ah
Stacking_Ridge_plus_top2/repeat3/outer5,2,plus_top2,B1c27,842.0,2.9059696013201974,2.9074960264304384,2.906917095184326,dq100_10_q05_ah;dq100_10_mean_ah
Stacking_Ridge_plus_top2/repeat3/outer5,2,plus_top2,B1c40,966.0,2.981831998137659,2.96959361306002,3.021803379058838,dq100_10_q05_ah;dq100_10_mean_ah
Stacking_Ridge_plus_top2/repeat3/outer5,2,plus_top2,B1c41,1051.0,2.9771469425288317,2.970132478501812,3.021803379058838,dq100_10_q05_ah;dq100_10_mean_ah
Stacking_Ridge_plus_top2/repeat3/outer5,3,plus_top2,B1c3,1226.0,3.088788011983714,3.0835845156413773,3.0065805912017822,dq100_10_q05_ah;dq100_10_mean_ah
Stacking_Ridge_plus_top2/repeat3/outer5,3,plus_top2,B1c4,1227.0,3.1498684785927447,3.1265223105649005,3.0065805912017822,dq100_10_q05_ah;dq100_10_mean_ah
Stacking_Ridge_plus_top2/repeat3/outer5,3,plus_top2,B1c10,906.0,2.9715701478734515,2.979111447645246,2.9641640186309814,dq100_10_q05_ah;dq100_10_mean_ah
Stacking_Ridge_plus_top2/repeat3/outer5,3,plus_top2,B1c11,788.0,3.001575994309907,3.0073142247349884,3.0065805912017822,dq100_10_q05_ah;dq100_10_mean_ah
Stacking_Ridge_plus_top2/repeat3/outer5,3,plus_top2,B1c22,891.0,2.9577611963415342,2.953026372452001,2.9497745037078857,dq100_10_q05_ah;dq100_10_mean_ah
Stacking_Ridge_plus_top2/repeat3/outer5,3,plus_top2,B1c23,1014.0,2.9816499373099377,2.9737197012028465,2.9641640186309814,dq100_10_q05_ah;dq100_10_mean_ah
Stacking_Ridge_plus_top2/repeat3/outer5,3,plus_top2,B1c30,709.0,2.8718505591414814,2.8788568367070497,2.9196407794952393,dq100_10_q05_ah;dq100_10_mean_ah
Stacking_Ridge_plus_top2/repeat3/outer5,3,plus_top2,B1c31,876.0,2.8938264657160095,2.8896047858853184,2.9196407794952393,dq100_10_q05_ah;dq100_10_mean_ah
Stacking_Ridge_plus_top2/repeat3/outer5,3,plus_top2,B1c38,617.0,2.772937517963489,2.7794775879604505,2.8476827144622803,dq100_10_q05_ah;dq100_10_mean_ah
Stacking_Ridge_plus_top2/repeat3/outer5,3,plus_top2,B1c39,625.0,2.7857518904357095,2.802678476885804,2.8476827144622803,dq100_10_q05_ah;dq100_10_mean_ah
final_B1_train/Stacking_Ridge_baseline,1,baseline,B1c5,1074.0,2.999738337176426,2.995488970776409,3.0471439361572266,
final_B1_train/Stacking_Ridge_baseline,1,baseline,B1c6,636.0,2.8822693191232345,2.884835771683515,2.930281400680542,
final_B1_train/Stacking_Ridge_baseline,1,baseline,B1c7,870.0,2.8950499970618417,2.9059132912818644,2.9371564388275146,
final_B1_train/Stacking_Ridge_baseline,1,baseline,B1c8,879.0,2.9488303226146706,2.9660164219928684,2.997514486312866,
final_B1_train/Stacking_Ridge_baseline,1,baseline,B1c9,1054.0,2.9655020585782634,2.9734372371453177,3.0152790546417236,
final_B1_train/Stacking_Ridge_baseline,1,baseline,B1c10,906.0,2.954955482240396,2.9644447122498163,2.9371564388275146,
final_B1_train/Stacking_Ridge_baseline,1,baseline,B1c11,788.0,2.990575344666055,2.983580405422579,2.990854501724243,
final_B1_train/Stacking_Ridge_baseline,1,baseline,B1c22,891.0,2.9347839137575993,2.9512619997308573,2.9371564388275146,
final_B1_train/Stacking_Ridge_baseline,1,baseline,B1c23,1014.0,2.9601758323453975,2.967236528307972,2.9371564388275146,
final_B1_train/Stacking_Ridge_baseline,1,baseline,B1c38,617.0,2.7860508260570396,2.7887849679110426,2.849655866622925,
final_B1_train/Stacking_Ridge_baseline,1,baseline,B1c39,625.0,2.8065321326623915,2.810803880087927,2.849655866622925,
final_B1_train/Stacking_Ridge_baseline,2,baseline,B1c3,1226.0,3.079286803135962,3.0876354094061367,2.987149953842163,
final_B1_train/Stacking_Ridge_baseline,2,baseline,B1c4,1227.0,3.1407110871009207,3.122898463989598,2.987149953842163,
final_B1_train/Stacking_Ridge_baseline,2,baseline,B1c26,870.0,2.885431124404529,2.8982711258671627,2.9283831119537354,
final_B1_train/Stacking_Ridge_baseline,2,baseline,B1c27,842.0,2.902943353786639,2.9064109909261915,2.9283831119537354,
final_B1_train/Stacking_Ridge_baseline,2,baseline,B1c30,709.0,2.8703031659659484,2.8589262603022227,2.8284687995910645,
final_B1_train/Stacking_Ridge_baseline,2,baseline,B1c31,876.0,2.8801946998443246,2.872510907736215,2.926996946334839,
final_B1_train/Stacking_Ridge_baseline,2,baseline,B1c40,966.0,2.963283425441707,2.9856826993320755,2.987149953842163,
final_B1_train/Stacking_Ridge_baseline,2,baseline,B1c41,1051.0,2.9681646812357707,2.983955621258747,2.987149953842163,
final_B1_train/Stacking_Ridge_baseline,2,baseline,B1c42,702.0,2.846694262891866,2.8640570252014768,2.8284687995910645,
final_B1_train/Stacking_Ridge_baseline,2,baseline,B1c43,651.0,2.847270172385909,2.861449249550847,2.8284687995910645,
final_B1_train/Stacking_Ridge_baseline,2,baseline,B1c44,616.0,2.7732847363659965,2.775498677539722,2.7959587574005127,
final_B1_train/Stacking_Ridge_baseline,2,baseline,B1c45,599.0,2.7746598354759318,2.7765872830640563,2.7959587574005127,
final_B1_train/Stacking_Ridge_baseline,3,baseline,B1c12,902.0,2.988893002973673,2.947321742459137,2.933591842651367,
final_B1_train/Stacking_Ridge_baseline,3,baseline,B1c13,897.0,2.9668501349595124,2.9401390773164757,2.933591842651367,
final_B1_train/Stacking_Ridge_baseline,3,baseline,B1c16,862.0,2.9815314122677297,2.9229047711999065,2.933591842651367,
final_B1_train/Stacking_Ridge_baseline,3,baseline,B1c17,857.0,2.9446179749897814,2.895488845920148,2.9287967681884766,
final_B1_train/Stacking_Ridge_baseline,3,baseline,B1c20,534.0,2.772430759719958,2.7506483770039862,2.802799701690674,
final_B1_train/Stacking_Ridge_baseline,3,baseline,B1c21,559.0,2.767604508052788,2.7531859627879136,2.802799701690674,
final_B1_train/Stacking_Ridge_baseline,3,baseline,B1c24,1017.0,2.9356228348742426,2.9589932560936183,2.9601635932922363,
final_B1_train/Stacking_Ridge_baseline,3,baseline,B1c25,854.0,2.9611047820359215,2.967832724833011,2.9910287857055664,
final_B1_train/Stacking_Ridge_baseline,3,baseline,B1c32,731.0,2.85217434024641,2.8266986764145683,2.8331987857818604,
final_B1_train/Stacking_Ridge_baseline,3,baseline,B1c33,757.0,2.8580557653366165,2.8411192180068223,2.8331987857818604,
final_B1_train/Stacking_Ridge_baseline,3,baseline,B1c36,704.0,2.858753669243632,2.876068820903324,2.8331987857818604,
final_B1_train/Stacking_Ridge_baseline,3,baseline,B1c37,648.0,2.860020979856058,2.8768505098548136,2.8331987857818604,
final_B1_train/Stacking_Ridge_plus_top2,1,plus_top2,B1c5,1074.0,3.0078153652887805,2.9973518002077695,3.0458030700683594,dq100_10_q05_ah;dq100_10_mean_ah
final_B1_train/Stacking_Ridge_plus_top2,1,plus_top2,B1c6,636.0,2.885961793403522,2.897282359931702,2.930136203765869,dq100_10_q05_ah;dq100_10_mean_ah
final_B1_train/Stacking_Ridge_plus_top2,1,plus_top2,B1c7,870.0,2.8989515081968626,2.9102719422953602,2.9372293949127197,dq100_10_q05_ah;dq100_10_mean_ah
final_B1_train/Stacking_Ridge_plus_top2,1,plus_top2,B1c8,879.0,2.952020084359174,2.968477906561017,2.9924278259277344,dq100_10_q05_ah;dq100_10_mean_ah
final_B1_train/Stacking_Ridge_plus_top2,1,plus_top2,B1c9,1054.0,2.9697524518515737,2.9789328209849333,3.0262744426727295,dq100_10_q05_ah;dq100_10_mean_ah
final_B1_train/Stacking_Ridge_plus_top2,1,plus_top2,B1c10,906.0,2.9687274050162986,2.977339133290353,2.9531681537628174,dq100_10_q05_ah;dq100_10_mean_ah
final_B1_train/Stacking_Ridge_plus_top2,1,plus_top2,B1c11,788.0,2.990754284620528,2.9971659532927686,2.9906046390533447,dq100_10_q05_ah;dq100_10_mean_ah
final_B1_train/Stacking_Ridge_plus_top2,1,plus_top2,B1c22,891.0,2.9543472893812184,2.9537301336594886,2.9372293949127197,dq100_10_q05_ah;dq100_10_mean_ah
final_B1_train/Stacking_Ridge_plus_top2,1,plus_top2,B1c23,1014.0,2.9727566690176954,2.9691515070109484,2.9372293949127197,dq100_10_q05_ah;dq100_10_mean_ah
final_B1_train/Stacking_Ridge_plus_top2,1,plus_top2,B1c38,617.0,2.7788818557639243,2.784537194076664,2.850125551223755,dq100_10_q05_ah;dq100_10_mean_ah
final_B1_train/Stacking_Ridge_plus_top2,1,plus_top2,B1c39,625.0,2.7879565825185493,2.807158178765789,2.850125551223755,dq100_10_q05_ah;dq100_10_mean_ah
final_B1_train/Stacking_Ridge_plus_top2,2,plus_top2,B1c3,1226.0,3.0477870792833754,3.081511858900216,2.9864330291748047,dq100_10_q05_ah;dq100_10_mean_ah
final_B1_train/Stacking_Ridge_plus_top2,2,plus_top2,B1c4,1227.0,3.1000369307528963,3.1156692733531455,2.9864330291748047,dq100_10_q05_ah;dq100_10_mean_ah
final_B1_train/Stacking_Ridge_plus_top2,2,plus_top2,B1c26,870.0,2.9064077056310396,2.9003346178189062,2.9292049407958984,dq100_10_q05_ah;dq100_10_mean_ah
final_B1_train/Stacking_Ridge_plus_top2,2,plus_top2,B1c27,842.0,2.9070279433487984,2.907307908476167,2.9292049407958984,dq100_10_q05_ah;dq100_10_mean_ah
final_B1_train/Stacking_Ridge_plus_top2,2,plus_top2,B1c30,709.0,2.862281642322589,2.85919805123736,2.8292906284332275,dq100_10_q05_ah;dq100_10_mean_ah
final_B1_train/Stacking_Ridge_plus_top2,2,plus_top2,B1c31,876.0,2.8899935368805196,2.8743561579652845,2.927818775177002,dq100_10_q05_ah;dq100_10_mean_ah
final_B1_train/Stacking_Ridge_plus_top2,2,plus_top2,B1c40,966.0,2.971910110031823,2.985425400356536,2.9864330291748047,dq100_10_q05_ah;dq100_10_mean_ah
final_B1_train/Stacking_Ridge_plus_top2,2,plus_top2,B1c41,1051.0,2.9702693409123375,2.9831832571470622,2.9864330291748047,dq100_10_q05_ah;dq100_10_mean_ah
final_B1_train/Stacking_Ridge_plus_top2,2,plus_top2,B1c42,702.0,2.86116865351571,2.865160317430932,2.8292906284332275,dq100_10_q05_ah;dq100_10_mean_ah
final_B1_train/Stacking_Ridge_plus_top2,2,plus_top2,B1c43,651.0,2.833237806488074,2.859793594815034,2.8292906284332275,dq100_10_q05_ah;dq100_10_mean_ah
final_B1_train/Stacking_Ridge_plus_top2,2,plus_top2,B1c44,616.0,2.802646437748182,2.7778120722331483,2.794881820678711,dq100_10_q05_ah;dq100_10_mean_ah
final_B1_train/Stacking_Ridge_plus_top2,2,plus_top2,B1c45,599.0,2.787852513153854,2.777066499025438,2.794881820678711,dq100_10_q05_ah;dq100_10_mean_ah
final_B1_train/Stacking_Ridge_plus_top2,3,plus_top2,B1c12,902.0,2.976105198156204,2.9491470073773076,2.9233856201171875,dq100_10_q05_ah;dq100_10_mean_ah
final_B1_train/Stacking_Ridge_plus_top2,3,plus_top2,B1c13,897.0,2.994599719223052,2.9439788949237626,2.9263694286346436,dq100_10_q05_ah;dq100_10_mean_ah
final_B1_train/Stacking_Ridge_plus_top2,3,plus_top2,B1c16,862.0,3.004414732834242,2.928435621999607,2.922961711883545,dq100_10_q05_ah;dq100_10_mean_ah
final_B1_train/Stacking_Ridge_plus_top2,3,plus_top2,B1c17,857.0,2.9507110718943115,2.899243070499487,2.9277708530426025,dq100_10_q05_ah;dq100_10_mean_ah
final_B1_train/Stacking_Ridge_plus_top2,3,plus_top2,B1c20,534.0,2.8006683538438053,2.753486558654466,2.8015058040618896,dq100_10_q05_ah;dq100_10_mean_ah
final_B1_train/Stacking_Ridge_plus_top2,3,plus_top2,B1c21,559.0,2.669910481564234,2.746333325663129,2.8015058040618896,dq100_10_q05_ah;dq100_10_mean_ah
final_B1_train/Stacking_Ridge_plus_top2,3,plus_top2,B1c24,1017.0,2.952855152757242,2.958896404102031,2.9484939575195312,dq100_10_q05_ah;dq100_10_mean_ah
final_B1_train/Stacking_Ridge_plus_top2,3,plus_top2,B1c25,854.0,2.9575926547815374,2.9672637924189424,2.9939894676208496,dq100_10_q05_ah;dq100_10_mean_ah
final_B1_train/Stacking_Ridge_plus_top2,3,plus_top2,B1c32,731.0,2.844353213901559,2.827703199873209,2.821277618408203,dq100_10_q05_ah;dq100_10_mean_ah
final_B1_train/Stacking_Ridge_plus_top2,3,plus_top2,B1c33,757.0,2.8890281569101828,2.8443696675640973,2.821277618408203,dq100_10_q05_ah;dq100_10_mean_ah
final_B1_train/Stacking_Ridge_plus_top2,3,plus_top2,B1c36,704.0,2.8765006246393336,2.8761658002733927,2.835630178451538,dq100_10_q05_ah;dq100_10_mean_ah
final_B1_train/Stacking_Ridge_plus_top2,3,plus_top2,B1c37,648.0,2.8205366426302994,2.8728268474718908,2.835630178451538,dq100_10_q05_ah;dq100_10_mean_ah
