cell_key,variant,median_window,cutoff_cycle,start_cycle,n_fit,fit_start,fit_end,best_hinge_cycle,candidate_knee_cycle,pre_slope,post_slope,slope_acceleration_ratio,slope_difference,sse_improvement_fraction,linear_slope,early20_slope,late20_slope,late20_over_early20_ratio,early20_n,late20_n,status,pre_segment_n,post_segment_n,sse_linear,sse_hinge
B1c0,primary_w15_full,15,,20,1170,20.0,1189.0,294.0,,-3.167743976954248e-05,-4.508299382962339e-05,1.4231893157277882,-1.3405554060080908e-05,0.13876128708073499,-4.321554304796801e-05,-3.1032886915841907e-05,-5.765285790549494e-05,1.857798730161449,234,234,uncertain_no_criteria_match,274.0,896.0,0.004003559246756352,0.0034480202127724624
B1c0,w7_full,7,,20,1170,20.0,1189.0,274.0,,-3.397737860742598e-05,-4.430563097448458e-05,1.3039743732555429,-1.03282523670586e-05,0.03440087256850999,-4.305217390033874e-05,-3.2441009297828e-05,-5.7620245335281286e-05,1.7761545211584737,234,234,uncertain_no_criteria_match,254.0,916.0,0.008162885392923968,0.007882075012730638
B1c0,w15_first_eol,15,,20,1170,20.0,1189.0,294.0,,-3.167743976954248e-05,-4.508299382962339e-05,1.4231893157277882,-1.3405554060080908e-05,0.13876128708073499,-4.321554304796801e-05,-3.1032886915841907e-05,-5.765285790549494e-05,1.857798730161449,234,234,uncertain_no_criteria_match,274.0,896.0,0.004003559246756352,0.0034480202127724624
B1c0,w15_start50,15,,50,1140,50.0,1189.0,302.0,,-3.3604633533810135e-05,-4.5038167687973104e-05,1.3402368349787095,-1.1433534154162969e-05,0.08826318722604731,-4.360391426630762e-05,-3.496624255703008e-05,-5.874343861910305e-05,1.6800043219768972,228,228,uncertain_no_criteria_match,252.0,888.0,0.003750030082154192,0.003419040474909707
B1c1,primary_w15_full,15,,20,1159,20.0,1178.0,422.0,422.0,-2.458468740572228e-05,-4.389632413510106e-05,1.7855148373732765,-1.931163672937878e-05,0.909573900275248,-3.8526789453952206e-05,-2.367533361266527e-05,-4.685950010474944e-05,1.9792540570444868,232,232,candidate_knee,402.0,757.0,0.0024782984102448883,0.00022410285919249873
B1c1,w7_full,7,,20,1159,20.0,1178.0,422.0,422.0,-2.4523458854602293e-05,-4.3942047993295475e-05,1.7918372874652189,-1.9418589138693182e-05,0.8941086127064829,-3.854277555976865e-05,-2.3720068990503326e-05,-4.66310334016286e-05,1.9658894508400464,232,232,candidate_knee,402.0,757.0,0.002549168183926533,0.0002699349554404762
B1c1,w15_first_eol,15,,20,1159,20.0,1178.0,422.0,422.0,-2.458468740572228e-05,-4.389632413510106e-05,1.7855148373732765,-1.931163672937878e-05,0.909573900275248,-3.8526789453952206e-05,-2.367533361266527e-05,-4.685950010474944e-05,1.9792540570444868,232,232,candidate_knee,402.0,757.0,0.0024782984102448883,0.00022410285919249873
B1c1,w15_start50,15,,50,1129,50.0,1178.0,425.0,425.0,-2.500501360768786e-05,-4.389877680798948e-05,1.7555989969344659,-1.889376320030162e-05,0.894910320693127,-3.9018982664453475e-05,-2.564927937832187e-05,-4.711026325159508e-05,1.8367090379705364,226,226,candidate_knee,375.0,754.0,0.0020928324636278785,0.00021993509244566667
B1c2,primary_w15_full,15,,20,1157,20.0,1176.0,446.0,446.0,-2.373791829868497e-05,-4.4632641766138186e-05,1.8802256038016079,-2.0894723467453216e-05,0.8518477598253054,-3.8208072855995296e-05,-2.1335517712271526e-05,-4.5119630580312074e-05,2.114766146703844,232,232,candidate_knee,426.0,731.0,0.0033358635289151995,0.0004942156547258492
B1c2,w7_full,7,,20,1157,20.0,1176.0,446.0,446.0,-2.3666235107376286e-05,-4.4672342636388394e-05,1.8875981935320556,-2.1006107529012108e-05,0.8404017242153983,-3.821352610482509e-05,-2.1325203540724402e-05,-4.510865884152843e-05,2.115274480517156,232,232,candidate_knee,426.0,731.0,0.0034174426813051275,0.0005454179595290043
B1c2,w15_first_eol,15,,20,1157,20.0,1176.0,446.0,446.0,-2.373791829868497e-05,-4.4632641766138186e-05,1.8802256038016079,-2.0894723467453216e-05,0.8518477598253054,-3.8208072855995296e-05,-2.1335517712271526e-05,-4.5119630580312074e-05,2.114766146703844,232,232,candidate_knee,426.0,731.0,0.0033358635289151995,0.0004942156547258492
B1c2,w15_start50,15,,50,1127,50.0,1176.0,453.0,453.0,-2.4588069115218847e-05,-4.4660329450358964e-05,1.8163414638653486,-2.0072260335140117e-05,0.8305527494859408,-3.878381472547346e-05,-2.412617395033333e-05,-4.498522771042065e-05,1.864581918501799,226,226,candidate_knee,403.0,724.0,0.0028104712435537637,0.0004762266248690139
B1c3,primary_w15_full,15,,20,1206,20.0,1225.0,967.0,967.0,-4.608184892308752e-05,-0.0002587288071880966,5.614549182258843,-0.00021264695826500907,0.9327958283058583,-7.120295667569317e-05,-2.707412513161299e-05,-0.00027030365350770797,9.983837047132837,242,242,candidate_knee,947.0,259.0,0.1353591932859219,0.00909670246596761
B1c3,w7_full,7,,20,1206,20.0,1225.0,967.0,967.0,-4.612261510186391e-05,-0.00025885297565569155,5.6122788155876,-0.00021273036055382763,0.9314642024603776,-7.125357560713202e-05,-2.722862092571642e-05,-0.00027050515353035785,9.934588838279202,242,242,candidate_knee,947.0,259.0,0.13565905459608568,0.009297501500213912
B1c3,w15_first_eol,15,,20,1206,20.0,1225.0,967.0,967.0,-4.608184892308752e-05,-0.0002587288071880966,5.614549182258843,-0.00021264695826500907,0.9327958283058583,-7.120295667569317e-05,-2.707412513161299e-05,-0.00027030365350770797,9.983837047132837,242,242,candidate_knee,947.0,259.0,0.1353591932859219,0.00909670246596761
B1c3,w15_start50,15,,50,1176,50.0,1225.0,971.0,971.0,-4.723002393440906e-05,-0.0002612764021412159,5.531998088844182,-0.00021404637820680685,0.934809810241571,-7.296496882594873e-05,-3.131454705638015e-05,-0.00027461914590741645,8.769698805254297,236,236,candidate_knee,921.0,255.0,0.12956824118817367,0.008446578229722945
B1c4,primary_w15_full,15,,20,1207,20.0,1226.0,898.0,898.0,-4.014288594209076e-05,-8.640282205697837e-05,2.1523819234526678,-4.625993611488761e-05,0.8598016448782728,-4.855744683229407e-05,-2.437325300449903e-05,-9.11748971757899e-05,3.740776709574222,242,242,candidate_knee,878.0,329.0,0.011339670096537172,0.0015898030951575493
B1c4,w7_full,7,,20,1207,20.0,1226.0,896.0,896.0,-4.013416280381726e-05,-8.614776951645337e-05,2.1464947440802136,-4.6013606712636106e-05,0.856662460480319,-4.8594709147178516e-05,-2.4537069424281877e-05,-9.091499857538451e-05,3.7052101456506885,242,242,candidate_knee,876.0,331.0,0.01138912058124739,0.001632488521408959
B1c4,w15_first_eol,15,,20,1207,20.0,1226.0,898.0,898.0,-4.014288594209076e-05,-8.640282205697837e-05,2.1523819234526678,-4.625993611488761e-05,0.8598016448782728,-4.855744683229407e-05,-2.437325300449903e-05,-9.11748971757899e-05,3.740776709574222,242,242,candidate_knee,878.0,329.0,0.011339670096537172,0.0015898030951575493
B1c4,w15_start50,15,,50,1177,50.0,1226.0,905.0,905.0,-4.100170068717174e-05,-8.668896360037548e-05,2.114277265272023,-4.5687262913203745e-05,0.8780828293431291,-4.9365895866506086e-05,-2.8658962509186647e-05,-9.179644296037281e-05,3.203062320589847,236,236,candidate_knee,855.0,322.0,0.010111310002491844,0.0012327423071383237
B1c5,primary_w15_full,15,,20,1053,20.0,1073.0,883.0,883.0,-7.093961775194098e-05,-0.0007054814876372417,9.944816591825221,-0.0006345418698853007,0.9451279918858325,-0.00012568506307733082,-3.081329415822496e-05,-0.0006551190699571438,21.260922853400068,211,210,candidate_knee,863.0,190.0,0.539615890861283,0.029609807541874034
B1c5,w7_full,7,,20,1053,20.0,1073.0,883.0,883.0,-7.094255496315743e-05,-0.0007065047457805203,9.958828606432755,-0.0006355621908173629,0.944772965458946,-0.00012577602903251537,-3.1128459140787657e-05,-0.0006566080114305155,21.093495455743945,211,210,candidate_knee,863.0,190.0,0.5415560819757241,0.029908536445191203
B1c5,w15_first_eol,15,,20,1053,20.0,1073.0,883.0,883.0,-7.093961775194098e-05,-0.0007054814876372417,9.944816591825221,-0.0006345418698853007,0.9451279918858325,-0.00012568506307733082,-3.081329415822496e-05,-0.0006551190699571438,21.260922853400068,211,210,candidate_knee,863.0,190.0,0.539615890861283,0.029609807541874034
B1c5,w15_start50,15,,50,1023,50.0,1073.0,885.0,885.0,-7.331603827221283e-05,-0.000709741715386281,9.680579203572117,-0.0006364256771140682,0.9472631918626266,-0.00013013428401158057,-3.628475226699735e-05,-0.000669545436089724,18.45252879675043,205,204,candidate_knee,835.0,188.0,0.5182789581951216,0.0273323779799739
B1c6,primary_w15_full,15,,20,616,20.0,635.0,514.0,514.0,-0.0001140187594421054,-0.0011488537338131162,10.076006259272296,-0.0010348349743710108,0.9618097709447894,-0.00021891268624160578,-5.111275719905598e-05,-0.0011365166521321796,22.235479250435944,124,124,candidate_knee,494.0,122.0,0.34436270366174526,0.013151290530913684
B1c6,w7_full,7,,20,616,20.0,635.0,515.0,515.0,-0.00011449715906732139,-0.0011632815386100751,10.159916176838024,-0.0010487843795427537,0.9611176349172157,-0.00021919258583829327,-5.12856210857597e-05,-0.0011429233530291113,22.28545406748448,124,124,candidate_knee,495.0,121.0,0.34739477404340946,0.013507530432207204
B1c6,w15_first_eol,15,,20,616,20.0,635.0,514.0,514.0,-0.0001140187594421054,-0.0011488537338131162,10.076006259272296,-0.0010348349743710108,0.9618097709447894,-0.00021891268624160578,-5.111275719905598e-05,-0.0011365166521321796,22.235479250435944,124,124,candidate_knee,494.0,122.0,0.34436270366174526,0.013151290530913684
B1c6,w15_start50,15,,50,586,50.0,635.0,516.0,516.0,-0.00012012961003197,-0.0011609934407748564,9.664506864426532,-0.0010408638307428863,0.9636847794982425,-0.0002323284367200788,-7.046016127441842e-05,-0.0011699989303335413,16.605112863378107,118,118,candidate_knee,466.0,120.0,0.3226237967547975,0.011716154318264671
B1c7,primary_w15_full,15,,20,850,20.0,869.0,644.0,644.0,-7.900318072360342e-05,-0.0007138060416107006,9.035155737690951,-0.0006348028608870971,0.9621230427626958,-0.0001893312695544218,-3.951944321297479e-05,-0.0008183943292420049,20.708650292251956,170,170,candidate_knee,624.0,226.0,0.6349018170176818,0.02404814897306551
B1c7,w7_full,7,,20,850,20.0,869.0,644.0,644.0,-7.886071751824179e-05,-0.0007148798785124651,9.065094777347182,-0.0006360191609942233,0.9619334463053523,-0.00018940019806534247,-3.983803213219261e-05,-0.0008205058242011223,20.5960430344169,170,170,candidate_knee,624.0,226.0,0.6374627459995531,0.02426600984892957
B1c7,w15_first_eol,15,,20,850,20.0,869.0,644.0,644.0,-7.900318072360342e-05,-0.0007138060416107006,9.035155737690951,-0.0006348028608870971,0.9621230427626958,-0.0001893312695544218,-3.951944321297479e-05,-0.0008183943292420049,20.708650292251956,170,170,candidate_knee,624.0,226.0,0.6349018170176818,0.02404814897306551
B1c7,w15_start50,15,,50,820,50.0,869.0,646.0,646.0,-8.260532737653503e-05,-0.0007168307532543463,8.677778734377004,-0.0006342254258778113,0.96204974151056,-0.00019826964333573502,-4.522204603267435e-05,-0.0008298865801218829,18.351371796009932,164,164,candidate_knee,596.0,224.0,0.5989512770078782,0.022730355785029133
B1c8,primary_w15_full,15,,20,859,20.0,878.0,678.0,678.0,-6.020746503900783e-05,-0.00042871006079342976,7.120546605236953,-0.0003685025957544219,0.9556945764581627,-0.00011106397959973818,-2.9211629086157955e-05,-0.000466180100171453,15.95871626318692,172,172,candidate_knee,658.0,201.0,0.17197757005840306,0.007619539081133553
B1c8,w7_full,7,,20,859,20.0,878.0,679.0,679.0,-6.038116568666713e-05,-0.0004313764862993907,7.1442225633388805,-0.0003709953206127236,0.9554296703933918,-0.00011111883066016227,-2.9579902387370464e-05,-0.0004672610609153278,15.796572104809622,172,172,candidate_knee,659.0,200.0,0.1725482582985871,0.0076905327454142025
B1c8,w15_first_eol,15,,20,859,20.0,878.0,678.0,678.0,-6.020746503900783e-05,-0.00042871006079342976,7.120546605236953,-0.0003685025957544219,0.9556945764581627,-0.00011106397959973818,-2.9211629086157955e-05,-0.000466180100171453,15.95871626318692,172,172,candidate_knee,658.0,201.0,0.17197757005840306,0.007619539081133553
B1c8,w15_start50,15,,50,829,50.0,878.0,682.0,682.0,-6.296211950839833e-05,-0.00043452149226601023,6.901316151023961,-0.0003715593727576119,0.9577884516481887,-0.00011569290444939158,-3.556040820877416e-05,-0.0004739206921578531,13.327200558989029,166,166,candidate_knee,632.0,197.0,0.16190916106034692,0.006834436380700026
B1c9,primary_w15_full,15,,20,1034,20.0,1053.0,792.0,792.0,-6.373990207123748e-05,-0.000561269089333192,8.805615808852389,-0.0004975291872619545,0.9584933068117714,-0.00014310882635436344,-2.4135786359061083e-05,-0.0006288619167248434,26.055165859087715,207,207,candidate_knee,772.0,262.0,0.6419126942382138,0.0266436732533748
B1c9,w7_full,7,,20,1034,20.0,1053.0,792.0,792.0,-6.370925631009475e-05,-0.0005619172251223736,8.820024870284628,-0.0004982079688122789,0.9580092548044468,-0.00014318646401226652,-2.4351767758764487e-05,-0.0006302418872847464,25.88074482017491,207,207,candidate_knee,772.0,262.0,0.6439906423588488,0.027041646971611044
B1c9,w15_first_eol,15,,20,1034,20.0,1053.0,792.0,792.0,-6.373990207123748e-05,-0.000561269089333192,8.805615808852389,-0.0004975291872619545,0.9584933068117714,-0.00014310882635436344,-2.4135786359061083e-05,-0.0006288619167248434,26.055165859087715,207,207,candidate_knee,772.0,262.0,0.6419126942382138,0.0266436732533748
B1c9,w15_start50,15,,50,1004,50.0,1053.0,795.0,795.0,-6.661860521669778e-05,-0.0005650374133476415,8.481675824789203,-0.0004984188081309437,0.9593330630444593,-0.00014872627645911072,-3.126299231564954e-05,-0.000637038676341067,20.376765918922608,201,201,candidate_knee,745.0,259.0,0.610410401545278,0.02482352131664811
B1c10,primary_w15_full,15,,20,886,20.0,905.0,695.0,695.0,-5.811891223996268e-05,-0.00038005414651084686,6.539250854208535,-0.0003219352342708842,0.9348004886061144,-0.0001040002035511521,-2.3426862773677665e-05,-0.0004223652431832618,18.029099639317895,178,178,candidate_knee,675.0,211.0,0.15276652037957864,0.009960302486092587
B1c10,w7_full,7,,20,886,20.0,905.0,695.0,695.0,-5.811431817072832e-05,-0.00038044904316871685,6.546562966651921,-0.00032233472499798853,0.9345277506261997,-0.00010405254376085013,-2.3631448545581585e-05,-0.0004233110998915877,17.913040712467662,178,178,candidate_knee,675.0,211.0,0.15319058777812225,0.010029732364728261
B1c10,w15_first_eol,15,,20,886,20.0,905.0,695.0,695.0,-5.811891223996268e-05,-0.00038005414651084686,6.539250854208535,-0.0003219352342708842,0.9348004886061144,-0.0001040002035511521,-2.3426862773677665e-05,-0.0004223652431832618,18.029099639317895,178,178,candidate_knee,675.0,211.0,0.15276652037957864,0.009960302486092587
B1c10,w15_start50,15,,50,856,50.0,905.0,700.0,700.0,-6.104249875576639e-05,-0.0003861044557110038,6.325174486316886,-0.0003250619569552374,0.9371975998267871,-0.0001082506149740863,-2.9372815389731374e-05,-0.00043107722418359387,14.676060788313022,172,172,candidate_knee,650.0,206.0,0.14313180819671456,0.008989021095885619
B1c11,primary_w15_full,15,,20,768,20.0,787.0,594.0,594.0,-6.512501521188452e-05,-0.0007214016950438597,11.077182749159844,-0.0006562766798319751,0.973653788471835,-0.00016911348806575248,-2.438517525485278e-05,-0.0007953137202986767,32.61464032908293,154,154,candidate_knee,574.0,194.0,0.4471754127224241,0.011781378013779431
B1c11,w7_full,7,,20,768,20.0,787.0,594.0,594.0,-6.504813169739391e-05,-0.0007225515603258945,11.107952549463352,-0.0006575034286285006,0.9733762971023274,-0.00016923098557659191,-2.4513537872627033e-05,-0.0007980799183896432,32.55670081309711,154,154,candidate_knee,574.0,194.0,0.4489767037880408,0.011953422369629152
B1c11,w15_first_eol,15,,20,768,20.0,787.0,594.0,594.0,-6.512501521188452e-05,-0.0007214016950438597,11.077182749159844,-0.0006562766798319751,0.973653788471835,-0.00016911348806575248,-2.438517525485278e-05,-0.0007953137202986767,32.61464032908293,154,154,candidate_knee,574.0,194.0,0.4471754127224241,0.011781378013779431
B1c11,w15_start50,15,,50,738,50.0,787.0,596.0,596.0,-6.896162608668e-05,-0.0007253575025748709,10.518277246872726,-0.0006563958764881909,0.9744278465952394,-0.00017861462059588253,-3.3556497628980776e-05,-0.0008038590755431504,23.955392616686687,148,148,candidate_knee,546.0,192.0,0.4203093787293125,0.010748215910325598
B1c12,primary_w15_full,15,,20,882,20.0,901.0,688.0,688.0,-5.955941706115506e-05,-0.000579311745635666,9.726618798851472,-0.0005197523285745109,0.9573837434312843,-0.00013617937788952425,-2.1610356036079665e-05,-0.0006429583454450234,29.752325430065543,177,177,candidate_knee,668.0,214.0,0.39854550650522813,0.01698451755953556
B1c12,w7_full,7,,20,882,20.0,901.0,689.0,689.0,-5.98099310058117e-05,-0.0005828796580231905,9.745533028061049,-0.0005230697270173788,0.9570026430766881,-0.0001362671349067906,-2.1770740638146807e-05,-0.000644757131974862,29.615764694983095,177,177,candidate_knee,669.0,213.0,0.39995190744647213,0.017196874916635352
B1c12,w15_first_eol,15,,20,882,20.0,901.0,688.0,688.0,-5.955941706115506e-05,-0.000579311745635666,9.726618798851472,-0.0005197523285745109,0.9573837434312843,-0.00013617937788952425,-2.1610356036079665e-05,-0.0006429583454450234,29.752325430065543,177,177,candidate_knee,668.0,214.0,0.39854550650522813,0.01698451755953556
B1c12,w15_start50,15,,50,852,50.0,901.0,691.0,691.0,-6.282796781618764e-05,-0.0005844811666832647,9.302881932983244,-0.0005216531988670771,0.9583299228678726,-0.0001426206967404057,-2.7708064175486597e-05,-0.0006536198508771928,23.589516999006094,171,171,candidate_knee,641.0,211.0,0.3768384778494668,0.01570288843834078
B1c13,primary_w15_full,15,,20,877,20.0,896.0,709.0,709.0,-6.379696914492657e-05,-0.000601061233555956,9.42147004179046,-0.0005372642644110294,0.9433917536151922,-0.0001269695020857157,-2.5757152982610542e-05,-0.0006268574555910191,24.337218325885246,176,176,candidate_knee,689.0,188.0,0.32671584281121613,0.018494810927677463
B1c13,w7_full,7,,20,877,20.0,896.0,709.0,709.0,-6.37852913008109e-05,-0.0006019959800355625,9.437849506660626,-0.0005382106887347516,0.9430016213033225,-0.00012706910657643325,-2.615502300242139e-05,-0.0006285803370570108,24.032872653135033,176,176,candidate_knee,689.0,188.0,0.328003560402106,0.018695671149657755
B1c13,w15_first_eol,15,,20,877,20.0,896.0,709.0,709.0,-6.379696914492657e-05,-0.000601061233555956,9.42147004179046,-0.0005372642644110294,0.9433917536151922,-0.0001269695020857157,-2.5757152982610542e-05,-0.0006268574555910191,24.337218325885246,176,176,candidate_knee,689.0,188.0,0.32671584281121613,0.018494810927677463
B1c13,w15_start50,15,,50,847,50.0,896.0,712.0,712.0,-6.691145111542031e-05,-0.0006075438786379232,9.079819201498523,-0.0005406324275225028,0.9446189911347443,-0.0001326926581429075,-3.0113826002527913e-05,-0.0006411317314745269,21.29027814070211,170,170,candidate_knee,662.0,185.0,0.30997210819755394,0.01716656807207073
B1c14,primary_w15_full,15,,20,860,20.0,879.0,656.0,656.0,-6.682002141277384e-05,-0.0006849512194475165,10.250688415921038,-0.0006181311980347426,0.980531586005217,-0.0001703651409849937,-1.9497479499932788e-05,-0.0007373279178193165,37.81657612830716,172,172,candidate_knee,636.0,224.0,0.5879107106641517,0.011445689107176804
B1c14,w7_full,7,,20,860,20.0,879.0,656.0,656.0,-6.679985355484396e-05,-0.0006856759375483583,10.264632346617425,-0.0006188760839935144,0.9803912220193678,-0.00017046975133905835,-1.99435303037806e-05,-0.0007392668553533652,37.06800371312525,172,172,candidate_knee,636.0,224.0,0.5894128762403699,0.011557666229123242
B1c14,w15_first_eol,15,,20,860,20.0,879.0,656.0,656.0,-6.682002141277384e-05,-0.0006849512194475165,10.250688415921038,-0.0006181311980347426,0.980531586005217,-0.0001703651409849937,-1.9497479499932788e-05,-0.0007373279178193165,37.81657612830716,172,172,candidate_knee,636.0,224.0,0.5879107106641517,0.011445689107176804
B1c14,w15_start50,15,,50,830,50.0,879.0,658.0,658.0,-7.0451047518849e-05,-0.0006877026330707157,9.761425234830222,-0.0006172515855518667,0.98203230073724,-0.00017886661771940025,-2.913465157308612e-05,-0.000740055921224364,25.40122779117117,166,166,candidate_knee,608.0,222.0,0.5537919060596904,0.009950366422231127
B1c15,primary_w15_full,15,,20,699,20.0,718.0,552.0,552.0,-6.835539349088719e-05,-0.0008901829009312598,13.022862651649202,-0.0008218275074403726,0.9759007845963611,-0.00018602740435860334,-1.660138680544898e-05,-0.0009620883601277032,57.95228864927852,140,140,candidate_knee,532.0,167.0,0.47076558972280386,0.011345081351350927
B1c15,w7_full,7,,20,699,20.0,718.0,553.0,553.0,-6.88246335079462e-05,-0.0008976948773041861,13.04322059630789,-0.0008288702437962399,0.9757215158558135,-0.0001862166714183819,-1.685478450066676e-05,-0.0009660568268461217,57.31647454809673,140,140,candidate_knee,533.0,166.0,0.47303353667192577,0.01148453721975784
B1c15,w15_first_eol,15,,20,699,20.0,718.0,552.0,552.0,-6.835539349088719e-05,-0.0008901829009312598,13.022862651649202,-0.0008218275074403726,0.9759007845963611,-0.00018602740435860334,-1.660138680544898e-05,-0.0009620883601277032,57.95228864927852,140,140,candidate_knee,532.0,167.0,0.47076558972280386,0.011345081351350927
B1c15,w15_start50,15,,50,669,50.0,718.0,554.0,554.0,-7.338003109961627e-05,-0.0008962514238855873,12.21383270700568,-0.000822871392785971,0.9772598689776324,-0.0001981684637830957,-2.9968695619645963e-05,-0.0009754008511577449,32.547324165764536,134,134,candidate_knee,504.0,165.0,0.4408957682872974,0.010026027538060589
B1c16,primary_w15_full,15,,20,842,20.0,861.0,672.0,672.0,-6.588367568655935e-05,-0.0008482316291266975,12.874685880644357,-0.0007823479534401382,0.9741860742867055,-0.00016692795680878767,-2.2350327929988595e-05,-0.0008977704982099349,40.16811301481396,169,169,candidate_knee,652.0,190.0,0.66323832606011,0.017120784879125495
B1c16,w7_full,7,,20,842,20.0,861.0,673.0,673.0,-6.626760868053296e-05,-0.0008543511801414949,12.89244017028296,-0.0007880835714609619,0.9739949146787621,-0.0001670750707841417,-2.2911614290686475e-05,-0.0009003648030928348,39.29730972552341,169,169,candidate_knee,653.0,189.0,0.6655813067748106,0.017308498670900008
B1c16,w15_first_eol,15,,20,842,20.0,861.0,672.0,672.0,-6.588367568655935e-05,-0.0008482316291266975,12.874685880644357,-0.0007823479534401382,0.9741860742867055,-0.00016692795680878767,-2.2350327929988595e-05,-0.0008977704982099349,40.16811301481396,169,169,candidate_knee,652.0,190.0,0.66323832606011,0.017120784879125495
B1c16,w15_start50,15,,50,812,50.0,861.0,674.0,674.0,-6.948469674184633e-05,-0.0008537840117350884,12.287367604223954,-0.000784299314993242,0.9752550229114286,-0.00017562781795858683,-3.121419522170701e-05,-0.0009104611410793556,29.168176036978256,163,163,candidate_knee,624.0,188.0,0.6304597292898553,0.015600711556544411
B1c17,primary_w15_full,15,,20,837,20.0,856.0,653.0,653.0,-6.206079814879124e-05,-0.0007565745683176363,12.190861073100333,-0.000694513770168845,0.9723122393978514,-0.0001652601685372837,-1.816129992761705e-05,-0.0008231324579243879,45.32343286025955,168,168,candidate_knee,633.0,204.0,0.6042152648368558,0.016729367604966683
B1c17,w7_full,7,,20,837,20.0,856.0,654.0,654.0,-6.246463920706651e-05,-0.0007613291494258663,12.188162120045327,-0.0006988645102187997,0.9721974904750655,-0.00016539014427514791,-1.8775711046208416e-05,-0.0008251961000399876,43.95019171359843,168,168,candidate_knee,634.0,203.0,0.6057648206838966,0.01684178219693422
B1c17,w15_first_eol,15,,20,837,20.0,856.0,653.0,653.0,-6.206079814879124e-05,-0.0007565745683176363,12.190861073100333,-0.000694513770168845,0.9723122393978514,-0.0001652601685372837,-1.816129992761705e-05,-0.0008231324579243879,45.32343286025955,168,168,candidate_knee,633.0,204.0,0.6042152648368558,0.016729367604966683
B1c17,w15_start50,15,,50,807,50.0,856.0,656.0,656.0,-6.617461609542039e-05,-0.0007644869051066962,11.552570308898286,-0.0006983122890112758,0.9733000714590981,-0.00017407106965412815,-2.4792653702362863e-05,-0.0008318144292163976,33.550842890897215,162,162,candidate_knee,606.0,201.0,0.5714084408978501,0.015256564539640749
B1c18,primary_w15_full,15,,20,670,20.0,690.0,564.0,564.0,-0.00012497716045102702,-0.0009624886773936291,7.7013165759257705,-0.0008375115169426021,0.9783607722582677,-0.00020323576600477487,-9.621684897384362e-05,-0.0009272123960101456,9.63669467353069,134,135,candidate_knee,543.0,127.0,0.2582789089758538,0.005588956132214662
B1c18,w7_full,7,,20,670,20.0,690.0,565.0,565.0,-0.00012529675034598036,-0.0009737972864321866,7.77192771355404,-0.0008485005360862062,0.9781025880144775,-0.00020342242091505206,-9.618428319563983e-05,-0.0009315039092283682,9.684575049893335,134,135,candidate_knee,544.0,126.0,0.2603633778354315,0.005701284150404717
B1c18,w15_first_eol,15,,20,670,20.0,690.0,564.0,564.0,-0.00012497716045102702,-0.0009624886773936291,7.7013165759257705,-0.0008375115169426021,0.9783607722582677,-0.00020323576600477487,-9.621684897384362e-05,-0.0009272123960101456,9.63669467353069,134,135,candidate_knee,543.0,127.0,0.2582789089758538,0.005588956132214662
B1c18,w15_start50,15,,50,641,50.0,690.0,565.0,565.0,-0.00012726146132850495,-0.0009671134933065465,7.599421562589941,-0.0008398520319780415,0.9786811373041339,-0.00021123579703424098,-0.00011765569823345296,-0.0009529209672406084,8.099233454463194,129,129,candidate_knee,515.0,126.0,0.24699318431351436,0.005265613783194567
B1c19,primary_w15_full,15,,20,768,20.0,787.0,576.0,576.0,-9.07393289831553e-05,-0.0007396920549248382,8.15183518782857,-0.0006489527259416829,0.9801956109033417,-0.00021128101149710656,-4.390923926168721e-05,-0.0008053169991621281,18.340490810206397,154,154,candidate_knee,556.0,212.0,0.5155084646660248,0.010209330216866874
B1c19,w7_full,7,,20,768,20.0,787.0,576.0,576.0,-9.066273115319872e-05,-0.000740665968050934,8.169464548772334,-0.0006500032368977353,0.9799898779055942,-0.00021139954399495181,-4.408552436810496e-05,-0.0008078161723880167,18.323841759098055,154,154,candidate_knee,556.0,212.0,0.5172873772516252,0.010350983576699946
B1c19,w15_first_eol,15,,20,768,20.0,787.0,576.0,576.0,-9.07393289831553e-05,-0.0007396920549248382,8.15183518782857,-0.0006489527259416829,0.9801956109033417,-0.00021128101149710656,-4.390923926168721e-05,-0.0008053169991621281,18.340490810206397,154,154,candidate_knee,556.0,212.0,0.5155084646660248,0.010209330216866874
B1c19,w15_start50,15,,50,738,50.0,787.0,578.0,578.0,-9.497977088677499e-05,-0.0007428536901955077,7.821177954630578,-0.0006478739193087326,0.9811686355690353,-0.0002219647181972964,-5.522891162632292e-05,-0.00080834716951954,14.636304531742207,148,148,candidate_knee,528.0,210.0,0.48154284168265626,0.009068108740848402
B1c20,primary_w15_full,15,,20,514,20.0,533.0,418.0,418.0,-0.00027606545165715507,-0.0007164379798724865,2.5951743529365237,-0.00044037252821533146,0.9199537968323666,-0.0003327795493099478,-0.00018360815907393605,-0.0007508147153824189,4.089223045257362,103,103,candidate_knee,398.0,116.0,0.05045388779569436,0.004038642153091132
B1c20,w7_full,7,,20,514,20.0,533.0,419.0,419.0,-0.00027625703374836453,-0.0007246757055336377,2.6231936819886594,-0.0004484186717852732,0.9183615288131091,-0.0003330982539904092,-0.00018373117998506382,-0.000758282920968238,4.127132482520831,103,103,candidate_knee,399.0,115.0,0.051441034683149284,0.004199567427804141
B1c20,w15_first_eol,15,,20,514,20.0,533.0,418.0,418.0,-0.00027606545165715507,-0.0007164379798724865,2.5951743529365237,-0.00044037252821533146,0.9199537968323666,-0.0003327795493099478,-0.00018360815907393605,-0.0007508147153824189,4.089223045257362,103,103,candidate_knee,398.0,116.0,0.05045388779569436,0.004038642153091132
B1c20,w15_start50,15,,50,484,50.0,533.0,424.0,424.0,-0.00028580568394236317,-0.0007328033377456302,2.5639914771373493,-0.000446997653803267,0.9406283340463778,-0.0003440902103987655,-0.0002207105643803912,-0.0007683917062907638,3.481445070143778,97,97,candidate_knee,374.0,110.0,0.04306583597486689,0.002556890427513281
B1c21,primary_w15_full,15,,20,539,20.0,558.0,442.0,442.0,-0.00020627268538284257,-0.0009246186136811483,4.482506309379034,-0.0007183459282983057,0.9372939264478699,-0.0002924412333884327,-0.00012223661293549399,-0.0009636987384130251,7.883879594418922,108,108,candidate_knee,422.0,117.0,0.13975306327331385,0.008763365864751904
B1c21,w7_full,7,,20,539,20.0,558.0,443.0,443.0,-0.0002065034842876491,-0.0009391237975261415,4.547738265849252,-0.0007326203132384925,0.9339309995376592,-0.00029300689178102284,-0.00012240288805053003,-0.0009770083857307532,7.981906320114173,108,108,candidate_knee,423.0,116.0,0.14317301718527373,0.009459298138608574
B1c21,w15_first_eol,15,,20,539,20.0,558.0,442.0,442.0,-0.00020627268538284257,-0.0009246186136811483,4.482506309379034,-0.0007183459282983057,0.9372939264478699,-0.0002924412333884327,-0.00012223661293549399,-0.0009636987384130251,7.883879594418922,108,108,candidate_knee,422.0,117.0,0.13975306327331385,0.008763365864751904
B1c21,w15_start50,15,,50,509,50.0,558.0,445.0,445.0,-0.00021497281919522003,-0.0009357258235015758,4.352763419136394,-0.0007207530043063558,0.9432770071601535,-0.0003065023924950701,-0.00014875305143878157,-0.000995849300428044,6.694647879797476,102,102,candidate_knee,395.0,114.0,0.12591745304921578,0.007142414787722373
B1c22,primary_w15_full,15,,20,871,20.0,890.0,664.0,664.0,-5.722811817314377e-05,-0.00034173223340156763,5.971404343012925,-0.00028450411522842385,0.9230418621442018,-0.00010493957829945981,-2.7487827810120788e-05,-0.00040190142024182715,14.621068751523916,175,175,candidate_knee,644.0,227.0,0.13761120504284358,0.010590302088189674
B1c22,w7_full,7,,20,871,20.0,890.0,664.0,664.0,-5.7195910750666524e-05,-0.00034218286710180216,5.9826456578946,-0.00028498695635113564,0.9224406569770245,-0.00010498834353692068,-2.765758620689637e-05,-0.0004028615496417375,14.566041542023097,175,175,candidate_knee,644.0,227.0,0.13816868369524332,0.010716272333752386
B1c22,w15_first_eol,15,,20,871,20.0,890.0,664.0,664.0,-5.722811817314377e-05,-0.00034173223340156763,5.971404343012925,-0.00028450411522842385,0.9230418621442018,-0.00010493957829945981,-2.7487827810120788e-05,-0.00040190142024182715,14.621068751523916,175,175,candidate_knee,644.0,227.0,0.13761120504284358,0.010590302088189674
B1c22,w15_start50,15,,50,841,50.0,890.0,670.0,670.0,-6.0194419265110484e-05,-0.0003479546793424347,5.780513934522067,-0.00028776026007732423,0.9232319635972479,-0.00010916543630738364,-2.968672766147904e-05,-0.00041019336691362946,13.8173991957318,169,169,candidate_knee,620.0,221.0,0.12873397489004385,0.00988265447062986
B1c23,primary_w15_full,15,,20,994,20.0,1013.0,769.0,769.0,-6.46731000538643e-05,-0.0005942714148314156,9.188849990745219,-0.0005295983147775513,0.9605770911381646,-0.00014503793739778568,-2.5552874067306257e-05,-0.0006576461516369727,25.736680339938793,199,199,candidate_knee,749.0,245.0,0.6098629715924719,0.02404257234729812
B1c23,w7_full,7,,20,994,20.0,1013.0,769.0,769.0,-6.464917896520038e-05,-0.0005950387475444051,9.204119171640292,-0.0005303895685792047,0.9602059270743979,-0.00014513408652326923,-2.5764993604385634e-05,-0.0006592325188442211,25.58636454433308,199,199,candidate_knee,749.0,245.0,0.6119231268578826,0.024350913535045038
B1c23,w15_first_eol,15,,20,994,20.0,1013.0,769.0,769.0,-6.46731000538643e-05,-0.0005942714148314156,9.188849990745219,-0.0005295983147775513,0.9605770911381646,-0.00014503793739778568,-2.5552874067306257e-05,-0.0006576461516369727,25.736680339938793,199,199,candidate_knee,749.0,245.0,0.6098629715924719,0.02404257234729812
B1c23,w15_start50,15,,50,964,50.0,1013.0,772.0,772.0,-6.760710630186648e-05,-0.0005988882546577364,8.858362492009253,-0.0005312811483558699,0.9613335663193027,-0.0001509297383256605,-2.9115280133272727e-05,-0.0006657402752256825,22.8656661443171,193,193,candidate_knee,722.0,242.0,0.5803467717038868,0.022439939959895128
B1c24,primary_w15_full,15,,20,997,20.0,1016.0,756.0,756.0,-6.579272816289756e-05,-0.0005445078493976249,8.27610990760965,-0.00047871512123472734,0.9669632504891115,-0.00014675877145222259,-2.7063574064351433e-05,-0.0006087766423048076,22.494318040080962,200,200,candidate_knee,736.0,261.0,0.5629623668452715,0.018598446697524196
B1c24,w7_full,7,,20,997,20.0,1016.0,756.0,756.0,-6.574276667451479e-05,-0.0005451294673512409,8.291854677338375,-0.0004793867006767261,0.9665918513821548,-0.00014682239553438293,-2.7040665191629713e-05,-0.0006104453047288683,22.5750846143322,200,200,candidate_knee,736.0,261.0,0.5647599286652887,0.018867583630253648
B1c24,w15_first_eol,15,,20,997,20.0,1016.0,756.0,756.0,-6.579272816289756e-05,-0.0005445078493976249,8.27610990760965,-0.00047871512123472734,0.9669632504891115,-0.00014675877145222259,-2.7063574064351433e-05,-0.0006087766423048076,22.494318040080962,200,200,candidate_knee,736.0,261.0,0.5629623668452715,0.018598446697524196
B1c24,w15_start50,15,,50,967,50.0,1016.0,758.0,758.0,-6.838786487916485e-05,-0.0005461311410418002,7.985790198403831,-0.0004777432761626354,0.967875601316909,-0.00015255476779120638,-3.234124146885646e-05,-0.0006147856993298352,19.009341367487497,194,194,candidate_knee,708.0,259.0,0.5340360262306907,0.01715558621776836
B1c25,primary_w15_full,15,,20,834,20.0,853.0,611.0,611.0,-6.909996877152499e-05,-0.0006222623232673239,9.005247532380194,-0.0005531623544957989,0.9779327599154732,-0.0001822051830264007,-3.179175384171404e-05,-0.0006943017370937987,21.83905111214102,167,167,candidate_knee,591.0,243.0,0.5306119734467655,0.011709141809774337
B1c25,w7_full,7,,20,834,20.0,853.0,611.0,611.0,-6.904932913470726e-05,-0.0006230288593712093,9.022953114515449,-0.000553979530236502,0.9775020289441544,-0.00018232163147228485,-3.190375617096249e-05,-0.0006967197251795892,21.838172328238745,167,167,candidate_knee,591.0,243.0,0.5324153590642929,0.011978265337916127
B1c25,w15_first_eol,15,,20,834,20.0,853.0,611.0,611.0,-6.909996877152499e-05,-0.0006222623232673239,9.005247532380194,-0.0005531623544957989,0.9779327599154732,-0.0001822051830264007,-3.179175384171404e-05,-0.0006943017370937987,21.83905111214102,167,167,candidate_knee,591.0,243.0,0.5306119734467655,0.011709141809774337
B1c25,w15_start50,15,,50,804,50.0,853.0,613.0,613.0,-7.250833204601969e-05,-0.0006245684686538699,8.613747565693112,-0.0005520601366078502,0.978338891678792,-0.0001911478769866314,-3.8358067057740844e-05,-0.0006996988643029676,18.241244097355136,161,161,candidate_knee,563.0,241.0,0.49730395985430526,0.010772154942969792
B1c26,primary_w15_full,15,,20,850,20.0,869.0,652.0,652.0,-7.426180781084466e-05,-0.0007211881041716118,9.711426713561565,-0.0006469262963607671,0.9672578672822505,-0.00017965807454206132,-3.5521383357454025e-05,-0.0008060164292230752,22.69102025425301,170,170,candidate_knee,632.0,218.0,0.6114332928309141,0.02001963002192042
B1c26,w7_full,7,,20,850,20.0,869.0,652.0,652.0,-7.414009786229686e-05,-0.0007223746434545713,9.743373212108034,-0.0006482345455922745,0.9668907253316206,-0.00017974950260588214,-3.555237413059277e-05,-0.0008088747637838069,22.751638492906476,170,170,candidate_knee,632.0,218.0,0.6141418497735941,0.020333791189500516
B1c26,w15_first_eol,15,,20,850,20.0,869.0,652.0,652.0,-7.426180781084466e-05,-0.0007211881041716118,9.711426713561565,-0.0006469262963607671,0.9672578672822505,-0.00017965807454206132,-3.5521383357454025e-05,-0.0008060164292230752,22.69102025425301,170,170,candidate_knee,632.0,218.0,0.6114332928309141,0.02001963002192042
B1c26,w15_start50,15,,50,820,50.0,869.0,654.0,654.0,-7.76963653562712e-05,-0.0007246403197938581,9.326566519181059,-0.0006469439544375869,0.967495005175759,-0.00018825686830141025,-3.8827822698026206e-05,-0.0008164215607715643,21.0267149698576,164,164,candidate_knee,604.0,216.0,0.5781666333840003,0.01879330342569574
B1c27,primary_w15_full,15,,20,822,20.0,841.0,637.0,637.0,-7.156652960047343e-05,-0.0007233004714318714,10.10668640032933,-0.000651733941831398,0.9666258870315257,-0.0001725089815140931,-3.2837192049795836e-05,-0.0008001586683140543,24.367451001920525,165,165,candidate_knee,617.0,205.0,0.5310515901365971,0.01772337576130667
B1c27,w7_full,7,,20,822,20.0,841.0,637.0,637.0,-7.144780011719228e-05,-0.000724704914000144,10.14313824654428,-0.0006532571138829516,0.966111358493303,-0.00017262616535632832,-3.28654895413141e-05,-0.0008030314530761629,24.433880775355533,165,165,candidate_knee,617.0,205.0,0.5338208890208885,0.018090464736815193
B1c27,w15_first_eol,15,,20,822,20.0,841.0,637.0,637.0,-7.156652960047343e-05,-0.0007233004714318714,10.10668640032933,-0.000651733941831398,0.9666258870315257,-0.0001725089815140931,-3.2837192049795836e-05,-0.0008001586683140543,24.367451001920525,165,165,candidate_knee,617.0,205.0,0.5310515901365971,0.01772337576130667
B1c27,w15_start50,15,,50,792,50.0,841.0,639.0,639.0,-7.501423623545502e-05,-0.0007271444339960849,9.693419149316147,-0.0006521301977606299,0.966888957291877,-0.0001811088877172324,-3.6604903869118844e-05,-0.0008119205801140434,22.18065052204679,159,159,candidate_knee,589.0,203.0,0.5020213583822009,0.016622450637783004
B1c28,primary_w15_full,15,,20,840,20.0,859.0,628.0,628.0,-7.105467307993234e-05,-0.0006751843617625127,9.502321698151647,-0.0006041296886825804,0.9803458918974817,-0.00018341867345657498,-2.9544870824707446e-05,-0.0007325272664139177,24.793720397698547,168,168,candidate_knee,608.0,232.0,0.5852713344221828,0.011502986076038724
B1c28,w7_full,7,,20,840,20.0,859.0,628.0,628.0,-7.0998430253981e-05,-0.0006760702727311301,9.52232704740992,-0.000605071842477149,0.9801491340692012,-0.00018353766480850228,-2.9742525852774777e-05,-0.0007350741289399223,24.714583172207103,168,168,candidate_knee,608.0,232.0,0.5872161011167342,0.01165674809567463
B1c28,w15_first_eol,15,,20,840,20.0,859.0,628.0,628.0,-7.105467307993234e-05,-0.0006751843617625127,9.502321698151647,-0.0006041296886825804,0.9803458918974817,-0.00018341867345657498,-2.9544870824707446e-05,-0.0007325272664139177,24.793720397698547,168,168,candidate_knee,608.0,232.0,0.5852713344221828,0.011502986076038724
B1c28,w15_start50,15,,50,810,50.0,859.0,630.0,630.0,-7.462999921406889e-05,-0.000677901421246067,9.083497633459338,-0.0006032714220319981,0.9811862241952803,-0.00019247422309313876,-3.470510838163546e-05,-0.0007353581715900254,21.18875882776805,162,162,candidate_knee,580.0,230.0,0.5501146576148233,0.010349733835255392
B1c29,primary_w15_full,15,,20,897,20.0,916.0,680.0,680.0,-7.311326155114076e-05,-0.0006387520450079294,8.7364731302698,-0.0005656387834567886,0.9751013626085551,-0.00017033967845959757,-3.446047470600945e-05,-0.000705289442220439,20.466620040421144,180,180,candidate_knee,660.0,237.0,0.5776201671446913,0.014381955091721466
B1c29,w7_full,7,,20,897,20.0,916.0,680.0,680.0,-7.307464127274844e-05,-0.0006394633086448817,8.750823781099495,-0.0005663886673721333,0.9748578194297945,-0.00017042995409202193,-3.4821431834315754e-05,-0.0007070991024414335,20.306433859638215,180,180,candidate_knee,660.0,237.0,0.5792974047459185,0.014564799953973306
B1c29,w15_first_eol,15,,20,897,20.0,916.0,680.0,680.0,-7.311326155114076e-05,-0.0006387520450079294,8.7364731302698,-0.0005656387834567886,0.9751013626085551,-0.00017033967845959757,-3.446047470600945e-05,-0.000705289442220439,20.466620040421144,180,180,candidate_knee,660.0,237.0,0.5776201671446913,0.014381955091721466
B1c29,w15_start50,15,,50,867,50.0,916.0,682.0,682.0,-7.620993801641705e-05,-0.0006412452507978157,8.414194624586617,-0.0005650353127813986,0.9759123010215377,-0.00017785582172215734,-4.009318329109595e-05,-0.000711985665360631,17.758272277640565,174,174,candidate_knee,632.0,235.0,0.545974677651783,0.013151273685139131
B1c30,primary_w15_full,15,,20,689,20.0,708.0,551.0,551.0,-8.034265907640045e-05,-0.0009894035293833946,12.314796905620693,-0.0009090608703069942,0.9763289370149676,-0.0002011315669809854,-3.9703606026635385e-05,-0.0010541649161965256,26.55086078300629,138,138,candidate_knee,531.0,158.0,0.5060138132567065,0.011977884844895925
B1c30,w7_full,7,,20,689,20.0,708.0,551.0,551.0,-8.022023463808525e-05,-0.0009916502648194781,12.361597660407286,-0.0009114300301813929,0.9760143069541205,-0.00020132393800161746,-3.973416273011412e-05,-0.001058516940265623,26.63997093522204,138,138,candidate_knee,531.0,158.0,0.5088187290987263,0.01220436985215656
B1c30,w15_first_eol,15,,20,689,20.0,708.0,551.0,551.0,-8.034265907640045e-05,-0.0009894035293833946,12.314796905620693,-0.0009090608703069942,0.9763289370149676,-0.0002011315669809854,-3.9703606026635385e-05,-0.0010541649161965256,26.55086078300629,138,138,candidate_knee,531.0,158.0,0.5060138132567065,0.011977884844895925
B1c30,w15_start50,15,,50,659,50.0,708.0,553.0,553.0,-8.478704878602914e-05,-0.0009981884804172684,11.772888603969733,-0.0009134014316312392,0.9767453417203328,-0.00021335648450200204,-4.5911107313739e-05,-0.0010720614377546919,23.35080769079763,132,132,candidate_knee,503.0,156.0,0.47747910953892,0.011103613528007372
B1c31,primary_w15_full,15,,20,856,20.0,875.0,670.0,670.0,-7.508354987596735e-05,-0.000790907408114561,10.53369758650308,-0.0007158238582385937,0.9771778891641321,-0.00017904125753298846,-4.441887208948576e-05,-0.0008492131106449415,19.118295235730578,172,172,candidate_knee,650.0,206.0,0.6656926183513814,0.015192510718634367
B1c31,w7_full,7,,20,856,20.0,875.0,670.0,670.0,-7.501552364947094e-05,-0.0007921139244622597,10.55933340095862,-0.0007170984008127888,0.9769024188718525,-0.00017915833064734258,-4.4380402006494945e-05,-0.0008516603113215555,19.1900089412646,172,172,candidate_knee,650.0,206.0,0.6682536773729438,0.015435043527304515
B1c31,w15_first_eol,15,,20,856,20.0,875.0,670.0,670.0,-7.508354987596735e-05,-0.000790907408114561,10.53369758650308,-0.0007158238582385937,0.9771778891641321,-0.00017904125753298846,-4.441887208948576e-05,-0.0008492131106449415,19.118295235730578,172,172,candidate_knee,650.0,206.0,0.6656926183513814,0.015192510718634367
B1c31,w15_start50,15,,50,826,50.0,875.0,671.0,671.0,-7.75856671050245e-05,-0.0007920700130430409,10.20897341735618,-0.0007144843459380164,0.9773965938061834,-0.00018728342009725164,-4.682428894675049e-05,-0.0008584558762649946,18.333559261118683,166,166,candidate_knee,621.0,205.0,0.6342447428837482,0.014336091549694174
B1c32,primary_w15_full,15,,20,711,20.0,730.0,546.0,546.0,-8.295574614501542e-05,-0.000847033717775008,10.210669629736119,-0.0007640779716299926,0.9756027624209959,-0.00021060487881501312,-3.495703240421537e-05,-0.0009360053288026526,26.77588068630741,143,143,candidate_knee,526.0,185.0,0.508694625327965,0.012410743629288845
B1c32,w7_full,7,,20,711,20.0,730.0,547.0,547.0,-8.341548644559721e-05,-0.0008532973472993908,10.229483560656368,-0.0007698818608537936,0.9754104848990571,-0.00021078801086452827,-3.518726320627733e-05,-0.0009400737613472207,26.71630799577256,143,143,candidate_knee,527.0,184.0,0.5111012055672818,0.012567730812406808
B1c32,w15_first_eol,15,,20,711,20.0,730.0,546.0,546.0,-8.295574614501542e-05,-0.000847033717775008,10.210669629736119,-0.0007640779716299926,0.9756027624209959,-0.00021060487881501312,-3.495703240421537e-05,-0.0009360053288026526,26.77588068630741,143,143,candidate_knee,526.0,185.0,0.508694625327965,0.012410743629288845
B1c32,w15_start50,15,,50,681,50.0,730.0,548.0,548.0,-8.784368598997714e-05,-0.0008518456548446211,9.697289511984,-0.0007640019688546439,0.9763688229117438,-0.00022304113984257385,-4.0837664513599897e-05,-0.0009449092121548713,23.138179506817647,137,137,candidate_knee,498.0,183.0,0.47511350588086454,0.011227491394492972
B1c33,primary_w15_full,15,,20,737,20.0,756.0,559.0,559.0,-8.954689177747824e-05,-0.0008405924517930725,9.387176205757353,-0.0007510455600155942,0.9683852906782026,-0.00022244288265423567,-4.3362551594191264e-05,-0.0009513286765789211,21.9389459707523,148,148,candidate_knee,539.0,198.0,0.5867282652468926,0.018549243556662987
B1c33,w7_full,7,,20,737,20.0,756.0,559.0,559.0,-8.949259821164605e-05,-0.0008415602515262265,9.403685537612548,-0.0007520676533145804,0.9682635787540195,-0.00022256944642778346,-4.375720523290037e-05,-0.000953870002248859,21.799152783451966,148,148,candidate_knee,539.0,198.0,0.5884002550264595,0.01867371835476206
B1c33,w15_first_eol,15,,20,737,20.0,756.0,559.0,559.0,-8.954689177747824e-05,-0.0008405924517930725,9.387176205757353,-0.0007510455600155942,0.9683852906782026,-0.00022244288265423567,-4.3362551594191264e-05,-0.0009513286765789211,21.9389459707523,148,148,candidate_knee,539.0,198.0,0.5867282652468926,0.018549243556662987
B1c33,w15_start50,15,,50,707,50.0,756.0,561.0,561.0,-9.435661426820754e-05,-0.0008448296653812415,8.953581812291647,-0.0007504730511130339,0.9684703700811175,-0.00023477194104642855,-4.76835858178384e-05,-0.000962245948875817,20.179815178996908,142,142,candidate_knee,511.0,196.0,0.5485073339339407,0.017294233246730073
B1c34,primary_w15_full,15,,20,722,20.0,741.0,581.0,581.0,-7.4036586708795e-05,-0.0009564704285185345,12.91888876888098,-0.0008824338418097395,0.9693820519909199,-0.0001854695359106863,-2.6802806644622922e-05,-0.0010120348963942685,37.758541850216986,145,145,candidate_knee,561.0,161.0,0.5207278056598892,0.015943616880576883
B1c34,w7_full,7,,20,722,20.0,741.0,582.0,582.0,-7.449239601181106e-05,-0.0009648718864552063,12.95262252407913,-0.0008903794904433953,0.9691674685592665,-0.0001856523582224518,-2.7272369705558376e-05,-0.0010155942487797198,37.23894402079522,145,145,candidate_knee,562.0,160.0,0.5232004573699858,0.01613159455166624
B1c34,w15_first_eol,15,,20,722,20.0,741.0,581.0,581.0,-7.4036586708795e-05,-0.0009564704285185345,12.91888876888098,-0.0008824338418097395,0.9693820519909199,-0.0001854695359106863,-2.6802806644622922e-05,-0.0010120348963942685,37.758541850216986,145,145,candidate_knee,561.0,161.0,0.5207278056598892,0.015943616880576883
B1c34,w15_start50,15,,50,692,50.0,741.0,583.0,583.0,-7.858122424246135e-05,-0.0009641776297429736,12.269821945863505,-0.0008855964055005122,0.970148808146088,-0.00019667813015307968,-3.4007994101613387e-05,-0.0010325145074623532,30.360935266492806,139,139,candidate_knee,533.0,159.0,0.4916826959838644,0.014677314489063065
B1c35,primary_w15_full,15,,20,683,20.0,702.0,522.0,522.0,-7.124750960088206e-05,-0.000853741886548877,11.982761100442836,-0.000782494376947995,0.9714842140021553,-0.00020631274118485129,-2.112284288834531e-05,-0.0009638276905090821,45.62963875666951,137,137,candidate_knee,502.0,181.0,0.49202131071977867,0.014030374402864254
B1c35,w7_full,7,,20,683,20.0,702.0,523.0,523.0,-7.177435488366456e-05,-0.0008601955197269988,11.984719627522203,-0.0007884211648433342,0.9711962164920425,-0.0002065183236155992,-2.1550617917747645e-05,-0.0009679442535982973,44.914918787602986,137,137,candidate_knee,503.0,180.0,0.49433199573717534,0.014238631786270162
B1c35,w15_first_eol,15,,20,683,20.0,702.0,522.0,522.0,-7.124750960088206e-05,-0.000853741886548877,11.982761100442836,-0.000782494376947995,0.9714842140021553,-0.00020631274118485129,-2.112284288834531e-05,-0.0009638276905090821,45.62963875666951,137,137,candidate_knee,502.0,181.0,0.49202131071977867,0.014030374402864254
B1c35,w15_start50,15,,50,653,50.0,702.0,524.0,524.0,-7.659331176744695e-05,-0.0008586469148090943,11.210468577414735,-0.0007820536030416473,0.971904497335412,-0.0002199551433693639,-2.7994492072812652e-05,-0.0009764124236374311,34.878733327178004,131,131,candidate_knee,474.0,179.0,0.45773375287215334,0.012860259873491486
B1c36,primary_w15_full,15,,20,684,20.0,703.0,525.0,525.0,-8.013167524665909e-05,-0.0008867734584402425,11.066453505565697,-0.0008066417831935834,0.9772555038464562,-0.00021626237382589846,-3.188188623592877e-05,-0.0009815721124946327,30.78776786388712,137,137,candidate_knee,505.0,179.0,0.509498125217507,0.011588278149247344
B1c36,w7_full,7,,20,684,20.0,703.0,525.0,525.0,-8.001642172408278e-05,-0.0008881970319850406,11.100184347755171,-0.0008081806102609578,0.9771344193621612,-0.00021640681625267392,-3.206739457128466e-05,-0.0009848211812776525,30.710982118875627,137,137,candidate_knee,505.0,179.0,0.5115072912852172,0.011695911215724664
B1c36,w15_first_eol,15,,20,684,20.0,703.0,525.0,525.0,-8.013167524665909e-05,-0.0008867734584402425,11.066453505565697,-0.0008066417831935834,0.9772555038464562,-0.00021626237382589846,-3.188188623592877e-05,-0.0009815721124946327,30.78776786388712,137,137,candidate_knee,505.0,179.0,0.509498125217507,0.011588278149247344
B1c36,w15_start50,15,,50,654,50.0,703.0,526.0,526.0,-8.460983847365725e-05,-0.0008872839952649773,10.486770939070256,-0.00080267415679132,0.9778187548911783,-0.00022989330586184074,-3.9488245342443754e-05,-0.0009925889970640045,25.13631559103805,131,131,candidate_knee,476.0,178.0,0.4750621474926196,0.010537469935457011
B1c37,primary_w15_full,15,,20,628,20.0,647.0,484.0,484.0,-8.86407185318648e-05,-0.0009210052955183026,10.39031847634693,-0.0008323645769864377,0.9760106986550645,-0.00022852078326891898,-3.5879005624296926e-05,-0.001021355587056618,28.466663701654138,126,126,candidate_knee,464.0,164.0,0.41848863314027934,0.010039249929832295
B1c37,w7_full,7,,20,628,20.0,647.0,484.0,484.0,-8.851330640454309e-05,-0.0009230417860953026,10.428282747416674,-0.0008345284796907595,0.9756366799104431,-0.0002287570181043985,-3.6052697412823265e-05,-0.00102634596647919,28.467938327248103,126,126,candidate_knee,464.0,164.0,0.4208286222830211,0.010252782427528473
B1c37,w15_first_eol,15,,20,628,20.0,647.0,484.0,484.0,-8.86407185318648e-05,-0.0009210052955183026,10.39031847634693,-0.0008323645769864377,0.9760106986550645,-0.00022852078326891898,-3.5879005624296926e-05,-0.001021355587056618,28.466663701654138,126,126,candidate_knee,464.0,164.0,0.41848863314027934,0.010039249929832295
B1c37,w15_start50,15,,50,598,50.0,647.0,486.0,486.0,-9.463741401218e-05,-0.0009269690893391702,9.794953708475886,-0.0008323316753269902,0.9767263477399939,-0.0002439676145478845,-4.643324015556604e-05,-0.0010347933089277033,22.285614905632656,120,120,candidate_knee,436.0,162.0,0.38731700201903024,0.009014281219378972
B1c38,primary_w15_full,15,,20,597,20.0,616.0,473.0,473.0,-8.89631186361384e-05,-0.0010806436903994388,12.147097662114357,-0.0009916805717633005,0.9731555481398285,-0.0002333063408392326,-2.597841864018344e-05,-0.001171470609104799,45.09399226066698,120,120,candidate_knee,453.0,144.0,0.4363199786663162,0.011712770662938965
B1c38,w7_full,7,,20,597,20.0,616.0,474.0,474.0,-8.961936396598719e-05,-0.0010911884528340221,12.17581117009663,-0.001001569088868035,0.9728771587881789,-0.00023356831066907797,-2.612812000833369e-05,-0.0011772767092506423,45.05784223568876,120,120,candidate_knee,454.0,143.0,0.43883999438535426,0.011902587485110416
B1c38,w15_first_eol,15,,20,597,20.0,616.0,473.0,473.0,-8.89631186361384e-05,-0.0010806436903994388,12.147097662114357,-0.0009916805717633005,0.9731555481398285,-0.0002333063408392326,-2.597841864018344e-05,-0.001171470609104799,45.09399226066698,120,120,candidate_knee,453.0,144.0,0.4363199786663162,0.011712770662938965
B1c38,w15_start50,15,,50,567,50.0,616.0,475.0,475.0,-9.62217013430401e-05,-0.0010890081147263762,11.317697562257313,-0.000992786413383336,0.9745311622486206,-0.00025085096477701446,-3.2454318057552576e-05,-0.0011867386939511148,36.566434452470155,114,114,candidate_knee,425.0,142.0,0.4036586273077127,0.010280716085844688
B1c39,primary_w15_full,15,,20,605,20.0,624.0,470.0,470.0,-8.896442098704228e-05,-0.0010732747571796973,12.06408972566708,-0.000984310336192655,0.9770162004825167,-0.00024875254540631655,-2.783439506841865e-05,-0.0011711804672131145,42.07673507307348,121,121,candidate_knee,450.0,155.0,0.5033215988276035,0.011568242720272792
B1c39,w7_full,7,,20,605,20.0,624.0,470.0,470.0,-8.883475483551724e-05,-0.0010754379414604077,12.106049523653713,-0.0009866031866248904,0.9768275597807033,-0.0002489950893766077,-2.7976171250508008e-05,-0.0011767055222869527,42.06099225481348,121,121,candidate_knee,450.0,155.0,0.505766855094662,0.011719852214582716
B1c39,w15_first_eol,15,,20,605,20.0,624.0,470.0,470.0,-8.896442098704228e-05,-0.0010732747571796973,12.06408972566708,-0.000984310336192655,0.9770162004825167,-0.00024875254540631655,-2.783439506841865e-05,-0.0011711804672131145,42.07673507307348,121,121,candidate_knee,450.0,155.0,0.5033215988276035,0.011568242720272792
B1c39,w15_start50,15,,50,575,50.0,624.0,472.0,472.0,-9.6219227246115e-05,-0.0010808661579122978,11.23336976244464,-0.0009846469306661828,0.9780078423924778,-0.0002672607971670958,-3.8509173045056325e-05,-0.0011867804816539098,30.81812430158805,115,115,candidate_knee,422.0,153.0,0.4649269269709166,0.010224746253925332
B1c40,primary_w15_full,15,,20,946,20.0,965.0,692.0,692.0,-6.854604552238728e-05,-0.0005476100537337494,7.988937210898603,-0.00047906400821136206,0.9548705359738623,-0.00016552085140635847,-3.377280461187892e-05,-0.0006548759410918221,19.39062949073179,190,190,candidate_knee,672.0,274.0,0.5888400672762503,0.026574036633292053
B1c40,w7_full,7,,20,946,20.0,965.0,693.0,693.0,-6.881046946310793e-05,-0.0005501058813447012,7.9945084757725,-0.00048129541188159325,0.954375439201654,-0.00016561025687371144,-3.392528170338598e-05,-0.0006567738862207877,19.359423216085986,190,190,candidate_knee,673.0,273.0,0.5907754009872,0.026953868200507713
B1c40,w15_first_eol,15,,20,946,20.0,965.0,692.0,692.0,-6.854604552238728e-05,-0.0005476100537337494,7.988937210898603,-0.00047906400821136206,0.9548705359738623,-0.00016552085140635847,-3.377280461187892e-05,-0.0006548759410918221,19.39062949073179,190,190,candidate_knee,672.0,274.0,0.5888400672762503,0.026574036633292053
B1c40,w15_start50,15,,50,916,50.0,965.0,696.0,696.0,-7.210018767105817e-05,-0.0005528268703736199,7.667481711639579,-0.00048072668270256175,0.9544194799590917,-0.00017245173768368378,-3.7383110130800825e-05,-0.000662368185047485,17.71838091399849,184,184,candidate_knee,646.0,270.0,0.555433429322119,0.025316944556607268
B1c41,primary_w15_full,15,,20,1031,20.0,1050.0,801.0,801.0,-6.765845469433117e-05,-0.0005822072353269042,8.605092119783293,-0.000514548780632573,0.9703987309087747,-0.00014347435448521878,-3.1740606769057414e-05,-0.0006308461539138011,19.87505023151563,207,207,candidate_knee,781.0,250.0,0.6151830916440079,0.018210200236126184
B1c41,w7_full,7,,20,1031,20.0,1050.0,801.0,801.0,-6.765243497541756e-05,-0.00058244000129166,8.60929841628461,-0.0005147875663162424,0.970281258543448,-0.00014350351850815073,-3.193117984976875e-05,-0.0006314086251434123,19.774046186645528,207,207,candidate_knee,781.0,250.0,0.6158287474710639,0.01830165532760475
B1c41,w15_first_eol,15,,20,1031,20.0,1050.0,801.0,801.0,-6.765845469433117e-05,-0.0005822072353269042,8.605092119783293,-0.000514548780632573,0.9703987309087747,-0.00014347435448521878,-3.1740606769057414e-05,-0.0006308461539138011,19.87505023151563,207,207,candidate_knee,781.0,250.0,0.6151830916440079,0.018210200236126184
B1c41,w15_start50,15,,50,1001,50.0,1050.0,803.0,803.0,-7.003868060672118e-05,-0.0005843880642576143,8.343790305517752,-0.0005143493836508932,0.9715167282990771,-0.00014882169449807677,-3.7379375350967785e-05,-0.00063709579618738,17.04404608705921,201,201,candidate_knee,753.0,248.0,0.5869732009677837,0.01671891716432583
B1c42,primary_w15_full,15,,20,682,20.0,701.0,495.0,495.0,-7.740701356022717e-05,-0.0007994060063714202,10.327307172875694,-0.000721998992811193,0.9808951997930637,-0.00023589930780054175,-2.4959002277521704e-05,-0.0009006495312412492,36.08515762075883,137,137,candidate_knee,475.0,207.0,0.5286754600811951,0.010100239039161352
B1c42,w7_full,7,,20,682,20.0,701.0,496.0,496.0,-7.801426413141271e-05,-0.000804087847140796,10.306933688259033,-0.0007260735830093832,0.9807099323004972,-0.00023605435987975626,-2.520364683480493e-05,-0.0009040838816342151,35.8711533914101,137,137,candidate_knee,476.0,206.0,0.5303611748234924,0.010230702967533034
B1c42,w15_first_eol,15,,20,682,20.0,701.0,495.0,495.0,-7.740701356022717e-05,-0.0007994060063714202,10.327307172875694,-0.000721998992811193,0.9808951997930637,-0.00023589930780054175,-2.4959002277521704e-05,-0.0009006495312412492,36.08515762075883,137,137,candidate_knee,475.0,207.0,0.5286754600811951,0.010100239039161352
B1c42,w15_start50,15,,50,652,50.0,701.0,497.0,497.0,-8.317524000743365e-05,-0.0008027216032133234,9.650968282647355,-0.0007195463632058898,0.9815280122721164,-0.00025112962967776756,-3.573552607697634e-05,-0.0009076439975444402,25.3989264237869,131,131,candidate_knee,447.0,205.0,0.48619593433754116,0.008981005332429959
B1c43,primary_w15_full,15,,20,631,20.0,650.0,488.0,488.0,-8.316767891752883e-05,-0.0009193866165180372,11.054614346394398,-0.0008362189376005083,0.9834013078764918,-0.000220977982357434,-4.198308316929111e-05,-0.0009952116921224687,23.705064444872047,127,127,candidate_knee,468.0,163.0,0.41628381670769465,0.006909766909529935
B1c43,w7_full,7,,20,631,20.0,650.0,489.0,489.0,-8.375647328619485e-05,-0.0009270067820006566,11.067882226047002,-0.0008432503087144617,0.9831297439919634,-0.00022119549805555677,-4.218709223846993e-05,-0.0009999342340410572,23.702373901210205,127,127,candidate_knee,469.0,162.0,0.4183289790009778,0.0070573169713270545
B1c43,w15_first_eol,15,,20,631,20.0,650.0,488.0,488.0,-8.316767891752883e-05,-0.0009193866165180372,11.054614346394398,-0.0008362189376005083,0.9834013078764918,-0.000220977982357434,-4.198308316929111e-05,-0.0009952116921224687,23.705064444872047,127,127,candidate_knee,468.0,163.0,0.41628381670769465,0.006909766909529935
B1c43,w15_start50,15,,50,601,50.0,650.0,490.0,490.0,-8.827237704521432e-05,-0.0009264929853870526,10.495842713202231,-0.0008382206083418383,0.9839678802579027,-0.00023568347563252833,-4.914056699634189e-05,-0.0010024359229101746,20.39935605514681,121,121,candidate_knee,440.0,161.0,0.3874850570757008,0.006212206833311029
B1c44,primary_w15_full,15,,20,596,20.0,615.0,429.0,429.0,-9.616625007190119e-05,-0.0008941073884522741,9.297517453199761,-0.000797941138380373,0.9775795464067316,-0.0002816664106955453,-4.599388325578187e-05,-0.001002619263855129,21.798969621228714,120,120,candidate_knee,409.0,187.0,0.4568035990045932,0.010241743892720478
B1c44,w7_full,7,,20,596,20.0,615.0,429.0,429.0,-9.605338322874829e-05,-0.0008954199093187336,9.322106928668171,-0.0007993665260899853,0.9773758342341035,-0.00028188490870672216,-4.6174698590179975e-05,-0.0010074165117542886,21.817500547118613,120,120,candidate_knee,409.0,187.0,0.45853261330913864,0.010373917852575687
B1c44,w15_first_eol,15,,20,596,20.0,615.0,429.0,429.0,-9.616625007190119e-05,-0.0008941073884522741,9.297517453199761,-0.000797941138380373,0.9775795464067316,-0.0002816664106955453,-4.599388325578187e-05,-0.001002619263855129,21.798969621228714,120,120,candidate_knee,409.0,187.0,0.4568035990045932,0.010241743892720478
B1c44,w15_start50,15,,50,566,50.0,615.0,431.0,431.0,-0.00010343557621596566,-0.0008982680837285877,8.68432425854207,-0.000794832507512622,0.9774839317586934,-0.00030174448065719753,-4.8938967214110396e-05,-0.0010067551455620583,20.571646744351078,114,114,candidate_knee,381.0,185.0,0.41432949661290647,0.009329071220122387
B1c45,primary_w15_full,15,,20,579,20.0,598.0,429.0,429.0,-9.434457413232929e-05,-0.000986438775040929,10.455702239509115,-0.0008920942009085998,0.9775396558093167,-0.00027893922751375075,-3.278334140622006e-05,-0.0011131358701034096,33.95431406184275,116,116,candidate_knee,409.0,170.0,0.4675224709795961,0.01050071561508048
B1c45,w7_full,7,,20,579,20.0,598.0,430.0,430.0,-9.521876761682088e-05,-0.0009938122129282596,10.437146350471119,-0.0008985934453114387,0.97734994655081,-0.0002792336179011495,-3.3367310191058367e-05,-0.0011189904742436472,33.53553126807056,116,116,candidate_knee,410.0,169.0,0.4695265870770754,0.010634802293111534
B1c45,w15_first_eol,15,,20,579,20.0,598.0,429.0,429.0,-9.434457413232929e-05,-0.000986438775040929,10.455702239509115,-0.0008920942009085998,0.9775396558093167,-0.00027893922751375075,-3.278334140622006e-05,-0.0011131358701034096,33.95431406184275,116,116,candidate_knee,409.0,170.0,0.4675224709795961,0.01050071561508048
B1c45,w15_start50,15,,50,549,50.0,598.0,432.0,432.0,-0.00010354285597867057,-0.0009972322160923634,9.631105948031696,-0.0008936893601136928,0.9781127485474373,-0.00030028206428506704,-4.256574713161883e-05,-0.0011237761564817526,26.400949876596563,110,110,candidate_knee,382.0,167.0,0.4248982047101454,0.009299853848233397
B2c0,primary_w15_full,15,,20,477,20.0,496.0,379.0,379.0,-0.00012075385453559092,-0.0019732933637592615,16.341452381361908,-0.0018525395092236707,0.94496881387989,-0.0004026007784680153,2.319578133478089e-06,-0.0021866335412710253,,96,96,candidate_knee,359.0,118.0,0.8407217624022866,0.04626591578198713
B2c0,w7_full,7,,20,477,20.0,496.0,379.0,379.0,-0.00012019979051344987,-0.0019803858600544247,16.47578462154497,-0.0018601860695409748,0.9439637428244984,-0.00040321006858399844,2.5863320672814247e-06,-0.0022011202396907217,,96,96,candidate_knee,359.0,118.0,0.8485789793639736,0.04755118992136431
B2c0,w15_first_eol,15,477.0,20,458,20.0,477.0,369.0,369.0,-0.00010904345986828682,-0.0017018956165072608,15.607498318220772,-0.001592852156638974,0.9211849181538789,-0.000334864662858126,3.9728334078265306e-06,-0.001902909809349136,,92,92,candidate_knee,349.0,109.0,0.5210959896553378,0.041070223074370915
B2c0,w15_start50,15,,50,447,50.0,496.0,382.0,382.0,-0.00014361333605129712,-0.002005798469912213,13.96665884285122,-0.0018621851338609158,0.9452494862705633,-0.00044756878855043195,3.9627991933161076e-05,-0.0022273782621311275,,90,90,candidate_knee,332.0,115.0,0.7555240799894914,0.04136533151438471
B2c1,primary_w15_full,15,,20,494,20.0,513.0,382.0,382.0,-0.00020285780822672602,-0.001495231939560955,7.370837497612092,-0.0012923741313342289,0.904953849501627,-0.0004288316253738077,-4.562984539270265e-05,-0.0017847732040816324,39.11416286251678,99,99,candidate_knee,362.0,132.0,0.5527780357608395,0.05253942437911974
B2c1,w7_full,7,,20,494,20.0,513.0,383.0,383.0,-0.00020396281179279433,-0.0015108550808727024,7.407502708913324,-0.0013068922690799081,0.9045206009714741,-0.0004293820790156783,-4.849053555967812e-05,-0.0018007716325293753,37.13655895413107,99,99,candidate_knee,363.0,131.0,0.557320788941633,0.053212653994251014
B2c1,w15_first_eol,15,491.0,20,472,20.0,491.0,356.0,356.0,-0.0001781246901050452,-0.0011399934696120677,6.3999744725999586,-0.0009618687795070226,0.872224229826241,-0.000370420555122063,-3.914218505039201e-05,-0.0014136159654955208,36.11489659240072,95,95,candidate_knee,336.0,136.0,0.3187363327260142,0.040726780396425966
B2c1,w15_start50,15,,50,464,50.0,513.0,387.0,387.0,-0.00022697029946617398,-0.0015313198849121745,6.7467853217526,-0.0013043495854460005,0.903036190332776,-0.00046495008575703315,-4.41039181164389e-05,-0.0018452352793112711,41.83835264793616,93,93,candidate_knee,337.0,127.0,0.4892180512311699,0.04743644600534935
B2c2,primary_w15_full,15,,20,419,20.0,439.0,357.0,357.0,-0.00015496061269214194,-0.0022834844004838554,14.735901987045066,-0.0021285237877917136,0.90501320499186,-0.0003697220210732639,-1.9494509743723773e-05,-0.002249640873088994,115.39868930601153,83,84,candidate_knee,336.0,83.0,0.48566761485104903,0.046132010173948856
B2c2,w7_full,7,,20,419,20.0,439.0,358.0,358.0,-0.00015602476056629928,-0.0023345377433390876,14.962610645039748,-0.002178512982772788,0.903521543591284,-0.0003709261467414358,-1.8334095068867808e-05,-0.0022776733694947855,124.23156752156186,83,84,candidate_knee,337.0,82.0,0.4956682226022499,0.04782130500751691
B2c2,w15_first_eol,15,424.0,20,404,20.0,424.0,336.0,336.0,-0.00013032117349177805,-0.0015387206508980385,11.807142382700508,-0.0014083994774062604,0.8660595917698217,-0.00030320721324992255,-1.7031916073603208e-05,-0.0016437945819783193,96.51260462267909,80,81,candidate_knee,315.0,89.0,0.25224332143614847,0.0337855734464938
B2c2,w15_start50,15,,50,390,50.0,439.0,360.0,360.0,-0.00017950458355047585,-0.0023459521294611043,13.069037475588658,-0.0021664475459106285,0.9050960734422187,-0.0004128640625326522,2.0502645455809902e-05,-0.002379934626196588,,78,78,candidate_knee,310.0,80.0,0.4382990655639794,0.0415963023286281
B2c3,primary_w15_full,15,,20,498,20.0,517.0,396.0,396.0,-0.00017129965655819328,-0.0016453010987394815,9.60481259447561,-0.0014740014421812883,0.9297410059490835,-0.00039170095158997504,2.2765504350434944e-05,-0.0017939029502250224,,100,100,candidate_knee,376.0,122.0,0.603738781882714,0.04241807948460519
B2c3,w7_full,7,,20,498,20.0,517.0,397.0,397.0,-0.00017208161810062305,-0.0016699909045383937,9.704644359875108,-0.0014979092864377706,0.9281677545527559,-0.00039273821882935807,2.2341103510351256e-05,-0.0018167545258925895,,100,100,candidate_knee,377.0,121.0,0.6141125147658475,0.04411308089288468
B2c3,w15_first_eol,15,499.0,20,480,20.0,499.0,384.0,384.0,-0.00016085077464246693,-0.001398807244581946,8.696304060028075,-0.0012379564699394792,0.9036208755609181,-0.0003413875483894251,3.0505893244709495e-05,-0.0015571171317824198,,96,96,candidate_knee,364.0,116.0,0.381433419970579,0.03676221904856902
B2c3,w15_start50,15,,50,468,50.0,517.0,401.0,401.0,-0.0002011267251510988,-0.0016861820579540032,8.383679775461164,-0.0014850553328029045,0.9391002780180338,-0.00043138105481809244,-5.691311852039018e-05,-0.0018426641020481884,32.376790271789794,94,94,candidate_knee,351.0,117.0,0.5244080030098242,0.03193630158841643
B2c4,primary_w15_full,15,,20,445,20.0,464.0,342.0,342.0,-0.0001913253721162856,-0.0015090423679491507,7.887309201374349,-0.001317716995832865,0.9121383749795774,-0.00043591371109664637,-7.36827613210768e-05,-0.0018388245812053117,24.955967287823672,89,89,candidate_knee,322.0,123.0,0.4439988665572058,0.039010461922941886
B2c4,w7_full,7,,20,445,20.0,464.0,343.0,343.0,-0.00019270482808544077,-0.00152987917516583,7.938976881718385,-0.0013371743470803892,0.9090755641347606,-0.00043731698429063477,-7.512702076949286e-05,-0.0018634488246510044,24.80397606033784,89,89,candidate_knee,323.0,122.0,0.4517816396947981,0.04107799072352236
B2c4,w15_first_eol,15,444.0,20,425,20.0,444.0,319.0,319.0,-0.00016653889780825253,-0.0011515857687910073,6.914815601319193,-0.0009850468709827547,0.8921609169195457,-0.00037349251657313486,-6.59240805159283e-05,-0.001430276298026187,21.695809586310567,85,85,candidate_knee,299.0,126.0,0.25078824506130154,0.027044774394767046
B2c4,w15_start50,15,,50,415,50.0,464.0,346.0,346.0,-0.00021539135274943594,-0.0015382600758922064,7.141698384157786,-0.0013228687231427705,0.9083319908962536,-0.0004773691467466857,-7.648526510222097e-05,-0.0019077606835355358,24.942852469503155,83,83,candidate_knee,296.0,119.0,0.3897223487071948,0.03572507180922457
B2c5,primary_w15_full,15,,20,425,20.0,445.0,301.0,301.0,-0.0003063524740552745,-0.0012112729423470459,3.953853958850349,-0.0009049204682917714,0.9064094434714779,-0.0005487184972994497,-0.00019427683869859095,-0.00151049522491627,7.774962960251346,85,86,candidate_knee,280.0,145.0,0.2616147428752784,0.024484669381763524
B2c5,w7_full,7,,20,425,20.0,445.0,301.0,301.0,-0.00030569057322848005,-0.0012154774987185584,3.9761693855377183,-0.0009097869254900783,0.9037429115996907,-0.0005493599860187741,-0.0001916197695369391,-0.001524657871692061,7.956683568592583,85,86,candidate_knee,280.0,145.0,0.2652163484935005,0.025528953502146123
B2c5,w15_first_eol,15,416.0,20,396,20.0,416.0,246.0,246.0,-0.00023008547689718577,-0.0008624111200553319,3.748220581695829,-0.0006323256431581461,0.9129776769387882,-0.00048042986245568835,-0.00018267858048375406,-0.0012203200898382562,6.680148743255542,79,80,candidate_knee,225.0,171.0,0.13396161455060038,0.011657650899223881
B2c5,w15_start50,15,,50,396,50.0,445.0,310.0,310.0,-0.0003368563371420831,-0.0012577466988769647,3.733777756855612,-0.0009208903617348816,0.8976356808993664,-0.0005865267915991537,-0.00018696536392405055,-0.0015432351653188003,8.254123292834583,80,80,candidate_knee,260.0,136.0,0.2230254824003104,0.02282985164799811
B2c6,primary_w15_full,15,,20,390,20.0,409.0,291.0,291.0,-0.0001712268535805853,-0.0016723360704664785,9.76678619910176,-0.0015011092168858932,0.9258328613887641,-0.0005027638039025188,6.224695304695238e-05,-0.002102320349460666,,78,78,candidate_knee,271.0,119.0,0.45545475761411547,0.03377977613911298
B2c6,w7_full,7,,20,390,20.0,409.0,293.0,293.0,-0.00017513421401980675,-0.0017101234887486536,9.764645351109108,-0.0015349892747288467,0.9232420961508467,-0.0005042114352681226,6.52975960748107e-05,-0.0021373986170158954,,78,78,candidate_knee,273.0,117.0,0.46390965493085556,0.035608732687876454
B2c6,w15_first_eol,15,393.0,20,374,20.0,393.0,275.0,275.0,-0.00014394489085799421,-0.0013760064404467576,9.559258631862297,-0.0012320615495887634,0.9125540996870716,-0.0004366248204590618,7.794982361308598e-05,-0.001821530945376956,,75,75,candidate_knee,255.0,119.0,0.2941726946849546,0.025724196134206068
B2c6,w15_start50,15,,50,360,50.0,409.0,299.0,299.0,-0.00022391950677228787,-0.0017534979793657481,7.830929983018165,-0.0015295784725934602,0.9262824534843841,-0.0005677753740621707,-0.00010732606116148959,-0.0021581460815004185,20.108313471535446,72,72,candidate_knee,249.0,111.0,0.37815891570019133,0.02787694745842373
B2c7,primary_w15_full,15,,20,787,20.0,806.0,625.0,625.0,-0.00010599533357056469,-0.0010384731436630485,9.797347757500114,-0.0009324778100924838,0.9313582589744356,-0.00023190540104831527,1.7455233593819968e-05,-0.0011412660159973473,,158,158,candidate_knee,605.0,182.0,0.8473975290467857,0.05816684173453268
B2c7,w7_full,7,,20,787,20.0,806.0,626.0,626.0,-0.00010629425880651986,-0.0010473991343075996,9.853769583304667,-0.0009411048755010797,0.9305142578679516,-0.00023209859284457782,1.693930850570232e-05,-0.0011468259194595343,,158,158,candidate_knee,606.0,181.0,0.8539484331925022,0.05933724062288093
B2c7,w15_first_eol,15,777.0,20,758,20.0,777.0,593.0,593.0,-9.551115366243136e-05,-0.0007906306861378236,8.277888558776906,-0.0006951195324753922,0.9183231294263806,-0.00019901039408045805,1.9806823276539528e-05,-0.0008965483760225944,,152,152,candidate_knee,573.0,185.0,0.4770723894077297,0.03896577980390248
B2c7,w15_start50,15,,50,757,50.0,806.0,631.0,631.0,-0.00011640143252623365,-0.0010646578294022076,9.146432361665852,-0.000948256396875974,0.9353535649094332,-0.00024566937779009305,-1.4730443414730543e-06,-0.0011690563359338158,793.6328208319592,152,152,candidate_knee,581.0,176.0,0.785140691489092,0.05075654674931229
B2c8,primary_w15_full,15,,20,927,20.0,947.0,713.0,713.0,-4.152696127849324e-05,-0.0009914327372291612,23.87443498647282,-0.0009499057759506679,0.9706674333550266,-0.00019305587007092845,1.5879378168911264e-05,-0.0010936794353789705,,185,186,candidate_knee,692.0,235.0,1.666359902456079,0.04887861289330431
B2c8,w7_full,7,,20,927,20.0,947.0,713.0,713.0,-4.142133892977572e-05,-0.0009924701532334713,23.960359053483767,-0.0009510488143036956,0.9705240410250902,-0.0001931325851273787,1.6270582812679538e-05,-0.0010960379215717358,,185,186,candidate_knee,692.0,235.0,1.670619428836335,0.04924310974706714
B2c8,w15_first_eol,15,904.0,20,884,20.0,904.0,699.0,699.0,-3.766385197416089e-05,-0.0008810539923953232,23.392561998166467,-0.0008433901404211623,0.9576227511492794,-0.00015314082274746642,1.442637602788235e-05,-0.0009622124579300914,,176,177,candidate_knee,678.0,206.0,0.9718865159696632,0.04118587674190621
B2c8,w15_start50,15,,50,897,50.0,947.0,715.0,715.0,-4.575839365924877e-05,-0.0009965988889395192,21.77958641557525,-0.0009508404952802705,0.9707890517142537,-0.00020425102479312168,2.7490319506161748e-05,-0.0011033995697861045,,179,180,candidate_knee,664.0,233.0,1.5863983017183656,0.046340198752091055
B2c9,primary_w15_full,15,,20,800,20.0,819.0,637.0,637.0,-6.282363368197952e-05,-0.0011824485225112675,18.821714905841937,-0.001119624888829288,0.942615954474294,-0.00021103794929781133,1.2559299191374505e-05,-0.0012957284897163952,,160,160,candidate_knee,617.0,183.0,1.2391349392241127,0.0711065757649294
B2c9,w7_full,7,,20,800,20.0,819.0,638.0,638.0,-6.328093369002137e-05,-0.0011922374843332504,18.840390222011717,-0.0011289565506432291,0.9420150156085608,-0.00021124250587637643,1.3128774024375912e-05,-0.001300706712542482,,160,160,candidate_knee,618.0,182.0,1.2461043583307638,0.0722553417679137
B2c9,w15_first_eol,15,791.0,20,772,20.0,791.0,612.0,612.0,-5.351088587976293e-05,-0.0009350464773627107,17.47394874874109,-0.0008815355914829478,0.9302558264277835,-0.0001743214857617477,1.2157892107892013e-05,-0.0010361786705391383,,155,155,candidate_knee,592.0,180.0,0.7280524761991792,0.0507774182697176
B2c9,w15_start50,15,,50,770,50.0,819.0,640.0,640.0,-6.935854088006872e-05,-0.0011972796300666324,17.262180185377716,-0.0011279210891865638,0.9422887552431288,-0.00022466520067492278,2.8847867616254482e-05,-0.0013274935795033556,,154,154,candidate_knee,590.0,180.0,1.173905626006294,0.06774755490391726
B2c10,primary_w15_full,15,,20,499,20.0,519.0,365.0,365.0,-0.00011472957196440723,-0.0015696821096436197,13.68158254900999,-0.0014549525376792124,0.9500111279168655,-0.0004464721291117242,6.526797530051062e-05,-0.0018745209603360333,,99,100,candidate_knee,344.0,155.0,0.9021910646490896,0.04509951372529031
B2c10,w7_full,7,,20,499,20.0,519.0,365.0,365.0,-0.00011397994766932791,-0.001574282001480658,13.811920725282965,-0.00146030205381133,0.9491211201924812,-0.00044694224368454957,6.817080465448136e-05,-0.0018888604614761475,,99,100,candidate_knee,344.0,155.0,0.9096897801415227,0.04628399698594876
B2c10,w15_first_eol,15,492.0,20,472,20.0,492.0,349.0,349.0,-9.47038779159531e-05,-0.001328103987702103,14.023755066088805,-0.00123340010978615,0.933260271171318,-0.0003671044939808193,6.249224846346483e-05,-0.0016779499167833146,,94,95,candidate_knee,328.0,144.0,0.541814503530909,0.036160553041099774
B2c10,w15_start50,15,,50,470,50.0,519.0,370.0,370.0,-0.00014428607781477774,-0.0016018253613364094,11.101731959147834,-0.0014575392835216316,0.9504186007609824,-0.0004928803503511237,0.00010600606979012392,-0.0018923212443738035,,94,94,candidate_knee,320.0,150.0,0.7894439668194282,0.039141736495707846
B2c11,primary_w15_full,15,,20,448,20.0,468.0,351.0,351.0,-6.232995879441451e-05,-0.002115525337971674,33.94074661511327,-0.0020531953791772597,0.9600693251807026,-0.00041154847325554063,0.00011650157663414687,-0.002411080353541589,,89,90,candidate_knee,330.0,118.0,0.9541057608210265,0.038098086878562754
B2c11,w7_full,7,,20,448,20.0,468.0,352.0,352.0,-6.437848535710294e-05,-0.0021435560381271378,33.29615517104795,-0.002079177552770035,0.9596778004564442,-0.0004126490816314246,0.00011646846693567547,-0.002433321917273737,,89,90,candidate_knee,331.0,117.0,0.9627022405487289,0.038818271844434094
B2c11,w15_first_eol,15,449.0,20,429,20.0,449.0,343.0,343.0,-5.179862270327661e-05,-0.0018503779648893952,35.72253215088567,-0.0017985793421861187,0.9455215043006931,-0.0003289444454765411,0.00011441425334060435,-0.0021064558519269774,,85,86,candidate_knee,322.0,107.0,0.5857314451032924,0.03190976801300849
B2c11,w15_start50,15,,50,419,50.0,468.0,354.0,354.0,-9.163434648646423e-05,-0.0021491089481108414,23.453094069135933,-0.002057474601624377,0.9620477877341835,-0.0004685903756902558,0.00013486279639566626,-0.0024609432913840234,,84,84,candidate_knee,304.0,115.0,0.8450642139057669,0.03207205642439703
B2c12,primary_w15_full,15,,20,474,20.0,493.0,336.0,336.0,-0.00018075315150322598,-0.0013664419580687282,7.559713049010605,-0.0011856888065655022,0.9308112698969774,-0.0004864859194158085,3.7668215285554004e-05,-0.0017334844486982081,,95,95,candidate_knee,316.0,158.0,0.5855842010757526,0.040515827240824365
B2c12,w7_full,7,,20,474,20.0,493.0,337.0,337.0,-0.00018172327810158303,-0.001378874402860649,7.5877698072883115,-0.001197151124759066,0.9295485327931697,-0.00048705482836699436,3.808699048152306e-05,-0.0017510872451707725,,95,95,candidate_knee,317.0,157.0,0.5920342049999995,0.04170967837887929
B2c12,w15_first_eol,15,466.0,20,447,20.0,466.0,313.0,313.0,-0.00015275869964290672,-0.0011091108325876104,7.260541201125047,-0.0009563521329447036,0.9174067592907562,-0.0004136322960243184,3.600653331687004e-05,-0.0014513702958389922,,90,90,candidate_knee,293.0,154.0,0.3402380597114875,0.028101363964196935
B2c12,w15_start50,15,,50,444,50.0,493.0,344.0,344.0,-0.00022071354570896617,-0.001408877450389563,6.383284930990665,-0.0011881639046805968,0.9317088968977255,-0.000534119682737992,5.597956077630206e-05,-0.001769336404494382,,89,89,candidate_knee,294.0,150.0,0.49247622436126365,0.033631744613273895
B2c13,primary_w15_full,15,,20,464,20.0,483.0,353.0,353.0,-0.00014406849261821116,-0.0016415011043450453,11.393893796717279,-0.001497432611726834,0.9501128707875904,-0.0004327856649081541,1.0981640356897547e-05,-0.0019351706012950972,,93,93,candidate_knee,333.0,131.0,0.6491803653748168,0.032385744769612756
B2c13,w7_full,7,,20,464,20.0,483.0,353.0,353.0,-0.00014331284670585702,-0.001647367018555122,11.49490123475299,-0.001504054171849265,0.949251305128074,-0.00043330670957921857,1.2029745456715385e-05,-0.0019512412649577754,,93,93,candidate_knee,333.0,131.0,0.6555287707564645,0.033267229566888545
B2c13,w15_first_eol,15,460.0,20,441,20.0,460.0,336.0,336.0,-0.00012390480952052964,-0.001332924890791702,10.757652555616506,-0.0012090200812711724,0.9368428796727662,-0.0003585739369957774,7.480892066734648e-06,-0.0016158770017024174,,89,89,candidate_knee,316.0,125.0,0.371017891663043,0.0234324216273194
B2c13,w15_start50,15,,50,434,50.0,483.0,357.0,357.0,-0.00017028769908582135,-0.0016726304641609048,9.822379849750245,-0.0015023427650750834,0.9507043171686317,-0.00047878537835213425,3.774854377779423e-05,-0.001978484606601298,,87,87,candidate_knee,307.0,127.0,0.5697860776024974,0.02808799376322213
B2c14,primary_w15_full,15,,20,442,20.0,461.0,336.0,336.0,-0.00022398032423397675,-0.0015545939700381203,6.9407613162223285,-0.0013306136458041435,0.9614752409415126,-0.00048488172467980124,-8.523567926455586e-05,-0.0017188494705481787,20.165844695308714,89,89,candidate_knee,316.0,126.0,0.44548444493476663,0.01716218090541588
B2c14,w7_full,7,,20,442,20.0,461.0,336.0,336.0,-0.00022330140846249947,-0.0015589804719778877,6.981507562858467,-0.0013356790635153883,0.9614455931251165,-0.000485196015748547,-8.347004256043638e-05,-0.0017309639817841335,20.737547612136787,89,89,candidate_knee,316.0,126.0,0.4488965085361527,0.01730693863481747
B2c14,w15_first_eol,15,426.0,20,407,20.0,426.0,326.0,326.0,-0.00021413539483226683,-0.0013465146554814376,6.288146135468022,-0.0011323792606491708,0.9248426843854662,-0.0003871699522171401,-9.597829148572623e-05,-0.0015252786107573927,15.89191250590484,82,82,candidate_knee,306.0,101.0,0.2003560115661592,0.015058219996546995
B2c14,w15_start50,15,,50,412,50.0,461.0,339.0,339.0,-0.00024532888015921586,-0.0015730299980602016,6.411923443498873,-0.0013277011179009858,0.9626394280814653,-0.0005276541994418004,-2.5332855463666302e-05,-0.0017203345742202256,67.9092247096905,83,83,candidate_knee,289.0,123.0,0.38929719628213644,0.014544365899382683
B2c15,primary_w15_full,15,,20,395,20.0,414.0,306.0,306.0,-0.0001902076191724879,-0.0016772650238648715,8.818074855055412,-0.0014870574046923835,0.9189497413572429,-0.00046516465751617617,9.302043573515109e-05,-0.0020423266512901656,,79,79,candidate_knee,286.0,109.0,0.3909461816197344,0.031686289135677725
B2c15,w7_full,7,,20,395,20.0,414.0,307.0,307.0,-0.00019174711806490833,-0.001703519026735644,8.884196247262427,-0.0015117719086707357,0.9168295374001095,-0.0004667118766723332,9.285252190847127e-05,-0.0020739158501703993,,79,79,candidate_knee,287.0,108.0,0.3980273888337226,0.03310412205672719
B2c15,w15_first_eol,15,396.0,20,377,20.0,396.0,281.0,281.0,-0.0001543410932575295,-0.001220057335226131,7.9049416424074135,-0.0010657162419686016,0.9088009927906378,-0.0003931326290427187,9.883188790157232e-05,-0.0015664799362269306,,76,76,candidate_knee,261.0,116.0,0.21420727511029342,0.019535490827081503
B2c15,w15_start50,15,,50,365,50.0,414.0,315.0,315.0,-0.000245904020621071,-0.0017800943558059772,7.2389802790131546,-0.0015341903351849063,0.929169745426083,-0.0005257680697418457,-2.6994113291373234e-05,-0.002123765024373689,78.67511710608404,73,73,candidate_knee,265.0,100.0,0.320132287214984,0.022675051400767643
B2c16,primary_w15_full,15,,20,480,20.0,499.0,366.0,366.0,-0.0001910572607471703,-0.0015145315305292438,7.9271079497651336,-0.0013234742697820735,0.9276716339608575,-0.0004412346906757414,-5.370742064568624e-05,-0.001807735238334238,33.658947247905765,96,96,candidate_knee,346.0,134.0,0.5633096677098056,0.04074326783950255
B2c16,w7_full,7,,20,480,20.0,499.0,366.0,366.0,-0.00019082175603773354,-0.0015193361453992977,7.9620698234160505,-0.001328514389361564,0.9268835098663974,-0.00044195192391649957,-5.551857026587056e-05,-0.0018207810911218122,32.795893021062135,96,96,candidate_knee,346.0,134.0,0.5680909185156167,0.041536814038636294
B2c16,w15_first_eol,15,472.0,20,453,20.0,472.0,341.0,341.0,-0.00016495574494759197,-0.0011573607618645,7.016189476954589,-0.000992405016916908,0.8993197611989487,-0.000367281999710324,-4.462642140468225e-05,-0.0014572597211339386,32.65463990310102,91,91,candidate_knee,321.0,132.0,0.29673623817750383,0.029875475320636724
B2c16,w15_start50,15,,50,450,50.0,499.0,372.0,372.0,-0.00021935376022538613,-0.0015610939113919566,7.116786645407545,-0.0013417401511665705,0.9278775137443539,-0.00048145002350036275,-6.576372309338562e-05,-0.001847131318845948,28.08738970302806,90,90,candidate_knee,322.0,128.0,0.4934116965980334,0.0355860783062667
B2c17,primary_w15_full,15,,20,475,20.0,494.0,351.0,351.0,-0.00020383067916213488,-0.0012955269024042151,6.355897491631779,-0.0010916962232420803,0.9065638406433891,-0.0004425368770825054,6.709825027995656e-06,-0.0016380317417413214,,95,95,candidate_knee,331.0,144.0,0.440161397775463,0.041126990505176764
B2c17,w7_full,7,,20,475,20.0,494.0,353.0,353.0,-0.00020640663473697827,-0.0013169437509664519,6.380336332912065,-0.0011105371162294735,0.9047776927811666,-0.00044334082491448315,6.560748880179337e-06,-0.0016557144669652859,,95,95,candidate_knee,333.0,142.0,0.44553461411059947,0.0424248339014639
B2c17,w15_first_eol,15,471.0,20,452,20.0,471.0,307.0,307.0,-0.00015348737602215387,-0.0009178861548564908,5.98020618141264,-0.000764398778834337,0.90699915088826,-0.000383528267384414,1.8400082815735145e-05,-0.0012664813252906515,,91,91,candidate_knee,287.0,165.0,0.24598661171163366,0.022876963759301816
B2c17,w15_start50,15,,50,445,50.0,494.0,362.0,362.0,-0.0002438441825280066,-0.0013661756020894415,5.602658172632559,-0.001122331419561435,0.9092582611782836,-0.00048309455973739694,-0.0001209999710589037,-0.0016938282204630576,13.998583682623273,89,89,candidate_knee,312.0,133.0,0.3720096127479936,0.03375679911914631
B2c18,primary_w15_full,15,,20,448,20.0,467.0,366.0,366.0,-0.00014577925778634556,-0.0019227833475675814,13.18969088445777,-0.0017770040897812358,0.9335534911508989,-0.00037808702953638016,7.45018710128817e-05,-0.0020789124323579043,,90,90,candidate_knee,346.0,102.0,0.5454942486871434,0.03624618842252403
B2c18,w7_full,7,,20,448,20.0,467.0,367.0,367.0,-0.00014688782364492977,-0.001955047485370975,13.309799524955102,-0.0018081596617260452,0.9324405181953356,-0.0003790398626081556,7.409709758406415e-05,-0.0021019336504918304,,90,90,candidate_knee,347.0,101.0,0.5536809386428756,0.03740639729983286
B2c18,w15_first_eol,15,449.0,20,430,20.0,449.0,350.0,350.0,-0.00012916695228111272,-0.0014767194519658745,11.432641444941842,-0.0013475524996847618,0.9083573934904433,-0.0003122308147247448,8.952446341808507e-05,-0.0016334491710458035,,86,86,candidate_knee,330.0,100.0,0.298051929402092,0.027314255685610078
B2c18,w15_start50,15,,50,418,50.0,467.0,370.0,370.0,-0.00017600650205465307,-0.0019725468541188737,11.20723854568943,-0.0017965403520642206,0.9402622137005445,-0.0004236371458148366,-7.738769970638883e-05,-0.0021668122077047685,27.99943939315572,84,84,candidate_knee,320.0,98.0,0.47804991834649235,0.028557643862654913
B2c19,primary_w15_full,15,,20,392,20.0,411.0,308.0,308.0,-0.0001431820071136856,-0.0021081029199359054,14.723239060771688,-0.00196492091282222,0.9439738224155596,-0.0004817797362947838,6.8885199610523205e-06,-0.002454124560856864,,79,79,candidate_knee,288.0,104.0,0.602575596562015,0.033760007381033574
B2c19,w7_full,7,,20,392,20.0,411.0,310.0,310.0,-0.00014820422071390693,-0.0021657497516833946,14.613279846220795,-0.0020175455309694875,0.9429650313758551,-0.00048394365589099974,8.507950340799177e-06,-0.002491194757424537,,79,79,candidate_knee,290.0,102.0,0.6123648154835051,0.03492620803763202
B2c19,w15_first_eol,15,392.0,20,373,20.0,392.0,293.0,293.0,-0.00011676493276119425,-0.0016742357188592022,14.338514820055796,-0.001557470786098008,0.9208377056298207,-0.0003901152342826861,8.038807965861408e-06,-0.0020570684961593168,,75,75,candidate_knee,273.0,100.0,0.34099882354860855,0.02699424924963978
B2c19,w15_start50,15,,50,362,50.0,411.0,312.0,312.0,-0.00017396970047113273,-0.0021717508112930623,12.483500318800784,-0.0019977811108219294,0.9414581181560935,-0.0005437845275737801,-1.2315426385289733e-05,-0.002519537215228927,204.58383952003564,73,73,candidate_knee,262.0,100.0,0.5307722900559827,0.031072408690477005
B2c20,primary_w15_full,15,,20,487,20.0,506.0,395.0,395.0,-3.812501278368094e-05,-0.0022143888445424597,58.08231087309454,-0.002176263831758779,0.9605931391497191,-0.0003281184289518791,5.651185471376896e-05,-0.002387954963276782,,98,98,candidate_knee,375.0,112.0,1.0443113631112353,0.04115303257049163
B2c20,w7_full,7,,20,487,20.0,506.0,395.0,395.0,-3.74813775714817e-05,-0.0022235961781401944,59.32535894390533,-0.0021861148005687127,0.9599815432618853,-0.0003287874636724649,5.823053191285836e-05,-0.0024053768624281947,,98,98,candidate_knee,375.0,112.0,1.0544583761303954,0.04219779690731684
B2c20,w15_first_eol,15,489.0,20,470,20.0,489.0,385.0,385.0,-2.5908928241548265e-05,-0.0018790365517446907,72.52467312528259,-0.0018531276235031423,0.9478149598640309,-0.0002599970450696976,5.284470685980548e-05,-0.0020318095465809345,,94,94,candidate_knee,365.0,105.0,0.6481611940793879,0.03382431792761054
B2c20,w15_start50,15,,50,457,50.0,506.0,396.0,396.0,-5.232770520275199e-05,-0.00221983438988484,42.4217798446108,-0.002167506684682088,0.960159808256536,-0.00037120781367823614,0.00012816605736479537,-0.0024625757517762743,,92,92,candidate_knee,346.0,111.0,0.9591904682403192,0.03821433217319736
B2c21,primary_w15_full,15,,20,406,20.0,426.0,309.0,309.0,-0.00013259625634309905,-0.0019181990941688194,14.466464944571202,-0.0017856028378257203,0.9467710601564979,-0.0004941626910452266,2.216412873533581e-05,-0.0022839389696999376,,81,82,candidate_knee,288.0,118.0,0.6542180595221035,0.034823333734834705
B2c21,w7_full,7,,20,406,20.0,426.0,310.0,310.0,-0.00013446858028065906,-0.001944688101231425,14.462025977908938,-0.0018102195209507659,0.9453718363470128,-0.0004955397449159537,2.4681409692889456e-05,-0.0023125802604455764,,81,82,candidate_knee,289.0,117.0,0.6631668402293768,0.03622758667728476
B2c21,w15_first_eol,15,408.0,20,388,20.0,408.0,294.0,294.0,-0.00010643394825692386,-0.001567946213076103,14.731636275403353,-0.001461512264819179,0.9356320843702651,-0.0004126477788337664,2.6769594494888214e-05,-0.001967280775047737,,77,78,candidate_knee,273.0,115.0,0.4006678378990296,0.025790153585433018
B2c21,w15_start50,15,,50,377,50.0,426.0,313.0,313.0,-0.0001630830662932222,-0.001965111921007468,12.049760687441397,-0.0018020288547142458,0.9441412205752032,-0.0005547279622940838,-2.9927241285031157e-05,-0.0023296820826384144,77.84486583478251,76,76,candidate_knee,263.0,114.0,0.5723670376036702,0.03197172410352778
B2c22,primary_w15_full,15,,20,899,20.0,920.0,360.0,,-5.1702363119046524e-05,-2.892239512282492e-05,0.5594018025100725,2.2779967996221604e-05,0.3603673313304109,-3.619317737567504e-05,-2.910924105782732e-05,-5.9698830672089975e-05,2.0508549348124374,179,181,uncertain_no_criteria_match,338.0,561.0,0.004532267313943761,0.0028989862371417985
B2c22,w7_full,7,,20,899,20.0,920.0,360.0,,-5.1538966612925735e-05,-2.8970462154412313e-05,0.5621079361561482,2.2568504458513422e-05,0.3325326646244582,-3.617375066287471e-05,-2.8435368235834103e-05,-5.984274563373993e-05,2.104518047293174,179,181,uncertain_no_criteria_match,338.0,561.0,0.004820875994345575,0.0032177772541217564
B2c22,w15_first_eol,15,,20,899,20.0,920.0,360.0,,-5.1702363119046524e-05,-2.892239512282492e-05,0.5594018025100725,2.2779967996221604e-05,0.3603673313304109,-3.619317737567504e-05,-2.910924105782732e-05,-5.9698830672089975e-05,2.0508549348124374,179,181,uncertain_no_criteria_match,338.0,561.0,0.004532267313943761,0.0028989862371417985
B2c22,w15_start50,15,,50,870,50.0,920.0,356.0,,-5.361029907925148e-05,-2.8778915049210152e-05,0.5368169091290951,2.4831384030041328e-05,0.37450229583100947,-3.582313106320525e-05,-2.1052786361752452e-05,-5.8707786050156354e-05,2.788599335089128,174,175,uncertain_no_criteria_match,305.0,565.0,0.004287463129956701,0.0026817983444971105
B2c23,primary_w15_full,15,,20,1130,20.0,1152.0,946.0,946.0,-6.543299111874737e-05,-0.00024213153003593078,3.700450275863319,-0.00017669853891718343,0.8203281817124437,-8.094164378913746e-05,-4.2694684123323924e-05,-0.00023234356020859808,5.441978667355213,225,226,candidate_knee,924.0,206.0,0.061037743999502465,0.010966762448560985
B2c23,w7_full,7,,20,1130,20.0,1152.0,946.0,946.0,-6.536809590625366e-05,-0.0002425944446266608,3.7112056158798437,-0.00017722634872040715,0.815282886714582,-8.092307391110503e-05,-4.247769658181052e-05,-0.00023300567132803748,5.485365028663381,225,226,candidate_knee,924.0,206.0,0.06178292168588913,0.011412362944156484
B2c23,w15_first_eol,15,,20,1130,20.0,1152.0,946.0,946.0,-6.543299111874737e-05,-0.00024213153003593078,3.700450275863319,-0.00017669853891718343,0.8203281817124437,-8.094164378913746e-05,-4.2694684123323924e-05,-0.00023234356020859808,5.441978667355213,225,226,candidate_knee,924.0,206.0,0.061037743999502465,0.010966762448560985
B2c23,w15_start50,15,,50,1100,50.0,1152.0,946.0,946.0,-6.540758850858006e-05,-0.0002421787470768008,3.7026093240699764,-0.00017677115856822072,0.8179642311214625,-8.172490126809747e-05,-1.3816902920324584e-05,-0.00023534956148174265,17.0334526368818,219,220,candidate_knee,894.0,206.0,0.06014267089002961,0.010948117337875374
B2c24,primary_w15_full,15,,20,517,20.0,536.0,398.0,398.0,-0.00010462627853640927,-0.0015896498356299904,15.19360009614413,-0.0014850235570935811,0.9483464555907654,-0.0003672455868522665,6.184932999039778e-05,-0.0018456800166702229,,104,104,candidate_knee,378.0,139.0,0.8080815077686837,0.041740274047811
B2c24,w7_full,7,,20,517,20.0,536.0,399.0,399.0,-0.00010557484894924803,-0.0016078445269977993,15.229427680931115,-0.0015022696780485512,0.9472028511177291,-0.0003678325349650015,6.238769870905803e-05,-0.0018621802008695185,,104,104,candidate_knee,379.0,138.0,0.8165912608119076,0.043113690373047575
B2c24,w15_first_eol,15,514.0,20,495,20.0,514.0,383.0,383.0,-8.988824170767706e-05,-0.0013272956331908615,14.766065149069455,-0.0012374073914831845,0.9334683566650152,-0.0003054716403879798,6.168604452690172e-05,-0.001580594000061843,,99,99,candidate_knee,363.0,132.0,0.4923579444816456,0.03275738315539911
B2c24,w15_start50,15,,50,487,50.0,536.0,402.0,402.0,-0.00012718257462351632,-0.0016193468920790782,12.732458804774483,-0.0014921643174555619,0.9497546471410703,-0.0004057603206309819,7.877884525881586e-05,-0.0018849655157189395,,98,98,candidate_knee,352.0,135.0,0.7210406968261358,0.03622894423767775
B2c25,primary_w15_full,15,,20,492,20.0,511.0,398.0,398.0,-5.770379846645839e-05,-0.002131911998717852,36.94578269326712,-0.0020742082002513937,0.9596922610735857,-0.0003379273067195873,5.694549536178066e-05,-0.0023184056399505257,,99,99,candidate_knee,378.0,114.0,0.9948132570693338,0.04009867304648651
B2c25,w7_full,7,,20,492,20.0,511.0,399.0,399.0,-5.905693456498909e-05,-0.002160320768159977,36.5803065139227,-0.0021012638335949877,0.9589712176360776,-0.00033840189917248934,5.907965739022854e-05,-0.002332483345330859,,99,99,candidate_knee,379.0,113.0,1.0028408917491962,0.04114534069321962
B2c25,w15_first_eol,15,493.0,20,474,20.0,493.0,388.0,388.0,-4.719798413844838e-05,-0.001798397861921752,38.103276967219934,-0.0017511998777833037,0.9477578463945301,-0.0002688348160434272,5.3263223684210106e-05,-0.0019303522239641656,,95,95,candidate_knee,368.0,106.0,0.5950964785499491,0.031089121642480677
B2c25,w15_start50,15,,50,462,50.0,511.0,400.0,400.0,-7.445491016401078e-05,-0.0021564632055413773,28.963344402552853,-0.0020820082953773664,0.9597363980922002,-0.00037972150323231787,0.00010133883351735209,-0.0023901706194980753,,93,93,candidate_knee,350.0,112.0,0.9112870213965983,0.03669169785325721
B2c26,primary_w15_full,15,,20,457,20.0,476.0,352.0,352.0,-0.00021796446540134178,-0.0016922785108447456,7.764011017707513,-0.0014743140454434038,0.9324936046725013,-0.0004866028314852039,1.940354407163595e-05,-0.001978779689248339,,92,92,candidate_knee,332.0,125.0,0.5774963627840927,0.03898469776629554
B2c26,w7_full,7,,20,457,20.0,476.0,352.0,352.0,-0.00021744322374566522,-0.0016980283487939302,7.809065371381943,-0.0014805851250482651,0.9319189936851577,-0.0004872242585735714,1.9779386742289318e-05,-0.0019948413531664694,,92,92,candidate_knee,332.0,125.0,0.5827787528184268,0.03967616395078721
B2c26,w15_first_eol,15,450.0,20,431,20.0,450.0,328.0,328.0,-0.00018954927630547406,-0.0012838020835665652,6.772919995208074,-0.0010942528072610913,0.9019583721701678,-0.00040448787921545357,1.5330445797185276e-05,-0.0015839753142086461,,87,87,candidate_knee,308.0,123.0,0.29831296691814113,0.029247088879401417
B2c26,w15_start50,15,,50,427,50.0,476.0,357.0,357.0,-0.00025155714754282194,-0.0017315428598567747,6.883298195937837,-0.0014799857123139527,0.9365295087541093,-0.0005344175832619437,4.136102080286798e-05,-0.002016034510637294,,86,86,candidate_knee,307.0,120.0,0.49685569316729516,0.03153567492364573
B2c27,primary_w15_full,15,,20,474,20.0,493.0,376.0,376.0,-6.129539019185238e-05,-0.0020674581950867565,33.72942383783978,-0.0020061628048949043,0.960717418105759,-0.00037000608138112296,0.00010103264977603595,-0.0022943584463885765,,95,95,candidate_knee,356.0,118.0,0.9637704283604576,0.03785939077931744
B2c27,w7_full,7,,20,474,20.0,493.0,377.0,377.0,-6.27454602303722e-05,-0.0020953081957248185,33.393781606379484,-0.002032562735494446,0.960157362771961,-0.00037073542960901326,0.00010165902855543145,-0.0023137236380879056,,95,95,candidate_knee,357.0,117.0,0.97296236257549,0.038765386448631034
B2c27,w15_first_eol,15,474.0,20,455,20.0,474.0,366.0,366.0,-4.9535802868798766e-05,-0.0017577264187631485,35.48395941857827,-0.0017081906158943497,0.9480350484088982,-0.0002946093185794037,9.924075489727682e-05,-0.0019551150437967825,,91,91,candidate_knee,346.0,109.0,0.5787518485061435,0.03007481179088245
B2c27,w15_start50,15,,50,444,50.0,493.0,379.0,379.0,-8.593148888408084e-05,-0.0021030706707633093,24.473806960336653,-0.0020171391818792285,0.9623838307352887,-0.0004191793435223085,0.00011565349506298925,-0.002353715110316649,,89,89,candidate_knee,329.0,115.0,0.864644373183386,0.03252460909544652
B2c28,primary_w15_full,15,,20,437,20.0,456.0,334.0,334.0,-0.00016972590969822348,-0.0016809067432997226,9.90365434651912,-0.001511180833601499,0.9310126023514766,-0.0004593912591434684,5.462354531365604e-05,-0.002027423794468317,,88,88,candidate_knee,314.0,123.0,0.560253217387864,0.03865041149180115
B2c28,w7_full,7,,20,437,20.0,456.0,335.0,335.0,-0.00017133300120824669,-0.0017016097994811952,9.931593957272561,-0.0015302767982729485,0.9299034710631819,-0.0004604305507880028,5.360971698777774e-05,-0.0020479427797101195,,88,88,candidate_knee,315.0,122.0,0.5665859526718766,0.03971570862665885
B2c28,w15_first_eol,15,437.0,20,418,20.0,437.0,316.0,316.0,-0.0001461018736734925,-0.0013472297659238527,9.221166929964449,-0.0012011278922503602,0.915097360202807,-0.00039154973314931506,5.1924028551179703e-05,-0.0016791832229928118,,84,84,candidate_knee,296.0,122.0,0.3364085040926407,0.02856197004769001
B2c28,w15_start50,15,,50,407,50.0,456.0,340.0,340.0,-0.00020863755287956165,-0.0017354799305679437,8.31815704610842,-0.0015268423776883821,0.9342945409616306,-0.0005123162972123946,6.911034054918883e-05,-0.002081978320164125,,82,82,candidate_knee,290.0,117.0,0.4782106710936467,0.03142105166125475
B2c29,primary_w15_full,15,,20,451,20.0,470.0,352.0,352.0,-7.15181511728242e-05,-0.002115472951144588,29.57952514785415,-0.002043954799971764,0.958727276664595,-0.000420688181326976,0.00011675920528746664,-0.0024150985275521583,,91,91,candidate_knee,332.0,119.0,0.9685639463941281,0.03997527179217286
B2c29,w7_full,7,,20,451,20.0,470.0,353.0,353.0,-7.333233039085941e-05,-0.002144698140662042,29.24628372275716,-0.0020713658102711825,0.9575849834321313,-0.000421861382939257,0.00011575338270425258,-0.0024400691353718747,,91,91,candidate_knee,333.0,118.0,0.9796887505726692,0.04155351458689438
B2c29,w15_first_eol,15,452.0,20,433,20.0,452.0,342.0,342.0,-5.758351600365235e-05,-0.0018091885602162267,31.41851498094481,-0.0017516050442125744,0.948135049401374,-0.00034157756477864906,0.00011723449551651288,-0.0020804648489101112,,87,87,candidate_knee,322.0,111.0,0.6013048969564957,0.03118664877536048
B2c29,w15_start50,15,,50,421,50.0,470.0,355.0,355.0,-0.00010102689715048145,-0.0021480200247574084,21.26186278450077,-0.002046993127606927,0.9603656335985107,-0.00047869305869250933,0.00011403512018761006,-0.002479052699824115,,85,85,candidate_knee,305.0,116.0,0.8562697307468214,0.0339377082469241
B2c30,primary_w15_full,15,,20,410,20.0,429.0,331.0,331.0,-0.00020365248702032746,-0.0019175717832125537,9.415901623735891,-0.0017139192961922263,0.9287171070266504,-0.0004528840112577383,-8.026784101174456e-05,-0.0021586022802864576,26.89249209992601,82,82,candidate_knee,311.0,99.0,0.4418839224429787,0.03149876435014676
B2c30,w7_full,7,,20,410,20.0,429.0,332.0,332.0,-0.00020460047637238602,-0.0019524798455136981,9.54289002709876,-0.001747879369141312,0.9266933599796798,-0.0004541177574630451,-7.710692526202436e-05,-0.0021899328253392972,28.401246942443606,82,82,candidate_knee,312.0,98.0,0.45100222982554183,0.033061458110182684
B2c30,w15_first_eol,15,412.0,20,393,20.0,412.0,305.0,305.0,-0.0001688890326031007,-0.00133336201166654,7.894899929944061,-0.0011644729790634392,0.9229186402660547,-0.00038260606903442603,-8.616737828627213e-05,-0.0016360372919912362,18.986736332581255,79,79,candidate_knee,285.0,108.0,0.2332614307928197,0.017980108258996097
B2c30,w15_start50,15,,50,380,50.0,429.0,334.0,334.0,-0.00022644820422856502,-0.0019562053675442536,8.638643764954576,-0.0017297571633156886,0.9264077381191873,-0.000499282151497441,1.7601943950786707e-05,-0.002264113321052632,,76,76,candidate_knee,284.0,96.0,0.3935090578962586,0.02895922164117337
B2c31,primary_w15_full,15,,20,427,20.0,446.0,335.0,335.0,-0.00022930680666684725,-0.0017724420016221488,7.729565586761123,-0.0015431351949553014,0.916014994089768,-0.0004900118319107229,4.899555828105107e-05,-0.0020854711379782068,,86,86,candidate_knee,315.0,112.0,0.48453482930824343,0.04069366050316603
B2c31,w7_full,7,,20,427,20.0,446.0,337.0,337.0,-0.00023218049750471434,-0.0018139452208852862,7.812651107134675,-0.0015817647233805718,0.915522932510372,-0.0004908852115327174,4.9803189773102496e-05,-0.002108037144959668,,86,86,candidate_knee,317.0,110.0,0.4916825882889199,0.04153590319435807
B2c31,w15_first_eol,15,425.0,20,406,20.0,425.0,304.0,304.0,-0.00018843708538503217,-0.0012345825937649453,6.551696505188092,-0.001046145508379913,0.892456446936938,-0.000413428758575413,5.458273636551619e-05,-0.0015939255424407665,,82,82,candidate_knee,284.0,122.0,0.25227650759389136,0.0271307119809876
B2c31,w15_start50,15,,50,397,50.0,446.0,344.0,344.0,-0.00027969935465757317,-0.0018802187815318066,6.722285018618285,-0.0016005194268742333,0.9267660930884397,-0.0005446753282614121,-2.3364716361931267e-05,-0.0021617487251523676,92.52193314336829,80,80,candidate_knee,294.0,103.0,0.4050311655669311,0.02966201467540941
B2c32,primary_w15_full,15,,20,815,20.0,834.0,645.0,645.0,-0.00010038468175653872,-0.000943526927341604,9.399112601959768,-0.0008431422455850653,0.9206582618895007,-0.00021593586581361712,-2.5740350308411247e-05,-0.0010474034995372448,40.69111286317583,163,163,candidate_knee,625.0,190.0,0.7918061129818855,0.06282327325050119
B2c32,w7_full,7,,20,815,20.0,834.0,646.0,646.0,-0.00010048660793086328,-0.0009513403993699381,9.467335189824286,-0.0008508537914390748,0.9193069300989528,-0.00021597888761641044,-2.478496018089025e-05,-0.0010530428640802257,42.48717191372149,163,163,candidate_knee,626.0,189.0,0.7986428928445602,0.06444494677828061
B2c32,w15_first_eol,15,809.0,20,790,20.0,809.0,605.0,605.0,-8.815003958965179e-05,-0.0006965099850485681,7.9014143191642265,-0.0006083599454589163,0.9225823546408636,-0.0001893409856916566,-2.6587534208857185e-05,-0.000819349340581022,30.817048852468226,158,158,candidate_knee,585.0,205.0,0.46555896124716073,0.03604247855560061
B2c32,w15_start50,15,,50,785,50.0,834.0,649.0,649.0,-0.00010677077124755761,-0.0009579859022911771,8.972360985105192,-0.0008512151310436194,0.9202149585415367,-0.00022690241234298456,-1.9399260104565143e-05,-0.0010757972428816851,55.4555811450006,157,157,candidate_knee,599.0,186.0,0.7462058282787531,0.0595360629457673
B2c33,primary_w15_full,15,,20,1170,20.0,1190.0,923.0,923.0,-5.896833036790852e-05,-0.0006731528726216273,11.415498258501948,-0.0006141845422537187,0.9814202715591335,-0.0001405732121106549,-4.085409810230494e-05,-0.0007057362578111275,17.274552385022808,234,235,candidate_knee,902.0,268.0,1.1258262047424306,0.020917545155725747
B2c33,w7_full,7,,20,1170,20.0,1190.0,923.0,923.0,-5.8874250212049545e-05,-0.0006738988415506679,11.446410597561103,-0.0006150245913386184,0.9809449676883941,-0.00014059074678961483,-4.0298722841122325e-05,-0.0007071288721277521,17.547178229831424,234,235,candidate_knee,902.0,268.0,1.1294549991583889,0.02152180150346794
B2c33,w15_first_eol,15,1140.0,20,1120,20.0,1140.0,905.0,905.0,-5.727523189633929e-05,-0.0005843010893270872,10.201636378960387,-0.0005270258574307479,0.9828775576057399,-0.00011735558515032208,-4.147128078148174e-05,-0.0005964797170880742,14.382958660741954,224,225,candidate_knee,884.0,236.0,0.6061032792487172,0.010377968483908262
B2c33,w15_start50,15,,50,1140,50.0,1190.0,923.0,923.0,-5.9592496047035385e-05,-0.0006722517018174177,11.280811283467978,-0.0006126592057703823,0.9811493241116744,-0.0001449453985590851,-3.48833853987256e-05,-0.000711359857913723,20.392512073662186,228,229,candidate_knee,872.0,268.0,1.0944193838377096,0.020630545090625674
B2c34,primary_w15_full,15,,20,1233,20.0,1252.0,961.0,961.0,-6.182401627135634e-05,-0.0006062996296323552,9.806862546282998,-0.0005444756133609988,0.9810939149807164,-0.00013873046863274586,-4.263733726830532e-05,-0.0006455332352311131,15.140092618095396,247,247,candidate_knee,941.0,292.0,1.1107402804025435,0.02099975017563338
B2c34,w7_full,7,,20,1233,20.0,1252.0,961.0,961.0,-6.177035103117216e-05,-0.0006067700239360504,9.822997826738046,-0.0005449996729048782,0.9808760598088387,-0.00013875082610240755,-4.243519798558298e-05,-0.0006465073152973367,15.23516670093026,247,247,candidate_knee,941.0,292.0,1.1131266651344833,0.02128736776921869
B2c34,w15_first_eol,15,1186.0,20,1167,20.0,1186.0,940.0,940.0,-5.9793621263933305e-05,-0.0005261225072578314,8.798973805842753,-0.0004663288859938981,0.974232741093163,-0.00011342141878817591,-4.287956351018163e-05,-0.0005413224222422025,12.624252159508735,234,234,candidate_knee,920.0,247.0,0.5469027170467461,0.01409218390699607
B2c34,w15_start50,15,,50,1203,50.0,1252.0,961.0,961.0,-6.261961393541277e-05,-0.0006052067186489323,9.664810761579522,-0.0005425871047135195,0.9810346616461793,-0.00014275376680185958,-4.0750467319364766e-05,-0.0006501973884897637,15.955581156753695,241,241,candidate_knee,911.0,292.0,1.077760495930225,0.020440092469698357
B2c35,primary_w15_full,15,,20,402,20.0,423.0,291.0,291.0,-0.0002969331629488876,-0.000659883135471297,2.222328853126067,-0.00036294997252240944,0.9235417143128343,-0.00038871012983003443,-0.00037815182849716493,-0.0007655915094850947,2.024561173028506,79,81,candidate_knee,269.0,133.0,0.03350980141247904,0.0025621019697155134
B2c35,w7_full,7,,20,402,20.0,423.0,293.0,293.0,-0.0002979320155804758,-0.000668142268866182,2.242599767481877,-0.00037021025328570615,0.9212492465030053,-0.00038912534798859403,-0.00037838671134225895,-0.0007755229715447153,2.0495512878707784,79,81,candidate_knee,271.0,131.0,0.03413606339287341,0.0026882407136099573
B2c35,w15_first_eol,15,,20,402,20.0,423.0,291.0,291.0,-0.0002969331629488876,-0.000659883135471297,2.222328853126067,-0.00036294997252240944,0.9235417143128343,-0.00038871012983003443,-0.00037815182849716493,-0.0007655915094850947,2.024561173028506,79,81,candidate_knee,269.0,133.0,0.03350980141247904,0.0025621019697155134
B2c35,w15_start50,15,,50,372,50.0,423.0,288.0,288.0,-0.00029101065016137745,-0.0006547290756561307,2.24984575407483,-0.00036371842549475327,0.920448523083986,-0.00040022954246552063,-0.00025317997548376833,-0.0007789752768136554,3.076764958702654,73,75,candidate_knee,236.0,136.0,0.030762732572282007,0.0024472208100974058
B2c36,primary_w15_full,15,,20,259,20.0,280.0,188.0,188.0,-0.0005143460025981671,-0.0008395664185826025,1.6322989084033264,-0.00032522041598443546,0.7013662729537598,-0.0006080558950448354,-0.0008949134160645228,-0.0009155787631027251,1.0230920071900145,52,53,candidate_knee,166.0,93.0,0.010696454847080704,0.0031943221771655317
B2c36,w7_full,7,,20,259,20.0,280.0,190.0,190.0,-0.000515500942314171,-0.0008522664956061603,1.6532782496578797,-0.0003367655532919893,0.7056272040937419,-0.0006090111004931884,-0.0008970372968524473,-0.000938650457184325,1.0463895542335768,52,53,candidate_knee,168.0,91.0,0.01106141928097162,0.0032561809204310066
B2c36,w15_first_eol,15,,20,259,20.0,280.0,188.0,188.0,-0.0005143460025981671,-0.0008395664185826025,1.6322989084033264,-0.00032522041598443546,0.7013662729537598,-0.0006080558950448354,-0.0008949134160645228,-0.0009155787631027251,1.0230920071900145,52,53,candidate_knee,166.0,93.0,0.010696454847080704,0.0031943221771655317
B2c36,w15_start50,15,,50,229,50.0,280.0,166.0,166.0,-0.0004166165891733732,-0.0008054224021469736,1.9332461142391055,-0.0003888058129736004,0.9137592925060518,-0.0006093593955035473,-0.0005606378803178868,-0.000928650990980573,1.6564185610398272,46,47,candidate_knee,114.0,115.0,0.010548831416388963,0.0009097386845837718
B2c37,primary_w15_full,15,,20,80,20.0,99.0,,,,,,,,,2.4681911764704514e-05,-1.4093823529413607e-05,,16,16,unresolved_insufficient_observations,,,,
B2c37,w7_full,7,,20,80,20.0,99.0,,,,,,,,,2.79116176470571e-05,-1.3566691176477967e-05,,16,16,unresolved_insufficient_observations,,,,
B2c37,w15_first_eol,15,,20,80,20.0,99.0,,,,,,,,,2.4681911764704514e-05,-1.4093823529413607e-05,,16,16,unresolved_insufficient_observations,,,,
B2c37,w15_start50,15,,50,50,50.0,99.0,,,,,,,,,2.184545454545461e-05,-8.075757575758671e-06,,10,10,unresolved_insufficient_observations,,,,
B2c38,primary_w15_full,15,,20,80,20.0,99.0,,,,,,,,,1.6606323529410507e-05,-4.6554411764710194e-05,,16,16,unresolved_insufficient_observations,,,,
B2c38,w7_full,7,,20,80,20.0,99.0,,,,,,,,,1.6583235294115643e-05,-5.2814411764712895e-05,,16,16,unresolved_insufficient_observations,,,,
B2c38,w15_first_eol,15,,20,80,20.0,99.0,,,,,,,,,1.6606323529410507e-05,-4.6554411764710194e-05,,16,16,unresolved_insufficient_observations,,,,
B2c38,w15_start50,15,,50,50,50.0,99.0,,,,,,,,,2.5789696969706832e-05,-3.690909090909586e-05,,10,10,unresolved_insufficient_observations,,,,
B2c39,primary_w15_full,15,,20,414,20.0,434.0,295.0,295.0,-0.0001777799515931152,-0.0009579950647595615,5.388656348338556,-0.0007802151131664464,0.9405561143868703,-0.0003831536307736872,-8.510793721353871e-05,-0.0011919830818395531,14.005545438715393,82,83,candidate_knee,274.0,140.0,0.17127989167174806,0.010181542288364653
B2c39,w7_full,7,,20,414,20.0,434.0,296.0,296.0,-0.0001783770883243781,-0.0009679203822791388,5.426259568263493,-0.0007895432939547607,0.9380805901275362,-0.0003836621599590086,-8.481275194086526e-05,-0.0012085306278073965,14.249397645415762,82,83,candidate_knee,275.0,139.0,0.17398910942861917,0.010773302980055632
B2c39,w15_first_eol,15,,20,414,20.0,434.0,295.0,295.0,-0.0001777799515931152,-0.0009579950647595615,5.388656348338556,-0.0007802151131664464,0.9405561143868703,-0.0003831536307736872,-8.510793721353871e-05,-0.0011919830818395531,14.005545438715393,82,83,candidate_knee,274.0,140.0,0.17127989167174806,0.010181542288364653
B2c39,w15_start50,15,,50,384,50.0,434.0,300.0,300.0,-0.00019895248774366955,-0.000975715239663734,4.904262574091789,-0.0007767627519200645,0.9373316290406338,-0.0004174983948251041,-5.3859218209596816e-05,-0.0012206625085440874,22.663947772019196,76,77,candidate_knee,249.0,135.0,0.14363124241304692,0.00900113598089547
B2c40,primary_w15_full,15,,20,439,20.0,459.0,328.0,328.0,-0.00018151243242556667,-0.0010898194588141953,6.0041036542282065,-0.0009083070263886286,0.9276605299484131,-0.0003765902784785927,-3.479754196528348e-05,-0.0013324222130692823,38.29069922233593,87,88,candidate_knee,307.0,132.0,0.23225545948944054,0.016801236856053947
B2c40,w7_full,7,,20,439,20.0,459.0,329.0,329.0,-0.00018212116354974424,-0.0011020557900958382,6.051223090252357,-0.0009199346265460939,0.9257649900780907,-0.0003770715588155443,-3.359225349776354e-05,-0.001347791097795076,40.1220804637238,87,88,candidate_knee,308.0,131.0,0.23559964906720363,0.017489742286102228
B2c40,w15_first_eol,15,,20,439,20.0,459.0,328.0,328.0,-0.00018151243242556667,-0.0010898194588141953,6.0041036542282065,-0.0009083070263886286,0.9276605299484131,-0.0003765902784785927,-3.479754196528348e-05,-0.0013324222130692823,38.29069922233593,87,88,candidate_knee,307.0,132.0,0.23225545948944054,0.016801236856053947
B2c40,w15_start50,15,,50,409,50.0,459.0,335.0,335.0,-0.00020862259626242243,-0.001125575138144588,5.395269536041763,-0.0009169525418821655,0.9295731133963797,-0.0004113008715327356,-2.7099348359353482e-05,-0.00136858851389297,50.502635552142145,81,82,candidate_knee,284.0,125.0,0.19624691606481803,0.013821059304007122
B2c41,primary_w15_full,15,,20,444,20.0,463.0,339.0,339.0,-0.00017194424460776774,-0.0017718227158737357,10.304635202623652,-0.001599878471265968,0.9364536818906085,-0.00047877609690437107,3.8163949608444186e-05,-0.0021203878794688455,,89,89,candidate_knee,319.0,125.0,0.6551496103907741,0.04163234555113604
B2c41,w7_full,7,,20,444,20.0,463.0,340.0,340.0,-0.00017332206596217073,-0.0017927819662328314,10.343645261095167,-0.0016194599002706607,0.9355622480139631,-0.00047950432733879025,4.090557201225745e-05,-0.002138905955907389,,89,89,candidate_knee,320.0,124.0,0.6620408302524932,0.04266042282444005
B2c41,w15_first_eol,15,442.0,20,423,20.0,442.0,321.0,321.0,-0.00014707279102616933,-0.001423937712969948,9.681856875324955,-0.0012768649219437786,0.9169393832752505,-0.00040258922809792956,3.630438147352013e-05,-0.0017806939278874338,,85,85,candidate_knee,301.0,122.0,0.38494659439728396,0.03197390153673041
B2c41,w15_start50,15,,50,414,50.0,463.0,345.0,345.0,-0.00021018657937775048,-0.0018310648322868218,8.711616306367517,-0.0016208782529090714,0.9385136919017792,-0.0005325508765775812,6.630325133285682e-05,-0.00217712079929474,,83,83,candidate_knee,295.0,119.0,0.5646356131186289,0.03471735927143982
B2c42,primary_w15_full,15,,20,478,20.0,497.0,352.0,352.0,-6.97578452882376e-05,-0.0017218357929647907,24.683041539631994,-0.0016520779476765532,0.9570489600612131,-0.0004357871303112067,0.00010212514039609329,-0.0020412993636733587,,96,96,candidate_knee,332.0,146.0,0.9855721429861681,0.042331348475954655
B2c42,w7_full,7,,20,478,20.0,497.0,352.0,352.0,-6.907635123814375e-05,-0.0017268173787335923,24.998676794324496,-0.0016577410274954485,0.9564099855934571,-0.00043636033072638086,0.00010374424715138397,-0.002057162210797613,,96,96,candidate_knee,332.0,146.0,0.993003495392026,0.04328503666988581
B2c42,w15_first_eol,15,474.0,20,455,20.0,474.0,340.0,340.0,-5.3044203570743245e-05,-0.0014916474233470506,28.120837394753064,-0.0014386032197763073,0.9451252631936289,-0.00035584572768502083,9.873415034241116e-05,-0.0018335939869405958,,91,91,candidate_knee,320.0,135.0,0.6207129251215016,0.03406145839835517
B2c42,w15_start50,15,,50,448,50.0,497.0,356.0,356.0,-9.933401901956652e-05,-0.0017513812902596863,17.631233564753927,-0.0016520472712401198,0.9570236339859227,-0.0004896473932137465,0.00014704425813886457,-0.0020696201723669587,,90,90,candidate_knee,306.0,142.0,0.862443854861895,0.03706470277313656
B2c43,primary_w15_full,15,,20,1042,20.0,1061.0,833.0,833.0,-5.380360338761858e-05,-0.0009263334343393078,17.216940428054638,-0.0008725298309516892,0.9533501499039972,-0.00016127587541617396,-4.970732294021845e-06,-0.0009791621937667596,196.98550150133198,209,209,candidate_knee,813.0,229.0,1.5111755243392933,0.07049611167917647
B2c43,w7_full,7,,20,1042,20.0,1061.0,833.0,833.0,-5.361247740400928e-05,-0.000927117455856345,17.29294188123104,-0.0008735049784523356,0.9527734233455563,-0.00016120486144906917,-4.4487616331038925e-06,-0.0009801753817366846,220.3254439264749,209,209,candidate_knee,813.0,229.0,1.5154720003068132,0.07157055459015282
B2c43,w15_first_eol,15,1029.0,20,1010,20.0,1029.0,809.0,809.0,-4.8963264673702834e-05,-0.0007678535707570441,15.68223801811652,-0.0007188903060833413,0.9457669149494329,-0.00013679388229712584,-6.606281861919073e-06,-0.000814359644118334,123.27049634569617,202,202,candidate_knee,789.0,221.0,0.9326911057179391,0.050582716062308464
B2c43,w15_start50,15,,50,1012,50.0,1061.0,835.0,835.0,-5.675303543949321e-05,-0.0009318838184945776,16.419981967098447,-0.0008751307830550843,0.953175975622992,-0.00016864284885755176,1.1369591967889872e-05,-0.0009970720743234132,,203,203,candidate_knee,785.0,227.0,1.4553022171120817,0.0681431064899698
B2c44,primary_w15_full,15,,20,855,20.0,874.0,701.0,701.0,-4.733437899710438e-05,-0.0013799015698011125,29.152206050607028,-0.0013325671908040082,0.9707778808215949,-0.00018968135956051846,2.5171625026998914e-06,-0.00139053196622027,,171,171,candidate_knee,681.0,174.0,1.6126283386990599,0.047124417503937366
B2c44,w7_full,7,,20,855,20.0,874.0,701.0,701.0,-4.717619044374238e-05,-0.001381978669683411,29.293986154550165,-0.0013348024792396687,0.9705693884079947,-0.00018976194812976593,3.2571176230588825e-06,-0.0013938826185350519,,171,171,candidate_knee,681.0,174.0,1.6183905983493099,0.047630225104171586
B2c44,w15_first_eol,15,841.0,20,822,20.0,841.0,691.0,691.0,-4.41786388909848e-05,-0.0012264392272594011,27.7609102056259,-0.0011822605883684164,0.9536609604311358,-0.00014856037344494616,1.3151037854298256e-06,-0.0011442856366842091,,165,165,candidate_knee,671.0,151.0,0.9079085269634557,0.04207160915586883
B2c44,w15_start50,15,,50,825,50.0,874.0,702.0,702.0,-5.1268430175796715e-05,-0.0013834147289905519,26.983754412742822,-0.0013321462988147553,0.9711456570798999,-0.00020163277572794158,1.4626333449095684e-05,-0.001418793314749018,,165,165,candidate_knee,652.0,173.0,1.5468380502940529,0.04463299554504374
B2c45,primary_w15_full,15,,20,1008,20.0,1027.0,773.0,773.0,-4.8426998782861294e-05,-0.0008460387371582068,17.47039375600593,-0.0007976117383753455,0.9451106306485443,-0.00017528628233814172,3.3733428890275303e-06,-0.0009762543646069995,,202,202,candidate_knee,753.0,255.0,1.544937670699482,0.08480065443200147
B2c45,w7_full,7,,20,1008,20.0,1027.0,773.0,773.0,-4.828367797625438e-05,-0.0008475093489584803,17.552708999825576,-0.0007992256709822259,0.9443911693098893,-0.00017539965576553927,3.452996176023812e-06,-0.0009794008365685107,,202,202,candidate_knee,753.0,255.0,1.5523779653507026,0.08632592344224577
B2c45,w15_first_eol,15,997.0,20,978,20.0,997.0,746.0,746.0,-4.1611212080563166e-05,-0.0007100918903905823,17.064917239511757,-0.0006684806783100191,0.9395797314886777,-0.00015149458195370773,1.7653990389596125e-06,-0.0008330469658974093,,196,196,candidate_knee,726.0,252.0,1.0337782669806348,0.062461160472139454
B2c45,w15_start50,15,,50,978,50.0,1027.0,775.0,775.0,-5.192735294776031e-05,-0.000849740221694446,16.364019605414843,-0.0007978128687466857,0.9443229453664774,-0.0001840062713033701,1.981909960235572e-05,-0.0009918686371594321,,196,196,candidate_knee,725.0,253.0,1.4765237380951275,0.08220849283361531
B2c46,primary_w15_full,15,,20,504,20.0,523.0,399.0,399.0,-0.0001642145909963988,-0.0016780991559358542,10.218940629780302,-0.0015138845649394555,0.9383520882629836,-0.0003957076160734793,-1.237169714618477e-05,-0.0018393509141525915,148.6740980173296,101,101,candidate_knee,379.0,125.0,0.6707351608416947,0.04134942199448233
B2c46,w7_full,7,,20,504,20.0,523.0,399.0,399.0,-0.0001637129385977642,-0.0016849614360356395,10.292170249142732,-0.0015212484974378752,0.9367574340320481,-0.0003963320066044098,-1.3945336051252173e-05,-0.001853756975771695,132.93024771570444,101,101,candidate_knee,379.0,125.0,0.678429231587316,0.04290560543324773
B2c46,w15_first_eol,15,503.0,20,484,20.0,503.0,386.0,386.0,-0.0001531262300800285,-0.0014048007074808778,9.174135004477584,-0.0012516744774008493,0.9155805096442815,-0.0003386141423059846,-9.69543972228006e-06,-0.0015517066477750898,160.044999734182,97,97,candidate_knee,366.0,118.0,0.40175861346871367,0.03391625739504889
B2c46,w15_start50,15,,50,474,50.0,523.0,402.0,402.0,-0.00018648358595911677,-0.0016971067301734051,9.10056893986083,-0.0015106231442142883,0.941920245897364,-0.00043336139145235106,-1.5463387458006533e-05,-0.0018851901959686453,121.91314491007878,95,95,candidate_knee,352.0,122.0,0.5957298533305719,0.03459984339303901
B3c0,primary_w15_full,15,,20,989,20.0,1008.0,841.0,841.0,-6.335946946939641e-05,-0.0007808284320030534,12.323784251069295,-0.0007174689625336569,0.9544374604727415,-0.00011812739930525182,-2.8471675637068806e-05,-0.0006881545043901249,24.16979292550592,198,198,candidate_knee,821.0,168.0,0.48418858728127734,0.022060861646650665
B3c0,w7_full,7,,20,989,20.0,1008.0,842.0,842.0,-6.353749039641174e-05,-0.0007878454952889325,12.399694894676323,-0.0007243080048925207,0.9539997035182597,-0.00011821077729456606,-2.8500640257123318e-05,-0.0006901378442589815,24.214818966619237,198,198,candidate_knee,822.0,167.0,0.4866731420050232,0.02238710882193118
B3c0,w15_first_eol,15,,20,989,20.0,1008.0,841.0,841.0,-6.335946946939641e-05,-0.0007808284320030534,12.323784251069295,-0.0007174689625336569,0.9544374604727415,-0.00011812739930525182,-2.8471675637068806e-05,-0.0006881545043901249,24.16979292550592,198,198,candidate_knee,821.0,168.0,0.48418858728127734,0.022060861646650665
B3c0,w15_start50,15,,50,959,50.0,1008.0,843.0,843.0,-6.547603151774932e-05,-0.0007879382604912347,12.033995375508356,-0.0007224622289734854,0.9556066737685956,-0.00012259892908375727,-3.2260113375878346e-05,-0.0007053796908188767,21.865381643274258,192,192,candidate_knee,793.0,166.0,0.4675280226822774,0.020755124033257744
B3c1,primary_w15_full,15,,20,1043,20.0,1062.0,869.0,869.0,-5.9430219035584014e-05,-0.0007002118773829332,11.782084749909458,-0.0006407816583473492,0.9756560714541392,-0.00011741099661819337,-3.252523174194225e-05,-0.0006668677291918608,20.503089247229408,209,209,candidate_knee,849.0,194.0,0.5491381304902906,0.013368179410463199
B3c1,w7_full,7,,20,1043,20.0,1062.0,869.0,869.0,-5.940214633378537e-05,-0.000701187146413407,11.804070891199467,-0.0006417850000796217,0.9754965983527815,-0.00011747371074379499,-3.263690007361056e-05,-0.0006682739858431044,20.47602512296979,209,209,candidate_knee,849.0,194.0,0.5509492216203307,0.013500130064585392
B3c1,w15_first_eol,15,,20,1043,20.0,1062.0,869.0,869.0,-5.9430219035584014e-05,-0.0007002118773829332,11.782084749909458,-0.0006407816583473492,0.9756560714541392,-0.00011741099661819337,-3.252523174194225e-05,-0.0006668677291918608,20.503089247229408,209,209,candidate_knee,849.0,194.0,0.5491381304902906,0.013368179410463199
B3c1,w15_start50,15,,50,1013,50.0,1062.0,870.0,870.0,-6.0847259333549984e-05,-0.0007019290615123822,11.535919106308086,-0.0006410818021788322,0.9763566012617181,-0.00012149924064794077,-3.591983870366182e-05,-0.000679748392466239,18.924037996778157,203,203,candidate_knee,820.0,193.0,0.5318586077965332,0.01257494513652091
B3c2,primary_w15_full,15,,20,1247,20.0,1266.0,988.0,988.0,-5.3186039377431134e-05,-0.00047645609047604977,8.958292364936431,-0.0004232700510986186,0.9862188942434097,-0.00010709246273322288,-3.6507367695483166e-05,-0.0004958942342303077,13.583401530526169,250,250,candidate_knee,968.0,279.0,0.6127955353112905,0.008445000079291276
B3c2,w7_full,7,,20,1247,20.0,1266.0,988.0,988.0,-5.3175180976516974e-05,-0.00047666864361094673,8.964118877591623,-0.0004234934626344298,0.9861879313388787,-0.00010711005736554487,-3.650638164450634e-05,-0.0004963181958892143,13.595381780705804,250,250,candidate_knee,968.0,279.0,0.6134618607920557,0.008473177342239069
B3c2,w15_first_eol,15,,20,1247,20.0,1266.0,988.0,988.0,-5.3186039377431134e-05,-0.00047645609047604977,8.958292364936431,-0.0004232700510986186,0.9862188942434097,-0.00010709246273322288,-3.6507367695483166e-05,-0.0004958942342303077,13.583401530526169,250,250,candidate_knee,968.0,279.0,0.6127955353112905,0.008445000079291276
B3c2,w15_start50,15,,50,1217,50.0,1266.0,989.0,989.0,-5.402346859972406e-05,-0.00047719240906653876,8.833057584698961,-0.0004231689404668147,0.9865630329714109,-0.00010999508636095062,-3.8932900016108474e-05,-0.0004994931501121396,12.829590138558249,244,244,candidate_knee,939.0,278.0,0.594824798124761,0.00799264120018961
B3c3,primary_w15_full,15,,20,1095,20.0,1114.0,905.0,905.0,-5.7147472222583824e-05,-0.0006314949463535592,11.050269098411704,-0.0005743474741309754,0.9707904414395804,-0.00011217430126813656,-2.9916360551601117e-05,-0.0006149202400744912,20.554647314597258,219,219,candidate_knee,885.0,210.0,0.5507793020713702,0.016088020277720716
B3c3,w7_full,7,,20,1095,20.0,1114.0,906.0,906.0,-5.730805575994337e-05,-0.000635484357226955,11.088918456576566,-0.0005781763014670116,0.9706622332731446,-0.00011221244431918794,-2.9905128703142916e-05,-0.0006158925841626011,20.594881576211815,219,219,candidate_knee,886.0,209.0,0.5521317417306372,0.016198312241385793
B3c3,w15_first_eol,15,,20,1095,20.0,1114.0,905.0,905.0,-5.7147472222583824e-05,-0.0006314949463535592,11.050269098411704,-0.0005743474741309754,0.9707904414395804,-0.00011217430126813656,-2.9916360551601117e-05,-0.0006149202400744912,20.554647314597258,219,219,candidate_knee,885.0,210.0,0.5507793020713702,0.016088020277720716
B3c3,w15_start50,15,,50,1065,50.0,1114.0,907.0,907.0,-5.870544203973398e-05,-0.0006359882501128515,10.833548441427142,-0.0005772828080731176,0.9715400188750576,-0.00011590842282280624,-3.310139392163225e-05,-0.000625850721324952,18.907080553968733,213,213,candidate_knee,857.0,208.0,0.5332154309227313,0.015175301099588978
B3c4,primary_w15_full,15,,20,1028,20.0,1047.0,817.0,817.0,-6.395715845691135e-05,-0.0006126567932382141,9.579174685363293,-0.0005486996347813028,0.9625840224864286,-0.00013434438362317847,-2.8207468830112542e-05,-0.0006539192073805627,23.182484444775106,206,206,candidate_knee,797.0,231.0,0.5961216952187327,0.022304475943656143
B3c4,w7_full,7,,20,1028,20.0,1047.0,817.0,817.0,-6.392601731884706e-05,-0.0006132337181914689,9.592866002160148,-0.0005493077008726218,0.9624150399153211,-0.00013439124524322198,-2.8265179778095823e-05,-0.0006550822748715627,23.176299603062155,206,206,candidate_knee,797.0,231.0,0.597548565496866,0.022458838982856832
B3c4,w15_first_eol,15,,20,1028,20.0,1047.0,817.0,817.0,-6.395715845691135e-05,-0.0006126567932382141,9.579174685363293,-0.0005486996347813028,0.9625840224864286,-0.00013434438362317847,-2.8207468830112542e-05,-0.0006539192073805627,23.182484444775106,206,206,candidate_knee,797.0,231.0,0.5961216952187327,0.022304475943656143
B3c4,w15_start50,15,,50,998,50.0,1047.0,819.0,819.0,-6.617747488437045e-05,-0.000615611733535987,9.302436132711675,-0.0005494342586516165,0.9633330751824161,-0.00013939505044145408,-3.311869091727298e-05,-0.0006644367373246832,20.062288663050616,200,200,candidate_knee,769.0,229.0,0.5712505507463158,0.020946000996218572
B3c5,primary_w15_full,15,,20,808,20.0,827.0,681.0,681.0,-8.413821629879262e-05,-0.0007670785388322834,9.1168861496686,-0.0006829403225334907,0.9362385683489274,-0.00014334929573332606,-3.3731676030716e-05,-0.0007104978465509673,21.063223953176514,162,162,candidate_knee,661.0,147.0,0.2865001044498159,0.0182676568279021
B3c5,w7_full,7,,20,808,20.0,827.0,682.0,682.0,-8.43508594375279e-05,-0.0007749660611090581,9.187411560198921,-0.0006906152016715302,0.9357104517675944,-0.00014346813756166413,-3.370751847759065e-05,-0.000713364866609932,21.1633753782317,162,162,candidate_knee,662.0,146.0,0.28848334554745036,0.01854646395781856
B3c5,w15_first_eol,15,,20,808,20.0,827.0,681.0,681.0,-8.413821629879262e-05,-0.0007670785388322834,9.1168861496686,-0.0006829403225334907,0.9362385683489274,-0.00014334929573332606,-3.3731676030716e-05,-0.0007104978465509673,21.063223953176514,162,162,candidate_knee,661.0,147.0,0.2865001044498159,0.0182676568279021
B3c5,w15_start50,15,,50,778,50.0,827.0,684.0,684.0,-8.786757543317098e-05,-0.0007787634456941225,8.862921753046695,-0.0006908958702609515,0.9387447538462115,-0.00014971062477354762,-4.072662641652577e-05,-0.0007318995239209115,17.971032425703847,156,156,candidate_knee,634.0,144.0,0.2716858124247453,0.016642181316569804
B3c6,primary_w15_full,15,,20,647,20.0,666.0,464.0,464.0,-0.00020958287705547863,-0.0003938822384060677,1.8793626842988858,-0.00018429936135058906,0.9655093792722327,-0.00025244272725440017,-0.00020409446803861867,-0.0004176134250092176,2.046177091532912,130,130,candidate_knee,444.0,203.0,0.03157540314739832,0.0010890552542832665
B3c6,w7_full,7,,20,647,20.0,666.0,465.0,465.0,-0.00020969020201811185,-0.00039556103245887186,1.8864068452025504,-0.00018587083044076,0.9630686061960786,-0.00025254536953895506,-0.00020409446803861867,-0.0004206029827117671,2.060825003018606,130,130,candidate_knee,445.0,202.0,0.031937497031287385,0.001179496279974046
B3c6,w15_first_eol,15,,20,647,20.0,666.0,464.0,464.0,-0.00020958287705547863,-0.0003938822384060677,1.8793626842988858,-0.00018429936135058906,0.9655093792722327,-0.00025244272725440017,-0.00020409446803861867,-0.0004176134250092176,2.046177091532912,130,130,candidate_knee,444.0,203.0,0.03157540314739832,0.0010890552542832665
B3c6,w15_start50,15,,50,617,50.0,666.0,465.0,465.0,-0.00021020482062473748,-0.0003944550461073961,1.876527117385126,-0.00018425022548265862,0.9631986669456256,-0.00025632273572334874,-0.0002050213601888277,-0.0004179627113453974,2.038630077180483,124,124,candidate_knee,415.0,202.0,0.029353737109808375,0.0010802566557686077
B3c7,primary_w15_full,15,,20,1816,20.0,1835.0,1424.0,1424.0,-4.176050876028228e-05,-0.00030837365424641103,7.384336623305223,-0.00026661314548612875,0.9692297601308051,-7.662512849997967e-05,-2.1204481384120153e-05,-0.00032727479416660554,15.4342277105489,364,364,candidate_knee,1404.0,412.0,0.7880292497747723,0.024247849039511493
B3c7,w7_full,7,,20,1816,20.0,1835.0,1424.0,1424.0,-4.1756813576944575e-05,-0.0003084814837327016,7.387572405740874,-0.00026672467015575704,0.9691026375909828,-7.66360172381921e-05,-2.11950394188625e-05,-0.00032747237457125686,15.450425361314647,364,364,candidate_knee,1404.0,412.0,0.7887921118851094,0.02437159574628822
B3c7,w15_first_eol,15,,20,1816,20.0,1835.0,1424.0,1424.0,-4.176050876028228e-05,-0.00030837365424641103,7.384336623305223,-0.00026661314548612875,0.9692297601308051,-7.662512849997967e-05,-2.1204481384120153e-05,-0.00032727479416660554,15.4342277105489,364,364,candidate_knee,1404.0,412.0,0.7880292497747723,0.024247849039511493
B3c7,w15_start50,15,,50,1786,50.0,1835.0,1425.0,1425.0,-4.235874382994414e-05,-0.00030833951556147353,7.279241254163512,-0.0002659807717315294,0.9700665800040289,-7.805317555364354e-05,-2.282202751410698e-05,-0.0003297042528238633,14.44675555754471,358,358,candidate_knee,1375.0,411.0,0.7681651533442946,0.02299381016132429
B3c8,primary_w15_full,15,,20,808,20.0,827.0,685.0,685.0,-7.335331275570595e-05,-0.0009111013317178012,12.420725083706996,-0.0008377480189620953,0.9500132303811544,-0.00014233203715398614,-2.957635545845729e-05,-0.0008275075340514081,27.97868504162788,162,162,candidate_knee,665.0,143.0,0.39813385476793917,0.019901425275747897
B3c8,w7_full,7,,20,808,20.0,827.0,685.0,685.0,-7.326617947276112e-05,-0.0009139176349564983,12.473936017044187,-0.0008406514554837372,0.9492871996342931,-0.0001424839678175963,-2.9590965774294677e-05,-0.000831183622927313,28.08910088528954,162,162,candidate_knee,665.0,143.0,0.40120492628084486,0.020346225332218637
B3c8,w15_first_eol,15,,20,808,20.0,827.0,685.0,685.0,-7.335331275570595e-05,-0.0009111013317178012,12.420725083706996,-0.0008377480189620953,0.9500132303811544,-0.00014233203715398614,-2.957635545845729e-05,-0.0008275075340514081,27.97868504162788,162,162,candidate_knee,665.0,143.0,0.39813385476793917,0.019901425275747897
B3c8,w15_start50,15,,50,778,50.0,827.0,687.0,687.0,-7.67721524684977e-05,-0.0009200693655161186,11.98441538933867,-0.0008432972130476209,0.9515735544165911,-0.00014934575624320665,-3.529303630415211e-05,-0.0008521074560936287,24.143784307766715,156,156,candidate_knee,637.0,141.0,0.3801255375767789,0.01840812866032593
B3c9,primary_w15_full,15,,20,1019,20.0,1038.0,846.0,846.0,-5.523809345938109e-05,-0.0007358007497100891,13.320531242649686,-0.0006805626562507081,0.9524349617717874,-0.00011892365354803268,-1.683832349760751e-05,-0.0007055036732371668,41.89868862760648,204,204,candidate_knee,826.0,193.0,0.6169887507203103,0.02934709351438869
B3c9,w7_full,7,,20,1019,20.0,1038.0,846.0,846.0,-5.5198569153635845e-05,-0.0007369062903410644,13.350097686228258,-0.0006817077211874286,0.952152174067135,-0.00011899128190657401,-1.6852604759313127e-05,-0.000707113685174322,41.95871767440313,204,204,candidate_knee,826.0,193.0,0.6192505594597117,0.029629792977857505
B3c9,w15_first_eol,15,,20,1019,20.0,1038.0,846.0,846.0,-5.523809345938109e-05,-0.0007358007497100891,13.320531242649686,-0.0006805626562507081,0.9524349617717874,-0.00011892365354803268,-1.683832349760751e-05,-0.0007055036732371668,41.89868862760648,204,204,candidate_knee,826.0,193.0,0.6169887507203103,0.02934709351438869
B3c9,w15_start50,15,,50,989,50.0,1038.0,848.0,848.0,-5.7604108605964946e-05,-0.000740868324329513,12.861379895613828,-0.000683264215723548,0.9535354365398544,-0.00012388918088421792,-1.9044553408482186e-05,-0.0007211514030079638,37.86654312863922,198,198,candidate_knee,798.0,191.0,0.5937990658826191,0.027590614379278122
B3c10,primary_w15_full,15,,20,1058,20.0,1077.0,875.0,875.0,-5.664871594855792e-05,-0.0006862494784123737,12.11412239309271,-0.0006296007624638158,0.9757379011356002,-0.00011701285255842403,-2.6619014273425748e-05,-0.0006673312968439267,25.069722341677235,212,212,candidate_knee,855.0,203.0,0.5945024575821349,0.014423877400986385
B3c10,w7_full,7,,20,1058,20.0,1077.0,875.0,875.0,-5.662612305169999e-05,-0.0006869490524752156,12.131309993587713,-0.0006303229294235157,0.9756753615777057,-0.00011705949875339827,-2.6617753997831242e-05,-0.0006682623797690912,25.105889092803988,212,212,candidate_knee,855.0,203.0,0.5959052508207231,0.014495179760160681
B3c10,w15_first_eol,15,,20,1058,20.0,1077.0,875.0,875.0,-5.664871594855792e-05,-0.0006862494784123737,12.11412239309271,-0.0006296007624638158,0.9757379011356002,-0.00011701285255842403,-2.6619014273425748e-05,-0.0006673312968439267,25.069722341677235,212,212,candidate_knee,855.0,203.0,0.5945024575821349,0.014423877400986385
B3c10,w15_start50,15,,50,1028,50.0,1077.0,876.0,876.0,-5.827235492441867e-05,-0.0006874027936703679,11.796379167479225,-0.0006291304387459492,0.9768403989123716,-0.00012131087453344897,-3.0098214196240787e-05,-0.0006789470498340694,22.55771872069635,206,206,candidate_knee,826.0,202.0,0.57426248187051,0.013299689999712427
B3c11,primary_w15_full,15,,20,797,20.0,816.0,643.0,643.0,-8.743924842362748e-05,-0.000740699633305472,8.471020127219244,-0.0006532603848818445,0.9436850311582046,-0.00016683335845058645,-3.95479539728115e-05,-0.0007816985782037383,19.765841204860862,160,160,candidate_knee,623.0,174.0,0.3769267666734273,0.021226619120852774
B3c11,w7_full,7,,20,797,20.0,816.0,644.0,644.0,-8.770957442644418e-05,-0.0007466828641302353,8.513128344459423,-0.0006589732897037911,0.9431668693407228,-0.00016695491031325742,-3.951173268487045e-05,-0.000784565997260635,19.85653232466455,160,160,candidate_knee,624.0,173.0,0.378979112054544,0.021538569392532736
B3c11,w15_first_eol,15,,20,797,20.0,816.0,643.0,643.0,-8.743924842362748e-05,-0.000740699633305472,8.471020127219244,-0.0006532603848818445,0.9436850311582046,-0.00016683335845058645,-3.95479539728115e-05,-0.0007816985782037383,19.765841204860862,160,160,candidate_knee,623.0,174.0,0.3769267666734273,0.021226619120852774
B3c11,w15_start50,15,,50,767,50.0,816.0,647.0,647.0,-9.207631883531445e-05,-0.0007536286745972873,8.184826284652083,-0.0006615523557619729,0.9450018318004,-0.0001747207311429667,-4.558373460821268e-05,-0.0008005225905599777,17.56158413610433,154,154,candidate_knee,597.0,170.0,0.35539486727917147,0.01954606668789438
B3c12,primary_w15_full,15,,20,912,20.0,931.0,754.0,754.0,-6.321335267795492e-05,-0.0008067585108777905,12.76246990074836,-0.0007435451581998356,0.9467005924432704,-0.00013674529217451984,-1.9827944436176713e-05,-0.0007895103522769104,39.81806358285046,183,183,candidate_knee,734.0,178.0,0.5686776066549195,0.03031017952548609
B3c12,w7_full,7,,20,912,20.0,931.0,755.0,755.0,-6.345226857665384e-05,-0.0008132897603157588,12.817347252655907,-0.000749837491739105,0.9463632104434789,-0.0001368348753172395,-1.9864870411128462e-05,-0.0007917141121067101,39.854984992159096,183,183,candidate_knee,735.0,177.0,0.5711526413585019,0.03063479402919711
B3c12,w15_first_eol,15,,20,912,20.0,931.0,754.0,754.0,-6.321335267795492e-05,-0.0008067585108777905,12.76246990074836,-0.0007435451581998356,0.9467005924432704,-0.00013674529217451984,-1.9827944436176713e-05,-0.0007895103522769104,39.81806358285046,183,183,candidate_knee,734.0,178.0,0.5686776066549195,0.03031017952548609
B3c12,w15_start50,15,,50,882,50.0,931.0,757.0,757.0,-6.659552357111491e-05,-0.0008176149131550552,12.277325401338038,-0.0007510193895839403,0.9477335465123864,-0.00014315416968995807,-2.1364234301691514e-05,-0.0008089600673897613,37.86515612804863,177,177,candidate_knee,707.0,175.0,0.5440691188508097,0.028436563294462758
B3c13,primary_w15_full,15,,20,796,20.0,815.0,630.0,630.0,-8.794529266079111e-05,-0.0006735674361187309,7.6589367746686605,-0.0005856221434579398,0.9410338464502549,-0.00016853313773996508,-4.010600960975018e-05,-0.0007375310470452948,18.389539478542225,160,160,candidate_knee,610.0,186.0,0.3498308774187314,0.02062818123431498
B3c13,w7_full,7,,20,796,20.0,815.0,631.0,631.0,-8.819974823123939e-05,-0.0006787205102897611,7.695265847134989,-0.0005905207620585217,0.9401752365524996,-0.0001686676216549475,-4.016357889956632e-05,-0.0007406811273438416,18.441611719812133,160,160,candidate_knee,611.0,185.0,0.35202999155171494,0.021060110971006907
B3c13,w15_first_eol,15,,20,796,20.0,815.0,630.0,630.0,-8.794529266079111e-05,-0.0006735674361187309,7.6589367746686605,-0.0005856221434579398,0.9410338464502549,-0.00016853313773996508,-4.010600960975018e-05,-0.0007375310470452948,18.389539478542225,160,160,candidate_knee,610.0,186.0,0.3498308774187314,0.02062818123431498
B3c13,w15_start50,15,,50,766,50.0,815.0,634.0,634.0,-9.256303513242448e-05,-0.0006837236310384067,7.38657316130833,-0.0005911605959059822,0.9419966949474945,-0.00017640295252269574,-4.657606150964783e-05,-0.00075383954049303,16.18512849861465,154,154,candidate_knee,584.0,182.0,0.3285017180315441,0.019054185361255804
B3c14,primary_w15_full,15,,20,838,20.0,857.0,670.0,670.0,-7.214954228884523e-05,-0.0007313297784701472,10.136305169370637,-0.000659180236181302,0.9403698753943462,-0.00015638268038864687,-2.3784518325985402e-05,-0.0007877669111375728,33.120994940516006,168,168,candidate_knee,650.0,188.0,0.47489981409320636,0.028318335089579705
B3c14,w7_full,7,,20,838,20.0,857.0,671.0,671.0,-7.241308110055378e-05,-0.0007370775426305435,10.178789956569142,-0.0006646644615299897,0.9395838253358514,-0.00015652203645533447,-2.382544214192083e-05,-0.0007909977336683353,33.199708486272996,168,168,candidate_knee,651.0,187.0,0.4777445756086366,0.02886349972482094
B3c14,w15_first_eol,15,,20,838,20.0,857.0,670.0,670.0,-7.214954228884523e-05,-0.0007313297784701472,10.136305169370637,-0.000659180236181302,0.9403698753943462,-0.00015638268038864687,-2.3784518325985402e-05,-0.0007877669111375728,33.120994940516006,168,168,candidate_knee,650.0,188.0,0.47489981409320636,0.028318335089579705
B3c14,w15_start50,15,,50,808,50.0,857.0,673.0,673.0,-7.631156970190838e-05,-0.0007390694754070802,9.6848941555529,-0.0006627579057051718,0.9411194260210618,-0.00016419821297691844,-2.9737969066883396e-05,-0.0008064228544825356,27.117616965328644,162,162,candidate_knee,623.0,185.0,0.448960643242031,0.026435060368044105
B3c15,primary_w15_full,15,,20,856,20.0,875.0,673.0,673.0,-7.985979001123737e-05,-0.0006323026651424563,7.9176600020295895,-0.0005524428751312189,0.9366394768535635,-0.00015798129518956248,-3.288076271806014e-05,-0.0007023808304384432,21.361451875708845,172,172,candidate_knee,653.0,203.0,0.4013024001613924,0.025426730014146415
B3c15,w7_full,7,,20,856,20.0,875.0,674.0,674.0,-8.007891051299683e-05,-0.0006367786758833306,7.951889852197493,-0.0005566997653703338,0.9358213791485572,-0.00015809885994562075,-3.2867252719781675e-05,-0.0007052500222334638,21.457528812835577,172,172,candidate_knee,654.0,202.0,0.4037019100879824,0.025909031824539852
B3c15,w15_first_eol,15,,20,856,20.0,875.0,673.0,673.0,-7.985979001123737e-05,-0.0006323026651424563,7.9176600020295895,-0.0005524428751312189,0.9366394768535635,-0.00015798129518956248,-3.288076271806014e-05,-0.0007023808304384432,21.361451875708845,172,172,candidate_knee,653.0,203.0,0.4013024001613924,0.025426730014146415
B3c15,w15_start50,15,,50,826,50.0,875.0,677.0,677.0,-8.404715423500414e-05,-0.000640867644232998,7.6250962934577045,-0.0005568204899979939,0.9373497837477704,-0.00016506226863870465,-3.794556000813259e-05,-0.0007177145246637066,18.914321583602515,166,166,candidate_knee,627.0,199.0,0.3780857247113999,0.02368715241505015
B3c16,primary_w15_full,15,,20,1618,20.0,1637.0,1299.0,1299.0,-4.7000811296924915e-05,-0.00036555992794416785,7.777736550860029,-0.0003185591166472429,0.9843467952317839,-8.29952599989406e-05,-3.1326045725172703e-05,-0.00037125274511832623,11.851248267188677,324,324,candidate_knee,1279.0,339.0,0.6591312954523278,0.010317517136854804
B3c16,w7_full,7,,20,1618,20.0,1637.0,1299.0,1299.0,-4.699940070423237e-05,-0.0003657291213264594,7.7815698891140315,-0.00031872972062222706,0.9842875176491194,-8.301312619258046e-05,-3.134463874114647e-05,-0.0003715448527233115,11.853537563206313,324,324,candidate_knee,1279.0,339.0,0.6598772164929453,0.01036830911789366
B3c16,w15_first_eol,15,,20,1618,20.0,1637.0,1299.0,1299.0,-4.7000811296924915e-05,-0.00036555992794416785,7.777736550860029,-0.0003185591166472429,0.9843467952317839,-8.29952599989406e-05,-3.1326045725172703e-05,-0.00037125274511832623,11.851248267188677,324,324,candidate_knee,1279.0,339.0,0.6591312954523278,0.010317517136854804
B3c16,w15_start50,15,,50,1588,50.0,1637.0,1299.0,1299.0,-4.7484250797915416e-05,-0.00036476339998071694,7.681776459590476,-0.00031727914918280154,0.9850469090694952,-8.458744046337876e-05,-3.354012427234606e-05,-0.000373607134409823,11.139110021660333,318,318,candidate_knee,1249.0,339.0,0.6436327416711177,0.009624298912058293
B3c17,primary_w15_full,15,,20,1295,20.0,1314.0,1025.0,1025.0,-5.272330850316849e-05,-0.00045892391750314656,8.704383896461406,-0.00040620060899997806,0.9857231353558983,-0.00010454722295968418,-3.161882415510328e-05,-0.00047874275501274345,15.14106763313886,259,259,candidate_knee,1005.0,290.0,0.633705585030916,0.009047328861697679
B3c17,w7_full,7,,20,1295,20.0,1314.0,1025.0,1025.0,-5.269320986356016e-05,-0.0004592659604724912,8.715847101774212,-0.00040657275060893103,0.9855854880203024,-0.00010456460291681071,-3.1421840918352566e-05,-0.00047935609524385106,15.255506400450056,259,259,candidate_knee,1005.0,290.0,0.6349559244008727,0.009152579778856307
B3c17,w15_first_eol,15,,20,1295,20.0,1314.0,1025.0,1025.0,-5.272330850316849e-05,-0.00045892391750314656,8.704383896461406,-0.00040620060899997806,0.9857231353558983,-0.00010454722295968418,-3.161882415510328e-05,-0.00047874275501274345,15.14106763313886,259,259,candidate_knee,1005.0,290.0,0.633705585030916,0.009047328861697679
B3c17,w15_start50,15,,50,1265,50.0,1314.0,1026.0,1026.0,-5.3681794088572225e-05,-0.0004593282263290705,8.556499165642682,-0.0004056464322404983,0.9865336824357037,-0.0001073544054484941,-3.556571142539995e-05,-0.0004820687385643,13.55431170202942,253,253,candidate_knee,976.0,289.0,0.6141080310439948,0.008269773764823185
B3c18,primary_w15_full,15,,20,1126,20.0,1145.0,906.0,906.0,-6.180481698397581e-05,-0.0005686060901227753,9.200028701164154,-0.0005068012731387994,0.9801866176514177,-0.00012083582865594648,-3.908129460839741e-05,-0.0005845196768209166,14.956507523047117,226,226,candidate_knee,886.0,240.0,0.5855753922877054,0.011602229141317366
B3c18,w7_full,7,,20,1126,20.0,1145.0,906.0,906.0,-6.178027145152488e-05,-0.000569065298009195,9.21111682805902,-0.0005072850265576701,0.9801510942659925,-0.00012086762957570318,-3.909199428222426e-05,-0.0005853081027796187,14.972582328596305,226,226,candidate_knee,886.0,240.0,0.5867150794577817,0.01164565230487824
B3c18,w15_first_eol,15,,20,1126,20.0,1145.0,906.0,906.0,-6.180481698397581e-05,-0.0005686060901227753,9.200028701164154,-0.0005068012731387994,0.9801866176514177,-0.00012083582865594648,-3.908129460839741e-05,-0.0005845196768209166,14.956507523047117,226,226,candidate_knee,886.0,240.0,0.5855753922877054,0.011602229141317366
B3c18,w15_start50,15,,50,1096,50.0,1145.0,907.0,907.0,-6.297292253566503e-05,-0.0005695286324732065,9.044024154201374,-0.0005065557099375415,0.9806676991419575,-0.00012449508862678,-4.064994477722133e-05,-0.0005913090570654163,14.546368028444734,220,220,candidate_knee,857.0,239.0,0.5666919928185712,0.01095546009901227
B3c19,primary_w15_full,15,,20,1135,20.0,1154.0,906.0,906.0,-6.054340763458694e-05,-0.0005630336003003117,9.299668160380598,-0.0005024901926657248,0.9865092296641459,-0.00012225770268437194,-3.895826970939882e-05,-0.000583578986107036,14.97959202141479,227,227,candidate_knee,886.0,249.0,0.6238217402777818,0.008415835828600393
B3c19,w7_full,7,,20,1135,20.0,1154.0,906.0,906.0,-6.0517853397479335e-05,-0.0005634976200388354,9.311262518480307,-0.000502979766641356,0.9864331337846294,-0.00012229227641239016,-3.8925527680258624e-05,-0.0005844421818632289,15.014367606367305,227,227,candidate_knee,886.0,249.0,0.6250861229367598,0.008480459802967744
B3c19,w15_first_eol,15,,20,1135,20.0,1154.0,906.0,906.0,-6.054340763458694e-05,-0.0005630336003003117,9.299668160380598,-0.0005024901926657248,0.9865092296641459,-0.00012225770268437194,-3.895826970939882e-05,-0.000583578986107036,14.97959202141479,227,227,candidate_knee,886.0,249.0,0.6238217402777818,0.008415835828600393
B3c19,w15_start50,15,,50,1105,50.0,1154.0,907.0,907.0,-6.163326561359871e-05,-0.0005640176439588222,9.151188702134547,-0.0005023843783452236,0.9869752974718564,-0.00012595346626630835,-4.04040690628926e-05,-0.0005884190460159872,14.563361059007685,221,221,candidate_knee,857.0,248.0,0.603928948628671,0.007865994904022955
B3c20,primary_w15_full,15,,20,793,20.0,812.0,678.0,678.0,-7.158631317507752e-05,-0.001012389086014849,14.142215754831023,-0.0009408027728397714,0.958034590766998,-0.00014359762782780952,-2.7584848041556902e-05,-0.0008914630514091235,32.31712750659796,159,159,candidate_knee,658.0,135.0,0.4290495766141953,0.01800524106386092
B3c20,w7_full,7,,20,793,20.0,812.0,678.0,678.0,-7.150635974157774e-05,-0.0010152244355531152,14.197680307347651,-0.0009437180758115375,0.9576467150101432,-0.00014374081871920883,-2.760889449486477e-05,-0.0008949032435962503,32.41358482364086,159,159,candidate_knee,658.0,135.0,0.43188757905790254,0.018291857719418658
B3c20,w15_first_eol,15,,20,793,20.0,812.0,678.0,678.0,-7.158631317507752e-05,-0.001012389086014849,14.142215754831023,-0.0009408027728397714,0.958034590766998,-0.00014359762782780952,-2.7584848041556902e-05,-0.0008914630514091235,32.31712750659796,159,159,candidate_knee,658.0,135.0,0.4290495766141953,0.01800524106386092
B3c20,w15_start50,15,,50,763,50.0,812.0,679.0,679.0,-7.468976388178658e-05,-0.001015171620166096,13.591844014567169,-0.0009404818562843095,0.9595975060446487,-0.00015098811355476925,-3.2936511063755556e-05,-0.0009192220317840055,27.90890723078281,153,153,candidate_knee,629.0,134.0,0.4105311541759442,0.01658648247507699
B3c21,primary_w15_full,15,,20,752,20.0,771.0,597.0,597.0,-0.0001544075991399257,-0.0004679625534432471,3.030696390915157,-0.00031355495430332144,0.9343404395336775,-0.00019722289046663455,-0.00016235605298013222,-0.0005035290553851516,3.101387636263671,151,151,candidate_knee,577.0,175.0,0.08440919925554144,0.00554227092243309
B3c21,w7_full,7,,20,752,20.0,771.0,598.0,598.0,-0.0001545115035707714,-0.0004717146107342968,3.052941689343123,-0.0003172031071635254,0.9311954992953624,-0.00019737483860235775,-0.00016247553990937587,-0.0005070590165562913,3.120832937924774,151,151,candidate_knee,578.0,174.0,0.0856382590710927,0.005892297656600931
B3c21,w15_first_eol,15,,20,752,20.0,771.0,597.0,597.0,-0.0001544075991399257,-0.0004679625534432471,3.030696390915157,-0.00031355495430332144,0.9343404395336775,-0.00019722289046663455,-0.00016235605298013222,-0.0005035290553851516,3.101387636263671,151,151,candidate_knee,577.0,175.0,0.08440919925554144,0.00554227092243309
B3c21,w15_start50,15,,50,722,50.0,771.0,597.0,597.0,-0.00015431366905421765,-0.00046809423293510123,3.0333944867232576,-0.00031378056388088355,0.9320854838360134,-0.00020044091268866612,-0.0001605183463234134,-0.0005143232220516453,3.204139799792004,145,145,candidate_knee,547.0,175.0,0.081583524883418,0.005540705619409891
B3c22,primary_w15_full,15,,20,982,20.0,1001.0,853.0,853.0,-5.453631984494761e-05,-0.0007755928330823034,14.221583621472698,-0.0007210565132373558,0.9413806621471421,-9.901636641239748e-05,-2.8333810340010474e-05,-0.000625420429164744,22.073290590273388,197,197,candidate_knee,833.0,149.0,0.3686479243805434,0.02160989722801787
B3c22,w7_full,7,,20,982,20.0,1001.0,853.0,853.0,-5.447054302205994e-05,-0.0007784156024552294,14.290579077575565,-0.0007239450594331695,0.9401126102977777,-9.912877627383025e-05,-2.8412371095184738e-05,-0.0006281647485159269,22.10884640396615,197,197,candidate_knee,833.0,149.0,0.3721086764335589,0.022284617317154698
B3c22,w15_first_eol,15,,20,982,20.0,1001.0,853.0,853.0,-5.453631984494761e-05,-0.0007755928330823034,14.221583621472698,-0.0007210565132373558,0.9413806621471421,-9.901636641239748e-05,-2.8333810340010474e-05,-0.000625420429164744,22.073290590273388,197,197,candidate_knee,833.0,149.0,0.3686479243805434,0.02160989722801787
B3c22,w15_start50,15,,50,952,50.0,1001.0,858.0,858.0,-5.678686017899687e-05,-0.0008051374677366187,14.178235338223647,-0.0007483506075576218,0.9442362416777849,-0.00010267044944440775,-2.9490479815376e-05,-0.0006447259208804078,21.862171280924873,191,191,candidate_knee,808.0,144.0,0.3578418164378105,0.019954604569420553
B3c23,primary_w15_full,15,,20,2170,20.0,2189.0,1855.0,1855.0,-3.685927737686255e-05,-0.00018131331169493473,4.919068538461078,-0.00014445403431807217,0.9680914994979752,-4.609836415232537e-05,-3.1955006959967604e-05,-0.00015335689398389426,4.799150698856544,434,434,candidate_knee,1835.0,335.0,0.162739748565336,0.005192781348796416
B3c23,w7_full,7,,20,2170,20.0,2189.0,1855.0,1855.0,-3.684938955798773e-05,-0.00018141535497319644,4.923157673689919,-0.0001445659654152087,0.9676471135325158,-4.6095635296675575e-05,-3.184216869141227e-05,-0.00015343698627897344,4.818672615108496,434,434,candidate_knee,1835.0,335.0,0.16306689915478792,0.005275684874959552
B3c23,w15_first_eol,15,,20,2170,20.0,2189.0,1855.0,1855.0,-3.685927737686255e-05,-0.00018131331169493473,4.919068538461078,-0.00014445403431807217,0.9680914994979752,-4.609836415232537e-05,-3.1955006959967604e-05,-0.00015335689398389426,4.799150698856544,434,434,candidate_knee,1835.0,335.0,0.162739748565336,0.005192781348796416
B3c23,w15_start50,15,,50,2140,50.0,2189.0,1856.0,1856.0,-3.6991851002945886e-05,-0.0001815772080327148,4.90857318868025,-0.0001445853570297689,0.9686405010453245,-4.643176767848888e-05,-3.3213422535791155e-05,-0.00015484251208535603,4.662046253092286,428,428,candidate_knee,1806.0,334.0,0.16051826735738814,0.00503377243740033
B3c24,primary_w15_full,15,,20,805,20.0,824.0,683.0,683.0,-7.42015006184541e-05,-0.0007987505057605854,10.764613910812663,-0.0007245490051421313,0.9352665264536042,-0.00013349068158391197,-2.237763946399841e-05,-0.000722616714889579,32.291909790223364,161,161,candidate_knee,663.0,142.0,0.29681224475272383,0.019213687593946815
B3c24,w7_full,7,,20,805,20.0,824.0,684.0,684.0,-7.439680896815737e-05,-0.0008077237323882971,10.85696743705784,-0.0007333269234201398,0.9344838209056356,-0.00013361460264503676,-2.2389556590752337e-05,-0.0007258753433114791,32.420264348213614,161,161,candidate_knee,664.0,141.0,0.299245011281298,0.019605389752200608
B3c24,w15_first_eol,15,,20,805,20.0,824.0,683.0,683.0,-7.42015006184541e-05,-0.0007987505057605854,10.764613910812663,-0.0007245490051421313,0.9352665264536042,-0.00013349068158391197,-2.237763946399841e-05,-0.000722616714889579,32.291909790223364,161,161,candidate_knee,663.0,142.0,0.29681224475272383,0.019213687593946815
B3c24,w15_start50,15,,50,775,50.0,824.0,686.0,686.0,-7.810134586703731e-05,-0.000811732615466643,10.393324294930428,-0.0007336312695996058,0.9381524413150026,-0.00014001654706331234,-3.2226783861300114e-05,-0.0007449565964680482,23.116070150662395,155,155,candidate_knee,636.0,139.0,0.2814484923992918,0.01740690215046925
B3c25,primary_w15_full,15,,20,969,20.0,988.0,823.0,823.0,-6.0758099882533596e-05,-0.0007789797540776938,12.82100255906177,-0.0007182216541951602,0.9650941494036565,-0.00011645429369006113,-2.5695255430964053e-05,-0.0006968133590989963,27.11836669501646,194,194,candidate_knee,803.0,166.0,0.4604740265006213,0.016073237572527432
B3c25,w7_full,7,,20,969,20.0,988.0,824.0,824.0,-6.09403017676224e-05,-0.0007860852142199002,12.899266846715017,-0.0007251449124522778,0.964708340742066,-0.00011653900226784074,-2.5760521257493685e-05,-0.0006988100971636132,27.127172240753115,194,194,candidate_knee,804.0,165.0,0.46284500935233674,0.01633456835929792
B3c25,w15_first_eol,15,,20,969,20.0,988.0,823.0,823.0,-6.0758099882533596e-05,-0.0007789797540776938,12.82100255906177,-0.0007182216541951602,0.9650941494036565,-0.00011645429369006113,-2.5695255430964053e-05,-0.0006968133590989963,27.11836669501646,194,194,candidate_knee,803.0,166.0,0.4604740265006213,0.016073237572527432
B3c25,w15_start50,15,,50,939,50.0,988.0,825.0,825.0,-6.298737807093713e-05,-0.00078603947938909,12.479317340433555,-0.0007230521013181529,0.9668052176231422,-0.00012111788468429179,-3.1190241318964775e-05,-0.0007138347001573036,22.886475704285964,188,188,candidate_knee,775.0,164.0,0.44379220004580594,0.014731585501067457
B3c26,primary_w15_full,15,,20,1008,20.0,1027.0,797.0,797.0,-6.258362631796943e-05,-0.0006206099189251755,9.91649022976129,-0.000558026292607206,0.9719206023609686,-0.00013677645260595718,-2.966834252868712e-05,-0.0006612067104413552,22.28660767961731,202,202,candidate_knee,777.0,231.0,0.6001912905875308,0.016853009907890737
B3c26,w7_full,7,,20,1008,20.0,1027.0,797.0,797.0,-6.254661890332995e-05,-0.0006212432304512887,9.93248302376604,-0.0005586966115479588,0.971698559375572,-0.00013682856797529144,-2.971913749789803e-05,-0.0006624891069235589,22.29166667338227,202,202,candidate_knee,777.0,231.0,0.6017715738930272,0.017031002468002043
B3c26,w15_first_eol,15,,20,1008,20.0,1027.0,797.0,797.0,-6.258362631796943e-05,-0.0006206099189251755,9.91649022976129,-0.000558026292607206,0.9719206023609686,-0.00013677645260595718,-2.966834252868712e-05,-0.0006612067104413552,22.28660767961731,202,202,candidate_knee,777.0,231.0,0.6001912905875308,0.016853009907890737
B3c26,w15_start50,15,,50,978,50.0,1027.0,799.0,799.0,-6.483401010381775e-05,-0.0006237012534932137,9.619970328759397,-0.0005588672433893959,0.9728078156551961,-0.0001421000903680046,-3.445743953653308e-05,-0.0006694454212719839,19.428182426677775,196,196,candidate_knee,749.0,229.0,0.5746799539876879,0.01562680324809662
B3c27,primary_w15_full,15,,20,830,20.0,849.0,677.0,677.0,-7.367222016050511e-05,-0.0007547375999657873,10.244534484253185,-0.0006810653798052823,0.9564332130061948,-0.00014969732092848625,-3.247189944317285e-05,-0.0007727284085498225,23.796834241314674,166,166,candidate_knee,657.0,173.0,0.41249776560328993,0.017971202289459143
B3c27,w7_full,7,,20,830,20.0,849.0,677.0,677.0,-7.360989939917736e-05,-0.000756157284009516,10.272494463128782,-0.0006825473846103386,0.9560036304809781,-0.00014980043151631303,-3.2539842724190196e-05,-0.0007751652038092491,23.82203289608986,166,166,candidate_knee,657.0,173.0,0.41448108139887346,0.018235662815868636
B3c27,w15_first_eol,15,,20,830,20.0,849.0,677.0,677.0,-7.367222016050511e-05,-0.0007547375999657873,10.244534484253185,-0.0006810653798052823,0.9564332130061948,-0.00014969732092848625,-3.247189944317285e-05,-0.0007727284085498225,23.796834241314674,166,166,candidate_knee,657.0,173.0,0.41249776560328993,0.017971202289459143
B3c27,w15_start50,15,,50,800,50.0,849.0,679.0,679.0,-7.691862688670949e-05,-0.0007598880425419135,9.879116064579826,-0.000682969415655204,0.9575343727439636,-0.00015676098437489747,-4.031697234266968e-05,-0.0007901042351166062,19.597310740528876,160,160,candidate_knee,629.0,171.0,0.3921181823562551,0.01665154457225526
B3c28,primary_w15_full,15,,20,521,20.0,540.0,379.0,379.0,-0.00023760311064200572,-0.0004886256477167938,2.0564783280678567,-0.0002510225370747881,0.951848006919261,-0.0002950099610819496,-0.0002178165716359115,-0.0005575129301264774,2.559552406592741,105,105,candidate_knee,359.0,162.0,0.030537949403656717,0.0014704631283848357
B3c28,w7_full,7,,20,521,20.0,540.0,380.0,380.0,-0.00023778145491740147,-0.0004917222614441446,2.0679588389891674,-0.0002539408065267432,0.9483102239329305,-0.00029523123614215343,-0.00021773432407215442,-0.0005626130142027783,2.5839426861165693,105,105,candidate_knee,360.0,161.0,0.03104725640294033,0.0016048257309648761
B3c28,w15_first_eol,15,,20,521,20.0,540.0,379.0,379.0,-0.00023760311064200572,-0.0004886256477167938,2.0564783280678567,-0.0002510225370747881,0.951848006919261,-0.0002950099610819496,-0.0002178165716359115,-0.0005575129301264774,2.559552406592741,105,105,candidate_knee,359.0,162.0,0.030537949403656717,0.0014704631283848357
B3c28,w15_start50,15,,50,491,50.0,540.0,381.0,381.0,-0.0002404843885612658,-0.0004898996575284521,2.0371370485184124,-0.00024941526896718626,0.9494801294956512,-0.00030234344310328513,-0.000232042700061843,-0.0005679922473098329,2.4477919243245063,99,99,candidate_knee,331.0,160.0,0.02727280636020884,0.001377818645607931
B3c29,primary_w15_full,15,,20,838,20.0,857.0,668.0,668.0,-8.185895780796391e-05,-0.0006835411087584352,8.350229798453832,-0.0006016821509504713,0.9459730926666127,-0.0001602468479430841,-3.45286365983166e-05,-0.000737207204863308,21.350602789200472,168,168,candidate_knee,648.0,190.0,0.4023089866589847,0.021735510341613917
B3c29,w7_full,7,,20,838,20.0,857.0,669.0,669.0,-8.210943341435997e-05,-0.000688517287211196,8.385361566638,-0.0006064078537968361,0.9453924373913943,-0.00016035460648553194,-3.458619578256842e-05,-0.0007397213917093961,21.387763961083532,168,168,candidate_knee,649.0,189.0,0.40432974876739447,0.022079462070337286
B3c29,w15_first_eol,15,,20,838,20.0,857.0,668.0,668.0,-8.185895780796391e-05,-0.0006835411087584352,8.350229798453832,-0.0006016821509504713,0.9459730926666127,-0.0001602468479430841,-3.45286365983166e-05,-0.000737207204863308,21.350602789200472,168,168,candidate_knee,648.0,190.0,0.4023089866589847,0.021735510341613917
B3c29,w15_start50,15,,50,808,50.0,857.0,671.0,671.0,-8.584018910268144e-05,-0.000690260367030845,8.041226076577725,-0.0006044201779281636,0.9473305933402666,-0.00016757851684627825,-4.3900573697959645e-05,-0.0007530210699431665,17.152875384363472,162,162,candidate_knee,621.0,187.0,0.37947309463910217,0.019986622737974358
B3c30,primary_w15_full,15,,20,915,20.0,934.0,762.0,762.0,-6.105068227936557e-05,-0.0007790804167286563,12.761207371338037,-0.0007180297344492907,0.9493438801052685,-0.00012798756104255883,-2.7517467083878225e-05,-0.0007453635854291824,27.086925666420502,183,183,candidate_knee,742.0,173.0,0.4965153218022769,0.025151539670787315
B3c30,w7_full,7,,20,915,20.0,934.0,762.0,762.0,-6.099017757795284e-05,-0.0007808945727881642,12.803612053598078,-0.0007199043952102114,0.9486553962914065,-0.00012810181782253722,-2.757759569368618e-05,-0.0007480606945184183,27.12566761901165,183,183,candidate_knee,742.0,173.0,0.49947357899847755,0.025645272976589695
B3c30,w15_first_eol,15,,20,915,20.0,934.0,762.0,762.0,-6.105068227936557e-05,-0.0007790804167286563,12.761207371338037,-0.0007180297344492907,0.9493438801052685,-0.00012798756104255883,-2.7517467083878225e-05,-0.0007453635854291824,27.086925666420502,183,183,candidate_knee,742.0,173.0,0.4965153218022769,0.025151539670787315
B3c30,w15_start50,15,,50,885,50.0,934.0,764.0,764.0,-6.356088993282111e-05,-0.0007855728664235916,12.359374880589002,-0.0007220119764907705,0.9497964193895622,-0.00013362950447805735,-3.218688085386341e-05,-0.0007639902201312304,23.736075067352427,177,177,candidate_knee,714.0,171.0,0.47718451091205694,0.02395637105962578
B3c31,primary_w15_full,15,,20,711,20.0,730.0,597.0,597.0,-7.79579909446603e-05,-0.0010384760587672465,13.320970001708035,-0.0009605180678225861,0.9551278582697466,-0.0001668301383774605,-2.8422588151285517e-05,-0.0009888809399931054,34.79207926912101,143,143,candidate_knee,577.0,134.0,0.4105045139272158,0.018420216729850836
B3c31,w7_full,7,,20,711,20.0,730.0,598.0,598.0,-7.830237780293352e-05,-0.00105092337909276,13.421346944758914,-0.0009726210012898265,0.9544984331206082,-0.00016704620285165712,-2.8534687612857e-05,-0.000993979148055583,34.83406447413574,143,143,candidate_knee,578.0,133.0,0.413940893997441,0.018834959272339802
B3c31,w15_first_eol,15,,20,711,20.0,730.0,597.0,597.0,-7.79579909446603e-05,-0.0010384760587672465,13.320970001708035,-0.0009605180678225861,0.9551278582697466,-0.0001668301383774605,-2.8422588151285517e-05,-0.0009888809399931054,34.79207926912101,143,143,candidate_knee,577.0,134.0,0.4105045139272158,0.018420216729850836
B3c31,w15_start50,15,,50,681,50.0,730.0,599.0,599.0,-8.253064643782589e-05,-0.0010493104948162094,12.7141921226402,-0.0009667798483783835,0.9564901222895683,-0.0001767526682907534,-3.2828584296302014e-05,-0.001020655701971363,31.09045741233304,137,137,candidate_knee,549.0,132.0,0.38912689922137667,0.016930863798961582
B3c32,primary_w15_full,15,,20,2218,20.0,2237.0,1904.0,1904.0,-3.592533998511532e-05,-9.751152887797812e-05,2.7142827018026647,-6.158618889286281e-05,0.9269640902202388,-3.9683703219189103e-05,-3.125573678759035e-05,-8.300856534313498e-05,2.6557865491141572,444,444,candidate_knee,1884.0,334.0,0.031029402208466887,0.0022662606202175084
B3c32,w7_full,7,,20,2218,20.0,2237.0,1904.0,1904.0,-3.593151875508514e-05,-9.755391484102598e-05,2.71499558663158,-6.162239608594085e-05,0.9266813494772436,-3.969209157195229e-05,-3.1220682876804856e-05,-8.304743850489337e-05,2.660013518365185,444,444,candidate_knee,1884.0,334.0,0.031075376532777685,0.0022784046718697937
B3c32,w15_first_eol,15,,20,2218,20.0,2237.0,1904.0,1904.0,-3.592533998511532e-05,-9.751152887797812e-05,2.7142827018026647,-6.158618889286281e-05,0.9269640902202388,-3.9683703219189103e-05,-3.125573678759035e-05,-8.300856534313498e-05,2.6557865491141572,444,444,candidate_knee,1884.0,334.0,0.031029402208466887,0.0022662606202175084
B3c32,w15_start50,15,,50,2188,50.0,2237.0,1906.0,1906.0,-3.6027337477455594e-05,-9.776517078408162e-05,2.713638520894279,-6.173783330662602e-05,0.9291419273609781,-3.9849430156019254e-05,-3.2358151546437906e-05,-8.370848905915429e-05,2.586936677733967,438,438,candidate_knee,1856.0,332.0,0.03042934199989436,0.002156164525786153
B3c33,primary_w15_full,15,,20,1264,20.0,1283.0,1088.0,1088.0,-5.3377144468213855e-05,-0.0006232396477559804,11.6761519179266,-0.0005698625032877666,0.9770267219989858,-9.005690115671393e-05,-3.4482331408178745e-05,-0.0005182953928930821,15.030752612340748,253,253,candidate_knee,1068.0,196.0,0.5000736882957395,0.011488331862210543
B3c33,w7_full,7,,20,1264,20.0,1283.0,1088.0,1088.0,-5.335784837957213e-05,-0.0006240431555970113,11.695433278301456,-0.0005706853072174392,0.9768462985048846,-9.0090565646753e-05,-3.446714091568595e-05,-0.0005191215187380234,15.061345529294307,253,253,candidate_knee,1068.0,196.0,0.5016114380862721,0.011614161503985088
B3c33,w15_first_eol,15,,20,1264,20.0,1283.0,1088.0,1088.0,-5.3377144468213855e-05,-0.0006232396477559804,11.6761519179266,-0.0005698625032877666,0.9770267219989858,-9.005690115671393e-05,-3.4482331408178745e-05,-0.0005182953928930821,15.030752612340748,253,253,candidate_knee,1068.0,196.0,0.5000736882957395,0.011488331862210543
B3c33,w15_start50,15,,50,1234,50.0,1283.0,1090.0,1090.0,-5.432854292144205e-05,-0.0006289605148528055,11.576981104799174,-0.0005746319719313634,0.977854324231214,-9.228513074481814e-05,-3.655048879233732e-05,-0.0005289065281091429,14.470573324316971,247,247,candidate_knee,1040.0,194.0,0.48888503359392427,0.010826689442183124
B3c34,primary_w15_full,15,,20,1138,20.0,1157.0,923.0,923.0,-5.896638046492681e-05,-0.0005566168829084797,9.439563332864823,-0.0004976505024435529,0.9888181450872283,-0.00011365122916488466,-3.9476272303597307e-05,-0.0005627230432393382,14.254715817938555,228,228,candidate_knee,903.0,235.0,0.5387623055574803,0.006024361933214095
B3c34,w7_full,7,,20,1138,20.0,1157.0,923.0,923.0,-5.89454207128667e-05,-0.0005571506920179618,9.451975832557695,-0.0004982052713050951,0.9887430524802132,-0.0001136912307724678,-3.9495387459665643e-05,-0.0005636570773289244,14.271465950411418,228,228,candidate_knee,903.0,235.0,0.5400051826746719,0.006078810001781676
B3c34,w15_first_eol,15,,20,1138,20.0,1157.0,923.0,923.0,-5.896638046492681e-05,-0.0005566168829084797,9.439563332864823,-0.0004976505024435529,0.9888181450872283,-0.00011365122916488466,-3.9476272303597307e-05,-0.0005627230432393382,14.254715817938555,228,228,candidate_knee,903.0,235.0,0.5387623055574803,0.006024361933214095
B3c34,w15_start50,15,,50,1108,50.0,1157.0,924.0,924.0,-5.998701325327648e-05,-0.000557722936518421,9.297394657133697,-0.0004977359232651446,0.9894589873996861,-0.00011698533621053995,-4.0931755262354236e-05,-0.0005676596923038534,13.868442451720158,222,222,candidate_knee,874.0,234.0,0.5223956488047189,0.005506579116399735
B3c35,primary_w15_full,15,,20,1073,20.0,1092.0,851.0,851.0,-6.373364679807764e-05,-0.0005428999569362644,8.518262867591622,-0.0004791663101381868,0.9702195292591042,-0.00012562585651178636,-3.3951725228815004e-05,-0.0005756321614504093,16.954430373448808,215,215,candidate_knee,831.0,242.0,0.517035382968531,0.01539755709450219
B3c35,w7_full,7,,20,1073,20.0,1092.0,851.0,851.0,-6.370177866235372e-05,-0.0005433751633541289,8.529984166285942,-0.00047967338469177514,0.9700939440058893,-0.0001256594853944196,-3.3965013644376886e-05,-0.0005766054520877104,16.976452832462527,215,215,candidate_knee,831.0,242.0,0.5181973359634549,0.015497238545322034
B3c35,w15_first_eol,15,,20,1073,20.0,1092.0,851.0,851.0,-6.373364679807764e-05,-0.0005428999569362644,8.518262867591622,-0.0004791663101381868,0.9702195292591042,-0.00012562585651178636,-3.3951725228815004e-05,-0.0005756321614504093,16.954430373448808,215,215,candidate_knee,831.0,242.0,0.517035382968531,0.01539755709450219
B3c35,w15_start50,15,,50,1043,50.0,1092.0,853.0,853.0,-6.552137503569407e-05,-0.0005454657983180231,8.325005359256728,-0.00047994442328232905,0.9710365927016015,-0.00012981877927287566,-3.575758149744992e-05,-0.0005826458970371733,16.29433179306954,209,209,candidate_knee,803.0,240.0,0.49664532371392567,0.014384540793571432
B3c36,primary_w15_full,15,,20,903,20.0,922.0,786.0,786.0,-7.083296386244094e-05,-0.0008042036474273502,11.353522478448454,-0.0007333706835649092,0.9313143477252807,-0.00011603912057591373,-4.128865237892866e-05,-0.0006427005205107967,15.56603288023016,181,181,candidate_knee,766.0,137.0,0.2994321000633393,0.020566689104839497
B3c36,w7_full,7,,20,903,20.0,922.0,786.0,786.0,-7.07697927533946e-05,-0.0008072253124888004,11.406354054217298,-0.0007364555197354058,0.930029092777073,-0.00011616610376466498,-4.137791998057202e-05,-0.000645682372574019,15.60451498956891,181,181,candidate_knee,766.0,137.0,0.30237373794103295,0.021157364764121667
B3c36,w15_first_eol,15,,20,903,20.0,922.0,786.0,786.0,-7.083296386244094e-05,-0.0008042036474273502,11.353522478448454,-0.0007333706835649092,0.9313143477252807,-0.00011603912057591373,-4.128865237892866e-05,-0.0006427005205107967,15.56603288023016,181,181,candidate_knee,766.0,137.0,0.2994321000633393,0.020566689104839497
B3c36,w15_start50,15,,50,873,50.0,922.0,791.0,791.0,-7.353095345525025e-05,-0.0008362047199318111,11.372145751390423,-0.0007626737664765609,0.9337793657027806,-0.00012023098350482267,-4.447863591580837e-05,-0.0006635195553067621,14.91771367635259,175,175,candidate_knee,741.0,132.0,0.289319373891609,0.019158912453576704
B3c37,primary_w15_full,15,,20,1370,20.0,1389.0,1170.0,1170.0,-5.493315907129264e-05,-0.00045605746573790164,8.30204330950687,-0.000401124306666609,0.9391307760722223,-8.252423837788774e-05,-3.694114125290769e-05,-0.0003890800856763675,10.532432742470903,274,274,candidate_knee,1150.0,220.0,0.3576939199785486,0.021772551312778887
B3c37,w7_full,7,,20,1370,20.0,1389.0,1170.0,1170.0,-5.496214153203748e-05,-0.00045655722877118186,8.3067583621183,-0.0004015950872391444,0.9374940270657588,-8.258560317970979e-05,-3.6987456251777404e-05,-0.00038975242264596726,10.537421659734656,274,274,candidate_knee,1150.0,220.0,0.359159985681631,0.02244964434407848
B3c37,w15_first_eol,15,,20,1370,20.0,1389.0,1170.0,1170.0,-5.493315907129264e-05,-0.00045605746573790164,8.30204330950687,-0.000401124306666609,0.9391307760722223,-8.252423837788774e-05,-3.694114125290769e-05,-0.0003890800856763675,10.532432742470903,274,274,candidate_knee,1150.0,220.0,0.3576939199785486,0.021772551312778887
B3c37,w15_start50,15,,50,1340,50.0,1389.0,1171.0,1171.0,-5.578981369217933e-05,-0.00045653484370606555,8.183121854914225,-0.0004007450300138862,0.9405827292524255,-8.428040142368241e-05,-3.996761949618685e-05,-0.00039595904090559703,9.906995860570927,268,268,candidate_knee,1121.0,219.0,0.3480607152981695,0.020680817757465775
B3c38,primary_w15_full,15,,20,1915,20.0,1934.0,1523.0,1523.0,-4.2580163724478354e-05,-0.0002894747210437871,6.798346829215566,-0.00024689455731930876,0.9730375161436009,-7.188140017113508e-05,-2.8077577282373938e-05,-0.0002994999881957592,10.666874324081167,383,383,candidate_knee,1503.0,412.0,0.7041831506871348,0.018986526832350137
B3c38,w7_full,7,,20,1915,20.0,1934.0,1523.0,1523.0,-4.257378163689686e-05,-0.0002895993960231068,6.802294390783541,-0.00024702561438620993,0.9728430287065652,-7.189057182498481e-05,-2.8076301638347028e-05,-0.0002997362824309581,10.675775117815869,383,383,candidate_knee,1503.0,412.0,0.7050718683198767,0.019147616487771302
B3c38,w15_first_eol,15,,20,1915,20.0,1934.0,1523.0,1523.0,-4.2580163724478354e-05,-0.0002894747210437871,6.798346829215566,-0.00024689455731930876,0.9730375161436009,-7.188140017113508e-05,-2.8077577282373938e-05,-0.0002994999881957592,10.666874324081167,383,383,candidate_knee,1503.0,412.0,0.7041831506871348,0.018986526832350137
B3c38,w15_start50,15,,50,1885,50.0,1934.0,1524.0,1524.0,-4.298886578097529e-05,-0.0002896160972145947,6.737002522703547,-0.0002466272314336194,0.9735198367406163,-7.298321274665784e-05,-2.9450696700788408e-05,-0.0003016263402638366,10.241738704122472,377,377,candidate_knee,1474.0,411.0,0.6895340434656836,0.018258974043874332
B3c39,primary_w15_full,15,,20,1136,20.0,1155.0,984.0,984.0,-5.5384800978413346e-05,-0.0006179061600404714,11.15660161496843,-0.000562521359062058,0.9510211356656085,-8.997550457431732e-05,-3.465657694772687e-05,-0.0005038915862777001,14.539565954183205,228,228,candidate_knee,964.0,172.0,0.34239639508538,0.016770186583471514
B3c39,w7_full,7,,20,1136,20.0,1155.0,984.0,984.0,-5.535773447603715e-05,-0.000619261014069787,11.18653102283021,-0.0005639032795937498,0.9503377152732273,-9.003341547366017e-05,-3.4707934223435446e-05,-0.0005052271715981035,14.556532473112867,228,228,candidate_knee,964.0,172.0,0.344328200929172,0.017100125154001944
B3c39,w15_first_eol,15,,20,1136,20.0,1155.0,984.0,984.0,-5.5384800978413346e-05,-0.0006179061600404714,11.15660161496843,-0.000562521359062058,0.9510211356656085,-8.997550457431732e-05,-3.465657694772687e-05,-0.0005038915862777001,14.539565954183205,228,228,candidate_knee,964.0,172.0,0.34239639508538,0.016770186583471514
B3c39,w15_start50,15,,50,1106,50.0,1155.0,989.0,989.0,-5.687234327729404e-05,-0.000637912231529639,11.216563179388492,-0.0005810398882523449,0.954065081519827,-9.241172076784435e-05,-3.679494140570378e-05,-0.0005171337538792775,14.05447961385023,222,222,candidate_knee,939.0,167.0,0.3337173015111252,0.01532927704033682
B3c40,primary_w15_full,15,,20,776,20.0,795.0,622.0,622.0,-8.343037709282785e-05,-0.0007166319412733829,8.589580513054983,-0.000633201564180555,0.9481907093271104,-0.00016423521499724601,-3.48168853029033e-05,-0.0007664805807795043,22.01462233370971,156,156,candidate_knee,602.0,174.0,0.3445492954704803,0.01785085460016944
B3c40,w7_full,7,,20,776,20.0,795.0,623.0,623.0,-8.370516759430719e-05,-0.0007225484172179642,8.632064638110885,-0.0006388432496236571,0.9474801530878609,-0.00016437425276215253,-3.487114902561988e-05,-0.0007697203261288743,22.07327110338004,156,156,candidate_knee,603.0,173.0,0.34666588467027404,0.018206839192544066
B3c40,w15_first_eol,15,,20,776,20.0,795.0,622.0,622.0,-8.343037709282785e-05,-0.0007166319412733829,8.589580513054983,-0.000633201564180555,0.9481907093271104,-0.00016423521499724601,-3.48168853029033e-05,-0.0007664805807795043,22.01462233370971,156,156,candidate_knee,602.0,174.0,0.3445492954704803,0.01785085460016944
B3c40,w15_start50,15,,50,746,50.0,795.0,626.0,626.0,-8.814120955355095e-05,-0.0007290206596095837,8.27105349815583,-0.0006408794500560327,0.9495446462098215,-0.0001723623726511202,-4.116256935863811e-05,-0.0007841458311658297,19.049972909460134,150,150,candidate_knee,576.0,170.0,0.3240459634615251,0.0163498537307305
B3c41,primary_w15_full,15,,20,766,20.0,785.0,605.0,605.0,-6.580991367705537e-05,-0.0007111224004344042,10.80570328543581,-0.0006453124867573488,0.9544561346983991,-0.0001564176333658192,-1.62973248888998e-05,-0.0007799721579634786,47.85890710779915,154,154,candidate_knee,585.0,181.0,0.38193467618605137,0.01739478144622808
B3c41,w7_full,7,,20,766,20.0,785.0,605.0,605.0,-6.57406731926234e-05,-0.0007124706890547602,10.837593447928136,-0.0006467300158621368,0.953907713230098,-0.0001565474268105504,-1.6354523111297243e-05,-0.0007829443594634335,47.873261368446606,154,154,candidate_knee,585.0,181.0,0.38383502478281517,0.017691834034621934
B3c41,w15_first_eol,15,,20,766,20.0,785.0,605.0,605.0,-6.580991367705537e-05,-0.0007111224004344042,10.80570328543581,-0.0006453124867573488,0.9544561346983991,-0.0001564176333658192,-1.62973248888998e-05,-0.0007799721579634786,47.85890710779915,154,154,candidate_knee,585.0,181.0,0.38193467618605137,0.01739478144622808
B3c41,w15_start50,15,,50,736,50.0,785.0,608.0,608.0,-7.036603195329234e-05,-0.0007188833210632118,10.216340201482344,-0.0006485172891099195,0.9554385654492624,-0.0001653297271347243,-2.3310720116089133e-05,-0.0007969987129863737,34.19022273946323,148,148,candidate_knee,558.0,178.0,0.35855067961420084,0.015977532642750703
B3c42,primary_w15_full,15,,20,1622,20.0,1641.0,1298.0,1298.0,-5.198561352319624e-05,-0.000354676251968868,6.822584710106569,-0.00030269063844567175,0.9530273070204134,-8.696172613831206e-05,-2.556095992169604e-05,-0.0003644125361578662,14.256606061517834,325,325,candidate_knee,1278.0,344.0,0.6360645202361033,0.02987766342425857
B3c42,w7_full,7,,20,1622,20.0,1641.0,1298.0,1298.0,-5.1978704902937225e-05,-0.000354824275643118,6.826339292325605,-0.00030284557074018075,0.9529451732017221,-8.697272005183499e-05,-2.5561725237271216e-05,-0.00036467837924597556,14.266579264933291,325,325,candidate_knee,1278.0,344.0,0.6367707046975245,0.02996313521975935
B3c42,w15_first_eol,15,,20,1622,20.0,1641.0,1298.0,1298.0,-5.198561352319624e-05,-0.000354676251968868,6.822584710106569,-0.00030269063844567175,0.9530273070204134,-8.696172613831206e-05,-2.556095992169604e-05,-0.0003644125361578662,14.256606061517834,325,325,candidate_knee,1278.0,344.0,0.6360645202361033,0.02987766342425857
B3c42,w15_start50,15,,50,1592,50.0,1641.0,1299.0,1299.0,-5.290298617587906e-05,-0.0003543509206752513,6.698127011151904,-0.00030144793449937224,0.954916009119265,-8.875660518255896e-05,-2.8008102598036292e-05,-0.00036754464974566746,13.12279717839354,319,319,candidate_knee,1249.0,343.0,0.6161684425642099,0.027779332445561522
B3c43,primary_w15_full,15,,20,1026,20.0,1045.0,868.0,868.0,-5.6954035443558425e-05,-0.0007933535472824426,13.929716149238585,-0.0007363995118388841,0.967118432855305,-0.00011544822554289084,-2.1487788267836268e-05,-0.0007151777224069708,33.28298443248698,206,206,candidate_knee,848.0,178.0,0.5911988443730272,0.019439544497117822
B3c43,w7_full,7,,20,1026,20.0,1045.0,868.0,868.0,-5.691937486387256e-05,-0.0007946495319047454,13.960967312188798,-0.0007377301570408728,0.9668845567758857,-0.00011551926168373327,-2.1570625045043225e-05,-0.0007168188048128434,33.23124866877991,206,206,candidate_knee,848.0,178.0,0.5934808413563707,0.01965338110653647
B3c43,w15_first_eol,15,,20,1026,20.0,1045.0,868.0,868.0,-5.6954035443558425e-05,-0.0007933535472824426,13.929716149238585,-0.0007363995118388841,0.967118432855305,-0.00011544822554289084,-2.1487788267836268e-05,-0.0007151777224069708,33.28298443248698,206,206,candidate_knee,848.0,178.0,0.5911988443730272,0.019439544497117822
B3c43,w15_start50,15,,50,996,50.0,1045.0,869.0,869.0,-5.88922038275243e-05,-0.0007948651935073815,13.496951070727079,-0.0007359729896798573,0.9686918164961449,-0.00012003578225288592,-2.5917012450311326e-05,-0.0007312673489574739,28.215727038734727,200,200,candidate_knee,819.0,177.0,0.570845913905338,0.017872148624974216
B3c44,primary_w15_full,15,,20,920,20.0,939.0,787.0,787.0,-5.994387700450192e-05,-0.0008852150399410806,14.76739717510429,-0.0008252711629365787,0.9395126534986891,-0.00012045291053783769,-1.8680152665138422e-05,-0.0007588823520785576,40.62506156573395,184,184,candidate_knee,767.0,153.0,0.497564166950318,0.030096336172960036
B3c44,w7_full,7,,20,920,20.0,939.0,788.0,788.0,-6.014585698493642e-05,-0.0008945943743285304,14.873748902648146,-0.000834448517343594,0.9388024571282478,-0.0001205772033522889,-1.869217911425322e-05,-0.000761843369806014,40.75733306156321,184,184,candidate_knee,768.0,152.0,0.5010811330454247,0.030664934121773513
B3c44,w15_first_eol,15,,20,920,20.0,939.0,787.0,787.0,-5.994387700450192e-05,-0.0008852150399410806,14.76739717510429,-0.0008252711629365787,0.9395126534986891,-0.00012045291053783769,-1.8680152665138422e-05,-0.0007588823520785576,40.62506156573395,184,184,candidate_knee,767.0,153.0,0.497564166950318,0.030096336172960036
B3c44,w15_start50,15,,50,890,50.0,939.0,790.0,790.0,-6.30098265236647e-05,-0.00090078190421669,14.295895639045792,-0.0008377720776930254,0.9408401449641672,-0.00012598443721250057,-2.167700368857656e-05,-0.0007809326341298119,36.025856956482926,178,178,candidate_knee,740.0,150.0,0.4785660097622717,0.02831189576261295
B3c45,primary_w15_full,15,,20,1781,20.0,1800.0,1428.0,1428.0,-4.6393512725043386e-05,-0.00033694636264725486,7.262790482027243,-0.00029055284992221146,0.9675379727725335,-7.920714121455427e-05,-2.548108346973206e-05,-0.00034345899809788965,13.478979357603478,357,357,candidate_knee,1408.0,373.0,0.7435643392576206,0.024137605826354047
B3c45,w7_full,7,,20,1781,20.0,1800.0,1428.0,1428.0,-4.6391197838601936e-05,-0.0003370454092152625,7.265287919226959,-0.00029065421137666053,0.9674642829188034,-7.921627359875672e-05,-2.5443635789636877e-05,-0.00034363429011350944,13.505707004871951,357,357,candidate_knee,1408.0,373.0,0.7441399006592478,0.024211125276679013
B3c45,w15_first_eol,15,,20,1781,20.0,1800.0,1428.0,1428.0,-4.6393512725043386e-05,-0.00033694636264725486,7.262790482027243,-0.00029055284992221146,0.9675379727725335,-7.920714121455427e-05,-2.548108346973206e-05,-0.00034345899809788965,13.478979357603478,357,357,candidate_knee,1408.0,373.0,0.7435643392576206,0.024137605826354047
B3c45,w15_start50,15,,50,1751,50.0,1800.0,1429.0,1429.0,-4.705962977900616e-05,-0.0003368770530283789,7.15851473142408,-0.00028981742324937277,0.9688602986992241,-8.066120099949592e-05,-2.741523518148511e-05,-0.0003460438259115884,12.622318343097389,351,351,candidate_knee,1379.0,372.0,0.7245187528557071,0.022561297550737436
