subset,scope,adjustment,method,feature,n,n_batches,coefficient,p_unadjusted_exploratory
all_labeled,ALL,none,pearson,qd_early_mean,129,3,-0.5002519530253489,1.5759767366085377e-09
all_labeled,ALL,none,spearman,qd_early_mean,129,3,-0.5122653428913982,5.454101685405024e-10
all_labeled,ALL,within_batch_mean_centered,pearson,qd_early_mean,129,3,0.018247509074214137,
all_labeled,ALL,within_batch_structure_centered,pearson,qd_early_mean,129,3,0.12691628188782117,
all_labeled,ALL,none,pearson,qd_early_std,129,3,-0.07122245586008068,0.4225082830570793
all_labeled,ALL,none,spearman,qd_early_std,129,3,-0.5364074956450624,5.6824342336968614e-11
all_labeled,ALL,within_batch_mean_centered,pearson,qd_early_std,129,3,-0.025488759999908836,
all_labeled,ALL,within_batch_structure_centered,pearson,qd_early_std,129,3,-0.03786794859653955,
all_labeled,ALL,none,pearson,qd_early_median,129,3,-0.49519746417704164,2.4331265902500643e-09
all_labeled,ALL,none,spearman,qd_early_median,129,3,-0.5064876620135675,9.132365924586143e-10
all_labeled,ALL,within_batch_mean_centered,pearson,qd_early_median,129,3,0.03491281724091461,
all_labeled,ALL,within_batch_structure_centered,pearson,qd_early_median,129,3,0.13210750586082134,
all_labeled,ALL,none,pearson,qd2,129,3,-0.5248605385040861,1.7137322260054877e-10
all_labeled,ALL,none,spearman,qd2,129,3,-0.5328044812998647,8.055109922725875e-11
all_labeled,ALL,within_batch_mean_centered,pearson,qd2,129,3,-0.012825590467840955,
all_labeled,ALL,within_batch_structure_centered,pearson,qd2,129,3,0.07178347177794644,
all_labeled,ALL,none,pearson,qd100,129,3,-0.4713955778251572,1.7152902668748142e-08
all_labeled,ALL,none,spearman,qd100,129,3,-0.483754290664077,6.33906295469959e-09
all_labeled,ALL,within_batch_mean_centered,pearson,qd100,129,3,0.055980638573671145,
all_labeled,ALL,within_batch_structure_centered,pearson,qd100,129,3,0.17639338996039697,
all_labeled,ALL,none,pearson,qd_delta_100_2,129,3,0.010568102389205719,0.9053818533069985
all_labeled,ALL,none,spearman,qd_delta_100_2,129,3,-0.09107883586029772,0.3046449872226593
all_labeled,ALL,within_batch_mean_centered,pearson,qd_delta_100_2,129,3,0.13142287878028858,
all_labeled,ALL,within_batch_structure_centered,pearson,qd_delta_100_2,129,3,0.22436270275450354,
all_labeled,ALL,none,pearson,qd_early_slope,129,3,-0.09493823243194124,0.28452252986178905
all_labeled,ALL,none,spearman,qd_early_slope,129,3,-0.18296828006823496,0.037945100499533306
all_labeled,ALL,within_batch_mean_centered,pearson,qd_early_slope,129,3,0.020364679120640862,
all_labeled,ALL,within_batch_structure_centered,pearson,qd_early_slope,129,3,0.17763238530799755,
all_labeled,ALL,none,pearson,ir_early_mean,123,3,-0.335580318465774,0.0001479984626245885
all_labeled,ALL,none,spearman,ir_early_mean,123,3,-0.3581349830374751,4.7600898075869346e-05
all_labeled,ALL,within_batch_mean_centered,pearson,ir_early_mean,123,3,-0.03696165113462849,
all_labeled,ALL,within_batch_structure_centered,pearson,ir_early_mean,123,3,0.1738688021978183,
all_labeled,ALL,none,pearson,ir_change_100_2,123,3,0.18613957870908612,0.03926859912959434
all_labeled,ALL,none,spearman,ir_change_100_2,123,3,0.02649292775073962,0.7711493647094948
all_labeled,ALL,within_batch_mean_centered,pearson,ir_change_100_2,123,3,0.06444837939956415,
all_labeled,ALL,within_batch_structure_centered,pearson,ir_change_100_2,123,3,-0.00026334927985626616,
all_labeled,ALL,none,pearson,ir_early_slope,123,3,0.05311033489409089,0.5596106454529863
all_labeled,ALL,none,spearman,ir_early_slope,123,3,-0.09648830052158977,0.28838999788382574
all_labeled,ALL,within_batch_mean_centered,pearson,ir_early_slope,123,3,0.029032429239621328,
all_labeled,ALL,within_batch_structure_centered,pearson,ir_early_slope,123,3,0.013159743217094393,
all_labeled,ALL,none,pearson,ir_zero_fraction_early,129,3,-0.0831481256153436,0.34885496019589235
all_labeled,ALL,none,spearman,ir_zero_fraction_early,129,3,0.039084269093955196,0.6601114549692483
all_labeled,ALL,within_batch_mean_centered,pearson,ir_zero_fraction_early,129,3,0.1441694513415691,
all_labeled,ALL,within_batch_structure_centered,pearson,ir_zero_fraction_early,129,3,0.02055764757897138,
all_labeled,ALL,none,pearson,tavg_early_mean,129,3,0.23871651476162686,0.00644159661713217
all_labeled,ALL,none,spearman,tavg_early_mean,129,3,0.1896599917380592,0.03133948869261022
all_labeled,ALL,within_batch_mean_centered,pearson,tavg_early_mean,129,3,0.002038241822303069,
all_labeled,ALL,within_batch_structure_centered,pearson,tavg_early_mean,129,3,-0.11764307894914222,
all_labeled,ALL,none,pearson,ir_missing_fraction_early,129,3,-0.0831481256153436,0.34885496019589235
all_labeled,ALL,none,spearman,ir_missing_fraction_early,129,3,0.039084269093955196,0.6601114549692483
all_labeled,ALL,within_batch_mean_centered,pearson,ir_missing_fraction_early,129,3,0.1441694513415691,
all_labeled,ALL,within_batch_structure_centered,pearson,ir_missing_fraction_early,129,3,0.02055764757897138,
all_labeled,ALL,none,pearson,tmax_early_mean,129,3,-0.016765056384014182,0.8504264725383373
all_labeled,ALL,none,spearman,tmax_early_mean,129,3,-0.011477096122096195,0.8972862726026206
all_labeled,ALL,within_batch_mean_centered,pearson,tmax_early_mean,129,3,-0.14049490653573082,
all_labeled,ALL,within_batch_structure_centered,pearson,tmax_early_mean,129,3,-0.15727677907185056,
all_labeled,ALL,none,pearson,chargetime_early_mean,129,3,-0.1941395725456267,0.027485068024234574
all_labeled,ALL,none,spearman,chargetime_early_mean,129,3,-0.13269938170978926,0.13383642019621994
all_labeled,ALL,within_batch_mean_centered,pearson,chargetime_early_mean,129,3,0.07536641140002771,
all_labeled,ALL,within_batch_structure_centered,pearson,chargetime_early_mean,129,3,0.036655893062423284,
all_labeled,ALL,none,pearson,chargetime_early_median,129,3,0.3153355953304912,0.0002726536442753342
all_labeled,ALL,none,spearman,chargetime_early_median,129,3,-0.02772424183688205,0.7551302779554971
all_labeled,ALL,within_batch_mean_centered,pearson,chargetime_early_median,129,3,0.44183189277154405,
all_labeled,ALL,within_batch_structure_centered,pearson,chargetime_early_median,129,3,0.52721177912383,
all_labeled,ALL,none,pearson,chargetime_early_mean_qc,129,3,0.31102250636136963,0.00033379288376793103
all_labeled,ALL,none,spearman,chargetime_early_mean_qc,129,3,-0.04778116929155196,0.5907739430586189
all_labeled,ALL,within_batch_mean_centered,pearson,chargetime_early_mean_qc,129,3,0.4390565864508226,
all_labeled,ALL,within_batch_structure_centered,pearson,chargetime_early_mean_qc,129,3,0.524612854746246,
all_labeled,ALL,none,pearson,qd_early_mean_qc,129,3,-0.49481295732728003,2.514130978394645e-09
all_labeled,ALL,none,spearman,qd_early_mean_qc,129,3,-0.5016268071289292,1.3986592872417195e-09
all_labeled,ALL,within_batch_mean_centered,pearson,qd_early_mean_qc,129,3,0.028601205050491917,
all_labeled,ALL,within_batch_structure_centered,pearson,qd_early_mean_qc,129,3,0.1377870500488656,
all_labeled,ALL,none,pearson,qd_early_std_qc,129,3,-0.11169694162708811,0.20758535005851314
all_labeled,ALL,none,spearman,qd_early_std_qc,129,3,-0.538067845157124,4.831680852074086e-11
all_labeled,ALL,within_batch_mean_centered,pearson,qd_early_std_qc,129,3,0.10171996850553568,
all_labeled,ALL,within_batch_structure_centered,pearson,qd_early_std_qc,129,3,0.08272063063221076,
all_labeled,ALL,none,pearson,qd_early_slope_qc,129,3,-0.12070725290571313,0.17300403531086309
all_labeled,ALL,none,spearman,qd_early_slope_qc,129,3,-0.18424848221726564,0.03659787969568049
all_labeled,ALL,within_batch_mean_centered,pearson,qd_early_slope_qc,129,3,-0.0003930577702911317,
all_labeled,ALL,within_batch_structure_centered,pearson,qd_early_slope_qc,129,3,0.1705754925215489,
all_labeled,ALL,none,pearson,qd2_qc,129,3,-0.5248605385040861,1.7137322260054877e-10
all_labeled,ALL,none,spearman,qd2_qc,129,3,-0.5328044812998647,8.055109922725875e-11
all_labeled,ALL,within_batch_mean_centered,pearson,qd2_qc,129,3,-0.012825590467840955,
all_labeled,ALL,within_batch_structure_centered,pearson,qd2_qc,129,3,0.07178347177794644,
all_labeled,ALL,none,pearson,qd100_qc,129,3,-0.4713955778251572,1.7152902668748142e-08
all_labeled,ALL,none,spearman,qd100_qc,129,3,-0.483754290664077,6.33906295469959e-09
all_labeled,ALL,within_batch_mean_centered,pearson,qd100_qc,129,3,0.055980638573671145,
all_labeled,ALL,within_batch_structure_centered,pearson,qd100_qc,129,3,0.17639338996039697,
all_labeled,ALL,none,pearson,qd_delta_100_2_qc,129,3,0.010568102389205719,0.9053818533069985
all_labeled,ALL,none,spearman,qd_delta_100_2_qc,129,3,-0.09107883586029772,0.3046449872226593
all_labeled,ALL,within_batch_mean_centered,pearson,qd_delta_100_2_qc,129,3,0.13142287878028858,
all_labeled,ALL,within_batch_structure_centered,pearson,qd_delta_100_2_qc,129,3,0.22436270275450354,
all_labeled,ALL,none,pearson,c1,129,3,-0.07825177234916186,0.37806284703735527
all_labeled,ALL,none,spearman,c1,129,3,-0.02745209236655038,0.7574590525862778
all_labeled,ALL,within_batch_mean_centered,pearson,c1,129,3,-0.20392823194620033,
all_labeled,ALL,within_batch_structure_centered,pearson,c1,129,3,-0.26250739856048055,
all_labeled,ALL,none,pearson,switch_soc_pct,129,3,0.22158424331438925,0.011613655448274663
all_labeled,ALL,none,spearman,switch_soc_pct,129,3,0.16046877826173975,0.0692743293588195
all_labeled,ALL,within_batch_mean_centered,pearson,switch_soc_pct,129,3,0.33462815261195406,
all_labeled,ALL,within_batch_structure_centered,pearson,switch_soc_pct,129,3,0.34380661628858994,
all_labeled,ALL,none,pearson,c2,129,3,-0.12481384857087102,0.15873698243529002
all_labeled,ALL,none,spearman,c2,129,3,-0.1458114796287822,0.09918757963501158
all_labeled,ALL,within_batch_mean_centered,pearson,c2,129,3,-0.07712004008891087,
all_labeled,ALL,within_batch_structure_centered,pearson,c2,129,3,-0.051734798885840004,
all_labeled,ALL,none,pearson,c2_active,105,3,-0.21577770912942879,0.027056059972767464
all_labeled,ALL,none,spearman,c2_active,105,3,-0.1376765022847924,0.1613469005349864
all_labeled,ALL,within_batch_mean_centered,pearson,c2_active,105,3,-0.21737504622283305,
all_labeled,ALL,within_batch_structure_centered,pearson,c2_active,105,3,-0.18019326416927856,
all_labeled,ALL,none,pearson,stage2_soc_span_pct,129,3,-0.22158424331438928,0.011613655448274663
all_labeled,ALL,none,spearman,stage2_soc_span_pct,129,3,-0.16046877826173975,0.0692743293588195
all_labeled,ALL,within_batch_mean_centered,pearson,stage2_soc_span_pct,129,3,-0.33462815261195406,
all_labeled,ALL,within_batch_structure_centered,pearson,stage2_soc_span_pct,129,3,-0.3438066162885899,
all_labeled,ALL,none,pearson,c_max,129,3,-0.2595436861893796,0.002975757821279581
all_labeled,ALL,none,spearman,c_max,129,3,-0.23349649355145863,0.007742101045135246
all_labeled,ALL,within_batch_mean_centered,pearson,c_max,129,3,-0.39487247732746467,
all_labeled,ALL,within_batch_structure_centered,pearson,c_max,129,3,-0.42331970536966285,
all_labeled,ALL,none,pearson,c_eff_0_80,129,3,-0.2233462025439555,0.010950990803687471
all_labeled,ALL,none,spearman,c_eff_0_80,129,3,-0.14554557685070574,0.09981198429623238
all_labeled,ALL,within_batch_mean_centered,pearson,c_eff_0_80,129,3,-0.3288433950073041,
all_labeled,ALL,within_batch_structure_centered,pearson,c_eff_0_80,129,3,-0.37277576799180223,
all_labeled,B1,none,pearson,qd_early_mean,46,1,0.1933931521446947,0.19783102063685215
all_labeled,B1,none,spearman,qd_early_mean,46,1,0.18502528714109573,0.21831191497657293
all_labeled,B1,none,pearson,qd_early_std,46,1,-0.058477597420288185,0.6994744794627561
all_labeled,B1,none,spearman,qd_early_std,46,1,0.052793881930925976,0.7274988573126243
all_labeled,B1,none,pearson,qd_early_median,46,1,0.2026846937235131,0.1767234333317414
all_labeled,B1,none,spearman,qd_early_median,46,1,0.21598618518937238,0.14939991737306954
all_labeled,B1,none,pearson,qd2,46,1,0.08582220614767816,0.5706438554326818
all_labeled,B1,none,spearman,qd2,46,1,0.08005427423638074,0.5969010608241552
all_labeled,B1,none,pearson,qd100,46,1,0.295097964369578,0.04648597040505474
all_labeled,B1,none,spearman,qd100,46,1,0.3242876532626271,0.027899706580202393
all_labeled,B1,none,pearson,qd_delta_100_2,46,1,0.5395075316035274,0.00010924881715289722
all_labeled,B1,none,spearman,qd_delta_100_2,46,1,0.5656223027903297,4.1994622686694814e-05
all_labeled,B1,none,pearson,qd_early_slope,46,1,0.18377761627046107,0.22148719800954514
all_labeled,B1,none,spearman,qd_early_slope,46,1,0.4808807212797078,0.0007174590843457408
all_labeled,B1,none,pearson,ir_early_mean,46,1,0.21796829272686497,0.14561093150012439
all_labeled,B1,none,spearman,ir_early_mean,46,1,0.18903416836248615,0.20832366540750305
all_labeled,B1,none,pearson,ir_change_100_2,46,1,0.14172204849137496,0.34747074735065664
all_labeled,B1,none,spearman,ir_change_100_2,46,1,-0.225484149929282,0.13188765112106626
all_labeled,B1,none,pearson,ir_early_slope,46,1,0.10308933818039444,0.4953883152461926
all_labeled,B1,none,spearman,ir_early_slope,46,1,-0.32342420192263527,0.028343232074072747
all_labeled,B1,none,pearson,ir_zero_fraction_early,46,1,0.18757779501478647,0.21191458551515197
all_labeled,B1,none,spearman,ir_zero_fraction_early,46,1,0.1247714489624848,0.40869756331165025
all_labeled,B1,none,pearson,tavg_early_mean,46,1,-0.48177463667634024,0.0006988839225022428
all_labeled,B1,none,spearman,tavg_early_mean,46,1,-0.37146910148360657,0.011029520555416826
all_labeled,B1,none,pearson,ir_missing_fraction_early,46,1,0.18757779501478647,0.21191458551515197
all_labeled,B1,none,spearman,ir_missing_fraction_early,46,1,0.1247714489624848,0.40869756331165025
all_labeled,B1,none,pearson,tmax_early_mean,46,1,-0.40359585194480413,0.005412764186551623
all_labeled,B1,none,spearman,tmax_early_mean,46,1,-0.32299247625263944,0.028567184242732763
all_labeled,B1,none,pearson,chargetime_early_mean,46,1,0.5770368723870706,2.694371807920763e-05
all_labeled,B1,none,spearman,chargetime_early_mean,46,1,0.6130504513941638,5.920877244888837e-06
all_labeled,B1,none,pearson,chargetime_early_median,46,1,0.7439641856619085,3.1283444160597022e-09
all_labeled,B1,none,spearman,chargetime_early_median,46,1,0.6405575440824733,1.629918948306865e-06
all_labeled,B1,none,pearson,chargetime_early_mean_qc,46,1,0.7394290405177047,4.37173600892249e-09
all_labeled,B1,none,spearman,chargetime_early_mean_qc,46,1,0.6192796360612474,4.468830777826353e-06
all_labeled,B1,none,pearson,qd_early_mean_qc,46,1,0.2322571339447417,0.12037102758948487
all_labeled,B1,none,spearman,qd_early_mean_qc,46,1,0.24188972538912581,0.10532270797378504
all_labeled,B1,none,pearson,qd_early_std_qc,46,1,0.2581739340257208,0.08321387722854655
all_labeled,B1,none,spearman,qd_early_std_qc,46,1,0.05489083518519173,0.7171162361236304
all_labeled,B1,none,pearson,qd_early_slope_qc,46,1,0.15045157328716716,0.31826703708288884
all_labeled,B1,none,spearman,qd_early_slope_qc,46,1,0.47878376802544204,0.0007627811357046112
all_labeled,B1,none,pearson,qd2_qc,46,1,0.08582220614767816,0.5706438554326818
all_labeled,B1,none,spearman,qd2_qc,46,1,0.08005427423638074,0.5969010608241552
all_labeled,B1,none,pearson,qd100_qc,46,1,0.295097964369578,0.04648597040505474
all_labeled,B1,none,spearman,qd100_qc,46,1,0.3242876532626271,0.027899706580202393
all_labeled,B1,none,pearson,qd_delta_100_2_qc,46,1,0.5395075316035274,0.00010924881715289722
all_labeled,B1,none,spearman,qd_delta_100_2_qc,46,1,0.5656223027903297,4.1994622686694814e-05
all_labeled,B1,none,pearson,c1,46,1,-0.5797191371008248,2.4216765973613692e-05
all_labeled,B1,none,spearman,c1,46,1,-0.48271400298540956,0.0006798301167917077
all_labeled,B1,none,pearson,switch_soc_pct,46,1,0.23455103060246418,0.1166480711513576
all_labeled,B1,none,spearman,switch_soc_pct,46,1,0.18515925395200944,0.21797286094610813
all_labeled,B1,none,pearson,c2,46,1,-0.09588674869190955,0.5261452944131032
all_labeled,B1,none,spearman,c2,46,1,0.04741433338534666,0.7543523473289235
all_labeled,B1,none,pearson,c2_active,36,1,0.040124171851763146,0.8162722749694172
all_labeled,B1,none,spearman,c2_active,36,1,0.016456201025183376,0.9241091737291229
all_labeled,B1,none,pearson,stage2_soc_span_pct,46,1,-0.23455103060246418,0.1166480711513576
all_labeled,B1,none,spearman,stage2_soc_span_pct,46,1,-0.18515925395200944,0.21797286094610813
all_labeled,B1,none,pearson,c_max,46,1,-0.5797191371008248,2.4216765973613692e-05
all_labeled,B1,none,spearman,c_max,46,1,-0.48271400298540956,0.0006798301167917077
all_labeled,B1,none,pearson,c_eff_0_80,46,1,-0.7373768815234789,5.075114820835257e-09
all_labeled,B1,none,spearman,c_eff_0_80,46,1,-0.6340127144645034,2.240894653506846e-06
all_labeled,B2,none,pearson,qd_early_mean,39,1,-0.3325695460441213,0.038582062455566606
all_labeled,B2,none,spearman,qd_early_mean,39,1,0.11711711771713532,0.47767365165732606
all_labeled,B2,none,pearson,qd_early_std,39,1,0.17290351138287402,0.2925223419443677
all_labeled,B2,none,spearman,qd_early_std,39,1,-0.10051624709863038,0.5426267592097292
all_labeled,B2,none,pearson,qd_early_median,39,1,-0.2951083617385643,0.06817504666301005
all_labeled,B2,none,spearman,qd_early_median,39,1,0.1106387291830846,0.5025252184082816
all_labeled,B2,none,pearson,qd2,39,1,-0.2843299440200719,0.07938274134244888
all_labeled,B2,none,spearman,qd2,39,1,0.08492762468857089,0.6072189556311465
all_labeled,B2,none,pearson,qd100,39,1,-0.333603319983239,0.03794560060417252
all_labeled,B2,none,spearman,qd100,39,1,0.07723453830438569,0.6402596016260581
all_labeled,B2,none,pearson,qd_delta_100_2,39,1,-0.1992761181428142,0.2238962185446957
all_labeled,B2,none,spearman,qd_delta_100_2,39,1,-0.09666970390653778,0.5582557812059112
all_labeled,B2,none,pearson,qd_early_slope,39,1,-0.44525545809579203,0.004505675482961397
all_labeled,B2,none,spearman,qd_early_slope,39,1,-0.27108007022168396,0.09507087452843678
all_labeled,B2,none,pearson,ir_early_mean,33,1,-0.6255133874742054,9.920802832834427e-05
all_labeled,B2,none,spearman,ir_early_mean,33,1,-0.1992145072552431,0.26637028583084954
all_labeled,B2,none,pearson,ir_change_100_2,33,1,0.3298526960746093,0.060841148135160325
all_labeled,B2,none,spearman,ir_change_100_2,33,1,0.30901646301589303,0.080147477491986
all_labeled,B2,none,pearson,ir_early_slope,33,1,0.1911583402870009,0.2865841227587095
all_labeled,B2,none,spearman,ir_early_slope,33,1,0.2109133457685544,0.2387174936655644
all_labeled,B2,none,pearson,ir_zero_fraction_early,39,1,0.28886887792471183,0.0744997867255936
all_labeled,B2,none,spearman,ir_zero_fraction_early,39,1,0.30628232410062944,0.057912684441323366
all_labeled,B2,none,pearson,tavg_early_mean,39,1,0.4253120270489282,0.006951526483057072
all_labeled,B2,none,spearman,tavg_early_mean,39,1,0.16550258208082647,0.31398219394653226
all_labeled,B2,none,pearson,ir_missing_fraction_early,39,1,0.28886887792471183,0.0744997867255936
all_labeled,B2,none,spearman,ir_missing_fraction_early,39,1,0.30628232410062944,0.057912684441323366
all_labeled,B2,none,pearson,tmax_early_mean,39,1,0.018802285438894794,0.9095470935345008
all_labeled,B2,none,spearman,tmax_early_mean,39,1,-0.13594493439422012,0.4092608517530202
all_labeled,B2,none,pearson,chargetime_early_mean,39,1,0.08706750328012963,0.5981600160289358
all_labeled,B2,none,spearman,chargetime_early_mean,39,1,-0.39325842898104635,0.013260574022552356
all_labeled,B2,none,pearson,chargetime_early_median,39,1,-0.918399008514092,1.7805968927377313e-16
all_labeled,B2,none,spearman,chargetime_early_median,39,1,-0.8115193887106946,3.683261045506726e-10
all_labeled,B2,none,pearson,chargetime_early_mean_qc,39,1,-0.9174099479141915,2.2062767564934432e-16
all_labeled,B2,none,spearman,chargetime_early_mean_qc,39,1,-0.7562506365295747,2.5796257023324588e-08
all_labeled,B2,none,pearson,qd_early_mean_qc,39,1,-0.3325695460441213,0.038582062455566606
all_labeled,B2,none,spearman,qd_early_mean_qc,39,1,0.11711711771713532,0.47767365165732606
all_labeled,B2,none,pearson,qd_early_std_qc,39,1,0.17290351138287402,0.2925223419443677
all_labeled,B2,none,spearman,qd_early_std_qc,39,1,-0.10051624709863038,0.5426267592097292
all_labeled,B2,none,pearson,qd_early_slope_qc,39,1,-0.44525545809579203,0.004505675482961397
all_labeled,B2,none,spearman,qd_early_slope_qc,39,1,-0.27108007022168396,0.09507087452843678
all_labeled,B2,none,pearson,qd2_qc,39,1,-0.2843299440200719,0.07938274134244888
all_labeled,B2,none,spearman,qd2_qc,39,1,0.08492762468857089,0.6072189556311465
all_labeled,B2,none,pearson,qd100_qc,39,1,-0.333603319983239,0.03794560060417252
all_labeled,B2,none,spearman,qd100_qc,39,1,0.07723453830438569,0.6402596016260581
all_labeled,B2,none,pearson,qd_delta_100_2_qc,39,1,-0.1992761181428142,0.2238962185446957
all_labeled,B2,none,spearman,qd_delta_100_2_qc,39,1,-0.09666970390653778,0.5582557812059112
all_labeled,B2,none,pearson,c1,39,1,0.19074658847387693,0.2447592682571221
all_labeled,B2,none,spearman,c1,39,1,0.05509278655119761,0.7390485991636518
all_labeled,B2,none,pearson,switch_soc_pct,39,1,0.11611987845984809,0.48145664397821836
all_labeled,B2,none,spearman,switch_soc_pct,39,1,0.28781347990487877,0.07561362556004728
all_labeled,B2,none,pearson,c2,39,1,-0.11630518850837052,0.48075249647490165
all_labeled,B2,none,spearman,c2,39,1,-0.11884016238051073,0.4711742552506387
all_labeled,B2,none,pearson,c2_active,31,1,-0.16123805524473214,0.3861975544267582
all_labeled,B2,none,spearman,c2_active,31,1,-0.21487599237155366,0.24570851917890152
all_labeled,B2,none,pearson,stage2_soc_span_pct,39,1,-0.11611987845984809,0.48145664397821836
all_labeled,B2,none,spearman,stage2_soc_span_pct,39,1,-0.28781347990487877,0.07561362556004728
all_labeled,B2,none,pearson,c_max,39,1,-0.16109258689961564,0.3272294557175888
all_labeled,B2,none,spearman,c_max,39,1,-0.35908307144841967,0.024769710954237825
all_labeled,B2,none,pearson,c_eff_0_80,39,1,0.3336386287176393,0.037924014245049716
all_labeled,B2,none,spearman,c_eff_0_80,39,1,0.32079048769847657,0.04646687471569225
all_labeled,B3,none,pearson,qd_early_mean,44,1,0.21780526120673993,0.15552595884648474
all_labeled,B3,none,spearman,qd_early_mean,44,1,0.16223835405716025,0.29271836408601615
all_labeled,B3,none,pearson,qd_early_std,44,1,-0.34344504233924356,0.022460347923774694
all_labeled,B3,none,spearman,qd_early_std,44,1,-0.2764817823484968,0.06925203955818623
all_labeled,B3,none,pearson,qd_early_median,44,1,0.21441919665198317,0.1622129923601579
all_labeled,B3,none,spearman,qd_early_median,44,1,0.15772781771499764,0.3065222630958059
all_labeled,B3,none,pearson,qd2,44,1,0.15505722081590834,0.31488795507383704
all_labeled,B3,none,spearman,qd2,44,1,0.1282683772302483,0.40666451839068574
all_labeled,B3,none,pearson,qd100,44,1,0.27181284496965685,0.07428236592064172
all_labeled,B3,none,spearman,qd100,44,1,0.1775318913423052,0.24895218678238262
all_labeled,B3,none,pearson,qd_delta_100_2,44,1,0.2773310031955154,0.06836677435202447
all_labeled,B3,none,spearman,qd_delta_100_2,44,1,-0.14335048312435444,0.35324576717056577
all_labeled,B3,none,pearson,qd_early_slope,44,1,0.3382724993897136,0.024709411852665585
all_labeled,B3,none,spearman,qd_early_slope,44,1,0.08823736719355543,0.568973800203014
all_labeled,B3,none,pearson,ir_early_mean,44,1,0.1898513637128463,0.21707605202413843
all_labeled,B3,none,spearman,ir_early_mean,44,1,0.16865177291867264,0.27379465192307473
all_labeled,B3,none,pearson,ir_change_100_2,44,1,-0.38488470672947217,0.009886727315430908
all_labeled,B3,none,spearman,ir_change_100_2,44,1,-0.16280217109993056,0.29102162579103175
all_labeled,B3,none,pearson,ir_early_slope,44,1,-0.3580029530003344,0.01703090950309946
all_labeled,B3,none,spearman,ir_early_slope,44,1,-0.2031150896580086,0.18604859011360253
all_labeled,B3,none,pearson,ir_zero_fraction_early,44,1,,
all_labeled,B3,none,spearman,ir_zero_fraction_early,44,1,,
all_labeled,B3,none,pearson,tavg_early_mean,44,1,-0.021766797465161858,0.8884667991507859
all_labeled,B3,none,spearman,tavg_early_mean,44,1,0.025371766924664505,0.8701417227972023
all_labeled,B3,none,pearson,ir_missing_fraction_early,44,1,,
all_labeled,B3,none,spearman,ir_missing_fraction_early,44,1,,
all_labeled,B3,none,pearson,tmax_early_mean,44,1,-0.10649428050434649,0.49143549291492705
all_labeled,B3,none,spearman,tmax_early_mean,44,1,-0.03509761091245256,0.8210625426175072
all_labeled,B3,none,pearson,chargetime_early_mean,44,1,0.6374731672218192,3.2632100720915317e-06
all_labeled,B3,none,spearman,chargetime_early_mean,44,1,0.19197970306329473,0.21186987785735012
all_labeled,B3,none,pearson,chargetime_early_median,44,1,0.6383671096727549,3.1300862599082066e-06
all_labeled,B3,none,spearman,chargetime_early_median,44,1,0.26102124976562596,0.08701029367424246
all_labeled,B3,none,pearson,chargetime_early_mean_qc,44,1,0.6374731672218192,3.2632100720915317e-06
all_labeled,B3,none,spearman,chargetime_early_mean_qc,44,1,0.19197970306329473,0.21186987785735012
all_labeled,B3,none,pearson,qd_early_mean_qc,44,1,0.21780526120673993,0.15552595884648474
all_labeled,B3,none,spearman,qd_early_mean_qc,44,1,0.16223835405716025,0.29271836408601615
all_labeled,B3,none,pearson,qd_early_std_qc,44,1,-0.34344504233924356,0.022460347923774694
all_labeled,B3,none,spearman,qd_early_std_qc,44,1,-0.2764817823484968,0.06925203955818623
all_labeled,B3,none,pearson,qd_early_slope_qc,44,1,0.3382724993897136,0.024709411852665585
all_labeled,B3,none,spearman,qd_early_slope_qc,44,1,0.08823736719355543,0.568973800203014
all_labeled,B3,none,pearson,qd2_qc,44,1,0.15505722081590834,0.31488795507383704
all_labeled,B3,none,spearman,qd2_qc,44,1,0.1282683772302483,0.40666451839068574
all_labeled,B3,none,pearson,qd100_qc,44,1,0.27181284496965685,0.07428236592064172
all_labeled,B3,none,spearman,qd100_qc,44,1,0.1775318913423052,0.24895218678238262
all_labeled,B3,none,pearson,qd_delta_100_2_qc,44,1,0.2773310031955154,0.06836677435202447
all_labeled,B3,none,spearman,qd_delta_100_2_qc,44,1,-0.14335048312435444,0.35324576717056577
all_labeled,B3,none,pearson,c1,44,1,-0.08289859421256335,0.5926643618733121
all_labeled,B3,none,spearman,c1,44,1,-0.22887519748075072,0.13507191452088127
all_labeled,B3,none,pearson,switch_soc_pct,44,1,0.5413599075607185,0.00014786037370863076
all_labeled,B3,none,spearman,switch_soc_pct,44,1,0.44332485175807257,0.002578765642509396
all_labeled,B3,none,pearson,c2,44,1,-0.042746376392717,0.7829241112282228
all_labeled,B3,none,spearman,c2,44,1,0.015736317835818345,0.9192455550957178
all_labeled,B3,none,pearson,c2_active,38,1,-0.3449954324884314,0.03389957671318086
all_labeled,B3,none,spearman,c2_active,38,1,-0.30997911953767254,0.05823084698493596
all_labeled,B3,none,pearson,stage2_soc_span_pct,44,1,-0.5413599075607185,0.00014786037370863076
all_labeled,B3,none,spearman,stage2_soc_span_pct,44,1,-0.44332485175807257,0.002578765642509396
all_labeled,B3,none,pearson,c_max,44,1,-0.6571319945941887,1.264946079034573e-06
all_labeled,B3,none,spearman,c_max,44,1,-0.6070241729582949,1.250551603106234e-05
all_labeled,B3,none,pearson,c_eff_0_80,44,1,-0.018138894979129502,0.9069666148879446
all_labeled,B3,none,spearman,c_eff_0_80,44,1,-0.13205193371079488,0.39284597602871785
eol_compatible,ALL,none,pearson,qd_early_mean,119,3,-0.5296911990742532,5.857608663247384e-10
eol_compatible,ALL,none,spearman,qd_early_mean,119,3,-0.5651305388771329,2.1503658956160755e-11
eol_compatible,ALL,within_batch_mean_centered,pearson,qd_early_mean,119,3,0.008171964977678307,
eol_compatible,ALL,within_batch_structure_centered,pearson,qd_early_mean,119,3,0.12412103416635749,
eol_compatible,ALL,none,pearson,qd_early_std,119,3,-0.09220826645212214,0.31857870570253427
eol_compatible,ALL,none,spearman,qd_early_std,119,3,-0.604249455259343,3.444569276479535e-13
eol_compatible,ALL,within_batch_mean_centered,pearson,qd_early_std,119,3,-0.03949587041199896,
eol_compatible,ALL,within_batch_structure_centered,pearson,qd_early_std,119,3,-0.05529600205248704,
eol_compatible,ALL,none,pearson,qd_early_median,119,3,-0.5225809624252857,1.0867304975802545e-09
eol_compatible,ALL,none,spearman,qd_early_median,119,3,-0.558649888247639,4.052123461977146e-11
eol_compatible,ALL,within_batch_mean_centered,pearson,qd_early_median,119,3,0.027658955370177655,
eol_compatible,ALL,within_batch_structure_centered,pearson,qd_early_median,119,3,0.13211160425817292,
eol_compatible,ALL,none,pearson,qd2,119,3,-0.5411323305188692,2.1016255310923847e-10
eol_compatible,ALL,none,spearman,qd2,119,3,-0.5721987210197406,1.060512282386067e-11
eol_compatible,ALL,within_batch_mean_centered,pearson,qd2,119,3,-0.007566007370584972,
eol_compatible,ALL,within_batch_structure_centered,pearson,qd2,119,3,0.08497718494234252,
eol_compatible,ALL,none,pearson,qd100,119,3,-0.4983174157402495,8.070580704604839e-09
eol_compatible,ALL,none,spearman,qd100,119,3,-0.5414512385001353,2.0412982720495667e-10
eol_compatible,ALL,within_batch_mean_centered,pearson,qd100,119,3,0.04471887833394429,
eol_compatible,ALL,within_batch_structure_centered,pearson,qd100,119,3,0.17347832278604874,
eol_compatible,ALL,none,pearson,qd_delta_100_2,119,3,-0.02684733590942421,0.7719457037618551
eol_compatible,ALL,none,spearman,qd_delta_100_2,119,3,-0.17559358488584806,0.05611387431513495
eol_compatible,ALL,within_batch_mean_centered,pearson,qd_delta_100_2,119,3,0.10037408952103773,
eol_compatible,ALL,within_batch_structure_centered,pearson,qd_delta_100_2,119,3,0.19677297590523735,
eol_compatible,ALL,none,pearson,qd_early_slope,119,3,-0.08974736904306867,0.3317202347415535
eol_compatible,ALL,none,spearman,qd_early_slope,119,3,-0.2180454073060837,0.017208330975534203
eol_compatible,ALL,within_batch_mean_centered,pearson,qd_early_slope,119,3,0.031928722859770775,
eol_compatible,ALL,within_batch_structure_centered,pearson,qd_early_slope,119,3,0.2123924860441513,
eol_compatible,ALL,none,pearson,ir_early_mean,113,3,-0.3939691714901996,1.579290503706336e-05
eol_compatible,ALL,none,spearman,ir_early_mean,113,3,-0.4582415823458419,3.330598008525517e-07
eol_compatible,ALL,within_batch_mean_centered,pearson,ir_early_mean,113,3,-0.052792807115571515,
eol_compatible,ALL,within_batch_structure_centered,pearson,ir_early_mean,113,3,0.17068140414154462,
eol_compatible,ALL,none,pearson,ir_change_100_2,113,3,0.1739429009243989,0.06539442776960269
eol_compatible,ALL,none,spearman,ir_change_100_2,113,3,0.02703562539663958,0.7762194264463022
eol_compatible,ALL,within_batch_mean_centered,pearson,ir_change_100_2,113,3,0.04979933279116347,
eol_compatible,ALL,within_batch_structure_centered,pearson,ir_change_100_2,113,3,-0.021102180731268447,
eol_compatible,ALL,none,pearson,ir_early_slope,113,3,0.0454860482714664,0.6323691402302014
eol_compatible,ALL,none,spearman,ir_early_slope,113,3,-0.08954901117764037,0.34556239620483675
eol_compatible,ALL,within_batch_mean_centered,pearson,ir_early_slope,113,3,0.01884508196188824,
eol_compatible,ALL,within_batch_structure_centered,pearson,ir_early_slope,113,3,0.0009202587731211576,
eol_compatible,ALL,none,pearson,ir_zero_fraction_early,119,3,-0.07450086351905627,0.42067543833918064
eol_compatible,ALL,none,spearman,ir_zero_fraction_early,119,3,-0.08386499121734148,0.36451192139563365
eol_compatible,ALL,within_batch_mean_centered,pearson,ir_zero_fraction_early,119,3,0.14995239108476516,
eol_compatible,ALL,within_batch_structure_centered,pearson,ir_zero_fraction_early,119,3,0.019651317593360997,
eol_compatible,ALL,none,pearson,tavg_early_mean,119,3,0.3506793948608287,9.229610111200409e-05
eol_compatible,ALL,none,spearman,tavg_early_mean,119,3,0.3250722842130643,0.00030955568100033396
eol_compatible,ALL,within_batch_mean_centered,pearson,tavg_early_mean,119,3,0.09635348729007523,
eol_compatible,ALL,within_batch_structure_centered,pearson,tavg_early_mean,119,3,-0.021861909283723904,
eol_compatible,ALL,none,pearson,ir_missing_fraction_early,119,3,-0.07450086351905627,0.42067543833918064
eol_compatible,ALL,none,spearman,ir_missing_fraction_early,119,3,-0.08386499121734148,0.36451192139563365
eol_compatible,ALL,within_batch_mean_centered,pearson,ir_missing_fraction_early,119,3,0.14995239108476516,
eol_compatible,ALL,within_batch_structure_centered,pearson,ir_missing_fraction_early,119,3,0.019651317593360997,
eol_compatible,ALL,none,pearson,tmax_early_mean,119,3,0.05364043694814328,0.5623267055892698
eol_compatible,ALL,none,spearman,tmax_early_mean,119,3,0.07147231837099227,0.4398598891678478
eol_compatible,ALL,within_batch_mean_centered,pearson,tmax_early_mean,119,3,-0.07413023455653181,
eol_compatible,ALL,within_batch_structure_centered,pearson,tmax_early_mean,119,3,-0.08343866951439573,
eol_compatible,ALL,none,pearson,chargetime_early_mean,119,3,-0.19403011930739328,0.03447983144512818
eol_compatible,ALL,none,spearman,chargetime_early_mean,119,3,-0.2686122862013837,0.0031391722822374703
eol_compatible,ALL,within_batch_mean_centered,pearson,chargetime_early_mean,119,3,0.06863048492112113,
eol_compatible,ALL,within_batch_structure_centered,pearson,chargetime_early_mean,119,3,0.026764266687743798,
eol_compatible,ALL,none,pearson,chargetime_early_median,119,3,0.2270414179451856,0.013024295157045403
eol_compatible,ALL,none,spearman,chargetime_early_median,119,3,-0.1945249087250101,0.03401344624150662
eol_compatible,ALL,within_batch_mean_centered,pearson,chargetime_early_median,119,3,0.3518469099158957,
eol_compatible,ALL,within_batch_structure_centered,pearson,chargetime_early_median,119,3,0.4442812468149788,
eol_compatible,ALL,none,pearson,chargetime_early_mean_qc,119,3,0.2219661413693817,0.015259854235911911
eol_compatible,ALL,none,spearman,chargetime_early_mean_qc,119,3,-0.21658904131297213,0.017985106662683544
eol_compatible,ALL,within_batch_mean_centered,pearson,chargetime_early_mean_qc,119,3,0.3497379854419716,
eol_compatible,ALL,within_batch_structure_centered,pearson,chargetime_early_mean_qc,119,3,0.4424710568838328,
eol_compatible,ALL,none,pearson,qd_early_mean_qc,119,3,-0.5247083480984815,9.046181725300683e-10
eol_compatible,ALL,none,spearman,qd_early_mean_qc,119,3,-0.5562926406010866,5.085206579066891e-11
eol_compatible,ALL,within_batch_mean_centered,pearson,qd_early_mean_qc,119,3,0.015211516520531949,
eol_compatible,ALL,within_batch_structure_centered,pearson,qd_early_mean_qc,119,3,0.13132922164309302,
eol_compatible,ALL,none,pearson,qd_early_std_qc,119,3,-0.3215491354361685,0.0003626841820224057
eol_compatible,ALL,none,spearman,qd_early_std_qc,119,3,-0.6071621872455663,2.4748035088412746e-13
eol_compatible,ALL,within_batch_mean_centered,pearson,qd_early_std_qc,119,3,-0.016386796607871075,
eol_compatible,ALL,within_batch_structure_centered,pearson,qd_early_std_qc,119,3,-0.08785196998281118,
eol_compatible,ALL,none,pearson,qd_early_slope_qc,119,3,-0.11543482765403579,0.21124938303321208
eol_compatible,ALL,none,spearman,qd_early_slope_qc,119,3,-0.21894984975657356,0.016740696909473832
eol_compatible,ALL,within_batch_mean_centered,pearson,qd_early_slope_qc,119,3,0.01935798716546875,
eol_compatible,ALL,within_batch_structure_centered,pearson,qd_early_slope_qc,119,3,0.22001659408333712,
eol_compatible,ALL,none,pearson,qd2_qc,119,3,-0.5411323305188692,2.1016255310923847e-10
eol_compatible,ALL,none,spearman,qd2_qc,119,3,-0.5721987210197406,1.060512282386067e-11
eol_compatible,ALL,within_batch_mean_centered,pearson,qd2_qc,119,3,-0.007566007370584972,
eol_compatible,ALL,within_batch_structure_centered,pearson,qd2_qc,119,3,0.08497718494234252,
eol_compatible,ALL,none,pearson,qd100_qc,119,3,-0.4983174157402495,8.070580704604839e-09
eol_compatible,ALL,none,spearman,qd100_qc,119,3,-0.5414512385001353,2.0412982720495667e-10
eol_compatible,ALL,within_batch_mean_centered,pearson,qd100_qc,119,3,0.04471887833394429,
eol_compatible,ALL,within_batch_structure_centered,pearson,qd100_qc,119,3,0.17347832278604874,
eol_compatible,ALL,none,pearson,qd_delta_100_2_qc,119,3,-0.02684733590942421,0.7719457037618551
eol_compatible,ALL,none,spearman,qd_delta_100_2_qc,119,3,-0.17559358488584806,0.05611387431513495
eol_compatible,ALL,within_batch_mean_centered,pearson,qd_delta_100_2_qc,119,3,0.10037408952103773,
eol_compatible,ALL,within_batch_structure_centered,pearson,qd_delta_100_2_qc,119,3,0.19677297590523735,
eol_compatible,ALL,none,pearson,c1,119,3,0.005404463907635923,0.9534826925619775
eol_compatible,ALL,none,spearman,c1,119,3,0.0773026195568086,0.4033673740641613
eol_compatible,ALL,within_batch_mean_centered,pearson,c1,119,3,-0.04177431253654371,
eol_compatible,ALL,within_batch_structure_centered,pearson,c1,119,3,-0.08876912293607755,
eol_compatible,ALL,none,pearson,switch_soc_pct,119,3,0.1669768212398909,0.06951770903930096
eol_compatible,ALL,none,spearman,switch_soc_pct,119,3,0.08486937252637128,0.35877575304435155
eol_compatible,ALL,within_batch_mean_centered,pearson,switch_soc_pct,119,3,0.27640470778886805,
eol_compatible,ALL,within_batch_structure_centered,pearson,switch_soc_pct,119,3,0.27857121290962894,
eol_compatible,ALL,none,pearson,c2,119,3,-0.09634452433346218,0.29725958128672464
eol_compatible,ALL,none,spearman,c2,119,3,-0.12083952262755489,0.19050310608982646
eol_compatible,ALL,within_batch_mean_centered,pearson,c2,119,3,-0.10019348960657597,
eol_compatible,ALL,within_batch_structure_centered,pearson,c2,119,3,-0.07684098210086443,
eol_compatible,ALL,none,pearson,c2_active,100,3,-0.20525308675352774,0.04050209956003709
eol_compatible,ALL,none,spearman,c2_active,100,3,-0.1313910755010777,0.19255813956817597
eol_compatible,ALL,within_batch_mean_centered,pearson,c2_active,100,3,-0.22396126559635335,
eol_compatible,ALL,within_batch_structure_centered,pearson,c2_active,100,3,-0.1878297120576901,
eol_compatible,ALL,none,pearson,stage2_soc_span_pct,119,3,-0.1669768212398909,0.06951770903930096
eol_compatible,ALL,none,spearman,stage2_soc_span_pct,119,3,-0.08486937252637128,0.35877575304435155
eol_compatible,ALL,within_batch_mean_centered,pearson,stage2_soc_span_pct,119,3,-0.276404707788868,
eol_compatible,ALL,within_batch_structure_centered,pearson,stage2_soc_span_pct,119,3,-0.27857121290962894,
eol_compatible,ALL,none,pearson,c_max,119,3,-0.17960118777940398,0.05064676449916409
eol_compatible,ALL,none,spearman,c_max,119,3,-0.14447804284925206,0.11695806476022365
eol_compatible,ALL,within_batch_mean_centered,pearson,c_max,119,3,-0.27455659516633324,
eol_compatible,ALL,within_batch_structure_centered,pearson,c_max,119,3,-0.28445686391627023,
eol_compatible,ALL,none,pearson,c_eff_0_80,119,3,-0.09616801542581009,0.29814964570776364
eol_compatible,ALL,none,spearman,c_eff_0_80,119,3,-0.02917119789826124,0.7528160785205645
eol_compatible,ALL,within_batch_mean_centered,pearson,c_eff_0_80,119,3,-0.1924176373203268,
eol_compatible,ALL,within_batch_structure_centered,pearson,c_eff_0_80,119,3,-0.22261716084834215,
eol_compatible,B1,none,pearson,qd_early_mean,36,1,0.2145336388230366,0.208947504260744
eol_compatible,B1,none,spearman,qd_early_mean,36,1,0.2148281649924039,0.20830814589951432
eol_compatible,B1,none,pearson,qd_early_std,36,1,-0.12051389877641058,0.48385067066138787
eol_compatible,B1,none,spearman,qd_early_std,36,1,-0.17904492360960683,0.29610187133529364
eol_compatible,B1,none,pearson,qd_early_median,36,1,0.24265901414046992,0.15387243797938022
eol_compatible,B1,none,spearman,qd_early_median,36,1,0.2336208025531534,0.17027563799393186
eol_compatible,B1,none,pearson,qd2,36,1,0.16054410943752817,0.3496048513930463
eol_compatible,B1,none,spearman,qd2,36,1,0.16102458622258672,0.34814549650357396
eol_compatible,B1,none,pearson,qd100,36,1,0.3392489026123476,0.04295698100418612
eol_compatible,B1,none,spearman,qd100,36,1,0.36954563312953354,0.02654085592149545
eol_compatible,B1,none,pearson,qd_delta_100_2,36,1,0.47276269587016934,0.0035948340027135315
eol_compatible,B1,none,spearman,qd_delta_100_2,36,1,0.41691337711827214,0.011420551082612647
eol_compatible,B1,none,pearson,qd_early_slope,36,1,0.3581299526703319,0.031980729573273595
eol_compatible,B1,none,spearman,qd_early_slope,36,1,0.4681426219756578,0.003984729700958474
eol_compatible,B1,none,pearson,ir_early_mean,36,1,0.22400166343886624,0.1890685417038193
eol_compatible,B1,none,spearman,ir_early_mean,36,1,0.19552066064916804,0.2531240641378415
eol_compatible,B1,none,pearson,ir_change_100_2,36,1,0.1370198642503906,0.42552409975883615
eol_compatible,B1,none,spearman,ir_change_100_2,36,1,-0.22512550064212966,0.1868006044759682
eol_compatible,B1,none,pearson,ir_early_slope,36,1,0.10968660041107917,0.5242424911827372
eol_compatible,B1,none,spearman,ir_early_slope,36,1,-0.2517698566357951,0.13853006542090082
eol_compatible,B1,none,pearson,ir_zero_fraction_early,36,1,-0.24478159308206734,0.15019254137325605
eol_compatible,B1,none,spearman,ir_zero_fraction_early,36,1,-0.21527650889777358,0.20733748186522752
eol_compatible,B1,none,pearson,tavg_early_mean,36,1,-0.1727081087650401,0.31380380651557593
eol_compatible,B1,none,spearman,tavg_early_mean,36,1,-0.11635989284190121,0.4991540095965721
eol_compatible,B1,none,pearson,ir_missing_fraction_early,36,1,-0.24478159308206734,0.15019254137325605
eol_compatible,B1,none,spearman,ir_missing_fraction_early,36,1,-0.21527650889777358,0.20733748186522752
eol_compatible,B1,none,pearson,tmax_early_mean,36,1,-0.1633037864184324,0.341273371337635
eol_compatible,B1,none,spearman,tmax_early_mean,36,1,-0.10245848971477142,0.5520950752193412
eol_compatible,B1,none,pearson,chargetime_early_mean,36,1,0.4897119425376297,0.002433735782337753
eol_compatible,B1,none,spearman,chargetime_early_mean,36,1,0.47741022406041106,0.0032364754319059662
eol_compatible,B1,none,pearson,chargetime_early_median,36,1,0.5709260353652217,0.0002766272979378854
eol_compatible,B1,none,spearman,chargetime_early_median,36,1,0.46132063710771454,0.004627300924792432
eol_compatible,B1,none,pearson,chargetime_early_mean_qc,36,1,0.5697695328050203,0.0002864777264623944
eol_compatible,B1,none,spearman,chargetime_early_mean_qc,36,1,0.4255373957249175,0.009669730844032288
eol_compatible,B1,none,pearson,qd_early_mean_qc,36,1,0.24978886550607277,0.1417661409404353
eol_compatible,B1,none,spearman,qd_early_mean_qc,36,1,0.2598790084599541,0.1258484002029972
eol_compatible,B1,none,pearson,qd_early_std_qc,36,1,-0.39418574046957505,0.017365968633803627
eol_compatible,B1,none,spearman,qd_early_std_qc,36,1,-0.1834212912607403,0.28425687858306997
eol_compatible,B1,none,pearson,qd_early_slope_qc,36,1,0.507841141181408,0.001567937896505842
eol_compatible,B1,none,spearman,qd_early_slope_qc,36,1,0.4725189896267913,0.0036145403874186326
eol_compatible,B1,none,pearson,qd2_qc,36,1,0.16054410943752817,0.3496048513930463
eol_compatible,B1,none,spearman,qd2_qc,36,1,0.16102458622258672,0.34814549650357396
eol_compatible,B1,none,pearson,qd100_qc,36,1,0.3392489026123476,0.04295698100418612
eol_compatible,B1,none,spearman,qd100_qc,36,1,0.36954563312953354,0.02654085592149545
eol_compatible,B1,none,pearson,qd_delta_100_2_qc,36,1,0.47276269587016934,0.0035948340027135315
eol_compatible,B1,none,spearman,qd_delta_100_2_qc,36,1,0.41691337711827214,0.011420551082612647
eol_compatible,B1,none,pearson,c1,36,1,-0.2352243558586028,0.16727772665845503
eol_compatible,B1,none,spearman,c1,36,1,-0.23741033250727675,0.16325221901857337
eol_compatible,B1,none,pearson,switch_soc_pct,36,1,-0.17462388443306306,0.3083833796376952
eol_compatible,B1,none,spearman,switch_soc_pct,36,1,-0.058889962696132864,0.7329785396643672
eol_compatible,B1,none,pearson,c2,36,1,-0.23466244128456962,0.16832390806540912
eol_compatible,B1,none,spearman,c2,36,1,-0.16124117981690955,0.34748884678640574
eol_compatible,B1,none,pearson,c2_active,31,1,0.004080011546878523,0.9826210015801339
eol_compatible,B1,none,spearman,c2_active,31,1,-0.05116687600412372,0.7845788433202762
eol_compatible,B1,none,pearson,stage2_soc_span_pct,36,1,0.17462388443306312,0.3083833796376946
eol_compatible,B1,none,spearman,stage2_soc_span_pct,36,1,0.058889962696132864,0.7329785396643672
eol_compatible,B1,none,pearson,c_max,36,1,-0.2352243558586028,0.16727772665845503
eol_compatible,B1,none,spearman,c_max,36,1,-0.23741033250727675,0.16325221901857337
eol_compatible,B1,none,pearson,c_eff_0_80,36,1,-0.5798264409316723,0.00021039610617467437
eol_compatible,B1,none,spearman,c_eff_0_80,36,1,-0.43486105531239155,0.008039139417455165
eol_compatible,B2,none,pearson,qd_early_mean,39,1,-0.3325695460441213,0.038582062455566606
eol_compatible,B2,none,spearman,qd_early_mean,39,1,0.11711711771713532,0.47767365165732606
eol_compatible,B2,none,pearson,qd_early_std,39,1,0.17290351138287402,0.2925223419443677
eol_compatible,B2,none,spearman,qd_early_std,39,1,-0.10051624709863038,0.5426267592097292
eol_compatible,B2,none,pearson,qd_early_median,39,1,-0.2951083617385643,0.06817504666301005
eol_compatible,B2,none,spearman,qd_early_median,39,1,0.1106387291830846,0.5025252184082816
eol_compatible,B2,none,pearson,qd2,39,1,-0.2843299440200719,0.07938274134244888
eol_compatible,B2,none,spearman,qd2,39,1,0.08492762468857089,0.6072189556311465
eol_compatible,B2,none,pearson,qd100,39,1,-0.333603319983239,0.03794560060417252
eol_compatible,B2,none,spearman,qd100,39,1,0.07723453830438569,0.6402596016260581
eol_compatible,B2,none,pearson,qd_delta_100_2,39,1,-0.1992761181428142,0.2238962185446957
eol_compatible,B2,none,spearman,qd_delta_100_2,39,1,-0.09666970390653778,0.5582557812059112
eol_compatible,B2,none,pearson,qd_early_slope,39,1,-0.44525545809579203,0.004505675482961397
eol_compatible,B2,none,spearman,qd_early_slope,39,1,-0.27108007022168396,0.09507087452843678
eol_compatible,B2,none,pearson,ir_early_mean,33,1,-0.6255133874742054,9.920802832834427e-05
eol_compatible,B2,none,spearman,ir_early_mean,33,1,-0.1992145072552431,0.26637028583084954
eol_compatible,B2,none,pearson,ir_change_100_2,33,1,0.3298526960746093,0.060841148135160325
eol_compatible,B2,none,spearman,ir_change_100_2,33,1,0.30901646301589303,0.080147477491986
eol_compatible,B2,none,pearson,ir_early_slope,33,1,0.1911583402870009,0.2865841227587095
eol_compatible,B2,none,spearman,ir_early_slope,33,1,0.2109133457685544,0.2387174936655644
eol_compatible,B2,none,pearson,ir_zero_fraction_early,39,1,0.28886887792471183,0.0744997867255936
eol_compatible,B2,none,spearman,ir_zero_fraction_early,39,1,0.30628232410062944,0.057912684441323366
eol_compatible,B2,none,pearson,tavg_early_mean,39,1,0.4253120270489282,0.006951526483057072
eol_compatible,B2,none,spearman,tavg_early_mean,39,1,0.16550258208082647,0.31398219394653226
eol_compatible,B2,none,pearson,ir_missing_fraction_early,39,1,0.28886887792471183,0.0744997867255936
eol_compatible,B2,none,spearman,ir_missing_fraction_early,39,1,0.30628232410062944,0.057912684441323366
eol_compatible,B2,none,pearson,tmax_early_mean,39,1,0.018802285438894794,0.9095470935345008
eol_compatible,B2,none,spearman,tmax_early_mean,39,1,-0.13594493439422012,0.4092608517530202
eol_compatible,B2,none,pearson,chargetime_early_mean,39,1,0.08706750328012963,0.5981600160289358
eol_compatible,B2,none,spearman,chargetime_early_mean,39,1,-0.39325842898104635,0.013260574022552356
eol_compatible,B2,none,pearson,chargetime_early_median,39,1,-0.918399008514092,1.7805968927377313e-16
eol_compatible,B2,none,spearman,chargetime_early_median,39,1,-0.8115193887106946,3.683261045506726e-10
eol_compatible,B2,none,pearson,chargetime_early_mean_qc,39,1,-0.9174099479141915,2.2062767564934432e-16
eol_compatible,B2,none,spearman,chargetime_early_mean_qc,39,1,-0.7562506365295747,2.5796257023324588e-08
eol_compatible,B2,none,pearson,qd_early_mean_qc,39,1,-0.3325695460441213,0.038582062455566606
eol_compatible,B2,none,spearman,qd_early_mean_qc,39,1,0.11711711771713532,0.47767365165732606
eol_compatible,B2,none,pearson,qd_early_std_qc,39,1,0.17290351138287402,0.2925223419443677
eol_compatible,B2,none,spearman,qd_early_std_qc,39,1,-0.10051624709863038,0.5426267592097292
eol_compatible,B2,none,pearson,qd_early_slope_qc,39,1,-0.44525545809579203,0.004505675482961397
eol_compatible,B2,none,spearman,qd_early_slope_qc,39,1,-0.27108007022168396,0.09507087452843678
eol_compatible,B2,none,pearson,qd2_qc,39,1,-0.2843299440200719,0.07938274134244888
eol_compatible,B2,none,spearman,qd2_qc,39,1,0.08492762468857089,0.6072189556311465
eol_compatible,B2,none,pearson,qd100_qc,39,1,-0.333603319983239,0.03794560060417252
eol_compatible,B2,none,spearman,qd100_qc,39,1,0.07723453830438569,0.6402596016260581
eol_compatible,B2,none,pearson,qd_delta_100_2_qc,39,1,-0.1992761181428142,0.2238962185446957
eol_compatible,B2,none,spearman,qd_delta_100_2_qc,39,1,-0.09666970390653778,0.5582557812059112
eol_compatible,B2,none,pearson,c1,39,1,0.19074658847387693,0.2447592682571221
eol_compatible,B2,none,spearman,c1,39,1,0.05509278655119761,0.7390485991636518
eol_compatible,B2,none,pearson,switch_soc_pct,39,1,0.11611987845984809,0.48145664397821836
eol_compatible,B2,none,spearman,switch_soc_pct,39,1,0.28781347990487877,0.07561362556004728
eol_compatible,B2,none,pearson,c2,39,1,-0.11630518850837052,0.48075249647490165
eol_compatible,B2,none,spearman,c2,39,1,-0.11884016238051073,0.4711742552506387
eol_compatible,B2,none,pearson,c2_active,31,1,-0.16123805524473214,0.3861975544267582
eol_compatible,B2,none,spearman,c2_active,31,1,-0.21487599237155366,0.24570851917890152
eol_compatible,B2,none,pearson,stage2_soc_span_pct,39,1,-0.11611987845984809,0.48145664397821836
eol_compatible,B2,none,spearman,stage2_soc_span_pct,39,1,-0.28781347990487877,0.07561362556004728
eol_compatible,B2,none,pearson,c_max,39,1,-0.16109258689961564,0.3272294557175888
eol_compatible,B2,none,spearman,c_max,39,1,-0.35908307144841967,0.024769710954237825
eol_compatible,B2,none,pearson,c_eff_0_80,39,1,0.3336386287176393,0.037924014245049716
eol_compatible,B2,none,spearman,c_eff_0_80,39,1,0.32079048769847657,0.04646687471569225
eol_compatible,B3,none,pearson,qd_early_mean,44,1,0.21780526120673993,0.15552595884648474
eol_compatible,B3,none,spearman,qd_early_mean,44,1,0.16223835405716025,0.29271836408601615
eol_compatible,B3,none,pearson,qd_early_std,44,1,-0.34344504233924356,0.022460347923774694
eol_compatible,B3,none,spearman,qd_early_std,44,1,-0.2764817823484968,0.06925203955818623
eol_compatible,B3,none,pearson,qd_early_median,44,1,0.21441919665198317,0.1622129923601579
eol_compatible,B3,none,spearman,qd_early_median,44,1,0.15772781771499764,0.3065222630958059
eol_compatible,B3,none,pearson,qd2,44,1,0.15505722081590834,0.31488795507383704
eol_compatible,B3,none,spearman,qd2,44,1,0.1282683772302483,0.40666451839068574
eol_compatible,B3,none,pearson,qd100,44,1,0.27181284496965685,0.07428236592064172
eol_compatible,B3,none,spearman,qd100,44,1,0.1775318913423052,0.24895218678238262
eol_compatible,B3,none,pearson,qd_delta_100_2,44,1,0.2773310031955154,0.06836677435202447
eol_compatible,B3,none,spearman,qd_delta_100_2,44,1,-0.14335048312435444,0.35324576717056577
eol_compatible,B3,none,pearson,qd_early_slope,44,1,0.3382724993897136,0.024709411852665585
eol_compatible,B3,none,spearman,qd_early_slope,44,1,0.08823736719355543,0.568973800203014
eol_compatible,B3,none,pearson,ir_early_mean,44,1,0.1898513637128463,0.21707605202413843
eol_compatible,B3,none,spearman,ir_early_mean,44,1,0.16865177291867264,0.27379465192307473
eol_compatible,B3,none,pearson,ir_change_100_2,44,1,-0.38488470672947217,0.009886727315430908
eol_compatible,B3,none,spearman,ir_change_100_2,44,1,-0.16280217109993056,0.29102162579103175
eol_compatible,B3,none,pearson,ir_early_slope,44,1,-0.3580029530003344,0.01703090950309946
eol_compatible,B3,none,spearman,ir_early_slope,44,1,-0.2031150896580086,0.18604859011360253
eol_compatible,B3,none,pearson,ir_zero_fraction_early,44,1,,
eol_compatible,B3,none,spearman,ir_zero_fraction_early,44,1,,
eol_compatible,B3,none,pearson,tavg_early_mean,44,1,-0.021766797465161858,0.8884667991507859
eol_compatible,B3,none,spearman,tavg_early_mean,44,1,0.025371766924664505,0.8701417227972023
eol_compatible,B3,none,pearson,ir_missing_fraction_early,44,1,,
eol_compatible,B3,none,spearman,ir_missing_fraction_early,44,1,,
eol_compatible,B3,none,pearson,tmax_early_mean,44,1,-0.10649428050434649,0.49143549291492705
eol_compatible,B3,none,spearman,tmax_early_mean,44,1,-0.03509761091245256,0.8210625426175072
eol_compatible,B3,none,pearson,chargetime_early_mean,44,1,0.6374731672218192,3.2632100720915317e-06
eol_compatible,B3,none,spearman,chargetime_early_mean,44,1,0.19197970306329473,0.21186987785735012
eol_compatible,B3,none,pearson,chargetime_early_median,44,1,0.6383671096727549,3.1300862599082066e-06
eol_compatible,B3,none,spearman,chargetime_early_median,44,1,0.26102124976562596,0.08701029367424246
eol_compatible,B3,none,pearson,chargetime_early_mean_qc,44,1,0.6374731672218192,3.2632100720915317e-06
eol_compatible,B3,none,spearman,chargetime_early_mean_qc,44,1,0.19197970306329473,0.21186987785735012
eol_compatible,B3,none,pearson,qd_early_mean_qc,44,1,0.21780526120673993,0.15552595884648474
eol_compatible,B3,none,spearman,qd_early_mean_qc,44,1,0.16223835405716025,0.29271836408601615
eol_compatible,B3,none,pearson,qd_early_std_qc,44,1,-0.34344504233924356,0.022460347923774694
eol_compatible,B3,none,spearman,qd_early_std_qc,44,1,-0.2764817823484968,0.06925203955818623
eol_compatible,B3,none,pearson,qd_early_slope_qc,44,1,0.3382724993897136,0.024709411852665585
eol_compatible,B3,none,spearman,qd_early_slope_qc,44,1,0.08823736719355543,0.568973800203014
eol_compatible,B3,none,pearson,qd2_qc,44,1,0.15505722081590834,0.31488795507383704
eol_compatible,B3,none,spearman,qd2_qc,44,1,0.1282683772302483,0.40666451839068574
eol_compatible,B3,none,pearson,qd100_qc,44,1,0.27181284496965685,0.07428236592064172
eol_compatible,B3,none,spearman,qd100_qc,44,1,0.1775318913423052,0.24895218678238262
eol_compatible,B3,none,pearson,qd_delta_100_2_qc,44,1,0.2773310031955154,0.06836677435202447
eol_compatible,B3,none,spearman,qd_delta_100_2_qc,44,1,-0.14335048312435444,0.35324576717056577
eol_compatible,B3,none,pearson,c1,44,1,-0.08289859421256335,0.5926643618733121
eol_compatible,B3,none,spearman,c1,44,1,-0.22887519748075072,0.13507191452088127
eol_compatible,B3,none,pearson,switch_soc_pct,44,1,0.5413599075607185,0.00014786037370863076
eol_compatible,B3,none,spearman,switch_soc_pct,44,1,0.44332485175807257,0.002578765642509396
eol_compatible,B3,none,pearson,c2,44,1,-0.042746376392717,0.7829241112282228
eol_compatible,B3,none,spearman,c2,44,1,0.015736317835818345,0.9192455550957178
eol_compatible,B3,none,pearson,c2_active,38,1,-0.3449954324884314,0.03389957671318086
eol_compatible,B3,none,spearman,c2_active,38,1,-0.30997911953767254,0.05823084698493596
eol_compatible,B3,none,pearson,stage2_soc_span_pct,44,1,-0.5413599075607185,0.00014786037370863076
eol_compatible,B3,none,spearman,stage2_soc_span_pct,44,1,-0.44332485175807257,0.002578765642509396
eol_compatible,B3,none,pearson,c_max,44,1,-0.6571319945941887,1.264946079034573e-06
eol_compatible,B3,none,spearman,c_max,44,1,-0.6070241729582949,1.250551603106234e-05
eol_compatible,B3,none,pearson,c_eff_0_80,44,1,-0.018138894979129502,0.9069666148879446
eol_compatible,B3,none,spearman,c_eff_0_80,44,1,-0.13205193371079488,0.39284597602871785
eol_compatible_no_qd_high,ALL,none,pearson,qd_early_mean,118,3,-0.5290379815784853,7.340400526070831e-10
eol_compatible_no_qd_high,ALL,none,spearman,qd_early_mean,118,3,-0.5632087358853796,3.1577897874753686e-11
eol_compatible_no_qd_high,ALL,within_batch_mean_centered,pearson,qd_early_mean,118,3,0.010053921589160523,
eol_compatible_no_qd_high,ALL,within_batch_structure_centered,pearson,qd_early_mean,118,3,0.12658077086978323,
eol_compatible_no_qd_high,ALL,none,pearson,qd_early_std,118,3,-0.32235201423435755,0.0003710249986819733
eol_compatible_no_qd_high,ALL,none,spearman,qd_early_std,118,3,-0.6033708891683384,4.789139884964312e-13
eol_compatible_no_qd_high,ALL,within_batch_mean_centered,pearson,qd_early_std,118,3,-0.015425672567479301,
eol_compatible_no_qd_high,ALL,within_batch_structure_centered,pearson,qd_early_std,118,3,-0.08683328893614385,
eol_compatible_no_qd_high,ALL,none,pearson,qd_early_median,118,3,-0.5268154071642474,8.90019825488309e-10
eol_compatible_no_qd_high,ALL,none,spearman,qd_early_median,118,3,-0.5655826014517997,2.5037922875733866e-11
eol_compatible_no_qd_high,ALL,within_batch_mean_centered,pearson,qd_early_median,118,3,0.022653058494955285,
eol_compatible_no_qd_high,ALL,within_batch_structure_centered,pearson,qd_early_median,118,3,0.12740214031655273,
eol_compatible_no_qd_high,ALL,none,pearson,qd2,118,3,-0.5454275530278749,1.6964425306424302e-10
eol_compatible_no_qd_high,ALL,none,spearman,qd2,118,3,-0.5800558772052203,5.840261824013871e-12
eol_compatible_no_qd_high,ALL,within_batch_mean_centered,pearson,qd2,118,3,-0.01256480103706161,
eol_compatible_no_qd_high,ALL,within_batch_structure_centered,pearson,qd2,118,3,0.08006718389618961,
eol_compatible_no_qd_high,ALL,none,pearson,qd100,118,3,-0.5032358551287659,6.324624909285942e-09
eol_compatible_no_qd_high,ALL,none,spearman,qd100,118,3,-0.5496557895515557,1.1475900711711194e-10
eol_compatible_no_qd_high,ALL,within_batch_mean_centered,pearson,qd100,118,3,0.03976733274950066,
eol_compatible_no_qd_high,ALL,within_batch_structure_centered,pearson,qd100,118,3,0.16913403301694752,
eol_compatible_no_qd_high,ALL,none,pearson,qd_delta_100_2,118,3,-0.028865916958925347,0.7563397993784811
eol_compatible_no_qd_high,ALL,none,spearman,qd_delta_100_2,118,3,-0.18730894949317087,0.04224997399896749
eol_compatible_no_qd_high,ALL,within_batch_mean_centered,pearson,qd_delta_100_2,118,3,0.0981424301967739,
eol_compatible_no_qd_high,ALL,within_batch_structure_centered,pearson,qd_delta_100_2,118,3,0.19447786908773307,
eol_compatible_no_qd_high,ALL,none,pearson,qd_early_slope,118,3,-0.11826356335246858,0.20214053957870184
eol_compatible_no_qd_high,ALL,none,spearman,qd_early_slope,118,3,-0.2289209868220819,0.012650786327018144
eol_compatible_no_qd_high,ALL,within_batch_mean_centered,pearson,qd_early_slope,118,3,0.01687916632606047,
eol_compatible_no_qd_high,ALL,within_batch_structure_centered,pearson,qd_early_slope,118,3,0.2176980138989343,
eol_compatible_no_qd_high,ALL,none,pearson,ir_early_mean,112,3,-0.39506218228028533,1.6270602716004464e-05
eol_compatible_no_qd_high,ALL,none,spearman,ir_early_mean,112,3,-0.4564210436908167,4.240761707736393e-07
eol_compatible_no_qd_high,ALL,within_batch_mean_centered,pearson,ir_early_mean,112,3,-0.045698729486975224,
eol_compatible_no_qd_high,ALL,within_batch_structure_centered,pearson,ir_early_mean,112,3,0.18596282324880015,
eol_compatible_no_qd_high,ALL,none,pearson,ir_change_100_2,112,3,0.2320698184840732,0.013810458213122824
eol_compatible_no_qd_high,ALL,none,spearman,ir_change_100_2,112,3,0.01807950626449966,0.8499325582387354
eol_compatible_no_qd_high,ALL,within_batch_mean_centered,pearson,ir_change_100_2,112,3,0.03090444866373639,
eol_compatible_no_qd_high,ALL,within_batch_structure_centered,pearson,ir_change_100_2,112,3,-0.10301492439528895,
eol_compatible_no_qd_high,ALL,none,pearson,ir_early_slope,112,3,0.027213640829334168,0.7757790422585203
eol_compatible_no_qd_high,ALL,none,spearman,ir_early_slope,112,3,-0.09991351052337362,0.2945702517518514
eol_compatible_no_qd_high,ALL,within_batch_mean_centered,pearson,ir_early_slope,112,3,-0.05865961420635858,
eol_compatible_no_qd_high,ALL,within_batch_structure_centered,pearson,ir_early_slope,112,3,-0.12958214509905175,
eol_compatible_no_qd_high,ALL,none,pearson,ir_zero_fraction_early,118,3,-0.07534374673457483,0.4174325519568234
eol_compatible_no_qd_high,ALL,none,spearman,ir_zero_fraction_early,118,3,-0.08497076641110445,0.360270922861957
eol_compatible_no_qd_high,ALL,within_batch_mean_centered,pearson,ir_zero_fraction_early,118,3,0.15003027790222456,
eol_compatible_no_qd_high,ALL,within_batch_structure_centered,pearson,ir_zero_fraction_early,118,3,0.019635633183003404,
eol_compatible_no_qd_high,ALL,none,pearson,tavg_early_mean,118,3,0.3490412333409927,0.00010716949397719478
eol_compatible_no_qd_high,ALL,none,spearman,tavg_early_mean,118,3,0.3214652229037569,0.00038591815303883764
eol_compatible_no_qd_high,ALL,within_batch_mean_centered,pearson,tavg_early_mean,118,3,0.09363527500380628,
eol_compatible_no_qd_high,ALL,within_batch_structure_centered,pearson,tavg_early_mean,118,3,-0.025639366674248557,
eol_compatible_no_qd_high,ALL,none,pearson,ir_missing_fraction_early,118,3,-0.07534374673457483,0.4174325519568234
eol_compatible_no_qd_high,ALL,none,spearman,ir_missing_fraction_early,118,3,-0.08497076641110445,0.360270922861957
eol_compatible_no_qd_high,ALL,within_batch_mean_centered,pearson,ir_missing_fraction_early,118,3,0.15003027790222456,
eol_compatible_no_qd_high,ALL,within_batch_structure_centered,pearson,ir_missing_fraction_early,118,3,0.019635633183003404,
eol_compatible_no_qd_high,ALL,none,pearson,tmax_early_mean,118,3,0.05190814178503388,0.5766799449359179
eol_compatible_no_qd_high,ALL,none,spearman,tmax_early_mean,118,3,0.0690429669741147,0.4575411044508516
eol_compatible_no_qd_high,ALL,within_batch_mean_centered,pearson,tmax_early_mean,118,3,-0.07564812781665228,
eol_compatible_no_qd_high,ALL,within_batch_structure_centered,pearson,tmax_early_mean,118,3,-0.08519662366132572,
eol_compatible_no_qd_high,ALL,none,pearson,chargetime_early_mean,118,3,-0.19543265698621318,0.03393538945876787
eol_compatible_no_qd_high,ALL,none,spearman,chargetime_early_mean,118,3,-0.2793309351502334,0.0021896472096788197
eol_compatible_no_qd_high,ALL,within_batch_mean_centered,pearson,chargetime_early_mean,118,3,0.06827600753226126,
eol_compatible_no_qd_high,ALL,within_batch_structure_centered,pearson,chargetime_early_mean,118,3,0.026321654906105305,
eol_compatible_no_qd_high,ALL,none,pearson,chargetime_early_median,118,3,0.2253555606093876,0.014144328770640478
eol_compatible_no_qd_high,ALL,none,spearman,chargetime_early_median,118,3,-0.20414733333905474,0.026595226803803745
eol_compatible_no_qd_high,ALL,within_batch_mean_centered,pearson,chargetime_early_median,118,3,0.3503365378427822,
eol_compatible_no_qd_high,ALL,within_batch_structure_centered,pearson,chargetime_early_median,118,3,0.44312015720781284,
eol_compatible_no_qd_high,ALL,none,pearson,chargetime_early_mean_qc,118,3,0.22014078655942848,0.016604609848297903
eol_compatible_no_qd_high,ALL,none,spearman,chargetime_early_mean_qc,118,3,-0.22645581873387624,0.013667849242421029
eol_compatible_no_qd_high,ALL,within_batch_mean_centered,pearson,chargetime_early_mean_qc,118,3,0.34835315127025346,
eol_compatible_no_qd_high,ALL,within_batch_structure_centered,pearson,chargetime_early_mean_qc,118,3,0.44152570346364406,
eol_compatible_no_qd_high,ALL,none,pearson,qd_early_mean_qc,118,3,-0.5290379815784853,7.340400526070831e-10
eol_compatible_no_qd_high,ALL,none,spearman,qd_early_mean_qc,118,3,-0.5632087358853796,3.1577897874753686e-11
eol_compatible_no_qd_high,ALL,within_batch_mean_centered,pearson,qd_early_mean_qc,118,3,0.010053921589160523,
eol_compatible_no_qd_high,ALL,within_batch_structure_centered,pearson,qd_early_mean_qc,118,3,0.12658077086978323,
eol_compatible_no_qd_high,ALL,none,pearson,qd_early_std_qc,118,3,-0.32235201423435755,0.0003710249986819733
eol_compatible_no_qd_high,ALL,none,spearman,qd_early_std_qc,118,3,-0.6033708891683384,4.789139884964312e-13
eol_compatible_no_qd_high,ALL,within_batch_mean_centered,pearson,qd_early_std_qc,118,3,-0.015425672567479301,
eol_compatible_no_qd_high,ALL,within_batch_structure_centered,pearson,qd_early_std_qc,118,3,-0.08683328893614385,
eol_compatible_no_qd_high,ALL,none,pearson,qd_early_slope_qc,118,3,-0.11826356335246858,0.20214053957870184
eol_compatible_no_qd_high,ALL,none,spearman,qd_early_slope_qc,118,3,-0.2289209868220819,0.012650786327018144
eol_compatible_no_qd_high,ALL,within_batch_mean_centered,pearson,qd_early_slope_qc,118,3,0.01687916632606047,
eol_compatible_no_qd_high,ALL,within_batch_structure_centered,pearson,qd_early_slope_qc,118,3,0.2176980138989343,
eol_compatible_no_qd_high,ALL,none,pearson,qd2_qc,118,3,-0.5454275530278749,1.6964425306424302e-10
eol_compatible_no_qd_high,ALL,none,spearman,qd2_qc,118,3,-0.5800558772052203,5.840261824013871e-12
eol_compatible_no_qd_high,ALL,within_batch_mean_centered,pearson,qd2_qc,118,3,-0.01256480103706161,
eol_compatible_no_qd_high,ALL,within_batch_structure_centered,pearson,qd2_qc,118,3,0.08006718389618961,
eol_compatible_no_qd_high,ALL,none,pearson,qd100_qc,118,3,-0.5032358551287659,6.324624909285942e-09
eol_compatible_no_qd_high,ALL,none,spearman,qd100_qc,118,3,-0.5496557895515557,1.1475900711711194e-10
eol_compatible_no_qd_high,ALL,within_batch_mean_centered,pearson,qd100_qc,118,3,0.03976733274950066,
eol_compatible_no_qd_high,ALL,within_batch_structure_centered,pearson,qd100_qc,118,3,0.16913403301694752,
eol_compatible_no_qd_high,ALL,none,pearson,qd_delta_100_2_qc,118,3,-0.028865916958925347,0.7563397993784811
eol_compatible_no_qd_high,ALL,none,spearman,qd_delta_100_2_qc,118,3,-0.18730894949317087,0.04224997399896749
eol_compatible_no_qd_high,ALL,within_batch_mean_centered,pearson,qd_delta_100_2_qc,118,3,0.0981424301967739,
eol_compatible_no_qd_high,ALL,within_batch_structure_centered,pearson,qd_delta_100_2_qc,118,3,0.19447786908773307,
eol_compatible_no_qd_high,ALL,none,pearson,c1,118,3,0.00515320090196348,0.9558336937281154
eol_compatible_no_qd_high,ALL,none,spearman,c1,118,3,0.07576762968811718,0.4148097995340248
eol_compatible_no_qd_high,ALL,within_batch_mean_centered,pearson,c1,118,3,-0.045977502804536635,
eol_compatible_no_qd_high,ALL,within_batch_structure_centered,pearson,c1,118,3,-0.09387849328835901,
eol_compatible_no_qd_high,ALL,none,pearson,switch_soc_pct,118,3,0.1713721476914241,0.0635230317655725
eol_compatible_no_qd_high,ALL,none,spearman,switch_soc_pct,118,3,0.0911839050429082,0.3260928756626665
eol_compatible_no_qd_high,ALL,within_batch_mean_centered,pearson,switch_soc_pct,118,3,0.28157210124911947,
eol_compatible_no_qd_high,ALL,within_batch_structure_centered,pearson,switch_soc_pct,118,3,0.2843699308909717,
eol_compatible_no_qd_high,ALL,none,pearson,c2,118,3,-0.10287949271536238,0.26760050397129004
eol_compatible_no_qd_high,ALL,none,spearman,c2,118,3,-0.12709932008851657,0.170211703191599
eol_compatible_no_qd_high,ALL,within_batch_mean_centered,pearson,c2,118,3,-0.10388163908332443,
eol_compatible_no_qd_high,ALL,within_batch_structure_centered,pearson,c2,118,3,-0.08093149867557313,
eol_compatible_no_qd_high,ALL,none,pearson,c2_active,99,3,-0.21291958353721235,0.034349526781702014
eol_compatible_no_qd_high,ALL,none,spearman,c2_active,99,3,-0.14025981734196563,0.1661445335019135
eol_compatible_no_qd_high,ALL,within_batch_mean_centered,pearson,c2_active,99,3,-0.2280548922650848,
eol_compatible_no_qd_high,ALL,within_batch_structure_centered,pearson,c2_active,99,3,-0.19271280193078005,
eol_compatible_no_qd_high,ALL,none,pearson,stage2_soc_span_pct,118,3,-0.1713721476914241,0.0635230317655725
eol_compatible_no_qd_high,ALL,none,spearman,stage2_soc_span_pct,118,3,-0.0911839050429082,0.3260928756626665
eol_compatible_no_qd_high,ALL,within_batch_mean_centered,pearson,stage2_soc_span_pct,118,3,-0.28157210124911947,
eol_compatible_no_qd_high,ALL,within_batch_structure_centered,pearson,stage2_soc_span_pct,118,3,-0.2843699308909717,
eol_compatible_no_qd_high,ALL,none,pearson,c_max,118,3,-0.18073190341616524,0.05017001724754404
eol_compatible_no_qd_high,ALL,none,spearman,c_max,118,3,-0.14784337259487154,0.1101126663303954
eol_compatible_no_qd_high,ALL,within_batch_mean_centered,pearson,c_max,118,3,-0.28122231797816355,
eol_compatible_no_qd_high,ALL,within_batch_structure_centered,pearson,c_max,118,3,-0.2919431130013219,
eol_compatible_no_qd_high,ALL,none,pearson,c_eff_0_80,118,3,-0.09374725779302552,0.3126193742092038
eol_compatible_no_qd_high,ALL,none,spearman,c_eff_0_80,118,3,-0.02142997232544816,0.8178295662335051
eol_compatible_no_qd_high,ALL,within_batch_mean_centered,pearson,c_eff_0_80,118,3,-0.1888731685688319,
eol_compatible_no_qd_high,ALL,within_batch_structure_centered,pearson,c_eff_0_80,118,3,-0.21863186843887827,
eol_compatible_no_qd_high,B1,none,pearson,qd_early_mean,35,1,0.2287482952314503,0.18625145134892143
eol_compatible_no_qd_high,B1,none,spearman,qd_early_mean,35,1,0.2372881379211576,0.16989905292142082
eol_compatible_no_qd_high,B1,none,pearson,qd_early_std,35,1,-0.3828576894760417,0.023206000419094513
eol_compatible_no_qd_high,B1,none,spearman,qd_early_std,35,1,-0.1432973819913484,0.4115202624550209
eol_compatible_no_qd_high,B1,none,pearson,qd_early_median,35,1,0.22137038506308018,0.2012467384418449
eol_compatible_no_qd_high,B1,none,spearman,qd_early_median,35,1,0.20983331204598232,0.22634352450717146
eol_compatible_no_qd_high,B1,none,pearson,qd2,35,1,0.13823790926750051,0.42839658394446745
eol_compatible_no_qd_high,B1,none,spearman,qd2,35,1,0.13307186010926783,0.4460175252873278
eol_compatible_no_qd_high,B1,none,pearson,qd100,35,1,0.3221924371060544,0.05908301167332134
eol_compatible_no_qd_high,B1,none,spearman,qd100,35,1,0.34794789527518033,0.040537819719471097
eol_compatible_no_qd_high,B1,none,pearson,qd_delta_100_2,35,1,0.4625209609491381,0.005149389249145809
eol_compatible_no_qd_high,B1,none,spearman,qd_delta_100_2,35,1,0.3889900584457229,0.02091491473483187
eol_compatible_no_qd_high,B1,none,pearson,qd_early_slope,35,1,0.4984540152070652,0.0023074312952991176
eol_compatible_no_qd_high,B1,none,spearman,qd_early_slope,35,1,0.44642107175603857,0.007184246254032117
eol_compatible_no_qd_high,B1,none,pearson,ir_early_mean,35,1,0.32314260703606484,0.05829664483150219
eol_compatible_no_qd_high,B1,none,spearman,ir_early_mean,35,1,0.24667320594991649,0.15314147184205187
eol_compatible_no_qd_high,B1,none,pearson,ir_change_100_2,35,1,0.1261694466684412,0.4701628639271683
eol_compatible_no_qd_high,B1,none,spearman,ir_change_100_2,35,1,-0.27748984723837855,0.10654775656641602
eol_compatible_no_qd_high,B1,none,pearson,ir_early_slope,35,1,-0.015150104221937827,0.9311651719698394
eol_compatible_no_qd_high,B1,none,spearman,ir_early_slope,35,1,-0.3064855051779769,0.0733389061948256
eol_compatible_no_qd_high,B1,none,pearson,ir_zero_fraction_early,35,1,-0.25561539011871215,0.13832200715443033
eol_compatible_no_qd_high,B1,none,spearman,ir_zero_fraction_early,35,1,-0.22522022021296598,0.19332069696369472
eol_compatible_no_qd_high,B1,none,pearson,tavg_early_mean,35,1,-0.20172277297372476,0.24521090291610445
eol_compatible_no_qd_high,B1,none,spearman,tavg_early_mean,35,1,-0.15548396286451296,0.3724517805279935
eol_compatible_no_qd_high,B1,none,pearson,ir_missing_fraction_early,35,1,-0.25561539011871215,0.13832200715443033
eol_compatible_no_qd_high,B1,none,spearman,ir_missing_fraction_early,35,1,-0.22522022021296598,0.19332069696369472
eol_compatible_no_qd_high,B1,none,pearson,tmax_early_mean,35,1,-0.17455978933085922,0.3158938477220499
eol_compatible_no_qd_high,B1,none,spearman,tmax_early_mean,35,1,-0.1256478510715929,0.4720149916071011
eol_compatible_no_qd_high,B1,none,pearson,chargetime_early_mean,35,1,0.48186536034150473,0.0033782460282313544
eol_compatible_no_qd_high,B1,none,spearman,chargetime_early_mean,35,1,0.45762712313366116,0.005707426892001798
eol_compatible_no_qd_high,B1,none,pearson,chargetime_early_median,35,1,0.5637182124648569,0.00042123493469162844
eol_compatible_no_qd_high,B1,none,spearman,chargetime_early_median,35,1,0.4409581217094476,0.008015478905219666
eol_compatible_no_qd_high,B1,none,pearson,chargetime_early_mean_qc,35,1,0.562342709254392,0.0004382125535267933
eol_compatible_no_qd_high,B1,none,spearman,chargetime_early_mean_qc,35,1,0.4028575470255309,0.016419757973800287
eol_compatible_no_qd_high,B1,none,pearson,qd_early_mean_qc,35,1,0.2287482952314503,0.18625145134892143
eol_compatible_no_qd_high,B1,none,spearman,qd_early_mean_qc,35,1,0.2372881379211576,0.16989905292142082
eol_compatible_no_qd_high,B1,none,pearson,qd_early_std_qc,35,1,-0.3828576894760417,0.023206000419094513
eol_compatible_no_qd_high,B1,none,spearman,qd_early_std_qc,35,1,-0.1432973819913484,0.4115202624550209
eol_compatible_no_qd_high,B1,none,pearson,qd_early_slope_qc,35,1,0.4984540152070652,0.0023074312952991176
eol_compatible_no_qd_high,B1,none,spearman,qd_early_slope_qc,35,1,0.44642107175603857,0.007184246254032117
eol_compatible_no_qd_high,B1,none,pearson,qd2_qc,35,1,0.13823790926750051,0.42839658394446745
eol_compatible_no_qd_high,B1,none,spearman,qd2_qc,35,1,0.13307186010926783,0.4460175252873278
eol_compatible_no_qd_high,B1,none,pearson,qd100_qc,35,1,0.3221924371060544,0.05908301167332134
eol_compatible_no_qd_high,B1,none,spearman,qd100_qc,35,1,0.34794789527518033,0.040537819719471097
eol_compatible_no_qd_high,B1,none,pearson,qd_delta_100_2_qc,35,1,0.4625209609491381,0.005149389249145809
eol_compatible_no_qd_high,B1,none,spearman,qd_delta_100_2_qc,35,1,0.3889900584457229,0.02091491473483187
eol_compatible_no_qd_high,B1,none,pearson,c1,35,1,-0.2545483094684356,0.14003282884154974
eol_compatible_no_qd_high,B1,none,spearman,c1,35,1,-0.26989458832367696,0.11688411716687919
eol_compatible_no_qd_high,B1,none,pearson,switch_soc_pct,35,1,-0.15650734114558756,0.36927412245058505
eol_compatible_no_qd_high,B1,none,spearman,switch_soc_pct,35,1,-0.028562133048405835,0.8706190982478645
eol_compatible_no_qd_high,B1,none,pearson,c2,35,1,-0.2562545913843592,0.13730457618429562
eol_compatible_no_qd_high,B1,none,spearman,c2,35,1,-0.18703157187390781,0.28199987523429526
eol_compatible_no_qd_high,B1,none,pearson,c2_active,30,1,-0.028330761072951564,0.8818614210537468
eol_compatible_no_qd_high,B1,none,spearman,c2_active,30,1,-0.08648183593331994,0.6495365617386932
eol_compatible_no_qd_high,B1,none,pearson,stage2_soc_span_pct,35,1,0.15650734114558756,0.36927412245058505
eol_compatible_no_qd_high,B1,none,spearman,stage2_soc_span_pct,35,1,0.028562133048405835,0.8706190982478645
eol_compatible_no_qd_high,B1,none,pearson,c_max,35,1,-0.2545483094684356,0.14003282884154974
eol_compatible_no_qd_high,B1,none,spearman,c_max,35,1,-0.26989458832367696,0.11688411716687919
eol_compatible_no_qd_high,B1,none,pearson,c_eff_0_80,35,1,-0.572568019071497,0.0003253128960462407
eol_compatible_no_qd_high,B1,none,spearman,c_eff_0_80,35,1,-0.4148717830351876,0.013208367699781403
eol_compatible_no_qd_high,B2,none,pearson,qd_early_mean,39,1,-0.3325695460441213,0.038582062455566606
eol_compatible_no_qd_high,B2,none,spearman,qd_early_mean,39,1,0.11711711771713532,0.47767365165732606
eol_compatible_no_qd_high,B2,none,pearson,qd_early_std,39,1,0.17290351138287402,0.2925223419443677
eol_compatible_no_qd_high,B2,none,spearman,qd_early_std,39,1,-0.10051624709863038,0.5426267592097292
eol_compatible_no_qd_high,B2,none,pearson,qd_early_median,39,1,-0.2951083617385643,0.06817504666301005
eol_compatible_no_qd_high,B2,none,spearman,qd_early_median,39,1,0.1106387291830846,0.5025252184082816
eol_compatible_no_qd_high,B2,none,pearson,qd2,39,1,-0.2843299440200719,0.07938274134244888
eol_compatible_no_qd_high,B2,none,spearman,qd2,39,1,0.08492762468857089,0.6072189556311465
eol_compatible_no_qd_high,B2,none,pearson,qd100,39,1,-0.333603319983239,0.03794560060417252
eol_compatible_no_qd_high,B2,none,spearman,qd100,39,1,0.07723453830438569,0.6402596016260581
eol_compatible_no_qd_high,B2,none,pearson,qd_delta_100_2,39,1,-0.1992761181428142,0.2238962185446957
eol_compatible_no_qd_high,B2,none,spearman,qd_delta_100_2,39,1,-0.09666970390653778,0.5582557812059112
eol_compatible_no_qd_high,B2,none,pearson,qd_early_slope,39,1,-0.44525545809579203,0.004505675482961397
eol_compatible_no_qd_high,B2,none,spearman,qd_early_slope,39,1,-0.27108007022168396,0.09507087452843678
eol_compatible_no_qd_high,B2,none,pearson,ir_early_mean,33,1,-0.6255133874742054,9.920802832834427e-05
eol_compatible_no_qd_high,B2,none,spearman,ir_early_mean,33,1,-0.1992145072552431,0.26637028583084954
eol_compatible_no_qd_high,B2,none,pearson,ir_change_100_2,33,1,0.3298526960746093,0.060841148135160325
eol_compatible_no_qd_high,B2,none,spearman,ir_change_100_2,33,1,0.30901646301589303,0.080147477491986
eol_compatible_no_qd_high,B2,none,pearson,ir_early_slope,33,1,0.1911583402870009,0.2865841227587095
eol_compatible_no_qd_high,B2,none,spearman,ir_early_slope,33,1,0.2109133457685544,0.2387174936655644
eol_compatible_no_qd_high,B2,none,pearson,ir_zero_fraction_early,39,1,0.28886887792471183,0.0744997867255936
eol_compatible_no_qd_high,B2,none,spearman,ir_zero_fraction_early,39,1,0.30628232410062944,0.057912684441323366
eol_compatible_no_qd_high,B2,none,pearson,tavg_early_mean,39,1,0.4253120270489282,0.006951526483057072
eol_compatible_no_qd_high,B2,none,spearman,tavg_early_mean,39,1,0.16550258208082647,0.31398219394653226
eol_compatible_no_qd_high,B2,none,pearson,ir_missing_fraction_early,39,1,0.28886887792471183,0.0744997867255936
eol_compatible_no_qd_high,B2,none,spearman,ir_missing_fraction_early,39,1,0.30628232410062944,0.057912684441323366
eol_compatible_no_qd_high,B2,none,pearson,tmax_early_mean,39,1,0.018802285438894794,0.9095470935345008
eol_compatible_no_qd_high,B2,none,spearman,tmax_early_mean,39,1,-0.13594493439422012,0.4092608517530202
eol_compatible_no_qd_high,B2,none,pearson,chargetime_early_mean,39,1,0.08706750328012963,0.5981600160289358
eol_compatible_no_qd_high,B2,none,spearman,chargetime_early_mean,39,1,-0.39325842898104635,0.013260574022552356
eol_compatible_no_qd_high,B2,none,pearson,chargetime_early_median,39,1,-0.918399008514092,1.7805968927377313e-16
eol_compatible_no_qd_high,B2,none,spearman,chargetime_early_median,39,1,-0.8115193887106946,3.683261045506726e-10
eol_compatible_no_qd_high,B2,none,pearson,chargetime_early_mean_qc,39,1,-0.9174099479141915,2.2062767564934432e-16
eol_compatible_no_qd_high,B2,none,spearman,chargetime_early_mean_qc,39,1,-0.7562506365295747,2.5796257023324588e-08
eol_compatible_no_qd_high,B2,none,pearson,qd_early_mean_qc,39,1,-0.3325695460441213,0.038582062455566606
eol_compatible_no_qd_high,B2,none,spearman,qd_early_mean_qc,39,1,0.11711711771713532,0.47767365165732606
eol_compatible_no_qd_high,B2,none,pearson,qd_early_std_qc,39,1,0.17290351138287402,0.2925223419443677
eol_compatible_no_qd_high,B2,none,spearman,qd_early_std_qc,39,1,-0.10051624709863038,0.5426267592097292
eol_compatible_no_qd_high,B2,none,pearson,qd_early_slope_qc,39,1,-0.44525545809579203,0.004505675482961397
eol_compatible_no_qd_high,B2,none,spearman,qd_early_slope_qc,39,1,-0.27108007022168396,0.09507087452843678
eol_compatible_no_qd_high,B2,none,pearson,qd2_qc,39,1,-0.2843299440200719,0.07938274134244888
eol_compatible_no_qd_high,B2,none,spearman,qd2_qc,39,1,0.08492762468857089,0.6072189556311465
eol_compatible_no_qd_high,B2,none,pearson,qd100_qc,39,1,-0.333603319983239,0.03794560060417252
eol_compatible_no_qd_high,B2,none,spearman,qd100_qc,39,1,0.07723453830438569,0.6402596016260581
eol_compatible_no_qd_high,B2,none,pearson,qd_delta_100_2_qc,39,1,-0.1992761181428142,0.2238962185446957
eol_compatible_no_qd_high,B2,none,spearman,qd_delta_100_2_qc,39,1,-0.09666970390653778,0.5582557812059112
eol_compatible_no_qd_high,B2,none,pearson,c1,39,1,0.19074658847387693,0.2447592682571221
eol_compatible_no_qd_high,B2,none,spearman,c1,39,1,0.05509278655119761,0.7390485991636518
eol_compatible_no_qd_high,B2,none,pearson,switch_soc_pct,39,1,0.11611987845984809,0.48145664397821836
eol_compatible_no_qd_high,B2,none,spearman,switch_soc_pct,39,1,0.28781347990487877,0.07561362556004728
eol_compatible_no_qd_high,B2,none,pearson,c2,39,1,-0.11630518850837052,0.48075249647490165
eol_compatible_no_qd_high,B2,none,spearman,c2,39,1,-0.11884016238051073,0.4711742552506387
eol_compatible_no_qd_high,B2,none,pearson,c2_active,31,1,-0.16123805524473214,0.3861975544267582
eol_compatible_no_qd_high,B2,none,spearman,c2_active,31,1,-0.21487599237155366,0.24570851917890152
eol_compatible_no_qd_high,B2,none,pearson,stage2_soc_span_pct,39,1,-0.11611987845984809,0.48145664397821836
eol_compatible_no_qd_high,B2,none,spearman,stage2_soc_span_pct,39,1,-0.28781347990487877,0.07561362556004728
eol_compatible_no_qd_high,B2,none,pearson,c_max,39,1,-0.16109258689961564,0.3272294557175888
eol_compatible_no_qd_high,B2,none,spearman,c_max,39,1,-0.35908307144841967,0.024769710954237825
eol_compatible_no_qd_high,B2,none,pearson,c_eff_0_80,39,1,0.3336386287176393,0.037924014245049716
eol_compatible_no_qd_high,B2,none,spearman,c_eff_0_80,39,1,0.32079048769847657,0.04646687471569225
eol_compatible_no_qd_high,B3,none,pearson,qd_early_mean,44,1,0.21780526120673993,0.15552595884648474
eol_compatible_no_qd_high,B3,none,spearman,qd_early_mean,44,1,0.16223835405716025,0.29271836408601615
eol_compatible_no_qd_high,B3,none,pearson,qd_early_std,44,1,-0.34344504233924356,0.022460347923774694
eol_compatible_no_qd_high,B3,none,spearman,qd_early_std,44,1,-0.2764817823484968,0.06925203955818623
eol_compatible_no_qd_high,B3,none,pearson,qd_early_median,44,1,0.21441919665198317,0.1622129923601579
eol_compatible_no_qd_high,B3,none,spearman,qd_early_median,44,1,0.15772781771499764,0.3065222630958059
eol_compatible_no_qd_high,B3,none,pearson,qd2,44,1,0.15505722081590834,0.31488795507383704
eol_compatible_no_qd_high,B3,none,spearman,qd2,44,1,0.1282683772302483,0.40666451839068574
eol_compatible_no_qd_high,B3,none,pearson,qd100,44,1,0.27181284496965685,0.07428236592064172
eol_compatible_no_qd_high,B3,none,spearman,qd100,44,1,0.1775318913423052,0.24895218678238262
eol_compatible_no_qd_high,B3,none,pearson,qd_delta_100_2,44,1,0.2773310031955154,0.06836677435202447
eol_compatible_no_qd_high,B3,none,spearman,qd_delta_100_2,44,1,-0.14335048312435444,0.35324576717056577
eol_compatible_no_qd_high,B3,none,pearson,qd_early_slope,44,1,0.3382724993897136,0.024709411852665585
eol_compatible_no_qd_high,B3,none,spearman,qd_early_slope,44,1,0.08823736719355543,0.568973800203014
eol_compatible_no_qd_high,B3,none,pearson,ir_early_mean,44,1,0.1898513637128463,0.21707605202413843
eol_compatible_no_qd_high,B3,none,spearman,ir_early_mean,44,1,0.16865177291867264,0.27379465192307473
eol_compatible_no_qd_high,B3,none,pearson,ir_change_100_2,44,1,-0.38488470672947217,0.009886727315430908
eol_compatible_no_qd_high,B3,none,spearman,ir_change_100_2,44,1,-0.16280217109993056,0.29102162579103175
eol_compatible_no_qd_high,B3,none,pearson,ir_early_slope,44,1,-0.3580029530003344,0.01703090950309946
eol_compatible_no_qd_high,B3,none,spearman,ir_early_slope,44,1,-0.2031150896580086,0.18604859011360253
eol_compatible_no_qd_high,B3,none,pearson,ir_zero_fraction_early,44,1,,
eol_compatible_no_qd_high,B3,none,spearman,ir_zero_fraction_early,44,1,,
eol_compatible_no_qd_high,B3,none,pearson,tavg_early_mean,44,1,-0.021766797465161858,0.8884667991507859
eol_compatible_no_qd_high,B3,none,spearman,tavg_early_mean,44,1,0.025371766924664505,0.8701417227972023
eol_compatible_no_qd_high,B3,none,pearson,ir_missing_fraction_early,44,1,,
eol_compatible_no_qd_high,B3,none,spearman,ir_missing_fraction_early,44,1,,
eol_compatible_no_qd_high,B3,none,pearson,tmax_early_mean,44,1,-0.10649428050434649,0.49143549291492705
eol_compatible_no_qd_high,B3,none,spearman,tmax_early_mean,44,1,-0.03509761091245256,0.8210625426175072
eol_compatible_no_qd_high,B3,none,pearson,chargetime_early_mean,44,1,0.6374731672218192,3.2632100720915317e-06
eol_compatible_no_qd_high,B3,none,spearman,chargetime_early_mean,44,1,0.19197970306329473,0.21186987785735012
eol_compatible_no_qd_high,B3,none,pearson,chargetime_early_median,44,1,0.6383671096727549,3.1300862599082066e-06
eol_compatible_no_qd_high,B3,none,spearman,chargetime_early_median,44,1,0.26102124976562596,0.08701029367424246
eol_compatible_no_qd_high,B3,none,pearson,chargetime_early_mean_qc,44,1,0.6374731672218192,3.2632100720915317e-06
eol_compatible_no_qd_high,B3,none,spearman,chargetime_early_mean_qc,44,1,0.19197970306329473,0.21186987785735012
eol_compatible_no_qd_high,B3,none,pearson,qd_early_mean_qc,44,1,0.21780526120673993,0.15552595884648474
eol_compatible_no_qd_high,B3,none,spearman,qd_early_mean_qc,44,1,0.16223835405716025,0.29271836408601615
eol_compatible_no_qd_high,B3,none,pearson,qd_early_std_qc,44,1,-0.34344504233924356,0.022460347923774694
eol_compatible_no_qd_high,B3,none,spearman,qd_early_std_qc,44,1,-0.2764817823484968,0.06925203955818623
eol_compatible_no_qd_high,B3,none,pearson,qd_early_slope_qc,44,1,0.3382724993897136,0.024709411852665585
eol_compatible_no_qd_high,B3,none,spearman,qd_early_slope_qc,44,1,0.08823736719355543,0.568973800203014
eol_compatible_no_qd_high,B3,none,pearson,qd2_qc,44,1,0.15505722081590834,0.31488795507383704
eol_compatible_no_qd_high,B3,none,spearman,qd2_qc,44,1,0.1282683772302483,0.40666451839068574
eol_compatible_no_qd_high,B3,none,pearson,qd100_qc,44,1,0.27181284496965685,0.07428236592064172
eol_compatible_no_qd_high,B3,none,spearman,qd100_qc,44,1,0.1775318913423052,0.24895218678238262
eol_compatible_no_qd_high,B3,none,pearson,qd_delta_100_2_qc,44,1,0.2773310031955154,0.06836677435202447
eol_compatible_no_qd_high,B3,none,spearman,qd_delta_100_2_qc,44,1,-0.14335048312435444,0.35324576717056577
eol_compatible_no_qd_high,B3,none,pearson,c1,44,1,-0.08289859421256335,0.5926643618733121
eol_compatible_no_qd_high,B3,none,spearman,c1,44,1,-0.22887519748075072,0.13507191452088127
eol_compatible_no_qd_high,B3,none,pearson,switch_soc_pct,44,1,0.5413599075607185,0.00014786037370863076
eol_compatible_no_qd_high,B3,none,spearman,switch_soc_pct,44,1,0.44332485175807257,0.002578765642509396
eol_compatible_no_qd_high,B3,none,pearson,c2,44,1,-0.042746376392717,0.7829241112282228
eol_compatible_no_qd_high,B3,none,spearman,c2,44,1,0.015736317835818345,0.9192455550957178
eol_compatible_no_qd_high,B3,none,pearson,c2_active,38,1,-0.3449954324884314,0.03389957671318086
eol_compatible_no_qd_high,B3,none,spearman,c2_active,38,1,-0.30997911953767254,0.05823084698493596
eol_compatible_no_qd_high,B3,none,pearson,stage2_soc_span_pct,44,1,-0.5413599075607185,0.00014786037370863076
eol_compatible_no_qd_high,B3,none,spearman,stage2_soc_span_pct,44,1,-0.44332485175807257,0.002578765642509396
eol_compatible_no_qd_high,B3,none,pearson,c_max,44,1,-0.6571319945941887,1.264946079034573e-06
eol_compatible_no_qd_high,B3,none,spearman,c_max,44,1,-0.6070241729582949,1.250551603106234e-05
eol_compatible_no_qd_high,B3,none,pearson,c_eff_0_80,44,1,-0.018138894979129502,0.9069666148879446
eol_compatible_no_qd_high,B3,none,spearman,c_eff_0_80,44,1,-0.13205193371079488,0.39284597602871785
all_labeled_excl_source_issue,ALL,none,pearson,qd_early_mean,128,3,-0.48537734386891745,6.36703898598444e-09
all_labeled_excl_source_issue,ALL,none,spearman,qd_early_mean,128,3,-0.5021630901616436,1.5494112045163554e-09
all_labeled_excl_source_issue,ALL,within_batch_mean_centered,pearson,qd_early_mean,128,3,0.03954224078317646,
all_labeled_excl_source_issue,ALL,within_batch_structure_centered,pearson,qd_early_mean,128,3,0.1542008318696611,
all_labeled_excl_source_issue,ALL,none,pearson,qd_early_std,128,3,-0.07045940838474675,0.42934080330155117
all_labeled_excl_source_issue,ALL,none,spearman,qd_early_std,128,3,-0.5482203147712409,2.109661157449626e-11
all_labeled_excl_source_issue,ALL,within_batch_mean_centered,pearson,qd_early_std,128,3,-0.026253864419017198,
all_labeled_excl_source_issue,ALL,within_batch_structure_centered,pearson,qd_early_std,128,3,-0.0388788435456196,
all_labeled_excl_source_issue,ALL,none,pearson,qd_early_median,128,3,-0.48018120235612366,9.712379391950012e-09
all_labeled_excl_source_issue,ALL,none,spearman,qd_early_median,128,3,-0.496254649531786,2.570377245009248e-09
all_labeled_excl_source_issue,ALL,within_batch_mean_centered,pearson,qd_early_median,128,3,0.056785014890864856,
all_labeled_excl_source_issue,ALL,within_batch_structure_centered,pearson,qd_early_median,128,3,0.15964976373777606,
all_labeled_excl_source_issue,ALL,none,pearson,qd2,128,3,-0.5105610090619679,7.420239253257723e-10
all_labeled_excl_source_issue,ALL,none,spearman,qd2,128,3,-0.5230042918797467,2.400923359055001e-10
all_labeled_excl_source_issue,ALL,within_batch_mean_centered,pearson,qd2,128,3,0.009766894833494084,
all_labeled_excl_source_issue,ALL,within_batch_structure_centered,pearson,qd2,128,3,0.10006507258800273,
all_labeled_excl_source_issue,ALL,none,pearson,qd100,128,3,-0.45687053875768757,5.9360045025007345e-08
all_labeled_excl_source_issue,ALL,none,spearman,qd100,128,3,-0.47352789702672093,1.650923483682804e-08
all_labeled_excl_source_issue,ALL,within_batch_mean_centered,pearson,qd100,128,3,0.07436783463244717,
all_labeled_excl_source_issue,ALL,within_batch_structure_centered,pearson,qd100,128,3,0.20009703681019203,
all_labeled_excl_source_issue,ALL,none,pearson,qd_delta_100_2,128,3,0.010252629899018734,0.90855578122831
all_labeled_excl_source_issue,ALL,none,spearman,qd_delta_100_2,128,3,-0.08852646638634151,0.32037376873447204
all_labeled_excl_source_issue,ALL,within_batch_mean_centered,pearson,qd_delta_100_2,128,3,0.12902282005591909,
all_labeled_excl_source_issue,ALL,within_batch_structure_centered,pearson,qd_delta_100_2,128,3,0.22266112227493015,
all_labeled_excl_source_issue,ALL,none,pearson,qd_early_slope,128,3,-0.0981284708282914,0.2704755534860899
all_labeled_excl_source_issue,ALL,none,spearman,qd_early_slope,128,3,-0.18876394851021683,0.032851545142665
all_labeled_excl_source_issue,ALL,within_batch_mean_centered,pearson,qd_early_slope,128,3,0.017267320037524167,
all_labeled_excl_source_issue,ALL,within_batch_structure_centered,pearson,qd_early_slope,128,3,0.17554143200460176,
all_labeled_excl_source_issue,ALL,none,pearson,ir_early_mean,122,3,-0.3200665624714262,0.00032579474532054017
all_labeled_excl_source_issue,ALL,none,spearman,ir_early_mean,122,3,-0.34515518767746733,9.882127068615678e-05
all_labeled_excl_source_issue,ALL,within_batch_mean_centered,pearson,ir_early_mean,122,3,-0.026291905995025164,
all_labeled_excl_source_issue,ALL,within_batch_structure_centered,pearson,ir_early_mean,122,3,0.1899562219533121,
all_labeled_excl_source_issue,ALL,none,pearson,ir_change_100_2,122,3,0.18758946506206414,0.03853963261911909
all_labeled_excl_source_issue,ALL,none,spearman,ir_change_100_2,122,3,0.03316067312918511,0.7169031362898245
all_labeled_excl_source_issue,ALL,within_batch_mean_centered,pearson,ir_change_100_2,122,3,0.066107476558467,
all_labeled_excl_source_issue,ALL,within_batch_structure_centered,pearson,ir_change_100_2,122,3,0.0010028262192336018,
all_labeled_excl_source_issue,ALL,none,pearson,ir_early_slope,122,3,0.05120155541740416,0.5754212742765049
all_labeled_excl_source_issue,ALL,none,spearman,ir_early_slope,122,3,-0.0988045965682745,0.2789195998494182
all_labeled_excl_source_issue,ALL,within_batch_mean_centered,pearson,ir_early_slope,122,3,0.027580059185325953,
all_labeled_excl_source_issue,ALL,within_batch_structure_centered,pearson,ir_early_slope,122,3,0.0114408489537665,
all_labeled_excl_source_issue,ALL,none,pearson,ir_zero_fraction_early,128,3,-0.08104681513059045,0.3631167030951722
all_labeled_excl_source_issue,ALL,none,spearman,ir_zero_fraction_early,128,3,0.044786306718960625,0.6156811607535132
all_labeled_excl_source_issue,ALL,within_batch_mean_centered,pearson,ir_zero_fraction_early,128,3,0.1452338193446045,
all_labeled_excl_source_issue,ALL,within_batch_structure_centered,pearson,ir_zero_fraction_early,128,3,0.020751856583413518,
all_labeled_excl_source_issue,ALL,none,pearson,tavg_early_mean,128,3,0.22415024522817867,0.010973398620666345
all_labeled_excl_source_issue,ALL,none,spearman,tavg_early_mean,128,3,0.1744749642460478,0.048869279511122556
all_labeled_excl_source_issue,ALL,within_batch_mean_centered,pearson,tavg_early_mean,128,3,-0.006220458184429031,
all_labeled_excl_source_issue,ALL,within_batch_structure_centered,pearson,tavg_early_mean,128,3,-0.12865528779731944,
all_labeled_excl_source_issue,ALL,none,pearson,ir_missing_fraction_early,128,3,-0.08104681513059045,0.3631167030951722
all_labeled_excl_source_issue,ALL,none,spearman,ir_missing_fraction_early,128,3,0.044786306718960625,0.6156811607535132
all_labeled_excl_source_issue,ALL,within_batch_mean_centered,pearson,ir_missing_fraction_early,128,3,0.1452338193446045,
all_labeled_excl_source_issue,ALL,within_batch_structure_centered,pearson,ir_missing_fraction_early,128,3,0.020751856583413518,
all_labeled_excl_source_issue,ALL,none,pearson,tmax_early_mean,128,3,-0.028617833498638855,0.7484655115655018
all_labeled_excl_source_issue,ALL,none,spearman,tmax_early_mean,128,3,-0.026486409157671732,0.7666405905228849
all_labeled_excl_source_issue,ALL,within_batch_mean_centered,pearson,tmax_early_mean,128,3,-0.14751583503520654,
all_labeled_excl_source_issue,ALL,within_batch_structure_centered,pearson,tmax_early_mean,128,3,-0.1655331983124718,
all_labeled_excl_source_issue,ALL,none,pearson,chargetime_early_mean,128,3,-0.19315239298934253,0.028929428730999938
all_labeled_excl_source_issue,ALL,none,spearman,chargetime_early_mean,128,3,-0.14740200287088412,0.09683671116374358
all_labeled_excl_source_issue,ALL,within_batch_mean_centered,pearson,chargetime_early_mean,128,3,0.07495257602509038,
all_labeled_excl_source_issue,ALL,within_batch_structure_centered,pearson,chargetime_early_mean,128,3,0.03589777385060079,
all_labeled_excl_source_issue,ALL,none,pearson,chargetime_early_median,128,3,0.309054734814808,0.00038587356500590107
all_labeled_excl_source_issue,ALL,none,spearman,chargetime_early_median,128,3,-0.046236117650555415,0.6042854324174001
all_labeled_excl_source_issue,ALL,within_batch_mean_centered,pearson,chargetime_early_median,128,3,0.43349366871374084,
all_labeled_excl_source_issue,ALL,within_batch_structure_centered,pearson,chargetime_early_median,128,3,0.5192644693637511,
all_labeled_excl_source_issue,ALL,none,pearson,chargetime_early_mean_qc,128,3,0.3049047675428914,0.0004661750500680278
all_labeled_excl_source_issue,ALL,none,spearman,chargetime_early_mean_qc,128,3,-0.0667095851259713,0.4543618558200045
all_labeled_excl_source_issue,ALL,within_batch_mean_centered,pearson,chargetime_early_mean_qc,128,3,0.430695701732977,
all_labeled_excl_source_issue,ALL,within_batch_structure_centered,pearson,chargetime_early_mean_qc,128,3,0.5166410945067925,
all_labeled_excl_source_issue,ALL,none,pearson,qd_early_mean_qc,128,3,-0.4798563581418911,9.969864766985441e-09
all_labeled_excl_source_issue,ALL,none,spearman,qd_early_mean_qc,128,3,-0.4912961373712323,3.9019892131145266e-09
all_labeled_excl_source_issue,ALL,within_batch_mean_centered,pearson,qd_early_mean_qc,128,3,0.0499125066566251,
all_labeled_excl_source_issue,ALL,within_batch_structure_centered,pearson,qd_early_mean_qc,128,3,0.16505316161819242,
all_labeled_excl_source_issue,ALL,none,pearson,qd_early_std_qc,128,3,-0.11149960732511488,0.21020192197027848
all_labeled_excl_source_issue,ALL,none,spearman,qd_early_std_qc,128,3,-0.5503891273607964,1.6951865052334135e-11
all_labeled_excl_source_issue,ALL,within_batch_mean_centered,pearson,qd_early_std_qc,128,3,0.10043094761476053,
all_labeled_excl_source_issue,ALL,within_batch_structure_centered,pearson,qd_early_std_qc,128,3,0.08118427187261788,
all_labeled_excl_source_issue,ALL,none,pearson,qd_early_slope_qc,128,3,-0.12392310245511741,0.16342197739886385
all_labeled_excl_source_issue,ALL,none,spearman,qd_early_slope_qc,128,3,-0.19007439200100365,0.031635822908772294
all_labeled_excl_source_issue,ALL,within_batch_mean_centered,pearson,qd_early_slope_qc,128,3,-0.003985841183408306,
all_labeled_excl_source_issue,ALL,within_batch_structure_centered,pearson,qd_early_slope_qc,128,3,0.16799662983083902,
all_labeled_excl_source_issue,ALL,none,pearson,qd2_qc,128,3,-0.5105610090619679,7.420239253257723e-10
all_labeled_excl_source_issue,ALL,none,spearman,qd2_qc,128,3,-0.5230042918797467,2.400923359055001e-10
all_labeled_excl_source_issue,ALL,within_batch_mean_centered,pearson,qd2_qc,128,3,0.009766894833494084,
all_labeled_excl_source_issue,ALL,within_batch_structure_centered,pearson,qd2_qc,128,3,0.10006507258800273,
all_labeled_excl_source_issue,ALL,none,pearson,qd100_qc,128,3,-0.45687053875768757,5.9360045025007345e-08
all_labeled_excl_source_issue,ALL,none,spearman,qd100_qc,128,3,-0.47352789702672093,1.650923483682804e-08
all_labeled_excl_source_issue,ALL,within_batch_mean_centered,pearson,qd100_qc,128,3,0.07436783463244717,
all_labeled_excl_source_issue,ALL,within_batch_structure_centered,pearson,qd100_qc,128,3,0.20009703681019203,
all_labeled_excl_source_issue,ALL,none,pearson,qd_delta_100_2_qc,128,3,0.010252629899018734,0.90855578122831
all_labeled_excl_source_issue,ALL,none,spearman,qd_delta_100_2_qc,128,3,-0.08852646638634151,0.32037376873447204
all_labeled_excl_source_issue,ALL,within_batch_mean_centered,pearson,qd_delta_100_2_qc,128,3,0.12902282005591909,
all_labeled_excl_source_issue,ALL,within_batch_structure_centered,pearson,qd_delta_100_2_qc,128,3,0.22266112227493015,
all_labeled_excl_source_issue,ALL,none,pearson,c1,128,3,-0.0701316891050278,0.43149547235765595
all_labeled_excl_source_issue,ALL,none,spearman,c1,128,3,-0.01430716323813124,0.8726546910780444
all_labeled_excl_source_issue,ALL,within_batch_mean_centered,pearson,c1,128,3,-0.200014549836318,
all_labeled_excl_source_issue,ALL,within_batch_structure_centered,pearson,c1,128,3,-0.25887812566783563,
all_labeled_excl_source_issue,ALL,none,pearson,switch_soc_pct,128,3,0.20550952986034648,0.019956541094609412
all_labeled_excl_source_issue,ALL,none,spearman,switch_soc_pct,128,3,0.1439282779206343,0.10505205589832503
all_labeled_excl_source_issue,ALL,within_batch_mean_centered,pearson,switch_soc_pct,128,3,0.323045050373042,
all_labeled_excl_source_issue,ALL,within_batch_structure_centered,pearson,switch_soc_pct,128,3,0.3307647025238168,
all_labeled_excl_source_issue,ALL,none,pearson,c2,128,3,-0.1390147471262819,0.1175940503656577
all_labeled_excl_source_issue,ALL,none,spearman,c2,128,3,-0.1621963046725143,0.06737381558024409
all_labeled_excl_source_issue,ALL,within_batch_mean_centered,pearson,c2,128,3,-0.08528436001188061,
all_labeled_excl_source_issue,ALL,within_batch_structure_centered,pearson,c2,128,3,-0.06077242057704016,
all_labeled_excl_source_issue,ALL,none,pearson,c2_active,105,3,-0.21577770912942879,0.027056059972767464
all_labeled_excl_source_issue,ALL,none,spearman,c2_active,105,3,-0.1376765022847924,0.1613469005349864
all_labeled_excl_source_issue,ALL,within_batch_mean_centered,pearson,c2_active,105,3,-0.21737504622283305,
all_labeled_excl_source_issue,ALL,within_batch_structure_centered,pearson,c2_active,105,3,-0.18019326416927856,
all_labeled_excl_source_issue,ALL,none,pearson,stage2_soc_span_pct,128,3,-0.20550952986034648,0.019956541094609412
all_labeled_excl_source_issue,ALL,none,spearman,stage2_soc_span_pct,128,3,-0.1439282779206343,0.10505205589832503
all_labeled_excl_source_issue,ALL,within_batch_mean_centered,pearson,stage2_soc_span_pct,128,3,-0.323045050373042,
all_labeled_excl_source_issue,ALL,within_batch_structure_centered,pearson,stage2_soc_span_pct,128,3,-0.33076470252381684,
all_labeled_excl_source_issue,ALL,none,pearson,c_max,128,3,-0.25083743386327056,0.0042919312073888705
all_labeled_excl_source_issue,ALL,none,spearman,c_max,128,3,-0.21830547289023983,0.01330308407321751
all_labeled_excl_source_issue,ALL,within_batch_mean_centered,pearson,c_max,128,3,-0.3904288471336642,
all_labeled_excl_source_issue,ALL,within_batch_structure_centered,pearson,c_max,128,3,-0.41893015754960417,
all_labeled_excl_source_issue,ALL,none,pearson,c_eff_0_80,128,3,-0.23233159191994485,0.008316097702112713
all_labeled_excl_source_issue,ALL,none,spearman,c_eff_0_80,128,3,-0.1497986227995514,0.09147089532693353
all_labeled_excl_source_issue,ALL,within_batch_mean_centered,pearson,c_eff_0_80,128,3,-0.33123637835011444,
all_labeled_excl_source_issue,ALL,within_batch_structure_centered,pearson,c_eff_0_80,128,3,-0.37625802529432,
all_labeled_excl_source_issue,B1,none,pearson,qd_early_mean,46,1,0.1933931521446947,0.19783102063685215
all_labeled_excl_source_issue,B1,none,spearman,qd_early_mean,46,1,0.18502528714109573,0.21831191497657293
all_labeled_excl_source_issue,B1,none,pearson,qd_early_std,46,1,-0.058477597420288185,0.6994744794627561
all_labeled_excl_source_issue,B1,none,spearman,qd_early_std,46,1,0.052793881930925976,0.7274988573126243
all_labeled_excl_source_issue,B1,none,pearson,qd_early_median,46,1,0.2026846937235131,0.1767234333317414
all_labeled_excl_source_issue,B1,none,spearman,qd_early_median,46,1,0.21598618518937238,0.14939991737306954
all_labeled_excl_source_issue,B1,none,pearson,qd2,46,1,0.08582220614767816,0.5706438554326818
all_labeled_excl_source_issue,B1,none,spearman,qd2,46,1,0.08005427423638074,0.5969010608241552
all_labeled_excl_source_issue,B1,none,pearson,qd100,46,1,0.295097964369578,0.04648597040505474
all_labeled_excl_source_issue,B1,none,spearman,qd100,46,1,0.3242876532626271,0.027899706580202393
all_labeled_excl_source_issue,B1,none,pearson,qd_delta_100_2,46,1,0.5395075316035274,0.00010924881715289722
all_labeled_excl_source_issue,B1,none,spearman,qd_delta_100_2,46,1,0.5656223027903297,4.1994622686694814e-05
all_labeled_excl_source_issue,B1,none,pearson,qd_early_slope,46,1,0.18377761627046107,0.22148719800954514
all_labeled_excl_source_issue,B1,none,spearman,qd_early_slope,46,1,0.4808807212797078,0.0007174590843457408
all_labeled_excl_source_issue,B1,none,pearson,ir_early_mean,46,1,0.21796829272686497,0.14561093150012439
all_labeled_excl_source_issue,B1,none,spearman,ir_early_mean,46,1,0.18903416836248615,0.20832366540750305
all_labeled_excl_source_issue,B1,none,pearson,ir_change_100_2,46,1,0.14172204849137496,0.34747074735065664
all_labeled_excl_source_issue,B1,none,spearman,ir_change_100_2,46,1,-0.225484149929282,0.13188765112106626
all_labeled_excl_source_issue,B1,none,pearson,ir_early_slope,46,1,0.10308933818039444,0.4953883152461926
all_labeled_excl_source_issue,B1,none,spearman,ir_early_slope,46,1,-0.32342420192263527,0.028343232074072747
all_labeled_excl_source_issue,B1,none,pearson,ir_zero_fraction_early,46,1,0.18757779501478647,0.21191458551515197
all_labeled_excl_source_issue,B1,none,spearman,ir_zero_fraction_early,46,1,0.1247714489624848,0.40869756331165025
all_labeled_excl_source_issue,B1,none,pearson,tavg_early_mean,46,1,-0.48177463667634024,0.0006988839225022428
all_labeled_excl_source_issue,B1,none,spearman,tavg_early_mean,46,1,-0.37146910148360657,0.011029520555416826
all_labeled_excl_source_issue,B1,none,pearson,ir_missing_fraction_early,46,1,0.18757779501478647,0.21191458551515197
all_labeled_excl_source_issue,B1,none,spearman,ir_missing_fraction_early,46,1,0.1247714489624848,0.40869756331165025
all_labeled_excl_source_issue,B1,none,pearson,tmax_early_mean,46,1,-0.40359585194480413,0.005412764186551623
all_labeled_excl_source_issue,B1,none,spearman,tmax_early_mean,46,1,-0.32299247625263944,0.028567184242732763
all_labeled_excl_source_issue,B1,none,pearson,chargetime_early_mean,46,1,0.5770368723870706,2.694371807920763e-05
all_labeled_excl_source_issue,B1,none,spearman,chargetime_early_mean,46,1,0.6130504513941638,5.920877244888837e-06
all_labeled_excl_source_issue,B1,none,pearson,chargetime_early_median,46,1,0.7439641856619085,3.1283444160597022e-09
all_labeled_excl_source_issue,B1,none,spearman,chargetime_early_median,46,1,0.6405575440824733,1.629918948306865e-06
all_labeled_excl_source_issue,B1,none,pearson,chargetime_early_mean_qc,46,1,0.7394290405177047,4.37173600892249e-09
all_labeled_excl_source_issue,B1,none,spearman,chargetime_early_mean_qc,46,1,0.6192796360612474,4.468830777826353e-06
all_labeled_excl_source_issue,B1,none,pearson,qd_early_mean_qc,46,1,0.2322571339447417,0.12037102758948487
all_labeled_excl_source_issue,B1,none,spearman,qd_early_mean_qc,46,1,0.24188972538912581,0.10532270797378504
all_labeled_excl_source_issue,B1,none,pearson,qd_early_std_qc,46,1,0.2581739340257208,0.08321387722854655
all_labeled_excl_source_issue,B1,none,spearman,qd_early_std_qc,46,1,0.05489083518519173,0.7171162361236304
all_labeled_excl_source_issue,B1,none,pearson,qd_early_slope_qc,46,1,0.15045157328716716,0.31826703708288884
all_labeled_excl_source_issue,B1,none,spearman,qd_early_slope_qc,46,1,0.47878376802544204,0.0007627811357046112
all_labeled_excl_source_issue,B1,none,pearson,qd2_qc,46,1,0.08582220614767816,0.5706438554326818
all_labeled_excl_source_issue,B1,none,spearman,qd2_qc,46,1,0.08005427423638074,0.5969010608241552
all_labeled_excl_source_issue,B1,none,pearson,qd100_qc,46,1,0.295097964369578,0.04648597040505474
all_labeled_excl_source_issue,B1,none,spearman,qd100_qc,46,1,0.3242876532626271,0.027899706580202393
all_labeled_excl_source_issue,B1,none,pearson,qd_delta_100_2_qc,46,1,0.5395075316035274,0.00010924881715289722
all_labeled_excl_source_issue,B1,none,spearman,qd_delta_100_2_qc,46,1,0.5656223027903297,4.1994622686694814e-05
all_labeled_excl_source_issue,B1,none,pearson,c1,46,1,-0.5797191371008248,2.4216765973613692e-05
all_labeled_excl_source_issue,B1,none,spearman,c1,46,1,-0.48271400298540956,0.0006798301167917077
all_labeled_excl_source_issue,B1,none,pearson,switch_soc_pct,46,1,0.23455103060246418,0.1166480711513576
all_labeled_excl_source_issue,B1,none,spearman,switch_soc_pct,46,1,0.18515925395200944,0.21797286094610813
all_labeled_excl_source_issue,B1,none,pearson,c2,46,1,-0.09588674869190955,0.5261452944131032
all_labeled_excl_source_issue,B1,none,spearman,c2,46,1,0.04741433338534666,0.7543523473289235
all_labeled_excl_source_issue,B1,none,pearson,c2_active,36,1,0.040124171851763146,0.8162722749694172
all_labeled_excl_source_issue,B1,none,spearman,c2_active,36,1,0.016456201025183376,0.9241091737291229
all_labeled_excl_source_issue,B1,none,pearson,stage2_soc_span_pct,46,1,-0.23455103060246418,0.1166480711513576
all_labeled_excl_source_issue,B1,none,spearman,stage2_soc_span_pct,46,1,-0.18515925395200944,0.21797286094610813
all_labeled_excl_source_issue,B1,none,pearson,c_max,46,1,-0.5797191371008248,2.4216765973613692e-05
all_labeled_excl_source_issue,B1,none,spearman,c_max,46,1,-0.48271400298540956,0.0006798301167917077
all_labeled_excl_source_issue,B1,none,pearson,c_eff_0_80,46,1,-0.7373768815234789,5.075114820835257e-09
all_labeled_excl_source_issue,B1,none,spearman,c_eff_0_80,46,1,-0.6340127144645034,2.240894653506846e-06
all_labeled_excl_source_issue,B2,none,pearson,qd_early_mean,39,1,-0.3325695460441213,0.038582062455566606
all_labeled_excl_source_issue,B2,none,spearman,qd_early_mean,39,1,0.11711711771713532,0.47767365165732606
all_labeled_excl_source_issue,B2,none,pearson,qd_early_std,39,1,0.17290351138287402,0.2925223419443677
all_labeled_excl_source_issue,B2,none,spearman,qd_early_std,39,1,-0.10051624709863038,0.5426267592097292
all_labeled_excl_source_issue,B2,none,pearson,qd_early_median,39,1,-0.2951083617385643,0.06817504666301005
all_labeled_excl_source_issue,B2,none,spearman,qd_early_median,39,1,0.1106387291830846,0.5025252184082816
all_labeled_excl_source_issue,B2,none,pearson,qd2,39,1,-0.2843299440200719,0.07938274134244888
all_labeled_excl_source_issue,B2,none,spearman,qd2,39,1,0.08492762468857089,0.6072189556311465
all_labeled_excl_source_issue,B2,none,pearson,qd100,39,1,-0.333603319983239,0.03794560060417252
all_labeled_excl_source_issue,B2,none,spearman,qd100,39,1,0.07723453830438569,0.6402596016260581
all_labeled_excl_source_issue,B2,none,pearson,qd_delta_100_2,39,1,-0.1992761181428142,0.2238962185446957
all_labeled_excl_source_issue,B2,none,spearman,qd_delta_100_2,39,1,-0.09666970390653778,0.5582557812059112
all_labeled_excl_source_issue,B2,none,pearson,qd_early_slope,39,1,-0.44525545809579203,0.004505675482961397
all_labeled_excl_source_issue,B2,none,spearman,qd_early_slope,39,1,-0.27108007022168396,0.09507087452843678
all_labeled_excl_source_issue,B2,none,pearson,ir_early_mean,33,1,-0.6255133874742054,9.920802832834427e-05
all_labeled_excl_source_issue,B2,none,spearman,ir_early_mean,33,1,-0.1992145072552431,0.26637028583084954
all_labeled_excl_source_issue,B2,none,pearson,ir_change_100_2,33,1,0.3298526960746093,0.060841148135160325
all_labeled_excl_source_issue,B2,none,spearman,ir_change_100_2,33,1,0.30901646301589303,0.080147477491986
all_labeled_excl_source_issue,B2,none,pearson,ir_early_slope,33,1,0.1911583402870009,0.2865841227587095
all_labeled_excl_source_issue,B2,none,spearman,ir_early_slope,33,1,0.2109133457685544,0.2387174936655644
all_labeled_excl_source_issue,B2,none,pearson,ir_zero_fraction_early,39,1,0.28886887792471183,0.0744997867255936
all_labeled_excl_source_issue,B2,none,spearman,ir_zero_fraction_early,39,1,0.30628232410062944,0.057912684441323366
all_labeled_excl_source_issue,B2,none,pearson,tavg_early_mean,39,1,0.4253120270489282,0.006951526483057072
all_labeled_excl_source_issue,B2,none,spearman,tavg_early_mean,39,1,0.16550258208082647,0.31398219394653226
all_labeled_excl_source_issue,B2,none,pearson,ir_missing_fraction_early,39,1,0.28886887792471183,0.0744997867255936
all_labeled_excl_source_issue,B2,none,spearman,ir_missing_fraction_early,39,1,0.30628232410062944,0.057912684441323366
all_labeled_excl_source_issue,B2,none,pearson,tmax_early_mean,39,1,0.018802285438894794,0.9095470935345008
all_labeled_excl_source_issue,B2,none,spearman,tmax_early_mean,39,1,-0.13594493439422012,0.4092608517530202
all_labeled_excl_source_issue,B2,none,pearson,chargetime_early_mean,39,1,0.08706750328012963,0.5981600160289358
all_labeled_excl_source_issue,B2,none,spearman,chargetime_early_mean,39,1,-0.39325842898104635,0.013260574022552356
all_labeled_excl_source_issue,B2,none,pearson,chargetime_early_median,39,1,-0.918399008514092,1.7805968927377313e-16
all_labeled_excl_source_issue,B2,none,spearman,chargetime_early_median,39,1,-0.8115193887106946,3.683261045506726e-10
all_labeled_excl_source_issue,B2,none,pearson,chargetime_early_mean_qc,39,1,-0.9174099479141915,2.2062767564934432e-16
all_labeled_excl_source_issue,B2,none,spearman,chargetime_early_mean_qc,39,1,-0.7562506365295747,2.5796257023324588e-08
all_labeled_excl_source_issue,B2,none,pearson,qd_early_mean_qc,39,1,-0.3325695460441213,0.038582062455566606
all_labeled_excl_source_issue,B2,none,spearman,qd_early_mean_qc,39,1,0.11711711771713532,0.47767365165732606
all_labeled_excl_source_issue,B2,none,pearson,qd_early_std_qc,39,1,0.17290351138287402,0.2925223419443677
all_labeled_excl_source_issue,B2,none,spearman,qd_early_std_qc,39,1,-0.10051624709863038,0.5426267592097292
all_labeled_excl_source_issue,B2,none,pearson,qd_early_slope_qc,39,1,-0.44525545809579203,0.004505675482961397
all_labeled_excl_source_issue,B2,none,spearman,qd_early_slope_qc,39,1,-0.27108007022168396,0.09507087452843678
all_labeled_excl_source_issue,B2,none,pearson,qd2_qc,39,1,-0.2843299440200719,0.07938274134244888
all_labeled_excl_source_issue,B2,none,spearman,qd2_qc,39,1,0.08492762468857089,0.6072189556311465
all_labeled_excl_source_issue,B2,none,pearson,qd100_qc,39,1,-0.333603319983239,0.03794560060417252
all_labeled_excl_source_issue,B2,none,spearman,qd100_qc,39,1,0.07723453830438569,0.6402596016260581
all_labeled_excl_source_issue,B2,none,pearson,qd_delta_100_2_qc,39,1,-0.1992761181428142,0.2238962185446957
all_labeled_excl_source_issue,B2,none,spearman,qd_delta_100_2_qc,39,1,-0.09666970390653778,0.5582557812059112
all_labeled_excl_source_issue,B2,none,pearson,c1,39,1,0.19074658847387693,0.2447592682571221
all_labeled_excl_source_issue,B2,none,spearman,c1,39,1,0.05509278655119761,0.7390485991636518
all_labeled_excl_source_issue,B2,none,pearson,switch_soc_pct,39,1,0.11611987845984809,0.48145664397821836
all_labeled_excl_source_issue,B2,none,spearman,switch_soc_pct,39,1,0.28781347990487877,0.07561362556004728
all_labeled_excl_source_issue,B2,none,pearson,c2,39,1,-0.11630518850837052,0.48075249647490165
all_labeled_excl_source_issue,B2,none,spearman,c2,39,1,-0.11884016238051073,0.4711742552506387
all_labeled_excl_source_issue,B2,none,pearson,c2_active,31,1,-0.16123805524473214,0.3861975544267582
all_labeled_excl_source_issue,B2,none,spearman,c2_active,31,1,-0.21487599237155366,0.24570851917890152
all_labeled_excl_source_issue,B2,none,pearson,stage2_soc_span_pct,39,1,-0.11611987845984809,0.48145664397821836
all_labeled_excl_source_issue,B2,none,spearman,stage2_soc_span_pct,39,1,-0.28781347990487877,0.07561362556004728
all_labeled_excl_source_issue,B2,none,pearson,c_max,39,1,-0.16109258689961564,0.3272294557175888
all_labeled_excl_source_issue,B2,none,spearman,c_max,39,1,-0.35908307144841967,0.024769710954237825
all_labeled_excl_source_issue,B2,none,pearson,c_eff_0_80,39,1,0.3336386287176393,0.037924014245049716
all_labeled_excl_source_issue,B2,none,spearman,c_eff_0_80,39,1,0.32079048769847657,0.04646687471569225
all_labeled_excl_source_issue,B3,none,pearson,qd_early_mean,43,1,0.2869181865797153,0.062119345273833206
all_labeled_excl_source_issue,B3,none,spearman,qd_early_mean,43,1,0.21898361460906896,0.1582893727768098
all_labeled_excl_source_issue,B3,none,pearson,qd_early_std,43,1,-0.3684143495081947,0.015063440038190075
all_labeled_excl_source_issue,B3,none,spearman,qd_early_std,43,1,-0.3250774003076007,0.03341942292571665
all_labeled_excl_source_issue,B3,none,pearson,qd_early_median,43,1,0.2843168960009203,0.06463247563549773
all_labeled_excl_source_issue,B3,none,spearman,qd_early_median,43,1,0.21415087276942055,0.16790726437092926
all_labeled_excl_source_issue,B3,none,pearson,qd2,43,1,0.23246260661465515,0.13359466986394677
all_labeled_excl_source_issue,B3,none,spearman,qd2,43,1,0.18394623627161794,0.23768986182761062
all_labeled_excl_source_issue,B3,none,pearson,qd100,43,1,0.3300864369595921,0.030638617587492416
all_labeled_excl_source_issue,B3,none,spearman,qd100,43,1,0.22902665624458834,0.13959798279917507
all_labeled_excl_source_issue,B3,none,pearson,qd_delta_100_2,43,1,0.2732599249923782,0.07622866857679785
all_labeled_excl_source_issue,B3,none,spearman,qd_delta_100_2,43,1,-0.16121724730702147,0.3016995188770458
all_labeled_excl_source_issue,B3,none,pearson,qd_early_slope,43,1,0.3339085790739351,0.02864784516494761
all_labeled_excl_source_issue,B3,none,spearman,qd_early_slope,43,1,0.06327871346289649,0.6868574065780684
all_labeled_excl_source_issue,B3,none,pearson,ir_early_mean,43,1,0.2170820303683507,0.16202469876464104
all_labeled_excl_source_issue,B3,none,spearman,ir_early_mean,43,1,0.2112059207108848,0.17397147737800212
all_labeled_excl_source_issue,B3,none,pearson,ir_change_100_2,43,1,-0.38329977555532774,0.01117666363575384
all_labeled_excl_source_issue,B3,none,spearman,ir_change_100_2,43,1,-0.15396813454754885,0.3242411775599515
all_labeled_excl_source_issue,B3,none,pearson,ir_early_slope,43,1,-0.38054227290972076,0.011823826776714225
all_labeled_excl_source_issue,B3,none,spearman,ir_early_slope,43,1,-0.24495960199717925,0.11337542924017667
all_labeled_excl_source_issue,B3,none,pearson,ir_zero_fraction_early,43,1,,
all_labeled_excl_source_issue,B3,none,spearman,ir_zero_fraction_early,43,1,,
all_labeled_excl_source_issue,B3,none,pearson,tavg_early_mean,43,1,-0.03899265338711483,0.803939607734663
all_labeled_excl_source_issue,B3,none,spearman,tavg_early_mean,43,1,0.005059276613381938,0.9743137746624161
all_labeled_excl_source_issue,B3,none,pearson,ir_missing_fraction_early,43,1,,
all_labeled_excl_source_issue,B3,none,spearman,ir_missing_fraction_early,43,1,,
all_labeled_excl_source_issue,B3,none,pearson,tmax_early_mean,43,1,-0.12070757164074664,0.4406868252699939
all_labeled_excl_source_issue,B3,none,spearman,tmax_early_mean,43,1,-0.053688741374844154,0.7324011707273466
all_labeled_excl_source_issue,B3,none,pearson,chargetime_early_mean,43,1,0.6311718469473269,5.685134798742969e-06
all_labeled_excl_source_issue,B3,none,spearman,chargetime_early_mean,43,1,0.13803518879495794,0.37738697876911337
all_labeled_excl_source_issue,B3,none,pearson,chargetime_early_median,43,1,0.6321892007646008,5.433395424375139e-06
all_labeled_excl_source_issue,B3,none,spearman,chargetime_early_median,43,1,0.21185576756652988,0.17261996678210317
all_labeled_excl_source_issue,B3,none,pearson,chargetime_early_mean_qc,43,1,0.6311718469473269,5.685134798742969e-06
all_labeled_excl_source_issue,B3,none,spearman,chargetime_early_mean_qc,43,1,0.13803518879495794,0.37738697876911337
all_labeled_excl_source_issue,B3,none,pearson,qd_early_mean_qc,43,1,0.2869181865797153,0.062119345273833206
all_labeled_excl_source_issue,B3,none,spearman,qd_early_mean_qc,43,1,0.21898361460906896,0.1582893727768098
all_labeled_excl_source_issue,B3,none,pearson,qd_early_std_qc,43,1,-0.3684143495081947,0.015063440038190075
all_labeled_excl_source_issue,B3,none,spearman,qd_early_std_qc,43,1,-0.3250774003076007,0.03341942292571665
all_labeled_excl_source_issue,B3,none,pearson,qd_early_slope_qc,43,1,0.3339085790739351,0.02864784516494761
all_labeled_excl_source_issue,B3,none,spearman,qd_early_slope_qc,43,1,0.06327871346289649,0.6868574065780684
all_labeled_excl_source_issue,B3,none,pearson,qd2_qc,43,1,0.23246260661465515,0.13359466986394677
all_labeled_excl_source_issue,B3,none,spearman,qd2_qc,43,1,0.18394623627161794,0.23768986182761062
all_labeled_excl_source_issue,B3,none,pearson,qd100_qc,43,1,0.3300864369595921,0.030638617587492416
all_labeled_excl_source_issue,B3,none,spearman,qd100_qc,43,1,0.22902665624458834,0.13959798279917507
all_labeled_excl_source_issue,B3,none,pearson,qd_delta_100_2_qc,43,1,0.2732599249923782,0.07622866857679785
all_labeled_excl_source_issue,B3,none,spearman,qd_delta_100_2_qc,43,1,-0.16121724730702147,0.3016995188770458
all_labeled_excl_source_issue,B3,none,pearson,c1,43,1,-0.06388778269349496,0.6839995299609767
all_labeled_excl_source_issue,B3,none,spearman,c1,43,1,-0.194590987506685,0.2111492394382603
all_labeled_excl_source_issue,B3,none,pearson,switch_soc_pct,43,1,0.5246272984961338,0.00030450077695922946
all_labeled_excl_source_issue,B3,none,spearman,switch_soc_pct,43,1,0.4060054924746962,0.006905933895299592
all_labeled_excl_source_issue,B3,none,pearson,c2,43,1,-0.062029223324259114,0.6927337391382556
all_labeled_excl_source_issue,B3,none,spearman,c2,43,1,-0.030696018941071528,0.8450783718224143
all_labeled_excl_source_issue,B3,none,pearson,c2_active,38,1,-0.3449954324884314,0.03389957671318086
all_labeled_excl_source_issue,B3,none,spearman,c2_active,38,1,-0.30997911953767254,0.05823084698493596
all_labeled_excl_source_issue,B3,none,pearson,stage2_soc_span_pct,43,1,-0.5246272984961338,0.00030450077695922946
all_labeled_excl_source_issue,B3,none,spearman,stage2_soc_span_pct,43,1,-0.4060054924746962,0.006905933895299592
all_labeled_excl_source_issue,B3,none,pearson,c_max,43,1,-0.6453222707103834,2.9831115726318467e-06
all_labeled_excl_source_issue,B3,none,spearman,c_max,43,1,-0.5808938691573045,4.425057060658892e-05
all_labeled_excl_source_issue,B3,none,pearson,c_eff_0_80,43,1,-0.014357126072990875,0.9271935214406422
all_labeled_excl_source_issue,B3,none,spearman,c_eff_0_80,43,1,-0.12294505588265499,0.4321987281644292
eol_compatible_excl_source_issue,ALL,none,pearson,qd_early_mean,118,3,-0.5147054316620374,2.4824760195283953e-09
eol_compatible_excl_source_issue,ALL,none,spearman,qd_early_mean,118,3,-0.5557182769981058,6.489639007736949e-11
eol_compatible_excl_source_issue,ALL,within_batch_mean_centered,pearson,qd_early_mean,118,3,0.030631581367740128,
eol_compatible_excl_source_issue,ALL,within_batch_structure_centered,pearson,qd_early_mean,118,3,0.15357411567073315,
eol_compatible_excl_source_issue,ALL,none,pearson,qd_early_std,118,3,-0.09183970598166757,0.32261090245938046
eol_compatible_excl_source_issue,ALL,none,spearman,qd_early_std,118,3,-0.6172780892866896,9.755527288840762e-14
eol_compatible_excl_source_issue,ALL,within_batch_mean_centered,pearson,qd_early_std,118,3,-0.04044575524009051,
eol_compatible_excl_source_issue,ALL,within_batch_structure_centered,pearson,qd_early_std,118,3,-0.05661532452136735,
eol_compatible_excl_source_issue,ALL,none,pearson,qd_early_median,118,3,-0.5073632567088096,4.535291053153663e-09
eol_compatible_excl_source_issue,ALL,none,spearman,qd_early_median,118,3,-0.5490787576138719,1.2108566964885892e-10
eol_compatible_excl_source_issue,ALL,within_batch_mean_centered,pearson,qd_early_median,118,3,0.050860826306769885,
eol_compatible_excl_source_issue,ALL,within_batch_structure_centered,pearson,qd_early_median,118,3,0.16200472097152135,
eol_compatible_excl_source_issue,ALL,none,pearson,qd2,118,3,-0.5262247224153067,9.365638716756367e-10
eol_compatible_excl_source_issue,ALL,none,spearman,qd2,118,3,-0.5627339627720953,3.307078408226518e-11
eol_compatible_excl_source_issue,ALL,within_batch_mean_centered,pearson,qd2,118,3,0.01672759307694867,
eol_compatible_excl_source_issue,ALL,within_batch_structure_centered,pearson,qd2,118,3,0.11606461005069035,
eol_compatible_excl_source_issue,ALL,none,pearson,qd100,118,3,-0.483651910686133,2.8896366119062988e-08
eol_compatible_excl_source_issue,ALL,none,spearman,qd100,118,3,-0.5320599675530746,5.635936621255065e-10
eol_compatible_excl_source_issue,ALL,within_batch_mean_centered,pearson,qd100,118,3,0.06411816591085859,
eol_compatible_excl_source_issue,ALL,within_batch_structure_centered,pearson,qd100,118,3,0.19911748222141212,
eol_compatible_excl_source_issue,ALL,none,pearson,qd_delta_100_2,118,3,-0.02846608706210461,0.7596113805617686
eol_compatible_excl_source_issue,ALL,none,spearman,qd_delta_100_2,118,3,-0.17568796452032592,0.05704404253877864
eol_compatible_excl_source_issue,ALL,within_batch_mean_centered,pearson,qd_delta_100_2,118,3,0.09759357442905058,
eol_compatible_excl_source_issue,ALL,within_batch_structure_centered,pearson,qd_delta_100_2,118,3,0.19475318685126644,
eol_compatible_excl_source_issue,ALL,none,pearson,qd_early_slope,118,3,-0.09324368629631463,0.3152372638077778
eol_compatible_excl_source_issue,ALL,none,spearman,qd_early_slope,118,3,-0.22560122712996494,0.01403670358931104
eol_compatible_excl_source_issue,ALL,within_batch_mean_centered,pearson,qd_early_slope,118,3,0.028587225753842857,
eol_compatible_excl_source_issue,ALL,within_batch_structure_centered,pearson,qd_early_slope,118,3,0.21043437919476365,
eol_compatible_excl_source_issue,ALL,none,pearson,ir_early_mean,112,3,-0.37920761685449056,3.736024651829174e-05
eol_compatible_excl_source_issue,ALL,none,spearman,ir_early_mean,112,3,-0.4471357031240739,7.717898867332979e-07
eol_compatible_excl_source_issue,ALL,within_batch_mean_centered,pearson,ir_early_mean,112,3,-0.04164478781778633,
eol_compatible_excl_source_issue,ALL,within_batch_structure_centered,pearson,ir_early_mean,112,3,0.1880501624016879,
eol_compatible_excl_source_issue,ALL,none,pearson,ir_change_100_2,112,3,0.17501576339502578,0.06493771850465091
eol_compatible_excl_source_issue,ALL,none,spearman,ir_change_100_2,112,3,0.033156439199459216,0.7285509556814553
eol_compatible_excl_source_issue,ALL,within_batch_mean_centered,pearson,ir_change_100_2,112,3,0.05146075808283209,
eol_compatible_excl_source_issue,ALL,within_batch_structure_centered,pearson,ir_change_100_2,112,3,-0.019968767855998434,
eol_compatible_excl_source_issue,ALL,none,pearson,ir_early_slope,112,3,0.0431081051889619,0.6517696028130551
eol_compatible_excl_source_issue,ALL,none,spearman,ir_early_slope,112,3,-0.09255870074603641,0.3317246858120763
eol_compatible_excl_source_issue,ALL,within_batch_mean_centered,pearson,ir_early_slope,112,3,0.01722610351519596,
eol_compatible_excl_source_issue,ALL,within_batch_structure_centered,pearson,ir_early_slope,112,3,-0.00105104630680182,
eol_compatible_excl_source_issue,ALL,none,pearson,ir_zero_fraction_early,118,3,-0.07195032997347597,0.4387742221867032
eol_compatible_excl_source_issue,ALL,none,spearman,ir_zero_fraction_early,118,3,-0.08003886752447861,0.3889227579454973
eol_compatible_excl_source_issue,ALL,within_batch_mean_centered,pearson,ir_zero_fraction_early,118,3,0.15118315851939873,
eol_compatible_excl_source_issue,ALL,within_batch_structure_centered,pearson,ir_zero_fraction_early,118,3,0.019864365840250458,
eol_compatible_excl_source_issue,ALL,none,pearson,tavg_early_mean,118,3,0.33759891349130533,0.00018504575340160033
eol_compatible_excl_source_issue,ALL,none,spearman,tavg_early_mean,118,3,0.3121888866903609,0.0005783425209527353
eol_compatible_excl_source_issue,ALL,within_batch_mean_centered,pearson,tavg_early_mean,118,3,0.08820128839820976,
eol_compatible_excl_source_issue,ALL,within_batch_structure_centered,pearson,tavg_early_mean,118,3,-0.03303457411226777,
eol_compatible_excl_source_issue,ALL,none,pearson,ir_missing_fraction_early,118,3,-0.07195032997347597,0.4387742221867032
eol_compatible_excl_source_issue,ALL,none,spearman,ir_missing_fraction_early,118,3,-0.08003886752447861,0.3889227579454973
eol_compatible_excl_source_issue,ALL,within_batch_mean_centered,pearson,ir_missing_fraction_early,118,3,0.15118315851939873,
eol_compatible_excl_source_issue,ALL,within_batch_structure_centered,pearson,ir_missing_fraction_early,118,3,0.019864365840250458,
eol_compatible_excl_source_issue,ALL,none,pearson,tmax_early_mean,118,3,0.042360242708819176,0.6487811031324539
eol_compatible_excl_source_issue,ALL,none,spearman,tmax_early_mean,118,3,0.0577031937683688,0.5348220384227317
eol_compatible_excl_source_issue,ALL,within_batch_mean_centered,pearson,tmax_early_mean,118,3,-0.08132659891785496,
eol_compatible_excl_source_issue,ALL,within_batch_structure_centered,pearson,tmax_early_mean,118,3,-0.09191767432968881,
eol_compatible_excl_source_issue,ALL,none,pearson,chargetime_early_mean,118,3,-0.19294416919089397,0.03632142089499978
eol_compatible_excl_source_issue,ALL,none,spearman,chargetime_early_mean,118,3,-0.2888446579202715,0.0015131274863534573
eol_compatible_excl_source_issue,ALL,within_batch_mean_centered,pearson,chargetime_early_mean,118,3,0.06816947910942137,
eol_compatible_excl_source_issue,ALL,within_batch_structure_centered,pearson,chargetime_early_mean,118,3,0.025869653268236606,
eol_compatible_excl_source_issue,ALL,none,pearson,chargetime_early_median,118,3,0.21161658826166596,0.02142607813159764
eol_compatible_excl_source_issue,ALL,none,spearman,chargetime_early_median,118,3,-0.21999382795622976,0.01667900771630883
eol_compatible_excl_source_issue,ALL,within_batch_mean_centered,pearson,chargetime_early_median,118,3,0.3382512759969336,
eol_compatible_excl_source_issue,ALL,within_batch_structure_centered,pearson,chargetime_early_median,118,3,0.4306749869292984,
eol_compatible_excl_source_issue,ALL,none,pearson,chargetime_early_mean_qc,118,3,0.2068564224171177,0.024609212813152283
eol_compatible_excl_source_issue,ALL,none,spearman,chargetime_early_mean_qc,118,3,-0.24258714828291958,0.008126284695421166
eol_compatible_excl_source_issue,ALL,within_batch_mean_centered,pearson,chargetime_early_mean_qc,118,3,0.3361698254051701,
eol_compatible_excl_source_issue,ALL,within_batch_structure_centered,pearson,chargetime_early_mean_qc,118,3,0.42889693856001215,
eol_compatible_excl_source_issue,ALL,none,pearson,qd_early_mean_qc,118,3,-0.5096564407798675,3.762934211096488e-09
eol_compatible_excl_source_issue,ALL,none,spearman,qd_early_mean_qc,118,3,-0.5466829794422231,1.5114151756947117e-10
eol_compatible_excl_source_issue,ALL,within_batch_mean_centered,pearson,qd_early_mean_qc,118,3,0.03763353376830521,
eol_compatible_excl_source_issue,ALL,within_batch_structure_centered,pearson,qd_early_mean_qc,118,3,0.16069459690030435,
eol_compatible_excl_source_issue,ALL,none,pearson,qd_early_std_qc,118,3,-0.32460334854498196,0.00033556464864403237
eol_compatible_excl_source_issue,ALL,none,spearman,qd_early_std_qc,118,3,-0.6207914103249915,6.445395474400321e-14
eol_compatible_excl_source_issue,ALL,within_batch_mean_centered,pearson,qd_early_std_qc,118,3,-0.020816718681255897,
eol_compatible_excl_source_issue,ALL,within_batch_structure_centered,pearson,qd_early_std_qc,118,3,-0.09382097207777323,
eol_compatible_excl_source_issue,ALL,none,pearson,qd_early_slope_qc,118,3,-0.11893518474803365,0.19957197795457698
eol_compatible_excl_source_issue,ALL,none,spearman,qd_early_slope_qc,118,3,-0.22652886075130454,0.013636718815630262
eol_compatible_excl_source_issue,ALL,within_batch_mean_centered,pearson,qd_early_slope_qc,118,3,0.015491701701163325,
eol_compatible_excl_source_issue,ALL,within_batch_structure_centered,pearson,qd_early_slope_qc,118,3,0.21760906765427435,
eol_compatible_excl_source_issue,ALL,none,pearson,qd2_qc,118,3,-0.5262247224153067,9.365638716756367e-10
eol_compatible_excl_source_issue,ALL,none,spearman,qd2_qc,118,3,-0.5627339627720953,3.307078408226518e-11
eol_compatible_excl_source_issue,ALL,within_batch_mean_centered,pearson,qd2_qc,118,3,0.01672759307694867,
eol_compatible_excl_source_issue,ALL,within_batch_structure_centered,pearson,qd2_qc,118,3,0.11606461005069035,
eol_compatible_excl_source_issue,ALL,none,pearson,qd100_qc,118,3,-0.483651910686133,2.8896366119062988e-08
eol_compatible_excl_source_issue,ALL,none,spearman,qd100_qc,118,3,-0.5320599675530746,5.635936621255065e-10
eol_compatible_excl_source_issue,ALL,within_batch_mean_centered,pearson,qd100_qc,118,3,0.06411816591085859,
eol_compatible_excl_source_issue,ALL,within_batch_structure_centered,pearson,qd100_qc,118,3,0.19911748222141212,
eol_compatible_excl_source_issue,ALL,none,pearson,qd_delta_100_2_qc,118,3,-0.02846608706210461,0.7596113805617686
eol_compatible_excl_source_issue,ALL,none,spearman,qd_delta_100_2_qc,118,3,-0.17568796452032592,0.05704404253877864
eol_compatible_excl_source_issue,ALL,within_batch_mean_centered,pearson,qd_delta_100_2_qc,118,3,0.09759357442905058,
eol_compatible_excl_source_issue,ALL,within_batch_structure_centered,pearson,qd_delta_100_2_qc,118,3,0.19475318685126644,
eol_compatible_excl_source_issue,ALL,none,pearson,c1,118,3,0.017198094884580368,0.8533513454420882
eol_compatible_excl_source_issue,ALL,none,spearman,c1,118,3,0.09399613489272052,0.31133078448685836
eol_compatible_excl_source_issue,ALL,within_batch_mean_centered,pearson,c1,118,3,-0.03505699650481815,
eol_compatible_excl_source_issue,ALL,within_batch_structure_centered,pearson,c1,118,3,-0.08165465163127986,
eol_compatible_excl_source_issue,ALL,none,pearson,switch_soc_pct,118,3,0.14697106858345477,0.1122510192766716
eol_compatible_excl_source_issue,ALL,none,spearman,switch_soc_pct,118,3,0.06500470602234978,0.4843301298863026
eol_compatible_excl_source_issue,ALL,within_batch_mean_centered,pearson,switch_soc_pct,118,3,0.26243638498524735,
eol_compatible_excl_source_issue,ALL,within_batch_structure_centered,pearson,switch_soc_pct,118,3,0.2624366428484022,
eol_compatible_excl_source_issue,ALL,none,pearson,c2,118,3,-0.11047149503841121,0.23369204847144046
eol_compatible_excl_source_issue,ALL,none,spearman,c2,118,3,-0.13720366761157604,0.13845642005913233
eol_compatible_excl_source_issue,ALL,within_batch_mean_centered,pearson,c2,118,3,-0.10912375305678174,
eol_compatible_excl_source_issue,ALL,within_batch_structure_centered,pearson,c2,118,3,-0.08694737547634915,
eol_compatible_excl_source_issue,ALL,none,pearson,c2_active,100,3,-0.20525308675352774,0.04050209956003709
eol_compatible_excl_source_issue,ALL,none,spearman,c2_active,100,3,-0.1313910755010777,0.19255813956817597
eol_compatible_excl_source_issue,ALL,within_batch_mean_centered,pearson,c2_active,100,3,-0.22396126559635335,
eol_compatible_excl_source_issue,ALL,within_batch_structure_centered,pearson,c2_active,100,3,-0.1878297120576901,
eol_compatible_excl_source_issue,ALL,none,pearson,stage2_soc_span_pct,118,3,-0.14697106858345477,0.1122510192766716
eol_compatible_excl_source_issue,ALL,none,spearman,stage2_soc_span_pct,118,3,-0.06500470602234978,0.4843301298863026
eol_compatible_excl_source_issue,ALL,within_batch_mean_centered,pearson,stage2_soc_span_pct,118,3,-0.26243638498524735,
eol_compatible_excl_source_issue,ALL,within_batch_structure_centered,pearson,stage2_soc_span_pct,118,3,-0.2624366428484022,
eol_compatible_excl_source_issue,ALL,none,pearson,c_max,118,3,-0.16620826745415168,0.07205069102235989
eol_compatible_excl_source_issue,ALL,none,spearman,c_max,118,3,-0.12544234352278072,0.17589598235269538
eol_compatible_excl_source_issue,ALL,within_batch_mean_centered,pearson,c_max,118,3,-0.2668775258053957,
eol_compatible_excl_source_issue,ALL,within_batch_structure_centered,pearson,c_max,118,3,-0.2759903008400262,
eol_compatible_excl_source_issue,ALL,none,pearson,c_eff_0_80,118,3,-0.10282481114953562,0.2678562500415753
eol_compatible_excl_source_issue,ALL,none,spearman,c_eff_0_80,118,3,-0.029953727062638096,0.7474608136160404
eol_compatible_excl_source_issue,ALL,within_batch_mean_centered,pearson,c_eff_0_80,118,3,-0.1939488872383191,
eol_compatible_excl_source_issue,ALL,within_batch_structure_centered,pearson,c_eff_0_80,118,3,-0.2249753756250359,
eol_compatible_excl_source_issue,B1,none,pearson,qd_early_mean,36,1,0.2145336388230366,0.208947504260744
eol_compatible_excl_source_issue,B1,none,spearman,qd_early_mean,36,1,0.2148281649924039,0.20830814589951432
eol_compatible_excl_source_issue,B1,none,pearson,qd_early_std,36,1,-0.12051389877641058,0.48385067066138787
eol_compatible_excl_source_issue,B1,none,spearman,qd_early_std,36,1,-0.17904492360960683,0.29610187133529364
eol_compatible_excl_source_issue,B1,none,pearson,qd_early_median,36,1,0.24265901414046992,0.15387243797938022
eol_compatible_excl_source_issue,B1,none,spearman,qd_early_median,36,1,0.2336208025531534,0.17027563799393186
eol_compatible_excl_source_issue,B1,none,pearson,qd2,36,1,0.16054410943752817,0.3496048513930463
eol_compatible_excl_source_issue,B1,none,spearman,qd2,36,1,0.16102458622258672,0.34814549650357396
eol_compatible_excl_source_issue,B1,none,pearson,qd100,36,1,0.3392489026123476,0.04295698100418612
eol_compatible_excl_source_issue,B1,none,spearman,qd100,36,1,0.36954563312953354,0.02654085592149545
eol_compatible_excl_source_issue,B1,none,pearson,qd_delta_100_2,36,1,0.47276269587016934,0.0035948340027135315
eol_compatible_excl_source_issue,B1,none,spearman,qd_delta_100_2,36,1,0.41691337711827214,0.011420551082612647
eol_compatible_excl_source_issue,B1,none,pearson,qd_early_slope,36,1,0.3581299526703319,0.031980729573273595
eol_compatible_excl_source_issue,B1,none,spearman,qd_early_slope,36,1,0.4681426219756578,0.003984729700958474
eol_compatible_excl_source_issue,B1,none,pearson,ir_early_mean,36,1,0.22400166343886624,0.1890685417038193
eol_compatible_excl_source_issue,B1,none,spearman,ir_early_mean,36,1,0.19552066064916804,0.2531240641378415
eol_compatible_excl_source_issue,B1,none,pearson,ir_change_100_2,36,1,0.1370198642503906,0.42552409975883615
eol_compatible_excl_source_issue,B1,none,spearman,ir_change_100_2,36,1,-0.22512550064212966,0.1868006044759682
eol_compatible_excl_source_issue,B1,none,pearson,ir_early_slope,36,1,0.10968660041107917,0.5242424911827372
eol_compatible_excl_source_issue,B1,none,spearman,ir_early_slope,36,1,-0.2517698566357951,0.13853006542090082
eol_compatible_excl_source_issue,B1,none,pearson,ir_zero_fraction_early,36,1,-0.24478159308206734,0.15019254137325605
eol_compatible_excl_source_issue,B1,none,spearman,ir_zero_fraction_early,36,1,-0.21527650889777358,0.20733748186522752
eol_compatible_excl_source_issue,B1,none,pearson,tavg_early_mean,36,1,-0.1727081087650401,0.31380380651557593
eol_compatible_excl_source_issue,B1,none,spearman,tavg_early_mean,36,1,-0.11635989284190121,0.4991540095965721
eol_compatible_excl_source_issue,B1,none,pearson,ir_missing_fraction_early,36,1,-0.24478159308206734,0.15019254137325605
eol_compatible_excl_source_issue,B1,none,spearman,ir_missing_fraction_early,36,1,-0.21527650889777358,0.20733748186522752
eol_compatible_excl_source_issue,B1,none,pearson,tmax_early_mean,36,1,-0.1633037864184324,0.341273371337635
eol_compatible_excl_source_issue,B1,none,spearman,tmax_early_mean,36,1,-0.10245848971477142,0.5520950752193412
eol_compatible_excl_source_issue,B1,none,pearson,chargetime_early_mean,36,1,0.4897119425376297,0.002433735782337753
eol_compatible_excl_source_issue,B1,none,spearman,chargetime_early_mean,36,1,0.47741022406041106,0.0032364754319059662
eol_compatible_excl_source_issue,B1,none,pearson,chargetime_early_median,36,1,0.5709260353652217,0.0002766272979378854
eol_compatible_excl_source_issue,B1,none,spearman,chargetime_early_median,36,1,0.46132063710771454,0.004627300924792432
eol_compatible_excl_source_issue,B1,none,pearson,chargetime_early_mean_qc,36,1,0.5697695328050203,0.0002864777264623944
eol_compatible_excl_source_issue,B1,none,spearman,chargetime_early_mean_qc,36,1,0.4255373957249175,0.009669730844032288
eol_compatible_excl_source_issue,B1,none,pearson,qd_early_mean_qc,36,1,0.24978886550607277,0.1417661409404353
eol_compatible_excl_source_issue,B1,none,spearman,qd_early_mean_qc,36,1,0.2598790084599541,0.1258484002029972
eol_compatible_excl_source_issue,B1,none,pearson,qd_early_std_qc,36,1,-0.39418574046957505,0.017365968633803627
eol_compatible_excl_source_issue,B1,none,spearman,qd_early_std_qc,36,1,-0.1834212912607403,0.28425687858306997
eol_compatible_excl_source_issue,B1,none,pearson,qd_early_slope_qc,36,1,0.507841141181408,0.001567937896505842
eol_compatible_excl_source_issue,B1,none,spearman,qd_early_slope_qc,36,1,0.4725189896267913,0.0036145403874186326
eol_compatible_excl_source_issue,B1,none,pearson,qd2_qc,36,1,0.16054410943752817,0.3496048513930463
eol_compatible_excl_source_issue,B1,none,spearman,qd2_qc,36,1,0.16102458622258672,0.34814549650357396
eol_compatible_excl_source_issue,B1,none,pearson,qd100_qc,36,1,0.3392489026123476,0.04295698100418612
eol_compatible_excl_source_issue,B1,none,spearman,qd100_qc,36,1,0.36954563312953354,0.02654085592149545
eol_compatible_excl_source_issue,B1,none,pearson,qd_delta_100_2_qc,36,1,0.47276269587016934,0.0035948340027135315
eol_compatible_excl_source_issue,B1,none,spearman,qd_delta_100_2_qc,36,1,0.41691337711827214,0.011420551082612647
eol_compatible_excl_source_issue,B1,none,pearson,c1,36,1,-0.2352243558586028,0.16727772665845503
eol_compatible_excl_source_issue,B1,none,spearman,c1,36,1,-0.23741033250727675,0.16325221901857337
eol_compatible_excl_source_issue,B1,none,pearson,switch_soc_pct,36,1,-0.17462388443306306,0.3083833796376952
eol_compatible_excl_source_issue,B1,none,spearman,switch_soc_pct,36,1,-0.058889962696132864,0.7329785396643672
eol_compatible_excl_source_issue,B1,none,pearson,c2,36,1,-0.23466244128456962,0.16832390806540912
eol_compatible_excl_source_issue,B1,none,spearman,c2,36,1,-0.16124117981690955,0.34748884678640574
eol_compatible_excl_source_issue,B1,none,pearson,c2_active,31,1,0.004080011546878523,0.9826210015801339
eol_compatible_excl_source_issue,B1,none,spearman,c2_active,31,1,-0.05116687600412372,0.7845788433202762
eol_compatible_excl_source_issue,B1,none,pearson,stage2_soc_span_pct,36,1,0.17462388443306312,0.3083833796376946
eol_compatible_excl_source_issue,B1,none,spearman,stage2_soc_span_pct,36,1,0.058889962696132864,0.7329785396643672
eol_compatible_excl_source_issue,B1,none,pearson,c_max,36,1,-0.2352243558586028,0.16727772665845503
eol_compatible_excl_source_issue,B1,none,spearman,c_max,36,1,-0.23741033250727675,0.16325221901857337
eol_compatible_excl_source_issue,B1,none,pearson,c_eff_0_80,36,1,-0.5798264409316723,0.00021039610617467437
eol_compatible_excl_source_issue,B1,none,spearman,c_eff_0_80,36,1,-0.43486105531239155,0.008039139417455165
eol_compatible_excl_source_issue,B2,none,pearson,qd_early_mean,39,1,-0.3325695460441213,0.038582062455566606
eol_compatible_excl_source_issue,B2,none,spearman,qd_early_mean,39,1,0.11711711771713532,0.47767365165732606
eol_compatible_excl_source_issue,B2,none,pearson,qd_early_std,39,1,0.17290351138287402,0.2925223419443677
eol_compatible_excl_source_issue,B2,none,spearman,qd_early_std,39,1,-0.10051624709863038,0.5426267592097292
eol_compatible_excl_source_issue,B2,none,pearson,qd_early_median,39,1,-0.2951083617385643,0.06817504666301005
eol_compatible_excl_source_issue,B2,none,spearman,qd_early_median,39,1,0.1106387291830846,0.5025252184082816
eol_compatible_excl_source_issue,B2,none,pearson,qd2,39,1,-0.2843299440200719,0.07938274134244888
eol_compatible_excl_source_issue,B2,none,spearman,qd2,39,1,0.08492762468857089,0.6072189556311465
eol_compatible_excl_source_issue,B2,none,pearson,qd100,39,1,-0.333603319983239,0.03794560060417252
eol_compatible_excl_source_issue,B2,none,spearman,qd100,39,1,0.07723453830438569,0.6402596016260581
eol_compatible_excl_source_issue,B2,none,pearson,qd_delta_100_2,39,1,-0.1992761181428142,0.2238962185446957
eol_compatible_excl_source_issue,B2,none,spearman,qd_delta_100_2,39,1,-0.09666970390653778,0.5582557812059112
eol_compatible_excl_source_issue,B2,none,pearson,qd_early_slope,39,1,-0.44525545809579203,0.004505675482961397
eol_compatible_excl_source_issue,B2,none,spearman,qd_early_slope,39,1,-0.27108007022168396,0.09507087452843678
eol_compatible_excl_source_issue,B2,none,pearson,ir_early_mean,33,1,-0.6255133874742054,9.920802832834427e-05
eol_compatible_excl_source_issue,B2,none,spearman,ir_early_mean,33,1,-0.1992145072552431,0.26637028583084954
eol_compatible_excl_source_issue,B2,none,pearson,ir_change_100_2,33,1,0.3298526960746093,0.060841148135160325
eol_compatible_excl_source_issue,B2,none,spearman,ir_change_100_2,33,1,0.30901646301589303,0.080147477491986
eol_compatible_excl_source_issue,B2,none,pearson,ir_early_slope,33,1,0.1911583402870009,0.2865841227587095
eol_compatible_excl_source_issue,B2,none,spearman,ir_early_slope,33,1,0.2109133457685544,0.2387174936655644
eol_compatible_excl_source_issue,B2,none,pearson,ir_zero_fraction_early,39,1,0.28886887792471183,0.0744997867255936
eol_compatible_excl_source_issue,B2,none,spearman,ir_zero_fraction_early,39,1,0.30628232410062944,0.057912684441323366
eol_compatible_excl_source_issue,B2,none,pearson,tavg_early_mean,39,1,0.4253120270489282,0.006951526483057072
eol_compatible_excl_source_issue,B2,none,spearman,tavg_early_mean,39,1,0.16550258208082647,0.31398219394653226
eol_compatible_excl_source_issue,B2,none,pearson,ir_missing_fraction_early,39,1,0.28886887792471183,0.0744997867255936
eol_compatible_excl_source_issue,B2,none,spearman,ir_missing_fraction_early,39,1,0.30628232410062944,0.057912684441323366
eol_compatible_excl_source_issue,B2,none,pearson,tmax_early_mean,39,1,0.018802285438894794,0.9095470935345008
eol_compatible_excl_source_issue,B2,none,spearman,tmax_early_mean,39,1,-0.13594493439422012,0.4092608517530202
eol_compatible_excl_source_issue,B2,none,pearson,chargetime_early_mean,39,1,0.08706750328012963,0.5981600160289358
eol_compatible_excl_source_issue,B2,none,spearman,chargetime_early_mean,39,1,-0.39325842898104635,0.013260574022552356
eol_compatible_excl_source_issue,B2,none,pearson,chargetime_early_median,39,1,-0.918399008514092,1.7805968927377313e-16
eol_compatible_excl_source_issue,B2,none,spearman,chargetime_early_median,39,1,-0.8115193887106946,3.683261045506726e-10
eol_compatible_excl_source_issue,B2,none,pearson,chargetime_early_mean_qc,39,1,-0.9174099479141915,2.2062767564934432e-16
eol_compatible_excl_source_issue,B2,none,spearman,chargetime_early_mean_qc,39,1,-0.7562506365295747,2.5796257023324588e-08
eol_compatible_excl_source_issue,B2,none,pearson,qd_early_mean_qc,39,1,-0.3325695460441213,0.038582062455566606
eol_compatible_excl_source_issue,B2,none,spearman,qd_early_mean_qc,39,1,0.11711711771713532,0.47767365165732606
eol_compatible_excl_source_issue,B2,none,pearson,qd_early_std_qc,39,1,0.17290351138287402,0.2925223419443677
eol_compatible_excl_source_issue,B2,none,spearman,qd_early_std_qc,39,1,-0.10051624709863038,0.5426267592097292
eol_compatible_excl_source_issue,B2,none,pearson,qd_early_slope_qc,39,1,-0.44525545809579203,0.004505675482961397
eol_compatible_excl_source_issue,B2,none,spearman,qd_early_slope_qc,39,1,-0.27108007022168396,0.09507087452843678
eol_compatible_excl_source_issue,B2,none,pearson,qd2_qc,39,1,-0.2843299440200719,0.07938274134244888
eol_compatible_excl_source_issue,B2,none,spearman,qd2_qc,39,1,0.08492762468857089,0.6072189556311465
eol_compatible_excl_source_issue,B2,none,pearson,qd100_qc,39,1,-0.333603319983239,0.03794560060417252
eol_compatible_excl_source_issue,B2,none,spearman,qd100_qc,39,1,0.07723453830438569,0.6402596016260581
eol_compatible_excl_source_issue,B2,none,pearson,qd_delta_100_2_qc,39,1,-0.1992761181428142,0.2238962185446957
eol_compatible_excl_source_issue,B2,none,spearman,qd_delta_100_2_qc,39,1,-0.09666970390653778,0.5582557812059112
eol_compatible_excl_source_issue,B2,none,pearson,c1,39,1,0.19074658847387693,0.2447592682571221
eol_compatible_excl_source_issue,B2,none,spearman,c1,39,1,0.05509278655119761,0.7390485991636518
eol_compatible_excl_source_issue,B2,none,pearson,switch_soc_pct,39,1,0.11611987845984809,0.48145664397821836
eol_compatible_excl_source_issue,B2,none,spearman,switch_soc_pct,39,1,0.28781347990487877,0.07561362556004728
eol_compatible_excl_source_issue,B2,none,pearson,c2,39,1,-0.11630518850837052,0.48075249647490165
eol_compatible_excl_source_issue,B2,none,spearman,c2,39,1,-0.11884016238051073,0.4711742552506387
eol_compatible_excl_source_issue,B2,none,pearson,c2_active,31,1,-0.16123805524473214,0.3861975544267582
eol_compatible_excl_source_issue,B2,none,spearman,c2_active,31,1,-0.21487599237155366,0.24570851917890152
eol_compatible_excl_source_issue,B2,none,pearson,stage2_soc_span_pct,39,1,-0.11611987845984809,0.48145664397821836
eol_compatible_excl_source_issue,B2,none,spearman,stage2_soc_span_pct,39,1,-0.28781347990487877,0.07561362556004728
eol_compatible_excl_source_issue,B2,none,pearson,c_max,39,1,-0.16109258689961564,0.3272294557175888
eol_compatible_excl_source_issue,B2,none,spearman,c_max,39,1,-0.35908307144841967,0.024769710954237825
eol_compatible_excl_source_issue,B2,none,pearson,c_eff_0_80,39,1,0.3336386287176393,0.037924014245049716
eol_compatible_excl_source_issue,B2,none,spearman,c_eff_0_80,39,1,0.32079048769847657,0.04646687471569225
eol_compatible_excl_source_issue,B3,none,pearson,qd_early_mean,43,1,0.2869181865797153,0.062119345273833206
eol_compatible_excl_source_issue,B3,none,spearman,qd_early_mean,43,1,0.21898361460906896,0.1582893727768098
eol_compatible_excl_source_issue,B3,none,pearson,qd_early_std,43,1,-0.3684143495081947,0.015063440038190075
eol_compatible_excl_source_issue,B3,none,spearman,qd_early_std,43,1,-0.3250774003076007,0.03341942292571665
eol_compatible_excl_source_issue,B3,none,pearson,qd_early_median,43,1,0.2843168960009203,0.06463247563549773
eol_compatible_excl_source_issue,B3,none,spearman,qd_early_median,43,1,0.21415087276942055,0.16790726437092926
eol_compatible_excl_source_issue,B3,none,pearson,qd2,43,1,0.23246260661465515,0.13359466986394677
eol_compatible_excl_source_issue,B3,none,spearman,qd2,43,1,0.18394623627161794,0.23768986182761062
eol_compatible_excl_source_issue,B3,none,pearson,qd100,43,1,0.3300864369595921,0.030638617587492416
eol_compatible_excl_source_issue,B3,none,spearman,qd100,43,1,0.22902665624458834,0.13959798279917507
eol_compatible_excl_source_issue,B3,none,pearson,qd_delta_100_2,43,1,0.2732599249923782,0.07622866857679785
eol_compatible_excl_source_issue,B3,none,spearman,qd_delta_100_2,43,1,-0.16121724730702147,0.3016995188770458
eol_compatible_excl_source_issue,B3,none,pearson,qd_early_slope,43,1,0.3339085790739351,0.02864784516494761
eol_compatible_excl_source_issue,B3,none,spearman,qd_early_slope,43,1,0.06327871346289649,0.6868574065780684
eol_compatible_excl_source_issue,B3,none,pearson,ir_early_mean,43,1,0.2170820303683507,0.16202469876464104
eol_compatible_excl_source_issue,B3,none,spearman,ir_early_mean,43,1,0.2112059207108848,0.17397147737800212
eol_compatible_excl_source_issue,B3,none,pearson,ir_change_100_2,43,1,-0.38329977555532774,0.01117666363575384
eol_compatible_excl_source_issue,B3,none,spearman,ir_change_100_2,43,1,-0.15396813454754885,0.3242411775599515
eol_compatible_excl_source_issue,B3,none,pearson,ir_early_slope,43,1,-0.38054227290972076,0.011823826776714225
eol_compatible_excl_source_issue,B3,none,spearman,ir_early_slope,43,1,-0.24495960199717925,0.11337542924017667
eol_compatible_excl_source_issue,B3,none,pearson,ir_zero_fraction_early,43,1,,
eol_compatible_excl_source_issue,B3,none,spearman,ir_zero_fraction_early,43,1,,
eol_compatible_excl_source_issue,B3,none,pearson,tavg_early_mean,43,1,-0.03899265338711483,0.803939607734663
eol_compatible_excl_source_issue,B3,none,spearman,tavg_early_mean,43,1,0.005059276613381938,0.9743137746624161
eol_compatible_excl_source_issue,B3,none,pearson,ir_missing_fraction_early,43,1,,
eol_compatible_excl_source_issue,B3,none,spearman,ir_missing_fraction_early,43,1,,
eol_compatible_excl_source_issue,B3,none,pearson,tmax_early_mean,43,1,-0.12070757164074664,0.4406868252699939
eol_compatible_excl_source_issue,B3,none,spearman,tmax_early_mean,43,1,-0.053688741374844154,0.7324011707273466
eol_compatible_excl_source_issue,B3,none,pearson,chargetime_early_mean,43,1,0.6311718469473269,5.685134798742969e-06
eol_compatible_excl_source_issue,B3,none,spearman,chargetime_early_mean,43,1,0.13803518879495794,0.37738697876911337
eol_compatible_excl_source_issue,B3,none,pearson,chargetime_early_median,43,1,0.6321892007646008,5.433395424375139e-06
eol_compatible_excl_source_issue,B3,none,spearman,chargetime_early_median,43,1,0.21185576756652988,0.17261996678210317
eol_compatible_excl_source_issue,B3,none,pearson,chargetime_early_mean_qc,43,1,0.6311718469473269,5.685134798742969e-06
eol_compatible_excl_source_issue,B3,none,spearman,chargetime_early_mean_qc,43,1,0.13803518879495794,0.37738697876911337
eol_compatible_excl_source_issue,B3,none,pearson,qd_early_mean_qc,43,1,0.2869181865797153,0.062119345273833206
eol_compatible_excl_source_issue,B3,none,spearman,qd_early_mean_qc,43,1,0.21898361460906896,0.1582893727768098
eol_compatible_excl_source_issue,B3,none,pearson,qd_early_std_qc,43,1,-0.3684143495081947,0.015063440038190075
eol_compatible_excl_source_issue,B3,none,spearman,qd_early_std_qc,43,1,-0.3250774003076007,0.03341942292571665
eol_compatible_excl_source_issue,B3,none,pearson,qd_early_slope_qc,43,1,0.3339085790739351,0.02864784516494761
eol_compatible_excl_source_issue,B3,none,spearman,qd_early_slope_qc,43,1,0.06327871346289649,0.6868574065780684
eol_compatible_excl_source_issue,B3,none,pearson,qd2_qc,43,1,0.23246260661465515,0.13359466986394677
eol_compatible_excl_source_issue,B3,none,spearman,qd2_qc,43,1,0.18394623627161794,0.23768986182761062
eol_compatible_excl_source_issue,B3,none,pearson,qd100_qc,43,1,0.3300864369595921,0.030638617587492416
eol_compatible_excl_source_issue,B3,none,spearman,qd100_qc,43,1,0.22902665624458834,0.13959798279917507
eol_compatible_excl_source_issue,B3,none,pearson,qd_delta_100_2_qc,43,1,0.2732599249923782,0.07622866857679785
eol_compatible_excl_source_issue,B3,none,spearman,qd_delta_100_2_qc,43,1,-0.16121724730702147,0.3016995188770458
eol_compatible_excl_source_issue,B3,none,pearson,c1,43,1,-0.06388778269349496,0.6839995299609767
eol_compatible_excl_source_issue,B3,none,spearman,c1,43,1,-0.194590987506685,0.2111492394382603
eol_compatible_excl_source_issue,B3,none,pearson,switch_soc_pct,43,1,0.5246272984961338,0.00030450077695922946
eol_compatible_excl_source_issue,B3,none,spearman,switch_soc_pct,43,1,0.4060054924746962,0.006905933895299592
eol_compatible_excl_source_issue,B3,none,pearson,c2,43,1,-0.062029223324259114,0.6927337391382556
eol_compatible_excl_source_issue,B3,none,spearman,c2,43,1,-0.030696018941071528,0.8450783718224143
eol_compatible_excl_source_issue,B3,none,pearson,c2_active,38,1,-0.3449954324884314,0.03389957671318086
eol_compatible_excl_source_issue,B3,none,spearman,c2_active,38,1,-0.30997911953767254,0.05823084698493596
eol_compatible_excl_source_issue,B3,none,pearson,stage2_soc_span_pct,43,1,-0.5246272984961338,0.00030450077695922946
eol_compatible_excl_source_issue,B3,none,spearman,stage2_soc_span_pct,43,1,-0.4060054924746962,0.006905933895299592
eol_compatible_excl_source_issue,B3,none,pearson,c_max,43,1,-0.6453222707103834,2.9831115726318467e-06
eol_compatible_excl_source_issue,B3,none,spearman,c_max,43,1,-0.5808938691573045,4.425057060658892e-05
eol_compatible_excl_source_issue,B3,none,pearson,c_eff_0_80,43,1,-0.014357126072990875,0.9271935214406422
eol_compatible_excl_source_issue,B3,none,spearman,c_eff_0_80,43,1,-0.12294505588265499,0.4321987281644292
