subset,scope,adjustment,method,feature_x,feature_y,n,coefficient
all_observed,ALL,none,pearson,qd_early_mean,qd_early_std,139,0.08905768873024664
all_observed,ALL,none,spearman,qd_early_mean,qd_early_std,139,0.46855981053666373
all_observed,ALL,within_batch_mean_centered,pearson,qd_early_mean,qd_early_std,139,-0.20037018753106542
all_observed,ALL,none,pearson,qd_early_mean,qd_early_slope,139,0.2957269410157648
all_observed,ALL,none,spearman,qd_early_mean,qd_early_slope,139,0.3172840609499977
all_observed,ALL,within_batch_mean_centered,pearson,qd_early_mean,qd_early_slope,139,0.1409262815298543
all_observed,ALL,none,pearson,qd_early_mean,tavg_early_mean,139,-0.507021277924022
all_observed,ALL,none,spearman,qd_early_mean,tavg_early_mean,139,-0.4417847088788596
all_observed,ALL,within_batch_mean_centered,pearson,qd_early_mean,tavg_early_mean,139,-0.44682148081730466
all_observed,ALL,none,pearson,qd_early_mean,tmax_early_mean,139,0.06307193117826611
all_observed,ALL,none,spearman,qd_early_mean,tmax_early_mean,139,-0.25655748692971087
all_observed,ALL,within_batch_mean_centered,pearson,qd_early_mean,tmax_early_mean,139,-0.004303613460950503
all_observed,ALL,none,pearson,qd_early_std,tavg_early_mean,139,0.14367260446266977
all_observed,ALL,none,spearman,qd_early_std,tavg_early_mean,139,-0.12225300504937664
all_observed,ALL,within_batch_mean_centered,pearson,qd_early_std,tavg_early_mean,139,0.23236987852100616
all_observed,ALL,none,pearson,qd_early_std,tmax_early_mean,139,0.29865252373323437
all_observed,ALL,none,spearman,qd_early_std,tmax_early_mean,139,0.056459180481701586
all_observed,ALL,within_batch_mean_centered,pearson,qd_early_std,tmax_early_mean,139,0.27910268686280043
all_observed,ALL,none,pearson,qd2,qd_early_mean,139,0.9506172437678486
all_observed,ALL,none,spearman,qd2,qd_early_mean,139,0.9626882345055631
all_observed,ALL,within_batch_mean_centered,pearson,qd2,qd_early_mean,139,0.8897980602448237
all_observed,ALL,none,pearson,qd2,qd_early_std,139,0.03737690344230938
all_observed,ALL,none,spearman,qd2,qd_early_std,139,0.490504490817284
all_observed,ALL,within_batch_mean_centered,pearson,qd2,qd_early_std,139,-0.3414967650608014
all_observed,ALL,none,pearson,qd2,qd_delta_100_2,139,0.043092351958496124
all_observed,ALL,none,spearman,qd2,qd_delta_100_2,139,0.1730550962956343
all_observed,ALL,within_batch_mean_centered,pearson,qd2,qd_delta_100_2,139,-0.1997879714790773
all_observed,ALL,none,pearson,qd2,qd_early_slope,139,0.1662078829904405
all_observed,ALL,none,spearman,qd2,qd_early_slope,139,0.21994727199606773
all_observed,ALL,within_batch_mean_centered,pearson,qd2,qd_early_slope,139,-0.11865317258278602
all_observed,ALL,none,pearson,qd2,tavg_early_mean,139,-0.4096532027927666
all_observed,ALL,none,spearman,qd2,tavg_early_mean,139,-0.3930157737164305
all_observed,ALL,within_batch_mean_centered,pearson,qd2,tavg_early_mean,139,-0.3297630804205981
all_observed,ALL,none,pearson,qd2,tmax_early_mean,139,0.023155544637063943
all_observed,ALL,none,spearman,qd2,tmax_early_mean,139,-0.2304213771839671
all_observed,ALL,within_batch_mean_centered,pearson,qd2,tmax_early_mean,139,-0.08695342293462273
all_observed,ALL,none,pearson,qd100,qd_early_mean,139,0.22456882989607652
all_observed,ALL,none,spearman,qd100,qd_early_mean,139,0.9561106394387595
all_observed,ALL,within_batch_mean_centered,pearson,qd100,qd_early_mean,139,0.0562271382559645
all_observed,ALL,none,pearson,qd100,qd_early_std,139,0.566187384560598
all_observed,ALL,none,spearman,qd100,qd_early_std,139,0.41710532195361716
all_observed,ALL,within_batch_mean_centered,pearson,qd100,qd_early_std,139,0.5239599172361684
all_observed,ALL,none,pearson,qd100,qd2,139,0.12121074918873034
all_observed,ALL,none,spearman,qd100,qd2,139,0.9184771437508377
all_observed,ALL,within_batch_mean_centered,pearson,qd100,qd2,139,-0.15165456509950487
all_observed,ALL,none,pearson,qd100,qd_delta_100_2,139,0.9969279935180742
all_observed,ALL,none,spearman,qd100,qd_delta_100_2,139,0.4518655882747218
all_observed,ALL,within_batch_mean_centered,pearson,qd100,qd_delta_100_2,139,0.9988046557243327
all_observed,ALL,none,pearson,qd100,qd_early_slope,139,0.7589240494252614
all_observed,ALL,none,spearman,qd100,qd_early_slope,139,0.4082309307833236
all_observed,ALL,within_batch_mean_centered,pearson,qd100,qd_early_slope,139,0.7345173832519853
all_observed,ALL,none,pearson,qd100,tavg_early_mean,139,-0.013599291216471174
all_observed,ALL,none,spearman,qd100,tavg_early_mean,139,-0.4447875240180526
all_observed,ALL,within_batch_mean_centered,pearson,qd100,tavg_early_mean,139,0.026020022431398594
all_observed,ALL,none,pearson,qd100,tmax_early_mean,139,0.4971616515794409
all_observed,ALL,none,spearman,qd100,tmax_early_mean,139,-0.23340184994861252
all_observed,ALL,within_batch_mean_centered,pearson,qd100,tmax_early_mean,139,0.48757553459781644
all_observed,ALL,none,pearson,qd_delta_100_2,qd_early_mean,139,0.15101801256351247
all_observed,ALL,none,spearman,qd_delta_100_2,qd_early_mean,139,0.2997497654050672
all_observed,ALL,within_batch_mean_centered,pearson,qd_delta_100_2,qd_early_mean,139,0.011735916925162022
all_observed,ALL,none,pearson,qd_delta_100_2,qd_early_std,139,0.56691393071142
all_observed,ALL,none,spearman,qd_delta_100_2,qd_early_std,139,-0.0025202198489655482
all_observed,ALL,within_batch_mean_centered,pearson,qd_delta_100_2,qd_early_std,139,0.5362918117812947
all_observed,ALL,none,pearson,qd_delta_100_2,qd_early_slope,139,0.7507364246799091
all_observed,ALL,none,spearman,qd_delta_100_2,qd_early_slope,139,0.7509227400688144
all_observed,ALL,within_batch_mean_centered,pearson,qd_delta_100_2,qd_early_slope,139,0.7339984166741065
all_observed,ALL,none,pearson,qd_delta_100_2,tavg_early_mean,139,0.018636235979316587
all_observed,ALL,none,spearman,qd_delta_100_2,tavg_early_mean,139,-0.3961347692032709
all_observed,ALL,within_batch_mean_centered,pearson,qd_delta_100_2,tavg_early_mean,139,0.042101235631202605
all_observed,ALL,none,pearson,qd_delta_100_2,tmax_early_mean,139,0.4985622120340725
all_observed,ALL,none,spearman,qd_delta_100_2,tmax_early_mean,139,-0.2201126055677197
all_observed,ALL,within_batch_mean_centered,pearson,qd_delta_100_2,tmax_early_mean,139,0.4876361031576612
all_observed,ALL,none,pearson,qd_early_slope,qd_early_std,139,0.5415583377929194
all_observed,ALL,none,spearman,qd_early_slope,qd_early_std,139,0.11854863934939004
all_observed,ALL,within_batch_mean_centered,pearson,qd_early_slope,qd_early_std,139,0.4899391959110201
all_observed,ALL,none,pearson,qd_early_slope,tavg_early_mean,139,0.0095868192162235
all_observed,ALL,none,spearman,qd_early_slope,tavg_early_mean,139,-0.25411323115420703
all_observed,ALL,within_batch_mean_centered,pearson,qd_early_slope,tavg_early_mean,139,0.04308865311458866
all_observed,ALL,none,pearson,qd_early_slope,tmax_early_mean,139,0.3603950407641596
all_observed,ALL,none,spearman,qd_early_slope,tmax_early_mean,139,-0.13126591894186515
all_observed,ALL,within_batch_mean_centered,pearson,qd_early_slope,tmax_early_mean,139,0.342619504307536
all_observed,ALL,none,pearson,ir_early_mean,qd_early_mean,132,0.4090061375176166
all_observed,ALL,none,spearman,ir_early_mean,qd_early_mean,132,0.5968912565939484
all_observed,ALL,within_batch_mean_centered,pearson,ir_early_mean,qd_early_mean,132,-0.003014541747867916
all_observed,ALL,none,pearson,ir_early_mean,qd_early_std,132,0.5658129187264637
all_observed,ALL,none,spearman,ir_early_mean,qd_early_std,132,0.3374744981816094
all_observed,ALL,within_batch_mean_centered,pearson,ir_early_mean,qd_early_std,132,0.5363298589014025
all_observed,ALL,none,pearson,ir_early_mean,qd2,132,0.4115211781575291
all_observed,ALL,none,spearman,ir_early_mean,qd2,132,0.5554674333300287
all_observed,ALL,within_batch_mean_centered,pearson,ir_early_mean,qd2,132,-0.02750798357645494
all_observed,ALL,none,pearson,ir_early_mean,qd100,132,0.10189006157804127
all_observed,ALL,none,spearman,ir_early_mean,qd100,132,0.5755506044778843
all_observed,ALL,within_batch_mean_centered,pearson,ir_early_mean,qd100,132,-0.023873669589065224
all_observed,ALL,none,pearson,ir_early_mean,qd_delta_100_2,132,0.06758202433578761
all_observed,ALL,none,spearman,ir_early_mean,qd_delta_100_2,132,0.36930807240168423
all_observed,ALL,within_batch_mean_centered,pearson,ir_early_mean,qd_delta_100_2,132,-0.02217711186783809
all_observed,ALL,none,pearson,ir_early_mean,qd_early_slope,132,0.4583434079688327
all_observed,ALL,none,spearman,ir_early_mean,qd_early_slope,132,0.42642171006976143
all_observed,ALL,within_batch_mean_centered,pearson,ir_early_mean,qd_early_slope,132,0.4203663142309323
all_observed,ALL,none,pearson,ir_early_mean,ir_early_slope,132,-0.09915220884900075
all_observed,ALL,none,spearman,ir_early_mean,ir_early_slope,132,0.2650345290219518
all_observed,ALL,within_batch_mean_centered,pearson,ir_early_mean,ir_early_slope,132,-0.11318147083097464
all_observed,ALL,none,pearson,ir_early_mean,tavg_early_mean,132,-0.09067043211607698
all_observed,ALL,none,spearman,ir_early_mean,tavg_early_mean,132,-0.34290618983266624
all_observed,ALL,within_batch_mean_centered,pearson,ir_early_mean,tavg_early_mean,132,0.1745783864899012
all_observed,ALL,none,pearson,ir_early_mean,tmax_early_mean,132,0.023833089306123864
all_observed,ALL,none,spearman,ir_early_mean,tmax_early_mean,132,-0.14846102069886719
all_observed,ALL,within_batch_mean_centered,pearson,ir_early_mean,tmax_early_mean,132,-0.02539218640816958
all_observed,ALL,none,pearson,ir_change_100_2,qd_early_mean,132,0.07628442703489553
all_observed,ALL,none,spearman,ir_change_100_2,qd_early_mean,132,0.19720272059407895
all_observed,ALL,within_batch_mean_centered,pearson,ir_change_100_2,qd_early_mean,132,-0.016698947736118335
all_observed,ALL,none,pearson,ir_change_100_2,qd_early_std,132,0.38879147954550974
all_observed,ALL,none,spearman,ir_change_100_2,qd_early_std,132,0.04136435856245862
all_observed,ALL,within_batch_mean_centered,pearson,ir_change_100_2,qd_early_std,132,0.3625549469286908
all_observed,ALL,none,pearson,ir_change_100_2,qd2,132,0.013274416083932835
all_observed,ALL,none,spearman,ir_change_100_2,qd2,132,0.19485208754048228
all_observed,ALL,within_batch_mean_centered,pearson,ir_change_100_2,qd2,132,-0.1429091214341766
all_observed,ALL,none,pearson,ir_change_100_2,qd100,132,0.9449439075099711
all_observed,ALL,none,spearman,ir_change_100_2,qd100,132,0.25728344045121293
all_observed,ALL,within_batch_mean_centered,pearson,ir_change_100_2,qd100,132,0.9504262645234393
all_observed,ALL,none,pearson,ir_change_100_2,qd_delta_100_2,132,0.9505747341121062
all_observed,ALL,none,spearman,ir_change_100_2,qd_delta_100_2,132,0.19482599838339465
all_observed,ALL,within_batch_mean_centered,pearson,ir_change_100_2,qd_delta_100_2,132,0.9507504327212519
all_observed,ALL,none,pearson,ir_change_100_2,qd_early_slope,132,0.7173217588432286
all_observed,ALL,none,spearman,ir_change_100_2,qd_early_slope,132,0.14927693902407801
all_observed,ALL,within_batch_mean_centered,pearson,ir_change_100_2,qd_early_slope,132,0.7146917748032722
all_observed,ALL,none,pearson,ir_change_100_2,ir_early_mean,132,0.04617728633021006
all_observed,ALL,none,spearman,ir_change_100_2,ir_early_mean,132,0.2560963838037251
all_observed,ALL,within_batch_mean_centered,pearson,ir_change_100_2,ir_early_mean,132,-0.014301667905443294
all_observed,ALL,none,pearson,ir_change_100_2,ir_early_slope,132,0.39644782409294266
all_observed,ALL,none,spearman,ir_change_100_2,ir_early_slope,132,0.9029209801302386
all_observed,ALL,within_batch_mean_centered,pearson,ir_change_100_2,ir_early_slope,132,0.4047110008433323
all_observed,ALL,none,pearson,ir_change_100_2,tavg_early_mean,132,0.1167426344241663
all_observed,ALL,none,spearman,ir_change_100_2,tavg_early_mean,132,0.030978265125867776
all_observed,ALL,within_batch_mean_centered,pearson,ir_change_100_2,tavg_early_mean,132,0.13691749389107494
all_observed,ALL,none,pearson,ir_change_100_2,tmax_early_mean,132,0.5487439636591794
all_observed,ALL,none,spearman,ir_change_100_2,tmax_early_mean,132,0.10806911540414528
all_observed,ALL,within_batch_mean_centered,pearson,ir_change_100_2,tmax_early_mean,132,0.5388414170453208
all_observed,ALL,none,pearson,ir_early_slope,qd_early_mean,132,-0.026414363791222147
all_observed,ALL,none,spearman,ir_early_slope,qd_early_mean,132,0.22533726759739356
all_observed,ALL,within_batch_mean_centered,pearson,ir_early_slope,qd_early_mean,132,-0.02544513366850055
all_observed,ALL,none,pearson,ir_early_slope,qd_early_std,132,-0.4453201094973357
all_observed,ALL,none,spearman,ir_early_slope,qd_early_std,132,0.020059952884689012
all_observed,ALL,within_batch_mean_centered,pearson,ir_early_slope,qd_early_std,132,-0.4642808351019937
all_observed,ALL,none,pearson,ir_early_slope,qd2,132,0.04639754541987905
all_observed,ALL,none,spearman,ir_early_slope,qd2,132,0.2109021369808005
all_observed,ALL,within_batch_mean_centered,pearson,ir_early_slope,qd2,132,0.09112608025206989
all_observed,ALL,none,pearson,ir_early_slope,qd100,132,0.128625439962329
all_observed,ALL,none,spearman,ir_early_slope,qd100,132,0.2998452913239944
all_observed,ALL,within_batch_mean_centered,pearson,ir_early_slope,qd100,132,0.1390649661685545
all_observed,ALL,none,pearson,ir_early_slope,qd_delta_100_2,132,0.12559544405672987
all_observed,ALL,none,spearman,ir_early_slope,qd_delta_100_2,132,0.2959110464351778
all_observed,ALL,within_batch_mean_centered,pearson,ir_early_slope,qd_delta_100_2,132,0.1329708389830874
all_observed,ALL,none,pearson,ir_early_slope,qd_early_slope,132,0.28284176197984834
all_observed,ALL,none,spearman,ir_early_slope,qd_early_slope,132,0.17114487049494073
all_observed,ALL,within_batch_mean_centered,pearson,ir_early_slope,qd_early_slope,132,0.30827500602080676
all_observed,ALL,none,pearson,ir_early_slope,tavg_early_mean,132,0.09959251847710557
all_observed,ALL,none,spearman,ir_early_slope,tavg_early_mean,132,-0.04041210432875963
all_observed,ALL,within_batch_mean_centered,pearson,ir_early_slope,tavg_early_mean,132,0.11480918274425865
all_observed,ALL,none,pearson,ir_early_slope,tmax_early_mean,132,0.07134467461821464
all_observed,ALL,none,spearman,ir_early_slope,tmax_early_mean,132,0.09865614752692352
all_observed,ALL,within_batch_mean_centered,pearson,ir_early_slope,tmax_early_mean,132,0.07453248792336915
all_observed,ALL,none,pearson,tavg_early_mean,tmax_early_mean,139,0.23622709640162073
all_observed,ALL,none,spearman,tavg_early_mean,tmax_early_mean,139,0.8609902140399481
all_observed,ALL,within_batch_mean_centered,pearson,tavg_early_mean,tmax_early_mean,139,0.27038952570780445
all_observed,ALL,none,pearson,chargetime_early_mean,qd_early_mean,139,0.2768327862768085
all_observed,ALL,none,spearman,chargetime_early_mean,qd_early_mean,139,0.28907457884623977
all_observed,ALL,within_batch_mean_centered,pearson,chargetime_early_mean,qd_early_mean,139,-0.013881215408833084
all_observed,ALL,none,pearson,chargetime_early_mean,qd_early_std,139,0.174209557871365
all_observed,ALL,none,spearman,chargetime_early_mean,qd_early_std,139,0.2226909155905089
all_observed,ALL,within_batch_mean_centered,pearson,chargetime_early_mean,qd_early_std,139,0.04318896436897927
all_observed,ALL,none,pearson,chargetime_early_mean,qd2,139,0.30076415916615146
all_observed,ALL,none,spearman,chargetime_early_mean,qd2,139,0.30084901023280747
all_observed,ALL,within_batch_mean_centered,pearson,chargetime_early_mean,qd2,139,-0.031037554021779427
all_observed,ALL,none,pearson,chargetime_early_mean,qd100,139,0.20128125539278946
all_observed,ALL,none,spearman,chargetime_early_mean,qd100,139,0.3338531659144734
all_observed,ALL,within_batch_mean_centered,pearson,chargetime_early_mean,qd100,139,0.08515901322939115
all_observed,ALL,none,pearson,chargetime_early_mean,qd_delta_100_2,139,0.1788561152620322
all_observed,ALL,none,spearman,chargetime_early_mean,qd_delta_100_2,139,0.21923231601054557
all_observed,ALL,within_batch_mean_centered,pearson,chargetime_early_mean,qd_delta_100_2,139,0.08595342833903535
all_observed,ALL,none,pearson,chargetime_early_mean,qd_early_slope,139,0.20549580664585573
all_observed,ALL,none,spearman,chargetime_early_mean,qd_early_slope,139,0.310366861790071
all_observed,ALL,within_batch_mean_centered,pearson,chargetime_early_mean,qd_early_slope,139,0.06524959570114605
all_observed,ALL,none,pearson,chargetime_early_mean,ir_early_mean,132,0.19081614794553273
all_observed,ALL,none,spearman,chargetime_early_mean,ir_early_mean,132,0.5107303303365978
all_observed,ALL,within_batch_mean_centered,pearson,chargetime_early_mean,ir_early_mean,132,0.02516605139433603
all_observed,ALL,none,pearson,chargetime_early_mean,ir_change_100_2,132,0.0022837793979230275
all_observed,ALL,none,spearman,chargetime_early_mean,ir_change_100_2,132,0.2166182712987032
all_observed,ALL,within_batch_mean_centered,pearson,chargetime_early_mean,ir_change_100_2,132,-0.06976928220487663
all_observed,ALL,none,pearson,chargetime_early_mean,ir_early_slope,132,-0.05965962886229582
all_observed,ALL,none,spearman,chargetime_early_mean,ir_early_slope,132,0.1817109791154363
all_observed,ALL,within_batch_mean_centered,pearson,chargetime_early_mean,ir_early_slope,132,-0.05745496158637656
all_observed,ALL,none,pearson,chargetime_early_mean,tavg_early_mean,139,-0.10881807310379948
all_observed,ALL,none,spearman,chargetime_early_mean,tavg_early_mean,139,-0.22730238169712674
all_observed,ALL,within_batch_mean_centered,pearson,chargetime_early_mean,tavg_early_mean,139,-0.0779640797446026
all_observed,ALL,none,pearson,chargetime_early_mean,tmax_early_mean,139,-0.0005362361735602511
all_observed,ALL,none,spearman,chargetime_early_mean,tmax_early_mean,139,-0.08073193619017828
all_observed,ALL,within_batch_mean_centered,pearson,chargetime_early_mean,tmax_early_mean,139,-0.059642664230321295
all_observed,B1,none,pearson,qd_early_mean,qd_early_std,46,0.07008663617339672
all_observed,B1,none,spearman,qd_early_mean,qd_early_std,46,-0.0549491211840888
all_observed,B1,none,pearson,qd_early_mean,qd_early_slope,46,-0.04289687385379776
all_observed,B1,none,spearman,qd_early_mean,qd_early_slope,46,-0.19210607462226334
all_observed,B1,none,pearson,qd_early_mean,tavg_early_mean,46,-0.18818346522011595
all_observed,B1,none,spearman,qd_early_mean,tavg_early_mean,46,-0.14979956830095592
all_observed,B1,none,pearson,qd_early_mean,tmax_early_mean,46,-0.2005968787670606
all_observed,B1,none,spearman,qd_early_mean,tmax_early_mean,46,-0.09010175763182238
all_observed,B1,none,pearson,qd_early_std,tavg_early_mean,46,-0.1698116096064073
all_observed,B1,none,spearman,qd_early_std,tavg_early_mean,46,-0.40302189330866484
all_observed,B1,none,pearson,qd_early_std,tmax_early_mean,46,-0.054906598413947835
all_observed,B1,none,spearman,qd_early_std,tmax_early_mean,46,-0.2967005858772741
all_observed,B1,none,pearson,qd2,qd_early_mean,46,0.9177702519716467
all_observed,B1,none,spearman,qd2,qd_early_mean,46,0.8986123959296947
all_observed,B1,none,pearson,qd2,qd_early_std,46,-0.2683639756450822
all_observed,B1,none,spearman,qd2,qd_early_std,46,-0.21344434165895776
all_observed,B1,none,pearson,qd2,qd_delta_100_2,46,-0.16471444070268298
all_observed,B1,none,spearman,qd2,qd_delta_100_2,46,-0.31705211224175145
all_observed,B1,none,pearson,qd2,qd_early_slope,46,0.15494365464171356
all_observed,B1,none,spearman,qd2,qd_early_slope,46,-0.20715386987357384
all_observed,B1,none,pearson,qd2,tavg_early_mean,46,-0.0826376823456123
all_observed,B1,none,spearman,qd2,tavg_early_mean,46,-0.011039161270428614
all_observed,B1,none,pearson,qd2,tmax_early_mean,46,-0.15246679368421884
all_observed,B1,none,spearman,qd2,tmax_early_mean,46,-0.012519272278754238
all_observed,B1,none,pearson,qd100,qd_early_mean,46,0.897811729689101
all_observed,B1,none,spearman,qd100,qd_early_mean,46,0.9092198581560285
all_observed,B1,none,pearson,qd100,qd_early_std,46,-0.3381234901500412
all_observed,B1,none,spearman,qd100,qd_early_std,46,-0.19568300955905027
all_observed,B1,none,pearson,qd100,qd2,46,0.9230857806532511
all_observed,B1,none,spearman,qd100,qd2,46,0.9192106074622263
all_observed,B1,none,pearson,qd100,qd_delta_100_2,46,0.22729551049975416
all_observed,B1,none,spearman,qd100,qd_delta_100_2,46,-0.04865864939870491
all_observed,B1,none,pearson,qd100,qd_early_slope,46,0.3642798084410985
all_observed,B1,none,spearman,qd100,qd_early_slope,46,0.04175146469318532
all_observed,B1,none,pearson,qd100,tavg_early_mean,46,-0.11460428499402556
all_observed,B1,none,spearman,qd100,tavg_early_mean,46,-0.10428615479494294
all_observed,B1,none,pearson,qd100,tmax_early_mean,46,-0.16425296209184606
all_observed,B1,none,spearman,qd100,tmax_early_mean,46,-0.08553808202281836
all_observed,B1,none,pearson,qd_delta_100_2,qd_early_mean,46,-0.021320122129365654
all_observed,B1,none,spearman,qd_delta_100_2,qd_early_mean,46,-0.23478260869565218
all_observed,B1,none,pearson,qd_delta_100_2,qd_early_std,46,-0.18764038490331306
all_observed,B1,none,spearman,qd_delta_100_2,qd_early_std,46,0.24662349676225717
all_observed,B1,none,pearson,qd_delta_100_2,qd_early_slope,46,0.541911774480424
all_observed,B1,none,spearman,qd_delta_100_2,qd_early_slope,46,0.8764107308048102
all_observed,B1,none,pearson,qd_delta_100_2,tavg_early_mean,46,-0.08467167618752369
all_observed,B1,none,spearman,qd_delta_100_2,tavg_early_mean,46,-0.2310823311748381
all_observed,B1,none,pearson,qd_delta_100_2,tmax_early_mean,46,-0.0351887261546812
all_observed,B1,none,spearman,qd_delta_100_2,tmax_early_mean,46,-0.15979031760715387
all_observed,B1,none,pearson,qd_early_slope,qd_early_std,46,-0.8279944953894782
all_observed,B1,none,spearman,qd_early_slope,qd_early_std,46,0.10058587727412889
all_observed,B1,none,pearson,qd_early_slope,tavg_early_mean,46,0.1430241618882917
all_observed,B1,none,spearman,qd_early_slope,tavg_early_mean,46,-0.1452358926919519
all_observed,B1,none,pearson,qd_early_slope,tmax_early_mean,46,0.04205712279521326
all_observed,B1,none,spearman,qd_early_slope,tmax_early_mean,46,-0.1169904409497379
all_observed,B1,none,pearson,ir_early_mean,qd_early_mean,46,0.22251632319668593
all_observed,B1,none,spearman,ir_early_mean,qd_early_mean,46,0.190009250693802
all_observed,B1,none,pearson,ir_early_mean,qd_early_std,46,0.4516482248005092
all_observed,B1,none,spearman,ir_early_mean,qd_early_std,46,0.015849522047486894
all_observed,B1,none,pearson,ir_early_mean,qd2,46,-0.05595530424080176
all_observed,B1,none,spearman,ir_early_mean,qd2,46,0.01091581868640148
all_observed,B1,none,pearson,ir_early_mean,qd100,46,0.1268749837092426
all_observed,B1,none,spearman,ir_early_mean,qd100,46,0.14745605920444033
all_observed,B1,none,pearson,ir_early_mean,qd_delta_100_2,46,0.46707098365216526
all_observed,B1,none,spearman,ir_early_mean,qd_delta_100_2,46,0.32926302806043783
all_observed,B1,none,pearson,ir_early_mean,qd_early_slope,46,-0.08794777491827235
all_observed,B1,none,spearman,ir_early_mean,qd_early_slope,46,0.29201356768424297
all_observed,B1,none,pearson,ir_early_mean,ir_early_slope,46,-0.4231662639886667
all_observed,B1,none,spearman,ir_early_mean,ir_early_slope,46,0.0005550416281221092
all_observed,B1,none,pearson,ir_early_mean,tavg_early_mean,46,-0.1941945853965104
all_observed,B1,none,spearman,ir_early_mean,tavg_early_mean,46,-0.30693802035152634
all_observed,B1,none,pearson,ir_early_mean,tmax_early_mean,46,-0.11286243882952021
all_observed,B1,none,spearman,ir_early_mean,tmax_early_mean,46,-0.2213382670366944
all_observed,B1,none,pearson,ir_change_100_2,qd_early_mean,46,0.004321427018202401
all_observed,B1,none,spearman,ir_change_100_2,qd_early_mean,46,0.1205673758865248
all_observed,B1,none,pearson,ir_change_100_2,qd_early_std,46,-0.952290865169864
all_observed,B1,none,spearman,ir_change_100_2,qd_early_std,46,-0.5655874190564292
all_observed,B1,none,pearson,ir_change_100_2,qd2,46,0.30489023906513046
all_observed,B1,none,spearman,ir_change_100_2,qd2,46,0.23737280296022198
all_observed,B1,none,pearson,ir_change_100_2,qd100,46,0.41124643789028537
all_observed,B1,none,spearman,ir_change_100_2,qd100,46,0.23293246993524513
all_observed,B1,none,pearson,ir_change_100_2,qd_delta_100_2,46,0.28268594531011254
all_observed,B1,none,spearman,ir_change_100_2,qd_delta_100_2,46,-0.2226950354609929
all_observed,B1,none,pearson,ir_change_100_2,qd_early_slope,46,0.7486149896268751
all_observed,B1,none,spearman,ir_change_100_2,qd_early_slope,46,-0.15917360468701816
all_observed,B1,none,pearson,ir_change_100_2,ir_early_mean,46,-0.3719130032556837
all_observed,B1,none,spearman,ir_change_100_2,ir_early_mean,46,-0.03916127042861548
all_observed,B1,none,pearson,ir_change_100_2,ir_early_slope,46,0.9930732040235655
all_observed,B1,none,spearman,ir_change_100_2,ir_early_slope,46,0.9378353376503237
all_observed,B1,none,pearson,ir_change_100_2,tavg_early_mean,46,0.1645234322509539
all_observed,B1,none,spearman,ir_change_100_2,tavg_early_mean,46,0.3608387295713845
all_observed,B1,none,pearson,ir_change_100_2,tmax_early_mean,46,0.061892619633081666
all_observed,B1,none,spearman,ir_change_100_2,tmax_early_mean,46,0.2226950354609929
all_observed,B1,none,pearson,ir_early_slope,qd_early_mean,46,-0.054054590920989846
all_observed,B1,none,spearman,ir_early_slope,qd_early_mean,46,0.057169287696577246
all_observed,B1,none,pearson,ir_early_slope,qd_early_std,46,-0.9711195775569029
all_observed,B1,none,spearman,ir_early_slope,qd_early_std,46,-0.7038544557508479
all_observed,B1,none,pearson,ir_early_slope,qd2,46,0.2636246803784586
all_observed,B1,none,spearman,ir_early_slope,qd2,46,0.20851063829787236
all_observed,B1,none,pearson,ir_early_slope,qd100,46,0.35430003569594337
all_observed,B1,none,spearman,ir_early_slope,qd100,46,0.16312056737588654
all_observed,B1,none,pearson,ir_early_slope,qd_delta_100_2,46,0.24112753326091577
all_observed,B1,none,spearman,ir_early_slope,qd_delta_100_2,46,-0.3119950662966389
all_observed,B1,none,pearson,ir_early_slope,qd_early_slope,46,0.7464325564301705
all_observed,B1,none,spearman,ir_early_slope,qd_early_slope,46,-0.22405180388529136
all_observed,B1,none,pearson,ir_early_slope,tavg_early_mean,46,0.17255072643050562
all_observed,B1,none,spearman,ir_early_slope,tavg_early_mean,46,0.47110699969164355
all_observed,B1,none,pearson,ir_early_slope,tmax_early_mean,46,0.07326597855946276
all_observed,B1,none,spearman,ir_early_slope,tmax_early_mean,46,0.33752698119025587
all_observed,B1,none,pearson,tavg_early_mean,tmax_early_mean,46,0.955804383172012
all_observed,B1,none,spearman,tavg_early_mean,tmax_early_mean,46,0.950786308973173
all_observed,B1,none,pearson,chargetime_early_mean,qd_early_mean,46,-0.29576002258892575
all_observed,B1,none,spearman,chargetime_early_mean,qd_early_mean,46,-0.31076164045636756
all_observed,B1,none,pearson,chargetime_early_mean,qd_early_std,46,-0.08999561512491697
all_observed,B1,none,spearman,chargetime_early_mean,qd_early_std,46,-0.013506012950971322
all_observed,B1,none,pearson,chargetime_early_mean,qd2,46,-0.37100019154164804
all_observed,B1,none,spearman,chargetime_early_mean,qd2,46,-0.33987049028677147
all_observed,B1,none,pearson,chargetime_early_mean,qd100,46,-0.13939011157314363
all_observed,B1,none,spearman,chargetime_early_mean,qd100,46,-0.1400555041628122
all_observed,B1,none,pearson,chargetime_early_mean,qd_delta_100_2,46,0.5819208662628295
all_observed,B1,none,spearman,chargetime_early_mean,qd_delta_100_2,46,0.6400863398088189
all_observed,B1,none,pearson,chargetime_early_mean,qd_early_slope,46,0.2468654776105143
all_observed,B1,none,spearman,chargetime_early_mean,qd_early_slope,46,0.5176071538698735
all_observed,B1,none,pearson,chargetime_early_mean,ir_early_mean,46,0.26029926477782434
all_observed,B1,none,spearman,chargetime_early_mean,ir_early_mean,46,0.2303422756706753
all_observed,B1,none,pearson,chargetime_early_mean,ir_change_100_2,46,0.1358750212200853
all_observed,B1,none,spearman,chargetime_early_mean,ir_change_100_2,46,-0.017206290471785384
all_observed,B1,none,pearson,chargetime_early_mean,ir_early_slope,46,0.1274521163065006
all_observed,B1,none,spearman,chargetime_early_mean,ir_early_slope,46,-0.03829787234042553
all_observed,B1,none,pearson,chargetime_early_mean,tavg_early_mean,46,-0.19938895752927097
all_observed,B1,none,spearman,chargetime_early_mean,tavg_early_mean,46,-0.10120259019426457
all_observed,B1,none,pearson,chargetime_early_mean,tmax_early_mean,46,-0.13727194046959595
all_observed,B1,none,spearman,chargetime_early_mean,tmax_early_mean,46,-0.08183780450200431
all_observed,B2,none,pearson,qd_early_mean,qd_early_std,47,-0.3245056798051348
all_observed,B2,none,spearman,qd_early_mean,qd_early_std,47,-0.2332331174838113
all_observed,B2,none,pearson,qd_early_mean,qd_early_slope,47,0.14135406663531086
all_observed,B2,none,spearman,qd_early_mean,qd_early_slope,47,0.20640610545790933
all_observed,B2,none,pearson,qd_early_mean,tavg_early_mean,47,-0.5697272962854856
all_observed,B2,none,spearman,qd_early_mean,tavg_early_mean,47,-0.29706290471785385
all_observed,B2,none,pearson,qd_early_mean,tmax_early_mean,47,0.005547110709857885
all_observed,B2,none,spearman,qd_early_mean,tmax_early_mean,47,-0.3040009250693802
all_observed,B2,none,pearson,qd_early_std,tavg_early_mean,47,0.46921973026921787
all_observed,B2,none,spearman,qd_early_std,tavg_early_mean,47,0.24745605920444033
all_observed,B2,none,pearson,qd_early_std,tmax_early_mean,47,0.3414194866913281
all_observed,B2,none,spearman,qd_early_std,tmax_early_mean,47,0.35418593894542094
all_observed,B2,none,pearson,qd2,qd_early_mean,47,0.8717522120504609
all_observed,B2,none,spearman,qd2,qd_early_mean,47,0.8820536540240518
all_observed,B2,none,pearson,qd2,qd_early_std,47,-0.4429480890565378
all_observed,B2,none,spearman,qd2,qd_early_std,47,-0.3545328399629972
all_observed,B2,none,pearson,qd2,qd_delta_100_2,47,-0.27732412873410983
all_observed,B2,none,spearman,qd2,qd_delta_100_2,47,0.08036540240518038
all_observed,B2,none,pearson,qd2,qd_early_slope,47,-0.21962770662221195
all_observed,B2,none,spearman,qd2,qd_early_slope,47,-0.15194264569842741
all_observed,B2,none,pearson,qd2,tavg_early_mean,47,-0.45157208225110546
all_observed,B2,none,spearman,qd2,tavg_early_mean,47,-0.27890841813135986
all_observed,B2,none,pearson,qd2,tmax_early_mean,47,-0.11020965130922118
all_observed,B2,none,spearman,qd2,tmax_early_mean,47,-0.35904255319148937
all_observed,B2,none,pearson,qd100,qd_early_mean,47,0.04262537727752411
all_observed,B2,none,spearman,qd100,qd_early_mean,47,0.7126503237742832
all_observed,B2,none,pearson,qd100,qd_early_std,47,0.6456046021881354
all_observed,B2,none,spearman,qd100,qd_early_std,47,-0.061285846438482894
all_observed,B2,none,pearson,qd100,qd2,47,-0.2439716049602732
all_observed,B2,none,spearman,qd100,qd2,47,0.519195189639223
all_observed,B2,none,pearson,qd100,qd_delta_100_2,47,0.9994032509535338
all_observed,B2,none,spearman,qd100,qd_delta_100_2,47,0.7812210915818687
all_observed,B2,none,pearson,qd100,qd_early_slope,47,0.7705009237208669
all_observed,B2,none,spearman,qd100,qd_early_slope,47,0.46091581868640147
all_observed,B2,none,pearson,qd100,tavg_early_mean,47,0.04800202951119456
all_observed,B2,none,spearman,qd100,tavg_early_mean,47,-0.3477104532839963
all_observed,B2,none,pearson,qd100,tmax_early_mean,47,0.4890316653968592
all_observed,B2,none,spearman,qd100,tmax_early_mean,47,-0.13795097132284923
all_observed,B2,none,pearson,qd_delta_100_2,qd_early_mean,47,0.01117930258448925
all_observed,B2,none,spearman,qd_delta_100_2,qd_early_mean,47,0.3314061054579094
all_observed,B2,none,pearson,qd_delta_100_2,qd_early_std,47,0.655386153533654
all_observed,B2,none,spearman,qd_delta_100_2,qd_early_std,47,-0.054579093432007404
all_observed,B2,none,pearson,qd_delta_100_2,qd_early_slope,47,0.7711683495172956
all_observed,B2,none,spearman,qd_delta_100_2,qd_early_slope,47,0.6593432007400556
all_observed,B2,none,pearson,qd_delta_100_2,tavg_early_mean,47,0.063640432728237
all_observed,B2,none,spearman,qd_delta_100_2,tavg_early_mean,47,-0.3495605920444034
all_observed,B2,none,pearson,qd_delta_100_2,tmax_early_mean,47,0.4884157040088736
all_observed,B2,none,spearman,qd_delta_100_2,tmax_early_mean,47,-0.06417668825161887
all_observed,B2,none,pearson,qd_early_slope,qd_early_std,47,0.7920585059191014
all_observed,B2,none,spearman,qd_early_slope,qd_early_std,47,0.2924375578168363
all_observed,B2,none,pearson,qd_early_slope,tavg_early_mean,47,0.08318359556997944
all_observed,B2,none,spearman,qd_early_slope,tavg_early_mean,47,-0.019773358001850143
all_observed,B2,none,pearson,qd_early_slope,tmax_early_mean,47,0.364124877526742
all_observed,B2,none,spearman,qd_early_slope,tmax_early_mean,47,0.1574930619796485
all_observed,B2,none,pearson,ir_early_mean,qd_early_mean,40,-0.11800036325828844
all_observed,B2,none,spearman,ir_early_mean,qd_early_mean,40,0.36547842401500946
all_observed,B2,none,pearson,ir_early_mean,qd_early_std,40,0.6730586527036211
all_observed,B2,none,spearman,ir_early_mean,qd_early_std,40,0.34971857410881807
all_observed,B2,none,pearson,ir_early_mean,qd2,40,-0.051229265362411555
all_observed,B2,none,spearman,ir_early_mean,qd2,40,0.19155722326454036
all_observed,B2,none,pearson,ir_early_mean,qd100,40,-0.03506251821389096
all_observed,B2,none,spearman,ir_early_mean,qd100,40,0.22176360225140718
all_observed,B2,none,pearson,ir_early_mean,qd_delta_100_2,40,-0.03280628424626243
all_observed,B2,none,spearman,ir_early_mean,qd_delta_100_2,40,0.01482176360225141
all_observed,B2,none,pearson,ir_early_mean,qd_early_slope,40,0.4505684893183896
all_observed,B2,none,spearman,ir_early_mean,qd_early_slope,40,0.3549718574108819
all_observed,B2,none,pearson,ir_early_mean,ir_early_slope,40,0.1022616404185501
all_observed,B2,none,spearman,ir_early_mean,ir_early_slope,40,0.2119193100530153
all_observed,B2,none,pearson,ir_early_mean,tavg_early_mean,40,0.4696632618379548
all_observed,B2,none,spearman,ir_early_mean,tavg_early_mean,40,0.225703564727955
all_observed,B2,none,pearson,ir_early_mean,tmax_early_mean,40,-0.02454634305976145
all_observed,B2,none,spearman,ir_early_mean,tmax_early_mean,40,0.1962476547842402
all_observed,B2,none,pearson,ir_change_100_2,qd_early_mean,40,-0.014156304844122346
all_observed,B2,none,spearman,ir_change_100_2,qd_early_mean,40,0.14800564745509526
all_observed,B2,none,pearson,ir_change_100_2,qd_early_std,40,0.6492453888356731
all_observed,B2,none,spearman,ir_change_100_2,qd_early_std,40,0.41511032257063174
all_observed,B2,none,pearson,ir_change_100_2,qd2,40,-0.2721180417488819
all_observed,B2,none,spearman,ir_change_100_2,qd2,40,-0.12200846017224087
all_observed,B2,none,pearson,ir_change_100_2,qd100,40,0.9816087493816611
all_observed,B2,none,spearman,ir_change_100_2,qd100,40,0.344439268332403
all_observed,B2,none,pearson,ir_change_100_2,qd_delta_100_2,40,0.9834545606889863
all_observed,B2,none,spearman,ir_change_100_2,qd_delta_100_2,40,0.42055377694754714
all_observed,B2,none,pearson,ir_change_100_2,qd_early_slope,40,0.7444027494124015
all_observed,B2,none,spearman,ir_change_100_2,qd_early_slope,40,0.4681370764147211
all_observed,B2,none,pearson,ir_change_100_2,ir_early_mean,40,0.028497389509818494
all_observed,B2,none,spearman,ir_change_100_2,ir_early_mean,40,0.31102772077754326
all_observed,B2,none,pearson,ir_change_100_2,ir_early_slope,40,0.5848343252753401
all_observed,B2,none,spearman,ir_change_100_2,ir_early_slope,40,0.9107981220657276
all_observed,B2,none,pearson,ir_change_100_2,tavg_early_mean,40,0.1821377195741573
all_observed,B2,none,spearman,ir_change_100_2,tavg_early_mean,40,0.18977008189867003
all_observed,B2,none,pearson,ir_change_100_2,tmax_early_mean,40,0.5570391746369547
all_observed,B2,none,spearman,ir_change_100_2,tmax_early_mean,40,0.2768653519293158
all_observed,B2,none,pearson,ir_early_slope,qd_early_mean,40,0.07932611204699624
all_observed,B2,none,spearman,ir_early_slope,qd_early_mean,40,0.21163775206800242
all_observed,B2,none,pearson,ir_early_slope,qd_early_std,40,0.36131657642567383
all_observed,B2,none,spearman,ir_early_slope,qd_early_std,40,0.3236978301031221
all_observed,B2,none,pearson,ir_early_slope,qd2,40,-0.14038527138786638
all_observed,B2,none,spearman,ir_early_slope,qd2,40,-0.05781323958930798
all_observed,B2,none,pearson,ir_early_slope,qd100,40,0.4515373119130571
all_observed,B2,none,spearman,ir_early_slope,qd100,40,0.404317266478472
all_observed,B2,none,pearson,ir_early_slope,qd_delta_100_2,40,0.452965947187456
all_observed,B2,none,spearman,ir_early_slope,qd_delta_100_2,40,0.5344909082160859
all_observed,B2,none,pearson,ir_early_slope,qd_early_slope,40,0.4828668181702691
all_observed,B2,none,spearman,ir_early_slope,qd_early_slope,40,0.4424214471168795
all_observed,B2,none,pearson,ir_early_slope,tavg_early_mean,40,0.13733261435753114
all_observed,B2,none,spearman,ir_early_slope,tavg_early_mean,40,0.05274519585907644
all_observed,B2,none,pearson,ir_early_slope,tmax_early_mean,40,0.24602210820072942
all_observed,B2,none,spearman,ir_early_slope,tmax_early_mean,40,0.23632100208746343
all_observed,B2,none,pearson,tavg_early_mean,tmax_early_mean,47,0.3397815390839134
all_observed,B2,none,spearman,tavg_early_mean,tmax_early_mean,47,0.7787927844588345
all_observed,B2,none,pearson,chargetime_early_mean,qd_early_mean,47,-0.005274795206491122
all_observed,B2,none,spearman,chargetime_early_mean,qd_early_mean,47,-0.1162118408880666
all_observed,B2,none,pearson,chargetime_early_mean,qd_early_std,47,0.05804973355131139
all_observed,B2,none,spearman,chargetime_early_mean,qd_early_std,47,0.019773358001850143
all_observed,B2,none,pearson,chargetime_early_mean,qd2,47,-0.02187186563741647
all_observed,B2,none,spearman,chargetime_early_mean,qd2,47,-0.15506475485661422
all_observed,B2,none,pearson,chargetime_early_mean,qd100,47,0.08580164033925303
all_observed,B2,none,spearman,chargetime_early_mean,qd100,47,-0.01722941720629047
all_observed,B2,none,pearson,chargetime_early_mean,qd_delta_100_2,47,0.0857838731436099
all_observed,B2,none,spearman,chargetime_early_mean,qd_delta_100_2,47,-0.1599213691026827
all_observed,B2,none,pearson,chargetime_early_mean,qd_early_slope,47,0.06312872390695824
all_observed,B2,none,spearman,chargetime_early_mean,qd_early_slope,47,0.04266882516188715
all_observed,B2,none,pearson,chargetime_early_mean,ir_early_mean,40,0.020522096810777435
all_observed,B2,none,spearman,chargetime_early_mean,ir_early_mean,40,0.18180112570356474
all_observed,B2,none,pearson,chargetime_early_mean,ir_change_100_2,40,-0.07565285935514648
all_observed,B2,none,spearman,chargetime_early_mean,ir_change_100_2,40,-0.17587988797136875
all_observed,B2,none,pearson,chargetime_early_mean,ir_early_slope,40,-0.2370512536305566
all_observed,B2,none,spearman,chargetime_early_mean,ir_early_slope,40,-0.29019242988659133
all_observed,B2,none,pearson,chargetime_early_mean,tavg_early_mean,47,-0.09989921756476974
all_observed,B2,none,spearman,chargetime_early_mean,tavg_early_mean,47,0.054579093432007404
all_observed,B2,none,pearson,chargetime_early_mean,tmax_early_mean,47,-0.05949294691025092
all_observed,B2,none,spearman,chargetime_early_mean,tmax_early_mean,47,0.04139685476410731
all_observed,B3,none,pearson,qd_early_mean,qd_early_std,46,-0.5053624306948994
all_observed,B3,none,spearman,qd_early_mean,qd_early_std,46,-0.5211840888066605
all_observed,B3,none,pearson,qd_early_mean,qd_early_slope,46,0.43623008849075684
all_observed,B3,none,spearman,qd_early_mean,qd_early_slope,46,0.33283996299722474
all_observed,B3,none,pearson,qd_early_mean,tavg_early_mean,46,-0.37540067087180795
all_observed,B3,none,spearman,qd_early_mean,tavg_early_mean,46,-0.38846746839346286
all_observed,B3,none,pearson,qd_early_mean,tmax_early_mean,46,-0.3801710426377235
all_observed,B3,none,spearman,qd_early_mean,tmax_early_mean,46,-0.39290780141843973
all_observed,B3,none,pearson,qd_early_std,tavg_early_mean,46,0.19429250199348452
all_observed,B3,none,spearman,qd_early_std,tavg_early_mean,46,0.40844896700585875
all_observed,B3,none,pearson,qd_early_std,tmax_early_mean,46,0.20994823398271156
all_observed,B3,none,spearman,qd_early_std,tmax_early_mean,46,0.35405488744989205
all_observed,B3,none,pearson,qd2,qd_early_mean,46,0.9414899616113974
all_observed,B3,none,spearman,qd2,qd_early_mean,46,0.9483194572926302
all_observed,B3,none,pearson,qd2,qd_early_std,46,-0.20877086636924225
all_observed,B3,none,spearman,qd2,qd_early_std,46,-0.42090656799259946
all_observed,B3,none,pearson,qd2,qd_delta_100_2,46,0.09546919018239673
all_observed,B3,none,spearman,qd2,qd_delta_100_2,46,0.057415972864631515
all_observed,B3,none,pearson,qd2,qd_early_slope,46,0.11670626449576965
all_observed,B3,none,spearman,qd2,qd_early_slope,46,0.1494295405488745
all_observed,B3,none,pearson,qd2,tavg_early_mean,46,-0.30610130045134937
all_observed,B3,none,spearman,qd2,tavg_early_mean,46,-0.31791551032994136
all_observed,B3,none,pearson,qd2,tmax_early_mean,46,-0.31016458694702603
all_observed,B3,none,spearman,qd2,tmax_early_mean,46,-0.3217391304347826
all_observed,B3,none,pearson,qd100,qd_early_mean,46,0.976560592453533
all_observed,B3,none,spearman,qd100,qd_early_mean,46,0.9946962688868332
all_observed,B3,none,pearson,qd100,qd_early_std,46,-0.6715404273413496
all_observed,B3,none,spearman,qd100,qd_early_std,46,-0.5442491520197348
all_observed,B3,none,pearson,qd100,qd2,46,0.8508640735898838
all_observed,B3,none,spearman,qd100,qd2,46,0.9236509404872032
all_observed,B3,none,pearson,qd100,qd_delta_100_2,46,0.604217428885839
all_observed,B3,none,spearman,qd100,qd_delta_100_2,46,0.33358001850138763
all_observed,B3,none,pearson,qd100,qd_early_slope,46,0.6175618233566004
all_observed,B3,none,spearman,qd100,qd_early_slope,46,0.3815602836879432
all_observed,B3,none,pearson,qd100,tavg_early_mean,46,-0.3729567815873479
all_observed,B3,none,spearman,qd100,tavg_early_mean,46,-0.4012950971322849
all_observed,B3,none,pearson,qd100,tmax_early_mean,46,-0.3829498783625931
all_observed,B3,none,spearman,qd100,tmax_early_mean,46,-0.40684551341350594
all_observed,B3,none,pearson,qd_delta_100_2,qd_early_mean,46,0.42236096511631854
all_observed,B3,none,spearman,qd_delta_100_2,qd_early_mean,46,0.27721245760098673
all_observed,B3,none,pearson,qd_delta_100_2,qd_early_std,46,-0.9557173279987741
all_observed,B3,none,spearman,qd_delta_100_2,qd_early_std,46,-0.2630280604378662
all_observed,B3,none,pearson,qd_delta_100_2,qd_early_slope,46,0.99307428616846
all_observed,B3,none,spearman,qd_delta_100_2,qd_early_slope,46,0.8622263336416898
all_observed,B3,none,pearson,qd_delta_100_2,tavg_early_mean,46,-0.2423852265599134
all_observed,B3,none,spearman,qd_delta_100_2,tavg_early_mean,46,-0.43237742830712306
all_observed,B3,none,pearson,qd_delta_100_2,tmax_early_mean,46,-0.25515630869049044
all_observed,B3,none,spearman,qd_delta_100_2,tmax_early_mean,46,-0.4284304656182547
all_observed,B3,none,pearson,qd_early_slope,qd_early_std,46,-0.9652452760058934
all_observed,B3,none,spearman,qd_early_slope,qd_early_std,46,-0.4053654024051804
all_observed,B3,none,pearson,qd_early_slope,tavg_early_mean,46,-0.2361303601238237
all_observed,B3,none,spearman,qd_early_slope,tavg_early_mean,46,-0.5104532839962997
all_observed,B3,none,pearson,qd_early_slope,tmax_early_mean,46,-0.2553920942630003
all_observed,B3,none,spearman,qd_early_slope,tmax_early_mean,46,-0.5193339500462535
all_observed,B3,none,pearson,ir_early_mean,qd_early_mean,46,0.2718634243160768
all_observed,B3,none,spearman,ir_early_mean,qd_early_mean,46,0.41387604070305267
all_observed,B3,none,pearson,ir_early_mean,qd_early_std,46,-0.6539791130402924
all_observed,B3,none,spearman,ir_early_mean,qd_early_std,46,-0.4912118408880666
all_observed,B3,none,pearson,ir_early_mean,qd2,46,0.057178536661450535
all_observed,B3,none,spearman,ir_early_mean,qd2,46,0.3256860931236509
all_observed,B3,none,pearson,ir_early_mean,qd100,46,0.40126125568842347
all_observed,B3,none,spearman,ir_early_mean,qd100,46,0.43903792784458834
all_observed,B3,none,pearson,ir_early_mean,qd_delta_100_2,46,0.6735382249996592
all_observed,B3,none,spearman,ir_early_mean,qd_delta_100_2,46,0.4247301880974406
all_observed,B3,none,pearson,ir_early_mean,qd_early_slope,46,0.6759844077756005
all_observed,B3,none,spearman,ir_early_mean,qd_early_slope,46,0.5094665433240826
all_observed,B3,none,pearson,ir_early_mean,ir_early_slope,46,-0.5097815768900965
all_observed,B3,none,spearman,ir_early_mean,ir_early_slope,46,-0.19148936170212763
all_observed,B3,none,pearson,ir_early_mean,tavg_early_mean,46,-0.2531308100584445
all_observed,B3,none,spearman,ir_early_mean,tavg_early_mean,46,-0.29374036386062286
all_observed,B3,none,pearson,ir_early_mean,tmax_early_mean,46,-0.2098393588216841
all_observed,B3,none,spearman,ir_early_mean,tmax_early_mean,46,-0.3177921677459143
all_observed,B3,none,pearson,ir_change_100_2,qd_early_mean,46,-0.22634611818416522
all_observed,B3,none,spearman,ir_change_100_2,qd_early_mean,46,0.21159420289855074
all_observed,B3,none,pearson,ir_change_100_2,qd_early_std,46,0.7428109388816944
all_observed,B3,none,spearman,ir_change_100_2,qd_early_std,46,0.055689176688251615
all_observed,B3,none,pearson,ir_change_100_2,qd2,46,0.017917199786933943
all_observed,B3,none,spearman,ir_change_100_2,qd2,46,0.3391304347826087
all_observed,B3,none,pearson,ir_change_100_2,qd100,46,-0.3793894354061097
all_observed,B3,none,spearman,ir_change_100_2,qd100,46,0.15929694727104532
all_observed,B3,none,pearson,ir_change_100_2,qd_delta_100_2,46,-0.7459913098926011
all_observed,B3,none,spearman,ir_change_100_2,qd_delta_100_2,46,-0.31026827012025904
all_observed,B3,none,pearson,ir_change_100_2,qd_early_slope,46,-0.7578444407869934
all_observed,B3,none,spearman,ir_change_100_2,qd_early_slope,46,-0.28510638297872337
all_observed,B3,none,pearson,ir_change_100_2,ir_early_mean,46,-0.5136191400737848
all_observed,B3,none,spearman,ir_change_100_2,ir_early_mean,46,-0.10292938637064446
all_observed,B3,none,pearson,ir_change_100_2,ir_early_slope,46,0.8904683259915916
all_observed,B3,none,spearman,ir_change_100_2,ir_early_slope,46,0.8342275670675301
all_observed,B3,none,pearson,ir_change_100_2,tavg_early_mean,46,0.1422167004597683
all_observed,B3,none,spearman,ir_change_100_2,tavg_early_mean,46,0.14881282762873882
all_observed,B3,none,pearson,ir_change_100_2,tmax_early_mean,46,0.14625556752731844
all_observed,B3,none,spearman,ir_change_100_2,tmax_early_mean,46,0.14856614246068456
all_observed,B3,none,pearson,ir_early_slope,qd_early_mean,46,-0.34443189939070173
all_observed,B3,none,spearman,ir_early_slope,qd_early_mean,46,-0.06370644465001542
all_observed,B3,none,pearson,ir_early_slope,qd_early_std,46,0.630875524407167
all_observed,B3,none,spearman,ir_early_slope,qd_early_std,46,0.1752081406105458
all_observed,B3,none,pearson,ir_early_slope,qd2,46,-0.15987435809024558
all_observed,B3,none,spearman,ir_early_slope,qd2,46,0.036324390995991364
all_observed,B3,none,pearson,ir_early_slope,qd100,46,-0.4549041366619888
all_observed,B3,none,spearman,ir_early_slope,qd100,46,-0.10576626580326859
all_observed,B3,none,pearson,ir_early_slope,qd_delta_100_2,46,-0.6194214856010694
all_observed,B3,none,spearman,ir_early_slope,qd_delta_100_2,46,-0.17274128893000307
all_observed,B3,none,pearson,ir_early_slope,qd_early_slope,46,-0.6389339058543528
all_observed,B3,none,spearman,ir_early_slope,qd_early_slope,46,-0.21393771199506628
all_observed,B3,none,pearson,ir_early_slope,tavg_early_mean,46,0.1849569619130211
all_observed,B3,none,spearman,ir_early_slope,tavg_early_mean,46,0.19481961147086033
all_observed,B3,none,pearson,ir_early_slope,tmax_early_mean,46,0.17108483101504685
all_observed,B3,none,spearman,ir_early_slope,tmax_early_mean,46,0.18322540857230957
all_observed,B3,none,pearson,tavg_early_mean,tmax_early_mean,46,0.9707535872369558
all_observed,B3,none,spearman,tavg_early_mean,tmax_early_mean,46,0.9748381128584644
all_observed,B3,none,pearson,chargetime_early_mean,qd_early_mean,46,0.026153325381550595
all_observed,B3,none,spearman,chargetime_early_mean,qd_early_mean,46,-0.12143077397471477
all_observed,B3,none,pearson,chargetime_early_mean,qd_early_std,46,-0.07960309171461831
all_observed,B3,none,spearman,chargetime_early_mean,qd_early_std,46,-0.12044403330249767
all_observed,B3,none,pearson,chargetime_early_mean,qd2,46,0.004933424317862312
all_observed,B3,none,spearman,chargetime_early_mean,qd2,46,-0.03805118717237126
all_observed,B3,none,pearson,chargetime_early_mean,qd100,46,0.041639182842211755
all_observed,B3,none,spearman,chargetime_early_mean,qd100,46,-0.13364168979340116
all_observed,B3,none,pearson,chargetime_early_mean,qd_delta_100_2,46,0.07141025961386419
all_observed,B3,none,spearman,chargetime_early_mean,qd_delta_100_2,46,-0.26105457909343205
all_observed,B3,none,pearson,chargetime_early_mean,qd_early_slope,46,0.12748763890060827
all_observed,B3,none,spearman,chargetime_early_mean,qd_early_slope,46,-0.08960838729571385
all_observed,B3,none,pearson,chargetime_early_mean,ir_early_mean,46,0.02398696151106995
all_observed,B3,none,spearman,chargetime_early_mean,ir_early_mean,46,-0.10058587727412889
all_observed,B3,none,pearson,chargetime_early_mean,ir_change_100_2,46,-0.2080743093162709
all_observed,B3,none,spearman,chargetime_early_mean,ir_change_100_2,46,-0.0026518655565834106
all_observed,B3,none,pearson,chargetime_early_mean,ir_early_slope,46,-0.20991866691008992
all_observed,B3,none,spearman,chargetime_early_mean,ir_early_slope,46,-0.019673142152328092
all_observed,B3,none,pearson,chargetime_early_mean,tavg_early_mean,46,-0.10170655216733966
all_observed,B3,none,spearman,chargetime_early_mean,tavg_early_mean,46,-0.04446500154178229
all_observed,B3,none,pearson,chargetime_early_mean,tmax_early_mean,46,-0.1143865211903661
all_observed,B3,none,spearman,chargetime_early_mean,tmax_early_mean,46,-0.015109466543324082
all_labeled,ALL,none,pearson,qd_early_mean,qd_early_std,129,0.08132347759418676
all_labeled,ALL,none,spearman,qd_early_mean,qd_early_std,129,0.4886012969588551
all_labeled,ALL,within_batch_mean_centered,pearson,qd_early_mean,qd_early_std,129,0.00484640356808675
all_labeled,ALL,none,pearson,qd_early_mean,qd_early_slope,129,0.2865691861747588
all_labeled,ALL,none,spearman,qd_early_mean,qd_early_slope,129,0.2803108228980323
all_labeled,ALL,within_batch_mean_centered,pearson,qd_early_mean,qd_early_slope,129,0.2696558263999742
all_labeled,ALL,none,pearson,qd_early_mean,tavg_early_mean,129,-0.5081097111037928
all_labeled,ALL,none,spearman,qd_early_mean,tavg_early_mean,129,-0.4545337656529517
all_labeled,ALL,within_batch_mean_centered,pearson,qd_early_mean,tavg_early_mean,129,-0.32045874285280085
all_labeled,ALL,none,pearson,qd_early_mean,tmax_early_mean,129,-0.2946857822021919
all_labeled,ALL,none,spearman,qd_early_mean,tmax_early_mean,129,-0.26299754025044725
all_labeled,ALL,within_batch_mean_centered,pearson,qd_early_mean,tmax_early_mean,129,-0.2801367582811683
all_labeled,ALL,none,pearson,qd_early_std,tavg_early_mean,129,-0.12348952168587461
all_labeled,ALL,none,spearman,qd_early_std,tavg_early_mean,129,-0.1853365384615385
all_labeled,ALL,within_batch_mean_centered,pearson,qd_early_std,tavg_early_mean,129,-0.06725070150073807
all_labeled,ALL,none,pearson,qd_early_std,tmax_early_mean,129,-0.040498905205781435
all_labeled,ALL,none,spearman,qd_early_std,tmax_early_mean,129,-0.005690966010733454
all_labeled,ALL,within_batch_mean_centered,pearson,qd_early_std,tmax_early_mean,129,-0.011963503117323221
all_labeled,ALL,none,pearson,qd2,qd_early_mean,129,0.9746875046617809
all_labeled,ALL,none,spearman,qd2,qd_early_mean,129,0.9746701699463329
all_labeled,ALL,within_batch_mean_centered,pearson,qd2,qd_early_mean,129,0.9332548855620754
all_labeled,ALL,none,pearson,qd2,qd_early_std,129,-0.016999799552988318
all_labeled,ALL,none,spearman,qd2,qd_early_std,129,0.5045896690518784
all_labeled,ALL,within_batch_mean_centered,pearson,qd2,qd_early_std,129,-0.15863790936768424
all_labeled,ALL,none,pearson,qd2,qd_delta_100_2,129,0.14455878113764348
all_labeled,ALL,none,spearman,qd2,qd_delta_100_2,129,0.17691189624329162
all_labeled,ALL,within_batch_mean_centered,pearson,qd2,qd_delta_100_2,129,0.03804961647158862
all_labeled,ALL,none,pearson,qd2,qd_early_slope,129,0.20610348307712742
all_labeled,ALL,none,spearman,qd2,qd_early_slope,129,0.2051710644007156
all_labeled,ALL,within_batch_mean_centered,pearson,qd2,qd_early_slope,129,0.11652110697179982
all_labeled,ALL,none,pearson,qd2,tavg_early_mean,129,-0.44867744394705805
all_labeled,ALL,none,spearman,qd2,tavg_early_mean,129,-0.41425536672629704
all_labeled,ALL,within_batch_mean_centered,pearson,qd2,tavg_early_mean,129,-0.25218361238317355
all_labeled,ALL,none,pearson,qd2,tmax_early_mean,129,-0.2590997446157509
all_labeled,ALL,none,spearman,qd2,tmax_early_mean,129,-0.23803108228980324
all_labeled,ALL,within_batch_mean_centered,pearson,qd2,tmax_early_mean,129,-0.24309650141898909
all_labeled,ALL,none,pearson,qd100,qd_early_mean,129,0.9810860301378488
all_labeled,ALL,none,spearman,qd100,qd_early_mean,129,0.9781753130590342
all_labeled,ALL,within_batch_mean_centered,pearson,qd100,qd_early_mean,129,0.9500417054133132
all_labeled,ALL,none,pearson,qd100,qd_early_std,129,-0.0426133706356131
all_labeled,ALL,none,spearman,qd100,qd_early_std,129,0.42993627012522373
all_labeled,ALL,within_batch_mean_centered,pearson,qd100,qd_early_std,129,-0.19230663244617233
all_labeled,ALL,none,pearson,qd100,qd2,129,0.950070660409038
all_labeled,ALL,none,spearman,qd100,qd2,129,0.9607949463327373
all_labeled,ALL,within_batch_mean_centered,pearson,qd100,qd2,129,0.861489039847021
all_labeled,ALL,none,pearson,qd100,qd_delta_100_2,129,0.44609834786690017
all_labeled,ALL,none,spearman,qd100,qd_delta_100_2,129,0.3793492844364938
all_labeled,ALL,within_batch_mean_centered,pearson,qd100,qd_delta_100_2,129,0.540187787507031
all_labeled,ALL,none,pearson,qd100,qd_early_slope,129,0.43940519387387217
all_labeled,ALL,none,spearman,qd100,qd_early_slope,129,0.3820605992844366
all_labeled,ALL,within_batch_mean_centered,pearson,qd100,qd_early_slope,129,0.5132731802960926
all_labeled,ALL,none,pearson,qd100,tavg_early_mean,129,-0.48863322643368645
all_labeled,ALL,none,spearman,qd100,tavg_early_mean,129,-0.43936717352415033
all_labeled,ALL,within_batch_mean_centered,pearson,qd100,tavg_early_mean,129,-0.3074445396037836
all_labeled,ALL,none,pearson,qd100,tmax_early_mean,129,-0.2905779771363029
all_labeled,ALL,none,spearman,qd100,tmax_early_mean,129,-0.2643000894454383
all_labeled,ALL,within_batch_mean_centered,pearson,qd100,tmax_early_mean,129,-0.2752852155607844
all_labeled,ALL,none,pearson,qd_delta_100_2,qd_early_mean,129,0.31551362779142883
all_labeled,ALL,none,spearman,qd_delta_100_2,qd_early_mean,129,0.27875670840787126
all_labeled,ALL,within_batch_mean_centered,pearson,qd_delta_100_2,qd_early_mean,129,0.3229340486192034
all_labeled,ALL,none,pearson,qd_delta_100_2,qd_early_std,129,-0.08637247496546066
all_labeled,ALL,none,spearman,qd_delta_100_2,qd_early_std,129,-0.014942978533094814
all_labeled,ALL,within_batch_mean_centered,pearson,qd_delta_100_2,qd_early_std,129,-0.11553616901212674
all_labeled,ALL,none,pearson,qd_delta_100_2,qd_early_slope,129,0.8022516616584595
all_labeled,ALL,none,spearman,qd_delta_100_2,qd_early_slope,129,0.8402504472271916
all_labeled,ALL,within_batch_mean_centered,pearson,qd_delta_100_2,qd_early_slope,129,0.816981624989469
all_labeled,ALL,none,pearson,qd_delta_100_2,tavg_early_mean,129,-0.26260407015339066
all_labeled,ALL,none,spearman,qd_delta_100_2,tavg_early_mean,129,-0.367430679785331
all_labeled,ALL,within_batch_mean_centered,pearson,qd_delta_100_2,tavg_early_mean,129,-0.18708670699928953
all_labeled,ALL,none,pearson,qd_delta_100_2,tmax_early_mean,129,-0.1782996310791554
all_labeled,ALL,none,spearman,qd_delta_100_2,tmax_early_mean,129,-0.24043492844364941
all_labeled,ALL,within_batch_mean_centered,pearson,qd_delta_100_2,tmax_early_mean,129,-0.13885910343994562
all_labeled,ALL,none,pearson,qd_early_slope,qd_early_std,129,-0.5046082528669185
all_labeled,ALL,none,spearman,qd_early_slope,qd_early_std,129,-0.003935599284436495
all_labeled,ALL,within_batch_mean_centered,pearson,qd_early_slope,qd_early_std,129,-0.5264144683274188
all_labeled,ALL,none,pearson,qd_early_slope,tavg_early_mean,129,-0.1417416666541913
all_labeled,ALL,none,spearman,qd_early_slope,tavg_early_mean,129,-0.3151442307692308
all_labeled,ALL,within_batch_mean_centered,pearson,qd_early_slope,tavg_early_mean,129,-0.11697644974222088
all_labeled,ALL,none,pearson,qd_early_slope,tmax_early_mean,129,-0.0799057170472814
all_labeled,ALL,none,spearman,qd_early_slope,tmax_early_mean,129,-0.20676431127012526
all_labeled,ALL,within_batch_mean_centered,pearson,qd_early_slope,tmax_early_mean,129,-0.06859483757684216
all_labeled,ALL,none,pearson,ir_early_mean,qd_early_mean,123,0.6284096086169194
all_labeled,ALL,none,spearman,ir_early_mean,qd_early_mean,123,0.647863435271053
all_labeled,ALL,within_batch_mean_centered,pearson,ir_early_mean,qd_early_mean,123,0.3795898751845499
all_labeled,ALL,none,pearson,ir_early_mean,qd_early_std,123,0.2113431949131631
all_labeled,ALL,none,spearman,ir_early_mean,qd_early_std,123,0.22774761063316606
all_labeled,ALL,within_batch_mean_centered,pearson,ir_early_mean,qd_early_std,123,0.17037499694825475
all_labeled,ALL,none,pearson,ir_early_mean,qd2,123,0.5212547813102348
all_labeled,ALL,none,spearman,ir_early_mean,qd2,123,0.5725903187112252
all_labeled,ALL,within_batch_mean_centered,pearson,ir_early_mean,qd2,123,0.20354555326814905
all_labeled,ALL,none,pearson,ir_early_mean,qd100,123,0.628002865904407
all_labeled,ALL,none,spearman,ir_early_mean,qd100,123,0.6481729888689686
all_labeled,ALL,within_batch_mean_centered,pearson,ir_early_mean,qd100,123,0.41601822803535876
all_labeled,ALL,none,pearson,ir_early_mean,qd_delta_100_2,123,0.49203082840203277
all_labeled,ALL,none,spearman,ir_early_mean,qd_delta_100_2,123,0.47410068230772207
all_labeled,ALL,within_batch_mean_centered,pearson,ir_early_mean,qd_delta_100_2,123,0.48064168622113945
all_labeled,ALL,none,pearson,ir_early_mean,qd_early_slope,123,0.31578177680134994
all_labeled,ALL,none,spearman,ir_early_mean,qd_early_slope,123,0.3965381589299764
all_labeled,ALL,within_batch_mean_centered,pearson,ir_early_mean,qd_early_slope,123,0.3402450625240874
all_labeled,ALL,none,pearson,ir_early_mean,ir_early_slope,123,-0.1701557269356539
all_labeled,ALL,none,spearman,ir_early_mean,ir_early_slope,123,0.2792624885529659
all_labeled,ALL,within_batch_mean_centered,pearson,ir_early_mean,ir_early_slope,123,-0.20753700772605377
all_labeled,ALL,none,pearson,ir_early_mean,tavg_early_mean,123,-0.4834714190161532
all_labeled,ALL,none,spearman,ir_early_mean,tavg_early_mean,123,-0.4427970747184998
all_labeled,ALL,within_batch_mean_centered,pearson,ir_early_mean,tavg_early_mean,123,-0.19865488605857115
all_labeled,ALL,none,pearson,ir_early_mean,tmax_early_mean,123,-0.20844220283978354
all_labeled,ALL,none,spearman,ir_early_mean,tmax_early_mean,123,-0.22333647186286776
all_labeled,ALL,within_batch_mean_centered,pearson,ir_early_mean,tmax_early_mean,123,-0.08952583264637598
all_labeled,ALL,none,pearson,ir_change_100_2,qd_early_mean,123,-0.14345149131935966
all_labeled,ALL,none,spearman,ir_change_100_2,qd_early_mean,123,0.17470431182365764
all_labeled,ALL,within_batch_mean_centered,pearson,ir_change_100_2,qd_early_mean,123,0.014033740945094186
all_labeled,ALL,none,pearson,ir_change_100_2,qd_early_std,123,-0.7558112472894547
all_labeled,ALL,none,spearman,ir_change_100_2,qd_early_std,123,-0.08877094323560898
all_labeled,ALL,within_batch_mean_centered,pearson,ir_change_100_2,qd_early_std,123,-0.7734315186618795
all_labeled,ALL,none,pearson,ir_change_100_2,qd2,123,-0.08665579448191299
all_labeled,ALL,none,spearman,ir_change_100_2,qd2,123,0.1786704672969522
all_labeled,ALL,within_batch_mean_centered,pearson,ir_change_100_2,qd2,123,0.13372796917524593
all_labeled,ALL,none,pearson,ir_change_100_2,qd100,123,-0.03941795330898032
all_labeled,ALL,none,spearman,ir_change_100_2,qd100,123,0.21996362745224496
all_labeled,ALL,within_batch_mean_centered,pearson,ir_change_100_2,qd100,123,0.1846982009996715
all_labeled,ALL,none,pearson,ir_change_100_2,qd_delta_100_2,123,0.11676450281076771
all_labeled,ALL,none,spearman,ir_change_100_2,qd_delta_100_2,123,0.18055358501760588
all_labeled,ALL,within_batch_mean_centered,pearson,ir_change_100_2,qd_delta_100_2,123,0.14185849096793204
all_labeled,ALL,none,pearson,ir_change_100_2,qd_early_slope,123,0.34518197618598256
all_labeled,ALL,none,spearman,ir_change_100_2,qd_early_slope,123,0.0686628574376701
all_labeled,ALL,within_batch_mean_centered,pearson,ir_change_100_2,qd_early_slope,123,0.4094295966373426
all_labeled,ALL,none,pearson,ir_change_100_2,ir_early_mean,123,-0.22165314617425974
all_labeled,ALL,none,spearman,ir_change_100_2,ir_early_mean,123,0.19312919993293007
all_labeled,ALL,within_batch_mean_centered,pearson,ir_change_100_2,ir_early_mean,123,-0.21166077809482478
all_labeled,ALL,none,pearson,ir_change_100_2,ir_early_slope,123,0.9344345556406338
all_labeled,ALL,none,spearman,ir_change_100_2,ir_early_slope,123,0.9236434458474676
all_labeled,ALL,within_batch_mean_centered,pearson,ir_change_100_2,ir_early_slope,123,0.9491780463581913
all_labeled,ALL,none,pearson,ir_change_100_2,tavg_early_mean,123,0.14479408630338222
all_labeled,ALL,none,spearman,ir_change_100_2,tavg_early_mean,123,0.009383343436818821
all_labeled,ALL,within_batch_mean_centered,pearson,ir_change_100_2,tavg_early_mean,123,0.12635446782375206
all_labeled,ALL,none,pearson,ir_change_100_2,tmax_early_mean,123,0.0765965349687115
all_labeled,ALL,none,spearman,ir_change_100_2,tmax_early_mean,123,0.05963421083179632
all_labeled,ALL,within_batch_mean_centered,pearson,ir_change_100_2,tmax_early_mean,123,0.0764614468703741
all_labeled,ALL,none,pearson,ir_early_slope,qd_early_mean,123,-0.04720226458146544
all_labeled,ALL,none,spearman,ir_early_slope,qd_early_mean,123,0.20480195018766686
all_labeled,ALL,within_batch_mean_centered,pearson,ir_early_slope,qd_early_mean,123,-0.023336009856069522
all_labeled,ALL,none,pearson,ir_early_slope,qd_early_std,123,-0.901605883888256
all_labeled,ALL,none,spearman,ir_early_slope,qd_early_std,123,-0.03454102230075712
all_labeled,ALL,within_batch_mean_centered,pearson,ir_early_slope,qd_early_std,123,-0.9086698252282991
all_labeled,ALL,none,pearson,ir_early_slope,qd2,123,0.03944554913344475
all_labeled,ALL,none,spearman,ir_early_slope,qd2,123,0.20766532096838686
all_labeled,ALL,within_batch_mean_centered,pearson,ir_early_slope,qd2,123,0.12856545483206264
all_labeled,ALL,none,pearson,ir_early_slope,qd100,123,0.07437299166564826
all_labeled,ALL,none,spearman,ir_early_slope,qd100,123,0.25004836774967437
all_labeled,ALL,within_batch_mean_centered,pearson,ir_early_slope,qd100,123,0.1721173774342116
all_labeled,ALL,none,pearson,ir_early_slope,qd_delta_100_2,123,0.11927350160401097
all_labeled,ALL,none,spearman,ir_early_slope,qd_delta_100_2,123,0.23484154725206693
all_labeled,ALL,within_batch_mean_centered,pearson,ir_early_slope,qd_delta_100_2,123,0.12568541016980833
all_labeled,ALL,none,pearson,ir_early_slope,qd_early_slope,123,0.4439054898912151
all_labeled,ALL,none,spearman,ir_early_slope,qd_early_slope,123,0.13897666739755712
all_labeled,ALL,within_batch_mean_centered,pearson,ir_early_slope,qd_early_slope,123,0.46401728367454576
all_labeled,ALL,none,pearson,ir_early_slope,tavg_early_mean,123,0.10361485832260589
all_labeled,ALL,none,spearman,ir_early_slope,tavg_early_mean,123,-0.01440069133636868
all_labeled,ALL,within_batch_mean_centered,pearson,ir_early_slope,tavg_early_mean,123,0.11512273965160107
all_labeled,ALL,none,pearson,ir_early_slope,tmax_early_mean,123,0.0708484860274134
all_labeled,ALL,none,spearman,ir_early_slope,tmax_early_mean,123,0.09714178844591197
all_labeled,ALL,within_batch_mean_centered,pearson,ir_early_slope,tmax_early_mean,123,0.0728678817518874
all_labeled,ALL,none,pearson,tavg_early_mean,tmax_early_mean,129,0.8798923759686041
all_labeled,ALL,none,spearman,tavg_early_mean,tmax_early_mean,129,0.8742397137745976
all_labeled,ALL,within_batch_mean_centered,pearson,tavg_early_mean,tmax_early_mean,129,0.9192964057943414
all_labeled,ALL,none,pearson,chargetime_early_mean,qd_early_mean,129,0.2576214057823658
all_labeled,ALL,none,spearman,chargetime_early_mean,qd_early_mean,129,0.30191748658318435
all_labeled,ALL,within_batch_mean_centered,pearson,chargetime_early_mean,qd_early_mean,129,-0.07423545651917147
all_labeled,ALL,none,pearson,chargetime_early_mean,qd_early_std,129,-0.027643231990039034
all_labeled,ALL,none,spearman,chargetime_early_mean,qd_early_std,129,0.1128745527728086
all_labeled,ALL,within_batch_mean_centered,pearson,chargetime_early_mean,qd_early_std,129,-0.04997286956728181
all_labeled,ALL,none,pearson,chargetime_early_mean,qd2,129,0.2946825874623791
all_labeled,ALL,none,spearman,chargetime_early_mean,qd2,129,0.3071220930232559
all_labeled,ALL,within_batch_mean_centered,pearson,chargetime_early_mean,qd2,129,-0.04042618028880322
all_labeled,ALL,none,pearson,chargetime_early_mean,qd100,129,0.25990575862344917
all_labeled,ALL,none,spearman,chargetime_early_mean,qd100,129,0.34498546511627914
all_labeled,ALL,within_batch_mean_centered,pearson,chargetime_early_mean,qd100,129,-0.06525849569460429
all_labeled,ALL,none,pearson,chargetime_early_mean,qd_delta_100_2,129,-0.021024641774311036
all_labeled,ALL,none,spearman,chargetime_early_mean,qd_delta_100_2,129,0.27212656529517
all_labeled,ALL,within_batch_mean_centered,pearson,chargetime_early_mean,qd_delta_100_2,129,-0.0614262958020892
all_labeled,ALL,none,pearson,chargetime_early_mean,qd_early_slope,129,-0.0394875689140821
all_labeled,ALL,none,spearman,chargetime_early_mean,qd_early_slope,129,0.25022361359570666
all_labeled,ALL,within_batch_mean_centered,pearson,chargetime_early_mean,qd_early_slope,129,-0.1312878285501868
all_labeled,ALL,none,pearson,chargetime_early_mean,ir_early_mean,123,0.06905099329174406
all_labeled,ALL,none,spearman,chargetime_early_mean,ir_early_mean,123,0.4813945389586101
all_labeled,ALL,within_batch_mean_centered,pearson,chargetime_early_mean,ir_early_mean,123,-0.07497849728927422
all_labeled,ALL,none,pearson,chargetime_early_mean,ir_change_100_2,123,-0.16743783766198495
all_labeled,ALL,none,spearman,chargetime_early_mean,ir_change_100_2,123,0.1627671512040345
all_labeled,ALL,within_batch_mean_centered,pearson,chargetime_early_mean,ir_change_100_2,123,-0.08784054962954102
all_labeled,ALL,none,pearson,chargetime_early_mean,ir_early_slope,123,-0.07121937923350108
all_labeled,ALL,none,spearman,chargetime_early_mean,ir_early_slope,123,0.2071236021720344
all_labeled,ALL,within_batch_mean_centered,pearson,chargetime_early_mean,ir_early_slope,123,-0.05515644465918966
all_labeled,ALL,none,pearson,chargetime_early_mean,tavg_early_mean,129,-0.13855556404630656
all_labeled,ALL,none,spearman,chargetime_early_mean,tavg_early_mean,129,-0.33712544722719145
all_labeled,ALL,within_batch_mean_centered,pearson,chargetime_early_mean,tavg_early_mean,129,-0.06010469400173647
all_labeled,ALL,none,pearson,chargetime_early_mean,tmax_early_mean,129,-0.1385208031715225
all_labeled,ALL,none,spearman,chargetime_early_mean,tmax_early_mean,129,-0.18549306797853313
all_labeled,ALL,within_batch_mean_centered,pearson,chargetime_early_mean,tmax_early_mean,129,-0.12403903572782025
all_labeled,B1,none,pearson,qd_early_mean,qd_early_std,46,0.07008663617339672
all_labeled,B1,none,spearman,qd_early_mean,qd_early_std,46,-0.0549491211840888
all_labeled,B1,none,pearson,qd_early_mean,qd_early_slope,46,-0.04289687385379776
all_labeled,B1,none,spearman,qd_early_mean,qd_early_slope,46,-0.19210607462226334
all_labeled,B1,none,pearson,qd_early_mean,tavg_early_mean,46,-0.18818346522011595
all_labeled,B1,none,spearman,qd_early_mean,tavg_early_mean,46,-0.14979956830095592
all_labeled,B1,none,pearson,qd_early_mean,tmax_early_mean,46,-0.2005968787670606
all_labeled,B1,none,spearman,qd_early_mean,tmax_early_mean,46,-0.09010175763182238
all_labeled,B1,none,pearson,qd_early_std,tavg_early_mean,46,-0.1698116096064073
all_labeled,B1,none,spearman,qd_early_std,tavg_early_mean,46,-0.40302189330866484
all_labeled,B1,none,pearson,qd_early_std,tmax_early_mean,46,-0.054906598413947835
all_labeled,B1,none,spearman,qd_early_std,tmax_early_mean,46,-0.2967005858772741
all_labeled,B1,none,pearson,qd2,qd_early_mean,46,0.9177702519716467
all_labeled,B1,none,spearman,qd2,qd_early_mean,46,0.8986123959296947
all_labeled,B1,none,pearson,qd2,qd_early_std,46,-0.2683639756450822
all_labeled,B1,none,spearman,qd2,qd_early_std,46,-0.21344434165895776
all_labeled,B1,none,pearson,qd2,qd_delta_100_2,46,-0.16471444070268298
all_labeled,B1,none,spearman,qd2,qd_delta_100_2,46,-0.31705211224175145
all_labeled,B1,none,pearson,qd2,qd_early_slope,46,0.15494365464171356
all_labeled,B1,none,spearman,qd2,qd_early_slope,46,-0.20715386987357384
all_labeled,B1,none,pearson,qd2,tavg_early_mean,46,-0.0826376823456123
all_labeled,B1,none,spearman,qd2,tavg_early_mean,46,-0.011039161270428614
all_labeled,B1,none,pearson,qd2,tmax_early_mean,46,-0.15246679368421884
all_labeled,B1,none,spearman,qd2,tmax_early_mean,46,-0.012519272278754238
all_labeled,B1,none,pearson,qd100,qd_early_mean,46,0.897811729689101
all_labeled,B1,none,spearman,qd100,qd_early_mean,46,0.9092198581560285
all_labeled,B1,none,pearson,qd100,qd_early_std,46,-0.3381234901500412
all_labeled,B1,none,spearman,qd100,qd_early_std,46,-0.19568300955905027
all_labeled,B1,none,pearson,qd100,qd2,46,0.9230857806532511
all_labeled,B1,none,spearman,qd100,qd2,46,0.9192106074622263
all_labeled,B1,none,pearson,qd100,qd_delta_100_2,46,0.22729551049975416
all_labeled,B1,none,spearman,qd100,qd_delta_100_2,46,-0.04865864939870491
all_labeled,B1,none,pearson,qd100,qd_early_slope,46,0.3642798084410985
all_labeled,B1,none,spearman,qd100,qd_early_slope,46,0.04175146469318532
all_labeled,B1,none,pearson,qd100,tavg_early_mean,46,-0.11460428499402556
all_labeled,B1,none,spearman,qd100,tavg_early_mean,46,-0.10428615479494294
all_labeled,B1,none,pearson,qd100,tmax_early_mean,46,-0.16425296209184606
all_labeled,B1,none,spearman,qd100,tmax_early_mean,46,-0.08553808202281836
all_labeled,B1,none,pearson,qd_delta_100_2,qd_early_mean,46,-0.021320122129365654
all_labeled,B1,none,spearman,qd_delta_100_2,qd_early_mean,46,-0.23478260869565218
all_labeled,B1,none,pearson,qd_delta_100_2,qd_early_std,46,-0.18764038490331306
all_labeled,B1,none,spearman,qd_delta_100_2,qd_early_std,46,0.24662349676225717
all_labeled,B1,none,pearson,qd_delta_100_2,qd_early_slope,46,0.541911774480424
all_labeled,B1,none,spearman,qd_delta_100_2,qd_early_slope,46,0.8764107308048102
all_labeled,B1,none,pearson,qd_delta_100_2,tavg_early_mean,46,-0.08467167618752369
all_labeled,B1,none,spearman,qd_delta_100_2,tavg_early_mean,46,-0.2310823311748381
all_labeled,B1,none,pearson,qd_delta_100_2,tmax_early_mean,46,-0.0351887261546812
all_labeled,B1,none,spearman,qd_delta_100_2,tmax_early_mean,46,-0.15979031760715387
all_labeled,B1,none,pearson,qd_early_slope,qd_early_std,46,-0.8279944953894782
all_labeled,B1,none,spearman,qd_early_slope,qd_early_std,46,0.10058587727412889
all_labeled,B1,none,pearson,qd_early_slope,tavg_early_mean,46,0.1430241618882917
all_labeled,B1,none,spearman,qd_early_slope,tavg_early_mean,46,-0.1452358926919519
all_labeled,B1,none,pearson,qd_early_slope,tmax_early_mean,46,0.04205712279521326
all_labeled,B1,none,spearman,qd_early_slope,tmax_early_mean,46,-0.1169904409497379
all_labeled,B1,none,pearson,ir_early_mean,qd_early_mean,46,0.22251632319668593
all_labeled,B1,none,spearman,ir_early_mean,qd_early_mean,46,0.190009250693802
all_labeled,B1,none,pearson,ir_early_mean,qd_early_std,46,0.4516482248005092
all_labeled,B1,none,spearman,ir_early_mean,qd_early_std,46,0.015849522047486894
all_labeled,B1,none,pearson,ir_early_mean,qd2,46,-0.05595530424080176
all_labeled,B1,none,spearman,ir_early_mean,qd2,46,0.01091581868640148
all_labeled,B1,none,pearson,ir_early_mean,qd100,46,0.1268749837092426
all_labeled,B1,none,spearman,ir_early_mean,qd100,46,0.14745605920444033
all_labeled,B1,none,pearson,ir_early_mean,qd_delta_100_2,46,0.46707098365216526
all_labeled,B1,none,spearman,ir_early_mean,qd_delta_100_2,46,0.32926302806043783
all_labeled,B1,none,pearson,ir_early_mean,qd_early_slope,46,-0.08794777491827235
all_labeled,B1,none,spearman,ir_early_mean,qd_early_slope,46,0.29201356768424297
all_labeled,B1,none,pearson,ir_early_mean,ir_early_slope,46,-0.4231662639886667
all_labeled,B1,none,spearman,ir_early_mean,ir_early_slope,46,0.0005550416281221092
all_labeled,B1,none,pearson,ir_early_mean,tavg_early_mean,46,-0.1941945853965104
all_labeled,B1,none,spearman,ir_early_mean,tavg_early_mean,46,-0.30693802035152634
all_labeled,B1,none,pearson,ir_early_mean,tmax_early_mean,46,-0.11286243882952021
all_labeled,B1,none,spearman,ir_early_mean,tmax_early_mean,46,-0.2213382670366944
all_labeled,B1,none,pearson,ir_change_100_2,qd_early_mean,46,0.004321427018202401
all_labeled,B1,none,spearman,ir_change_100_2,qd_early_mean,46,0.1205673758865248
all_labeled,B1,none,pearson,ir_change_100_2,qd_early_std,46,-0.952290865169864
all_labeled,B1,none,spearman,ir_change_100_2,qd_early_std,46,-0.5655874190564292
all_labeled,B1,none,pearson,ir_change_100_2,qd2,46,0.30489023906513046
all_labeled,B1,none,spearman,ir_change_100_2,qd2,46,0.23737280296022198
all_labeled,B1,none,pearson,ir_change_100_2,qd100,46,0.41124643789028537
all_labeled,B1,none,spearman,ir_change_100_2,qd100,46,0.23293246993524513
all_labeled,B1,none,pearson,ir_change_100_2,qd_delta_100_2,46,0.28268594531011254
all_labeled,B1,none,spearman,ir_change_100_2,qd_delta_100_2,46,-0.2226950354609929
all_labeled,B1,none,pearson,ir_change_100_2,qd_early_slope,46,0.7486149896268751
all_labeled,B1,none,spearman,ir_change_100_2,qd_early_slope,46,-0.15917360468701816
all_labeled,B1,none,pearson,ir_change_100_2,ir_early_mean,46,-0.3719130032556837
all_labeled,B1,none,spearman,ir_change_100_2,ir_early_mean,46,-0.03916127042861548
all_labeled,B1,none,pearson,ir_change_100_2,ir_early_slope,46,0.9930732040235655
all_labeled,B1,none,spearman,ir_change_100_2,ir_early_slope,46,0.9378353376503237
all_labeled,B1,none,pearson,ir_change_100_2,tavg_early_mean,46,0.1645234322509539
all_labeled,B1,none,spearman,ir_change_100_2,tavg_early_mean,46,0.3608387295713845
all_labeled,B1,none,pearson,ir_change_100_2,tmax_early_mean,46,0.061892619633081666
all_labeled,B1,none,spearman,ir_change_100_2,tmax_early_mean,46,0.2226950354609929
all_labeled,B1,none,pearson,ir_early_slope,qd_early_mean,46,-0.054054590920989846
all_labeled,B1,none,spearman,ir_early_slope,qd_early_mean,46,0.057169287696577246
all_labeled,B1,none,pearson,ir_early_slope,qd_early_std,46,-0.9711195775569029
all_labeled,B1,none,spearman,ir_early_slope,qd_early_std,46,-0.7038544557508479
all_labeled,B1,none,pearson,ir_early_slope,qd2,46,0.2636246803784586
all_labeled,B1,none,spearman,ir_early_slope,qd2,46,0.20851063829787236
all_labeled,B1,none,pearson,ir_early_slope,qd100,46,0.35430003569594337
all_labeled,B1,none,spearman,ir_early_slope,qd100,46,0.16312056737588654
all_labeled,B1,none,pearson,ir_early_slope,qd_delta_100_2,46,0.24112753326091577
all_labeled,B1,none,spearman,ir_early_slope,qd_delta_100_2,46,-0.3119950662966389
all_labeled,B1,none,pearson,ir_early_slope,qd_early_slope,46,0.7464325564301705
all_labeled,B1,none,spearman,ir_early_slope,qd_early_slope,46,-0.22405180388529136
all_labeled,B1,none,pearson,ir_early_slope,tavg_early_mean,46,0.17255072643050562
all_labeled,B1,none,spearman,ir_early_slope,tavg_early_mean,46,0.47110699969164355
all_labeled,B1,none,pearson,ir_early_slope,tmax_early_mean,46,0.07326597855946276
all_labeled,B1,none,spearman,ir_early_slope,tmax_early_mean,46,0.33752698119025587
all_labeled,B1,none,pearson,tavg_early_mean,tmax_early_mean,46,0.955804383172012
all_labeled,B1,none,spearman,tavg_early_mean,tmax_early_mean,46,0.950786308973173
all_labeled,B1,none,pearson,chargetime_early_mean,qd_early_mean,46,-0.29576002258892575
all_labeled,B1,none,spearman,chargetime_early_mean,qd_early_mean,46,-0.31076164045636756
all_labeled,B1,none,pearson,chargetime_early_mean,qd_early_std,46,-0.08999561512491697
all_labeled,B1,none,spearman,chargetime_early_mean,qd_early_std,46,-0.013506012950971322
all_labeled,B1,none,pearson,chargetime_early_mean,qd2,46,-0.37100019154164804
all_labeled,B1,none,spearman,chargetime_early_mean,qd2,46,-0.33987049028677147
all_labeled,B1,none,pearson,chargetime_early_mean,qd100,46,-0.13939011157314363
all_labeled,B1,none,spearman,chargetime_early_mean,qd100,46,-0.1400555041628122
all_labeled,B1,none,pearson,chargetime_early_mean,qd_delta_100_2,46,0.5819208662628295
all_labeled,B1,none,spearman,chargetime_early_mean,qd_delta_100_2,46,0.6400863398088189
all_labeled,B1,none,pearson,chargetime_early_mean,qd_early_slope,46,0.2468654776105143
all_labeled,B1,none,spearman,chargetime_early_mean,qd_early_slope,46,0.5176071538698735
all_labeled,B1,none,pearson,chargetime_early_mean,ir_early_mean,46,0.26029926477782434
all_labeled,B1,none,spearman,chargetime_early_mean,ir_early_mean,46,0.2303422756706753
all_labeled,B1,none,pearson,chargetime_early_mean,ir_change_100_2,46,0.1358750212200853
all_labeled,B1,none,spearman,chargetime_early_mean,ir_change_100_2,46,-0.017206290471785384
all_labeled,B1,none,pearson,chargetime_early_mean,ir_early_slope,46,0.1274521163065006
all_labeled,B1,none,spearman,chargetime_early_mean,ir_early_slope,46,-0.03829787234042553
all_labeled,B1,none,pearson,chargetime_early_mean,tavg_early_mean,46,-0.19938895752927097
all_labeled,B1,none,spearman,chargetime_early_mean,tavg_early_mean,46,-0.10120259019426457
all_labeled,B1,none,pearson,chargetime_early_mean,tmax_early_mean,46,-0.13727194046959595
all_labeled,B1,none,spearman,chargetime_early_mean,tmax_early_mean,46,-0.08183780450200431
all_labeled,B2,none,pearson,qd_early_mean,qd_early_std,39,-0.19776797479816904
all_labeled,B2,none,spearman,qd_early_mean,qd_early_std,39,-0.1410931174089069
all_labeled,B2,none,pearson,qd_early_mean,qd_early_slope,39,0.38584098029647934
all_labeled,B2,none,spearman,qd_early_mean,qd_early_slope,39,0.3390688259109312
all_labeled,B2,none,pearson,qd_early_mean,tavg_early_mean,39,-0.3275900362325804
all_labeled,B2,none,spearman,qd_early_mean,tavg_early_mean,39,-0.2593117408906883
all_labeled,B2,none,pearson,qd_early_mean,tmax_early_mean,39,-0.22725703100384664
all_labeled,B2,none,spearman,qd_early_mean,tmax_early_mean,39,-0.2538461538461539
all_labeled,B2,none,pearson,qd_early_std,tavg_early_mean,39,0.11876302496052381
all_labeled,B2,none,spearman,qd_early_std,tavg_early_mean,39,0.03117408906882591
all_labeled,B2,none,pearson,qd_early_std,tmax_early_mean,39,0.14185729352115511
all_labeled,B2,none,spearman,qd_early_std,tmax_early_mean,39,0.18866396761133603
all_labeled,B2,none,pearson,qd2,qd_early_mean,39,0.9429917546089435
all_labeled,B2,none,spearman,qd2,qd_early_mean,39,0.9180161943319838
all_labeled,B2,none,pearson,qd2,qd_early_std,39,-0.09011128406812986
all_labeled,B2,none,spearman,qd2,qd_early_std,39,-0.07489878542510123
all_labeled,B2,none,pearson,qd2,qd_delta_100_2,39,0.0893646337881061
all_labeled,B2,none,spearman,qd2,qd_delta_100_2,39,0.1611336032388664
all_labeled,B2,none,pearson,qd2,qd_early_slope,39,0.0909650752821447
all_labeled,B2,none,spearman,qd2,qd_early_slope,39,0.08481781376518219
all_labeled,B2,none,pearson,qd2,tavg_early_mean,39,-0.29991951120916865
all_labeled,B2,none,spearman,qd2,tavg_early_mean,39,-0.1836032388663968
all_labeled,B2,none,pearson,qd2,tmax_early_mean,39,-0.23626318483323555
all_labeled,B2,none,spearman,qd2,tmax_early_mean,39,-0.23137651821862348
all_labeled,B2,none,pearson,qd100,qd_early_mean,39,0.9608774528788124
all_labeled,B2,none,spearman,qd100,qd_early_mean,39,0.9378542510121458
all_labeled,B2,none,pearson,qd100,qd_early_std,39,-0.20885497173105136
all_labeled,B2,none,spearman,qd100,qd_early_std,39,-0.1742914979757085
all_labeled,B2,none,pearson,qd100,qd2,39,0.844191513918739
all_labeled,B2,none,spearman,qd100,qd2,39,0.8080971659919028
all_labeled,B2,none,pearson,qd100,qd_delta_100_2,39,0.6093378351755423
all_labeled,B2,none,spearman,qd100,qd_delta_100_2,39,0.6319838056680163
all_labeled,B2,none,pearson,qd100,qd_early_slope,39,0.5573010499168232
all_labeled,B2,none,spearman,qd100,qd_early_slope,39,0.5052631578947369
all_labeled,B2,none,pearson,qd100,tavg_early_mean,39,-0.3389729621004302
all_labeled,B2,none,spearman,qd100,tavg_early_mean,39,-0.2736842105263158
all_labeled,B2,none,pearson,qd100,tmax_early_mean,39,-0.2374390527427895
all_labeled,B2,none,spearman,qd100,tmax_early_mean,39,-0.22550607287449395
all_labeled,B2,none,pearson,qd_delta_100_2,qd_early_mean,39,0.39050077498084884
all_labeled,B2,none,spearman,qd_delta_100_2,qd_early_mean,39,0.419838056680162
all_labeled,B2,none,pearson,qd_delta_100_2,qd_early_std,39,-0.25477334944020885
all_labeled,B2,none,spearman,qd_delta_100_2,qd_early_std,39,-0.13299595141700404
all_labeled,B2,none,pearson,qd_delta_100_2,qd_early_slope,39,0.9009450316975812
all_labeled,B2,none,spearman,qd_delta_100_2,qd_early_slope,39,0.8939271255060729
all_labeled,B2,none,pearson,qd_delta_100_2,tavg_early_mean,39,-0.1861932236286195
all_labeled,B2,none,spearman,qd_delta_100_2,tavg_early_mean,39,-0.251417004048583
all_labeled,B2,none,pearson,qd_delta_100_2,tmax_early_mean,39,-0.0916970528953588
all_labeled,B2,none,spearman,qd_delta_100_2,tmax_early_mean,39,-0.09777327935222672
all_labeled,B2,none,pearson,qd_early_slope,qd_early_std,39,-0.2511394247856577
all_labeled,B2,none,spearman,qd_early_slope,qd_early_std,39,-0.07975708502024292
all_labeled,B2,none,pearson,qd_early_slope,tavg_early_mean,39,-0.22003893096695876
all_labeled,B2,none,spearman,qd_early_slope,tavg_early_mean,39,-0.18137651821862347
all_labeled,B2,none,pearson,qd_early_slope,tmax_early_mean,39,-0.010151846093156745
all_labeled,B2,none,spearman,qd_early_slope,tmax_early_mean,39,0.03097165991902834
all_labeled,B2,none,pearson,ir_early_mean,qd_early_mean,33,0.5538264955202983
all_labeled,B2,none,spearman,ir_early_mean,qd_early_mean,33,0.6122994652406418
all_labeled,B2,none,pearson,ir_early_mean,qd_early_std,33,-0.05130256067422109
all_labeled,B2,none,spearman,ir_early_mean,qd_early_std,33,0.05213903743315509
all_labeled,B2,none,pearson,ir_early_mean,qd2,33,0.4861196792505332
all_labeled,B2,none,spearman,ir_early_mean,qd2,33,0.5287433155080213
all_labeled,B2,none,pearson,ir_early_mean,qd100,33,0.5670241492365292
all_labeled,B2,none,spearman,ir_early_mean,qd100,33,0.5925802139037434
all_labeled,B2,none,pearson,ir_early_mean,qd_delta_100_2,33,0.3385514706355492
all_labeled,B2,none,spearman,ir_early_mean,qd_delta_100_2,33,0.33322192513368987
all_labeled,B2,none,pearson,ir_early_mean,qd_early_slope,33,0.3869605450504557
all_labeled,B2,none,spearman,ir_early_mean,qd_early_slope,33,0.25969251336898397
all_labeled,B2,none,pearson,ir_early_mean,ir_early_slope,33,0.07319528291471111
all_labeled,B2,none,spearman,ir_early_mean,ir_early_slope,33,0.23495989304812837
all_labeled,B2,none,pearson,ir_early_mean,tavg_early_mean,33,-0.12746358324675283
all_labeled,B2,none,spearman,ir_early_mean,tavg_early_mean,33,-0.045454545454545456
all_labeled,B2,none,pearson,ir_early_mean,tmax_early_mean,33,0.08735605769870497
all_labeled,B2,none,spearman,ir_early_mean,tmax_early_mean,33,0.04913101604278075
all_labeled,B2,none,pearson,ir_change_100_2,qd_early_mean,33,0.11389437628964821
all_labeled,B2,none,spearman,ir_change_100_2,qd_early_mean,33,0.25835561497326204
all_labeled,B2,none,pearson,ir_change_100_2,qd_early_std,33,0.2281765628217046
all_labeled,B2,none,spearman,ir_change_100_2,qd_early_std,33,0.18750000000000003
all_labeled,B2,none,pearson,ir_change_100_2,qd2,33,-0.04731961373792683
all_labeled,B2,none,spearman,ir_change_100_2,qd2,33,0.06350267379679145
all_labeled,B2,none,pearson,ir_change_100_2,qd100,33,0.18195019957696798
all_labeled,B2,none,spearman,ir_change_100_2,qd100,33,0.2807486631016043
all_labeled,B2,none,pearson,ir_change_100_2,qd_delta_100_2,33,0.40282342461213283
all_labeled,B2,none,spearman,ir_change_100_2,qd_delta_100_2,33,0.4338235294117647
all_labeled,B2,none,pearson,ir_change_100_2,qd_early_slope,33,0.3255550004735125
all_labeled,B2,none,spearman,ir_change_100_2,qd_early_slope,33,0.3268716577540107
all_labeled,B2,none,pearson,ir_change_100_2,ir_early_mean,33,-0.025254556701395613
all_labeled,B2,none,spearman,ir_change_100_2,ir_early_mean,33,0.18716577540106952
all_labeled,B2,none,pearson,ir_change_100_2,ir_early_slope,33,0.9675162520265014
all_labeled,B2,none,spearman,ir_change_100_2,ir_early_slope,33,0.9455213903743317
all_labeled,B2,none,pearson,ir_change_100_2,tavg_early_mean,33,0.13465260097319134
all_labeled,B2,none,spearman,ir_change_100_2,tavg_early_mean,33,0.09859625668449198
all_labeled,B2,none,pearson,ir_change_100_2,tmax_early_mean,33,0.10551353497147342
all_labeled,B2,none,spearman,ir_change_100_2,tmax_early_mean,33,0.10628342245989306
all_labeled,B2,none,pearson,ir_early_slope,qd_early_mean,33,0.16503010837942575
all_labeled,B2,none,spearman,ir_early_slope,qd_early_mean,33,0.2740641711229947
all_labeled,B2,none,pearson,ir_early_slope,qd_early_std,33,0.2443131079973461
all_labeled,B2,none,spearman,ir_early_slope,qd_early_std,33,0.22359625668449198
all_labeled,B2,none,pearson,ir_early_slope,qd2,33,-0.02488550176328986
all_labeled,B2,none,spearman,ir_early_slope,qd2,33,0.06283422459893048
all_labeled,B2,none,pearson,ir_early_slope,qd100,33,0.24570852958691325
all_labeled,B2,none,spearman,ir_early_slope,qd100,33,0.3074866310160428
all_labeled,B2,none,pearson,ir_early_slope,qd_delta_100_2,33,0.48752380155616815
all_labeled,B2,none,spearman,ir_early_slope,qd_delta_100_2,33,0.5
all_labeled,B2,none,pearson,ir_early_slope,qd_early_slope,33,0.44863824770468197
all_labeled,B2,none,spearman,ir_early_slope,qd_early_slope,33,0.41443850267379684
all_labeled,B2,none,pearson,ir_early_slope,tavg_early_mean,33,0.05070616429594623
all_labeled,B2,none,spearman,ir_early_slope,tavg_early_mean,33,0.03843582887700535
all_labeled,B2,none,pearson,ir_early_slope,tmax_early_mean,33,0.12905201677873274
all_labeled,B2,none,spearman,ir_early_slope,tmax_early_mean,33,0.14171122994652408
all_labeled,B2,none,pearson,tavg_early_mean,tmax_early_mean,39,0.824538368741913
all_labeled,B2,none,spearman,tavg_early_mean,tmax_early_mean,39,0.7921052631578949
all_labeled,B2,none,pearson,chargetime_early_mean,qd_early_mean,39,-0.08980501323779952
all_labeled,B2,none,spearman,chargetime_early_mean,qd_early_mean,39,-0.06356275303643726
all_labeled,B2,none,pearson,chargetime_early_mean,qd_early_std,39,-0.316845699437474
all_labeled,B2,none,spearman,chargetime_early_mean,qd_early_std,39,-0.2866396761133604
all_labeled,B2,none,pearson,chargetime_early_mean,qd2,39,-0.03309825323232697
all_labeled,B2,none,spearman,chargetime_early_mean,qd2,39,0.024898785425101214
all_labeled,B2,none,pearson,chargetime_early_mean,qd100,39,-0.08517235644021887
all_labeled,B2,none,spearman,chargetime_early_mean,qd100,39,-0.06781376518218624
all_labeled,B2,none,pearson,chargetime_early_mean,qd_delta_100_2,39,-0.1092967616108367
all_labeled,B2,none,spearman,chargetime_early_mean,qd_delta_100_2,39,-0.2591093117408907
all_labeled,B2,none,pearson,chargetime_early_mean,qd_early_slope,39,-0.2211834429772181
all_labeled,B2,none,spearman,chargetime_early_mean,qd_early_slope,39,-0.1856275303643725
all_labeled,B2,none,pearson,chargetime_early_mean,ir_early_mean,33,-0.1365770252197258
all_labeled,B2,none,spearman,chargetime_early_mean,ir_early_mean,33,-0.0006684491978609625
all_labeled,B2,none,pearson,chargetime_early_mean,ir_change_100_2,33,-0.19915529494515938
all_labeled,B2,none,spearman,chargetime_early_mean,ir_change_100_2,33,-0.45822192513368987
all_labeled,B2,none,pearson,chargetime_early_mean,ir_early_slope,33,-0.2624343268843387
all_labeled,B2,none,spearman,chargetime_early_mean,ir_early_slope,33,-0.4505347593582888
all_labeled,B2,none,pearson,chargetime_early_mean,tavg_early_mean,39,-0.08715698669223132
all_labeled,B2,none,spearman,chargetime_early_mean,tavg_early_mean,39,-0.06497975708502025
all_labeled,B2,none,pearson,chargetime_early_mean,tmax_early_mean,39,-0.20401304198961057
all_labeled,B2,none,spearman,chargetime_early_mean,tmax_early_mean,39,-0.05506072874493927
all_labeled,B3,none,pearson,qd_early_mean,qd_early_std,44,-0.5025498603645656
all_labeled,B3,none,spearman,qd_early_mean,qd_early_std,44,-0.503030303030303
all_labeled,B3,none,pearson,qd_early_mean,qd_early_slope,44,0.43663278922897697
all_labeled,B3,none,spearman,qd_early_mean,qd_early_slope,44,0.351092318534179
all_labeled,B3,none,pearson,qd_early_mean,tavg_early_mean,44,-0.4159747360147672
all_labeled,B3,none,spearman,qd_early_mean,tavg_early_mean,44,-0.43890063424947146
all_labeled,B3,none,pearson,qd_early_mean,tmax_early_mean,44,-0.4108219582123925
all_labeled,B3,none,spearman,qd_early_mean,tmax_early_mean,44,-0.4405919661733615
all_labeled,B3,none,pearson,qd_early_std,tavg_early_mean,44,0.21075805586740168
all_labeled,B3,none,spearman,qd_early_std,tavg_early_mean,44,0.4614517265680056
all_labeled,B3,none,pearson,qd_early_std,tmax_early_mean,44,0.2234535784576381
all_labeled,B3,none,spearman,qd_early_std,tmax_early_mean,44,0.4200140944326991
all_labeled,B3,none,pearson,qd2,qd_early_mean,44,0.9396453454412712
all_labeled,B3,none,spearman,qd2,qd_early_mean,44,0.9451726568005638
all_labeled,B3,none,pearson,qd2,qd_early_std,44,-0.2001091957201482
all_labeled,B3,none,spearman,qd2,qd_early_std,44,-0.3932346723044397
all_labeled,B3,none,pearson,qd2,qd_delta_100_2,44,0.09329376761510395
all_labeled,B3,none,spearman,qd2,qd_delta_100_2,44,0.05553206483439041
all_labeled,B3,none,pearson,qd2,qd_early_slope,44,0.11156509281478053
all_labeled,B3,none,spearman,qd2,qd_early_slope,44,0.15856236786469344
all_labeled,B3,none,pearson,qd2,tavg_early_mean,44,-0.3481266173079822
all_labeled,B3,none,spearman,qd2,tavg_early_mean,44,-0.36405919661733616
all_labeled,B3,none,pearson,qd2,tmax_early_mean,44,-0.34176693832241445
all_labeled,B3,none,spearman,qd2,tmax_early_mean,44,-0.3610993657505285
all_labeled,B3,none,pearson,qd100,qd_early_mean,44,0.9759548292996494
all_labeled,B3,none,spearman,qd100,qd_early_mean,44,0.9942212825933755
all_labeled,B3,none,pearson,qd100,qd_early_std,44,-0.6711488776937308
all_labeled,B3,none,spearman,qd100,qd_early_std,44,-0.5299506694855531
all_labeled,B3,none,pearson,qd100,qd2,44,0.8465096534613622
all_labeled,B3,none,spearman,qd100,qd2,44,0.9181113460183228
all_labeled,B3,none,pearson,qd100,qd_delta_100_2,44,0.6090255667570322
all_labeled,B3,none,spearman,qd100,qd_delta_100_2,44,0.3436222692036645
all_labeled,B3,none,pearson,qd100,qd_early_slope,44,0.6201362271552533
all_labeled,B3,none,spearman,qd100,qd_early_slope,44,0.4032417195207892
all_labeled,B3,none,pearson,qd100,tavg_early_mean,44,-0.4109608337192031
all_labeled,B3,none,spearman,qd100,tavg_early_mean,44,-0.4507399577167019
all_labeled,B3,none,pearson,qd100,tmax_early_mean,44,-0.41179068887511394
all_labeled,B3,none,spearman,qd100,tmax_early_mean,44,-0.453276955602537
all_labeled,B3,none,pearson,qd_delta_100_2,qd_early_mean,44,0.4252993793831028
all_labeled,B3,none,spearman,qd_delta_100_2,qd_early_mean,44,0.28527131782945736
all_labeled,B3,none,pearson,qd_delta_100_2,qd_early_std,44,-0.9570445233196272
all_labeled,B3,none,spearman,qd_delta_100_2,qd_early_std,44,-0.2840028188865398
all_labeled,B3,none,pearson,qd_delta_100_2,qd_early_slope,44,0.9935576985921969
all_labeled,B3,none,spearman,qd_delta_100_2,qd_early_slope,44,0.8711768851303734
all_labeled,B3,none,pearson,qd_delta_100_2,tavg_early_mean,44,-0.24992168050186112
all_labeled,B3,none,spearman,qd_delta_100_2,tavg_early_mean,44,-0.4133897110641296
all_labeled,B3,none,pearson,qd_delta_100_2,tmax_early_mean,44,-0.26094856370861513
all_labeled,B3,none,spearman,qd_delta_100_2,tmax_early_mean,44,-0.414799154334038
all_labeled,B3,none,pearson,qd_early_slope,qd_early_std,44,-0.9655267001894466
all_labeled,B3,none,spearman,qd_early_slope,qd_early_std,44,-0.4198731501057082
all_labeled,B3,none,pearson,qd_early_slope,tavg_early_mean,44,-0.24804679180740274
all_labeled,B3,none,spearman,qd_early_slope,tavg_early_mean,44,-0.5154334038054968
all_labeled,B3,none,pearson,qd_early_slope,tmax_early_mean,44,-0.26553318143970167
all_labeled,B3,none,spearman,qd_early_slope,tmax_early_mean,44,-0.5348837209302325
all_labeled,B3,none,pearson,ir_early_mean,qd_early_mean,44,0.27582676707240544
all_labeled,B3,none,spearman,ir_early_mean,qd_early_mean,44,0.43058491895701195
all_labeled,B3,none,pearson,ir_early_mean,qd_early_std,44,-0.6566286415827548
all_labeled,B3,none,spearman,ir_early_mean,qd_early_std,44,-0.5229034531360113
all_labeled,B3,none,pearson,ir_early_mean,qd2,44,0.05791929937361112
all_labeled,B3,none,spearman,ir_early_mean,qd2,44,0.33403805496828753
all_labeled,B3,none,pearson,ir_early_mean,qd100,44,0.40653402322664434
all_labeled,B3,none,spearman,ir_early_mean,qd100,44,0.4587737843551797
all_labeled,B3,none,pearson,ir_early_mean,qd_delta_100_2,44,0.67400487879977
all_labeled,B3,none,spearman,ir_early_mean,qd_delta_100_2,44,0.4266384778012684
all_labeled,B3,none,pearson,ir_early_mean,qd_early_slope,44,0.6776755492345841
all_labeled,B3,none,spearman,ir_early_mean,qd_early_slope,44,0.5212121212121212
all_labeled,B3,none,pearson,ir_early_mean,ir_early_slope,44,-0.5145650631075243
all_labeled,B3,none,spearman,ir_early_mean,ir_early_slope,44,-0.20944326990838616
all_labeled,B3,none,pearson,ir_early_mean,tavg_early_mean,44,-0.2563166186729247
all_labeled,B3,none,spearman,ir_early_mean,tavg_early_mean,44,-0.2900634249471458
all_labeled,B3,none,pearson,ir_early_mean,tmax_early_mean,44,-0.21075018593450656
all_labeled,B3,none,spearman,ir_early_mean,tmax_early_mean,44,-0.3112050739957717
all_labeled,B3,none,pearson,ir_change_100_2,qd_early_mean,44,-0.21781809232001573
all_labeled,B3,none,spearman,ir_change_100_2,qd_early_mean,44,0.258491895701198
all_labeled,B3,none,pearson,ir_change_100_2,qd_early_std,44,0.7439178392943615
all_labeled,B3,none,spearman,ir_change_100_2,qd_early_std,44,0.040169133192389
all_labeled,B3,none,pearson,ir_change_100_2,qd2,44,0.03236866677699335
all_labeled,B3,none,spearman,ir_change_100_2,qd2,44,0.40493305144467934
all_labeled,B3,none,pearson,ir_change_100_2,qd100,44,-0.37396303622335314
all_labeled,B3,none,spearman,ir_change_100_2,qd100,44,0.20507399577167018
all_labeled,B3,none,pearson,ir_change_100_2,qd_delta_100_2,44,-0.7476055189226045
all_labeled,B3,none,spearman,ir_change_100_2,qd_delta_100_2,44,-0.3310782241014799
all_labeled,B3,none,pearson,ir_change_100_2,qd_early_slope,44,-0.759996942673732
all_labeled,B3,none,spearman,ir_change_100_2,qd_early_slope,44,-0.3174066243833686
all_labeled,B3,none,pearson,ir_change_100_2,ir_early_mean,44,-0.5146280546529444
all_labeled,B3,none,spearman,ir_change_100_2,ir_early_mean,44,-0.10500352360817478
all_labeled,B3,none,pearson,ir_change_100_2,ir_early_slope,44,0.8913936760354115
all_labeled,B3,none,spearman,ir_change_100_2,ir_early_slope,44,0.8379140239605355
all_labeled,B3,none,pearson,ir_change_100_2,tavg_early_mean,44,0.1552401963714308
all_labeled,B3,none,spearman,ir_change_100_2,tavg_early_mean,44,0.17801268498942918
all_labeled,B3,none,pearson,ir_change_100_2,tmax_early_mean,44,0.15417237228062736
all_labeled,B3,none,spearman,ir_change_100_2,tmax_early_mean,44,0.16758280479210713
all_labeled,B3,none,pearson,ir_early_slope,qd_early_mean,44,-0.32829224805250656
all_labeled,B3,none,spearman,ir_early_slope,qd_early_mean,44,-0.029457364341085267
all_labeled,B3,none,pearson,ir_early_slope,qd_early_std,44,0.6310499916334903
all_labeled,B3,none,spearman,ir_early_slope,qd_early_std,44,0.14460887949260043
all_labeled,B3,none,pearson,ir_early_slope,qd2,44,-0.13689358573586707
all_labeled,B3,none,spearman,ir_early_slope,qd2,44,0.08583509513742071
all_labeled,B3,none,pearson,ir_early_slope,qd100,44,-0.44256936414948356
all_labeled,B3,none,spearman,ir_early_slope,qd100,44,-0.07470049330514447
all_labeled,B3,none,pearson,ir_early_slope,qd_delta_100_2,44,-0.6237387949222579
all_labeled,B3,none,spearman,ir_early_slope,qd_delta_100_2,44,-0.20535588442565184
all_labeled,B3,none,pearson,ir_early_slope,qd_early_slope,44,-0.6424472298093375
all_labeled,B3,none,spearman,ir_early_slope,qd_early_slope,44,-0.24228329809725155
all_labeled,B3,none,pearson,ir_early_slope,tavg_early_mean,44,0.21209860773843053
all_labeled,B3,none,spearman,ir_early_slope,tavg_early_mean,44,0.24496124031007752
all_labeled,B3,none,pearson,ir_early_slope,tmax_early_mean,44,0.18934138449377225
all_labeled,B3,none,spearman,ir_early_slope,tmax_early_mean,44,0.2311486962649753
all_labeled,B3,none,pearson,tavg_early_mean,tmax_early_mean,44,0.9714934757859056
all_labeled,B3,none,spearman,tavg_early_mean,tmax_early_mean,44,0.976321353065539
all_labeled,B3,none,pearson,chargetime_early_mean,qd_early_mean,44,-0.05052569834800147
all_labeled,B3,none,spearman,chargetime_early_mean,qd_early_mean,44,-0.1880197322057787
all_labeled,B3,none,pearson,chargetime_early_mean,qd_early_std,44,-0.04950517374941147
all_labeled,B3,none,spearman,chargetime_early_mean,qd_early_std,44,-0.0463706835799859
all_labeled,B3,none,pearson,chargetime_early_mean,qd2,44,-0.08168760369839162
all_labeled,B3,none,spearman,chargetime_early_mean,qd2,44,-0.09739252995066947
all_labeled,B3,none,pearson,chargetime_early_mean,qd100,44,-0.028456873601477844
all_labeled,B3,none,spearman,chargetime_early_mean,qd100,44,-0.20028188865398164
all_labeled,B3,none,pearson,chargetime_early_mean,qd_delta_100_2,44,0.06848165316815899
all_labeled,B3,none,spearman,chargetime_early_mean,qd_delta_100_2,44,-0.26398872445384075
all_labeled,B3,none,pearson,chargetime_early_mean,qd_early_slope,44,0.11700672213215117
all_labeled,B3,none,spearman,chargetime_early_mean,qd_early_slope,44,-0.11472868217054262
all_labeled,B3,none,pearson,chargetime_early_mean,ir_early_mean,44,0.031184997388373797
all_labeled,B3,none,spearman,chargetime_early_mean,ir_early_mean,44,-0.0996476391825229
all_labeled,B3,none,pearson,chargetime_early_mean,ir_change_100_2,44,-0.2120878904264618
all_labeled,B3,none,spearman,chargetime_early_mean,ir_change_100_2,44,0.03608174770965468
all_labeled,B3,none,pearson,chargetime_early_mean,ir_early_slope,44,-0.18273922713220797
all_labeled,B3,none,spearman,chargetime_early_mean,ir_early_slope,44,0.04679351656095841
all_labeled,B3,none,pearson,chargetime_early_mean,tavg_early_mean,44,-0.20395618491682416
all_labeled,B3,none,spearman,chargetime_early_mean,tavg_early_mean,44,-0.09626497533474278
all_labeled,B3,none,pearson,chargetime_early_mean,tmax_early_mean,44,-0.20367652103939685
all_labeled,B3,none,spearman,chargetime_early_mean,tmax_early_mean,44,-0.0697674418604651
eol_compatible,ALL,none,pearson,qd_early_mean,qd_early_std,119,0.0871621489456591
eol_compatible,ALL,none,spearman,qd_early_mean,qd_early_std,119,0.4789844751459907
eol_compatible,ALL,within_batch_mean_centered,pearson,qd_early_mean,qd_early_std,119,0.014943969655218017
eol_compatible,ALL,none,pearson,qd_early_mean,qd_early_slope,119,0.2966388794742583
eol_compatible,ALL,none,spearman,qd_early_mean,qd_early_slope,119,0.261864406779661
eol_compatible,ALL,within_batch_mean_centered,pearson,qd_early_mean,qd_early_slope,119,0.2737460819732322
eol_compatible,ALL,none,pearson,qd_early_mean,tavg_early_mean,119,-0.5222943250187639
eol_compatible,ALL,none,spearman,qd_early_mean,tavg_early_mean,119,-0.4691568152684803
eol_compatible,ALL,within_batch_mean_centered,pearson,qd_early_mean,tavg_early_mean,119,-0.32365893020943814
eol_compatible,ALL,none,pearson,qd_early_mean,tmax_early_mean,119,-0.2932420343396066
eol_compatible,ALL,none,spearman,qd_early_mean,tmax_early_mean,119,-0.26504059250818973
eol_compatible,ALL,within_batch_mean_centered,pearson,qd_early_mean,tmax_early_mean,119,-0.2770171855327479
eol_compatible,ALL,none,pearson,qd_early_std,tavg_early_mean,119,-0.12000186352082141
eol_compatible,ALL,none,spearman,qd_early_std,tavg_early_mean,119,-0.16507619997151407
eol_compatible,ALL,within_batch_mean_centered,pearson,qd_early_std,tavg_early_mean,119,-0.06690305645472246
eol_compatible,ALL,none,pearson,qd_early_std,tmax_early_mean,119,-0.04296134479719514
eol_compatible,ALL,none,spearman,qd_early_std,tmax_early_mean,119,0.021357356501922806
eol_compatible,ALL,within_batch_mean_centered,pearson,qd_early_std,tmax_early_mean,119,-0.02012762310963827
eol_compatible,ALL,none,pearson,qd2,qd_early_mean,119,0.9765945603960241
eol_compatible,ALL,none,spearman,qd2,qd_early_mean,119,0.9762213359920242
eol_compatible,ALL,within_batch_mean_centered,pearson,qd2,qd_early_mean,119,0.9344879898303879
eol_compatible,ALL,none,pearson,qd2,qd_early_std,119,-0.005863890885098047
eol_compatible,ALL,none,spearman,qd2,qd_early_std,119,0.5084247258225324
eol_compatible,ALL,within_batch_mean_centered,pearson,qd2,qd_early_std,119,-0.14320737504500589
eol_compatible,ALL,none,pearson,qd2,qd_delta_100_2,119,0.1468740959267685
eol_compatible,ALL,none,spearman,qd2,qd_delta_100_2,119,0.16068936048995872
eol_compatible,ALL,within_batch_mean_centered,pearson,qd2,qd_delta_100_2,119,0.040041670145661915
eol_compatible,ALL,none,pearson,qd2,qd_early_slope,119,0.20231144814313107
eol_compatible,ALL,none,spearman,qd2,qd_early_slope,119,0.1757798034468025
eol_compatible,ALL,within_batch_mean_centered,pearson,qd2,qd_early_slope,119,0.09600629886190995
eol_compatible,ALL,none,pearson,qd2,tavg_early_mean,119,-0.4765062806969868
eol_compatible,ALL,none,spearman,qd2,tavg_early_mean,119,-0.4341618003133458
eol_compatible,ALL,within_batch_mean_centered,pearson,qd2,tavg_early_mean,119,-0.26356329633782444
eol_compatible,ALL,none,pearson,qd2,tmax_early_mean,119,-0.26771787690962817
eol_compatible,ALL,none,spearman,qd2,tmax_early_mean,119,-0.24351944167497508
eol_compatible,ALL,within_batch_mean_centered,pearson,qd2,tmax_early_mean,119,-0.245812259050336
eol_compatible,ALL,none,pearson,qd100,qd_early_mean,119,0.9811371647108911
eol_compatible,ALL,none,spearman,qd100,qd_early_mean,119,0.980159521435693
eol_compatible,ALL,within_batch_mean_centered,pearson,qd100,qd_early_mean,119,0.9497648976493058
eol_compatible,ALL,none,pearson,qd100,qd_early_std,119,-0.03602116300312766
eol_compatible,ALL,none,spearman,qd100,qd_early_std,119,0.41984760005697197
eol_compatible,ALL,within_batch_mean_centered,pearson,qd100,qd_early_std,119,-0.18241928329003385
eol_compatible,ALL,none,pearson,qd100,qd2,119,0.9512156122245067
eol_compatible,ALL,none,spearman,qd100,qd2,119,0.9617148554336991
eol_compatible,ALL,within_batch_mean_centered,pearson,qd100,qd2,119,0.8610714625720515
eol_compatible,ALL,none,pearson,qd100,qd_delta_100_2,119,0.4448899367247986
eol_compatible,ALL,none,spearman,qd100,qd_delta_100_2,119,0.3638441817404929
eol_compatible,ALL,within_batch_mean_centered,pearson,qd100,qd_delta_100_2,119,0.5425548995858733
eol_compatible,ALL,none,pearson,qd100,qd_early_slope,119,0.45132418244676187
eol_compatible,ALL,none,spearman,qd100,qd_early_slope,119,0.35697194131890053
eol_compatible,ALL,within_batch_mean_centered,pearson,qd100,qd_early_slope,119,0.5223171028342155
eol_compatible,ALL,none,pearson,qd100,tavg_early_mean,119,-0.5033249935708494
eol_compatible,ALL,none,spearman,qd100,tavg_early_mean,119,-0.45198689645349677
eol_compatible,ALL,within_batch_mean_centered,pearson,qd100,tavg_early_mean,119,-0.3083632841157777
eol_compatible,ALL,none,pearson,qd100,tmax_early_mean,119,-0.2896841290329526
eol_compatible,ALL,none,spearman,qd100,tmax_early_mean,119,-0.26104543512320183
eol_compatible,ALL,within_batch_mean_centered,pearson,qd100,tmax_early_mean,119,-0.26955986775041396
eol_compatible,ALL,none,pearson,qd_delta_100_2,qd_early_mean,119,0.31074513177280505
eol_compatible,ALL,none,spearman,qd_delta_100_2,qd_early_mean,119,0.26442814413901156
eol_compatible,ALL,within_batch_mean_centered,pearson,qd_delta_100_2,qd_early_mean,119,0.3225554502402824
eol_compatible,ALL,none,pearson,qd_delta_100_2,qd_early_std,119,-0.09846436261495672
eol_compatible,ALL,none,spearman,qd_delta_100_2,qd_early_std,119,-0.08776527560176614
eol_compatible,ALL,within_batch_mean_centered,pearson,qd_delta_100_2,qd_early_std,119,-0.12188364104951485
eol_compatible,ALL,none,pearson,qd_delta_100_2,qd_early_slope,119,0.8597062201645601
eol_compatible,ALL,none,spearman,qd_delta_100_2,qd_early_slope,119,0.8672696197122917
eol_compatible,ALL,within_batch_mean_centered,pearson,qd_delta_100_2,qd_early_slope,119,0.867777553555624
eol_compatible,ALL,none,pearson,qd_delta_100_2,tavg_early_mean,119,-0.23049701806209677
eol_compatible,ALL,none,spearman,qd_delta_100_2,tavg_early_mean,119,-0.30914399658168357
eol_compatible,ALL,within_batch_mean_centered,pearson,qd_delta_100_2,tavg_early_mean,119,-0.1705411691150889
eol_compatible,ALL,none,pearson,qd_delta_100_2,tmax_early_mean,119,-0.1516184686173364
eol_compatible,ALL,none,spearman,qd_delta_100_2,tmax_early_mean,119,-0.19557755305512037
eol_compatible,ALL,within_batch_mean_centered,pearson,qd_delta_100_2,tmax_early_mean,119,-0.1236152758721128
eol_compatible,ALL,none,pearson,qd_early_slope,qd_early_std,119,-0.4692810622861091
eol_compatible,ALL,none,spearman,qd_early_slope,qd_early_std,119,-0.04276456345249965
eol_compatible,ALL,within_batch_mean_centered,pearson,qd_early_slope,qd_early_std,119,-0.4919065523649755
eol_compatible,ALL,none,pearson,qd_early_slope,tavg_early_mean,119,-0.16812221940790306
eol_compatible,ALL,none,spearman,qd_early_slope,tavg_early_mean,119,-0.30733513744480845
eol_compatible,ALL,within_batch_mean_centered,pearson,qd_early_slope,tavg_early_mean,119,-0.133343474290561
eol_compatible,ALL,none,pearson,qd_early_slope,tmax_early_mean,119,-0.08114806481347299
eol_compatible,ALL,none,spearman,qd_early_slope,tmax_early_mean,119,-0.1907206950576841
eol_compatible,ALL,within_batch_mean_centered,pearson,qd_early_slope,tmax_early_mean,119,-0.06218306563005439
eol_compatible,ALL,none,pearson,ir_early_mean,qd_early_mean,113,0.6272113815217852
eol_compatible,ALL,none,spearman,ir_early_mean,qd_early_mean,113,0.6552165812761995
eol_compatible,ALL,within_batch_mean_centered,pearson,ir_early_mean,qd_early_mean,113,0.3814964410124926
eol_compatible,ALL,none,pearson,ir_early_mean,qd_early_std,113,0.21660350887905494
eol_compatible,ALL,none,spearman,ir_early_mean,qd_early_std,113,0.20567735710958815
eol_compatible,ALL,within_batch_mean_centered,pearson,ir_early_mean,qd_early_std,113,0.17729909185757903
eol_compatible,ALL,none,pearson,ir_early_mean,qd2,113,0.5273581099384503
eol_compatible,ALL,none,spearman,ir_early_mean,qd2,113,0.5803446669771776
eol_compatible,ALL,within_batch_mean_centered,pearson,ir_early_mean,qd2,113,0.2055292952641169
eol_compatible,ALL,none,pearson,ir_early_mean,qd100,113,0.6278442294724552
eol_compatible,ALL,none,spearman,ir_early_mean,qd100,113,0.6539274070131081
eol_compatible,ALL,within_batch_mean_centered,pearson,ir_early_mean,qd100,113,0.41837073040428685
eol_compatible,ALL,none,pearson,ir_early_mean,qd_delta_100_2,113,0.47608212013505835
eol_compatible,ALL,none,spearman,ir_early_mean,qd_delta_100_2,113,0.441987158160889
eol_compatible,ALL,within_batch_mean_centered,pearson,ir_early_mean,qd_delta_100_2,113,0.48184765728336715
eol_compatible,ALL,none,pearson,ir_early_mean,qd_early_slope,113,0.3414409088909084
eol_compatible,ALL,none,spearman,ir_early_mean,qd_early_slope,113,0.38567103599707236
eol_compatible,ALL,within_batch_mean_centered,pearson,ir_early_mean,qd_early_slope,113,0.3604073351413789
eol_compatible,ALL,none,pearson,ir_early_mean,ir_early_slope,113,-0.18653571274472655
eol_compatible,ALL,none,spearman,ir_early_mean,ir_early_slope,113,0.24241466498103667
eol_compatible,ALL,within_batch_mean_centered,pearson,ir_early_mean,ir_early_slope,113,-0.21190127100533748
eol_compatible,ALL,none,pearson,ir_early_mean,tavg_early_mean,113,-0.46709399294145704
eol_compatible,ALL,none,spearman,ir_early_mean,tavg_early_mean,113,-0.4157961274868588
eol_compatible,ALL,within_batch_mean_centered,pearson,ir_early_mean,tavg_early_mean,113,-0.20152289788402833
eol_compatible,ALL,none,pearson,ir_early_mean,tmax_early_mean,113,-0.17935481337279124
eol_compatible,ALL,none,spearman,ir_early_mean,tmax_early_mean,113,-0.19158793000199617
eol_compatible,ALL,within_batch_mean_centered,pearson,ir_early_mean,tmax_early_mean,113,-0.08821340435608413
eol_compatible,ALL,none,pearson,ir_change_100_2,qd_early_mean,113,-0.15621082132169611
eol_compatible,ALL,none,spearman,ir_change_100_2,qd_early_mean,113,0.14449564175926544
eol_compatible,ALL,within_batch_mean_centered,pearson,ir_change_100_2,qd_early_mean,113,0.00797761704474321
eol_compatible,ALL,none,pearson,ir_change_100_2,qd_early_std,113,-0.7812822587700702
eol_compatible,ALL,none,spearman,ir_change_100_2,qd_early_std,113,-0.10714285714285716
eol_compatible,ALL,within_batch_mean_centered,pearson,ir_change_100_2,qd_early_std,113,-0.7938561914818961
eol_compatible,ALL,none,pearson,ir_change_100_2,qd2,113,-0.09266090346066294
eol_compatible,ALL,none,spearman,ir_change_100_2,qd2,113,0.15070862998203477
eol_compatible,ALL,within_batch_mean_centered,pearson,ir_change_100_2,qd2,113,0.13286080196128164
eol_compatible,ALL,none,pearson,ir_change_100_2,qd100,113,-0.05049709589277765
eol_compatible,ALL,none,spearman,ir_change_100_2,qd100,113,0.18480105130081845
eol_compatible,ALL,within_batch_mean_centered,pearson,ir_change_100_2,qd100,113,0.17958610390041319
eol_compatible,ALL,none,pearson,ir_change_100_2,qd_delta_100_2,113,0.1008337992886013
eol_compatible,ALL,none,spearman,ir_change_100_2,qd_delta_100_2,113,0.14095249184909178
eol_compatible,ALL,within_batch_mean_centered,pearson,ir_change_100_2,qd_delta_100_2,113,0.13345293701957528
eol_compatible,ALL,none,pearson,ir_change_100_2,qd_early_slope,113,0.3609630835278092
eol_compatible,ALL,none,spearman,ir_change_100_2,qd_early_slope,113,0.028844234480005324
eol_compatible,ALL,within_batch_mean_centered,pearson,ir_change_100_2,qd_early_slope,113,0.42658596301307294
eol_compatible,ALL,none,pearson,ir_change_100_2,ir_early_mean,113,-0.24774138050162758
eol_compatible,ALL,none,spearman,ir_change_100_2,ir_early_mean,113,0.146009381861734
eol_compatible,ALL,within_batch_mean_centered,pearson,ir_change_100_2,ir_early_mean,113,-0.21626234946518685
eol_compatible,ALL,none,pearson,ir_change_100_2,ir_early_slope,113,0.9350424666251019
eol_compatible,ALL,none,spearman,ir_change_100_2,ir_early_slope,113,0.9263839909508285
eol_compatible,ALL,within_batch_mean_centered,pearson,ir_change_100_2,ir_early_slope,113,0.9493593430878363
eol_compatible,ALL,none,pearson,ir_change_100_2,tavg_early_mean,113,0.19164253641323836
eol_compatible,ALL,none,spearman,ir_change_100_2,tavg_early_mean,113,0.058262359438419065
eol_compatible,ALL,within_batch_mean_centered,pearson,ir_change_100_2,tavg_early_mean,113,0.1498910506836379
eol_compatible,ALL,none,pearson,ir_change_100_2,tmax_early_mean,113,0.10975403999396492
eol_compatible,ALL,none,spearman,ir_change_100_2,tmax_early_mean,113,0.10181149777097612
eol_compatible,ALL,within_batch_mean_centered,pearson,ir_change_100_2,tmax_early_mean,113,0.09626928164783151
eol_compatible,ALL,none,pearson,ir_early_slope,qd_early_mean,113,-0.05456831777683729
eol_compatible,ALL,none,spearman,ir_early_slope,qd_early_mean,113,0.18035963803313595
eol_compatible,ALL,within_batch_mean_centered,pearson,ir_early_slope,qd_early_mean,113,-0.028956271438071345
eol_compatible,ALL,none,pearson,ir_early_slope,qd_early_std,113,-0.9250661895027819
eol_compatible,ALL,none,spearman,ir_early_slope,qd_early_std,113,-0.025550602169139666
eol_compatible,ALL,within_batch_mean_centered,pearson,ir_early_slope,qd_early_std,113,-0.9298173025503679
eol_compatible,ALL,none,pearson,ir_early_slope,qd2,113,0.03569680339280055
eol_compatible,ALL,none,spearman,ir_early_slope,qd2,113,0.1784466697717746
eol_compatible,ALL,within_batch_mean_centered,pearson,ir_early_slope,qd2,113,0.1266907315440995
eol_compatible,ALL,none,pearson,ir_early_slope,qd100,113,0.06808885988564523
eol_compatible,ALL,none,spearman,ir_early_slope,qd100,113,0.21946736309801057
eol_compatible,ALL,within_batch_mean_centered,pearson,ir_early_slope,qd100,113,0.16761494763870097
eol_compatible,ALL,none,pearson,ir_early_slope,qd_delta_100_2,113,0.1111461078009215
eol_compatible,ALL,none,spearman,ir_early_slope,qd_delta_100_2,113,0.21869385854015572
eol_compatible,ALL,within_batch_mean_centered,pearson,ir_early_slope,qd_delta_100_2,113,0.12014074064078463
eol_compatible,ALL,none,pearson,ir_early_slope,qd_early_slope,113,0.4610166880365833
eol_compatible,ALL,none,spearman,ir_early_slope,qd_early_slope,113,0.10066371681415931
eol_compatible,ALL,within_batch_mean_centered,pearson,ir_early_slope,qd_early_slope,113,0.4815451151180145
eol_compatible,ALL,none,pearson,ir_early_slope,tavg_early_mean,113,0.1302812353384483
eol_compatible,ALL,none,spearman,ir_early_slope,tavg_early_mean,113,0.013490584869252779
eol_compatible,ALL,within_batch_mean_centered,pearson,ir_early_slope,tavg_early_mean,113,0.1315211578611669
eol_compatible,ALL,none,pearson,ir_early_slope,tmax_early_mean,113,0.09027592906642848
eol_compatible,ALL,none,spearman,ir_early_slope,tmax_early_mean,113,0.1279110386585934
eol_compatible,ALL,within_batch_mean_centered,pearson,ir_early_slope,tmax_early_mean,113,0.0864389628388001
eol_compatible,ALL,none,pearson,tavg_early_mean,tmax_early_mean,119,0.871048230914063
eol_compatible,ALL,none,spearman,tavg_early_mean,tmax_early_mean,119,0.8649693775815411
eol_compatible,ALL,within_batch_mean_centered,pearson,tavg_early_mean,tmax_early_mean,119,0.9146165702065064
eol_compatible,ALL,none,pearson,chargetime_early_mean,qd_early_mean,119,0.26322279555071687
eol_compatible,ALL,none,spearman,chargetime_early_mean,qd_early_mean,119,0.3021222048141291
eol_compatible,ALL,within_batch_mean_centered,pearson,chargetime_early_mean,qd_early_mean,119,-0.07554726470611425
eol_compatible,ALL,none,pearson,chargetime_early_mean,qd_early_std,119,-0.0299827085583343
eol_compatible,ALL,none,spearman,chargetime_early_mean,qd_early_std,119,0.08018800740635239
eol_compatible,ALL,within_batch_mean_centered,pearson,chargetime_early_mean,qd_early_std,119,-0.054497497266939525
eol_compatible,ALL,none,pearson,chargetime_early_mean,qd2,119,0.2981396224776838
eol_compatible,ALL,none,spearman,chargetime_early_mean,qd2,119,0.31605896595926514
eol_compatible,ALL,within_batch_mean_centered,pearson,chargetime_early_mean,qd2,119,-0.03927646189532526
eol_compatible,ALL,none,pearson,chargetime_early_mean,qd100,119,0.26549568885532493
eol_compatible,ALL,none,spearman,chargetime_early_mean,qd100,119,0.3453354223045151
eol_compatible,ALL,within_batch_mean_centered,pearson,chargetime_early_mean,qd100,119,-0.06656496110220458
eol_compatible,ALL,none,pearson,chargetime_early_mean,qd_delta_100_2,119,-0.014238657542445795
eol_compatible,ALL,none,spearman,chargetime_early_mean,qd_delta_100_2,119,0.19594074918102836
eol_compatible,ALL,within_batch_mean_centered,pearson,chargetime_early_mean,qd_delta_100_2,119,-0.06591859791313792
eol_compatible,ALL,none,pearson,chargetime_early_mean,qd_early_slope,119,-0.037940769169586816
eol_compatible,ALL,none,spearman,chargetime_early_mean,qd_early_slope,119,0.2370531263352799
eol_compatible,ALL,within_batch_mean_centered,pearson,chargetime_early_mean,qd_early_slope,119,-0.13469932890887004
eol_compatible,ALL,none,pearson,chargetime_early_mean,ir_early_mean,113,0.07596285768477659
eol_compatible,ALL,none,spearman,chargetime_early_mean,ir_early_mean,113,0.46481801849757143
eol_compatible,ALL,within_batch_mean_centered,pearson,chargetime_early_mean,ir_early_mean,113,-0.07729431276096108
eol_compatible,ALL,none,pearson,chargetime_early_mean,ir_change_100_2,113,-0.16544031286938288
eol_compatible,ALL,none,spearman,chargetime_early_mean,ir_change_100_2,113,0.12386885354980372
eol_compatible,ALL,within_batch_mean_centered,pearson,chargetime_early_mean,ir_change_100_2,113,-0.08981462586569253
eol_compatible,ALL,none,pearson,chargetime_early_mean,ir_early_slope,113,-0.06939936609374185
eol_compatible,ALL,none,spearman,chargetime_early_mean,ir_early_slope,113,0.18839410473085372
eol_compatible,ALL,within_batch_mean_centered,pearson,chargetime_early_mean,ir_early_slope,113,-0.05633512686360537
eol_compatible,ALL,none,pearson,chargetime_early_mean,tavg_early_mean,119,-0.1590114307107019
eol_compatible,ALL,none,spearman,chargetime_early_mean,tavg_early_mean,119,-0.2772753169064236
eol_compatible,ALL,within_batch_mean_centered,pearson,chargetime_early_mean,tavg_early_mean,119,-0.054510032447554244
eol_compatible,ALL,none,pearson,chargetime_early_mean,tmax_early_mean,119,-0.15593612689722441
eol_compatible,ALL,none,spearman,chargetime_early_mean,tmax_early_mean,119,-0.1234510753453924
eol_compatible,ALL,within_batch_mean_centered,pearson,chargetime_early_mean,tmax_early_mean,119,-0.12453409704726101
eol_compatible,B1,none,pearson,qd_early_mean,qd_early_std,36,0.0961466479816955
eol_compatible,B1,none,spearman,qd_early_mean,qd_early_std,36,-0.05791505791505792
eol_compatible,B1,none,pearson,qd_early_mean,qd_early_slope,36,-0.10526484226586541
eol_compatible,B1,none,spearman,qd_early_mean,qd_early_slope,36,-0.3335907335907336
eol_compatible,B1,none,pearson,qd_early_mean,tavg_early_mean,36,-0.16514788783075984
eol_compatible,B1,none,spearman,qd_early_mean,tavg_early_mean,36,-0.09034749034749036
eol_compatible,B1,none,pearson,qd_early_mean,tmax_early_mean,36,-0.16049322981060093
eol_compatible,B1,none,spearman,qd_early_mean,tmax_early_mean,36,0.00025740025740025744
eol_compatible,B1,none,pearson,qd_early_std,tavg_early_mean,36,-0.21190651512423672
eol_compatible,B1,none,spearman,qd_early_std,tavg_early_mean,36,-0.3516087516087516
eol_compatible,B1,none,pearson,qd_early_std,tmax_early_mean,36,-0.08781667741068105
eol_compatible,B1,none,spearman,qd_early_std,tmax_early_mean,36,-0.24890604890604892
eol_compatible,B1,none,pearson,qd2,qd_early_mean,36,0.9206242161882173
eol_compatible,B1,none,spearman,qd2,qd_early_mean,36,0.9078507078507079
eol_compatible,B1,none,pearson,qd2,qd_early_std,36,-0.24684979629053905
eol_compatible,B1,none,spearman,qd2,qd_early_std,36,-0.1541827541827542
eol_compatible,B1,none,pearson,qd2,qd_delta_100_2,36,-0.18047599355192143
eol_compatible,B1,none,spearman,qd2,qd_delta_100_2,36,-0.3552123552123553
eol_compatible,B1,none,pearson,qd2,qd_early_slope,36,0.09056791524765104
eol_compatible,B1,none,spearman,qd2,qd_early_slope,36,-0.33770913770913774
eol_compatible,B1,none,pearson,qd2,tavg_early_mean,36,-0.08688821867317721
eol_compatible,B1,none,spearman,qd2,tavg_early_mean,36,0.03371943371943372
eol_compatible,B1,none,pearson,qd2,tmax_early_mean,36,-0.13999813610896036
eol_compatible,B1,none,spearman,qd2,tmax_early_mean,36,0.0712998712998713
eol_compatible,B1,none,pearson,qd100,qd_early_mean,36,0.8916310335230087
eol_compatible,B1,none,spearman,qd100,qd_early_mean,36,0.9037323037323038
eol_compatible,B1,none,pearson,qd100,qd_early_std,36,-0.3275142042666866
eol_compatible,B1,none,spearman,qd100,qd_early_std,36,-0.24453024453024458
eol_compatible,B1,none,pearson,qd100,qd2,36,0.9278144353567603
eol_compatible,B1,none,spearman,qd100,qd2,36,0.9315315315315315
eol_compatible,B1,none,pearson,qd100,qd_delta_100_2,36,0.1994682430647134
eol_compatible,B1,none,spearman,qd100,qd_delta_100_2,36,-0.12097812097812098
eol_compatible,B1,none,pearson,qd100,qd_early_slope,36,0.35048223700489317
eol_compatible,B1,none,spearman,qd100,qd_early_slope,36,-0.10321750321750323
eol_compatible,B1,none,pearson,qd100,tavg_early_mean,36,-0.051035884024558276
eol_compatible,B1,none,spearman,qd100,tavg_early_mean,36,-0.01595881595881596
eol_compatible,B1,none,pearson,qd100,tmax_early_mean,36,-0.0947708220640408
eol_compatible,B1,none,spearman,qd100,tmax_early_mean,36,0.024453024453024455
eol_compatible,B1,none,pearson,qd_delta_100_2,qd_early_mean,36,-0.0673750106682251
eol_compatible,B1,none,spearman,qd_delta_100_2,qd_early_mean,36,-0.32972972972972975
eol_compatible,B1,none,pearson,qd_delta_100_2,qd_early_std,36,-0.2151152818903467
eol_compatible,B1,none,spearman,qd_delta_100_2,qd_early_std,36,-0.068983268983269
eol_compatible,B1,none,pearson,qd_delta_100_2,qd_early_slope,36,0.68619399255484
eol_compatible,B1,none,spearman,qd_delta_100_2,qd_early_slope,36,0.9719433719433721
eol_compatible,B1,none,pearson,qd_delta_100_2,tavg_early_mean,36,0.09367387501420026
eol_compatible,B1,none,spearman,qd_delta_100_2,tavg_early_mean,36,-0.04478764478764479
eol_compatible,B1,none,pearson,qd_delta_100_2,tmax_early_mean,36,0.11786914270459997
eol_compatible,B1,none,spearman,qd_delta_100_2,tmax_early_mean,36,0.031145431145431144
eol_compatible,B1,none,pearson,qd_early_slope,qd_early_std,36,-0.8557809573791629
eol_compatible,B1,none,spearman,qd_early_slope,qd_early_std,36,-0.1052767052767053
eol_compatible,B1,none,pearson,qd_early_slope,tavg_early_mean,36,0.20188466640467237
eol_compatible,B1,none,spearman,qd_early_slope,tavg_early_mean,36,-0.05637065637065637
eol_compatible,B1,none,pearson,qd_early_slope,tmax_early_mean,36,0.12381020474716775
eol_compatible,B1,none,spearman,qd_early_slope,tmax_early_mean,36,0.0036036036036036037
eol_compatible,B1,none,pearson,ir_early_mean,qd_early_mean,36,0.2185880748798284
eol_compatible,B1,none,spearman,ir_early_mean,qd_early_mean,36,0.16473616473616473
eol_compatible,B1,none,pearson,ir_early_mean,qd_early_std,36,0.4811687736147042
eol_compatible,B1,none,spearman,ir_early_mean,qd_early_std,36,-0.04118404118404118
eol_compatible,B1,none,pearson,ir_early_mean,qd2,36,-0.06850552894980624
eol_compatible,B1,none,spearman,ir_early_mean,qd2,36,-0.031660231660231665
eol_compatible,B1,none,pearson,ir_early_mean,qd100,36,0.11293509412862421
eol_compatible,B1,none,spearman,ir_early_mean,qd100,36,0.11608751608751611
eol_compatible,B1,none,pearson,ir_early_mean,qd_delta_100_2,36,0.47771957922896435
eol_compatible,B1,none,spearman,ir_early_mean,qd_delta_100_2,36,0.35392535392535396
eol_compatible,B1,none,pearson,ir_early_mean,qd_early_slope,36,-0.1108011699497785
eol_compatible,B1,none,spearman,ir_early_mean,qd_early_slope,36,0.3433719433719434
eol_compatible,B1,none,pearson,ir_early_mean,ir_early_slope,36,-0.44366187534249246
eol_compatible,B1,none,spearman,ir_early_mean,ir_early_slope,36,0.024710424710424714
eol_compatible,B1,none,pearson,ir_early_mean,tavg_early_mean,36,-0.20031473619219692
eol_compatible,B1,none,spearman,ir_early_mean,tavg_early_mean,36,-0.2893178893178894
eol_compatible,B1,none,pearson,ir_early_mean,tmax_early_mean,36,-0.10867466271351252
eol_compatible,B1,none,spearman,ir_early_mean,tmax_early_mean,36,-0.1631917631917632
eol_compatible,B1,none,pearson,ir_change_100_2,qd_early_mean,36,-0.010557137013168162
eol_compatible,B1,none,spearman,ir_change_100_2,qd_early_mean,36,0.10888030888030889
eol_compatible,B1,none,pearson,ir_change_100_2,qd_early_std,36,-0.979297399403065
eol_compatible,B1,none,spearman,ir_change_100_2,qd_early_std,36,-0.6084942084942085
eol_compatible,B1,none,pearson,ir_change_100_2,qd2,36,0.31327559729252086
eol_compatible,B1,none,spearman,ir_change_100_2,qd2,36,0.22419562419562422
eol_compatible,B1,none,pearson,ir_change_100_2,qd100,36,0.41532585639431474
eol_compatible,B1,none,spearman,ir_change_100_2,qd100,36,0.23912483912483914
eol_compatible,B1,none,pearson,ir_change_100_2,qd_delta_100_2,36,0.2721565820960614
eol_compatible,B1,none,spearman,ir_change_100_2,qd_delta_100_2,36,-0.17915057915057916
eol_compatible,B1,none,pearson,ir_change_100_2,qd_early_slope,36,0.8717097273052752
eol_compatible,B1,none,spearman,ir_change_100_2,qd_early_slope,36,-0.19922779922779926
eol_compatible,B1,none,pearson,ir_change_100_2,ir_early_mean,36,-0.3925234988139684
eol_compatible,B1,none,spearman,ir_change_100_2,ir_early_mean,36,-0.0010296010296010297
eol_compatible,B1,none,pearson,ir_change_100_2,ir_early_slope,36,0.9937926404713292
eol_compatible,B1,none,spearman,ir_change_100_2,ir_early_slope,36,0.9819819819819822
eol_compatible,B1,none,pearson,ir_change_100_2,tavg_early_mean,36,0.25549215878860765
eol_compatible,B1,none,spearman,ir_change_100_2,tavg_early_mean,36,0.355984555984556
eol_compatible,B1,none,pearson,ir_change_100_2,tmax_early_mean,36,0.11566518700281099
eol_compatible,B1,none,spearman,ir_change_100_2,tmax_early_mean,36,0.22934362934362934
eol_compatible,B1,none,pearson,ir_early_slope,qd_early_mean,36,-0.06786933223687094
eol_compatible,B1,none,spearman,ir_early_slope,qd_early_mean,36,0.07516087516087518
eol_compatible,B1,none,pearson,ir_early_slope,qd_early_std,36,-0.9945146367475131
eol_compatible,B1,none,spearman,ir_early_slope,qd_early_std,36,-0.6787644787644789
eol_compatible,B1,none,pearson,ir_early_slope,qd2,36,0.26869507599969567
eol_compatible,B1,none,spearman,ir_early_slope,qd2,36,0.19562419562419564
eol_compatible,B1,none,pearson,ir_early_slope,qd100,36,0.35888199594571824
eol_compatible,B1,none,spearman,ir_early_slope,qd100,36,0.20823680823680826
eol_compatible,B1,none,pearson,ir_early_slope,qd_delta_100_2,36,0.24043797669079844
eol_compatible,B1,none,spearman,ir_early_slope,qd_delta_100_2,36,-0.1536679536679537
eol_compatible,B1,none,pearson,ir_early_slope,qd_early_slope,36,0.8646146676209975
eol_compatible,B1,none,spearman,ir_early_slope,qd_early_slope,36,-0.16473616473616473
eol_compatible,B1,none,pearson,ir_early_slope,tavg_early_mean,36,0.24562857123793996
eol_compatible,B1,none,spearman,ir_early_slope,tavg_early_mean,36,0.39021879021879025
eol_compatible,B1,none,pearson,ir_early_slope,tmax_early_mean,36,0.11234408438112489
eol_compatible,B1,none,spearman,ir_early_slope,tmax_early_mean,36,0.2658944658944659
eol_compatible,B1,none,pearson,tavg_early_mean,tmax_early_mean,36,0.9528482986315477
eol_compatible,B1,none,spearman,tavg_early_mean,tmax_early_mean,36,0.9395109395109394
eol_compatible,B1,none,pearson,chargetime_early_mean,qd_early_mean,36,-0.355484731546167
eol_compatible,B1,none,spearman,chargetime_early_mean,qd_early_mean,36,-0.3742599742599743
eol_compatible,B1,none,pearson,chargetime_early_mean,qd_early_std,36,-0.14233942541762037
eol_compatible,B1,none,spearman,chargetime_early_mean,qd_early_std,36,-0.28288288288288294
eol_compatible,B1,none,pearson,chargetime_early_mean,qd2,36,-0.3894837656265058
eol_compatible,B1,none,spearman,chargetime_early_mean,qd2,36,-0.3472329472329473
eol_compatible,B1,none,pearson,chargetime_early_mean,qd100,36,-0.17778291027889473
eol_compatible,B1,none,spearman,chargetime_early_mean,qd100,36,-0.16962676962676965
eol_compatible,B1,none,pearson,chargetime_early_mean,qd_delta_100_2,36,0.55434288195425
eol_compatible,B1,none,spearman,chargetime_early_mean,qd_delta_100_2,36,0.5992277992277991
eol_compatible,B1,none,pearson,chargetime_early_mean,qd_early_slope,36,0.41251810882610085
eol_compatible,B1,none,spearman,chargetime_early_mean,qd_early_slope,36,0.5935649935649936
eol_compatible,B1,none,pearson,chargetime_early_mean,ir_early_mean,36,0.249001803933276
eol_compatible,B1,none,spearman,chargetime_early_mean,ir_early_mean,36,0.25250965250965257
eol_compatible,B1,none,pearson,chargetime_early_mean,ir_change_100_2,36,0.1301845691014208
eol_compatible,B1,none,spearman,chargetime_early_mean,ir_change_100_2,36,0.1287001287001287
eol_compatible,B1,none,pearson,chargetime_early_mean,ir_early_slope,36,0.12996753579080028
eol_compatible,B1,none,spearman,chargetime_early_mean,ir_early_slope,36,0.16293436293436295
eol_compatible,B1,none,pearson,chargetime_early_mean,tavg_early_mean,36,-0.004786615699371277
eol_compatible,B1,none,spearman,chargetime_early_mean,tavg_early_mean,36,0.17812097812097816
eol_compatible,B1,none,pearson,chargetime_early_mean,tmax_early_mean,36,0.00018936315663353742
eol_compatible,B1,none,spearman,chargetime_early_mean,tmax_early_mean,36,0.16113256113256116
eol_compatible,B2,none,pearson,qd_early_mean,qd_early_std,39,-0.19776797479816904
eol_compatible,B2,none,spearman,qd_early_mean,qd_early_std,39,-0.1410931174089069
eol_compatible,B2,none,pearson,qd_early_mean,qd_early_slope,39,0.38584098029647934
eol_compatible,B2,none,spearman,qd_early_mean,qd_early_slope,39,0.3390688259109312
eol_compatible,B2,none,pearson,qd_early_mean,tavg_early_mean,39,-0.3275900362325804
eol_compatible,B2,none,spearman,qd_early_mean,tavg_early_mean,39,-0.2593117408906883
eol_compatible,B2,none,pearson,qd_early_mean,tmax_early_mean,39,-0.22725703100384664
eol_compatible,B2,none,spearman,qd_early_mean,tmax_early_mean,39,-0.2538461538461539
eol_compatible,B2,none,pearson,qd_early_std,tavg_early_mean,39,0.11876302496052381
eol_compatible,B2,none,spearman,qd_early_std,tavg_early_mean,39,0.03117408906882591
eol_compatible,B2,none,pearson,qd_early_std,tmax_early_mean,39,0.14185729352115511
eol_compatible,B2,none,spearman,qd_early_std,tmax_early_mean,39,0.18866396761133603
eol_compatible,B2,none,pearson,qd2,qd_early_mean,39,0.9429917546089435
eol_compatible,B2,none,spearman,qd2,qd_early_mean,39,0.9180161943319838
eol_compatible,B2,none,pearson,qd2,qd_early_std,39,-0.09011128406812986
eol_compatible,B2,none,spearman,qd2,qd_early_std,39,-0.07489878542510123
eol_compatible,B2,none,pearson,qd2,qd_delta_100_2,39,0.0893646337881061
eol_compatible,B2,none,spearman,qd2,qd_delta_100_2,39,0.1611336032388664
eol_compatible,B2,none,pearson,qd2,qd_early_slope,39,0.0909650752821447
eol_compatible,B2,none,spearman,qd2,qd_early_slope,39,0.08481781376518219
eol_compatible,B2,none,pearson,qd2,tavg_early_mean,39,-0.29991951120916865
eol_compatible,B2,none,spearman,qd2,tavg_early_mean,39,-0.1836032388663968
eol_compatible,B2,none,pearson,qd2,tmax_early_mean,39,-0.23626318483323555
eol_compatible,B2,none,spearman,qd2,tmax_early_mean,39,-0.23137651821862348
eol_compatible,B2,none,pearson,qd100,qd_early_mean,39,0.9608774528788124
eol_compatible,B2,none,spearman,qd100,qd_early_mean,39,0.9378542510121458
eol_compatible,B2,none,pearson,qd100,qd_early_std,39,-0.20885497173105136
eol_compatible,B2,none,spearman,qd100,qd_early_std,39,-0.1742914979757085
eol_compatible,B2,none,pearson,qd100,qd2,39,0.844191513918739
eol_compatible,B2,none,spearman,qd100,qd2,39,0.8080971659919028
eol_compatible,B2,none,pearson,qd100,qd_delta_100_2,39,0.6093378351755423
eol_compatible,B2,none,spearman,qd100,qd_delta_100_2,39,0.6319838056680163
eol_compatible,B2,none,pearson,qd100,qd_early_slope,39,0.5573010499168232
eol_compatible,B2,none,spearman,qd100,qd_early_slope,39,0.5052631578947369
eol_compatible,B2,none,pearson,qd100,tavg_early_mean,39,-0.3389729621004302
eol_compatible,B2,none,spearman,qd100,tavg_early_mean,39,-0.2736842105263158
eol_compatible,B2,none,pearson,qd100,tmax_early_mean,39,-0.2374390527427895
eol_compatible,B2,none,spearman,qd100,tmax_early_mean,39,-0.22550607287449395
eol_compatible,B2,none,pearson,qd_delta_100_2,qd_early_mean,39,0.39050077498084884
eol_compatible,B2,none,spearman,qd_delta_100_2,qd_early_mean,39,0.419838056680162
eol_compatible,B2,none,pearson,qd_delta_100_2,qd_early_std,39,-0.25477334944020885
eol_compatible,B2,none,spearman,qd_delta_100_2,qd_early_std,39,-0.13299595141700404
eol_compatible,B2,none,pearson,qd_delta_100_2,qd_early_slope,39,0.9009450316975812
eol_compatible,B2,none,spearman,qd_delta_100_2,qd_early_slope,39,0.8939271255060729
eol_compatible,B2,none,pearson,qd_delta_100_2,tavg_early_mean,39,-0.1861932236286195
eol_compatible,B2,none,spearman,qd_delta_100_2,tavg_early_mean,39,-0.251417004048583
eol_compatible,B2,none,pearson,qd_delta_100_2,tmax_early_mean,39,-0.0916970528953588
eol_compatible,B2,none,spearman,qd_delta_100_2,tmax_early_mean,39,-0.09777327935222672
eol_compatible,B2,none,pearson,qd_early_slope,qd_early_std,39,-0.2511394247856577
eol_compatible,B2,none,spearman,qd_early_slope,qd_early_std,39,-0.07975708502024292
eol_compatible,B2,none,pearson,qd_early_slope,tavg_early_mean,39,-0.22003893096695876
eol_compatible,B2,none,spearman,qd_early_slope,tavg_early_mean,39,-0.18137651821862347
eol_compatible,B2,none,pearson,qd_early_slope,tmax_early_mean,39,-0.010151846093156745
eol_compatible,B2,none,spearman,qd_early_slope,tmax_early_mean,39,0.03097165991902834
eol_compatible,B2,none,pearson,ir_early_mean,qd_early_mean,33,0.5538264955202983
eol_compatible,B2,none,spearman,ir_early_mean,qd_early_mean,33,0.6122994652406418
eol_compatible,B2,none,pearson,ir_early_mean,qd_early_std,33,-0.05130256067422109
eol_compatible,B2,none,spearman,ir_early_mean,qd_early_std,33,0.05213903743315509
eol_compatible,B2,none,pearson,ir_early_mean,qd2,33,0.4861196792505332
eol_compatible,B2,none,spearman,ir_early_mean,qd2,33,0.5287433155080213
eol_compatible,B2,none,pearson,ir_early_mean,qd100,33,0.5670241492365292
eol_compatible,B2,none,spearman,ir_early_mean,qd100,33,0.5925802139037434
eol_compatible,B2,none,pearson,ir_early_mean,qd_delta_100_2,33,0.3385514706355492
eol_compatible,B2,none,spearman,ir_early_mean,qd_delta_100_2,33,0.33322192513368987
eol_compatible,B2,none,pearson,ir_early_mean,qd_early_slope,33,0.3869605450504557
eol_compatible,B2,none,spearman,ir_early_mean,qd_early_slope,33,0.25969251336898397
eol_compatible,B2,none,pearson,ir_early_mean,ir_early_slope,33,0.07319528291471111
eol_compatible,B2,none,spearman,ir_early_mean,ir_early_slope,33,0.23495989304812837
eol_compatible,B2,none,pearson,ir_early_mean,tavg_early_mean,33,-0.12746358324675283
eol_compatible,B2,none,spearman,ir_early_mean,tavg_early_mean,33,-0.045454545454545456
eol_compatible,B2,none,pearson,ir_early_mean,tmax_early_mean,33,0.08735605769870497
eol_compatible,B2,none,spearman,ir_early_mean,tmax_early_mean,33,0.04913101604278075
eol_compatible,B2,none,pearson,ir_change_100_2,qd_early_mean,33,0.11389437628964821
eol_compatible,B2,none,spearman,ir_change_100_2,qd_early_mean,33,0.25835561497326204
eol_compatible,B2,none,pearson,ir_change_100_2,qd_early_std,33,0.2281765628217046
eol_compatible,B2,none,spearman,ir_change_100_2,qd_early_std,33,0.18750000000000003
eol_compatible,B2,none,pearson,ir_change_100_2,qd2,33,-0.04731961373792683
eol_compatible,B2,none,spearman,ir_change_100_2,qd2,33,0.06350267379679145
eol_compatible,B2,none,pearson,ir_change_100_2,qd100,33,0.18195019957696798
eol_compatible,B2,none,spearman,ir_change_100_2,qd100,33,0.2807486631016043
eol_compatible,B2,none,pearson,ir_change_100_2,qd_delta_100_2,33,0.40282342461213283
eol_compatible,B2,none,spearman,ir_change_100_2,qd_delta_100_2,33,0.4338235294117647
eol_compatible,B2,none,pearson,ir_change_100_2,qd_early_slope,33,0.3255550004735125
eol_compatible,B2,none,spearman,ir_change_100_2,qd_early_slope,33,0.3268716577540107
eol_compatible,B2,none,pearson,ir_change_100_2,ir_early_mean,33,-0.025254556701395613
eol_compatible,B2,none,spearman,ir_change_100_2,ir_early_mean,33,0.18716577540106952
eol_compatible,B2,none,pearson,ir_change_100_2,ir_early_slope,33,0.9675162520265014
eol_compatible,B2,none,spearman,ir_change_100_2,ir_early_slope,33,0.9455213903743317
eol_compatible,B2,none,pearson,ir_change_100_2,tavg_early_mean,33,0.13465260097319134
eol_compatible,B2,none,spearman,ir_change_100_2,tavg_early_mean,33,0.09859625668449198
eol_compatible,B2,none,pearson,ir_change_100_2,tmax_early_mean,33,0.10551353497147342
eol_compatible,B2,none,spearman,ir_change_100_2,tmax_early_mean,33,0.10628342245989306
eol_compatible,B2,none,pearson,ir_early_slope,qd_early_mean,33,0.16503010837942575
eol_compatible,B2,none,spearman,ir_early_slope,qd_early_mean,33,0.2740641711229947
eol_compatible,B2,none,pearson,ir_early_slope,qd_early_std,33,0.2443131079973461
eol_compatible,B2,none,spearman,ir_early_slope,qd_early_std,33,0.22359625668449198
eol_compatible,B2,none,pearson,ir_early_slope,qd2,33,-0.02488550176328986
eol_compatible,B2,none,spearman,ir_early_slope,qd2,33,0.06283422459893048
eol_compatible,B2,none,pearson,ir_early_slope,qd100,33,0.24570852958691325
eol_compatible,B2,none,spearman,ir_early_slope,qd100,33,0.3074866310160428
eol_compatible,B2,none,pearson,ir_early_slope,qd_delta_100_2,33,0.48752380155616815
eol_compatible,B2,none,spearman,ir_early_slope,qd_delta_100_2,33,0.5
eol_compatible,B2,none,pearson,ir_early_slope,qd_early_slope,33,0.44863824770468197
eol_compatible,B2,none,spearman,ir_early_slope,qd_early_slope,33,0.41443850267379684
eol_compatible,B2,none,pearson,ir_early_slope,tavg_early_mean,33,0.05070616429594623
eol_compatible,B2,none,spearman,ir_early_slope,tavg_early_mean,33,0.03843582887700535
eol_compatible,B2,none,pearson,ir_early_slope,tmax_early_mean,33,0.12905201677873274
eol_compatible,B2,none,spearman,ir_early_slope,tmax_early_mean,33,0.14171122994652408
eol_compatible,B2,none,pearson,tavg_early_mean,tmax_early_mean,39,0.824538368741913
eol_compatible,B2,none,spearman,tavg_early_mean,tmax_early_mean,39,0.7921052631578949
eol_compatible,B2,none,pearson,chargetime_early_mean,qd_early_mean,39,-0.08980501323779952
eol_compatible,B2,none,spearman,chargetime_early_mean,qd_early_mean,39,-0.06356275303643726
eol_compatible,B2,none,pearson,chargetime_early_mean,qd_early_std,39,-0.316845699437474
eol_compatible,B2,none,spearman,chargetime_early_mean,qd_early_std,39,-0.2866396761133604
eol_compatible,B2,none,pearson,chargetime_early_mean,qd2,39,-0.03309825323232697
eol_compatible,B2,none,spearman,chargetime_early_mean,qd2,39,0.024898785425101214
eol_compatible,B2,none,pearson,chargetime_early_mean,qd100,39,-0.08517235644021887
eol_compatible,B2,none,spearman,chargetime_early_mean,qd100,39,-0.06781376518218624
eol_compatible,B2,none,pearson,chargetime_early_mean,qd_delta_100_2,39,-0.1092967616108367
eol_compatible,B2,none,spearman,chargetime_early_mean,qd_delta_100_2,39,-0.2591093117408907
eol_compatible,B2,none,pearson,chargetime_early_mean,qd_early_slope,39,-0.2211834429772181
eol_compatible,B2,none,spearman,chargetime_early_mean,qd_early_slope,39,-0.1856275303643725
eol_compatible,B2,none,pearson,chargetime_early_mean,ir_early_mean,33,-0.1365770252197258
eol_compatible,B2,none,spearman,chargetime_early_mean,ir_early_mean,33,-0.0006684491978609625
eol_compatible,B2,none,pearson,chargetime_early_mean,ir_change_100_2,33,-0.19915529494515938
eol_compatible,B2,none,spearman,chargetime_early_mean,ir_change_100_2,33,-0.45822192513368987
eol_compatible,B2,none,pearson,chargetime_early_mean,ir_early_slope,33,-0.2624343268843387
eol_compatible,B2,none,spearman,chargetime_early_mean,ir_early_slope,33,-0.4505347593582888
eol_compatible,B2,none,pearson,chargetime_early_mean,tavg_early_mean,39,-0.08715698669223132
eol_compatible,B2,none,spearman,chargetime_early_mean,tavg_early_mean,39,-0.06497975708502025
eol_compatible,B2,none,pearson,chargetime_early_mean,tmax_early_mean,39,-0.20401304198961057
eol_compatible,B2,none,spearman,chargetime_early_mean,tmax_early_mean,39,-0.05506072874493927
eol_compatible,B3,none,pearson,qd_early_mean,qd_early_std,44,-0.5025498603645656
eol_compatible,B3,none,spearman,qd_early_mean,qd_early_std,44,-0.503030303030303
eol_compatible,B3,none,pearson,qd_early_mean,qd_early_slope,44,0.43663278922897697
eol_compatible,B3,none,spearman,qd_early_mean,qd_early_slope,44,0.351092318534179
eol_compatible,B3,none,pearson,qd_early_mean,tavg_early_mean,44,-0.4159747360147672
eol_compatible,B3,none,spearman,qd_early_mean,tavg_early_mean,44,-0.43890063424947146
eol_compatible,B3,none,pearson,qd_early_mean,tmax_early_mean,44,-0.4108219582123925
eol_compatible,B3,none,spearman,qd_early_mean,tmax_early_mean,44,-0.4405919661733615
eol_compatible,B3,none,pearson,qd_early_std,tavg_early_mean,44,0.21075805586740168
eol_compatible,B3,none,spearman,qd_early_std,tavg_early_mean,44,0.4614517265680056
eol_compatible,B3,none,pearson,qd_early_std,tmax_early_mean,44,0.2234535784576381
eol_compatible,B3,none,spearman,qd_early_std,tmax_early_mean,44,0.4200140944326991
eol_compatible,B3,none,pearson,qd2,qd_early_mean,44,0.9396453454412712
eol_compatible,B3,none,spearman,qd2,qd_early_mean,44,0.9451726568005638
eol_compatible,B3,none,pearson,qd2,qd_early_std,44,-0.2001091957201482
eol_compatible,B3,none,spearman,qd2,qd_early_std,44,-0.3932346723044397
eol_compatible,B3,none,pearson,qd2,qd_delta_100_2,44,0.09329376761510395
eol_compatible,B3,none,spearman,qd2,qd_delta_100_2,44,0.05553206483439041
eol_compatible,B3,none,pearson,qd2,qd_early_slope,44,0.11156509281478053
eol_compatible,B3,none,spearman,qd2,qd_early_slope,44,0.15856236786469344
eol_compatible,B3,none,pearson,qd2,tavg_early_mean,44,-0.3481266173079822
eol_compatible,B3,none,spearman,qd2,tavg_early_mean,44,-0.36405919661733616
eol_compatible,B3,none,pearson,qd2,tmax_early_mean,44,-0.34176693832241445
eol_compatible,B3,none,spearman,qd2,tmax_early_mean,44,-0.3610993657505285
eol_compatible,B3,none,pearson,qd100,qd_early_mean,44,0.9759548292996494
eol_compatible,B3,none,spearman,qd100,qd_early_mean,44,0.9942212825933755
eol_compatible,B3,none,pearson,qd100,qd_early_std,44,-0.6711488776937308
eol_compatible,B3,none,spearman,qd100,qd_early_std,44,-0.5299506694855531
eol_compatible,B3,none,pearson,qd100,qd2,44,0.8465096534613622
eol_compatible,B3,none,spearman,qd100,qd2,44,0.9181113460183228
eol_compatible,B3,none,pearson,qd100,qd_delta_100_2,44,0.6090255667570322
eol_compatible,B3,none,spearman,qd100,qd_delta_100_2,44,0.3436222692036645
eol_compatible,B3,none,pearson,qd100,qd_early_slope,44,0.6201362271552533
eol_compatible,B3,none,spearman,qd100,qd_early_slope,44,0.4032417195207892
eol_compatible,B3,none,pearson,qd100,tavg_early_mean,44,-0.4109608337192031
eol_compatible,B3,none,spearman,qd100,tavg_early_mean,44,-0.4507399577167019
eol_compatible,B3,none,pearson,qd100,tmax_early_mean,44,-0.41179068887511394
eol_compatible,B3,none,spearman,qd100,tmax_early_mean,44,-0.453276955602537
eol_compatible,B3,none,pearson,qd_delta_100_2,qd_early_mean,44,0.4252993793831028
eol_compatible,B3,none,spearman,qd_delta_100_2,qd_early_mean,44,0.28527131782945736
eol_compatible,B3,none,pearson,qd_delta_100_2,qd_early_std,44,-0.9570445233196272
eol_compatible,B3,none,spearman,qd_delta_100_2,qd_early_std,44,-0.2840028188865398
eol_compatible,B3,none,pearson,qd_delta_100_2,qd_early_slope,44,0.9935576985921969
eol_compatible,B3,none,spearman,qd_delta_100_2,qd_early_slope,44,0.8711768851303734
eol_compatible,B3,none,pearson,qd_delta_100_2,tavg_early_mean,44,-0.24992168050186112
eol_compatible,B3,none,spearman,qd_delta_100_2,tavg_early_mean,44,-0.4133897110641296
eol_compatible,B3,none,pearson,qd_delta_100_2,tmax_early_mean,44,-0.26094856370861513
eol_compatible,B3,none,spearman,qd_delta_100_2,tmax_early_mean,44,-0.414799154334038
eol_compatible,B3,none,pearson,qd_early_slope,qd_early_std,44,-0.9655267001894466
eol_compatible,B3,none,spearman,qd_early_slope,qd_early_std,44,-0.4198731501057082
eol_compatible,B3,none,pearson,qd_early_slope,tavg_early_mean,44,-0.24804679180740274
eol_compatible,B3,none,spearman,qd_early_slope,tavg_early_mean,44,-0.5154334038054968
eol_compatible,B3,none,pearson,qd_early_slope,tmax_early_mean,44,-0.26553318143970167
eol_compatible,B3,none,spearman,qd_early_slope,tmax_early_mean,44,-0.5348837209302325
eol_compatible,B3,none,pearson,ir_early_mean,qd_early_mean,44,0.27582676707240544
eol_compatible,B3,none,spearman,ir_early_mean,qd_early_mean,44,0.43058491895701195
eol_compatible,B3,none,pearson,ir_early_mean,qd_early_std,44,-0.6566286415827548
eol_compatible,B3,none,spearman,ir_early_mean,qd_early_std,44,-0.5229034531360113
eol_compatible,B3,none,pearson,ir_early_mean,qd2,44,0.05791929937361112
eol_compatible,B3,none,spearman,ir_early_mean,qd2,44,0.33403805496828753
eol_compatible,B3,none,pearson,ir_early_mean,qd100,44,0.40653402322664434
eol_compatible,B3,none,spearman,ir_early_mean,qd100,44,0.4587737843551797
eol_compatible,B3,none,pearson,ir_early_mean,qd_delta_100_2,44,0.67400487879977
eol_compatible,B3,none,spearman,ir_early_mean,qd_delta_100_2,44,0.4266384778012684
eol_compatible,B3,none,pearson,ir_early_mean,qd_early_slope,44,0.6776755492345841
eol_compatible,B3,none,spearman,ir_early_mean,qd_early_slope,44,0.5212121212121212
eol_compatible,B3,none,pearson,ir_early_mean,ir_early_slope,44,-0.5145650631075243
eol_compatible,B3,none,spearman,ir_early_mean,ir_early_slope,44,-0.20944326990838616
eol_compatible,B3,none,pearson,ir_early_mean,tavg_early_mean,44,-0.2563166186729247
eol_compatible,B3,none,spearman,ir_early_mean,tavg_early_mean,44,-0.2900634249471458
eol_compatible,B3,none,pearson,ir_early_mean,tmax_early_mean,44,-0.21075018593450656
eol_compatible,B3,none,spearman,ir_early_mean,tmax_early_mean,44,-0.3112050739957717
eol_compatible,B3,none,pearson,ir_change_100_2,qd_early_mean,44,-0.21781809232001573
eol_compatible,B3,none,spearman,ir_change_100_2,qd_early_mean,44,0.258491895701198
eol_compatible,B3,none,pearson,ir_change_100_2,qd_early_std,44,0.7439178392943615
eol_compatible,B3,none,spearman,ir_change_100_2,qd_early_std,44,0.040169133192389
eol_compatible,B3,none,pearson,ir_change_100_2,qd2,44,0.03236866677699335
eol_compatible,B3,none,spearman,ir_change_100_2,qd2,44,0.40493305144467934
eol_compatible,B3,none,pearson,ir_change_100_2,qd100,44,-0.37396303622335314
eol_compatible,B3,none,spearman,ir_change_100_2,qd100,44,0.20507399577167018
eol_compatible,B3,none,pearson,ir_change_100_2,qd_delta_100_2,44,-0.7476055189226045
eol_compatible,B3,none,spearman,ir_change_100_2,qd_delta_100_2,44,-0.3310782241014799
eol_compatible,B3,none,pearson,ir_change_100_2,qd_early_slope,44,-0.759996942673732
eol_compatible,B3,none,spearman,ir_change_100_2,qd_early_slope,44,-0.3174066243833686
eol_compatible,B3,none,pearson,ir_change_100_2,ir_early_mean,44,-0.5146280546529444
eol_compatible,B3,none,spearman,ir_change_100_2,ir_early_mean,44,-0.10500352360817478
eol_compatible,B3,none,pearson,ir_change_100_2,ir_early_slope,44,0.8913936760354115
eol_compatible,B3,none,spearman,ir_change_100_2,ir_early_slope,44,0.8379140239605355
eol_compatible,B3,none,pearson,ir_change_100_2,tavg_early_mean,44,0.1552401963714308
eol_compatible,B3,none,spearman,ir_change_100_2,tavg_early_mean,44,0.17801268498942918
eol_compatible,B3,none,pearson,ir_change_100_2,tmax_early_mean,44,0.15417237228062736
eol_compatible,B3,none,spearman,ir_change_100_2,tmax_early_mean,44,0.16758280479210713
eol_compatible,B3,none,pearson,ir_early_slope,qd_early_mean,44,-0.32829224805250656
eol_compatible,B3,none,spearman,ir_early_slope,qd_early_mean,44,-0.029457364341085267
eol_compatible,B3,none,pearson,ir_early_slope,qd_early_std,44,0.6310499916334903
eol_compatible,B3,none,spearman,ir_early_slope,qd_early_std,44,0.14460887949260043
eol_compatible,B3,none,pearson,ir_early_slope,qd2,44,-0.13689358573586707
eol_compatible,B3,none,spearman,ir_early_slope,qd2,44,0.08583509513742071
eol_compatible,B3,none,pearson,ir_early_slope,qd100,44,-0.44256936414948356
eol_compatible,B3,none,spearman,ir_early_slope,qd100,44,-0.07470049330514447
eol_compatible,B3,none,pearson,ir_early_slope,qd_delta_100_2,44,-0.6237387949222579
eol_compatible,B3,none,spearman,ir_early_slope,qd_delta_100_2,44,-0.20535588442565184
eol_compatible,B3,none,pearson,ir_early_slope,qd_early_slope,44,-0.6424472298093375
eol_compatible,B3,none,spearman,ir_early_slope,qd_early_slope,44,-0.24228329809725155
eol_compatible,B3,none,pearson,ir_early_slope,tavg_early_mean,44,0.21209860773843053
eol_compatible,B3,none,spearman,ir_early_slope,tavg_early_mean,44,0.24496124031007752
eol_compatible,B3,none,pearson,ir_early_slope,tmax_early_mean,44,0.18934138449377225
eol_compatible,B3,none,spearman,ir_early_slope,tmax_early_mean,44,0.2311486962649753
eol_compatible,B3,none,pearson,tavg_early_mean,tmax_early_mean,44,0.9714934757859056
eol_compatible,B3,none,spearman,tavg_early_mean,tmax_early_mean,44,0.976321353065539
eol_compatible,B3,none,pearson,chargetime_early_mean,qd_early_mean,44,-0.05052569834800147
eol_compatible,B3,none,spearman,chargetime_early_mean,qd_early_mean,44,-0.1880197322057787
eol_compatible,B3,none,pearson,chargetime_early_mean,qd_early_std,44,-0.04950517374941147
eol_compatible,B3,none,spearman,chargetime_early_mean,qd_early_std,44,-0.0463706835799859
eol_compatible,B3,none,pearson,chargetime_early_mean,qd2,44,-0.08168760369839162
eol_compatible,B3,none,spearman,chargetime_early_mean,qd2,44,-0.09739252995066947
eol_compatible,B3,none,pearson,chargetime_early_mean,qd100,44,-0.028456873601477844
eol_compatible,B3,none,spearman,chargetime_early_mean,qd100,44,-0.20028188865398164
eol_compatible,B3,none,pearson,chargetime_early_mean,qd_delta_100_2,44,0.06848165316815899
eol_compatible,B3,none,spearman,chargetime_early_mean,qd_delta_100_2,44,-0.26398872445384075
eol_compatible,B3,none,pearson,chargetime_early_mean,qd_early_slope,44,0.11700672213215117
eol_compatible,B3,none,spearman,chargetime_early_mean,qd_early_slope,44,-0.11472868217054262
eol_compatible,B3,none,pearson,chargetime_early_mean,ir_early_mean,44,0.031184997388373797
eol_compatible,B3,none,spearman,chargetime_early_mean,ir_early_mean,44,-0.0996476391825229
eol_compatible,B3,none,pearson,chargetime_early_mean,ir_change_100_2,44,-0.2120878904264618
eol_compatible,B3,none,spearman,chargetime_early_mean,ir_change_100_2,44,0.03608174770965468
eol_compatible,B3,none,pearson,chargetime_early_mean,ir_early_slope,44,-0.18273922713220797
eol_compatible,B3,none,spearman,chargetime_early_mean,ir_early_slope,44,0.04679351656095841
eol_compatible,B3,none,pearson,chargetime_early_mean,tavg_early_mean,44,-0.20395618491682416
eol_compatible,B3,none,spearman,chargetime_early_mean,tavg_early_mean,44,-0.09626497533474278
eol_compatible,B3,none,pearson,chargetime_early_mean,tmax_early_mean,44,-0.20367652103939685
eol_compatible,B3,none,spearman,chargetime_early_mean,tmax_early_mean,44,-0.0697674418604651
all_labeled_excl_source_issue,ALL,none,pearson,qd_early_mean,qd_early_std,128,0.08080090558141385
all_labeled_excl_source_issue,ALL,none,spearman,qd_early_mean,qd_early_std,128,0.5031473173411463
all_labeled_excl_source_issue,ALL,within_batch_mean_centered,pearson,qd_early_mean,qd_early_std,128,0.005730173187842105
all_labeled_excl_source_issue,ALL,none,pearson,qd_early_mean,qd_early_slope,128,0.2941544557266519
all_labeled_excl_source_issue,ALL,none,spearman,qd_early_mean,qd_early_slope,128,0.28643449002014276
all_labeled_excl_source_issue,ALL,within_batch_mean_centered,pearson,qd_early_mean,qd_early_slope,128,0.27828397689105416
all_labeled_excl_source_issue,ALL,none,pearson,qd_early_mean,tavg_early_mean,128,-0.49784985267765114
all_labeled_excl_source_issue,ALL,none,spearman,qd_early_mean,tavg_early_mean,128,-0.4438289690532869
all_labeled_excl_source_issue,ALL,within_batch_mean_centered,pearson,qd_early_mean,tavg_early_mean,128,-0.3142242314823872
all_labeled_excl_source_issue,ALL,none,pearson,qd_early_mean,tmax_early_mean,128,-0.28685845538074767
all_labeled_excl_source_issue,ALL,none,spearman,qd_early_mean,tmax_early_mean,128,-0.25198567112250503
all_labeled_excl_source_issue,ALL,within_batch_mean_centered,pearson,qd_early_mean,tmax_early_mean,128,-0.2763496706807705
all_labeled_excl_source_issue,ALL,none,pearson,qd_early_std,tavg_early_mean,128,-0.12313663493539138
all_labeled_excl_source_issue,ALL,none,spearman,qd_early_std,tavg_early_mean,128,-0.19426959348104741
all_labeled_excl_source_issue,ALL,within_batch_mean_centered,pearson,qd_early_std,tavg_early_mean,128,-0.06772888636447154
all_labeled_excl_source_issue,ALL,none,pearson,qd_early_std,tmax_early_mean,128,-0.03984543866790171
all_labeled_excl_source_issue,ALL,none,spearman,qd_early_std,tmax_early_mean,128,-0.012228758469144846
all_labeled_excl_source_issue,ALL,within_batch_mean_centered,pearson,qd_early_std,tmax_early_mean,128,-0.012203838820234167
all_labeled_excl_source_issue,ALL,none,pearson,qd2,qd_early_mean,128,0.973756393586778
all_labeled_excl_source_issue,ALL,none,spearman,qd2,qd_early_mean,128,0.9741061618751143
all_labeled_excl_source_issue,ALL,within_batch_mean_centered,pearson,qd2,qd_early_mean,128,0.9312237259194907
all_labeled_excl_source_issue,ALL,none,pearson,qd2,qd_early_std,128,-0.01934248496611954
all_labeled_excl_source_issue,ALL,none,spearman,qd2,qd_early_std,128,0.5187580113532321
all_labeled_excl_source_issue,ALL,within_batch_mean_centered,pearson,qd2,qd_early_std,128,-0.16053385498459405
all_labeled_excl_source_issue,ALL,none,pearson,qd2,qd_delta_100_2,128,0.1477967284366492
all_labeled_excl_source_issue,ALL,none,spearman,qd2,qd_delta_100_2,128,0.17604376487822743
all_labeled_excl_source_issue,ALL,within_batch_mean_centered,pearson,qd2,qd_delta_100_2,128,0.044025001966222624
all_labeled_excl_source_issue,ALL,none,pearson,qd2,qd_early_slope,128,0.21239257323042693
all_labeled_excl_source_issue,ALL,none,spearman,qd2,qd_early_slope,128,0.21088742904229996
all_labeled_excl_source_issue,ALL,within_batch_mean_centered,pearson,qd2,qd_early_slope,128,0.12364240973728038
all_labeled_excl_source_issue,ALL,none,pearson,qd2,tavg_early_mean,128,-0.4367847006120552
all_labeled_excl_source_issue,ALL,none,spearman,qd2,tavg_early_mean,128,-0.40284517487639626
all_labeled_excl_source_issue,ALL,within_batch_mean_centered,pearson,qd2,tavg_early_mean,128,-0.24440481640656714
all_labeled_excl_source_issue,ALL,none,pearson,qd2,tmax_early_mean,128,-0.25045949131277834
all_labeled_excl_source_issue,ALL,none,spearman,qd2,tmax_early_mean,128,-0.22672701886101446
all_labeled_excl_source_issue,ALL,within_batch_mean_centered,pearson,qd2,tmax_early_mean,128,-0.2386464172195131
all_labeled_excl_source_issue,ALL,none,pearson,qd100,qd_early_mean,128,0.9805951261291705
all_labeled_excl_source_issue,ALL,none,spearman,qd100,qd_early_mean,128,0.9776826588536897
all_labeled_excl_source_issue,ALL,within_batch_mean_centered,pearson,qd100,qd_early_mean,128,0.9491973738936338
all_labeled_excl_source_issue,ALL,none,pearson,qd100,qd_early_std,128,-0.04507039887876102
all_labeled_excl_source_issue,ALL,none,spearman,qd100,qd_early_std,128,0.44399491851309286
all_labeled_excl_source_issue,ALL,within_batch_mean_centered,pearson,qd100,qd_early_std,128,-0.19358631852977018
all_labeled_excl_source_issue,ALL,none,pearson,qd100,qd2,128,0.9485733363668603
all_labeled_excl_source_issue,ALL,none,spearman,qd100,qd2,128,0.9600119025819447
all_labeled_excl_source_issue,ALL,within_batch_mean_centered,pearson,qd100,qd2,128,0.85862242686336
all_labeled_excl_source_issue,ALL,none,pearson,qd100,qd_delta_100_2,128,0.45327698547406914
all_labeled_excl_source_issue,ALL,none,spearman,qd100,qd_delta_100_2,128,0.380304660318623
all_labeled_excl_source_issue,ALL,within_batch_mean_centered,pearson,qd100,qd_delta_100_2,128,0.5499123964263201
all_labeled_excl_source_issue,ALL,none,pearson,qd100,qd_early_slope,128,0.4482112691117125
all_labeled_excl_source_issue,ALL,none,spearman,qd100,qd_early_slope,128,0.38921442959164987
all_labeled_excl_source_issue,ALL,within_batch_mean_centered,pearson,qd100,qd_early_slope,128,0.5224971393540856
all_labeled_excl_source_issue,ALL,none,pearson,qd100,tavg_early_mean,128,-0.47844480218034946
all_labeled_excl_source_issue,ALL,none,spearman,qd100,tavg_early_mean,128,-0.4283613349203443
all_labeled_excl_source_issue,ALL,within_batch_mean_centered,pearson,qd100,tavg_early_mean,128,-0.301566521575654
all_labeled_excl_source_issue,ALL,none,pearson,qd100,tmax_early_mean,128,-0.28301831822365553
all_labeled_excl_source_issue,ALL,none,spearman,qd100,tmax_early_mean,128,-0.25357077458340965
all_labeled_excl_source_issue,ALL,within_batch_mean_centered,pearson,qd100,tmax_early_mean,128,-0.2715652264339718
all_labeled_excl_source_issue,ALL,none,pearson,qd_delta_100_2,qd_early_mean,128,0.32173947734057684
all_labeled_excl_source_issue,ALL,none,spearman,qd_delta_100_2,qd_early_mean,128,0.27870925654642004
all_labeled_excl_source_issue,ALL,within_batch_mean_centered,pearson,qd_delta_100_2,qd_early_mean,128,0.3326089673613922
all_labeled_excl_source_issue,ALL,none,pearson,qd_delta_100_2,qd_early_std,128,-0.08634805037905594
all_labeled_excl_source_issue,ALL,none,spearman,qd_delta_100_2,qd_early_std,128,-0.011833913202710126
all_labeled_excl_source_issue,ALL,within_batch_mean_centered,pearson,qd_delta_100_2,qd_early_std,128,-0.11571629219894453
all_labeled_excl_source_issue,ALL,none,pearson,qd_delta_100_2,qd_early_slope,128,0.8022827723144734
all_labeled_excl_source_issue,ALL,none,spearman,qd_delta_100_2,qd_early_slope,128,0.841295092473906
all_labeled_excl_source_issue,ALL,within_batch_mean_centered,pearson,qd_delta_100_2,qd_early_slope,128,0.8168448162444443
all_labeled_excl_source_issue,ALL,none,pearson,qd_delta_100_2,tavg_early_mean,128,-0.26489266885013896
all_labeled_excl_source_issue,ALL,none,spearman,qd_delta_100_2,tavg_early_mean,128,-0.36627906976744184
all_labeled_excl_source_issue,ALL,within_batch_mean_centered,pearson,qd_delta_100_2,tavg_early_mean,128,-0.18950477630070234
all_labeled_excl_source_issue,ALL,none,pearson,qd_delta_100_2,tmax_early_mean,128,-0.17898215562939232
all_labeled_excl_source_issue,ALL,none,spearman,qd_delta_100_2,tmax_early_mean,128,-0.2393735121772569
all_labeled_excl_source_issue,ALL,within_batch_mean_centered,pearson,qd_delta_100_2,tmax_early_mean,128,-0.14041729422419308
all_labeled_excl_source_issue,ALL,none,pearson,qd_early_slope,qd_early_std,128,-0.5045443155152121
all_labeled_excl_source_issue,ALL,none,spearman,qd_early_slope,qd_early_std,128,-0.007147271561984984
all_labeled_excl_source_issue,ALL,within_batch_mean_centered,pearson,qd_early_slope,qd_early_std,128,-0.5267351688723106
all_labeled_excl_source_issue,ALL,none,pearson,qd_early_slope,tavg_early_mean,128,-0.14433431461522342
all_labeled_excl_source_issue,ALL,none,spearman,qd_early_slope,tavg_early_mean,128,-0.3189891961179271
all_labeled_excl_source_issue,ALL,within_batch_mean_centered,pearson,qd_early_slope,tavg_early_mean,128,-0.1191067842402196
all_labeled_excl_source_issue,ALL,none,pearson,qd_early_slope,tmax_early_mean,128,-0.08104396896139113
all_labeled_excl_source_issue,ALL,none,spearman,qd_early_slope,tmax_early_mean,128,-0.2106013092840139
all_labeled_excl_source_issue,ALL,within_batch_mean_centered,pearson,qd_early_slope,tmax_early_mean,128,-0.06997649560856835
all_labeled_excl_source_issue,ALL,none,pearson,ir_early_mean,qd_early_mean,122,0.6185293223613529
all_labeled_excl_source_issue,ALL,none,spearman,ir_early_mean,qd_early_mean,122,0.6392847819549866
all_labeled_excl_source_issue,ALL,within_batch_mean_centered,pearson,ir_early_mean,qd_early_mean,122,0.3714306092862446
all_labeled_excl_source_issue,ALL,none,pearson,ir_early_mean,qd_early_std,122,0.21205588705069855
all_labeled_excl_source_issue,ALL,none,spearman,ir_early_mean,qd_early_std,122,0.24160583700404134
all_labeled_excl_source_issue,ALL,within_batch_mean_centered,pearson,ir_early_mean,qd_early_std,122,0.17145207319001324
all_labeled_excl_source_issue,ALL,none,pearson,ir_early_mean,qd2,122,0.5079846787016709
all_labeled_excl_source_issue,ALL,none,spearman,ir_early_mean,qd2,122,0.5626542771321223
all_labeled_excl_source_issue,ALL,within_batch_mean_centered,pearson,ir_early_mean,qd2,122,0.1911042630459413
all_labeled_excl_source_issue,ALL,none,pearson,ir_early_mean,qd100,122,0.6186474925236773
all_labeled_excl_source_issue,ALL,none,spearman,ir_early_mean,qd100,122,0.6395359211687226
all_labeled_excl_source_issue,ALL,within_batch_mean_centered,pearson,ir_early_mean,qd100,122,0.4091936360823045
all_labeled_excl_source_issue,ALL,none,pearson,ir_early_mean,qd_delta_100_2,122,0.49769297753256136
all_labeled_excl_source_issue,ALL,none,spearman,ir_early_mean,qd_delta_100_2,122,0.4745837202309159
all_labeled_excl_source_issue,ALL,within_batch_mean_centered,pearson,ir_early_mean,qd_delta_100_2,122,0.4852244054096188
all_labeled_excl_source_issue,ALL,none,pearson,ir_early_mean,qd_early_slope,122,0.32108060887392215
all_labeled_excl_source_issue,ALL,none,spearman,ir_early_mean,qd_early_slope,122,0.40300243538948055
all_labeled_excl_source_issue,ALL,within_batch_mean_centered,pearson,ir_early_mean,qd_early_slope,122,0.34409845063004885
all_labeled_excl_source_issue,ALL,none,pearson,ir_early_mean,ir_early_slope,122,-0.1696195287620183
all_labeled_excl_source_issue,ALL,none,spearman,ir_early_mean,ir_early_slope,122,0.28433254797254653
all_labeled_excl_source_issue,ALL,within_batch_mean_centered,pearson,ir_early_mean,ir_early_slope,122,-0.20718266616930306
all_labeled_excl_source_issue,ALL,none,pearson,ir_early_mean,tavg_early_mean,122,-0.47387977869513914
all_labeled_excl_source_issue,ALL,none,spearman,ir_early_mean,tavg_early_mean,122,-0.4307929720673714
all_labeled_excl_source_issue,ALL,within_batch_mean_centered,pearson,ir_early_mean,tavg_early_mean,122,-0.19342941653634338
all_labeled_excl_source_issue,ALL,none,pearson,ir_early_mean,tmax_early_mean,122,-0.2003684777033754
all_labeled_excl_source_issue,ALL,none,spearman,ir_early_mean,tmax_early_mean,122,-0.20984333539311548
all_labeled_excl_source_issue,ALL,within_batch_mean_centered,pearson,ir_early_mean,tmax_early_mean,122,-0.08553920653079339
all_labeled_excl_source_issue,ALL,none,pearson,ir_change_100_2,qd_early_mean,122,-0.14504426699212727
all_labeled_excl_source_issue,ALL,none,spearman,ir_change_100_2,qd_early_mean,122,0.1687754650206033
all_labeled_excl_source_issue,ALL,within_batch_mean_centered,pearson,ir_change_100_2,qd_early_mean,122,0.012654604804675701
all_labeled_excl_source_issue,ALL,none,pearson,ir_change_100_2,qd_early_std,122,-0.755805153319021
all_labeled_excl_source_issue,ALL,none,spearman,ir_change_100_2,qd_early_std,122,-0.08258845222241681
all_labeled_excl_source_issue,ALL,within_batch_mean_centered,pearson,ir_change_100_2,qd_early_std,122,-0.7734290279068063
all_labeled_excl_source_issue,ALL,none,pearson,ir_change_100_2,qd2,122,-0.08722259855422342
all_labeled_excl_source_issue,ALL,none,spearman,ir_change_100_2,qd2,122,0.17227819615955273
all_labeled_excl_source_issue,ALL,within_batch_mean_centered,pearson,ir_change_100_2,qd2,122,0.13445699425864338
all_labeled_excl_source_issue,ALL,none,pearson,ir_change_100_2,qd100,122,-0.03901285792912104
all_labeled_excl_source_issue,ALL,none,spearman,ir_change_100_2,qd100,122,0.21508421424818502
all_labeled_excl_source_issue,ALL,within_batch_mean_centered,pearson,ir_change_100_2,qd100,122,0.1853488160723899
all_labeled_excl_source_issue,ALL,none,pearson,ir_change_100_2,qd_delta_100_2,122,0.1167500654175713
all_labeled_excl_source_issue,ALL,none,spearman,ir_change_100_2,qd_delta_100_2,122,0.1797066297447963
all_labeled_excl_source_issue,ALL,within_batch_mean_centered,pearson,ir_change_100_2,qd_delta_100_2,122,0.14218331336907308
all_labeled_excl_source_issue,ALL,none,pearson,ir_change_100_2,qd_early_slope,122,0.34514190587650645
all_labeled_excl_source_issue,ALL,none,spearman,ir_change_100_2,qd_early_slope,122,0.07095674127043398
all_labeled_excl_source_issue,ALL,within_batch_mean_centered,pearson,ir_change_100_2,qd_early_slope,122,0.40984862457603605
all_labeled_excl_source_issue,ALL,none,pearson,ir_change_100_2,ir_early_mean,122,-0.22317178480863134
all_labeled_excl_source_issue,ALL,none,spearman,ir_change_100_2,ir_early_mean,122,0.18899878065302805
all_labeled_excl_source_issue,ALL,within_batch_mean_centered,pearson,ir_change_100_2,ir_early_mean,122,-0.21328506480777903
all_labeled_excl_source_issue,ALL,none,pearson,ir_change_100_2,ir_early_slope,122,0.9344793385658043
all_labeled_excl_source_issue,ALL,none,spearman,ir_change_100_2,ir_early_slope,122,0.927823911757611
all_labeled_excl_source_issue,ALL,within_batch_mean_centered,pearson,ir_change_100_2,ir_early_slope,122,0.9494227469142331
all_labeled_excl_source_issue,ALL,none,pearson,ir_change_100_2,tavg_early_mean,122,0.14524142331108597
all_labeled_excl_source_issue,ALL,none,spearman,ir_change_100_2,tavg_early_mean,122,0.017510351231408264
all_labeled_excl_source_issue,ALL,within_batch_mean_centered,pearson,ir_change_100_2,tavg_early_mean,122,0.12738318412496413
all_labeled_excl_source_issue,ALL,none,pearson,ir_change_100_2,tmax_early_mean,122,0.07638117092270938
all_labeled_excl_source_issue,ALL,none,spearman,ir_change_100_2,tmax_early_mean,122,0.06638997293644525
all_labeled_excl_source_issue,ALL,within_batch_mean_centered,pearson,ir_change_100_2,tmax_early_mean,122,0.0770206220520662
all_labeled_excl_source_issue,ALL,none,pearson,ir_early_slope,qd_early_mean,122,-0.04493593447393051
all_labeled_excl_source_issue,ALL,none,spearman,ir_early_slope,qd_early_mean,122,0.20918244272538916
all_labeled_excl_source_issue,ALL,within_batch_mean_centered,pearson,ir_early_slope,qd_early_mean,122,-0.02134811637372273
all_labeled_excl_source_issue,ALL,none,pearson,ir_early_slope,qd_early_std,122,-0.9016032619378708
all_labeled_excl_source_issue,ALL,none,spearman,ir_early_slope,qd_early_std,122,-0.036729110008889
all_labeled_excl_source_issue,ALL,within_batch_mean_centered,pearson,ir_early_slope,qd_early_std,122,-0.9088242863899099
all_labeled_excl_source_issue,ALL,none,pearson,ir_early_slope,qd2,122,0.04347245908835189
all_labeled_excl_source_issue,ALL,none,spearman,ir_early_slope,qd2,122,0.21163435452265372
all_labeled_excl_source_issue,ALL,within_batch_mean_centered,pearson,ir_early_slope,qd2,122,0.1335400467046322
all_labeled_excl_source_issue,ALL,none,pearson,ir_early_slope,qd100,122,0.07842056864921541
all_labeled_excl_source_issue,ALL,none,spearman,ir_early_slope,qd100,122,0.2554383205395528
all_labeled_excl_source_issue,ALL,within_batch_mean_centered,pearson,ir_early_slope,qd100,122,0.17592607852718167
all_labeled_excl_source_issue,ALL,none,pearson,ir_early_slope,qd_delta_100_2,122,0.11924218827866143
all_labeled_excl_source_issue,ALL,none,spearman,ir_early_slope,qd_delta_100_2,122,0.23437567121911565
all_labeled_excl_source_issue,ALL,within_batch_mean_centered,pearson,ir_early_slope,qd_delta_100_2,122,0.12536498795448495
all_labeled_excl_source_issue,ALL,none,pearson,ir_early_slope,qd_early_slope,122,0.4437897371326057
all_labeled_excl_source_issue,ALL,none,spearman,ir_early_slope,qd_early_slope,122,0.1378258613909808
all_labeled_excl_source_issue,ALL,within_batch_mean_centered,pearson,ir_early_slope,qd_early_slope,122,0.4638669926984893
all_labeled_excl_source_issue,ALL,none,pearson,ir_early_slope,tavg_early_mean,122,0.10240082267973001
all_labeled_excl_source_issue,ALL,none,spearman,ir_early_slope,tavg_early_mean,122,-0.014681730613539707
all_labeled_excl_source_issue,ALL,within_batch_mean_centered,pearson,ir_early_slope,tavg_early_mean,122,0.11445804429996184
all_labeled_excl_source_issue,ALL,none,pearson,ir_early_slope,tmax_early_mean,122,0.06984920065700251
all_labeled_excl_source_issue,ALL,none,spearman,ir_early_slope,tmax_early_mean,122,0.09632180185776928
all_labeled_excl_source_issue,ALL,within_batch_mean_centered,pearson,ir_early_slope,tmax_early_mean,122,0.07229258259028465
all_labeled_excl_source_issue,ALL,none,pearson,tavg_early_mean,tmax_early_mean,128,0.8798603559716958
all_labeled_excl_source_issue,ALL,none,spearman,tavg_early_mean,tmax_early_mean,128,0.8728769913935177
all_labeled_excl_source_issue,ALL,within_batch_mean_centered,pearson,tavg_early_mean,tmax_early_mean,128,0.9192204883354141
all_labeled_excl_source_issue,ALL,none,pearson,chargetime_early_mean,qd_early_mean,128,0.258164941428655
all_labeled_excl_source_issue,ALL,none,spearman,chargetime_early_mean,qd_early_mean,128,0.3171408624793994
all_labeled_excl_source_issue,ALL,within_batch_mean_centered,pearson,chargetime_early_mean,qd_early_mean,128,-0.07395189615222442
all_labeled_excl_source_issue,ALL,none,pearson,chargetime_early_mean,qd_early_std,128,-0.027879362223206326
all_labeled_excl_source_issue,ALL,none,spearman,chargetime_early_mean,qd_early_std,128,0.11276551913568941
all_labeled_excl_source_issue,ALL,within_batch_mean_centered,pearson,chargetime_early_mean,qd_early_std,128,-0.05001287136419996
all_labeled_excl_source_issue,ALL,none,pearson,chargetime_early_mean,qd2,128,0.2960085166023999
all_labeled_excl_source_issue,ALL,none,spearman,chargetime_early_mean,qd2,128,0.3223825764511994
all_labeled_excl_source_issue,ALL,within_batch_mean_centered,pearson,chargetime_early_mean,qd2,128,-0.03963348365978765
all_labeled_excl_source_issue,ALL,none,pearson,chargetime_early_mean,qd100,128,0.2600715712330931
all_labeled_excl_source_issue,ALL,none,spearman,chargetime_early_mean,qd100,128,0.3605852865775499
all_labeled_excl_source_issue,ALL,within_batch_mean_centered,pearson,chargetime_early_mean,qd100,128,-0.06478182362736702
all_labeled_excl_source_issue,ALL,none,pearson,chargetime_early_mean,qd_delta_100_2,128,-0.02096815385494106
all_labeled_excl_source_issue,ALL,none,spearman,chargetime_early_mean,qd_delta_100_2,128,0.27394250137337484
all_labeled_excl_source_issue,ALL,within_batch_mean_centered,pearson,chargetime_early_mean,qd_delta_100_2,128,-0.06167716475172226
all_labeled_excl_source_issue,ALL,none,pearson,chargetime_early_mean,qd_early_slope,128,-0.03922574797261817
all_labeled_excl_source_issue,ALL,none,spearman,chargetime_early_mean,qd_early_slope,128,0.2497825489837026
all_labeled_excl_source_issue,ALL,within_batch_mean_centered,pearson,chargetime_early_mean,qd_early_slope,128,-0.13155257840233228
all_labeled_excl_source_issue,ALL,none,pearson,chargetime_early_mean,ir_early_mean,122,0.06718175235493336
all_labeled_excl_source_issue,ALL,none,spearman,chargetime_early_mean,ir_early_mean,122,0.4992548435171386
all_labeled_excl_source_issue,ALL,within_batch_mean_centered,pearson,chargetime_early_mean,ir_early_mean,122,-0.0744562159252757
all_labeled_excl_source_issue,ALL,none,pearson,chargetime_early_mean,ir_change_100_2,122,-0.16736442914388389
all_labeled_excl_source_issue,ALL,none,spearman,chargetime_early_mean,ir_change_100_2,122,0.1685970240003172
all_labeled_excl_source_issue,ALL,within_batch_mean_centered,pearson,chargetime_early_mean,ir_change_100_2,122,-0.0877639075265691
all_labeled_excl_source_issue,ALL,none,pearson,chargetime_early_mean,ir_early_slope,122,-0.07095050305341645
all_labeled_excl_source_issue,ALL,none,spearman,chargetime_early_mean,ir_early_slope,122,0.20441740659108257
all_labeled_excl_source_issue,ALL,within_batch_mean_centered,pearson,chargetime_early_mean,ir_early_slope,122,-0.05528742042944828
all_labeled_excl_source_issue,ALL,none,pearson,chargetime_early_mean,tavg_early_mean,128,-0.1369541966971799
all_labeled_excl_source_issue,ALL,none,spearman,chargetime_early_mean,tavg_early_mean,128,-0.34638802417139714
all_labeled_excl_source_issue,ALL,within_batch_mean_centered,pearson,chargetime_early_mean,tavg_early_mean,128,-0.06078876568645329
all_labeled_excl_source_issue,ALL,none,pearson,chargetime_early_mean,tmax_early_mean,128,-0.1373283226252689
all_labeled_excl_source_issue,ALL,none,spearman,chargetime_early_mean,tmax_early_mean,128,-0.19067592931697488
all_labeled_excl_source_issue,ALL,within_batch_mean_centered,pearson,chargetime_early_mean,tmax_early_mean,128,-0.12456686964515923
all_labeled_excl_source_issue,B1,none,pearson,qd_early_mean,qd_early_std,46,0.07008663617339672
all_labeled_excl_source_issue,B1,none,spearman,qd_early_mean,qd_early_std,46,-0.0549491211840888
all_labeled_excl_source_issue,B1,none,pearson,qd_early_mean,qd_early_slope,46,-0.04289687385379776
all_labeled_excl_source_issue,B1,none,spearman,qd_early_mean,qd_early_slope,46,-0.19210607462226334
all_labeled_excl_source_issue,B1,none,pearson,qd_early_mean,tavg_early_mean,46,-0.18818346522011595
all_labeled_excl_source_issue,B1,none,spearman,qd_early_mean,tavg_early_mean,46,-0.14979956830095592
all_labeled_excl_source_issue,B1,none,pearson,qd_early_mean,tmax_early_mean,46,-0.2005968787670606
all_labeled_excl_source_issue,B1,none,spearman,qd_early_mean,tmax_early_mean,46,-0.09010175763182238
all_labeled_excl_source_issue,B1,none,pearson,qd_early_std,tavg_early_mean,46,-0.1698116096064073
all_labeled_excl_source_issue,B1,none,spearman,qd_early_std,tavg_early_mean,46,-0.40302189330866484
all_labeled_excl_source_issue,B1,none,pearson,qd_early_std,tmax_early_mean,46,-0.054906598413947835
all_labeled_excl_source_issue,B1,none,spearman,qd_early_std,tmax_early_mean,46,-0.2967005858772741
all_labeled_excl_source_issue,B1,none,pearson,qd2,qd_early_mean,46,0.9177702519716467
all_labeled_excl_source_issue,B1,none,spearman,qd2,qd_early_mean,46,0.8986123959296947
all_labeled_excl_source_issue,B1,none,pearson,qd2,qd_early_std,46,-0.2683639756450822
all_labeled_excl_source_issue,B1,none,spearman,qd2,qd_early_std,46,-0.21344434165895776
all_labeled_excl_source_issue,B1,none,pearson,qd2,qd_delta_100_2,46,-0.16471444070268298
all_labeled_excl_source_issue,B1,none,spearman,qd2,qd_delta_100_2,46,-0.31705211224175145
all_labeled_excl_source_issue,B1,none,pearson,qd2,qd_early_slope,46,0.15494365464171356
all_labeled_excl_source_issue,B1,none,spearman,qd2,qd_early_slope,46,-0.20715386987357384
all_labeled_excl_source_issue,B1,none,pearson,qd2,tavg_early_mean,46,-0.0826376823456123
all_labeled_excl_source_issue,B1,none,spearman,qd2,tavg_early_mean,46,-0.011039161270428614
all_labeled_excl_source_issue,B1,none,pearson,qd2,tmax_early_mean,46,-0.15246679368421884
all_labeled_excl_source_issue,B1,none,spearman,qd2,tmax_early_mean,46,-0.012519272278754238
all_labeled_excl_source_issue,B1,none,pearson,qd100,qd_early_mean,46,0.897811729689101
all_labeled_excl_source_issue,B1,none,spearman,qd100,qd_early_mean,46,0.9092198581560285
all_labeled_excl_source_issue,B1,none,pearson,qd100,qd_early_std,46,-0.3381234901500412
all_labeled_excl_source_issue,B1,none,spearman,qd100,qd_early_std,46,-0.19568300955905027
all_labeled_excl_source_issue,B1,none,pearson,qd100,qd2,46,0.9230857806532511
all_labeled_excl_source_issue,B1,none,spearman,qd100,qd2,46,0.9192106074622263
all_labeled_excl_source_issue,B1,none,pearson,qd100,qd_delta_100_2,46,0.22729551049975416
all_labeled_excl_source_issue,B1,none,spearman,qd100,qd_delta_100_2,46,-0.04865864939870491
all_labeled_excl_source_issue,B1,none,pearson,qd100,qd_early_slope,46,0.3642798084410985
all_labeled_excl_source_issue,B1,none,spearman,qd100,qd_early_slope,46,0.04175146469318532
all_labeled_excl_source_issue,B1,none,pearson,qd100,tavg_early_mean,46,-0.11460428499402556
all_labeled_excl_source_issue,B1,none,spearman,qd100,tavg_early_mean,46,-0.10428615479494294
all_labeled_excl_source_issue,B1,none,pearson,qd100,tmax_early_mean,46,-0.16425296209184606
all_labeled_excl_source_issue,B1,none,spearman,qd100,tmax_early_mean,46,-0.08553808202281836
all_labeled_excl_source_issue,B1,none,pearson,qd_delta_100_2,qd_early_mean,46,-0.021320122129365654
all_labeled_excl_source_issue,B1,none,spearman,qd_delta_100_2,qd_early_mean,46,-0.23478260869565218
all_labeled_excl_source_issue,B1,none,pearson,qd_delta_100_2,qd_early_std,46,-0.18764038490331306
all_labeled_excl_source_issue,B1,none,spearman,qd_delta_100_2,qd_early_std,46,0.24662349676225717
all_labeled_excl_source_issue,B1,none,pearson,qd_delta_100_2,qd_early_slope,46,0.541911774480424
all_labeled_excl_source_issue,B1,none,spearman,qd_delta_100_2,qd_early_slope,46,0.8764107308048102
all_labeled_excl_source_issue,B1,none,pearson,qd_delta_100_2,tavg_early_mean,46,-0.08467167618752369
all_labeled_excl_source_issue,B1,none,spearman,qd_delta_100_2,tavg_early_mean,46,-0.2310823311748381
all_labeled_excl_source_issue,B1,none,pearson,qd_delta_100_2,tmax_early_mean,46,-0.0351887261546812
all_labeled_excl_source_issue,B1,none,spearman,qd_delta_100_2,tmax_early_mean,46,-0.15979031760715387
all_labeled_excl_source_issue,B1,none,pearson,qd_early_slope,qd_early_std,46,-0.8279944953894782
all_labeled_excl_source_issue,B1,none,spearman,qd_early_slope,qd_early_std,46,0.10058587727412889
all_labeled_excl_source_issue,B1,none,pearson,qd_early_slope,tavg_early_mean,46,0.1430241618882917
all_labeled_excl_source_issue,B1,none,spearman,qd_early_slope,tavg_early_mean,46,-0.1452358926919519
all_labeled_excl_source_issue,B1,none,pearson,qd_early_slope,tmax_early_mean,46,0.04205712279521326
all_labeled_excl_source_issue,B1,none,spearman,qd_early_slope,tmax_early_mean,46,-0.1169904409497379
all_labeled_excl_source_issue,B1,none,pearson,ir_early_mean,qd_early_mean,46,0.22251632319668593
all_labeled_excl_source_issue,B1,none,spearman,ir_early_mean,qd_early_mean,46,0.190009250693802
all_labeled_excl_source_issue,B1,none,pearson,ir_early_mean,qd_early_std,46,0.4516482248005092
all_labeled_excl_source_issue,B1,none,spearman,ir_early_mean,qd_early_std,46,0.015849522047486894
all_labeled_excl_source_issue,B1,none,pearson,ir_early_mean,qd2,46,-0.05595530424080176
all_labeled_excl_source_issue,B1,none,spearman,ir_early_mean,qd2,46,0.01091581868640148
all_labeled_excl_source_issue,B1,none,pearson,ir_early_mean,qd100,46,0.1268749837092426
all_labeled_excl_source_issue,B1,none,spearman,ir_early_mean,qd100,46,0.14745605920444033
all_labeled_excl_source_issue,B1,none,pearson,ir_early_mean,qd_delta_100_2,46,0.46707098365216526
all_labeled_excl_source_issue,B1,none,spearman,ir_early_mean,qd_delta_100_2,46,0.32926302806043783
all_labeled_excl_source_issue,B1,none,pearson,ir_early_mean,qd_early_slope,46,-0.08794777491827235
all_labeled_excl_source_issue,B1,none,spearman,ir_early_mean,qd_early_slope,46,0.29201356768424297
all_labeled_excl_source_issue,B1,none,pearson,ir_early_mean,ir_early_slope,46,-0.4231662639886667
all_labeled_excl_source_issue,B1,none,spearman,ir_early_mean,ir_early_slope,46,0.0005550416281221092
all_labeled_excl_source_issue,B1,none,pearson,ir_early_mean,tavg_early_mean,46,-0.1941945853965104
all_labeled_excl_source_issue,B1,none,spearman,ir_early_mean,tavg_early_mean,46,-0.30693802035152634
all_labeled_excl_source_issue,B1,none,pearson,ir_early_mean,tmax_early_mean,46,-0.11286243882952021
all_labeled_excl_source_issue,B1,none,spearman,ir_early_mean,tmax_early_mean,46,-0.2213382670366944
all_labeled_excl_source_issue,B1,none,pearson,ir_change_100_2,qd_early_mean,46,0.004321427018202401
all_labeled_excl_source_issue,B1,none,spearman,ir_change_100_2,qd_early_mean,46,0.1205673758865248
all_labeled_excl_source_issue,B1,none,pearson,ir_change_100_2,qd_early_std,46,-0.952290865169864
all_labeled_excl_source_issue,B1,none,spearman,ir_change_100_2,qd_early_std,46,-0.5655874190564292
all_labeled_excl_source_issue,B1,none,pearson,ir_change_100_2,qd2,46,0.30489023906513046
all_labeled_excl_source_issue,B1,none,spearman,ir_change_100_2,qd2,46,0.23737280296022198
all_labeled_excl_source_issue,B1,none,pearson,ir_change_100_2,qd100,46,0.41124643789028537
all_labeled_excl_source_issue,B1,none,spearman,ir_change_100_2,qd100,46,0.23293246993524513
all_labeled_excl_source_issue,B1,none,pearson,ir_change_100_2,qd_delta_100_2,46,0.28268594531011254
all_labeled_excl_source_issue,B1,none,spearman,ir_change_100_2,qd_delta_100_2,46,-0.2226950354609929
all_labeled_excl_source_issue,B1,none,pearson,ir_change_100_2,qd_early_slope,46,0.7486149896268751
all_labeled_excl_source_issue,B1,none,spearman,ir_change_100_2,qd_early_slope,46,-0.15917360468701816
all_labeled_excl_source_issue,B1,none,pearson,ir_change_100_2,ir_early_mean,46,-0.3719130032556837
all_labeled_excl_source_issue,B1,none,spearman,ir_change_100_2,ir_early_mean,46,-0.03916127042861548
all_labeled_excl_source_issue,B1,none,pearson,ir_change_100_2,ir_early_slope,46,0.9930732040235655
all_labeled_excl_source_issue,B1,none,spearman,ir_change_100_2,ir_early_slope,46,0.9378353376503237
all_labeled_excl_source_issue,B1,none,pearson,ir_change_100_2,tavg_early_mean,46,0.1645234322509539
all_labeled_excl_source_issue,B1,none,spearman,ir_change_100_2,tavg_early_mean,46,0.3608387295713845
all_labeled_excl_source_issue,B1,none,pearson,ir_change_100_2,tmax_early_mean,46,0.061892619633081666
all_labeled_excl_source_issue,B1,none,spearman,ir_change_100_2,tmax_early_mean,46,0.2226950354609929
all_labeled_excl_source_issue,B1,none,pearson,ir_early_slope,qd_early_mean,46,-0.054054590920989846
all_labeled_excl_source_issue,B1,none,spearman,ir_early_slope,qd_early_mean,46,0.057169287696577246
all_labeled_excl_source_issue,B1,none,pearson,ir_early_slope,qd_early_std,46,-0.9711195775569029
all_labeled_excl_source_issue,B1,none,spearman,ir_early_slope,qd_early_std,46,-0.7038544557508479
all_labeled_excl_source_issue,B1,none,pearson,ir_early_slope,qd2,46,0.2636246803784586
all_labeled_excl_source_issue,B1,none,spearman,ir_early_slope,qd2,46,0.20851063829787236
all_labeled_excl_source_issue,B1,none,pearson,ir_early_slope,qd100,46,0.35430003569594337
all_labeled_excl_source_issue,B1,none,spearman,ir_early_slope,qd100,46,0.16312056737588654
all_labeled_excl_source_issue,B1,none,pearson,ir_early_slope,qd_delta_100_2,46,0.24112753326091577
all_labeled_excl_source_issue,B1,none,spearman,ir_early_slope,qd_delta_100_2,46,-0.3119950662966389
all_labeled_excl_source_issue,B1,none,pearson,ir_early_slope,qd_early_slope,46,0.7464325564301705
all_labeled_excl_source_issue,B1,none,spearman,ir_early_slope,qd_early_slope,46,-0.22405180388529136
all_labeled_excl_source_issue,B1,none,pearson,ir_early_slope,tavg_early_mean,46,0.17255072643050562
all_labeled_excl_source_issue,B1,none,spearman,ir_early_slope,tavg_early_mean,46,0.47110699969164355
all_labeled_excl_source_issue,B1,none,pearson,ir_early_slope,tmax_early_mean,46,0.07326597855946276
all_labeled_excl_source_issue,B1,none,spearman,ir_early_slope,tmax_early_mean,46,0.33752698119025587
all_labeled_excl_source_issue,B1,none,pearson,tavg_early_mean,tmax_early_mean,46,0.955804383172012
all_labeled_excl_source_issue,B1,none,spearman,tavg_early_mean,tmax_early_mean,46,0.950786308973173
all_labeled_excl_source_issue,B1,none,pearson,chargetime_early_mean,qd_early_mean,46,-0.29576002258892575
all_labeled_excl_source_issue,B1,none,spearman,chargetime_early_mean,qd_early_mean,46,-0.31076164045636756
all_labeled_excl_source_issue,B1,none,pearson,chargetime_early_mean,qd_early_std,46,-0.08999561512491697
all_labeled_excl_source_issue,B1,none,spearman,chargetime_early_mean,qd_early_std,46,-0.013506012950971322
all_labeled_excl_source_issue,B1,none,pearson,chargetime_early_mean,qd2,46,-0.37100019154164804
all_labeled_excl_source_issue,B1,none,spearman,chargetime_early_mean,qd2,46,-0.33987049028677147
all_labeled_excl_source_issue,B1,none,pearson,chargetime_early_mean,qd100,46,-0.13939011157314363
all_labeled_excl_source_issue,B1,none,spearman,chargetime_early_mean,qd100,46,-0.1400555041628122
all_labeled_excl_source_issue,B1,none,pearson,chargetime_early_mean,qd_delta_100_2,46,0.5819208662628295
all_labeled_excl_source_issue,B1,none,spearman,chargetime_early_mean,qd_delta_100_2,46,0.6400863398088189
all_labeled_excl_source_issue,B1,none,pearson,chargetime_early_mean,qd_early_slope,46,0.2468654776105143
all_labeled_excl_source_issue,B1,none,spearman,chargetime_early_mean,qd_early_slope,46,0.5176071538698735
all_labeled_excl_source_issue,B1,none,pearson,chargetime_early_mean,ir_early_mean,46,0.26029926477782434
all_labeled_excl_source_issue,B1,none,spearman,chargetime_early_mean,ir_early_mean,46,0.2303422756706753
all_labeled_excl_source_issue,B1,none,pearson,chargetime_early_mean,ir_change_100_2,46,0.1358750212200853
all_labeled_excl_source_issue,B1,none,spearman,chargetime_early_mean,ir_change_100_2,46,-0.017206290471785384
all_labeled_excl_source_issue,B1,none,pearson,chargetime_early_mean,ir_early_slope,46,0.1274521163065006
all_labeled_excl_source_issue,B1,none,spearman,chargetime_early_mean,ir_early_slope,46,-0.03829787234042553
all_labeled_excl_source_issue,B1,none,pearson,chargetime_early_mean,tavg_early_mean,46,-0.19938895752927097
all_labeled_excl_source_issue,B1,none,spearman,chargetime_early_mean,tavg_early_mean,46,-0.10120259019426457
all_labeled_excl_source_issue,B1,none,pearson,chargetime_early_mean,tmax_early_mean,46,-0.13727194046959595
all_labeled_excl_source_issue,B1,none,spearman,chargetime_early_mean,tmax_early_mean,46,-0.08183780450200431
all_labeled_excl_source_issue,B2,none,pearson,qd_early_mean,qd_early_std,39,-0.19776797479816904
all_labeled_excl_source_issue,B2,none,spearman,qd_early_mean,qd_early_std,39,-0.1410931174089069
all_labeled_excl_source_issue,B2,none,pearson,qd_early_mean,qd_early_slope,39,0.38584098029647934
all_labeled_excl_source_issue,B2,none,spearman,qd_early_mean,qd_early_slope,39,0.3390688259109312
all_labeled_excl_source_issue,B2,none,pearson,qd_early_mean,tavg_early_mean,39,-0.3275900362325804
all_labeled_excl_source_issue,B2,none,spearman,qd_early_mean,tavg_early_mean,39,-0.2593117408906883
all_labeled_excl_source_issue,B2,none,pearson,qd_early_mean,tmax_early_mean,39,-0.22725703100384664
all_labeled_excl_source_issue,B2,none,spearman,qd_early_mean,tmax_early_mean,39,-0.2538461538461539
all_labeled_excl_source_issue,B2,none,pearson,qd_early_std,tavg_early_mean,39,0.11876302496052381
all_labeled_excl_source_issue,B2,none,spearman,qd_early_std,tavg_early_mean,39,0.03117408906882591
all_labeled_excl_source_issue,B2,none,pearson,qd_early_std,tmax_early_mean,39,0.14185729352115511
all_labeled_excl_source_issue,B2,none,spearman,qd_early_std,tmax_early_mean,39,0.18866396761133603
all_labeled_excl_source_issue,B2,none,pearson,qd2,qd_early_mean,39,0.9429917546089435
all_labeled_excl_source_issue,B2,none,spearman,qd2,qd_early_mean,39,0.9180161943319838
all_labeled_excl_source_issue,B2,none,pearson,qd2,qd_early_std,39,-0.09011128406812986
all_labeled_excl_source_issue,B2,none,spearman,qd2,qd_early_std,39,-0.07489878542510123
all_labeled_excl_source_issue,B2,none,pearson,qd2,qd_delta_100_2,39,0.0893646337881061
all_labeled_excl_source_issue,B2,none,spearman,qd2,qd_delta_100_2,39,0.1611336032388664
all_labeled_excl_source_issue,B2,none,pearson,qd2,qd_early_slope,39,0.0909650752821447
all_labeled_excl_source_issue,B2,none,spearman,qd2,qd_early_slope,39,0.08481781376518219
all_labeled_excl_source_issue,B2,none,pearson,qd2,tavg_early_mean,39,-0.29991951120916865
all_labeled_excl_source_issue,B2,none,spearman,qd2,tavg_early_mean,39,-0.1836032388663968
all_labeled_excl_source_issue,B2,none,pearson,qd2,tmax_early_mean,39,-0.23626318483323555
all_labeled_excl_source_issue,B2,none,spearman,qd2,tmax_early_mean,39,-0.23137651821862348
all_labeled_excl_source_issue,B2,none,pearson,qd100,qd_early_mean,39,0.9608774528788124
all_labeled_excl_source_issue,B2,none,spearman,qd100,qd_early_mean,39,0.9378542510121458
all_labeled_excl_source_issue,B2,none,pearson,qd100,qd_early_std,39,-0.20885497173105136
all_labeled_excl_source_issue,B2,none,spearman,qd100,qd_early_std,39,-0.1742914979757085
all_labeled_excl_source_issue,B2,none,pearson,qd100,qd2,39,0.844191513918739
all_labeled_excl_source_issue,B2,none,spearman,qd100,qd2,39,0.8080971659919028
all_labeled_excl_source_issue,B2,none,pearson,qd100,qd_delta_100_2,39,0.6093378351755423
all_labeled_excl_source_issue,B2,none,spearman,qd100,qd_delta_100_2,39,0.6319838056680163
all_labeled_excl_source_issue,B2,none,pearson,qd100,qd_early_slope,39,0.5573010499168232
all_labeled_excl_source_issue,B2,none,spearman,qd100,qd_early_slope,39,0.5052631578947369
all_labeled_excl_source_issue,B2,none,pearson,qd100,tavg_early_mean,39,-0.3389729621004302
all_labeled_excl_source_issue,B2,none,spearman,qd100,tavg_early_mean,39,-0.2736842105263158
all_labeled_excl_source_issue,B2,none,pearson,qd100,tmax_early_mean,39,-0.2374390527427895
all_labeled_excl_source_issue,B2,none,spearman,qd100,tmax_early_mean,39,-0.22550607287449395
all_labeled_excl_source_issue,B2,none,pearson,qd_delta_100_2,qd_early_mean,39,0.39050077498084884
all_labeled_excl_source_issue,B2,none,spearman,qd_delta_100_2,qd_early_mean,39,0.419838056680162
all_labeled_excl_source_issue,B2,none,pearson,qd_delta_100_2,qd_early_std,39,-0.25477334944020885
all_labeled_excl_source_issue,B2,none,spearman,qd_delta_100_2,qd_early_std,39,-0.13299595141700404
all_labeled_excl_source_issue,B2,none,pearson,qd_delta_100_2,qd_early_slope,39,0.9009450316975812
all_labeled_excl_source_issue,B2,none,spearman,qd_delta_100_2,qd_early_slope,39,0.8939271255060729
all_labeled_excl_source_issue,B2,none,pearson,qd_delta_100_2,tavg_early_mean,39,-0.1861932236286195
all_labeled_excl_source_issue,B2,none,spearman,qd_delta_100_2,tavg_early_mean,39,-0.251417004048583
all_labeled_excl_source_issue,B2,none,pearson,qd_delta_100_2,tmax_early_mean,39,-0.0916970528953588
all_labeled_excl_source_issue,B2,none,spearman,qd_delta_100_2,tmax_early_mean,39,-0.09777327935222672
all_labeled_excl_source_issue,B2,none,pearson,qd_early_slope,qd_early_std,39,-0.2511394247856577
all_labeled_excl_source_issue,B2,none,spearman,qd_early_slope,qd_early_std,39,-0.07975708502024292
all_labeled_excl_source_issue,B2,none,pearson,qd_early_slope,tavg_early_mean,39,-0.22003893096695876
all_labeled_excl_source_issue,B2,none,spearman,qd_early_slope,tavg_early_mean,39,-0.18137651821862347
all_labeled_excl_source_issue,B2,none,pearson,qd_early_slope,tmax_early_mean,39,-0.010151846093156745
all_labeled_excl_source_issue,B2,none,spearman,qd_early_slope,tmax_early_mean,39,0.03097165991902834
all_labeled_excl_source_issue,B2,none,pearson,ir_early_mean,qd_early_mean,33,0.5538264955202983
all_labeled_excl_source_issue,B2,none,spearman,ir_early_mean,qd_early_mean,33,0.6122994652406418
all_labeled_excl_source_issue,B2,none,pearson,ir_early_mean,qd_early_std,33,-0.05130256067422109
all_labeled_excl_source_issue,B2,none,spearman,ir_early_mean,qd_early_std,33,0.05213903743315509
all_labeled_excl_source_issue,B2,none,pearson,ir_early_mean,qd2,33,0.4861196792505332
all_labeled_excl_source_issue,B2,none,spearman,ir_early_mean,qd2,33,0.5287433155080213
all_labeled_excl_source_issue,B2,none,pearson,ir_early_mean,qd100,33,0.5670241492365292
all_labeled_excl_source_issue,B2,none,spearman,ir_early_mean,qd100,33,0.5925802139037434
all_labeled_excl_source_issue,B2,none,pearson,ir_early_mean,qd_delta_100_2,33,0.3385514706355492
all_labeled_excl_source_issue,B2,none,spearman,ir_early_mean,qd_delta_100_2,33,0.33322192513368987
all_labeled_excl_source_issue,B2,none,pearson,ir_early_mean,qd_early_slope,33,0.3869605450504557
all_labeled_excl_source_issue,B2,none,spearman,ir_early_mean,qd_early_slope,33,0.25969251336898397
all_labeled_excl_source_issue,B2,none,pearson,ir_early_mean,ir_early_slope,33,0.07319528291471111
all_labeled_excl_source_issue,B2,none,spearman,ir_early_mean,ir_early_slope,33,0.23495989304812837
all_labeled_excl_source_issue,B2,none,pearson,ir_early_mean,tavg_early_mean,33,-0.12746358324675283
all_labeled_excl_source_issue,B2,none,spearman,ir_early_mean,tavg_early_mean,33,-0.045454545454545456
all_labeled_excl_source_issue,B2,none,pearson,ir_early_mean,tmax_early_mean,33,0.08735605769870497
all_labeled_excl_source_issue,B2,none,spearman,ir_early_mean,tmax_early_mean,33,0.04913101604278075
all_labeled_excl_source_issue,B2,none,pearson,ir_change_100_2,qd_early_mean,33,0.11389437628964821
all_labeled_excl_source_issue,B2,none,spearman,ir_change_100_2,qd_early_mean,33,0.25835561497326204
all_labeled_excl_source_issue,B2,none,pearson,ir_change_100_2,qd_early_std,33,0.2281765628217046
all_labeled_excl_source_issue,B2,none,spearman,ir_change_100_2,qd_early_std,33,0.18750000000000003
all_labeled_excl_source_issue,B2,none,pearson,ir_change_100_2,qd2,33,-0.04731961373792683
all_labeled_excl_source_issue,B2,none,spearman,ir_change_100_2,qd2,33,0.06350267379679145
all_labeled_excl_source_issue,B2,none,pearson,ir_change_100_2,qd100,33,0.18195019957696798
all_labeled_excl_source_issue,B2,none,spearman,ir_change_100_2,qd100,33,0.2807486631016043
all_labeled_excl_source_issue,B2,none,pearson,ir_change_100_2,qd_delta_100_2,33,0.40282342461213283
all_labeled_excl_source_issue,B2,none,spearman,ir_change_100_2,qd_delta_100_2,33,0.4338235294117647
all_labeled_excl_source_issue,B2,none,pearson,ir_change_100_2,qd_early_slope,33,0.3255550004735125
all_labeled_excl_source_issue,B2,none,spearman,ir_change_100_2,qd_early_slope,33,0.3268716577540107
all_labeled_excl_source_issue,B2,none,pearson,ir_change_100_2,ir_early_mean,33,-0.025254556701395613
all_labeled_excl_source_issue,B2,none,spearman,ir_change_100_2,ir_early_mean,33,0.18716577540106952
all_labeled_excl_source_issue,B2,none,pearson,ir_change_100_2,ir_early_slope,33,0.9675162520265014
all_labeled_excl_source_issue,B2,none,spearman,ir_change_100_2,ir_early_slope,33,0.9455213903743317
all_labeled_excl_source_issue,B2,none,pearson,ir_change_100_2,tavg_early_mean,33,0.13465260097319134
all_labeled_excl_source_issue,B2,none,spearman,ir_change_100_2,tavg_early_mean,33,0.09859625668449198
all_labeled_excl_source_issue,B2,none,pearson,ir_change_100_2,tmax_early_mean,33,0.10551353497147342
all_labeled_excl_source_issue,B2,none,spearman,ir_change_100_2,tmax_early_mean,33,0.10628342245989306
all_labeled_excl_source_issue,B2,none,pearson,ir_early_slope,qd_early_mean,33,0.16503010837942575
all_labeled_excl_source_issue,B2,none,spearman,ir_early_slope,qd_early_mean,33,0.2740641711229947
all_labeled_excl_source_issue,B2,none,pearson,ir_early_slope,qd_early_std,33,0.2443131079973461
all_labeled_excl_source_issue,B2,none,spearman,ir_early_slope,qd_early_std,33,0.22359625668449198
all_labeled_excl_source_issue,B2,none,pearson,ir_early_slope,qd2,33,-0.02488550176328986
all_labeled_excl_source_issue,B2,none,spearman,ir_early_slope,qd2,33,0.06283422459893048
all_labeled_excl_source_issue,B2,none,pearson,ir_early_slope,qd100,33,0.24570852958691325
all_labeled_excl_source_issue,B2,none,spearman,ir_early_slope,qd100,33,0.3074866310160428
all_labeled_excl_source_issue,B2,none,pearson,ir_early_slope,qd_delta_100_2,33,0.48752380155616815
all_labeled_excl_source_issue,B2,none,spearman,ir_early_slope,qd_delta_100_2,33,0.5
all_labeled_excl_source_issue,B2,none,pearson,ir_early_slope,qd_early_slope,33,0.44863824770468197
all_labeled_excl_source_issue,B2,none,spearman,ir_early_slope,qd_early_slope,33,0.41443850267379684
all_labeled_excl_source_issue,B2,none,pearson,ir_early_slope,tavg_early_mean,33,0.05070616429594623
all_labeled_excl_source_issue,B2,none,spearman,ir_early_slope,tavg_early_mean,33,0.03843582887700535
all_labeled_excl_source_issue,B2,none,pearson,ir_early_slope,tmax_early_mean,33,0.12905201677873274
all_labeled_excl_source_issue,B2,none,spearman,ir_early_slope,tmax_early_mean,33,0.14171122994652408
all_labeled_excl_source_issue,B2,none,pearson,tavg_early_mean,tmax_early_mean,39,0.824538368741913
all_labeled_excl_source_issue,B2,none,spearman,tavg_early_mean,tmax_early_mean,39,0.7921052631578949
all_labeled_excl_source_issue,B2,none,pearson,chargetime_early_mean,qd_early_mean,39,-0.08980501323779952
all_labeled_excl_source_issue,B2,none,spearman,chargetime_early_mean,qd_early_mean,39,-0.06356275303643726
all_labeled_excl_source_issue,B2,none,pearson,chargetime_early_mean,qd_early_std,39,-0.316845699437474
all_labeled_excl_source_issue,B2,none,spearman,chargetime_early_mean,qd_early_std,39,-0.2866396761133604
all_labeled_excl_source_issue,B2,none,pearson,chargetime_early_mean,qd2,39,-0.03309825323232697
all_labeled_excl_source_issue,B2,none,spearman,chargetime_early_mean,qd2,39,0.024898785425101214
all_labeled_excl_source_issue,B2,none,pearson,chargetime_early_mean,qd100,39,-0.08517235644021887
all_labeled_excl_source_issue,B2,none,spearman,chargetime_early_mean,qd100,39,-0.06781376518218624
all_labeled_excl_source_issue,B2,none,pearson,chargetime_early_mean,qd_delta_100_2,39,-0.1092967616108367
all_labeled_excl_source_issue,B2,none,spearman,chargetime_early_mean,qd_delta_100_2,39,-0.2591093117408907
all_labeled_excl_source_issue,B2,none,pearson,chargetime_early_mean,qd_early_slope,39,-0.2211834429772181
all_labeled_excl_source_issue,B2,none,spearman,chargetime_early_mean,qd_early_slope,39,-0.1856275303643725
all_labeled_excl_source_issue,B2,none,pearson,chargetime_early_mean,ir_early_mean,33,-0.1365770252197258
all_labeled_excl_source_issue,B2,none,spearman,chargetime_early_mean,ir_early_mean,33,-0.0006684491978609625
all_labeled_excl_source_issue,B2,none,pearson,chargetime_early_mean,ir_change_100_2,33,-0.19915529494515938
all_labeled_excl_source_issue,B2,none,spearman,chargetime_early_mean,ir_change_100_2,33,-0.45822192513368987
all_labeled_excl_source_issue,B2,none,pearson,chargetime_early_mean,ir_early_slope,33,-0.2624343268843387
all_labeled_excl_source_issue,B2,none,spearman,chargetime_early_mean,ir_early_slope,33,-0.4505347593582888
all_labeled_excl_source_issue,B2,none,pearson,chargetime_early_mean,tavg_early_mean,39,-0.08715698669223132
all_labeled_excl_source_issue,B2,none,spearman,chargetime_early_mean,tavg_early_mean,39,-0.06497975708502025
all_labeled_excl_source_issue,B2,none,pearson,chargetime_early_mean,tmax_early_mean,39,-0.20401304198961057
all_labeled_excl_source_issue,B2,none,spearman,chargetime_early_mean,tmax_early_mean,39,-0.05506072874493927
all_labeled_excl_source_issue,B3,none,pearson,qd_early_mean,qd_early_std,43,-0.49593074094214956
all_labeled_excl_source_issue,B3,none,spearman,qd_early_mean,qd_early_std,43,-0.46949562065841133
all_labeled_excl_source_issue,B3,none,pearson,qd_early_mean,qd_early_slope,43,0.479719077726984
all_labeled_excl_source_issue,B3,none,spearman,qd_early_mean,qd_early_slope,43,0.3954998489882211
all_labeled_excl_source_issue,B3,none,pearson,qd_early_mean,tavg_early_mean,43,-0.4066131576244516
all_labeled_excl_source_issue,B3,none,spearman,qd_early_mean,tavg_early_mean,43,-0.4318936877076412
all_labeled_excl_source_issue,B3,none,pearson,qd_early_mean,tmax_early_mean,43,-0.4088816178498139
all_labeled_excl_source_issue,B3,none,spearman,qd_early_mean,tmax_early_mean,43,-0.4367260646330413
all_labeled_excl_source_issue,B3,none,pearson,qd_early_std,tavg_early_mean,43,0.20183117077458138
all_labeled_excl_source_issue,B3,none,spearman,qd_early_std,tavg_early_mean,43,0.4546964663243733
all_labeled_excl_source_issue,B3,none,pearson,qd_early_std,tmax_early_mean,43,0.21707002152309834
all_labeled_excl_source_issue,B3,none,spearman,qd_early_std,tmax_early_mean,43,0.41377227423739055
all_labeled_excl_source_issue,B3,none,pearson,qd2,qd_early_mean,43,0.9332711747259942
all_labeled_excl_source_issue,B3,none,spearman,qd2,qd_early_mean,43,0.9421624886741166
all_labeled_excl_source_issue,B3,none,pearson,qd2,qd_early_std,43,-0.1729735690272914
all_labeled_excl_source_issue,B3,none,spearman,qd2,qd_early_std,43,-0.35925702204771975
all_labeled_excl_source_issue,B3,none,pearson,qd2,qd_delta_100_2,43,0.11942188502043685
all_labeled_excl_source_issue,B3,none,spearman,qd2,qd_delta_100_2,43,0.08003624282694051
all_labeled_excl_source_issue,B3,none,pearson,qd2,qd_early_slope,43,0.14225308771827702
all_labeled_excl_source_issue,B3,none,spearman,qd2,qd_early_slope,43,0.19903352461491997
all_labeled_excl_source_issue,B3,none,pearson,qd2,tavg_early_mean,43,-0.33570633826828883
all_labeled_excl_source_issue,B3,none,spearman,qd2,tavg_early_mean,43,-0.3542736333434008
all_labeled_excl_source_issue,B3,none,pearson,qd2,tmax_early_mean,43,-0.33824713960037867
all_labeled_excl_source_issue,B3,none,spearman,qd2,tmax_early_mean,43,-0.3568408335850196
all_labeled_excl_source_issue,B3,none,pearson,qd100,qd_early_mean,43,0.9753735837179283
all_labeled_excl_source_issue,B3,none,spearman,qd100,qd_early_mean,43,0.994412564180006
all_labeled_excl_source_issue,B3,none,pearson,qd100,qd_early_std,43,-0.6696208280533369
all_labeled_excl_source_issue,B3,none,spearman,qd100,qd_early_std,43,-0.49697976442162484
all_labeled_excl_source_issue,B3,none,pearson,qd100,qd2,43,0.8355534225730437
all_labeled_excl_source_issue,B3,none,spearman,qd100,qd2,43,0.9157354273633344
all_labeled_excl_source_issue,B3,none,pearson,qd100,qd_delta_100_2,43,0.645260780686738
all_labeled_excl_source_issue,B3,none,spearman,qd100,qd_delta_100_2,43,0.37012987012987014
all_labeled_excl_source_issue,B3,none,pearson,qd100,qd_early_slope,43,0.6592716390230269
all_labeled_excl_source_issue,B3,none,spearman,qd100,qd_early_slope,43,0.44518272425249167
all_labeled_excl_source_issue,B3,none,pearson,qd100,tavg_early_mean,43,-0.40030502718179134
all_labeled_excl_source_issue,B3,none,spearman,qd100,tavg_early_mean,43,-0.445635759589248
all_labeled_excl_source_issue,B3,none,pearson,qd100,tmax_early_mean,43,-0.4073392384076985
all_labeled_excl_source_issue,B3,none,spearman,qd100,tmax_early_mean,43,-0.45077016007248566
all_labeled_excl_source_issue,B3,none,pearson,qd_delta_100_2,qd_early_mean,43,0.46487999118607426
all_labeled_excl_source_issue,B3,none,spearman,qd_delta_100_2,qd_early_mean,43,0.31319842947749926
all_labeled_excl_source_issue,B3,none,pearson,qd_delta_100_2,qd_early_std,43,-0.9695568351550097
all_labeled_excl_source_issue,B3,none,spearman,qd_delta_100_2,qd_early_std,43,-0.30670492298399277
all_labeled_excl_source_issue,B3,none,pearson,qd_delta_100_2,qd_early_slope,43,0.9935720243194339
all_labeled_excl_source_issue,B3,none,spearman,qd_delta_100_2,qd_early_slope,43,0.8710359408033826
all_labeled_excl_source_issue,B3,none,pearson,qd_delta_100_2,tavg_early_mean,43,-0.2565906566183428
all_labeled_excl_source_issue,B3,none,spearman,qd_delta_100_2,tavg_early_mean,43,-0.42328601630927215
all_labeled_excl_source_issue,B3,none,pearson,qd_delta_100_2,tmax_early_mean,43,-0.2657692340340096
all_labeled_excl_source_issue,B3,none,spearman,qd_delta_100_2,tmax_early_mean,43,-0.42283298097251576
all_labeled_excl_source_issue,B3,none,pearson,qd_early_slope,qd_early_std,43,-0.9794232779468351
all_labeled_excl_source_issue,B3,none,spearman,qd_early_slope,qd_early_std,43,-0.46360616128057985
all_labeled_excl_source_issue,B3,none,pearson,qd_early_slope,tavg_early_mean,43,-0.2556425051687777
all_labeled_excl_source_issue,B3,none,spearman,qd_early_slope,tavg_early_mean,43,-0.5440954394442766
all_labeled_excl_source_issue,B3,none,pearson,qd_early_slope,tmax_early_mean,43,-0.2711041873816369
all_labeled_excl_source_issue,B3,none,spearman,qd_early_slope,tmax_early_mean,43,-0.5564784053156145
all_labeled_excl_source_issue,B3,none,pearson,ir_early_mean,qd_early_mean,43,0.24740632144255087
all_labeled_excl_source_issue,B3,none,spearman,ir_early_mean,qd_early_mean,43,0.39308366052552096
all_labeled_excl_source_issue,B3,none,pearson,ir_early_mean,qd_early_std,43,-0.6516050555574793
all_labeled_excl_source_issue,B3,none,spearman,ir_early_mean,qd_early_std,43,-0.49048625792811834
all_labeled_excl_source_issue,B3,none,pearson,ir_early_mean,qd2,43,0.00884245723479099
all_labeled_excl_source_issue,B3,none,spearman,ir_early_mean,qd2,43,0.2993053458169737
all_labeled_excl_source_issue,B3,none,pearson,ir_early_mean,qd100,43,0.38761398521033597
all_labeled_excl_source_issue,B3,none,spearman,ir_early_mean,qd100,43,0.4219269102990033
all_labeled_excl_source_issue,B3,none,pearson,ir_early_mean,qd_delta_100_2,43,0.6881660409297318
all_labeled_excl_source_issue,B3,none,spearman,ir_early_mean,qd_delta_100_2,43,0.446843853820598
all_labeled_excl_source_issue,B3,none,pearson,ir_early_mean,qd_early_slope,43,0.6933012390770639
all_labeled_excl_source_issue,B3,none,spearman,ir_early_mean,qd_early_slope,43,0.5584415584415584
all_labeled_excl_source_issue,B3,none,pearson,ir_early_mean,ir_early_slope,43,-0.50844578465742
all_labeled_excl_source_issue,B3,none,spearman,ir_early_mean,ir_early_slope,43,-0.1638477801268499
all_labeled_excl_source_issue,B3,none,pearson,ir_early_mean,tavg_early_mean,43,-0.2459365744491028
all_labeled_excl_source_issue,B3,none,spearman,ir_early_mean,tavg_early_mean,43,-0.2697070371488976
all_labeled_excl_source_issue,B3,none,pearson,ir_early_mean,tmax_early_mean,43,-0.20286140595370888
all_labeled_excl_source_issue,B3,none,spearman,ir_early_mean,tmax_early_mean,43,-0.2909996979764422
all_labeled_excl_source_issue,B3,none,pearson,ir_change_100_2,qd_early_mean,43,-0.24396320887307196
all_labeled_excl_source_issue,B3,none,spearman,ir_change_100_2,qd_early_mean,43,0.24388402295379039
all_labeled_excl_source_issue,B3,none,pearson,ir_change_100_2,qd_early_std,43,0.7539643030303838
all_labeled_excl_source_issue,B3,none,spearman,ir_change_100_2,qd_early_std,43,0.05738447598912715
all_labeled_excl_source_issue,B3,none,pearson,ir_change_100_2,qd2,43,0.017939675419144735
all_labeled_excl_source_issue,B3,none,spearman,ir_change_100_2,qd2,43,0.39263062518876474
all_labeled_excl_source_issue,B3,none,pearson,ir_change_100_2,qd100,43,-0.3996064659343762
all_labeled_excl_source_issue,B3,none,spearman,ir_change_100_2,qd100,43,0.1920869827846572
all_labeled_excl_source_issue,B3,none,pearson,ir_change_100_2,qd_delta_100_2,43,-0.7470787769618032
all_labeled_excl_source_issue,B3,none,spearman,ir_change_100_2,qd_delta_100_2,43,-0.3260344306855935
all_labeled_excl_source_issue,B3,none,pearson,ir_change_100_2,qd_early_slope,43,-0.7594756878607589
all_labeled_excl_source_issue,B3,none,spearman,ir_change_100_2,qd_early_slope,43,-0.31319842947749926
all_labeled_excl_source_issue,B3,none,pearson,ir_change_100_2,ir_early_mean,43,-0.5260568810512116
all_labeled_excl_source_issue,B3,none,spearman,ir_change_100_2,ir_early_mean,43,-0.12518876472364845
all_labeled_excl_source_issue,B3,none,pearson,ir_change_100_2,ir_early_slope,43,0.9006581102285616
all_labeled_excl_source_issue,B3,none,spearman,ir_change_100_2,ir_early_slope,43,0.8797946239806704
all_labeled_excl_source_issue,B3,none,pearson,ir_change_100_2,tavg_early_mean,43,0.16062192805637246
all_labeled_excl_source_issue,B3,none,spearman,ir_change_100_2,tavg_early_mean,43,0.1877076411960133
all_labeled_excl_source_issue,B3,none,pearson,ir_change_100_2,tmax_early_mean,43,0.158042155475837
all_labeled_excl_source_issue,B3,none,spearman,ir_change_100_2,tmax_early_mean,43,0.16958622772576262
all_labeled_excl_source_issue,B3,none,pearson,ir_early_slope,qd_early_mean,43,-0.31523070029701333
all_labeled_excl_source_issue,B3,none,spearman,ir_early_slope,qd_early_mean,43,0.033373603141045004
all_labeled_excl_source_issue,B3,none,pearson,ir_early_slope,qd_early_std,43,0.6271300369478211
all_labeled_excl_source_issue,B3,none,spearman,ir_early_slope,qd_early_std,43,0.08698278465720326
all_labeled_excl_source_issue,B3,none,pearson,ir_early_slope,qd2,43,-0.10975940069347381
all_labeled_excl_source_issue,B3,none,spearman,ir_early_slope,qd2,43,0.1481425551192993
all_labeled_excl_source_issue,B3,none,pearson,ir_early_slope,qd100,43,-0.43433471339541724
all_labeled_excl_source_issue,B3,none,spearman,ir_early_slope,qd100,43,-0.013742071881606765
all_labeled_excl_source_issue,B3,none,pearson,ir_early_slope,qd_delta_100_2,43,-0.6322689566565474
all_labeled_excl_source_issue,B3,none,spearman,ir_early_slope,qd_delta_100_2,43,-0.21851404409543942
all_labeled_excl_source_issue,B3,none,pearson,ir_early_slope,qd_early_slope,43,-0.6521598988309993
all_labeled_excl_source_issue,B3,none,spearman,ir_early_slope,qd_early_slope,43,-0.27257626094835397
all_labeled_excl_source_issue,B3,none,pearson,ir_early_slope,tavg_early_mean,43,0.20426419641335575
all_labeled_excl_source_issue,B3,none,spearman,ir_early_slope,tavg_early_mean,43,0.2281787979462398
all_labeled_excl_source_issue,B3,none,pearson,ir_early_slope,tmax_early_mean,43,0.18340545674089992
all_labeled_excl_source_issue,B3,none,spearman,ir_early_slope,tmax_early_mean,43,0.21307762005436423
all_labeled_excl_source_issue,B3,none,pearson,tavg_early_mean,tmax_early_mean,43,0.9716089130442378
all_labeled_excl_source_issue,B3,none,spearman,tavg_early_mean,tmax_early_mean,43,0.9771972213832678
all_labeled_excl_source_issue,B3,none,pearson,chargetime_early_mean,qd_early_mean,43,0.07959997039377194
all_labeled_excl_source_issue,B3,none,spearman,chargetime_early_mean,qd_early_mean,43,-0.1478405315614618
all_labeled_excl_source_issue,B3,none,pearson,chargetime_early_mean,qd_early_std,43,-0.09986903151208988
all_labeled_excl_source_issue,B3,none,spearman,chargetime_early_mean,qd_early_std,43,-0.09559045605557233
all_labeled_excl_source_issue,B3,none,pearson,chargetime_early_mean,qd2,43,0.06621245979144064
all_labeled_excl_source_issue,B3,none,spearman,chargetime_early_mean,qd2,43,-0.05527031108426458
all_labeled_excl_source_issue,B3,none,pearson,chargetime_early_mean,qd100,43,0.08066306697161113
all_labeled_excl_source_issue,B3,none,spearman,chargetime_early_mean,qd100,43,-0.16173361522198731
all_labeled_excl_source_issue,B3,none,pearson,chargetime_early_mean,qd_delta_100_2,43,0.053697645885077624
all_labeled_excl_source_issue,B3,none,spearman,chargetime_early_mean,qd_delta_100_2,43,-0.2881304741769858
all_labeled_excl_source_issue,B3,none,pearson,chargetime_early_mean,qd_early_slope,43,0.10298140252625963
all_labeled_excl_source_issue,B3,none,spearman,chargetime_early_mean,qd_early_slope,43,-0.14799154334038053
all_labeled_excl_source_issue,B3,none,pearson,chargetime_early_mean,ir_early_mean,43,0.09165615453743814
all_labeled_excl_source_issue,B3,none,spearman,chargetime_early_mean,ir_early_mean,43,-0.05874358199939595
all_labeled_excl_source_issue,B3,none,pearson,chargetime_early_mean,ir_change_100_2,43,-0.21186302978672905
all_labeled_excl_source_issue,B3,none,spearman,chargetime_early_mean,ir_change_100_2,43,0.05768649954696466
all_labeled_excl_source_issue,B3,none,pearson,chargetime_early_mean,ir_early_slope,43,-0.23914426831645705
all_labeled_excl_source_issue,B3,none,spearman,chargetime_early_mean,ir_early_slope,43,0.001812141347025068
all_labeled_excl_source_issue,B3,none,pearson,chargetime_early_mean,tavg_early_mean,43,-0.26436398517886617
all_labeled_excl_source_issue,B3,none,spearman,chargetime_early_mean,tavg_early_mean,43,-0.11280579885231048
all_labeled_excl_source_issue,B3,none,pearson,chargetime_early_mean,tmax_early_mean,43,-0.2525846036390213
all_labeled_excl_source_issue,B3,none,spearman,chargetime_early_mean,tmax_early_mean,43,-0.08441558441558442
