batch,filename,batch_date,cell_index,cell_key,cycle_life,life_label_missing,policy,source_collection_issue_index_candidate,n_summary_rows,n_cycles_records,cycles_fields_count_consistent,summary_cycles_count_match,summary_cycle_first,summary_cycle_last,summary_cycle_step_not_one_n,first_all_zero_placeholder,n_observed_nonplaceholder,observed_reaches_100,label_ends_before_100,early100_eligible,early_window_rows_observed,label_minus_last_cycle,qd_endpoint_raw,qd_last_positive,endpoint_status,endpoint_jump_gt_0_10,qc_eol_compatible,qc_qd_high_n,qc_qd_high_early_n,qc_qd_nonpositive_n,qc_qd_nonfinite_n,qd_cycle100_high_qc,qc_qd_valid_total,qd_below_eol_n,qd_first_below_eol_cycle,eol_threshold_crossing_observed,label_matches_first_observed_crossing,life_label_beyond_observation,qd_full_mean_raw_positive,qd_full_slope_raw_positive,qd_full_slope_qc,qd_late50_slope_qc,n_qd_full_slope_qc,n_qd_late50_slope_qc,ir_zero_fraction_full,ir_missing_fraction_full,charge_time_gt60_full_n,charge_time_gt60_early_n,policy_canonical,newstructure_suffix,policy_type,c1,switch_soc_pct,c2,c2_active,stage2_soc_span_pct,c_max,c_eff_0_80,ideal_cc_time_0_80_min,variable_tag_c,qc_eol_compatible_no_qd_high,qd_early_mean,qd_early_std,qd_early_median,qd2,qd100,qd_delta_100_2,qd_early_slope,ir_early_mean,ir_change_100_2,ir_early_slope,ir_zero_fraction_early,tavg_early_mean,ir_missing_fraction_early,tmax_early_mean,chargetime_early_mean,chargetime_early_median,chargetime_early_mean_qc,qd_early_mean_qc,qd_early_std_qc,qd_early_slope_qc,qd2_qc,qd100_qc,qd_delta_100_2_qc,n_qd_early_valid,n_ir_early_valid,n_qd_early_qc_valid,n_tavg_early_mean_valid,n_tmax_early_mean_valid,n_chargetime_early_mean_valid,n_chargetime_early_qc_valid
B1,2017-05-12_batchdata_updated_struct_errorcorrect.mat,2017-05-12,0,B1c0,1190.0,False,3.6C(80%)-3.6C,False,1189,1189,True,True,1.0,1189.0,0,True,1188,True,False,True,99,1.0,1.0262098,1.0262098,above_eol,False,False,0,0,0,0,False,1188,0,,False,False,True,1.0541604058922558,-4.456773395083529e-05,-4.456773395083529e-05,-8.455740696278487e-05,1188,50,0.0008417508417508417,0.0008417508417508417,0,0,3.6C(80%)-3.6C,False,constant_two_step,3.6,80.0,3.6,,0.0,3.6,3.6,13.333333333333334,,False,1.0805965747474746,0.04656237053645519,1.0763736,1.0706892,1.0759126,0.005223400000000211,-0.0002068070129870133,0.01664332204040404,-7.520000000000096e-05,-6.107912059369183e-07,0.0,31.603747328822767,0.0,35.376748303030304,13.384230505050484,13.358211666666708,13.384230505050484,1.0805965747474746,0.04656237053645519,-0.0002068070129870133,1.0706892,1.0759126,0.005223400000000211,99,99,99,99,99,99,99
B1,2017-05-12_batchdata_updated_struct_errorcorrect.mat,2017-05-12,1,B1c1,1179.0,False,3.6C(80%)-3.6C,False,1178,1178,True,True,1.0,1178.0,0,True,1177,True,False,True,99,1.0,1.0382246,1.0382246,above_eol,False,False,0,0,0,0,False,1177,0,,False,False,True,1.0637683951571792,-3.811046505771062e-05,-3.811046505771062e-05,-5.599507803121255e-05,1177,50,0.0016992353440951572,0.0016992353440951572,0,0,3.6C(80%)-3.6C,False,constant_two_step,3.6,80.0,3.6,,0.0,3.6,3.6,13.333333333333334,,False,1.0812468797979797,0.0011909795450513007,1.0816207,1.0753012,1.0806297,0.005328500000000069,5.5352925170070685e-06,0.016921770387755098,-4.199100000000164e-05,8.622394481932381e-07,0.010101010101010102,31.33031430692745,0.010101010101010102,34.16065478787879,13.374696464646446,13.341623333333215,13.374696464646446,1.0812468797979797,0.0011909795450513007,5.5352925170070685e-06,1.0753012,1.0806297,0.005328500000000069,99,98,99,99,99,99,99
B1,2017-05-12_batchdata_updated_struct_errorcorrect.mat,2017-05-12,2,B1c2,1177.0,False,3.6C(80%)-3.6C,False,1176,1176,True,True,1.0,1176.0,0,True,1175,True,False,True,99,1.0,1.0432786,1.0432786,above_eol,False,False,0,0,0,0,False,1175,0,,False,False,True,1.0684657634042551,-3.7712160196943324e-05,-3.7712160196943324e-05,-5.0667625450179496e-05,1175,50,0.001702127659574468,0.001702127659574468,0,0,3.6C(80%)-3.6C,False,constant_two_step,3.6,80.0,3.6,,0.0,3.6,3.6,13.333333333333334,,False,1.0853711969696969,0.0010255172720119404,1.0856748,1.0799223,1.0849404,0.005018100000000025,1.0295625231910926e-05,0.016768978602040817,-1.3807000000001096e-05,1.1628344764979953e-06,0.010101010101010102,31.47958411321121,0.010101010101010102,34.54464383838384,13.378886329966337,13.341569999999773,13.378886329966337,1.0853711969696969,0.0010255172720119404,1.0295625231910926e-05,1.0799223,1.0849404,0.005018100000000025,99,98,99,99,99,99,99
B1,2017-05-12_batchdata_updated_struct_errorcorrect.mat,2017-05-12,3,B1c3,1226.0,False,4C(80%)-4C,False,1225,1225,True,True,1.0,1225.0,0,True,1224,True,False,True,99,1.0,0.97092122,0.97092122,above_eol,False,False,0,0,0,0,False,1224,0,,False,False,True,1.057128756748366,-7.001556719512007e-05,-7.001556719512007e-05,-0.0004326057555822325,1224,50,0.0008169934640522876,0.0008169934640522876,1,0,4C(80%)-4C,False,constant_two_step,4.0,80.0,4.0,,0.0,4.0,4.0,12.0,,False,1.0849489696969699,0.0010963475152406647,1.0853621,1.0797229,1.0847498,0.005026900000000056,1.713634755720454e-05,0.016310912734693876,3.858100000000281e-05,8.373194277782516e-07,0.010101010101010102,29.942198807956427,0.010101010101010102,30.662263141414144,12.053277171717166,12.092243333333318,12.053277171717166,1.0849489696969699,0.0010963475152406647,1.713634755720454e-05,1.0797229,1.0847498,0.005026900000000056,99,98,99,99,99,99,99
B1,2017-05-12_batchdata_updated_struct_errorcorrect.mat,2017-05-12,4,B1c4,1227.0,False,4C(80%)-4C,False,1226,1226,True,True,1.0,1226.0,0,True,1225,True,False,True,99,1.0,1.0219597,1.0219597,above_eol,False,False,0,0,0,0,False,1225,0,,False,False,True,1.0610436368979592,-4.7937479697262264e-05,-4.7937479697262264e-05,-0.00012090546458583387,1225,50,0.0016326530612244899,0.0016326530612244899,0,0,4C(80%)-4C,False,constant_two_step,4.0,80.0,4.0,,0.0,4.0,4.0,12.0,,False,1.082843531313131,0.001095028753107385,1.0832496,1.0784167,1.0826457,0.004229000000000038,1.899431787260345e-05,0.016668886163265305,-5.331399999999875e-05,2.7681461897320245e-07,0.010101010101010102,31.44888383416564,0.010101010101010102,34.38251588888889,12.053313636363642,12.092204999999861,12.053313636363642,1.082843531313131,0.001095028753107385,1.899431787260345e-05,1.0784167,1.0826457,0.004229000000000038,99,98,99,99,99,99,99
B1,2017-05-12_batchdata_updated_struct_errorcorrect.mat,2017-05-12,5,B1c5,1074.0,False,4.4C(80%)-4.4C,False,1073,1073,True,True,1.0,1073.0,0,True,1072,True,False,True,99,1.0,0.88053626,0.88053626,near_eol_above,False,True,0,0,0,0,False,1072,0,,False,False,True,1.0420868167817166,-0.00012337736774772087,-0.00012337736774772087,-0.0010384440715486196,1072,50,0.0009328358208955224,0.0009328358208955224,1,1,4.4C(80%)-4.4C,False,constant_two_step,4.4,80.0,4.4,,0.0,4.4,4.4,10.90909090909091,,True,1.0803274434343435,0.0010474769149627693,1.0805809,1.0761266,1.0797794,0.0036528000000000116,1.1228400742115004e-05,0.016270388575757577,-0.0001118670000000016,-1.8453287569573706e-07,0.0,30.92149771366389,0.0,33.02000678787879,15.07576803030309,10.91741500000062,10.955934948979651,1.0803274434343435,0.0010474769149627693,1.1228400742115004e-05,1.0761266,1.0797794,0.0036528000000000116,99,99,99,99,99,99,98
B1,2017-05-12_batchdata_updated_struct_errorcorrect.mat,2017-05-12,6,B1c6,636.0,False,4.8C(80%)-4.8C,False,635,635,True,True,1.0,635.0,0,True,634,True,False,True,99,1.0,0.8800565,0.8800565,near_eol_above,False,True,0,0,0,0,False,634,0,,False,False,True,1.0430769282492114,-0.00021097573606090143,-0.00021097573606090143,-0.0016223501104441775,634,50,0.0015772870662460567,0.0015772870662460567,0,0,4.8C(80%)-4.8C,False,constant_two_step,4.8,80.0,4.8,,0.0,4.8,4.8,10.000000000000002,,True,1.0809117848484848,0.0011514053246823603,1.0812788,1.0758358,1.0792426,0.003406800000000043,-4.8086468769325835e-06,0.01667571006122449,-0.0003333460000000017,-1.0857584646642885e-06,0.010101010101010102,32.27384521945563,0.010101010101010102,35.79263145454546,10.04485760942758,10.008315000000099,10.04485760942758,1.0809117848484848,0.0011514053246823603,-4.8086468769325835e-06,1.0758358,1.0792426,0.003406800000000043,99,98,99,99,99,99,99
B1,2017-05-12_batchdata_updated_struct_errorcorrect.mat,2017-05-12,7,B1c7,870.0,False,4.8C(80%)-4.8C,False,869,869,True,True,1.0,869.0,0,True,868,True,False,True,99,1.0,0.88110596,0.88110596,near_eol_above,False,True,0,0,0,0,False,868,0,,False,False,True,1.0530380641129031,-0.00018413423818641034,-0.00018413423818641034,-0.0009752633983193278,868,50,0.001152073732718894,0.001152073732718894,0,0,4.8C(80%)-4.8C,False,constant_two_step,4.8,80.0,4.8,,0.0,4.8,4.8,10.000000000000002,,True,1.0969264323232324,0.0008160083405221343,1.09716,1.0938644,1.0957625,0.0018981000000000137,-6.428188002473638e-06,0.016213918408163264,-3.842100000000029e-05,7.911135720991269e-07,0.010101010101010102,31.990084509217034,0.010101010101010102,35.32269474747474,10.044094528619514,10.009005000000373,10.044094528619514,1.0969264323232324,0.0008160083405221343,-6.428188002473638e-06,1.0938644,1.0957625,0.0018981000000000137,99,98,99,99,99,99,99
B1,2017-05-12_batchdata_updated_struct_errorcorrect.mat,2017-05-12,8,B1c8,879.0,False,5.4C(40%)-3.6C,False,878,878,True,True,1.0,878.0,0,True,877,True,False,True,99,1.0,0.96902454,0.96902454,above_eol,False,False,0,0,0,0,False,877,0,,False,False,True,1.0668137614481186,-0.00010821323946114776,-0.00010821323946114776,-0.0005618121152460984,877,50,0.0,0.0,0,0,5.4C(40%)-3.6C,False,constant_two_step,5.4,40.0,3.6,3.6,40.0,5.4,4.32,11.11111111111111,,False,1.0947719373737375,0.0008728084188628772,1.0950732,1.0899748,1.0941359,0.004161099999999918,5.4292541743973515e-06,0.016711705707070708,2.1805999999999215e-05,1.3837452813852761e-06,0.0,32.076506270161325,0.0,34.45206194949494,11.24361163299663,11.20847000000067,11.24361163299663,1.0947719373737375,0.0008728084188628772,5.4292541743973515e-06,1.0899748,1.0941359,0.004161099999999918,99,99,99,99,99,99,99
B1,2017-05-12_batchdata_updated_struct_errorcorrect.mat,2017-05-12,9,B1c9,1054.0,False,5.4C(40%)-3.6C,False,1053,1053,True,True,1.0,1053.0,0,True,1052,True,False,True,99,1.0,0.8809284,0.8809284,near_eol_above,False,True,0,0,0,0,False,1052,0,,False,False,True,1.0472707890684407,-0.00013974554096973866,-0.00013974554096973866,-0.0009638087322929174,1052,50,0.0009505703422053232,0.0009505703422053232,0,0,5.4C(40%)-3.6C,False,constant_two_step,5.4,40.0,3.6,3.6,40.0,5.4,4.32,11.11111111111111,,True,1.0876998484848484,0.0009772024093552619,1.0879639,1.0829742,1.0876312,0.004656999999999911,1.8204385899814532e-05,0.01683536523232323,-3.366599999999817e-05,9.212573654916496e-07,0.0,32.64153361126789,0.0,35.98493365656566,11.241857609427619,11.208363333333303,11.241857609427619,1.0876998484848484,0.0009772024093552619,1.8204385899814532e-05,1.0829742,1.0876312,0.004656999999999911,99,99,99,99,99,99,99
B1,2017-05-12_batchdata_updated_struct_errorcorrect.mat,2017-05-12,10,B1c10,906.0,False,5.4C(50%)-3C,False,905,905,True,True,1.0,905.0,0,True,904,True,False,True,99,1.0,0.96101874,0.96101874,above_eol,False,False,0,0,0,0,False,904,0,,False,False,True,1.0550128750331857,-0.00010117513187133681,-0.00010117513187133681,-0.0005441374492196879,904,50,0.0011061946902654867,0.0011061946902654867,0,0,5.4C(50%)-3C,False,constant_two_step,5.4,50.0,3.0,3.0,30.0,5.4,4.153846153846154,11.555555555555555,,False,1.0817046181818184,0.001579220410833336,1.0822605,1.0752757,1.0816405,0.006364800000000059,2.5291880024737526e-05,0.01656396842857143,8.308200000000168e-05,1.6342954558641696e-06,0.010101010101010102,33.208150668462316,0.010101010101010102,36.87145022222223,11.688040235690274,11.652169999999993,11.688040235690274,1.0817046181818184,0.001579220410833336,2.5291880024737526e-05,1.0752757,1.0816405,0.006364800000000059,99,98,99,99,99,99,99
B1,2017-05-12_batchdata_updated_struct_errorcorrect.mat,2017-05-12,11,B1c11,788.0,False,5.4C(50%)-3C,False,787,787,True,True,1.0,787.0,0,True,786,True,False,True,99,1.0,0.88054359,0.88054359,near_eol_above,False,True,0,0,0,0,False,786,0,,False,False,True,1.0265681347201019,-0.0001633847883062818,-0.0001633847883062818,-0.0009236666424969987,786,50,0.001272264631043257,0.001272264631043257,0,0,5.4C(50%)-3C,False,constant_two_step,5.4,50.0,3.0,3.0,30.0,5.4,4.153846153846154,11.555555555555555,,True,1.060083885858586,0.0014342920160654257,1.0605559,1.0537786,1.0599719,0.006193300000000068,2.1809402597402858e-05,0.016200727826530613,-0.0003035779999999988,-2.6943712903113394e-07,0.010101010101010102,32.75932260623101,0.010101010101010102,36.23175358585859,11.684114427609464,11.652381666667255,11.684114427609464,1.060083885858586,0.0014342920160654257,2.1809402597402858e-05,1.0537786,1.0599719,0.006193300000000068,99,98,99,99,99,99,99
B1,2017-05-12_batchdata_updated_struct_errorcorrect.mat,2017-05-12,12,B1c12,902.0,False,5.4C(50%)-3.6C,False,901,901,True,True,1.0,901.0,0,True,900,True,False,True,99,1.0,0.91311944,0.91311944,above_eol,False,False,0,0,0,0,False,900,0,,False,False,True,1.0501655699444445,-0.0001323696609487995,-0.0001323696609487995,-0.0008567884403361341,900,50,0.0,0.0,0,0,5.4C(50%)-3.6C,False,constant_two_step,5.4,50.0,3.6,3.6,30.0,5.4,4.5473684210526315,10.555555555555555,,False,1.082155223232323,0.0008676591348281112,1.0823082,1.077566,1.0819131,0.004347099999999937,1.257311564625877e-05,0.01643905623232323,-2.065599999999737e-05,8.569435992578864e-07,0.0,33.4580219141428,0.0,37.448847525252525,10.68385405723906,10.65295333333294,10.68385405723906,1.082155223232323,0.0008676591348281112,1.257311564625877e-05,1.077566,1.0819131,0.004347099999999937,99,99,99,99,99,99,99
B1,2017-05-12_batchdata_updated_struct_errorcorrect.mat,2017-05-12,13,B1c13,897.0,False,5.4C(50%)-3.6C,False,896,896,True,True,1.0,896.0,0,True,895,True,False,True,99,1.0,0.92313582,0.92313582,above_eol,False,False,0,0,0,0,False,895,0,,False,False,True,1.0535661301340782,-0.00012358366227363055,-0.00012358366227363055,-0.0008839624705882352,895,50,0.0,0.0,0,0,5.4C(50%)-3.6C,False,constant_two_step,5.4,50.0,3.6,3.6,30.0,5.4,4.5473684210526315,10.555555555555555,,False,1.0842732373737374,0.0008261310229366408,1.0844252,1.0797893,1.0836461,0.0038567999999998825,4.458676561533413e-06,0.01703655094949495,-1.3330999999998372e-05,1.0355082498453908e-06,0.0,32.09216634315908,0.0,34.67959250505051,10.685353013468022,10.65265833333348,10.685353013468022,1.0842732373737374,0.0008261310229366408,4.458676561533413e-06,1.0797893,1.0836461,0.0038567999999998825,99,99,99,99,99,99,99
B1,2017-05-12_batchdata_updated_struct_errorcorrect.mat,2017-05-12,14,B1c14,880.0,False,5.4C(60%)-3C,False,879,879,True,True,1.0,879.0,0,True,878,True,False,True,99,1.0,0.8800649,0.8800649,near_eol_above,False,True,0,0,0,0,False,878,0,,False,False,True,1.037775158621868,-0.00016530058727870023,-0.00016530058727870023,-0.0008670898439375751,878,50,0.0,0.0,1,1,5.4C(60%)-3C,False,constant_two_step,5.4,60.0,3.0,3.0,20.0,5.4,4.499999999999999,10.666666666666668,,True,1.0761029171717171,0.0012270028331920458,1.0765082,1.0709661,1.0762016,0.005235500000000171,2.623412492269632e-05,0.016975001838383838,-6.811500000000054e-05,-7.309511440944874e-09,0.0,33.07746279993842,0.0,36.63094507070707,14.925935387205387,10.763341666666626,10.794674115646261,1.0761029171717171,0.0012270028331920458,2.623412492269632e-05,1.0709661,1.0762016,0.005235500000000171,99,99,99,99,99,99,98
B1,2017-05-12_batchdata_updated_struct_errorcorrect.mat,2017-05-12,15,B1c15,719.0,False,5.4C(60%)-3C,False,718,718,True,True,1.0,718.0,0,True,717,True,False,True,99,1.0,0.88298881,0.88298881,near_eol_above,False,True,0,0,0,0,False,717,0,,False,False,True,1.0353447140306835,-0.00017886640776738224,-0.00017886640776738224,-0.0010633192259303721,717,50,0.0,0.0,1,1,5.4C(60%)-3C,False,constant_two_step,5.4,60.0,3.0,3.0,20.0,5.4,4.499999999999999,10.666666666666668,,True,1.0676568858585858,0.00140079990792507,1.0680863,1.0611236,1.0677497,0.006626100000000079,2.904936054421799e-05,0.016839986434343434,-0.0002532960000000001,5.750906988249796e-07,0.0,33.147720104395674,0.0,37.056188636363636,14.92770846801342,10.763519999999941,10.795610034013558,1.0676568858585858,0.00140079990792507,2.904936054421799e-05,1.0611236,1.0677497,0.006626100000000079,99,99,99,99,99,99,98
B1,2017-05-12_batchdata_updated_struct_errorcorrect.mat,2017-05-12,16,B1c16,862.0,False,5.4C(60%)-3.6C,False,861,861,True,True,1.0,861.0,0,True,860,True,False,True,99,1.0,0.88096577,0.88096577,near_eol_above,False,True,0,0,0,0,False,860,0,,False,False,True,1.050402580651163,-0.00016181080828407427,-0.00016181080828407427,-0.0010512746501800722,860,50,0.0011627906976744186,0.0011627906976744186,0,0,5.4C(60%)-3.6C,False,constant_two_step,5.4,60.0,3.6,3.6,20.0,5.4,4.8,10.000000000000002,,True,1.0864695565656566,0.0012032831895770354,1.0868037,1.0811664,1.0863206,0.005154199999999998,2.3160274582560226e-05,0.016697524142857145,-1.4819000000002719e-05,1.0256717065466556e-06,0.010101010101010102,32.41716254671688,0.010101010101010102,35.85141423232323,10.12547436026938,10.09699833333337,10.12547436026938,1.0864695565656566,0.0012032831895770354,2.3160274582560226e-05,1.0811664,1.0863206,0.005154199999999998,99,98,99,99,99,99,99
B1,2017-05-12_batchdata_updated_struct_errorcorrect.mat,2017-05-12,17,B1c17,857.0,False,5.4C(60%)-3.6C,False,856,856,True,True,1.0,856.0,0,True,855,True,False,True,99,1.0,0.8832469,0.8832469,near_eol_above,False,True,0,0,0,0,False,855,0,,False,False,True,1.0421049892280703,-0.00016011857883870082,-0.00016011857883870082,-0.0009242995836734688,855,50,0.0,0.0,0,0,5.4C(60%)-3.6C,False,constant_two_step,5.4,60.0,3.6,3.6,20.0,5.4,4.8,10.000000000000002,,True,1.0771062363636363,0.0010541182453571362,1.0774002,1.072052,1.0769763,0.004924300000000104,1.788623129251757e-05,0.016676227535353534,2.2162999999998656e-05,1.5290453184910313e-06,0.0,32.088753858534446,0.0,35.43276257575758,10.13811205387206,10.103795000000051,10.13811205387206,1.0771062363636363,0.0010541182453571362,1.788623129251757e-05,1.072052,1.0769763,0.004924300000000104,99,99,99,99,99,99,99
B1,2017-05-12_batchdata_updated_struct_errorcorrect.mat,2017-05-12,18,B1c18,691.0,False,5.4C(70%)-3C,False,690,690,True,True,1.0,690.0,0,True,689,True,False,True,99,1.0,0.88114411,0.88114411,near_eol_above,False,True,1,1,0,0,False,688,0,,False,False,True,1.02625469053701,-0.0002183608787361264,-0.0001981552794274812,-0.0010934508566626652,688,50,0.0,0.0,0,0,5.4C(70%)-3C,False,constant_two_step,5.4,70.0,3.0,3.0,10.0,5.4,4.909090909090909,9.777777777777779,,False,1.086443382828283,0.18252118160147157,1.0685651,1.0661705,1.0645274,-0.0016430999999998974,-0.00029454159059987597,0.018004754414141413,-0.003994543,-5.991890807668523e-05,0.0,31.831057275618022,0.0,35.415118353535355,9.925956313131316,9.957751666666688,9.925956313131316,1.068100106122449,0.0017050418772144268,-4.7540759400357805e-05,1.0661705,1.0645274,-0.0016430999999998974,99,99,98,99,99,99,99
B1,2017-05-12_batchdata_updated_struct_errorcorrect.mat,2017-05-12,19,B1c19,788.0,False,5.4C(70%)-3C,False,787,787,True,True,1.0,787.0,0,True,786,True,False,True,99,1.0,0.88093972,0.88093972,near_eol_above,False,True,0,0,0,0,False,786,0,,False,False,True,1.0430654419465648,-0.00020508719894683314,-0.00020508719894683314,-0.0009089562789915972,786,50,0.0,0.0,0,0,5.4C(70%)-3C,False,constant_two_step,5.4,70.0,3.0,3.0,10.0,5.4,4.909090909090909,9.777777777777779,,True,1.0883684717171715,0.0007718216160143594,1.0885627,1.0851147,1.0870851,0.0019703999999998167,-1.035584539270271e-05,0.01632486908080808,-6.60869999999994e-05,8.964648608534304e-07,0.0,33.044085397077396,0.0,36.83902758585858,9.930255336700304,9.957913333333272,9.930255336700304,1.0883684717171715,0.0007718216160143594,-1.035584539270271e-05,1.0851147,1.0870851,0.0019703999999998167,99,99,99,99,99,99,99
B1,2017-05-12_batchdata_updated_struct_errorcorrect.mat,2017-05-12,20,B1c20,534.0,False,5.4C(80%)-5.4C,False,533,533,True,True,1.0,533.0,0,True,532,True,False,True,99,1.0,0.88078493,0.88078493,near_eol_above,False,True,0,0,0,0,False,532,0,,False,False,True,1.0084444470676692,-0.00032562401899587903,-0.00032562401899587903,-0.0009672796249699881,532,50,0.0018796992481203006,0.0018796992481203006,0,0,5.4C(80%)-5.4C,False,constant_two_step,5.4,80.0,5.4,,0.0,5.4,5.4,8.88888888888889,,True,1.0698410858585858,0.004184410419543684,1.0707365,1.07263,1.0612478,-0.011382199999999898,-0.0001397761818181818,0.015210366091836734,-0.000580528000000002,-3.39147795984342e-06,0.010101010101010102,32.15292201754506,0.010101010101010102,34.92834715151515,9.027207626262616,9.006340000000394,9.027207626262616,1.0698410858585858,0.004184410419543684,-0.0001397761818181818,1.07263,1.0612478,-0.011382199999999898,99,98,99,99,99,99,99
B1,2017-05-12_batchdata_updated_struct_errorcorrect.mat,2017-05-12,21,B1c21,559.0,False,5.4C(80%)-5.4C,False,558,558,True,True,1.0,558.0,0,True,557,True,False,True,99,1.0,0.88016534,0.88016534,near_eol_above,False,True,0,0,0,0,False,557,0,,False,False,True,1.030699824991023,-0.0002842822934461836,-0.0002842822934461836,-0.0014172106972388957,557,50,0.0017953321364452424,0.0017953321364452424,0,0,5.4C(80%)-5.4C,False,constant_two_step,5.4,80.0,5.4,,0.0,5.4,5.4,8.88888888888889,,True,1.082226497979798,0.0026137864433469775,1.0831832,1.0824388,1.0767291,-0.005709699999999929,-8.178444155844156e-05,0.015090236234693875,-0.0002038070000000003,4.118161608278495e-07,0.010101010101010102,33.13697371135653,0.010101010101010102,36.94892544444444,8.987271380471347,8.985736666666586,8.987271380471347,1.082226497979798,0.0026137864433469775,-8.178444155844156e-05,1.0824388,1.0767291,-0.005709699999999929,99,98,99,99,99,99,99
B1,2017-05-12_batchdata_updated_struct_errorcorrect.mat,2017-05-12,22,B1c22,891.0,False,6C(30%)-3.6C,False,890,890,True,True,1.0,890.0,0,True,889,True,False,True,99,1.0,0.96327895,0.96327895,above_eol,False,False,0,0,0,0,False,889,0,,False,False,True,1.0560060130933635,-0.00010238458327290017,-0.00010238458327290017,-0.0005869090847539012,889,50,0.0,0.0,0,0,6C(30%)-3.6C,False,constant_two_step,6.0,30.0,3.6,3.6,50.0,6.0,4.235294117647059,11.333333333333332,,False,1.082979815151515,0.0007437449096877575,1.0831372,1.0793039,1.0820541,0.002750199999999925,-6.755834260976952e-06,0.0165919733030303,-5.07210000000001e-05,1.2118029189857748e-06,0.0,32.84391283877385,0.0,36.64192422222223,11.46291215488218,11.43029333333349,11.46291215488218,1.082979815151515,0.0007437449096877575,-6.755834260976952e-06,1.0793039,1.0820541,0.002750199999999925,99,99,99,99,99,99,99
B1,2017-05-12_batchdata_updated_struct_errorcorrect.mat,2017-05-12,23,B1c23,1014.0,False,6C(30%)-3.6C,False,1013,1013,True,True,1.0,1013.0,0,True,1012,True,False,True,99,1.0,0.88066453,0.88066453,near_eol_above,False,True,0,0,0,0,False,1012,0,,False,False,True,1.0431752680039525,-0.00014163070848118616,-0.00014163070848118616,-0.0009560939097238901,1012,50,0.0009881422924901185,0.0009881422924901185,0,0,6C(30%)-3.6C,False,constant_two_step,6.0,30.0,3.6,3.6,50.0,6.0,4.235294117647059,11.333333333333332,,True,1.0824610575757576,0.00064132569857382,1.0826224,1.0792934,1.0816909,0.0023974999999998303,-6.9509103277674005e-06,0.016824002585858585,-9.143999999999125e-06,1.3894804576376008e-06,0.0,31.99077454717494,0.0,34.8727843939394,11.458691784511789,11.430255000000004,11.458691784511789,1.0824610575757576,0.00064132569857382,-6.9509103277674005e-06,1.0792934,1.0816909,0.0023974999999998303,99,99,99,99,99,99,99
B1,2017-05-12_batchdata_updated_struct_errorcorrect.mat,2017-05-12,24,B1c24,1017.0,False,6C(40%)-3C,False,1016,1016,True,True,1.0,1016.0,0,True,1015,True,False,True,99,1.0,0.88046598,0.88046598,near_eol_above,False,True,0,0,0,0,False,1015,0,,False,False,True,1.037403914403941,-0.00014328035718003877,-0.00014328035718003877,-0.000878032437454982,1015,50,0.0,0.0,1,0,6C(40%)-3C,False,constant_two_step,6.0,40.0,3.0,3.0,40.0,6.0,4.0,12.0,,True,1.0780331868686868,0.0007172188557690706,1.0782109,1.0745355,1.0776314,0.0030958999999999293,2.0242585034014705e-06,0.016587448888888887,-4.86200000000131e-06,1.5595947186147161e-06,0.0,33.378063951824195,0.0,36.866496545454545,12.128487205387225,12.098313333333742,12.128487205387225,1.0780331868686868,0.0007172188557690706,2.0242585034014705e-06,1.0745355,1.0776314,0.0030958999999999293,99,99,99,99,99,99,99
B1,2017-05-12_batchdata_updated_struct_errorcorrect.mat,2017-05-12,25,B1c25,854.0,False,6C(40%)-3C,False,853,853,True,True,1.0,853.0,0,True,852,True,False,True,99,1.0,0.88019997,0.88019997,near_eol_above,False,True,0,0,0,0,False,852,0,,False,False,True,1.0379105838145541,-0.00017699935026850388,-0.00017699935026850388,-0.0009265606617046818,852,50,0.0,0.0,0,0,6C(40%)-3C,False,constant_two_step,6.0,40.0,3.0,3.0,40.0,6.0,4.0,12.0,,True,1.078847887878788,0.0007311050081300092,1.0790472,1.0752345,1.0780438,0.0028093000000000146,5.129313543598951e-07,0.0165961417979798,-1.1263999999996943e-05,1.385646468769325e-06,0.0,33.848557073949294,0.0,37.990239878787875,12.137498080808081,12.09737499999998,12.137498080808081,1.078847887878788,0.0007311050081300092,5.129313543598951e-07,1.0752345,1.0780438,0.0028093000000000146,99,99,99,99,99,99,99
B1,2017-05-12_batchdata_updated_struct_errorcorrect.mat,2017-05-12,26,B1c26,870.0,False,6C(40%)-3.6C,False,869,869,True,True,1.0,869.0,0,True,868,True,False,True,99,1.0,0.88105017,0.88105017,near_eol_above,False,True,0,0,0,0,False,868,0,,False,False,True,1.0494075569009216,-0.000174606554670016,-0.000174606554670016,-0.0010210131044417771,868,50,0.0,0.0,0,0,6C(40%)-3.6C,False,constant_two_step,6.0,40.0,3.6,3.6,40.0,6.0,4.5,10.666666666666668,,True,1.0905742878787879,0.0008664365793143937,1.0908915,1.0876514,1.0893713,0.0017199000000001075,-1.5210461348175406e-05,0.016285491838383837,1.2887999999999095e-05,1.6321409894867002e-06,0.0,33.15641406115227,0.0,36.41381293939394,10.800664208754247,10.765060000000327,10.800664208754247,1.0905742878787879,0.0008664365793143937,-1.5210461348175406e-05,1.0876514,1.0893713,0.0017199000000001075,99,99,99,99,99,99,99
B1,2017-05-12_batchdata_updated_struct_errorcorrect.mat,2017-05-12,27,B1c27,842.0,False,6C(40%)-3.6C,False,841,841,True,True,1.0,841.0,0,True,840,True,False,True,99,1.0,0.88130057,0.88130057,near_eol_above,False,True,0,0,0,0,False,840,0,,False,False,True,1.0440145853333334,-0.00016752745959592991,-0.00016752745959592991,-0.0010876831121248496,840,50,0.0,0.0,0,0,6C(40%)-3.6C,False,constant_two_step,6.0,40.0,3.6,3.6,40.0,6.0,4.5,10.666666666666668,,True,1.0820360393939392,0.0007546205717510306,1.0822542,1.0790461,1.0810226,0.0019765000000000477,-1.0758799010513337e-05,0.01609890666666667,3.187999999999802e-05,1.8507288682745844e-06,0.0,33.89497000372245,0.0,37.51131004040404,10.803712340067367,10.763831666666677,10.803712340067367,1.0820360393939392,0.0007546205717510306,-1.0758799010513337e-05,1.0790461,1.0810226,0.0019765000000000477,99,99,99,99,99,99,99
B1,2017-05-12_batchdata_updated_struct_errorcorrect.mat,2017-05-12,28,B1c28,860.0,False,6C(50%)-3C,False,859,859,True,True,1.0,859.0,0,True,858,True,False,True,99,1.0,0.88058227,0.88058227,near_eol_above,False,True,0,0,0,0,False,858,0,,False,False,True,1.0394843055128205,-0.00017824708402504997,-0.00017824708402504997,-0.0008379189075630253,858,50,0.0,0.0,0,0,6C(50%)-3C,False,constant_two_step,6.0,50.0,3.0,3.0,30.0,6.0,4.363636363636363,11.0,,True,1.0806956292929293,0.0005808473697885737,1.0808771,1.0777475,1.0796947,0.0019471999999998157,-7.726680272108982e-06,0.01668003754545454,6.377100000000066e-05,2.0738448608534416e-06,0.0,33.773800525042,0.0,37.491157878787874,11.138253585858592,11.178876666666474,11.138253585858592,1.0806956292929293,0.0005808473697885737,-7.726680272108982e-06,1.0777475,1.0796947,0.0019471999999998157,99,99,99,99,99,99,99
B1,2017-05-12_batchdata_updated_struct_errorcorrect.mat,2017-05-12,29,B1c29,917.0,False,6C(50%)-3C,False,916,916,True,True,1.0,916.0,0,True,915,True,False,True,99,1.0,0.88035375,0.88035375,near_eol_above,False,True,0,0,0,0,False,915,0,,False,False,True,1.0405488371147542,-0.00016598203267519687,-0.00016598203267519687,-0.0008468052288115244,915,50,0.0,0.0,0,0,6C(50%)-3C,False,constant_two_step,6.0,50.0,3.0,3.0,30.0,6.0,4.363636363636363,11.0,,True,1.0827828212121215,0.0006456219175832134,1.0829672,1.0794537,1.0818107,0.0023569999999999425,-5.212719851577204e-06,0.016545523626262625,1.7818000000002776e-05,1.8976728633271468e-06,0.0,32.70415601771739,0.0,35.39940990909091,11.151875336700314,11.179469999999856,11.151875336700314,1.0827828212121215,0.0006456219175832134,-5.212719851577204e-06,1.0794537,1.0818107,0.0023569999999999425,99,99,99,99,99,99,99
B1,2017-05-12_batchdata_updated_struct_errorcorrect.mat,2017-05-12,30,B1c30,709.0,False,6C(50%)-3.6C,False,708,708,True,True,1.0,708.0,0,True,707,True,False,True,99,1.0,0.88054287,0.88054287,near_eol_above,False,True,0,0,0,0,False,707,0,,False,False,True,1.0463779455586986,-0.0001941958878479539,-0.0001941958878479539,-0.0012660495140456181,707,50,0.0,0.0,0,0,6C(50%)-3.6C,False,constant_two_step,6.0,50.0,3.6,3.6,30.0,6.0,4.8,10.000000000000002,,True,1.0828237171717172,0.0008262149778357217,1.082983,1.0798637,1.0814074,0.0015437000000000367,-1.6368218923933255e-05,0.01600942625252525,5.842799999999926e-05,1.8543058256029702e-06,0.0,33.54008830692456,0.0,36.797617333333335,10.124524292929316,10.09681166666669,10.124524292929316,1.0828237171717172,0.0008262149778357217,-1.6368218923933255e-05,1.0798637,1.0814074,0.0015437000000000367,99,99,99,99,99,99,99
B1,2017-05-12_batchdata_updated_struct_errorcorrect.mat,2017-05-12,31,B1c31,876.0,False,6C(50%)-3.6C,False,875,875,True,True,1.0,875.0,0,True,874,True,False,True,99,1.0,0.88099223,0.88099223,near_eol_above,False,True,0,0,0,0,False,874,0,,False,False,True,1.0549222561212814,-0.00017431809857885414,-0.00017431809857885414,-0.0010454728168067225,874,50,0.0,0.0,0,0,6C(50%)-3.6C,False,constant_two_step,6.0,50.0,3.6,3.6,30.0,6.0,4.8,10.000000000000002,,True,1.097068405050505,0.0009821231393733817,1.0973341,1.0946392,1.0953494,0.0007101999999998831,-2.6201082251082747e-05,0.016865566141414143,1.0658000000000195e-05,1.3785441311069859e-06,0.0,30.375396745150564,0.0,30.709141161616163,10.126957558922545,10.096814999999818,10.126957558922545,1.097068405050505,0.0009821231393733817,-2.6201082251082747e-05,1.0946392,1.0953494,0.0007101999999998831,99,99,99,99,99,99,99
B1,2017-05-12_batchdata_updated_struct_errorcorrect.mat,2017-05-12,32,B1c32,731.0,False,6C(60%)-3C,False,730,730,True,True,1.0,730.0,0,True,729,True,False,True,99,1.0,0.88080907,0.88080907,near_eol_above,False,True,0,0,0,0,False,729,0,,False,False,True,1.0411423366255146,-0.0002036031240335289,-0.0002036031240335289,-0.001007759465066027,729,50,0.0,0.0,0,0,6C(60%)-3C,False,constant_two_step,6.0,60.0,3.0,3.0,20.0,6.0,4.8,10.000000000000002,,True,1.0806714494949494,0.0007058238630044114,1.0808626,1.0778366,1.0793804,0.001543800000000095,-1.2776272108843273e-05,0.016167064252525253,5.134400000000178e-05,1.8989050092764402e-06,0.0,33.08050304573434,0.0,36.23561784848484,10.129902676767715,10.096439999999953,10.129902676767715,1.0806714494949494,0.0007058238630044114,-1.2776272108843273e-05,1.0778366,1.0793804,0.001543800000000095,99,99,99,99,99,99,99
B1,2017-05-12_batchdata_updated_struct_errorcorrect.mat,2017-05-12,33,B1c33,757.0,False,6C(60%)-3C,False,756,756,True,True,1.0,756.0,0,True,755,True,False,True,99,1.0,0.88011229,0.88011229,near_eol_above,False,True,0,0,0,0,False,755,0,,False,False,True,1.051478834,-0.00021544609657509018,-0.00021544609657509018,-0.0010378302228091238,755,50,0.0,0.0,0,0,6C(60%)-3C,False,constant_two_step,6.0,60.0,3.0,3.0,20.0,6.0,4.8,10.000000000000002,,True,1.0954916464646465,0.0009462319167455618,1.0958773,1.0924908,1.0937657,0.0012749000000000787,-2.181216573902273e-05,0.016483775656565655,-1.720699999999825e-05,1.1521778231292552e-06,0.0,33.67169761442224,0.0,37.731304424242424,10.129993047138067,10.096583333333305,10.129993047138067,1.0954916464646465,0.0009462319167455618,-2.181216573902273e-05,1.0924908,1.0937657,0.0012749000000000787,99,99,99,99,99,99,99
B1,2017-05-12_batchdata_updated_struct_errorcorrect.mat,2017-05-12,34,B1c34,742.0,False,7C(30%)-3.6C,False,741,741,True,True,1.0,741.0,0,True,740,True,False,True,99,1.0,0.88205445,0.88205445,near_eol_above,False,True,0,0,0,0,False,740,0,,False,False,True,1.0457477210810808,-0.00017902050087411075,-0.00017902050087411075,-0.001197636516686674,740,50,0.0,0.0,0,0,7C(30%)-3.6C,False,constant_two_step,7.0,30.0,3.6,3.6,50.0,7.0,4.401746724890829,10.904761904761905,,True,1.0800699888888887,0.0007272870882621551,1.0801984,1.0766174,1.0794187,0.0028013000000000066,-3.1296474953600746e-07,0.01685519708080808,-2.8376000000000096e-05,1.4302222387136635e-06,0.0,32.66455167507311,0.0,36.08252629292929,11.035507962962974,11.001284999999916,11.035507962962974,1.0800699888888887,0.0007272870882621551,-3.1296474953600746e-07,1.0766174,1.0794187,0.0028013000000000066,99,99,99,99,99,99,99
B1,2017-05-12_batchdata_updated_struct_errorcorrect.mat,2017-05-12,35,B1c35,703.0,False,7C(30%)-3.6C,False,702,702,True,True,1.0,702.0,0,True,701,True,False,True,99,1.0,0.8802399,0.8802399,near_eol_above,False,True,0,0,0,0,False,701,0,,False,False,True,1.0392770426533524,-0.00019854448369832737,-0.00019854448369832737,-0.0011129117296518605,701,50,0.0,0.0,0,0,7C(30%)-3.6C,False,constant_two_step,7.0,30.0,3.6,3.6,50.0,7.0,4.401746724890829,10.904761904761905,,True,1.0745076737373735,0.0007027143826541125,1.0746617,1.0707464,1.0739936,0.0032472000000001167,3.195320964749697e-06,0.016967092292929295,3.243499999999733e-05,2.046819134199134e-06,0.0,32.09733437854189,0.0,34.87752171717172,11.036444074074083,11.001281666666667,11.036444074074083,1.0745076737373735,0.0007027143826541125,3.195320964749697e-06,1.0707464,1.0739936,0.0032472000000001167,99,99,99,99,99,99,99
B1,2017-05-12_batchdata_updated_struct_errorcorrect.mat,2017-05-12,36,B1c36,704.0,False,7C(40%)-3C,False,703,703,True,True,1.0,703.0,0,True,702,True,False,True,99,1.0,0.88231802,0.88231802,near_eol_above,False,True,0,0,0,0,False,702,0,,False,False,True,1.0430142814672365,-0.0002084692852933674,-0.0002084692852933674,-0.0010406213003601441,702,50,0.0,0.0,0,0,7C(40%)-3C,False,constant_two_step,7.0,40.0,3.0,3.0,40.0,7.0,4.2,11.428571428571427,,True,1.0812765595959595,0.0007104421735963635,1.0814826,1.0778315,1.0802411,0.0024096000000000117,-7.183043908472686e-06,0.016437746262626264,8.785199999999938e-05,2.426142436611003e-06,0.0,32.04688205693082,0.0,33.970878757575754,11.554803670033683,11.52468333333333,11.554803670033683,1.0812765595959595,0.0007104421735963635,-7.183043908472686e-06,1.0778315,1.0802411,0.0024096000000000117,99,99,99,99,99,99,99
B1,2017-05-12_batchdata_updated_struct_errorcorrect.mat,2017-05-12,37,B1c37,648.0,False,7C(40%)-3C,False,647,647,True,True,1.0,647.0,0,True,646,True,False,True,99,1.0,0.88336319,0.88336319,near_eol_above,False,True,0,0,0,0,False,646,0,,False,False,True,1.040540535123839,-0.00021976455747162055,-0.00021976455747162055,-0.001167054101320528,646,50,0.0,0.0,0,0,7C(40%)-3C,False,constant_two_step,7.0,40.0,3.0,3.0,40.0,7.0,4.2,11.428571428571427,,True,1.0780300424242424,0.0007605825290446468,1.0781986,1.0748194,1.0768065,0.0019871000000000194,-9.680958565244308e-06,0.01654642202020202,6.718000000000002e-05,2.155007705627701e-06,0.0,32.95969887229894,0.0,36.05156987878787,11.561455202020227,11.524764999999995,11.561455202020227,1.0780300424242424,0.0007605825290446468,-9.680958565244308e-06,1.0748194,1.0768065,0.0019871000000000194,99,99,99,99,99,99,99
B1,2017-05-12_batchdata_updated_struct_errorcorrect.mat,2017-05-12,38,B1c38,617.0,False,7C(40%)-3.6C,False,616,616,True,True,1.0,616.0,0,True,615,True,False,True,99,1.0,0.88110942,0.88110942,near_eol_above,False,True,0,0,0,0,False,615,0,,False,False,True,1.040933729593496,-0.00022357485798014652,-0.00022357485798014652,-0.0012840504028811517,615,50,0.0,0.0,0,0,7C(40%)-3.6C,False,constant_two_step,7.0,40.0,3.6,3.6,40.0,7.0,4.754716981132075,10.095238095238097,,True,1.075801506060606,0.0006463898758454917,1.0759119,1.0729513,1.0749754,0.002024100000000084,-9.437124304267239e-06,0.01621205696969697,8.89640000000004e-05,2.4956121335807056e-06,0.0,33.69474656343401,0.0,37.29856363636363,10.23158840067342,10.193719999999969,10.23158840067342,1.075801506060606,0.0006463898758454917,-9.437124304267239e-06,1.0729513,1.0749754,0.002024100000000084,99,99,99,99,99,99,99
B1,2017-05-12_batchdata_updated_struct_errorcorrect.mat,2017-05-12,39,B1c39,625.0,False,7C(40%)-3.6C,False,624,624,True,True,1.0,624.0,0,True,623,True,False,True,99,1.0,0.88011074,0.88011074,near_eol_above,False,True,0,0,0,0,False,623,0,,False,False,True,1.0480029345425363,-0.00023841506441885365,-0.00023841506441885365,-0.0012575733051620648,623,50,0.0,0.0,0,0,7C(40%)-3.6C,False,constant_two_step,7.0,40.0,3.6,3.6,40.0,7.0,4.754716981132075,10.095238095238097,,True,1.085658998989899,0.0006974026916973628,1.0858474,1.0817773,1.0847629,0.0029856000000001437,-3.2944774273345585e-06,0.016691104555555555,9.157099999999863e-05,2.6232560420531826e-06,0.0,33.50643317156701,0.0,37.403860242424244,10.242025976430945,10.274616666666892,10.242025976430945,1.085658998989899,0.0006974026916973628,-3.2944774273345585e-06,1.0817773,1.0847629,0.0029856000000001437,99,99,99,99,99,99,99
B1,2017-05-12_batchdata_updated_struct_errorcorrect.mat,2017-05-12,40,B1c40,966.0,False,8C(15%)-3.6C,False,965,965,True,True,1.0,965.0,0,True,964,True,False,True,99,1.0,0.88060951,0.88060951,near_eol_above,False,True,0,0,0,0,False,964,0,,False,False,True,1.043740855580913,-0.00016150478994336027,-0.00016150478994336027,-0.0008979657474189681,964,50,0.001037344398340249,0.001037344398340249,0,0,8C(15%)-3.6C,False,constant_two_step,8.0,15.0,3.6,3.6,65.0,8.0,4.013937282229966,11.958333333333332,,True,1.0869299777777777,0.0007304158641508088,1.0872169,1.0833029,1.0857353,0.0024324000000000012,-8.204863327149238e-06,0.01667927321212121,6.656899999999896e-05,1.9379450340136053e-06,0.0,33.45968416375564,0.0,37.756139949494944,12.087224326599337,12.054698333333363,12.087224326599337,1.0869299777777777,0.0007304158641508088,-8.204863327149238e-06,1.0833029,1.0857353,0.0024324000000000012,99,99,99,99,99,99,99
B1,2017-05-12_batchdata_updated_struct_errorcorrect.mat,2017-05-12,41,B1c41,1051.0,False,8C(15%)-3.6C,False,1050,1050,True,True,1.0,1050.0,0,True,1049,True,False,True,99,1.0,0.88106161,0.88106161,near_eol_above,False,True,0,0,0,0,False,1049,0,,False,False,True,1.0410456970638702,-0.00014031974167202915,-0.00014031974167202915,-0.0008162936340936377,1049,50,0.0,0.0,1,0,8C(15%)-3.6C,False,constant_two_step,8.0,15.0,3.6,3.6,65.0,8.0,4.013937282229966,11.958333333333332,,True,1.082886786868687,0.0006614050883900506,1.0830611,1.0789614,1.0821686,0.0032071999999998546,-1.385528756960918e-07,0.016744890505050507,-9.889999999998511e-07,1.5742043166357487e-06,0.0,33.07332253245542,0.0,36.8232453030303,12.091290892255918,12.054646666666182,12.091290892255918,1.082886786868687,0.0006614050883900506,-1.385528756960918e-07,1.0789614,1.0821686,0.0032071999999998546,99,99,99,99,99,99,99
B1,2017-05-12_batchdata_updated_struct_errorcorrect.mat,2017-05-12,42,B1c42,702.0,False,8C(25%)-3.6C,False,701,701,True,True,1.0,701.0,0,True,700,True,False,True,99,1.0,0.88035142,0.88035142,near_eol_above,False,True,0,0,0,0,False,700,0,,False,False,True,1.0426829319285713,-0.00022729024717164147,-0.00022729024717164147,-0.0009635604355342143,700,50,0.0,0.0,0,0,8C(25%)-3.6C,False,constant_two_step,8.0,25.0,3.6,3.6,55.0,8.0,4.347169811320755,11.041666666666668,,True,1.083889183838384,0.0006395508190474782,1.0840977,1.0798725,1.0832821,0.0034095999999999016,2.11359802102667e-06,0.01671562283838384,0.00010331400000000018,2.6484280272108846e-06,0.0,33.58506724391689,0.0,37.673212,11.178124326599383,11.138530000000417,11.178124326599383,1.083889183838384,0.0006395508190474782,2.11359802102667e-06,1.0798725,1.0832821,0.0034095999999999016,99,99,99,99,99,99,99
B1,2017-05-12_batchdata_updated_struct_errorcorrect.mat,2017-05-12,43,B1c43,651.0,False,8C(25%)-3.6C,False,650,650,True,True,1.0,650.0,0,True,649,True,False,True,99,1.0,0.88044435,0.88044435,near_eol_above,False,True,0,0,0,0,False,649,0,,False,False,True,1.0339153921725732,-0.0002128629667281244,-0.0002128629667281244,-0.001118398764465786,649,50,0.0,0.0,0,0,8C(25%)-3.6C,False,constant_two_step,8.0,25.0,3.6,3.6,55.0,8.0,4.347169811320755,11.041666666666668,,True,1.070522194949495,0.0008917599141955492,1.0708283,1.0682389,1.0688359,0.0005969999999999587,-2.401481014223877e-05,0.016104855565656565,0.00012785400000000016,2.6014783797155294e-06,0.0,33.339782658681436,0.0,36.82060524242424,11.17782324915825,11.138113333333118,11.17782324915825,1.070522194949495,0.0008917599141955492,-2.401481014223877e-05,1.0682389,1.0688359,0.0005969999999999587,99,99,99,99,99,99,99
B1,2017-05-12_batchdata_updated_struct_errorcorrect.mat,2017-05-12,44,B1c44,616.0,False,8C(35%)-3.6C,False,615,615,True,True,1.0,615.0,0,True,614,True,False,True,99,1.0,0.88048309,0.88048309,near_eol_above,False,True,0,0,0,0,False,614,0,,False,False,True,1.0432066793322476,-0.0002706196556842679,-0.0002706196556842679,-0.0010453237320528208,614,50,0.0,0.0,0,0,8C(35%)-3.6C,False,constant_two_step,8.0,35.0,3.6,3.6,45.0,8.0,4.7407407407407405,10.125,,True,1.0868420717171718,0.0011324582364728485,1.0871578,1.0847682,1.0847102,-5.8000000000113516e-05,-3.361546072974662e-05,0.01741384996969697,0.00015277100000000293,2.926151341991345e-06,0.0,32.55333216968653,0.0,35.79095866666667,10.258049427609434,10.22140833333348,10.258049427609434,1.0868420717171718,0.0011324582364728485,-3.361546072974662e-05,1.0847682,1.0847102,-5.8000000000113516e-05,99,99,99,99,99,99,99
B1,2017-05-12_batchdata_updated_struct_errorcorrect.mat,2017-05-12,45,B1c45,599.0,False,8C(35%)-3.6C,False,598,598,True,True,1.0,598.0,0,True,597,True,False,True,99,1.0,0.88104212,0.88104212,near_eol_above,False,True,0,0,0,0,False,597,0,,False,False,True,1.0462391182244555,-0.0002671555968694452,-0.0002671555968694452,-0.0011634786300120045,597,50,0.0,0.0,0,0,8C(35%)-3.6C,False,constant_two_step,8.0,35.0,3.6,3.6,45.0,8.0,4.7407407407407405,10.125,,True,1.0871594505050506,0.0007692257379954453,1.0874,1.0839558,1.0858277,0.0018719000000000374,-1.2920053184909944e-05,0.016674251585858585,0.00015038399999999993,3.0135811750154637e-06,0.0,33.0005473910965,0.0,36.69642807070708,10.257274326599303,10.221549999999842,10.257274326599303,1.0871594505050506,0.0007692257379954453,-1.2920053184909944e-05,1.0839558,1.0858277,0.0018719000000000374,99,99,99,99,99,99,99
B2,2018-02-20_batchdata_updated_struct_errorcorrect.mat,2018-02-20,0,B2c0,477.0,False,5.2C(58%)-4C,False,496,496,True,True,1.0,496.0,0,False,496,True,False,True,99,-19.0,0.82661337,0.82661337,at_or_below_eol,False,True,0,0,0,0,False,496,20,477.0,True,True,False,1.0642472576612905,-0.00037721528092602536,-0.00037721528092602536,-0.0024456895803121248,496,50,0.0,0.0,0,0,5.2C(58%)-4C,False,constant_two_step,5.2,58.0,4.0,4.0,22.0,5.2,4.803695150115473,9.992307692307692,,True,1.105088570707071,0.0031105730342623514,1.1058398,1.1020051,1.1052729,0.003267799999999932,1.3737568336425482e-05,0.017335808494949492,6.96420000000017e-05,2.291168620902912e-06,0.0,31.808470926230026,0.0,35.36620380400637,10.17325806397317,10.173188333333625,10.17325806397317,1.105088570707071,0.0031105730342623514,1.3737568336425482e-05,1.1020051,1.1052729,0.003267799999999932,99,99,99,99,99,99,99
B2,2018-02-20_batchdata_updated_struct_errorcorrect.mat,2018-02-20,1,B2c1,491.0,False,5.6C(26%)-4.5C,False,513,513,True,True,1.0,513.0,0,False,513,True,False,True,99,-22.0,0.82848173,0.82848173,at_or_below_eol,False,True,0,0,0,0,False,513,23,491.0,True,True,False,1.049763966471735,-0.0004081370467818479,-0.0004081370467818479,-0.0020953985152460984,513,50,0.0,0.0,0,0,5.6C(26%)-4.5C,False,constant_two_step,5.6,26.0,4.5,4.5,54.0,5.6,4.8068669527897,9.985714285714286,,True,1.1049235595959594,0.003436063196507257,1.1061579,1.1057826,1.1015422,-0.004240400000000033,-3.290422139764944e-05,0.01755231991919192,-0.0006942100000000007,-3.6347278416821277e-06,0.0,33.60099815475848,0.0,36.451634705216804,10.198514225589118,10.176856666666572,10.198514225589118,1.1049235595959594,0.003436063196507257,-3.290422139764944e-05,1.1057826,1.1015422,-0.004240400000000033,99,99,99,99,99,99,99
B2,2018-02-20_batchdata_updated_struct_errorcorrect.mat,2018-02-20,2,B2c2,424.0,False,5.2C(50%)-4.25C,False,439,439,True,True,1.0,439.0,0,False,439,True,False,True,99,-15.0,0.82700932,0.82700932,at_or_below_eol,False,True,0,0,0,0,False,439,16,424.0,True,True,False,1.0411752670387244,-0.0003418207511056204,-0.0003418207511056204,-0.0032166654338535417,439,50,0.0,0.0,0,0,5.2C(50%)-4.25C,False,constant_two_step,5.2,50.0,4.25,4.25,30.0,5.2,4.797829036635006,10.00452488687783,,True,1.0746630466666667,0.011293903158766674,1.0761609,1.0753863,1.0728362,-0.0025500999999998886,-5.396060358689054e-06,0.01646109804040404,-9.869800000000123e-05,8.908579715522646e-07,0.0,33.17566129490617,0.0,37.429077970616994,10.17503702020208,10.174891666667342,10.17503702020208,1.0746630466666667,0.011293903158766674,-5.396060358689054e-06,1.0753863,1.0728362,-0.0025500999999998886,99,99,99,99,99,99,99
B2,2018-02-20_batchdata_updated_struct_errorcorrect.mat,2018-02-20,3,B2c3,499.0,False,4.65C(44%)-5C,False,517,517,True,True,1.0,517.0,0,False,517,True,False,True,99,-18.0,0.82550967,0.82550967,at_or_below_eol,False,True,0,0,0,0,False,517,19,499.0,True,True,False,1.0545933735396518,-0.00037003699338066486,-0.00037003699338066486,-0.0022236980571428574,517,50,0.0,0.0,0,0,4.65C(44%)-5C,False,constant_two_step,4.65,44.0,5.0,5.0,36.0,5.0,4.80123902942695,9.997419354838708,,True,1.1014852565656565,0.0030443226622133123,1.1009089,1.0959566,1.1003293,0.004372700000000007,7.592857884972138e-05,0.01591516953535354,-3.5558000000001505e-05,1.4020918862090317e-06,0.0,33.93805810095692,0.0,38.772733971659186,10.173178956229002,10.173140000000421,10.173178956229002,1.1014852565656565,0.0030443226622133123,7.592857884972138e-05,1.0959566,1.1003293,0.004372700000000007,99,99,99,99,99,99,99
B2,2018-02-20_batchdata_updated_struct_errorcorrect.mat,2018-02-20,4,B2c4,444.0,False,4.65C(69%)-6C,False,464,464,True,True,1.0,464.0,0,False,464,True,False,True,99,-20.0,0.82712674,0.82712674,at_or_below_eol,False,True,0,0,0,0,False,464,21,444.0,True,True,False,1.0359675119612068,-0.0004138265787442009,-0.0004138265787442009,-0.002276420142617047,464,50,0.0,0.0,0,0,4.65C(69%)-6C,False,constant_two_step,4.65,69.0,6.0,6.0,11.0,6.0,4.798452112221864,10.003225806451614,,True,1.0859254535353535,0.0032305742589696083,1.0866909,1.0899745,1.0813601,-0.008614400000000133,-6.742782807668557e-05,0.016186317888888888,-0.0009035920000000017,-4.879720037105751e-06,0.0,33.04820861652687,0.0,37.435182660123296,10.231960420875373,10.229923333332408,10.231960420875373,1.0859254535353535,0.0032305742589696083,-6.742782807668557e-05,1.0899745,1.0813601,-0.008614400000000133,99,99,99,99,99,99,99
B2,2018-02-20_batchdata_updated_struct_errorcorrect.mat,2018-02-20,5,B2c5,416.0,False,3.6C(30%)-6C,False,445,445,True,True,1.0,445.0,0,False,445,True,False,True,99,-29.0,0.8261537,0.8261537,at_or_below_eol,False,True,0,0,0,0,False,445,30,416.0,True,True,False,1.018963816786517,-0.0005236190279462211,-0.0005236190279462211,-0.0017367055169267714,445,50,0.0,0.0,0,0,3.6C(30%)-6C,False,constant_two_step,3.6,30.0,6.0,6.0,50.0,6.0,4.800000000000001,10.0,,True,1.0879375151515152,0.01296949576213955,1.0874257,1.0989141,1.0760076,-0.02290649999999994,-0.00019484917996289436,0.015297588929292928,-0.0007167039999999986,-3.739637612863329e-06,0.0,33.01307013030371,0.0,37.65087846482749,10.198699713804725,10.201064999999168,10.198699713804725,1.0879375151515152,0.01296949576213955,-0.00019484917996289436,1.0989141,1.0760076,-0.02290649999999994,99,99,99,99,99,99,99
B2,2018-02-20_batchdata_updated_struct_errorcorrect.mat,2018-02-20,6,B2c6,393.0,False,3.6C(9%)-5C,False,409,409,True,True,1.0,409.0,0,False,409,True,False,True,99,-16.0,0.82940364,0.82940364,at_or_below_eol,False,True,0,0,0,0,False,409,17,393.0,True,True,False,1.0461694959902201,-0.0004669785853342828,-0.0004669785853342828,-0.0024034121872749097,409,50,0.0,0.0,0,0,3.6C(9%)-5C,False,constant_two_step,3.6,9.0,5.0,5.0,71.0,5.0,4.790419161676646,10.020000000000001,,True,1.0929755737373739,0.002911002426144214,1.0924507,1.0885617,1.090597,0.002035299999999962,6.243813358070501e-05,0.016037468727272727,-0.0005260630000000002,-9.074707235621525e-07,0.0,33.81904518975318,0.0,39.79713499833347,10.17931370370378,10.179401666667157,10.17931370370378,1.0929755737373739,0.002911002426144214,6.243813358070501e-05,1.0885617,1.090597,0.002035299999999962,99,99,99,99,99,99,99
B2,2018-02-20_batchdata_updated_struct_errorcorrect.mat,2018-02-20,7,B2c7,777.0,False,4.8C(80%)-4.8C-newstructure,False,806,806,True,True,1.0,806.0,0,False,806,True,False,True,99,-29.0,0.8264814,0.8264814,at_or_below_eol,False,True,0,0,0,0,False,806,30,777.0,True,True,False,1.047547119019851,-0.0002237482869821096,-0.0002237482869821096,-0.0017017847500600243,806,50,0.0,0.0,0,0,4.8C(80%)-4.8C,True,constant_two_step,4.8,80.0,4.8,,0.0,4.8,4.8,10.000000000000002,,True,1.0930350373737374,0.0024698310807556184,1.0923721,1.0904776,1.09727,0.006792399999999921,5.346993939393924e-05,0.014790622575757575,1.3403999999999847e-05,-2.819422387136772e-08,0.0,33.769687089746824,0.0,37.14950685044426,10.035777525252517,10.035609999999481,10.035777525252517,1.0930350373737374,0.0024698310807556184,5.346993939393924e-05,1.0904776,1.09727,0.006792399999999921,99,99,99,99,99,99,99
B2,2018-02-20_batchdata_updated_struct_errorcorrect.mat,2018-02-20,8,B2c8,904.0,False,5.2C(58%)-4C-newstructure,False,947,947,True,True,1.0,947.0,0,False,947,True,False,True,99,-43.0,0.8255862,0.8255862,at_or_below_eol,False,True,0,0,0,0,False,947,44,904.0,True,True,False,1.054392999820486,-0.00018549398953625007,-0.00018549398953625007,-0.0012420080878751503,947,50,0.0,0.0,0,0,5.2C(58%)-4C,True,constant_two_step,5.2,58.0,4.0,4.0,22.0,5.2,4.803695150115473,9.992307692307692,,True,1.0901590962626262,0.01221914851519545,1.0917038,1.0906329,1.0909338,0.00030090000000004835,-4.8129210760667585e-05,0.016466365090909093,3.0228999999999673e-05,5.908662832405671e-07,0.0,33.59868374090274,0.0,35.674109782051225,10.03986983164983,10.039828333334299,10.03986983164983,1.0901590962626262,0.01221914851519545,-4.8129210760667585e-05,1.0906329,1.0909338,0.00030090000000004835,99,99,99,99,99,99,99
B2,2018-02-20_batchdata_updated_struct_errorcorrect.mat,2018-02-20,9,B2c9,791.0,False,5.6C(26%)-4.5C-newstructure,False,819,819,True,True,1.0,819.0,0,False,819,True,False,True,99,-28.0,0.82610458,0.82610458,at_or_below_eol,False,True,0,0,0,0,False,819,29,791.0,True,True,False,1.0614169436019536,-0.00020310493263625082,-0.00020310493263625082,-0.001784702710684273,819,50,0.0,0.0,0,0,5.6C(26%)-4.5C,True,constant_two_step,5.6,26.0,4.5,4.5,54.0,5.6,4.8068669527897,9.985714285714286,,True,1.0975024424242423,0.001878552772318587,1.0981479,1.0949715,1.0975486,0.00257710000000011,-3.178960420531827e-05,0.015396235121212121,-5.300199999999991e-05,7.339797526283246e-07,0.0,32.3508526526095,0.0,33.58605048865401,10.039928501683493,10.040233333333406,10.039928501683493,1.0975024424242423,0.001878552772318587,-3.178960420531827e-05,1.0949715,1.0975486,0.00257710000000011,99,99,99,99,99,99,99
B2,2018-02-20_batchdata_updated_struct_errorcorrect.mat,2018-02-20,10,B2c10,492.0,False,4.8C(80%)-4.8C,False,519,519,True,True,1.0,519.0,0,False,519,True,False,True,99,-27.0,0.82791102,0.82791102,at_or_below_eol,False,True,0,0,0,0,False,519,28,492.0,True,True,False,1.0638706776878613,-0.0004163283594330212,-0.0004163283594330212,-0.001991002899879952,519,50,0.0,0.0,0,0,4.8C(80%)-4.8C,False,constant_two_step,4.8,80.0,4.8,,0.0,4.8,4.8,10.000000000000002,,True,1.1111783965656563,0.011659720700200233,1.1125798,1.1092782,1.1162933,0.00701509999999983,5.449445590599874e-05,0.01705791890909091,-0.00030304700000000073,2.1348672850958696e-07,0.0,31.720791269063756,0.0,34.35574737651136,10.169499612794551,10.17084500000031,10.169499612794551,1.1111783965656563,0.011659720700200233,5.449445590599874e-05,1.1092782,1.1162933,0.00701509999999983,99,99,99,99,99,99,99
B2,2018-02-20_batchdata_updated_struct_errorcorrect.mat,2018-02-20,11,B2c11,449.0,False,5.2C(50%)-4.25C,False,468,468,True,True,1.0,468.0,0,False,468,True,False,True,99,-19.0,0.82524824,0.82524824,at_or_below_eol,False,True,0,0,0,0,False,468,20,449.0,True,True,False,1.0686505957264958,-0.0003756139179107404,-0.0003756139179107404,-0.0026792372422569026,468,50,0.0,0.0,0,0,5.2C(50%)-4.25C,False,constant_two_step,5.2,50.0,4.25,4.25,30.0,5.2,4.797829036635006,10.00452488687783,,True,1.1010659737373738,0.01436863062561724,1.1020097,1.0959171,1.1086942,0.012777099999999875,0.00011636928385899787,0.01721894155555555,1.5793000000000057e-05,3.4090262585034023e-06,0.0,33.146477466034135,0.0,37.95576609273272,10.173883215488235,10.173753333333298,10.173883215488235,1.1010659737373738,0.01436863062561724,0.00011636928385899787,1.0959171,1.1086942,0.012777099999999875,99,99,99,99,99,99,99
B2,2018-02-20_batchdata_updated_struct_errorcorrect.mat,2018-02-20,12,B2c12,466.0,False,4.65C(44%)-5C,False,493,493,True,True,1.0,493.0,0,False,493,True,False,True,99,-27.0,0.82528538,0.82528538,at_or_below_eol,False,True,0,0,0,0,False,493,28,466.0,True,True,False,1.04739759168357,-0.00045888935175402205,-0.00045888935175402205,-0.0019146644220888356,493,50,0.0,0.0,0,0,4.65C(44%)-5C,False,constant_two_step,4.65,44.0,5.0,5.0,36.0,5.0,4.80123902942695,9.997419354838708,,True,1.104144308080808,0.0021044591743401993,1.1043751,1.1016457,1.1065857,0.0049399999999999444,3.124443661100793e-05,0.01652292034343434,-0.0010207299999999975,-4.522877996289421e-06,0.0,31.314676947956993,0.0,33.5953920153671,10.174858552188601,10.174634999999155,10.174858552188601,1.104144308080808,0.0021044591743401993,3.124443661100793e-05,1.1016457,1.1065857,0.0049399999999999444,99,99,99,99,99,99,99
B2,2018-02-20_batchdata_updated_struct_errorcorrect.mat,2018-02-20,13,B2c13,460.0,False,4.65C(69%)-6C,False,483,483,True,True,1.0,483.0,0,False,483,True,False,True,99,-23.0,0.82574999,0.82574999,at_or_below_eol,False,True,0,0,0,0,False,483,24,460.0,True,True,False,1.0481444808074534,-0.00040754524141726773,-0.00040754524141726773,-0.002206015126530612,483,50,0.0,0.0,0,0,4.65C(69%)-6C,False,constant_two_step,4.65,69.0,6.0,6.0,11.0,6.0,4.798452112221864,10.003225806451614,,True,1.0949361080808082,0.0014655567238952023,1.0952849,1.0954365,1.0951428,-0.0002936999999998413,-1.14459443413729e-05,0.016067178222222225,-0.0010935590000000009,-5.4119840445268995e-06,0.0,31.946988973926523,0.0,35.0716189725971,10.214119579124512,10.21302999999995,10.214119579124512,1.0949361080808082,0.0014655567238952023,-1.14459443413729e-05,1.0954365,1.0951428,-0.0002936999999998413,99,99,99,99,99,99,99
B2,2018-02-20_batchdata_updated_struct_errorcorrect.mat,2018-02-20,14,B2c14,426.0,False,3.6C(30%)-6C,False,461,461,True,True,1.0,461.0,0,False,461,True,False,True,99,-35.0,0.82618046,0.82618046,at_or_below_eol,False,True,0,0,0,0,False,461,36,426.0,True,True,False,1.022039364880694,-0.00046084598195438443,-0.00046084598195438443,-0.0015805784696278512,461,50,0.0,0.0,1,1,3.6C(30%)-6C,False,constant_two_step,3.6,30.0,6.0,6.0,50.0,6.0,4.800000000000001,10.0,,True,1.0792566424242422,0.0035360729254499553,1.0780272,1.0844886,1.0776343,-0.006854300000000091,-0.00010165705627705643,0.016259522828282826,-0.000878801999999998,-4.13502905380334e-06,0.0,32.123877001585356,0.0,35.20046863818076,49.87950749158258,10.241060000000289,10.23842933673479,1.0792566424242422,0.0035360729254499553,-0.00010165705627705643,1.0844886,1.0776343,-0.006854300000000091,99,99,99,99,99,99,98
B2,2018-02-20_batchdata_updated_struct_errorcorrect.mat,2018-02-20,15,B2c15,396.0,False,3.6C(9%)-5C,False,414,414,True,True,1.0,414.0,0,False,414,True,False,True,99,-18.0,0.82608759,0.82608759,at_or_below_eol,False,True,0,0,0,0,False,414,19,396.0,True,True,False,1.030986740410628,-0.00043223285958149903,-0.00043223285958149903,-0.0025531546689075628,414,50,0.0,0.0,0,0,3.6C(9%)-5C,False,constant_two_step,3.6,9.0,5.0,5.0,71.0,5.0,4.790419161676646,10.020000000000001,,True,1.0750435303030301,0.0030415483252091372,1.0765941,1.0697494,1.0770745,0.007325099999999862,9.204142609771162e-05,0.016303822929292926,-0.0009618189999999992,-4.289364106369826e-06,0.0,32.862747677246595,0.0,36.07268366663823,10.173053501683547,10.174996666668449,10.173053501683547,1.0750435303030301,0.0030415483252091372,9.204142609771162e-05,1.0697494,1.0770745,0.007325099999999862,99,99,99,99,99,99,99
B2,2018-02-20_batchdata_updated_struct_errorcorrect.mat,2018-02-20,16,B2c16,472.0,False,4.8C(80%)-4.8C,False,499,499,True,True,1.0,499.0,0,False,499,True,False,True,99,-27.0,0.82648873,0.82648873,at_or_below_eol,False,True,0,0,0,0,False,499,28,472.0,True,True,False,1.0432562763126252,-0.0004179696038109956,-0.0004179696038109956,-0.0020272860941176474,499,50,0.0,0.0,0,0,4.8C(80%)-4.8C,False,constant_two_step,4.8,80.0,4.8,,0.0,4.8,4.8,10.000000000000002,,True,1.0970297515151517,0.0019939284871606953,1.0974309,1.0945363,1.0940695,-0.0004667999999998784,-1.5038863327148822e-05,0.01749052915151515,-0.0002792050000000011,-5.272325664811383e-07,0.0,32.7673986704417,0.0,36.992036254667184,10.171620942760958,10.171568333332349,10.171620942760958,1.0970297515151517,0.0019939284871606953,-1.5038863327148822e-05,1.0945363,1.0940695,-0.0004667999999998784,99,99,99,99,99,99,99
B2,2018-02-20_batchdata_updated_struct_errorcorrect.mat,2018-02-20,17,B2c17,471.0,False,5.6C(26%)-4.5C,False,494,494,True,True,1.0,494.0,0,False,494,True,False,True,99,-23.0,0.8272146,0.8272146,at_or_below_eol,False,True,0,0,0,0,False,494,24,471.0,True,True,False,1.0379657641497975,-0.0004198428949854458,-0.0004198428949854458,-0.002143948485954381,494,50,0.0,0.0,0,0,5.6C(26%)-4.5C,False,constant_two_step,5.6,26.0,4.5,4.5,54.0,5.6,4.8068669527897,9.985714285714286,,True,1.0939235666666667,0.002237246233426176,1.0936327,1.0917177,1.0944375,0.002719799999999939,3.904175881261578e-05,0.017088656323232324,-0.00042510400000000254,-2.0169255411255467e-06,0.0,32.988612809790894,0.0,34.74907966738554,10.181222777777869,10.17710500000006,10.181222777777869,1.0939235666666667,0.002237246233426176,3.904175881261578e-05,1.0917177,1.0944375,0.002719799999999939,99,99,99,99,99,99,99
B2,2018-02-20_batchdata_updated_struct_errorcorrect.mat,2018-02-20,18,B2c18,449.0,False,5.2C(50%)-4.25C,False,467,467,True,True,1.0,467.0,0,False,467,True,False,True,99,-18.0,0.82719898,0.82719898,at_or_below_eol,False,True,0,0,0,0,False,467,19,449.0,True,True,False,1.0435800229764456,-0.0003527059484323441,-0.0003527059484323441,-0.002727957361344538,467,50,0.0,0.0,0,0,5.2C(50%)-4.25C,False,constant_two_step,5.2,50.0,4.25,4.25,30.0,5.2,4.797829036635006,10.00452488687783,,True,1.0825073353535357,0.003542329844150284,1.0825152,1.0756292,1.0858426,0.010213400000000039,0.00011339298701298702,0.016646742727272724,-4.021899999999759e-05,1.74481598021027e-06,0.0,32.88627829858526,0.0,36.40182568496011,10.174147626262663,10.173984999999327,10.174147626262663,1.0825073353535357,0.003542329844150284,0.00011339298701298702,1.0756292,1.0858426,0.010213400000000039,99,99,99,99,99,99,99
B2,2018-02-20_batchdata_updated_struct_errorcorrect.mat,2018-02-20,19,B2c19,392.0,False,6C(60%)-3C,False,411,411,True,True,1.0,411.0,0,False,411,True,False,True,99,-19.0,0.82597393,0.82597393,at_or_below_eol,False,True,0,0,0,0,False,411,20,392.0,True,True,False,1.0522672272262774,-0.00044736649293839267,-0.00044736649293839267,-0.00271392727635054,411,50,0.0,0.0,0,0,6C(60%)-3C,False,constant_two_step,6.0,60.0,3.0,3.0,20.0,6.0,4.8,10.000000000000002,,True,1.094755986868687,0.0028535583597285785,1.0950593,1.0902406,1.0930592,0.0028185999999998934,2.1983457019171042e-05,0.016718258151515154,6.25240000000013e-05,2.473996388373535e-06,0.0,32.770067410122046,0.0,36.54883267067881,10.173763619528666,10.174568333333445,10.173763619528666,1.094755986868687,0.0028535583597285785,2.1983457019171042e-05,1.0902406,1.0930592,0.0028185999999998934,99,99,99,99,99,99,99
B2,2018-02-20_batchdata_updated_struct_errorcorrect.mat,2018-02-20,20,B2c20,489.0,False,5.2C(58%)-4C,False,506,506,True,True,1.0,506.0,0,False,506,True,False,True,99,-17.0,0.82856864,0.82856864,at_or_below_eol,False,True,0,0,0,0,False,506,18,489.0,True,True,False,1.0733269965612648,-0.0003047481416098389,-0.0003047481416098389,-0.0028689688854741896,506,50,0.0,0.0,1,1,5.2C(58%)-4C,False,constant_two_step,5.2,58.0,4.0,4.0,22.0,5.2,4.803695150115473,9.992307692307692,,True,1.1000841181818182,0.0021209181945641823,1.1002773,1.0977259,1.1038647,0.0061388,2.8384829931972855e-05,0.016610858888888892,0.00019093999999999708,2.7170596413110693e-06,0.0,33.61911118506716,0.0,36.88625705741767,49.79333134680135,10.172901666666924,10.172928639455789,1.1000841181818182,0.0021209181945641823,2.8384829931972855e-05,1.0977259,1.1038647,0.0061388,99,99,99,99,99,99,98
B2,2018-02-20_batchdata_updated_struct_errorcorrect.mat,2018-02-20,21,B2c21,408.0,False,6C(60%)-3C,False,426,426,True,True,1.0,426.0,0,False,426,True,False,True,99,-18.0,0.82783753,0.82783753,at_or_below_eol,False,True,0,0,0,0,False,426,19,408.0,True,True,False,1.056567300539906,-0.00045609342706111306,-0.00045609342706111306,-0.0025910788432172865,426,50,0.0,0.0,0,0,6C(60%)-3C,False,constant_two_step,6.0,60.0,3.0,3.0,20.0,6.0,4.8,10.000000000000002,,True,1.1011154092929292,0.01110453899947567,1.1025152,1.0985936,1.1000447,0.0014510999999999274,3.5468214471242686e-05,0.017200276171717172,0.00012853800000000096,2.425776648113796e-06,0.0,33.60118814118363,0.0,38.660766342322724,10.174732340067363,10.174735000000025,10.174732340067363,1.1011154092929292,0.01110453899947567,3.5468214471242686e-05,1.0985936,1.1000447,0.0014510999999999274,99,99,99,99,99,99,99
B2,2018-02-20_batchdata_updated_struct_errorcorrect.mat,2018-02-20,22,B2c22,,True,VarCharge-2C-100cycles,False,920,920,True,True,1.0,920.0,0,False,920,True,False,True,99,,1.0556005,1.0556005,above_eol,False,False,1,1,0,0,False,919,0,,False,False,False,1.0769015913369566,-4.1654711875866745e-05,-3.56401938082875e-05,-0.0001408940216086424,919,50,0.0,0.0,1,1,VarCharge-2C-100cycles,False,variable,,,,,,,,,2.0,False,1.1021826104040404,0.10875360337038596,1.0924413,1.0913191,1.0839342,-0.0073848999999999165,0.000625591035003092,0.021770682,0.0,0.0,0.0,34.50224371401082,0.0,38.12900722940261,33.66724856902348,24.217241666665846,24.214001377550943,1.0913044707142858,0.0106510781124114,-1.4185548988694882e-05,1.0913191,1.0839342,-0.0073848999999999165,99,99,98,99,99,99,98
B2,2018-02-20_batchdata_updated_struct_errorcorrect.mat,2018-02-20,23,B2c23,,True,VarCharge-4C-100cycles,False,1152,1152,True,True,1.0,1152.0,0,False,1152,True,False,True,99,,0.97824305,0.97824305,above_eol,False,False,2,1,0,0,False,1150,0,,False,False,False,1.0534273861111112,-8.03107932338491e-05,-7.968704669484023e-05,-0.0003388210554621852,1150,50,0.0,0.0,2,1,VarCharge-4C-100cycles,False,variable,,,,,,,,,4.0,False,1.0962064574747474,0.1082648818940375,1.089658,1.0904602,1.0753278,-0.015132400000000157,0.0005160051214594931,0.021160888999999992,0.0,0.0,0.0,34.147927604894626,0.0,35.52762158388801,21.78754757575758,12.211763333333268,12.213424642857158,1.0854498825510204,0.01641178177851919,-0.00011966291430610528,1.0904602,1.0753278,-0.015132400000000157,99,99,98,99,99,99,98
B2,2018-02-20_batchdata_updated_struct_errorcorrect.mat,2018-02-20,24,B2c24,514.0,False,4.8C(80%)-4.8C,False,536,536,True,True,1.0,536.0,0,False,536,True,False,True,99,-22.0,0.82615805,0.82615805,at_or_below_eol,False,True,0,0,0,0,False,536,22,514.0,True,True,False,1.055971087835821,-0.00034562679677319557,-0.00034562679677319557,-0.0021597611313325334,536,50,0.0,0.0,0,0,4.8C(80%)-4.8C,False,constant_two_step,4.8,80.0,4.8,,0.0,4.8,4.8,10.000000000000002,,True,1.0963041979797978,0.00242381392904839,1.0962455,1.0923017,1.1019264,0.009624700000000042,4.325509709338285e-05,0.01651537671717172,-0.00014084899999999845,3.192450587507751e-07,0.0,33.206377241160645,0.0,38.17140352057085,10.16999885521886,10.16985833333456,10.16999885521886,1.0963041979797978,0.00242381392904839,4.325509709338285e-05,1.0923017,1.1019264,0.009624700000000042,99,99,99,99,99,99,99
B2,2018-02-20_batchdata_updated_struct_errorcorrect.mat,2018-02-20,25,B2c25,493.0,False,5.2C(58%)-4C,False,511,511,True,True,1.0,511.0,0,False,511,True,False,True,99,-18.0,0.82751423,0.82751423,at_or_below_eol,False,True,0,0,0,0,False,511,19,493.0,True,True,False,1.0720632908414873,-0.0003145100231281297,-0.0003145100231281297,-0.0028603058881152463,511,50,0.0,0.0,0,0,5.2C(58%)-4C,False,constant_two_step,5.2,58.0,4.0,4.0,22.0,5.2,4.803695150115473,9.992307692307692,,True,1.1022470464646466,0.0024452608617701074,1.1022429,1.098838,1.1063702,0.007532199999999989,3.860060482374758e-05,0.01674041588888889,2.3801000000000377e-05,2.039570191713047e-06,0.0,32.23848796399698,0.0,34.442510549892894,10.172931649831627,10.173028333333786,10.172931649831627,1.1022470464646466,0.0024452608617701074,3.860060482374758e-05,1.098838,1.1063702,0.007532199999999989,99,99,99,99,99,99,99
B2,2018-02-20_batchdata_updated_struct_errorcorrect.mat,2018-02-20,26,B2c26,450.0,False,5.6C(26%)-4.5C,False,476,476,True,True,1.0,476.0,0,False,476,True,False,True,99,-26.0,0.82529837,0.82529837,at_or_below_eol,False,True,0,0,0,0,False,476,27,450.0,True,True,False,1.0484273892857143,-0.00045962973116475995,-0.00045962973116475995,-0.0021930619087635055,476,50,0.0,0.0,1,1,5.6C(26%)-4.5C,False,constant_two_step,5.6,26.0,4.5,4.5,54.0,5.6,4.8068669527897,9.985714285714286,,True,1.10416721010101,0.002163467579712804,1.1048003,1.1043522,1.1065354,0.002183200000000163,-1.2231956709956539e-05,0.017700572575757578,-0.0008291710000000001,-4.611881793444654e-06,0.0,33.75843376995604,0.0,36.91322322353181,49.8213119360269,10.177568333333571,10.19580411564622,1.10416721010101,0.002163467579712804,-1.2231956709956539e-05,1.1043522,1.1065354,0.002183200000000163,99,99,99,99,99,99,98
B2,2018-02-20_batchdata_updated_struct_errorcorrect.mat,2018-02-20,27,B2c27,474.0,False,5.2C(50%)-4.25C,False,493,493,True,True,1.0,493.0,0,False,493,True,False,True,99,-19.0,0.8266983,0.8266983,at_or_below_eol,False,True,0,0,0,0,False,493,20,474.0,True,True,False,1.0667488572413792,-0.00034293225458182107,-0.00034293225458182107,-0.002706695776710684,493,50,0.0,0.0,0,0,5.2C(50%)-4.25C,False,constant_two_step,5.2,50.0,4.25,4.25,30.0,5.2,4.797829036635006,10.00452488687783,,True,1.0985360303030303,0.0027241230846826517,1.0980722,1.0925682,1.1031471,0.010578899999999836,8.322792949907228e-05,0.01758869122222222,0.00012275900000000006,2.2818888064316657e-06,0.0,33.30411096115286,0.0,38.09066395642736,10.17464639730628,10.174634999999641,10.17464639730628,1.0985360303030303,0.0027241230846826517,8.322792949907228e-05,1.0925682,1.1031471,0.010578899999999836,99,99,99,99,99,99,99
B2,2018-02-20_batchdata_updated_struct_errorcorrect.mat,2018-02-20,28,B2c28,437.0,False,4.8C(80%)-4.8C,False,456,456,True,True,1.0,456.0,0,False,456,True,False,True,99,-19.0,0.82741743,0.82741743,at_or_below_eol,False,True,0,0,0,0,False,456,20,437.0,True,True,False,1.0485885444736842,-0.00042896409964905533,-0.00042896409964905533,-0.0024083938319327727,456,50,0.0,0.0,1,1,4.8C(80%)-4.8C,False,constant_two_step,4.8,80.0,4.8,,0.0,4.8,4.8,10.000000000000002,,True,1.095054122222222,0.0024796335011265905,1.0951691,1.0904486,1.0995919,0.009143300000000076,5.740212987012978e-05,0.016274739303030306,-0.0006546150000000008,-2.676349313543602e-06,0.0,32.143914131113334,0.0,35.334859521378185,49.80539951178444,10.17329833333303,10.173453112244816,1.095054122222222,0.0024796335011265905,5.740212987012978e-05,1.0904486,1.0995919,0.009143300000000076,99,99,99,99,99,99,98
B2,2018-02-20_batchdata_updated_struct_errorcorrect.mat,2018-02-20,29,B2c29,452.0,False,5.2C(58%)-4C,False,470,470,True,True,1.0,470.0,0,False,470,True,False,True,99,-18.0,0.82541627,0.82541627,at_or_below_eol,False,True,0,0,0,0,False,470,19,452.0,True,True,False,1.0744338018936168,-0.00038843699043184557,-0.00038843699043184557,-0.0028302484648259304,470,50,0.0,0.0,0,0,5.2C(58%)-4C,False,constant_two_step,5.2,58.0,4.0,4.0,22.0,5.2,4.803695150115473,9.992307692307692,,True,1.1100257606060604,0.0037116416563656935,1.1098274,1.1032062,1.1159806,0.012774400000000075,0.00012008288806431686,0.016732251515151515,0.00011061700000000035,2.398047915893623e-06,0.0,31.797490897448796,0.0,34.43823202248059,10.173048585858563,10.172915000000891,10.173048585858563,1.1100257606060604,0.0037116416563656935,0.00012008288806431686,1.1032062,1.1159806,0.012774400000000075,99,99,99,99,99,99,99
B2,2018-02-20_batchdata_updated_struct_errorcorrect.mat,2018-02-20,30,B2c30,412.0,False,5.6C(26%)-4.5C,False,429,429,True,True,1.0,429.0,0,False,429,True,False,True,99,-17.0,0.82665932,0.82665932,at_or_below_eol,False,True,0,0,0,0,False,429,17,412.0,True,True,False,1.0461003535897435,-0.00042765057734180616,-0.00042765057734180616,-0.0028622756677070824,429,50,0.0,0.0,1,1,5.6C(26%)-4.5C,False,constant_two_step,5.6,26.0,4.5,4.5,54.0,5.6,4.8068669527897,9.985714285714286,,True,1.0929829222222223,0.003471648455662709,1.0930492,1.0946374,1.092545,-0.0020923999999999943,-8.503881385281397e-05,0.016883249333333333,-0.001062254999999998,-6.726884254792825e-06,0.0,33.81182141567536,0.0,37.34308786098118,49.82939452861952,10.179339999999987,10.201115306122439,1.0929829222222223,0.003471648455662709,-8.503881385281397e-05,1.0946374,1.092545,-0.0020923999999999943,99,99,99,99,99,99,98
B2,2018-02-20_batchdata_updated_struct_errorcorrect.mat,2018-02-20,31,B2c31,425.0,False,5.6C(26%)-4.5C,False,446,446,True,True,1.0,446.0,0,False,446,True,False,True,99,-21.0,0.82528561,0.82528561,at_or_below_eol,False,True,0,0,0,0,False,446,22,425.0,True,True,False,1.0473955106278028,-0.0004605402924236178,-0.0004605402924236178,-0.002579497927971188,446,50,0.0,0.0,0,0,5.6C(26%)-4.5C,False,constant_two_step,5.6,26.0,4.5,4.5,54.0,5.6,4.8068669527897,9.985714285714286,,True,1.0998533494949494,0.0017860116806856774,1.099452,1.0990092,1.1006228,0.0016135999999999928,3.9791858998144905e-05,0.016325805828282827,-0.0006819260000000028,-3.656670810142243e-06,0.0,33.3758501254003,0.0,35.656391701768925,10.194512441077386,10.178381666667216,10.194512441077386,1.0998533494949494,0.0017860116806856774,3.9791858998144905e-05,1.0990092,1.1006228,0.0016135999999999928,99,99,99,99,99,99,99
B2,2018-02-20_batchdata_updated_struct_errorcorrect.mat,2018-02-20,32,B2c32,809.0,False,4.8C(80%)-4.8C-newstructure,False,834,834,True,True,1.0,834.0,0,False,834,True,False,True,99,-25.0,0.82744044,0.82744044,at_or_below_eol,False,True,0,0,0,0,False,834,26,809.0,True,True,False,1.0444929432374102,-0.00020916778128991656,-0.00020916778128991656,-0.0018280285757503,834,50,0.0,0.0,1,1,4.8C(80%)-4.8C,True,constant_two_step,4.8,80.0,4.8,,0.0,4.8,4.8,10.000000000000002,,True,1.0900473909090909,0.0030514738774422585,1.09124,1.0881557,1.0874337,-0.0007219999999998894,-5.5682572665429874e-05,0.014811171424242424,-5.889600000000099e-05,-2.904050958565243e-07,0.0,32.16894887045923,0.0,33.94637920302099,49.67143777777785,10.04089833333322,10.040991343537481,1.0900473909090909,0.0030514738774422585,-5.5682572665429874e-05,1.0881557,1.0874337,-0.0007219999999998894,99,99,99,99,99,99,98
B2,2018-02-20_batchdata_updated_struct_errorcorrect.mat,2018-02-20,33,B2c33,1140.0,False,5.2C(58%)-4C-newstructure,False,1190,1190,True,True,1.0,1190.0,0,False,1190,True,False,True,99,-50.0,0.82506907,0.82506907,at_or_below_eol,False,True,0,0,0,0,False,1190,51,1140.0,True,True,False,1.0250763915966385,-0.0001372469894745822,-0.0001372469894745822,-0.0010958099044417768,1190,50,0.0,0.0,0,0,5.2C(58%)-4C,True,constant_two_step,5.2,58.0,4.0,4.0,22.0,5.2,4.803695150115473,9.992307692307692,,True,1.0705903191919193,0.015028060800760778,1.0734634,1.0732747,1.0686773,-0.004597399999999974,-0.00012531416326530605,0.014990987444444446,-8.753799999999985e-05,3.81460235003082e-08,0.0,32.74157143407892,0.0,34.30263809635044,10.03956353535346,10.039278333333398,10.03956353535346,1.0705903191919193,0.015028060800760778,-0.00012531416326530605,1.0732747,1.0686773,-0.004597399999999974,99,99,99,99,99,99,99
B2,2018-02-20_batchdata_updated_struct_errorcorrect.mat,2018-02-20,34,B2c34,1186.0,False,5.6C(26%)-4.5C-newstructure,False,1252,1252,True,True,1.0,1252.0,0,False,1252,True,False,True,99,-66.0,0.82562441,0.82562441,at_or_below_eol,False,True,0,0,0,0,False,1252,67,1186.0,True,True,False,1.0173759822044728,-0.00013622753121820156,-0.00013622753121820156,-0.0008469826530612247,1252,50,0.0,0.0,1,1,5.6C(26%)-4.5C,True,constant_two_step,5.6,26.0,4.5,4.5,54.0,5.6,4.8068669527897,9.985714285714286,,True,1.0671324676767675,0.0020980947717854693,1.0681078,1.0671737,1.0644548,-0.0027188999999998575,-5.4562957328385595e-05,0.01495288393939394,-0.00011882799999999964,2.2706116264687573e-07,0.0,35.66789148456313,0.0,38.96110461672359,49.6776396632997,10.040186666666704,10.040434234693901,1.0671324676767675,0.0020980947717854693,-5.4562957328385595e-05,1.0671737,1.0644548,-0.0027188999999998575,99,99,99,99,99,99,98
B2,2018-02-20_batchdata_updated_struct_errorcorrect.mat,2018-02-20,35,B2c35,,True,VarCharge-6C-100cycles,False,423,423,True,True,1.0,423.0,0,False,423,True,False,True,99,,0.88112044,0.88112044,near_eol_above,False,True,1,1,0,0,False,422,0,,False,False,False,0.9947333343026006,-0.00039995078033368785,-0.00038157393612234995,-0.0008733908950780306,422,50,0.0,0.0,1,1,VarCharge-6C-100cycles,False,variable,,,,,,,,,6.0,False,1.0564124238383839,0.10393371169644983,1.0471689,1.0689886,1.0296415,-0.03934709999999986,0.0001818562619666052,0.020666520999999993,0.0,0.0,0.0,36.507257940976096,0.0,38.37857902090733,17.708760673400665,8.09194833333313,8.094846428571415,1.0461600108163265,0.02000537298561485,-0.0004332056712570579,1.0689886,1.0296415,-0.03934709999999986,99,99,98,99,99,99,98
B2,2018-02-20_batchdata_updated_struct_errorcorrect.mat,2018-02-20,36,B2c36,,True,VarCharge-8C-100cycles,False,280,280,True,True,1.0,280.0,0,False,280,True,False,True,99,,0.88107425,0.88107425,near_eol_above,False,True,1,1,0,0,False,279,0,,False,False,False,0.986052948607143,-0.000632874140618594,-0.0006100628117461614,-0.0009553995615846335,279,50,0.0,0.0,1,1,VarCharge-8C-100cycles,False,variable,,,,,,,,,8.0,False,1.0431138077777777,0.10162336243111596,1.032944,1.0722352,1.0034419,-0.06879329999999984,-0.0001730470325293751,0.02033557,0.0,0.0,0.0,38.56623803155033,0.0,41.3959147615797,16.394327962962983,6.78008000000021,6.762870340136079,1.0332139762244896,0.025121457921875714,-0.0007772913502851903,1.0722352,1.0034419,-0.06879329999999984,99,99,98,99,99,99,98
B2,2018-02-20_batchdata_updated_struct_errorcorrect.mat,2018-02-20,37,B2c37,,True,3.6C(80%)-3.6C(SLOWCYCLE,False,101,101,True,True,1.0,101.0,0,False,101,True,False,True,99,,2.1693008,2.1693008,abnormal_endpoint,True,False,2,1,0,0,True,99,0,,False,False,False,1.1056553602970298,0.0012539746003494467,3.972171057513917e-06,2.3596721667376214e-06,99,48,0.0,0.0,2,1,3.6C(80%)-3.6C(SLOWCYCLE,False,slow_cycle_tagged,,,,,,,,,,False,1.0951420817171718,0.10921181852053999,1.0850737,1.0834186,2.1673884,1.0839698000000002,0.0006596153919604207,0.017241923626262628,0.009998608999999999,7.006382634508345e-06,0.0,32.93003403034187,0.0,38.01191656898937,18.21994124579139,13.50422499999986,13.50426811224504,1.084200792755102,0.00874835122567932,3.235107460041246e-06,1.0834186,,,99,99,98,99,99,99,98
B2,2018-02-20_batchdata_updated_struct_errorcorrect.mat,2018-02-20,38,B2c38,,True,4.8C(80%)-4.8C(SLOWCYCLE,False,101,101,True,True,1.0,101.0,0,False,101,True,False,True,99,,2.1653843,2.1653843,abnormal_endpoint,True,False,2,1,0,0,True,99,0,,False,False,False,1.1054814386138612,0.0011976447944088528,-5.042088311688291e-05,1.7643834129395896e-05,99,48,0.0,0.0,2,1,4.8C(80%)-4.8C(SLOWCYCLE,False,slow_cycle_tagged,,,,,,,,,,False,1.0949971717171716,0.10838351697860539,1.0830631,1.0843664,2.1622672,1.0779008,0.0006026548002473719,0.01658499318181818,0.009001521000000002,4.13009146567718e-06,0.0,36.41258964127956,0.0,400.0,14.917342457912511,10.169828333333134,10.168094234693923,1.0841066612244898,0.002307033279229115,-5.2346215787158165e-05,1.0843664,,,99,99,98,91,99,99,98
B2,2018-02-20_batchdata_updated_struct_errorcorrect.mat,2018-02-20,39,B2c39,,True,3.6C(9%)-5C(SLOWCYCLE,False,434,434,True,True,1.0,434.0,0,False,434,True,False,True,99,,0.88120419,0.88120419,near_eol_above,False,True,1,1,0,0,True,433,0,,False,False,False,1.0302679261520737,-0.00038117665072412654,-0.0003629529966479188,-0.0014103686842737095,433,50,0.0,0.0,1,1,3.6C(9%)-5C(SLOWCYCLE,False,slow_cycle_tagged,,,,,,,,,,False,1.0819322909090907,0.10613576032788759,1.072063,1.072063,2.1270139,1.0549509000000001,0.0005717653840445268,0.016808221434343434,0.008042265,1.7960988620902894e-06,0.0,32.886249589388996,0.0,37.62435433742629,14.922638872053804,10.175506666666964,10.173386530612175,1.0712681928571428,0.002507597497760193,-7.018608151789315e-05,1.072063,,,99,99,98,99,99,99,98
B2,2018-02-20_batchdata_updated_struct_errorcorrect.mat,2018-02-20,40,B2c40,,True,5.2C(58%)-4C(SLOWCYCLE,False,459,459,True,True,1.0,459.0,0,False,459,True,False,True,99,,0.88021344,0.88021344,near_eol_above,False,True,1,1,0,0,True,458,0,,False,False,False,1.043905975925926,-0.00037323964765074443,-0.00035591731998039843,-0.0016180444249699881,458,50,1.0,1.0,2,2,5.2C(58%)-4C(SLOWCYCLE,False,slow_cycle_tagged,,,,,,,,,,False,1.0964519373737374,0.10815573986359557,1.0853851,1.0839667,2.1616216,1.0776549000000002,0.0006366557897340756,,,,1.0,32.46931392128253,1.0,36.705870270590154,54.54489562289566,10.173168333332676,10.173126718213089,1.0855828591836734,0.0014617313741140754,-1.596793986573065e-05,1.0839667,,,99,0,98,99,99,99,97
B2,2018-02-20_batchdata_updated_struct_errorcorrect.mat,2018-02-20,41,B2c41,442.0,False,5.6C(26%)-4.5C,False,463,463,True,True,1.0,463.0,0,False,463,True,False,True,99,-21.0,0.82606894,0.82606894,at_or_below_eol,False,True,0,0,0,0,False,463,22,442.0,True,True,False,1.0566019923326135,-0.00044888290740865224,-0.00044888290740865224,-0.0023738864129651863,463,50,1.0,1.0,1,1,5.6C(26%)-4.5C,False,constant_two_step,5.6,26.0,4.5,4.5,54.0,5.6,4.8068669527897,9.985714285714286,,True,1.1059561515151515,0.001773037623849087,1.1059666,1.1049188,1.108752,0.00383319999999987,2.399820408163264e-05,,,,1.0,30.193787010451164,1.0,32.72284623520075,49.81976715488214,10.177141666666527,10.189121445578202,1.1059561515151515,0.001773037623849087,2.399820408163264e-05,1.1049188,1.108752,0.00383319999999987,99,0,99,99,99,99,98
B2,2018-02-20_batchdata_updated_struct_errorcorrect.mat,2018-02-20,42,B2c42,474.0,False,5.2C(50%)-4.25C,False,497,497,True,True,1.0,497.0,0,False,497,True,False,True,99,-23.0,0.82577723,0.82577723,at_or_below_eol,False,True,0,0,0,0,False,497,24,474.0,True,True,False,1.0665172140643862,-0.0004054030141703309,-0.0004054030141703309,-0.0022178117752701077,497,50,1.0,1.0,0,0,5.2C(50%)-4.25C,False,constant_two_step,5.2,50.0,4.25,4.25,30.0,5.2,4.797829036635006,10.00452488687783,,True,1.107131119191919,0.003431546416368161,1.1068239,1.1024443,1.1133598,0.010915500000000078,8.583347433518891e-05,,,,1.0,31.709620029469267,1.0,35.574378964676875,10.175111565656564,10.175185000000056,10.175111565656564,1.107131119191919,0.003431546416368161,8.583347433518891e-05,1.1024443,1.1133598,0.010915500000000078,99,0,99,99,99,99,99
B2,2018-02-20_batchdata_updated_struct_errorcorrect.mat,2018-02-20,43,B2c43,1029.0,False,4.8C(80%)-4.8C-newstructure,False,1061,1061,True,True,1.0,1061.0,0,False,1061,True,False,True,99,-32.0,0.82532436,0.82532436,at_or_below_eol,False,True,0,0,0,0,False,1061,33,1029.0,True,True,False,1.0602723944957588,-0.0001568941633669877,-0.0001568941633669877,-0.0015570627697478992,1061,50,1.0,1.0,0,0,4.8C(80%)-4.8C,True,constant_two_step,4.8,80.0,4.8,,0.0,4.8,4.8,10.000000000000002,,True,1.0986638707070708,0.0032284877935201545,1.1002626,1.0974334,1.0966223,-0.0008110999999999535,-7.295969944341347e-05,,,,1.0,33.92914533704784,1.0,36.97438163334141,10.036751245791278,10.03683833333295,10.036751245791278,1.0986638707070708,0.0032284877935201545,-7.295969944341347e-05,1.0974334,1.0966223,-0.0008110999999999535,99,0,99,99,99,99,99
B2,2018-02-20_batchdata_updated_struct_errorcorrect.mat,2018-02-20,44,B2c44,841.0,False,5.2C(58%)-4C-newstructure,False,874,874,True,True,1.0,874.0,0,False,874,True,False,True,99,-33.0,0.82503617,0.82503617,at_or_below_eol,False,True,0,0,0,0,False,874,34,841.0,True,True,False,1.064464921064073,-0.00018261170501879983,-0.00018261170501879983,-0.001609718917647059,874,50,1.0,1.0,1,1,5.2C(58%)-4C,True,constant_two_step,5.2,58.0,4.0,4.0,22.0,5.2,4.803695150115473,9.992307692307692,,True,1.0976287414141412,0.001290630019939643,1.0979879,1.09659,1.0974951,0.000905099999999992,-2.4462076685219143e-05,,,,1.0,33.95995836968299,1.0,36.8790253111546,49.66138013468012,10.04033000000054,10.040506156462564,1.0976287414141412,0.001290630019939643,-2.4462076685219143e-05,1.09659,1.0974951,0.000905099999999992,99,0,99,99,99,99,98
B2,2018-02-20_batchdata_updated_struct_errorcorrect.mat,2018-02-20,45,B2c45,997.0,False,5.6C(26%)-4.5C-newstructure,False,1027,1027,True,True,1.0,1027.0,0,False,1027,True,False,True,99,-30.0,0.82734823,0.82734823,at_or_below_eol,False,True,0,0,0,0,False,1027,31,997.0,True,True,False,1.0632868345277506,-0.00016984362345319955,-0.00016984362345319955,-0.0015052697253301317,1027,50,1.0,1.0,0,0,5.6C(26%)-4.5C,True,constant_two_step,5.6,26.0,4.5,4.5,54.0,5.6,4.8068669527897,9.985714285714286,,True,1.1012188434343433,0.008355580481589457,1.1029439,1.1030351,1.0995457,-0.003489400000000087,-7.610656895485454e-05,,,,1.0,35.271412144027664,1.0,37.86687606904902,10.040190555555519,10.040363333333516,10.040190555555519,1.1012188434343433,0.008355580481589457,-7.610656895485454e-05,1.1030351,1.0995457,-0.003489400000000087,99,0,99,99,99,99,99
B2,2018-02-20_batchdata_updated_struct_errorcorrect.mat,2018-02-20,46,B2c46,503.0,False,4.8C(80%)-4.8C,False,523,523,True,True,1.0,523.0,0,False,523,True,False,True,99,-20.0,0.82638663,0.82638663,at_or_below_eol,False,True,0,0,0,0,False,523,21,503.0,True,True,False,1.0548406268260038,-0.00037451619565193685,-0.00037451619565193685,-0.002298119283553421,523,50,1.0,1.0,1,1,4.8C(80%)-4.8C,False,constant_two_step,4.8,80.0,4.8,,0.0,4.8,4.8,10.000000000000002,,True,1.102562018181818,0.0023167815676310576,1.1025497,1.100943,1.0998453,-0.0010977000000000903,1.963826963512669e-05,,,,1.0,29.88150861827619,1.0,31.01220065415558,49.80284373737375,10.169801666667142,10.169808435374172,1.102562018181818,0.0023167815676310576,1.963826963512669e-05,1.100943,1.0998453,-0.0010977000000000903,99,0,99,99,99,99,98
B3,2018-04-12_batchdata_updated_struct_errorcorrect.mat,2018-04-12,0,B3c0,1009.0,False,5C(67%)-4C-newstructure,False,1008,1008,True,True,1.0,1008.0,0,False,1008,True,False,True,99,1.0,0.8804329,0.8804329,near_eol_above,False,True,0,0,0,0,False,1008,0,,False,False,True,1.0370843950892856,-0.00011533658870556301,-0.00011533658870556301,-0.001175034908523409,1008,50,0.0,0.0,0,0,5C(67%)-4C,True,constant_two_step,5.0,67.0,4.0,4.0,13.0,5.0,4.804804804804805,9.99,,True,1.0703864353535353,0.0006524584907139318,1.0705535,1.0674551,1.0694544,0.001999299999999815,-5.346195423623609e-06,0.015235852282828284,-0.00012841200000000136,-1.5616889301175182e-07,0.0,32.194853230782606,0.0,33.560153344027476,10.042610084175084,10.042381666666673,10.042610084175084,1.0703864353535353,0.0006524584907139318,-5.346195423623609e-06,1.0674551,1.0694544,0.001999299999999815,99,99,99,99,99,99,99
B3,2018-04-12_batchdata_updated_struct_errorcorrect.mat,2018-04-12,1,B3c1,1063.0,False,5.3C(54%)-4C-newstructure,False,1062,1062,True,True,1.0,1062.0,0,False,1062,True,False,True,99,1.0,0.8802734,0.8802734,near_eol_above,False,True,0,0,0,0,False,1062,0,,False,False,True,1.0321485882485875,-0.00011487779986476958,-0.00011487779986476958,-0.0008629615558223289,1062,50,0.0,0.0,0,0,5.3C(54%)-4C,True,constant_two_step,5.3,54.0,4.0,4.0,26.0,5.3,4.7936687394007915,10.013207547169811,,True,1.0677216717171716,0.0007058329505554828,1.0678484,1.0650603,1.0664777,0.001417400000000013,-1.4719340754483133e-05,0.014984559090909092,-0.00010282300000000015,2.751159431045164e-07,0.0,34.83231929224147,0.0,37.98835277556221,10.041381363636303,10.041276666666574,10.041381363636303,1.0677216717171716,0.0007058329505554828,-1.4719340754483133e-05,1.0650603,1.0664777,0.001417400000000013,99,99,99,99,99,99,99
B3,2018-04-12_batchdata_updated_struct_errorcorrect.mat,2018-04-12,2,B3c2,1267.0,False,5.6C(19%)-4.6C-newstructure,False,1266,1266,True,True,1.0,1266.0,0,False,1266,True,False,True,99,1.0,0.88013124,0.88013124,near_eol_above,False,True,0,0,0,0,False,1266,0,,False,False,True,1.0215000888309635,-0.00010527000484311219,-0.00010527000484311219,-0.0005263908835534215,1266,50,0.0,0.0,0,0,5.6C(19%)-4.6C,True,constant_two_step,5.6,19.0,4.6,4.6,61.0,5.6,4.803729603729602,9.992236024844724,,True,1.0620735151515153,0.0007432407954856966,1.0622195,1.060818,1.0606135,-0.00020449999999994084,-2.0391179962894333e-05,0.014618566616161614,-0.0004166900000000008,-1.4442209647495353e-06,0.0,36.79033178065713,0.0,40.5242590441136,10.043663265993228,10.043701666666312,10.043663265993228,1.0620735151515153,0.0007432407954856966,-2.0391179962894333e-05,1.060818,1.0606135,-0.00020449999999994084,99,99,99,99,99,99,99
B3,2018-04-12_batchdata_updated_struct_errorcorrect.mat,2018-04-12,3,B3c3,1115.0,False,5.6C(36%)-4.3C-newstructure,False,1114,1114,True,True,1.0,1114.0,0,False,1114,True,False,True,99,1.0,0.88058406,0.88058406,near_eol_above,False,True,0,0,0,0,False,1114,0,,False,False,True,1.02900519491921,-0.00010984337832921076,-0.00010984337832921076,-0.0007853157286914767,1114,50,0.0,0.0,0,0,5.6C(36%)-4.3C,True,constant_two_step,5.6,36.0,4.3,4.3,44.0,5.6,4.8015952143569285,9.996677740863788,,True,1.0646530202020204,0.0006100444145723906,1.0647986,1.0628892,1.0635946,0.0007053999999999672,-1.2654854669140369e-05,0.014999963767676767,5.60549999999993e-05,6.697871243042655e-07,0.0,36.08374244976545,0.0,39.4408972847914,10.041502946127975,10.04134666666602,10.041502946127975,1.0646530202020204,0.0006100444145723906,-1.2654854669140369e-05,1.0628892,1.0635946,0.0007053999999999672,99,99,99,99,99,99,99
B3,2018-04-12_batchdata_updated_struct_errorcorrect.mat,2018-04-12,4,B3c4,1048.0,False,5.6C(19%)-4.6C-newstructure,False,1047,1047,True,True,1.0,1047.0,0,False,1047,True,False,True,99,1.0,0.88001466,0.88001466,near_eol_above,False,True,0,0,0,0,False,1047,0,,False,False,True,1.0357605982712512,-0.0001312076273760105,-0.0001312076273760105,-0.0007900741723889557,1047,50,0.0,0.0,0,0,5.6C(19%)-4.6C,True,constant_two_step,5.6,19.0,4.6,4.6,61.0,5.6,4.803729603729602,9.992236024844724,,True,1.0745377696969698,0.0004883712387389834,1.0746464,1.0724765,1.0738586,0.0013821000000000527,-5.233104514533014e-06,0.015129103909090906,-6.733400000000049e-05,4.57650463821876e-08,0.0,32.11715379681872,0.0,32.98110366119803,10.045573973063998,10.045795000000119,10.045573973063998,1.0745377696969698,0.0004883712387389834,-5.233104514533014e-06,1.0724765,1.0738586,0.0013821000000000527,99,99,99,99,99,99,99
B3,2018-04-12_batchdata_updated_struct_errorcorrect.mat,2018-04-12,5,B3c5,828.0,False,5.6C(36%)-4.3C-newstructure,False,827,827,True,True,1.0,827.0,0,False,827,True,False,True,99,1.0,0.88066918,0.88066918,near_eol_above,False,True,0,0,0,0,False,827,0,,False,False,True,1.0193263985247885,-0.0001394801050907202,-0.0001394801050907202,-0.0011513090626650664,827,50,0.0,0.0,0,0,5.6C(36%)-4.3C,True,constant_two_step,5.6,36.0,4.3,4.3,44.0,5.6,4.8015952143569285,9.996677740863788,,True,1.0531571414141414,0.0006473749251210896,1.0533998,1.0514506,1.0518515,0.00040090000000003734,-1.6020900432900766e-05,0.01518261805050505,-0.00016723399999999874,-2.4550564007421125e-07,0.0,35.56013985266867,0.0,39.69079276471186,10.042010656565727,10.042009999999815,10.042010656565727,1.0531571414141414,0.0006473749251210896,-1.6020900432900766e-05,1.0514506,1.0518515,0.00040090000000003734,99,99,99,99,99,99,99
B3,2018-04-12_batchdata_updated_struct_errorcorrect.mat,2018-04-12,6,B3c6,667.0,False,3.7C(31%)-5.9C-newstructure,False,666,666,True,True,1.0,666.0,0,False,666,True,False,True,99,1.0,0.88052577,0.88052577,near_eol_above,False,True,0,0,0,0,False,666,0,,False,False,True,0.9891048908858858,-0.00025032909763183847,-0.00025032909763183847,-0.0006033662761104441,666,50,0.0,0.0,0,0,3.7C(31%)-5.9C,True,constant_two_step,3.7,31.0,5.9,5.9,49.0,5.9,4.795167490389896,10.010077874484654,,True,1.053759712121212,0.005816926229692818,1.0537841,1.0626124,1.04378,-0.01883239999999997,-0.00020239778849721706,0.013730660939393938,0.00032014799999999927,2.6704043661100807e-06,0.0,34.1072055276095,0.0,36.98765147763979,10.080923367003404,10.077968333333168,10.080923367003404,1.053759712121212,0.005816926229692818,-0.00020239778849721706,1.0626124,1.04378,-0.01883239999999997,99,99,99,99,99,99,99
B3,2018-04-12_batchdata_updated_struct_errorcorrect.mat,2018-04-12,7,B3c7,1836.0,False,4.8C(80%)-4.8C-newstructure,False,1835,1835,True,True,1.0,1835.0,0,False,1835,True,False,True,99,1.0,0.88036358,0.88036358,near_eol_above,False,True,0,0,0,0,False,1835,0,,False,False,True,1.0275107895531337,-7.564072162750049e-05,-7.564072162750049e-05,-0.0004592901200480193,1835,50,0.0,0.0,0,0,4.8C(80%)-4.8C,True,constant_two_step,4.8,80.0,4.8,,0.0,4.8,4.8,10.000000000000002,,True,1.0701774252525253,0.0006324969512459371,1.0703373,1.0675218,1.0684743,0.0009525000000001338,-2.3574483611627117e-06,0.015428265515151515,-3.5402999999999823e-05,2.5414660482374796e-07,0.0,32.79694473003086,0.0,34.27477909930834,11.040740218855252,11.038663333333291,11.040740218855252,1.0701774252525253,0.0006324969512459371,-2.3574483611627117e-06,1.0675218,1.0684743,0.0009525000000001338,99,99,99,99,99,99,99
B3,2018-04-12_batchdata_updated_struct_errorcorrect.mat,2018-04-12,8,B3c8,828.0,False,5C(67%)-4C-newstructure,False,827,827,True,True,1.0,827.0,0,False,827,True,False,True,99,1.0,0.88094097,0.88094097,near_eol_above,False,True,0,0,0,0,False,827,0,,False,False,True,1.0365409343288996,-0.0001380422314158613,-0.0001380422314158613,-0.0014098233090036009,827,50,0.0,0.0,0,0,5C(67%)-4C,True,constant_two_step,5.0,67.0,4.0,4.0,13.0,5.0,4.804804804804805,9.99,,True,1.068006090909091,0.0006720693559464083,1.0682427,1.0647362,1.067026,0.0022898000000000085,-3.308951144093748e-06,0.015253319353535355,-0.00017268099999999918,-5.310785157699456e-07,0.0,33.05552416009523,0.0,35.07929651965403,10.043270673400722,10.043123333332671,10.043270673400722,1.068006090909091,0.0006720693559464083,-3.308951144093748e-06,1.0647362,1.067026,0.0022898000000000085,99,99,99,99,99,99,99
B3,2018-04-12_batchdata_updated_struct_errorcorrect.mat,2018-04-12,9,B3c9,1039.0,False,5.3C(54%)-4C-newstructure,False,1038,1038,True,True,1.0,1038.0,0,False,1038,True,False,True,99,1.0,0.8801114,0.8801114,near_eol_above,False,True,0,0,0,0,False,1038,0,,False,False,True,1.0411658946435456,-0.00011586106551585666,-0.00011586106551585666,-0.001051438628091237,1038,50,0.0,0.0,0,0,5.3C(54%)-4C,True,constant_two_step,5.3,54.0,4.0,4.0,26.0,5.3,4.7936687394007915,10.013207547169811,,True,1.0728593262626263,0.0005937099552272031,1.0729898,1.0694826,1.0724456,0.002963000000000049,6.680531849102647e-07,0.0157985837979798,-2.9396000000000977e-05,4.882702906617171e-07,0.0,33.08832983925303,0.0,35.09617884754773,10.04115065656567,10.041699999999643,10.04115065656567,1.0728593262626263,0.0005937099552272031,6.680531849102647e-07,1.0694826,1.0724456,0.002963000000000049,99,99,99,99,99,99,99
B3,2018-04-12_batchdata_updated_struct_errorcorrect.mat,2018-04-12,10,B3c10,1078.0,False,4.8C(80%)-4.8C-newstructure,False,1077,1077,True,True,1.0,1077.0,0,False,1077,True,False,True,99,1.0,0.88064086,0.88064086,near_eol_above,False,True,0,0,0,0,False,1077,0,,False,False,True,1.0297912637790159,-0.00011423106924800193,-0.00011423106924800193,-0.00075920480912365,1077,50,0.0,0.0,0,0,4.8C(80%)-4.8C,True,constant_two_step,4.8,80.0,4.8,,0.0,4.8,4.8,10.000000000000002,,True,1.06437858989899,0.0006076820119536643,1.0644875,1.0617746,1.0623909,0.0006163000000001251,-2.875965367965766e-06,0.01537307471717172,-0.00014386399999999876,-9.643763760049048e-08,0.0,32.5348014795901,0.0,34.79216549532189,11.039443922558931,11.038110000000112,11.039443922558931,1.06437858989899,0.0006076820119536643,-2.875965367965766e-06,1.0617746,1.0623909,0.0006163000000001251,99,99,99,99,99,99,99
B3,2018-04-12_batchdata_updated_struct_errorcorrect.mat,2018-04-12,11,B3c11,817.0,False,5.6C(19%)-4.6C-newstructure,False,816,816,True,True,1.0,816.0,0,False,816,True,False,True,99,1.0,0.88113368,0.88113368,near_eol_above,False,True,0,0,0,0,False,816,0,,False,False,True,1.032141981629902,-0.0001620456816727675,-0.0001620456816727675,-0.0011179723654261707,816,50,0.0,0.0,0,0,5.6C(19%)-4.6C,True,constant_two_step,5.6,19.0,4.6,4.6,61.0,5.6,4.803729603729602,9.992236024844724,,True,1.0698276717171717,0.000735737434592881,1.0700663,1.0680679,1.0682998,0.0002318999999999516,-1.768216573902283e-05,0.015524714272727273,-4.955999999999884e-05,4.653178726035929e-08,0.0,34.20373702283128,0.0,37.60932852326845,10.042466936026983,10.04273000000006,10.042466936026983,1.0698276717171717,0.000735737434592881,-1.768216573902283e-05,1.0680679,1.0682998,0.0002318999999999516,99,99,99,99,99,99,99
B3,2018-04-12_batchdata_updated_struct_errorcorrect.mat,2018-04-12,12,B3c12,932.0,False,5.6C(36%)-4.3C-newstructure,False,931,931,True,True,1.0,931.0,0,False,931,True,False,True,99,1.0,0.88080788,0.88080788,near_eol_above,False,True,0,0,0,0,False,931,0,,False,False,True,1.0439057088506982,-0.00013286055868954837,-0.00013286055868954837,-0.0011673733527010803,931,50,0.0,0.0,0,0,5.6C(36%)-4.3C,True,constant_two_step,5.6,36.0,4.3,4.3,44.0,5.6,4.8015952143569285,9.996677740863788,,True,1.0763353797979798,0.0005043662948528863,1.0765018,1.0741653,1.0755343,0.0013689999999999536,-6.6794632034632396e-06,0.016047835363636364,-4.0385999999999894e-05,3.854761657390229e-07,0.0,33.2205731520236,0.0,35.542101100869175,10.042442037037002,10.042369999999938,10.042442037037002,1.0763353797979798,0.0005043662948528863,-6.6794632034632396e-06,1.0741653,1.0755343,0.0013689999999999536,99,99,99,99,99,99,99
B3,2018-04-12_batchdata_updated_struct_errorcorrect.mat,2018-04-12,13,B3c13,816.0,False,5.6C(19%)-4.6C-newstructure,False,815,815,True,True,1.0,815.0,0,False,815,True,False,True,99,1.0,0.88024569,0.88024569,near_eol_above,False,True,0,0,0,0,False,815,0,,False,False,True,1.0304232640981594,-0.00016365930670235866,-0.00016365930670235866,-0.0011581062506602641,815,50,0.0,0.0,0,0,5.6C(19%)-4.6C,True,constant_two_step,5.6,19.0,4.6,4.6,61.0,5.6,4.803729603729602,9.992236024844724,,True,1.0687136323232325,0.0008052083454341315,1.0689275,1.065558,1.067306,0.0017480000000000828,-1.2185193568336118e-05,0.015128562717171716,-0.00014514099999999967,-9.002399257884988e-07,0.0,34.11768528185422,0.0,37.233278981795394,10.042358249158227,10.04230333333253,10.042358249158227,1.0687136323232325,0.0008052083454341315,-1.2185193568336118e-05,1.065558,1.067306,0.0017480000000000828,99,99,99,99,99,99,99
B3,2018-04-12_batchdata_updated_struct_errorcorrect.mat,2018-04-12,14,B3c14,858.0,False,5.6C(36%)-4.3C-newstructure,False,857,857,True,True,1.0,857.0,0,False,857,True,False,True,99,1.0,0.88065648,0.88065648,near_eol_above,False,True,0,0,0,0,False,857,0,,False,False,True,1.0423407685647608,-0.00015154926584941904,-0.00015154926584941904,-0.0012606033925570228,857,50,0.0,0.0,0,0,5.6C(36%)-4.3C,True,constant_two_step,5.6,36.0,4.3,4.3,44.0,5.6,4.8015952143569285,9.996677740863788,,True,1.077015806060606,0.0007718267956037002,1.0772191,1.0727056,1.0763919,0.0036863000000000312,4.6361076066786625e-06,0.015551921989898992,-7.740999999999998e-05,7.034149659866064e-09,0.0,33.11953606667905,0.0,35.48777029470216,10.041858265993287,10.04188833333319,10.041858265993287,1.077015806060606,0.0007718267956037002,4.6361076066786625e-06,1.0727056,1.0763919,0.0036863000000000312,99,99,99,99,99,99,99
B3,2018-04-12_batchdata_updated_struct_errorcorrect.mat,2018-04-12,15,B3c15,876.0,False,5.9C(15%)-4.6C-newstructure,False,875,875,True,True,1.0,875.0,0,False,875,True,False,True,99,1.0,0.88058048,0.88058048,near_eol_above,False,True,0,0,0,0,False,875,0,,False,False,True,1.0325300184685715,-0.0001536638698994658,-0.0001536638698994658,-0.001080214085954382,875,50,0.0,0.0,0,0,5.9C(15%)-4.6C,True,constant_two_step,5.9,15.0,4.6,4.6,65.0,5.9,4.798232044198895,10.003684598378777,,True,1.070546722222222,0.000644199376944936,1.0708133,1.0684187,1.0693594,0.0009406999999999055,-1.1564622139765344e-05,0.015306011222222221,-9.027200000000062e-05,-2.386809523809512e-07,0.0,33.51055049283859,0.0,36.80771071001127,10.04163658249164,10.041688333333392,10.04163658249164,1.070546722222222,0.000644199376944936,-1.1564622139765344e-05,1.0684187,1.0693594,0.0009406999999999055,99,99,99,99,99,99,99
B3,2018-04-12_batchdata_updated_struct_errorcorrect.mat,2018-04-12,16,B3c16,1638.0,False,4.8C(80%)-4.8C-newstructure,False,1637,1637,True,True,1.0,1637.0,0,False,1637,True,False,True,99,1.0,0.88014877,0.88014877,near_eol_above,False,True,0,0,0,0,False,1637,0,,False,False,True,1.0205987454673182,-8.193574698055492e-05,-8.193574698055492e-05,-0.0004698404629051618,1637,50,0.0,0.0,0,0,4.8C(80%)-4.8C,True,constant_two_step,4.8,80.0,4.8,,0.0,4.8,4.8,10.000000000000002,,True,1.0635088555555554,0.0007077409654153116,1.0636877,1.061009,1.0625579,0.0015488999999999642,-9.691301175015842e-06,0.015311050717171716,-0.00012093599999999857,-4.454870377241795e-07,0.0,34.94134876933804,0.0,37.832425406113444,11.040587407407404,11.040201666666933,11.040587407407404,1.0635088555555554,0.0007077409654153116,-9.691301175015842e-06,1.061009,1.0625579,0.0015488999999999642,99,99,99,99,99,99,99
B3,2018-04-12_batchdata_updated_struct_errorcorrect.mat,2018-04-12,17,B3c17,1315.0,False,5.3C(54%)-4C-newstructure,False,1314,1314,True,True,1.0,1314.0,0,False,1314,True,False,True,99,1.0,0.88043362,0.88043362,near_eol_above,False,True,0,0,0,0,False,1314,0,,False,False,True,1.0262119733866057,-0.0001027781254075429,-0.0001027781254075429,-0.0005940092211284511,1314,50,0.0,0.0,0,0,5.3C(54%)-4C,True,constant_two_step,5.3,54.0,4.0,4.0,26.0,5.3,4.7936687394007915,10.013207547169811,,True,1.067047807070707,0.0013914454244544443,1.0672884,1.0664514,1.0664585,7.0999999999266095e-06,-5.833125541125628e-06,0.015443586646464644,-0.00016227499999999992,-1.6918838342609752e-06,0.0,35.07228784758459,0.0,37.40160198756502,10.042102811447801,10.042456666666356,10.042102811447801,1.067047807070707,0.0013914454244544443,-5.833125541125628e-06,1.0664514,1.0664585,7.0999999999266095e-06,99,99,99,99,99,99,99
B3,2018-04-12_batchdata_updated_struct_errorcorrect.mat,2018-04-12,18,B3c18,1146.0,False,5.6C(19%)-4.6C-newstructure,False,1145,1145,True,True,1.0,1145.0,0,False,1145,True,False,True,99,1.0,0.88003904,0.88003904,near_eol_above,False,True,0,0,0,0,False,1145,0,,False,False,True,1.027860670489083,-0.0001185696447098707,-0.0001185696447098707,-0.0006283489527010802,1145,50,0.0,0.0,0,0,5.6C(19%)-4.6C,True,constant_two_step,5.6,19.0,4.6,4.6,61.0,5.6,4.803729603729602,9.992236024844724,,True,1.0688689090909091,0.0009466437939751168,1.0691222,1.0680237,1.0670015,-0.0010221999999999731,-2.9274941249226633e-05,0.015015526535353539,-3.7439999999999696e-05,1.9280044526901905e-07,0.0,35.2914180269327,0.0,37.97024186611959,10.04310829966328,10.043134999999893,10.04310829966328,1.0688689090909091,0.0009466437939751168,-2.9274941249226633e-05,1.0680237,1.0670015,-0.0010221999999999731,99,99,99,99,99,99,99
B3,2018-04-12_batchdata_updated_struct_errorcorrect.mat,2018-04-12,19,B3c19,1155.0,False,5.6C(36%)-4.3C-newstructure,False,1154,1154,True,True,1.0,1154.0,0,False,1154,True,False,True,99,1.0,0.88007373,0.88007373,near_eol_above,False,True,0,0,0,0,False,1154,0,,False,False,True,1.0310134918717504,-0.00011997751487086688,-0.00011997751487086688,-0.0006588598775510205,1154,50,0.0,0.0,0,0,5.6C(36%)-4.3C,True,constant_two_step,5.6,36.0,4.3,4.3,44.0,5.6,4.8015952143569285,9.996677740863788,,True,1.0727208262626262,0.0009325075486465627,1.072965,1.0719248,1.0708553,-0.0010694999999998345,-2.969135807050069e-05,0.01546349318181818,-4.249000000000093e-05,2.1412432900432812e-07,0.0,35.09835953689969,0.0,37.876070766588285,10.043189629629584,10.043324999999944,10.043189629629584,1.0727208262626262,0.0009325075486465627,-2.969135807050069e-05,1.0719248,1.0708553,-0.0010694999999998345,99,99,99,99,99,99,99
B3,2018-04-12_batchdata_updated_struct_errorcorrect.mat,2018-04-12,20,B3c20,813.0,False,5C(67%)-4C-newstructure,False,812,812,True,True,1.0,812.0,0,False,812,True,False,True,99,1.0,0.88059181,0.88059181,near_eol_above,False,True,0,0,0,0,False,812,0,,False,False,True,1.036826159458128,-0.00013913789790185902,-0.00013913789790185902,-0.0013911205675870356,812,50,0.0,0.0,0,0,5C(67%)-4C,True,constant_two_step,5.0,67.0,4.0,4.0,13.0,5.0,4.804804804804805,9.99,,True,1.067449897979798,0.0005548609507703324,1.0676023,1.0650502,1.0664401,0.001389899999999944,-7.154074211502926e-06,0.015263322232323233,-7.635700000000085e-05,4.538381818181803e-07,0.0,33.10212248197412,0.0,35.739254750947524,10.043380471380493,10.043170000000584,10.043380471380493,1.067449897979798,0.0005548609507703324,-7.154074211502926e-06,1.0650502,1.0664401,0.001389899999999944,99,99,99,99,99,99,99
B3,2018-04-12_batchdata_updated_struct_errorcorrect.mat,2018-04-12,21,B3c21,772.0,False,3.7C(31%)-5.9C-newstructure,False,771,771,True,True,1.0,771.0,0,False,771,True,False,True,99,1.0,0.8801983,0.8801983,near_eol_above,False,True,0,0,0,0,False,771,0,,False,False,True,1.0041614795071336,-0.00019544355410356463,-0.00019544355410356463,-0.0008779791442977193,771,50,0.0,0.0,0,0,3.7C(31%)-5.9C,True,constant_two_step,3.7,31.0,5.9,5.9,49.0,5.9,4.795167490389896,10.010077874484654,,True,1.0619781898989897,0.004597956502521592,1.0622308,1.0678563,1.0538316,-0.014024700000000001,-0.00015949170191713045,0.014093014131313133,0.00023393700000000003,2.0310011997526298e-06,0.0,34.900399416468076,0.0,37.9177756860133,10.079161515151517,10.075993333333463,10.079161515151517,1.0619781898989897,0.004597956502521592,-0.00015949170191713045,1.0678563,1.0538316,-0.014024700000000001,99,99,99,99,99,99,99
B3,2018-04-12_batchdata_updated_struct_errorcorrect.mat,2018-04-12,22,B3c22,1002.0,False,5.9C(60%)-3.1C-newstructure,False,1001,1001,True,True,1.0,1001.0,0,False,1001,True,False,True,99,1.0,0.88094068,0.88094068,near_eol_above,False,True,0,0,0,0,False,1001,0,,False,False,True,1.0299608239660338,-9.682630321821892e-05,-9.682630321821892e-05,-0.0013898837987995193,1001,50,0.0,0.0,0,0,5.9C(60%)-3.1C,True,constant_two_step,5.9,60.0,3.1,3.1,20.0,5.9,4.813157894736842,9.972662657189721,,True,1.0581549232323233,0.0006720843655782787,1.0583824,1.0562643,1.0569046,0.000640299999999927,-1.598876437847878e-05,0.015685687353535354,-0.00012298300000000012,-2.7935616573902586e-07,0.0,34.61069656408486,0.0,37.5322343873043,10.04255023569017,10.042931666666602,10.04255023569017,1.0581549232323233,0.0006720843655782787,-1.598876437847878e-05,1.0562643,1.0569046,0.000640299999999927,99,99,99,99,99,99,99
B3,2018-04-12_batchdata_updated_struct_errorcorrect.mat,2018-04-12,23,B3c23,,True,4.8C(80%)-4.8C-newstructure,False,2189,2189,True,True,1.0,2189.0,0,False,2189,True,False,True,99,,0.93701142,0.93701142,above_eol,False,False,0,0,0,0,False,2189,0,,False,False,False,1.0279130271402468,-4.5828746737642765e-05,-4.5828746737642765e-05,-0.00027834216710684285,2189,50,0.0,0.0,0,0,4.8C(80%)-4.8C,True,constant_two_step,4.8,80.0,4.8,,0.0,4.8,4.8,10.000000000000002,,False,1.0681112222222222,0.0005980094640496638,1.0682908,1.0661554,1.0669227,0.0007672999999999153,-5.331878787878802e-06,0.01526148087878788,-7.400299999999957e-05,-1.486416079158952e-07,0.0,34.929390162261846,0.0,38.202055623468546,11.038375218855206,11.037766666666721,11.038375218855206,1.0681112222222222,0.0005980094640496638,-5.331878787878802e-06,1.0661554,1.0669227,0.0007672999999999153,99,99,99,99,99,99,99
B3,2018-04-12_batchdata_updated_struct_errorcorrect.mat,2018-04-12,24,B3c24,825.0,False,5C(67%)-4C-newstructure,False,824,824,True,True,1.0,824.0,0,False,824,True,False,True,99,1.0,0.88021326,0.88021326,near_eol_above,False,True,0,0,0,0,False,824,0,,False,False,True,1.0205673977427185,-0.00012939143435303858,-0.00012939143435303858,-0.001308000554141657,824,50,0.0,0.0,0,0,5C(67%)-4C,True,constant_two_step,5.0,67.0,4.0,4.0,13.0,5.0,4.804804804804805,9.99,,True,1.050441208080808,0.0007341883081136376,1.050573,1.0462732,1.050084,0.003810800000000114,9.650588744588582e-06,0.015554037858585858,-0.0001505590000000015,-6.551224489796106e-08,0.0,34.68760501613314,0.0,37.236331842653044,10.041832441077416,10.04188833333319,10.041832441077416,1.050441208080808,0.0007341883081136376,9.650588744588582e-06,1.0462732,1.050084,0.003810800000000114,99,99,99,99,99,99,99
B3,2018-04-12_batchdata_updated_struct_errorcorrect.mat,2018-04-12,25,B3c25,989.0,False,5.3C(54%)-4C-newstructure,False,988,988,True,True,1.0,988.0,0,False,988,True,False,True,99,1.0,0.88167018,0.88167018,near_eol_above,False,True,0,0,0,0,False,988,0,,False,False,True,1.0332299849392712,-0.00011349235185069305,-0.00011349235185069305,-0.0011123870045618245,988,50,0.0,0.0,0,0,5.3C(54%)-4C,True,constant_two_step,5.3,54.0,4.0,4.0,26.0,5.3,4.7936687394007915,10.013207547169811,,True,1.0648225050505051,0.0007014587880273204,1.0650194,1.0611302,1.0643663,0.003236100000000075,6.950843537415409e-06,0.015641851515151513,-4.924599999999932e-05,4.922898948670409e-07,0.0,35.58186389191699,0.0,38.88624032121534,10.042413013468028,10.04240666666689,10.042413013468028,1.0648225050505051,0.0007014587880273204,6.950843537415409e-06,1.0611302,1.0643663,0.003236100000000075,99,99,99,99,99,99,99
B3,2018-04-12_batchdata_updated_struct_errorcorrect.mat,2018-04-12,26,B3c26,1028.0,False,5.6C(19%)-4.6C-newstructure,False,1027,1027,True,True,1.0,1027.0,0,False,1027,True,False,True,99,1.0,0.88023561,0.88023561,near_eol_above,False,True,0,0,0,0,False,1027,0,,False,False,True,1.0367769349853944,-0.00013344188464998192,-0.00013344188464998192,-0.0008345617512605042,1027,50,0.0,0.0,0,0,5.6C(19%)-4.6C,True,constant_two_step,5.6,19.0,4.6,4.6,61.0,5.6,4.803729603729602,9.992236024844724,,True,1.075112296969697,0.0006104648834866028,1.0752844,1.0720186,1.074435,0.0024163999999999852,-4.288423005563333e-07,0.015593572727272726,-4.2369000000000434e-05,3.1560672850958544e-07,0.0,35.745916536891265,0.0,39.14135891629517,10.042290858585826,10.042310000000482,10.042290858585826,1.075112296969697,0.0006104648834866028,-4.288423005563333e-07,1.0720186,1.074435,0.0024163999999999852,99,99,99,99,99,99,99
B3,2018-04-12_batchdata_updated_struct_errorcorrect.mat,2018-04-12,27,B3c27,850.0,False,5.6C(36%)-4.3C-newstructure,False,849,849,True,True,1.0,849.0,0,False,849,True,False,True,99,1.0,0.88002509,0.88002509,near_eol_above,False,True,0,0,0,0,False,849,0,,False,False,True,1.0292619969493522,-0.00014531296341167843,-0.00014531296341167843,-0.0010954511683073228,849,50,0.0,0.0,0,0,5.6C(36%)-4.3C,True,constant_two_step,5.6,36.0,4.3,4.3,44.0,5.6,4.8015952143569285,9.996677740863788,,True,1.0637090626262626,0.0006461001112776804,1.0639206,1.0604171,1.0627574,0.002340299999999962,-4.035370439084673e-06,0.014919440515151516,-9.954799999999965e-05,2.9015663574520706e-07,0.0,35.30844806776433,0.0,38.44588898200405,10.045002356902378,10.044954999999996,10.045002356902378,1.0637090626262626,0.0006461001112776804,-4.035370439084673e-06,1.0604171,1.0627574,0.002340299999999962,99,99,99,99,99,99,99
B3,2018-04-12_batchdata_updated_struct_errorcorrect.mat,2018-04-12,28,B3c28,541.0,False,3.7C(31%)-5.9C-newstructure,False,540,540,True,True,1.0,540.0,0,False,540,True,False,True,99,1.0,0.88010961,0.88010961,near_eol_above,False,True,0,0,0,0,False,540,0,,False,False,True,0.9872291593518517,-0.0002905332149778749,-0.0002905332149778749,-0.0007182771092436973,540,50,0.0,0.0,0,0,3.7C(31%)-5.9C,True,constant_two_step,3.7,31.0,5.9,5.9,49.0,5.9,4.795167490389896,10.010077874484654,,True,1.0445220202020202,0.005707489343209764,1.0448675,1.0518668,1.0340093,-0.01785750000000008,-0.00019802208534322815,0.01342088496969697,0.00043592300000000125,4.107525417439701e-06,0.0,35.69688828820833,0.0,39.55791836716047,10.088611986532047,10.083603333333546,10.088611986532047,1.0445220202020202,0.005707489343209764,-0.00019802208534322815,1.0518668,1.0340093,-0.01785750000000008,99,99,99,99,99,99,99
B3,2018-04-12_batchdata_updated_struct_errorcorrect.mat,2018-04-12,29,B3c29,858.0,False,5.9C(15%)-4.6C-newstructure,False,857,857,True,True,1.0,857.0,0,False,857,True,False,True,99,1.0,0.88007307,0.88007307,near_eol_above,False,True,0,0,0,0,False,857,0,,False,False,True,1.0326964103150524,-0.00015560413794825224,-0.00015560413794825224,-0.001106158470588235,857,50,0.0,0.0,0,0,5.9C(15%)-4.6C,True,constant_two_step,5.9,15.0,4.6,4.6,65.0,5.9,4.798232044198895,10.003684598378777,,True,1.0705002696969699,0.0008073721228693948,1.0707309,1.0663688,1.0696349,0.0032661000000000495,4.077620284476881e-06,0.014824126747474747,-0.00016551100000000013,-1.1322761904761926e-06,0.0,31.262889334066085,0.0,31.680285422399457,10.041979612794579,10.041565000000022,10.041979612794579,1.0705002696969699,0.0008073721228693948,4.077620284476881e-06,1.0663688,1.0696349,0.0032661000000000495,99,99,99,99,99,99,99
B3,2018-04-12_batchdata_updated_struct_errorcorrect.mat,2018-04-12,30,B3c30,935.0,False,5.3C(54%)-4C-newstructure,False,934,934,True,True,1.0,934.0,0,False,934,True,False,True,99,1.0,0.88024825,0.88024825,near_eol_above,False,True,0,0,0,0,False,934,0,,False,False,True,1.0398694120235545,-0.00012454890149278042,-0.00012454890149278042,-0.0012814447587034814,934,50,0.0,0.0,0,0,5.3C(54%)-4C,True,constant_two_step,5.3,54.0,4.0,4.0,26.0,5.3,4.7936687394007915,10.013207547169811,,True,1.0717059313131312,0.0005663031609764621,1.0719142,1.0687393,1.0710108,0.002271499999999982,-3.416536796536511e-06,0.015572678929292929,-0.00011412599999999912,1.0906799010513612e-07,0.0,32.24311941023021,0.0,33.95640656351435,10.04344259259257,10.043569999999212,10.04344259259257,1.0717059313131312,0.0005663031609764621,-3.416536796536511e-06,1.0687393,1.0710108,0.002271499999999982,99,99,99,99,99,99,99
B3,2018-04-12_batchdata_updated_struct_errorcorrect.mat,2018-04-12,31,B3c31,731.0,False,5.9C(60%)-3.1C-newstructure,False,730,730,True,True,1.0,730.0,0,False,730,True,False,True,99,1.0,0.88031369,0.88031369,near_eol_above,False,True,0,0,0,0,False,730,0,,False,False,True,1.0398485394383563,-0.00016090158642110262,-0.00016090158642110262,-0.001482876417767107,730,50,0.0,0.0,0,0,5.9C(60%)-3.1C,True,constant_two_step,5.9,60.0,3.1,3.1,20.0,5.9,4.813157894736842,9.972662657189721,,True,1.0707996878787878,0.0006479798904464651,1.0709858,1.0681812,1.0698149,0.0016336999999999602,-8.999562152133592e-06,0.015875272090909092,-2.983200000000047e-05,9.142939022881854e-07,0.0,34.00003070157337,0.0,36.77304266866142,10.045700723905673,10.045905000000493,10.045700723905673,1.0707996878787878,0.0006479798904464651,-8.999562152133592e-06,1.0681812,1.0698149,0.0016336999999999602,99,99,99,99,99,99,99
B3,2018-04-12_batchdata_updated_struct_errorcorrect.mat,2018-04-12,32,B3c32,,True,4.8C(80%)-4.8C-newstructure,False,2237,2237,True,True,1.0,2237.0,0,False,2237,True,False,True,99,,0.97388279,0.97388279,above_eol,False,False,0,0,0,0,False,2237,0,,False,False,False,1.0360197621367904,-3.9510684866756235e-05,-3.9510684866756235e-05,-0.0001296518069627854,2237,50,0.0,0.0,0,0,4.8C(80%)-4.8C,True,constant_two_step,4.8,80.0,4.8,,0.0,4.8,4.8,10.000000000000002,,False,1.074329306060606,0.0005744737055168395,1.0745502,1.0725862,1.0733908,0.0008046000000001552,-1.0736820037105783e-05,0.015372072949494947,-0.00017144699999999992,-1.4005707359307353e-06,0.0,35.436174962805026,0.0,38.1223484949636,11.039484747474773,11.038458333333256,11.039484747474773,1.074329306060606,0.0005744737055168395,-1.0736820037105783e-05,1.0725862,1.0733908,0.0008046000000001552,99,99,99,99,99,99,99
B3,2018-04-12_batchdata_updated_struct_errorcorrect.mat,2018-04-12,33,B3c33,1284.0,False,5C(67%)-4C-newstructure,False,1283,1283,True,True,1.0,1283.0,0,False,1283,True,False,True,99,1.0,0.88079751,0.88079751,near_eol_above,False,True,0,0,0,0,False,1283,0,,False,False,True,1.0260727648480124,-8.864609868781957e-05,-8.864609868781957e-05,-0.0008093761070828325,1283,50,0.0,0.0,0,0,5C(67%)-4C,True,constant_two_step,5.0,67.0,4.0,4.0,13.0,5.0,4.804804804804805,9.99,,True,1.062159194949495,0.0006018904487705112,1.0624362,1.060272,1.0609198,0.0006477999999998652,-1.2591045145330918e-05,0.015340797171717173,-0.00015399299999999984,-2.9632445269016784e-07,0.0,33.10710984192206,0.0,34.284327507895505,10.043259696969717,10.043294999999732,10.043259696969717,1.062159194949495,0.0006018904487705112,-1.2591045145330918e-05,1.060272,1.0609198,0.0006477999999998652,99,99,99,99,99,99,99
B3,2018-04-12_batchdata_updated_struct_errorcorrect.mat,2018-04-12,34,B3c34,1158.0,False,5.3C(54%)-4C-newstructure,False,1157,1157,True,True,1.0,1157.0,0,False,1157,True,False,True,99,1.0,0.88017184,0.88017184,near_eol_above,False,True,0,0,0,0,False,1157,0,,False,False,True,1.0237591781590318,-0.00011157049260235563,-0.00011157049260235563,-0.0006664677987995198,1157,50,0.0,0.0,0,0,5.3C(54%)-4C,True,constant_two_step,5.3,54.0,4.0,4.0,26.0,5.3,4.7936687394007915,10.013207547169811,,True,1.063246013131313,0.0007925772290505659,1.0634384,1.061535,1.0615493,1.430000000013365e-05,-2.1157972789115338e-05,0.015302312080808081,-0.00010690799999999931,2.1168791589363362e-07,0.0,35.77943527518051,0.0,38.98815031750086,10.043539814814821,10.043899999999848,10.043539814814821,1.063246013131313,0.0007925772290505659,-2.1157972789115338e-05,1.061535,1.0615493,1.430000000013365e-05,99,99,99,99,99,99,99
B3,2018-04-12_batchdata_updated_struct_errorcorrect.mat,2018-04-12,35,B3c35,1093.0,False,5.6C(19%)-4.6C-newstructure,False,1092,1092,True,True,1.0,1092.0,0,False,1092,True,False,True,99,1.0,0.88011736,0.88011736,near_eol_above,False,True,0,0,0,0,False,1092,0,,False,False,True,1.0249105008882784,-0.000123028068921815,-0.000123028068921815,-0.0006660562506602644,1092,50,0.0,0.0,0,0,5.6C(19%)-4.6C,True,constant_two_step,5.6,19.0,4.6,4.6,61.0,5.6,4.803729603729602,9.992236024844724,,True,1.0644993393939395,0.0006889583869454528,1.0647125,1.0633804,1.0632331,-0.00014730000000007237,-1.953093877550982e-05,0.01537437201010101,-7.601500000000046e-05,1.1756586270870996e-08,0.0,35.532941501822236,0.0,38.53730929443863,10.043588619528593,10.043591666666423,10.043588619528593,1.0644993393939395,0.0006889583869454528,-1.953093877550982e-05,1.0633804,1.0632331,-0.00014730000000007237,99,99,99,99,99,99,99
B3,2018-04-12_batchdata_updated_struct_errorcorrect.mat,2018-04-12,36,B3c36,923.0,False,5.6C(36%)-4.3C-newstructure,False,922,922,True,True,1.0,922.0,0,False,922,True,False,True,99,1.0,0.88060242,0.88060242,near_eol_above,False,True,0,0,0,0,False,922,0,,False,False,True,1.0272833431019524,-0.0001134934025217795,-0.0001134934025217795,-0.001480601717166867,922,50,0.0,0.0,0,0,5.6C(36%)-4.3C,True,constant_two_step,5.6,36.0,4.3,4.3,44.0,5.6,4.8015952143569285,9.996677740863788,,True,1.0593632474747476,0.0008542720214315269,1.0595342,1.0575287,1.0577667,0.00023799999999996047,-2.197191960420531e-05,0.0151344318989899,-8.82880000000006e-05,-3.1053803339457434e-10,0.0,35.87907157748097,0.0,39.38680749559564,10.043494949494974,10.04348499999954,10.043494949494974,1.0593632474747476,0.0008542720214315269,-2.197191960420531e-05,1.0575287,1.0577667,0.00023799999999996047,99,99,99,99,99,99,99
B3,2018-04-12_batchdata_updated_struct_errorcorrect.mat,2018-04-12,37,B3c37,1390.0,False,4.8C(80%)-4.8C-newstructure,True,1389,1389,True,True,1.0,1389.0,0,False,1389,True,False,True,99,1.0,0.88049883,0.88049883,near_eol_above,False,True,0,0,0,0,False,1389,0,,False,False,True,1.0122536215190783,-8.151904192025221e-05,-8.151904192025221e-05,-0.0007427528691476595,1389,50,0.0,0.0,0,0,4.8C(80%)-4.8C,True,constant_two_step,4.8,80.0,4.8,,0.0,4.8,4.8,10.000000000000002,,True,1.049442304040404,0.0019058023829454747,1.0494395,1.0465839,1.0483961,0.0018122000000000416,-2.0516487322200843e-06,0.014715773414141417,-0.00013295699999999952,7.548472974644383e-07,0.0,35.01461049108638,0.0,37.82132622347397,11.038428198653161,11.038366666666843,11.038428198653161,1.049442304040404,0.0019058023829454747,-2.0516487322200843e-06,1.0465839,1.0483961,0.0018122000000000416,99,99,99,99,99,99,99
B3,2018-04-12_batchdata_updated_struct_errorcorrect.mat,2018-04-12,38,B3c38,1935.0,False,5C(67%)-4C-newstructure,False,1934,1934,True,True,1.0,1934.0,0,False,1934,True,False,True,99,1.0,0.88000458,0.88000458,near_eol_above,False,True,0,0,0,0,False,1934,0,,False,False,True,1.0264910500879008,-7.11770007027589e-05,-7.11770007027589e-05,-0.0005086142453781516,1934,50,0.0,0.0,0,0,5C(67%)-4C,True,constant_two_step,5.0,67.0,4.0,4.0,13.0,5.0,4.804804804804805,9.99,,True,1.0719827515151514,0.0004599846346953916,1.0721067,1.0701473,1.0710695,0.0009221999999999841,-8.787589363017988e-06,0.01583589924242424,-0.00011589700000000022,-2.3402310451453417e-07,0.0,34.745836319764145,0.0,37.739090670595026,10.043707962962927,10.043544999999964,10.043707962962927,1.0719827515151514,0.0004599846346953916,-8.787589363017988e-06,1.0701473,1.0710695,0.0009221999999999841,99,99,99,99,99,99,99
B3,2018-04-12_batchdata_updated_struct_errorcorrect.mat,2018-04-12,39,B3c39,1156.0,False,5.3C(54%)-4C-newstructure,False,1155,1155,True,True,1.0,1155.0,0,False,1155,True,False,True,99,1.0,0.88043225,0.88043225,near_eol_above,False,True,0,0,0,0,False,1155,0,,False,False,True,1.0181370073506493,-8.838631008511618e-05,-8.838631008511618e-05,-0.0010258124230492196,1155,50,0.0,0.0,0,0,5.3C(54%)-4C,True,constant_two_step,5.3,54.0,4.0,4.0,26.0,5.3,4.7936687394007915,10.013207547169811,,True,1.0505830505050504,0.0007780722204785113,1.0508008,1.0474036,1.0495038,0.0021002000000001075,-6.583238095237747e-06,0.015563160080808082,-0.00015527400000000038,4.739151515151482e-08,0.0,33.887021839840784,0.0,36.074946023996944,10.043092710437712,10.043549999999717,10.043092710437712,1.0505830505050504,0.0007780722204785113,-6.583238095237747e-06,1.0474036,1.0495038,0.0021002000000001075,99,99,99,99,99,99,99
B3,2018-04-12_batchdata_updated_struct_errorcorrect.mat,2018-04-12,40,B3c40,796.0,False,5.6C(19%)-4.6C-newstructure,False,795,795,True,True,1.0,795.0,0,False,795,True,False,True,99,1.0,0.88070726,0.88070726,near_eol_above,False,True,0,0,0,0,False,795,0,,False,False,True,1.0273673688679246,-0.00015920469528814168,-0.00015920469528814168,-0.0011388144441776707,795,50,0.0,0.0,0,0,5.6C(19%)-4.6C,True,constant_two_step,5.6,19.0,4.6,4.6,61.0,5.6,4.803729603729602,9.992236024844724,,True,1.062999387878788,0.0008155671570181545,1.0632297,1.0593235,1.0617574,0.002433899999999989,-7.692147186147422e-06,0.015390749383838383,-0.00023430500000000062,-2.1199205813234385e-06,0.0,34.05341123035083,0.0,37.527810173662246,10.043764865319858,10.043501666666513,10.043764865319858,1.062999387878788,0.0008155671570181545,-7.692147186147422e-06,1.0593235,1.0617574,0.002433899999999989,99,99,99,99,99,99,99
B3,2018-04-12_batchdata_updated_struct_errorcorrect.mat,2018-04-12,41,B3c41,786.0,False,5.6C(36%)-4.3C-newstructure,False,785,785,True,True,1.0,785.0,0,False,785,True,False,True,99,1.0,0.88062328,0.88062328,near_eol_above,False,True,0,0,0,0,False,785,0,,False,False,True,1.0235603043821657,-0.0001509492017969146,-0.0001509492017969146,-0.0010835687543817522,785,50,0.0,0.0,0,0,5.6C(36%)-4.3C,True,constant_two_step,5.6,36.0,4.3,4.3,44.0,5.6,4.8015952143569285,9.996677740863788,,True,1.0543741434343434,0.0006872741398439975,1.0545512,1.0505219,1.0541531,0.0036312000000000566,9.73224489795927e-06,0.018306992535353537,-0.00017313199999999945,-8.311897217068542e-07,0.0,33.640262798950594,0.0,36.62919119540175,10.043162962962906,10.043064999999963,10.043162962962906,1.0543741434343434,0.0006872741398439975,9.73224489795927e-06,1.0505219,1.0541531,0.0036312000000000566,99,99,99,99,99,99,99
B3,2018-04-12_batchdata_updated_struct_errorcorrect.mat,2018-04-12,42,B3c42,1642.0,False,4.8C(80%)-4.8C-newstructure,False,1641,1641,True,True,1.0,1641.0,0,False,1641,True,False,True,99,1.0,0.88037544,0.88037544,near_eol_above,False,True,0,0,0,0,False,1641,0,,False,False,True,1.0259352675137112,-8.580231850781588e-05,-8.580231850781588e-05,-0.0005052305186074428,1641,50,0.0,0.0,0,0,4.8C(80%)-4.8C,True,constant_two_step,4.8,80.0,4.8,,0.0,4.8,4.8,10.000000000000002,,True,1.0695203565656566,0.00047260800021764606,1.0696383,1.0669198,1.0689646,0.0020447999999999578,1.8104885590601044e-06,0.016131830323232323,-0.0005620929999999996,-4.88867449598021e-06,0.0,33.03326599301577,0.0,35.57262282220451,11.03849814814812,11.038346666666621,11.03849814814812,1.0695203565656566,0.00047260800021764606,1.8104885590601044e-06,1.0669198,1.0689646,0.0020447999999999578,99,99,99,99,99,99,99
B3,2018-04-12_batchdata_updated_struct_errorcorrect.mat,2018-04-12,43,B3c43,1046.0,False,5C(67%)-4C-newstructure,False,1045,1045,True,True,1.0,1045.0,0,False,1045,True,False,True,99,1.0,0.88060749,0.88060749,near_eol_above,False,True,0,0,0,0,False,1045,0,,False,False,True,1.040715724937799,-0.00011263420223731348,-0.00011263420223731348,-0.0010781807313325325,1045,50,0.0,0.0,0,0,5C(67%)-4C,True,constant_two_step,5.0,67.0,4.0,4.0,13.0,5.0,4.804804804804805,9.99,,True,1.0728844272727274,0.00047074603032308483,1.0730258,1.0701852,1.0724185,0.0022332999999998826,3.0410142238714205e-06,0.015828501373737373,-0.00014502799999999844,-3.0340187012987007e-06,0.0,33.89526904792961,0.0,36.95614928561784,10.043652104377044,10.043633333332643,10.043652104377044,1.0728844272727274,0.00047074603032308483,3.0410142238714205e-06,1.0701852,1.0724185,0.0022332999999998826,99,99,99,99,99,99,99
B3,2018-04-12_batchdata_updated_struct_errorcorrect.mat,2018-04-12,44,B3c44,940.0,False,5.3C(54%)-4C-newstructure,False,939,939,True,True,1.0,939.0,0,False,939,True,False,True,99,1.0,0.88046378,0.88046378,near_eol_above,False,True,0,0,0,0,False,939,0,,False,False,True,1.0442356049307773,-0.00011705194885077219,-0.00011705194885077219,-0.0014699711303721487,939,50,0.0,0.0,0,0,5.3C(54%)-4C,True,constant_two_step,5.3,54.0,4.0,4.0,26.0,5.3,4.7936687394007915,10.013207547169811,,True,1.07331738989899,0.000689991490703951,1.0735258,1.06972,1.0729284,0.003208399999999889,4.689736549164844e-06,0.015572503777777776,-0.00010574500000000084,-3.4602040816325846e-08,0.0,33.35164903826186,0.0,36.336163666791506,10.043212407407367,10.043413333332865,10.043212407407367,1.07331738989899,0.000689991490703951,4.689736549164844e-06,1.06972,1.0729284,0.003208399999999889,99,99,99,99,99,99,99
B3,2018-04-12_batchdata_updated_struct_errorcorrect.mat,2018-04-12,45,B3c45,1801.0,False,4.8C(80%)-4.8C-newstructure,False,1800,1800,True,True,1.0,1800.0,0,False,1800,True,False,True,99,1.0,0.88047254,0.88047254,near_eol_above,False,True,0,0,0,0,False,1800,0,,False,False,True,1.0272923093166668,-7.82162310765425e-05,-7.82162310765425e-05,-0.00045315458055222076,1800,50,0.0,0.0,0,0,4.8C(80%)-4.8C,True,constant_two_step,4.8,80.0,4.8,,0.0,4.8,4.8,10.000000000000002,,True,1.0714658575757574,0.0004595824842337534,1.0714893,1.0695485,1.0711251,0.001576599999999928,-1.258453927026678e-07,0.015618692474747477,-7.953999999999947e-05,-1.1651281385281317e-07,0.0,32.72596355233115,0.0,34.6817726725469,11.038587558922575,11.03800666666648,11.038587558922575,1.0714658575757574,0.0004595824842337534,-1.258453927026678e-07,1.0695485,1.0711251,0.001576599999999928,99,99,99,99,99,99,99
