subset,scope,adjustment,method,feature_x,feature_y,n,coefficient
all_observed,ALL,none,pearson,qd_early_mean,qd_early_std,139,0.08905768873024664
all_observed,ALL,none,spearman,qd_early_mean,qd_early_std,139,0.46855981053666373
all_observed,ALL,within_batch_mean_centered,pearson,qd_early_mean,qd_early_std,139,-0.20037018753106542
all_observed,ALL,none,pearson,qd_early_mean,qd_early_median,139,0.9818827678034209
all_observed,ALL,none,spearman,qd_early_mean,qd_early_median,139,0.9826221010769023
all_observed,ALL,within_batch_mean_centered,pearson,qd_early_mean,qd_early_median,139,0.9661707242490498
all_observed,ALL,none,pearson,qd_early_mean,qd_early_slope,139,0.2957269410157648
all_observed,ALL,none,spearman,qd_early_mean,qd_early_slope,139,0.3172840609499977
all_observed,ALL,within_batch_mean_centered,pearson,qd_early_mean,qd_early_slope,139,0.1409262815298543
all_observed,ALL,none,pearson,qd_early_mean,tavg_early_mean,139,-0.507021277924022
all_observed,ALL,none,spearman,qd_early_mean,tavg_early_mean,139,-0.4417847088788596
all_observed,ALL,within_batch_mean_centered,pearson,qd_early_mean,tavg_early_mean,139,-0.44682148081730466
all_observed,ALL,none,pearson,qd_early_mean,tmax_early_mean,139,0.06307193117826611
all_observed,ALL,none,spearman,qd_early_mean,tmax_early_mean,139,-0.25655748692971087
all_observed,ALL,within_batch_mean_centered,pearson,qd_early_mean,tmax_early_mean,139,-0.004303613460950503
all_observed,ALL,none,pearson,qd_early_mean,qd_early_mean_qc,139,0.9813960048731158
all_observed,ALL,none,spearman,qd_early_mean,qd_early_mean_qc,139,0.9827248759998212
all_observed,ALL,within_batch_mean_centered,pearson,qd_early_mean,qd_early_mean_qc,139,0.9667871751747271
all_observed,ALL,none,pearson,qd_early_mean,qd_early_std_qc,139,0.06055808339510114
all_observed,ALL,none,spearman,qd_early_mean,qd_early_std_qc,139,0.45767907413199865
all_observed,ALL,within_batch_mean_centered,pearson,qd_early_mean,qd_early_std_qc,139,-0.31054504493771096
all_observed,ALL,none,pearson,qd_early_mean,qd_early_slope_qc,139,0.36948853479776256
all_observed,ALL,none,spearman,qd_early_mean,qd_early_slope_qc,139,0.26220117074042626
all_observed,ALL,within_batch_mean_centered,pearson,qd_early_mean,qd_early_slope_qc,139,0.5918272990006885
all_observed,ALL,none,pearson,qd_early_std,tavg_early_mean,139,0.14367260446266977
all_observed,ALL,none,spearman,qd_early_std,tavg_early_mean,139,-0.12225300504937664
all_observed,ALL,within_batch_mean_centered,pearson,qd_early_std,tavg_early_mean,139,0.23236987852100616
all_observed,ALL,none,pearson,qd_early_std,tmax_early_mean,139,0.29865252373323437
all_observed,ALL,none,spearman,qd_early_std,tmax_early_mean,139,0.056459180481701586
all_observed,ALL,within_batch_mean_centered,pearson,qd_early_std,tmax_early_mean,139,0.27910268686280043
all_observed,ALL,none,pearson,qd_early_std,qd_early_std_qc,139,0.42958078640573183
all_observed,ALL,none,spearman,qd_early_std,qd_early_std_qc,139,0.9817060637204521
all_observed,ALL,within_batch_mean_centered,pearson,qd_early_std,qd_early_std_qc,139,0.35645104787687876
all_observed,ALL,none,pearson,qd_early_median,qd_early_std,139,-0.0949819069858825
all_observed,ALL,none,spearman,qd_early_median,qd_early_std,139,0.41673890701103705
all_observed,ALL,within_batch_mean_centered,pearson,qd_early_median,qd_early_std,139,-0.438049166126298
all_observed,ALL,none,pearson,qd_early_median,qd_early_slope,139,0.1912807902092428
all_observed,ALL,none,spearman,qd_early_median,qd_early_slope,139,0.2911345457795254
all_observed,ALL,within_batch_mean_centered,pearson,qd_early_median,qd_early_slope,139,-0.002002901605019841
all_observed,ALL,none,pearson,qd_early_median,tavg_early_mean,139,-0.5306994648185686
all_observed,ALL,none,spearman,qd_early_median,tavg_early_mean,139,-0.4414629786853746
all_observed,ALL,within_batch_mean_centered,pearson,qd_early_median,tavg_early_mean,139,-0.4694442707760176
all_observed,ALL,none,pearson,qd_early_median,tmax_early_mean,139,-0.0036206232326740076
all_observed,ALL,none,spearman,qd_early_median,tmax_early_mean,139,-0.2750346306805487
all_observed,ALL,within_batch_mean_centered,pearson,qd_early_median,tmax_early_mean,139,-0.09140468628492437
all_observed,ALL,none,pearson,qd_early_median,qd_early_std_qc,139,0.00045990557376152097
all_observed,ALL,none,spearman,qd_early_median,qd_early_std_qc,139,0.4359354752223066
all_observed,ALL,within_batch_mean_centered,pearson,qd_early_median,qd_early_std_qc,139,-0.35367413580117746
all_observed,ALL,none,pearson,qd_early_median,qd_early_slope_qc,139,0.4390273478818274
all_observed,ALL,none,spearman,qd_early_median,qd_early_slope_qc,139,0.2973859421779346
all_observed,ALL,within_batch_mean_centered,pearson,qd_early_median,qd_early_slope_qc,139,0.6465511006066351
all_observed,ALL,none,pearson,qd2,qd_early_mean,139,0.9506172437678486
all_observed,ALL,none,spearman,qd2,qd_early_mean,139,0.9626882345055631
all_observed,ALL,within_batch_mean_centered,pearson,qd2,qd_early_mean,139,0.8897980602448237
all_observed,ALL,none,pearson,qd2,qd_early_std,139,0.03737690344230938
all_observed,ALL,none,spearman,qd2,qd_early_std,139,0.490504490817284
all_observed,ALL,within_batch_mean_centered,pearson,qd2,qd_early_std,139,-0.3414967650608014
all_observed,ALL,none,pearson,qd2,qd_early_median,139,0.94535034823236
all_observed,ALL,none,spearman,qd2,qd_early_median,139,0.9759998212610035
all_observed,ALL,within_batch_mean_centered,pearson,qd2,qd_early_median,139,0.9030333520540172
all_observed,ALL,none,pearson,qd2,qd_delta_100_2,139,0.043092351958496124
all_observed,ALL,none,spearman,qd2,qd_delta_100_2,139,0.1730550962956343
all_observed,ALL,within_batch_mean_centered,pearson,qd2,qd_delta_100_2,139,-0.1997879714790773
all_observed,ALL,none,pearson,qd2,qd_early_slope,139,0.1662078829904405
all_observed,ALL,none,spearman,qd2,qd_early_slope,139,0.21994727199606773
all_observed,ALL,within_batch_mean_centered,pearson,qd2,qd_early_slope,139,-0.11865317258278602
all_observed,ALL,none,pearson,qd2,tavg_early_mean,139,-0.4096532027927666
all_observed,ALL,none,spearman,qd2,tavg_early_mean,139,-0.3930157737164305
all_observed,ALL,within_batch_mean_centered,pearson,qd2,tavg_early_mean,139,-0.3297630804205981
all_observed,ALL,none,pearson,qd2,tmax_early_mean,139,0.023155544637063943
all_observed,ALL,none,spearman,qd2,tmax_early_mean,139,-0.2304213771839671
all_observed,ALL,within_batch_mean_centered,pearson,qd2,tmax_early_mean,139,-0.08695342293462273
all_observed,ALL,none,pearson,qd2,qd_early_mean_qc,139,0.9433883258919968
all_observed,ALL,none,spearman,qd2,qd_early_mean_qc,139,0.9741051878993697
all_observed,ALL,within_batch_mean_centered,pearson,qd2,qd_early_mean_qc,139,0.9029191200728548
all_observed,ALL,none,pearson,qd2,qd_early_std_qc,139,0.15351812174011759
all_observed,ALL,none,spearman,qd2,qd_early_std_qc,139,0.5104026095893471
all_observed,ALL,within_batch_mean_centered,pearson,qd2,qd_early_std_qc,139,-0.2153400884447413
all_observed,ALL,none,pearson,qd2,qd_early_slope_qc,139,0.14914180997153165
all_observed,ALL,none,spearman,qd2,qd_early_slope_qc,139,0.17658965994905937
all_observed,ALL,within_batch_mean_centered,pearson,qd2,qd_early_slope_qc,139,0.2878689552461738
all_observed,ALL,none,pearson,qd2,qd2_qc,139,0.9999999999999998
all_observed,ALL,none,spearman,qd2,qd2_qc,139,0.9999999999999998
all_observed,ALL,within_batch_mean_centered,pearson,qd2,qd2_qc,139,1.0
all_observed,ALL,none,pearson,qd2,qd_delta_100_2_qc,135,0.10708642333612312
all_observed,ALL,none,spearman,qd2,qd_delta_100_2_qc,135,0.16666666666666669
all_observed,ALL,within_batch_mean_centered,pearson,qd2,qd_delta_100_2_qc,135,0.268859313933319
all_observed,ALL,none,pearson,qd100,qd_early_mean,139,0.22456882989607652
all_observed,ALL,none,spearman,qd100,qd_early_mean,139,0.9561106394387595
all_observed,ALL,within_batch_mean_centered,pearson,qd100,qd_early_mean,139,0.0562271382559645
all_observed,ALL,none,pearson,qd100,qd_early_std,139,0.566187384560598
all_observed,ALL,none,spearman,qd100,qd_early_std,139,0.41710532195361716
all_observed,ALL,within_batch_mean_centered,pearson,qd100,qd_early_std,139,0.5239599172361684
all_observed,ALL,none,pearson,qd100,qd_early_median,139,0.10978714868917774
all_observed,ALL,none,spearman,qd100,qd_early_median,139,0.9470441038473567
all_observed,ALL,within_batch_mean_centered,pearson,qd100,qd_early_median,139,-0.09681538047096483
all_observed,ALL,none,pearson,qd100,qd2,139,0.12121074918873034
all_observed,ALL,none,spearman,qd100,qd2,139,0.9184771437508377
all_observed,ALL,within_batch_mean_centered,pearson,qd100,qd2,139,-0.15165456509950487
all_observed,ALL,none,pearson,qd100,qd_delta_100_2,139,0.9969279935180742
all_observed,ALL,none,spearman,qd100,qd_delta_100_2,139,0.4518655882747218
all_observed,ALL,within_batch_mean_centered,pearson,qd100,qd_delta_100_2,139,0.9988046557243327
all_observed,ALL,none,pearson,qd100,qd_early_slope,139,0.7589240494252614
all_observed,ALL,none,spearman,qd100,qd_early_slope,139,0.4082309307833236
all_observed,ALL,within_batch_mean_centered,pearson,qd100,qd_early_slope,139,0.7345173832519853
all_observed,ALL,none,pearson,qd100,tavg_early_mean,139,-0.013599291216471174
all_observed,ALL,none,spearman,qd100,tavg_early_mean,139,-0.4447875240180526
all_observed,ALL,within_batch_mean_centered,pearson,qd100,tavg_early_mean,139,0.026020022431398594
all_observed,ALL,none,pearson,qd100,tmax_early_mean,139,0.4971616515794409
all_observed,ALL,none,spearman,qd100,tmax_early_mean,139,-0.23340184994861252
all_observed,ALL,within_batch_mean_centered,pearson,qd100,tmax_early_mean,139,0.48757553459781644
all_observed,ALL,none,pearson,qd100,qd_early_mean_qc,139,0.11227938014457906
all_observed,ALL,none,spearman,qd100,qd_early_mean_qc,139,0.9504937664775012
all_observed,ALL,within_batch_mean_centered,pearson,qd100,qd_early_mean_qc,139,-0.08917384612813543
all_observed,ALL,none,pearson,qd100,qd_early_std_qc,139,0.01770261999691108
all_observed,ALL,none,spearman,qd100,qd_early_std_qc,139,0.400853478707717
all_observed,ALL,within_batch_mean_centered,pearson,qd100,qd_early_std_qc,139,-0.09889940695900139
all_observed,ALL,none,pearson,qd100,qd_early_slope_qc,139,0.02860998418698639
all_observed,ALL,none,spearman,qd100,qd_early_slope_qc,139,0.33989007551722594
all_observed,ALL,within_batch_mean_centered,pearson,qd100,qd_early_slope_qc,139,0.04672428341316997
all_observed,ALL,none,pearson,qd100,qd2_qc,139,0.12121074918873034
all_observed,ALL,none,spearman,qd100,qd2_qc,139,0.9184771437508377
all_observed,ALL,within_batch_mean_centered,pearson,qd100,qd2_qc,139,-0.15165456509950487
all_observed,ALL,none,pearson,qd100,qd100_qc,135,1.0
all_observed,ALL,none,spearman,qd100,qd100_qc,135,1.0
all_observed,ALL,within_batch_mean_centered,pearson,qd100,qd100_qc,135,0.9999999999999998
all_observed,ALL,none,pearson,qd100,qd_delta_100_2_qc,135,0.5822953315782663
all_observed,ALL,none,spearman,qd100,qd_delta_100_2_qc,135,0.40168276265730174
all_observed,ALL,within_batch_mean_centered,pearson,qd100,qd_delta_100_2_qc,135,0.7972790880315432
all_observed,ALL,none,pearson,qd_delta_100_2,qd_early_mean,139,0.15101801256351247
all_observed,ALL,none,spearman,qd_delta_100_2,qd_early_mean,139,0.2997497654050672
all_observed,ALL,within_batch_mean_centered,pearson,qd_delta_100_2,qd_early_mean,139,0.011735916925162022
all_observed,ALL,none,pearson,qd_delta_100_2,qd_early_std,139,0.56691393071142
all_observed,ALL,none,spearman,qd_delta_100_2,qd_early_std,139,-0.0025202198489655482
all_observed,ALL,within_batch_mean_centered,pearson,qd_delta_100_2,qd_early_std,139,0.5362918117812947
all_observed,ALL,none,pearson,qd_delta_100_2,qd_early_median,139,0.035906735673247744
all_observed,ALL,none,spearman,qd_delta_100_2,qd_early_median,139,0.28873050627820723
all_observed,ALL,within_batch_mean_centered,pearson,qd_delta_100_2,qd_early_median,139,-0.14063041359732567
all_observed,ALL,none,pearson,qd_delta_100_2,qd_early_slope,139,0.7507364246799091
all_observed,ALL,none,spearman,qd_delta_100_2,qd_early_slope,139,0.7509227400688144
all_observed,ALL,within_batch_mean_centered,pearson,qd_delta_100_2,qd_early_slope,139,0.7339984166741065
all_observed,ALL,none,pearson,qd_delta_100_2,tavg_early_mean,139,0.018636235979316587
all_observed,ALL,none,spearman,qd_delta_100_2,tavg_early_mean,139,-0.3961347692032709
all_observed,ALL,within_batch_mean_centered,pearson,qd_delta_100_2,tavg_early_mean,139,0.042101235631202605
all_observed,ALL,none,pearson,qd_delta_100_2,tmax_early_mean,139,0.4985622120340725
all_observed,ALL,none,spearman,qd_delta_100_2,tmax_early_mean,139,-0.2201126055677197
all_observed,ALL,within_batch_mean_centered,pearson,qd_delta_100_2,tmax_early_mean,139,0.4876361031576612
all_observed,ALL,none,pearson,qd_delta_100_2,qd_early_mean_qc,139,0.03856996110522002
all_observed,ALL,none,spearman,qd_delta_100_2,qd_early_mean_qc,139,0.3009830644800929
all_observed,ALL,within_batch_mean_centered,pearson,qd_delta_100_2,qd_early_mean_qc,139,-0.1330496731748025
all_observed,ALL,none,pearson,qd_delta_100_2,qd_early_std_qc,139,0.005704152201135026
all_observed,ALL,none,spearman,qd_delta_100_2,qd_early_std_qc,139,-0.03332141740024129
all_observed,ALL,within_batch_mean_centered,pearson,qd_delta_100_2,qd_early_std_qc,139,-0.0873904730669603
all_observed,ALL,none,pearson,qd_delta_100_2,qd_early_slope_qc,139,0.017027643081877347
all_observed,ALL,none,spearman,qd_delta_100_2,qd_early_slope_qc,139,0.7665981500513873
all_observed,ALL,within_batch_mean_centered,pearson,qd_delta_100_2,qd_early_slope_qc,139,0.03208231042694616
all_observed,ALL,none,pearson,qd_delta_100_2,qd_delta_100_2_qc,135,1.0
all_observed,ALL,none,spearman,qd_delta_100_2,qd_delta_100_2_qc,135,1.0
all_observed,ALL,within_batch_mean_centered,pearson,qd_delta_100_2,qd_delta_100_2_qc,135,1.0
all_observed,ALL,none,pearson,qd_early_slope,qd_early_std,139,0.5415583377929194
all_observed,ALL,none,spearman,qd_early_slope,qd_early_std,139,0.11854863934939004
all_observed,ALL,within_batch_mean_centered,pearson,qd_early_slope,qd_early_std,139,0.4899391959110201
all_observed,ALL,none,pearson,qd_early_slope,tavg_early_mean,139,0.0095868192162235
all_observed,ALL,none,spearman,qd_early_slope,tavg_early_mean,139,-0.25411323115420703
all_observed,ALL,within_batch_mean_centered,pearson,qd_early_slope,tavg_early_mean,139,0.04308865311458866
all_observed,ALL,none,pearson,qd_early_slope,tmax_early_mean,139,0.3603950407641596
all_observed,ALL,none,spearman,qd_early_slope,tmax_early_mean,139,-0.13126591894186515
all_observed,ALL,within_batch_mean_centered,pearson,qd_early_slope,tmax_early_mean,139,0.342619504307536
all_observed,ALL,none,pearson,qd_early_slope,qd_early_std_qc,139,0.015287827019435207
all_observed,ALL,none,spearman,qd_early_slope,qd_early_std_qc,139,0.0905581125161982
all_observed,ALL,within_batch_mean_centered,pearson,qd_early_slope,qd_early_std_qc,139,-0.12271057741317279
all_observed,ALL,none,pearson,qd_early_slope,qd_early_slope_qc,139,0.1956965916607459
all_observed,ALL,none,spearman,qd_early_slope,qd_early_slope_qc,139,0.8099959783725813
all_observed,ALL,within_batch_mean_centered,pearson,qd_early_slope,qd_early_slope_qc,139,0.23016883372691938
all_observed,ALL,none,pearson,ir_early_mean,qd_early_mean,132,0.4090061375176166
all_observed,ALL,none,spearman,ir_early_mean,qd_early_mean,132,0.5968912565939484
all_observed,ALL,within_batch_mean_centered,pearson,ir_early_mean,qd_early_mean,132,-0.003014541747867916
all_observed,ALL,none,pearson,ir_early_mean,qd_early_std,132,0.5658129187264637
all_observed,ALL,none,spearman,ir_early_mean,qd_early_std,132,0.3374744981816094
all_observed,ALL,within_batch_mean_centered,pearson,ir_early_mean,qd_early_std,132,0.5363298589014025
all_observed,ALL,none,pearson,ir_early_mean,qd_early_median,132,0.3073027204250286
all_observed,ALL,none,spearman,ir_early_mean,qd_early_median,132,0.5539594997208496
all_observed,ALL,within_batch_mean_centered,pearson,ir_early_mean,qd_early_median,132,-0.1320496367716495
all_observed,ALL,none,pearson,ir_early_mean,qd2,132,0.4115211781575291
all_observed,ALL,none,spearman,ir_early_mean,qd2,132,0.5554674333300287
all_observed,ALL,within_batch_mean_centered,pearson,ir_early_mean,qd2,132,-0.02750798357645494
all_observed,ALL,none,pearson,ir_early_mean,qd100,132,0.10189006157804127
all_observed,ALL,none,spearman,ir_early_mean,qd100,132,0.5755506044778843
all_observed,ALL,within_batch_mean_centered,pearson,ir_early_mean,qd100,132,-0.023873669589065224
all_observed,ALL,none,pearson,ir_early_mean,qd_delta_100_2,132,0.06758202433578761
all_observed,ALL,none,spearman,ir_early_mean,qd_delta_100_2,132,0.36930807240168423
all_observed,ALL,within_batch_mean_centered,pearson,ir_early_mean,qd_delta_100_2,132,-0.02217711186783809
all_observed,ALL,none,pearson,ir_early_mean,qd_early_slope,132,0.4583434079688327
all_observed,ALL,none,spearman,ir_early_mean,qd_early_slope,132,0.42642171006976143
all_observed,ALL,within_batch_mean_centered,pearson,ir_early_mean,qd_early_slope,132,0.4203663142309323
all_observed,ALL,none,pearson,ir_early_mean,ir_early_slope,132,-0.09915220884900075
all_observed,ALL,none,spearman,ir_early_mean,ir_early_slope,132,0.2650345290219518
all_observed,ALL,within_batch_mean_centered,pearson,ir_early_mean,ir_early_slope,132,-0.11318147083097464
all_observed,ALL,none,pearson,ir_early_mean,ir_zero_fraction_early,132,0.01452003010304466
all_observed,ALL,none,spearman,ir_early_mean,ir_zero_fraction_early,132,0.05503025967221182
all_observed,ALL,within_batch_mean_centered,pearson,ir_early_mean,ir_zero_fraction_early,132,-0.08745624117043488
all_observed,ALL,none,pearson,ir_early_mean,tavg_early_mean,132,-0.09067043211607698
all_observed,ALL,none,spearman,ir_early_mean,tavg_early_mean,132,-0.34290618983266624
all_observed,ALL,within_batch_mean_centered,pearson,ir_early_mean,tavg_early_mean,132,0.1745783864899012
all_observed,ALL,none,pearson,ir_early_mean,ir_missing_fraction_early,132,0.01452003010304466
all_observed,ALL,none,spearman,ir_early_mean,ir_missing_fraction_early,132,0.05503025967221182
all_observed,ALL,within_batch_mean_centered,pearson,ir_early_mean,ir_missing_fraction_early,132,-0.08745624117043488
all_observed,ALL,none,pearson,ir_early_mean,tmax_early_mean,132,0.023833089306123864
all_observed,ALL,none,spearman,ir_early_mean,tmax_early_mean,132,-0.14846102069886719
all_observed,ALL,within_batch_mean_centered,pearson,ir_early_mean,tmax_early_mean,132,-0.02539218640816958
all_observed,ALL,none,pearson,ir_early_mean,qd_early_mean_qc,132,0.29690247881666443
all_observed,ALL,none,spearman,ir_early_mean,qd_early_mean_qc,132,0.5516323772651613
all_observed,ALL,within_batch_mean_centered,pearson,ir_early_mean,qd_early_mean_qc,132,-0.14380750847257756
all_observed,ALL,none,pearson,ir_early_mean,qd_early_std_qc,132,0.37345153165546985
all_observed,ALL,none,spearman,ir_early_mean,qd_early_std_qc,132,0.3141719670446066
all_observed,ALL,within_batch_mean_centered,pearson,ir_early_mean,qd_early_std_qc,132,0.26340860400886434
all_observed,ALL,none,pearson,ir_early_mean,qd_early_slope_qc,132,-0.21805861154645034
all_observed,ALL,none,spearman,ir_early_mean,qd_early_slope_qc,132,0.27795025384418715
all_observed,ALL,within_batch_mean_centered,pearson,ir_early_mean,qd_early_slope_qc,132,-0.2521898790863113
all_observed,ALL,none,pearson,ir_early_mean,qd2_qc,132,0.4115211781575291
all_observed,ALL,none,spearman,ir_early_mean,qd2_qc,132,0.5554674333300287
all_observed,ALL,within_batch_mean_centered,pearson,ir_early_mean,qd2_qc,132,-0.02750798357645494
all_observed,ALL,none,pearson,ir_early_mean,qd100_qc,129,0.20316452118062278
all_observed,ALL,none,spearman,ir_early_mean,qd100_qc,129,0.5681015205724509
all_observed,ALL,within_batch_mean_centered,pearson,ir_early_mean,qd100_qc,129,-0.20590384174856857
all_observed,ALL,none,pearson,ir_early_mean,qd_delta_100_2_qc,129,-0.24714830846950575
all_observed,ALL,none,spearman,ir_early_mean,qd_delta_100_2_qc,129,0.3528231216457961
all_observed,ALL,within_batch_mean_centered,pearson,ir_early_mean,qd_delta_100_2_qc,129,-0.2938257622346504
all_observed,ALL,none,pearson,ir_change_100_2,qd_early_mean,132,0.07628442703489553
all_observed,ALL,none,spearman,ir_change_100_2,qd_early_mean,132,0.19720272059407895
all_observed,ALL,within_batch_mean_centered,pearson,ir_change_100_2,qd_early_mean,132,-0.016698947736118335
all_observed,ALL,none,pearson,ir_change_100_2,qd_early_std,132,0.38879147954550974
all_observed,ALL,none,spearman,ir_change_100_2,qd_early_std,132,0.04136435856245862
all_observed,ALL,within_batch_mean_centered,pearson,ir_change_100_2,qd_early_std,132,0.3625549469286908
all_observed,ALL,none,pearson,ir_change_100_2,qd_early_median,132,-0.0026517797633909376
all_observed,ALL,none,spearman,ir_change_100_2,qd_early_median,132,0.18391029505792464
all_observed,ALL,within_batch_mean_centered,pearson,ir_change_100_2,qd_early_median,132,-0.11525308504908183
all_observed,ALL,none,pearson,ir_change_100_2,qd2,132,0.013274416083932835
all_observed,ALL,none,spearman,ir_change_100_2,qd2,132,0.19485208754048228
all_observed,ALL,within_batch_mean_centered,pearson,ir_change_100_2,qd2,132,-0.1429091214341766
all_observed,ALL,none,pearson,ir_change_100_2,qd100,132,0.9449439075099711
all_observed,ALL,none,spearman,ir_change_100_2,qd100,132,0.25728344045121293
all_observed,ALL,within_batch_mean_centered,pearson,ir_change_100_2,qd100,132,0.9504262645234393
all_observed,ALL,none,pearson,ir_change_100_2,qd_delta_100_2,132,0.9505747341121062
all_observed,ALL,none,spearman,ir_change_100_2,qd_delta_100_2,132,0.19482599838339465
all_observed,ALL,within_batch_mean_centered,pearson,ir_change_100_2,qd_delta_100_2,132,0.9507504327212519
all_observed,ALL,none,pearson,ir_change_100_2,qd_early_slope,132,0.7173217588432286
all_observed,ALL,none,spearman,ir_change_100_2,qd_early_slope,132,0.14927693902407801
all_observed,ALL,within_batch_mean_centered,pearson,ir_change_100_2,qd_early_slope,132,0.7146917748032722
all_observed,ALL,none,pearson,ir_change_100_2,ir_early_mean,132,0.04617728633021006
all_observed,ALL,none,spearman,ir_change_100_2,ir_early_mean,132,0.2560963838037251
all_observed,ALL,within_batch_mean_centered,pearson,ir_change_100_2,ir_early_mean,132,-0.014301667905443294
all_observed,ALL,none,pearson,ir_change_100_2,ir_early_slope,132,0.39644782409294266
all_observed,ALL,none,spearman,ir_change_100_2,ir_early_slope,132,0.9029209801302386
all_observed,ALL,within_batch_mean_centered,pearson,ir_change_100_2,ir_early_slope,132,0.4047110008433323
all_observed,ALL,none,pearson,ir_change_100_2,ir_zero_fraction_early,132,-0.03896467452552531
all_observed,ALL,none,spearman,ir_change_100_2,ir_zero_fraction_early,132,-0.04208251222380584
all_observed,ALL,within_batch_mean_centered,pearson,ir_change_100_2,ir_zero_fraction_early,132,-0.005842242907400168
all_observed,ALL,none,pearson,ir_change_100_2,tavg_early_mean,132,0.1167426344241663
all_observed,ALL,none,spearman,ir_change_100_2,tavg_early_mean,132,0.030978265125867776
all_observed,ALL,within_batch_mean_centered,pearson,ir_change_100_2,tavg_early_mean,132,0.13691749389107494
all_observed,ALL,none,pearson,ir_change_100_2,ir_missing_fraction_early,132,-0.03896467452552531
all_observed,ALL,none,spearman,ir_change_100_2,ir_missing_fraction_early,132,-0.04208251222380584
all_observed,ALL,within_batch_mean_centered,pearson,ir_change_100_2,ir_missing_fraction_early,132,-0.005842242907400168
all_observed,ALL,none,pearson,ir_change_100_2,tmax_early_mean,132,0.5487439636591794
all_observed,ALL,none,spearman,ir_change_100_2,tmax_early_mean,132,0.10806911540414528
all_observed,ALL,within_batch_mean_centered,pearson,ir_change_100_2,tmax_early_mean,132,0.5388414170453208
all_observed,ALL,none,pearson,ir_change_100_2,qd_early_mean_qc,132,-0.0017515176846856825
all_observed,ALL,none,spearman,ir_change_100_2,qd_early_mean_qc,132,0.18795933223792688
all_observed,ALL,within_batch_mean_centered,pearson,ir_change_100_2,qd_early_mean_qc,132,-0.11123111959373344
all_observed,ALL,none,pearson,ir_change_100_2,qd_early_std_qc,132,0.053996712330952525
all_observed,ALL,none,spearman,ir_change_100_2,qd_early_std_qc,132,0.03086086391897338
all_observed,ALL,within_batch_mean_centered,pearson,ir_change_100_2,qd_early_std_qc,132,-0.007288070800027989
all_observed,ALL,none,pearson,ir_change_100_2,qd_early_slope_qc,132,-0.029805520144584305
all_observed,ALL,none,spearman,ir_change_100_2,qd_early_slope_qc,132,0.004865627796845494
all_observed,ALL,within_batch_mean_centered,pearson,ir_change_100_2,qd_early_slope_qc,132,-0.018036478564715647
all_observed,ALL,none,pearson,ir_change_100_2,qd2_qc,132,0.013274416083932835
all_observed,ALL,none,spearman,ir_change_100_2,qd2_qc,132,0.19485208754048228
all_observed,ALL,within_batch_mean_centered,pearson,ir_change_100_2,qd2_qc,132,-0.1429091214341766
all_observed,ALL,none,pearson,ir_change_100_2,qd100_qc,129,-0.05546953382262927
all_observed,ALL,none,spearman,ir_change_100_2,qd100_qc,129,0.2042487177178138
all_observed,ALL,within_batch_mean_centered,pearson,ir_change_100_2,qd100_qc,129,0.05412297311350807
all_observed,ALL,none,pearson,ir_change_100_2,qd_delta_100_2_qc,129,0.022115851525686948
all_observed,ALL,none,spearman,ir_change_100_2,qd_delta_100_2_qc,129,0.13733141396989104
all_observed,ALL,within_batch_mean_centered,pearson,ir_change_100_2,qd_delta_100_2_qc,129,-0.00785420809096287
all_observed,ALL,none,pearson,ir_early_slope,qd_early_mean,132,-0.026414363791222147
all_observed,ALL,none,spearman,ir_early_slope,qd_early_mean,132,0.22533726759739356
all_observed,ALL,within_batch_mean_centered,pearson,ir_early_slope,qd_early_mean,132,-0.02544513366850055
all_observed,ALL,none,pearson,ir_early_slope,qd_early_std,132,-0.4453201094973357
all_observed,ALL,none,spearman,ir_early_slope,qd_early_std,132,0.020059952884689012
all_observed,ALL,within_batch_mean_centered,pearson,ir_early_slope,qd_early_std,132,-0.4642808351019937
all_observed,ALL,none,pearson,ir_early_slope,qd_early_median,132,0.06002552791334015
all_observed,ALL,none,spearman,ir_early_slope,qd_early_median,132,0.22817315897282042
all_observed,ALL,within_batch_mean_centered,pearson,ir_early_slope,qd_early_median,132,0.09410231513722842
all_observed,ALL,none,pearson,ir_early_slope,qd2,132,0.04639754541987905
all_observed,ALL,none,spearman,ir_early_slope,qd2,132,0.2109021369808005
all_observed,ALL,within_batch_mean_centered,pearson,ir_early_slope,qd2,132,0.09112608025206989
all_observed,ALL,none,pearson,ir_early_slope,qd100,132,0.128625439962329
all_observed,ALL,none,spearman,ir_early_slope,qd100,132,0.2998452913239944
all_observed,ALL,within_batch_mean_centered,pearson,ir_early_slope,qd100,132,0.1390649661685545
all_observed,ALL,none,pearson,ir_early_slope,qd_delta_100_2,132,0.12559544405672987
all_observed,ALL,none,spearman,ir_early_slope,qd_delta_100_2,132,0.2959110464351778
all_observed,ALL,within_batch_mean_centered,pearson,ir_early_slope,qd_delta_100_2,132,0.1329708389830874
all_observed,ALL,none,pearson,ir_early_slope,qd_early_slope,132,0.28284176197984834
all_observed,ALL,none,spearman,ir_early_slope,qd_early_slope,132,0.17114487049494073
all_observed,ALL,within_batch_mean_centered,pearson,ir_early_slope,qd_early_slope,132,0.30827500602080676
all_observed,ALL,none,pearson,ir_early_slope,ir_zero_fraction_early,132,0.020138973454504557
all_observed,ALL,none,spearman,ir_early_slope,ir_zero_fraction_early,132,-0.0061145530581598224
all_observed,ALL,within_batch_mean_centered,pearson,ir_early_slope,ir_zero_fraction_early,132,0.017370447681247427
all_observed,ALL,none,pearson,ir_early_slope,tavg_early_mean,132,0.09959251847710557
all_observed,ALL,none,spearman,ir_early_slope,tavg_early_mean,132,-0.04041210432875963
all_observed,ALL,within_batch_mean_centered,pearson,ir_early_slope,tavg_early_mean,132,0.11480918274425865
all_observed,ALL,none,pearson,ir_early_slope,ir_missing_fraction_early,132,0.020138973454504557
all_observed,ALL,none,spearman,ir_early_slope,ir_missing_fraction_early,132,-0.0061145530581598224
all_observed,ALL,within_batch_mean_centered,pearson,ir_early_slope,ir_missing_fraction_early,132,0.017370447681247427
all_observed,ALL,none,pearson,ir_early_slope,tmax_early_mean,132,0.07134467461821464
all_observed,ALL,none,spearman,ir_early_slope,tmax_early_mean,132,0.09865614752692352
all_observed,ALL,within_batch_mean_centered,pearson,ir_early_slope,tmax_early_mean,132,0.07453248792336915
all_observed,ALL,none,pearson,ir_early_slope,qd_early_mean_qc,132,0.06086606521054219
all_observed,ALL,none,spearman,ir_early_slope,qd_early_mean_qc,132,0.2303176876854247
all_observed,ALL,within_batch_mean_centered,pearson,ir_early_slope,qd_early_mean_qc,132,0.0943531547261271
all_observed,ALL,none,pearson,ir_early_slope,qd_early_std_qc,132,0.013815212968402543
all_observed,ALL,none,spearman,ir_early_slope,qd_early_std_qc,132,0.014440348448010622
all_observed,ALL,within_batch_mean_centered,pearson,ir_early_slope,qd_early_std_qc,132,0.022242668925765714
all_observed,ALL,none,pearson,ir_early_slope,qd_early_slope_qc,132,0.051239347354554224
all_observed,ALL,none,spearman,ir_early_slope,qd_early_slope_qc,132,0.12679069453023817
all_observed,ALL,within_batch_mean_centered,pearson,ir_early_slope,qd_early_slope_qc,132,0.05001005616601158
all_observed,ALL,none,pearson,ir_early_slope,qd2_qc,132,0.04639754541987905
all_observed,ALL,none,spearman,ir_early_slope,qd2_qc,132,0.2109021369808005
all_observed,ALL,within_batch_mean_centered,pearson,ir_early_slope,qd2_qc,132,0.09112608025206989
all_observed,ALL,none,pearson,ir_early_slope,qd100_qc,129,0.06360734197761049
all_observed,ALL,none,spearman,ir_early_slope,qd100_qc,129,0.25695517884859204
all_observed,ALL,within_batch_mean_centered,pearson,ir_early_slope,qd100_qc,129,0.10616955545259596
all_observed,ALL,none,pearson,ir_early_slope,qd_delta_100_2_qc,129,0.061301442882827406
all_observed,ALL,none,spearman,ir_early_slope,qd_delta_100_2_qc,129,0.25418233150866143
all_observed,ALL,within_batch_mean_centered,pearson,ir_early_slope,qd_delta_100_2_qc,129,0.05471583265015183
all_observed,ALL,none,pearson,ir_zero_fraction_early,qd_early_mean,139,0.3219597063890543
all_observed,ALL,none,spearman,ir_zero_fraction_early,qd_early_mean,139,0.2455337938649428
all_observed,ALL,within_batch_mean_centered,pearson,ir_zero_fraction_early,qd_early_mean,139,0.20378024299992697
all_observed,ALL,none,pearson,ir_zero_fraction_early,qd_early_std,139,0.06803124968240203
all_observed,ALL,none,spearman,ir_zero_fraction_early,qd_early_std,139,0.2122547193311687
all_observed,ALL,within_batch_mean_centered,pearson,ir_zero_fraction_early,qd_early_std,139,-0.032719416682390035
all_observed,ALL,none,pearson,ir_zero_fraction_early,qd_early_median,139,0.3091811883061613
all_observed,ALL,none,spearman,ir_zero_fraction_early,qd_early_median,139,0.2517434345865178
all_observed,ALL,within_batch_mean_centered,pearson,ir_zero_fraction_early,qd_early_median,139,0.19282044428332124
all_observed,ALL,none,pearson,ir_zero_fraction_early,qd2,139,0.3348821623096135
all_observed,ALL,none,spearman,ir_zero_fraction_early,qd2,139,0.24116404669050118
all_observed,ALL,within_batch_mean_centered,pearson,ir_zero_fraction_early,qd2,139,0.20012287222421166
all_observed,ALL,none,pearson,ir_zero_fraction_early,qd100,139,0.1836484315986484
all_observed,ALL,none,spearman,ir_zero_fraction_early,qd100,139,0.2298487013756312
all_observed,ALL,within_batch_mean_centered,pearson,ir_zero_fraction_early,qd100,139,0.10142334896615365
all_observed,ALL,none,pearson,ir_zero_fraction_early,qd_delta_100_2,139,0.15841672437328952
all_observed,ALL,none,spearman,ir_zero_fraction_early,qd_delta_100_2,139,0.1125094904072031
all_observed,ALL,within_batch_mean_centered,pearson,ir_zero_fraction_early,qd_delta_100_2,139,0.09064499183267062
all_observed,ALL,none,pearson,ir_zero_fraction_early,qd_early_slope,139,0.11285566277651114
all_observed,ALL,none,spearman,ir_zero_fraction_early,qd_early_slope,139,0.08615301534451816
all_observed,ALL,within_batch_mean_centered,pearson,ir_zero_fraction_early,qd_early_slope,139,0.005037397338312127
all_observed,ALL,none,pearson,ir_zero_fraction_early,tavg_early_mean,139,-0.14425345475086343
all_observed,ALL,none,spearman,ir_zero_fraction_early,tavg_early_mean,139,-0.28465453041086525
all_observed,ALL,within_batch_mean_centered,pearson,ir_zero_fraction_early,tavg_early_mean,139,-0.14480880140014968
all_observed,ALL,none,pearson,ir_zero_fraction_early,tmax_early_mean,139,-0.027653035082638767
all_observed,ALL,none,spearman,ir_zero_fraction_early,tmax_early_mean,139,-0.22166117509088787
all_observed,ALL,within_batch_mean_centered,pearson,ir_zero_fraction_early,tmax_early_mean,139,-0.0700116434594996
all_observed,ALL,none,pearson,ir_zero_fraction_early,qd_early_mean_qc,139,0.3079600322225384
all_observed,ALL,none,spearman,ir_zero_fraction_early,qd_early_mean_qc,139,0.244728840438072
all_observed,ALL,within_batch_mean_centered,pearson,ir_zero_fraction_early,qd_early_mean_qc,139,0.19330704785397734
all_observed,ALL,none,pearson,ir_zero_fraction_early,qd_early_std_qc,139,0.007901684372153488
all_observed,ALL,none,spearman,ir_zero_fraction_early,qd_early_std_qc,139,0.19840952038899043
all_observed,ALL,within_batch_mean_centered,pearson,ir_zero_fraction_early,qd_early_std_qc,139,-0.12209588055436041
all_observed,ALL,none,pearson,ir_zero_fraction_early,qd_early_slope_qc,139,0.026058548189131173
all_observed,ALL,none,spearman,ir_zero_fraction_early,qd_early_slope_qc,139,0.07670056224612068
all_observed,ALL,within_batch_mean_centered,pearson,ir_zero_fraction_early,qd_early_slope_qc,139,0.048033142451476385
all_observed,ALL,none,pearson,ir_zero_fraction_early,qd2_qc,139,0.3348821623096135
all_observed,ALL,none,spearman,ir_zero_fraction_early,qd2_qc,139,0.24116404669050118
all_observed,ALL,within_batch_mean_centered,pearson,ir_zero_fraction_early,qd2_qc,139,0.20012287222421166
all_observed,ALL,none,pearson,ir_zero_fraction_early,qd100_qc,135,0.29804129102296556
all_observed,ALL,none,spearman,ir_zero_fraction_early,qd100_qc,135,0.2252564428908669
all_observed,ALL,within_batch_mean_centered,pearson,ir_zero_fraction_early,qd100_qc,135,0.19034925472147146
all_observed,ALL,none,pearson,ir_zero_fraction_early,qd_delta_100_2_qc,135,0.02784630546760134
all_observed,ALL,none,spearman,ir_zero_fraction_early,qd_delta_100_2_qc,135,0.0995266965223715
all_observed,ALL,within_batch_mean_centered,pearson,ir_zero_fraction_early,qd_delta_100_2_qc,135,0.07520036054243248
all_observed,ALL,none,pearson,tavg_early_mean,tmax_early_mean,139,0.23622709640162073
all_observed,ALL,none,spearman,tavg_early_mean,tmax_early_mean,139,0.8609902140399481
all_observed,ALL,within_batch_mean_centered,pearson,tavg_early_mean,tmax_early_mean,139,0.27038952570780445
all_observed,ALL,none,pearson,ir_missing_fraction_early,qd_early_mean,139,0.3219597063890543
all_observed,ALL,none,spearman,ir_missing_fraction_early,qd_early_mean,139,0.2455337938649428
all_observed,ALL,within_batch_mean_centered,pearson,ir_missing_fraction_early,qd_early_mean,139,0.20378024299992697
all_observed,ALL,none,pearson,ir_missing_fraction_early,qd_early_std,139,0.06803124968240203
all_observed,ALL,none,spearman,ir_missing_fraction_early,qd_early_std,139,0.2122547193311687
all_observed,ALL,within_batch_mean_centered,pearson,ir_missing_fraction_early,qd_early_std,139,-0.032719416682390035
all_observed,ALL,none,pearson,ir_missing_fraction_early,qd_early_median,139,0.3091811883061613
all_observed,ALL,none,spearman,ir_missing_fraction_early,qd_early_median,139,0.2517434345865178
all_observed,ALL,within_batch_mean_centered,pearson,ir_missing_fraction_early,qd_early_median,139,0.19282044428332124
all_observed,ALL,none,pearson,ir_missing_fraction_early,qd2,139,0.3348821623096135
all_observed,ALL,none,spearman,ir_missing_fraction_early,qd2,139,0.24116404669050118
all_observed,ALL,within_batch_mean_centered,pearson,ir_missing_fraction_early,qd2,139,0.20012287222421166
all_observed,ALL,none,pearson,ir_missing_fraction_early,qd100,139,0.1836484315986484
all_observed,ALL,none,spearman,ir_missing_fraction_early,qd100,139,0.2298487013756312
all_observed,ALL,within_batch_mean_centered,pearson,ir_missing_fraction_early,qd100,139,0.10142334896615365
all_observed,ALL,none,pearson,ir_missing_fraction_early,qd_delta_100_2,139,0.15841672437328952
all_observed,ALL,none,spearman,ir_missing_fraction_early,qd_delta_100_2,139,0.1125094904072031
all_observed,ALL,within_batch_mean_centered,pearson,ir_missing_fraction_early,qd_delta_100_2,139,0.09064499183267062
all_observed,ALL,none,pearson,ir_missing_fraction_early,qd_early_slope,139,0.11285566277651114
all_observed,ALL,none,spearman,ir_missing_fraction_early,qd_early_slope,139,0.08615301534451816
all_observed,ALL,within_batch_mean_centered,pearson,ir_missing_fraction_early,qd_early_slope,139,0.005037397338312127
all_observed,ALL,none,pearson,ir_missing_fraction_early,ir_zero_fraction_early,139,1.0
all_observed,ALL,none,spearman,ir_missing_fraction_early,ir_zero_fraction_early,139,1.0
all_observed,ALL,within_batch_mean_centered,pearson,ir_missing_fraction_early,ir_zero_fraction_early,139,1.0
all_observed,ALL,none,pearson,ir_missing_fraction_early,tavg_early_mean,139,-0.14425345475086343
all_observed,ALL,none,spearman,ir_missing_fraction_early,tavg_early_mean,139,-0.28465453041086525
all_observed,ALL,within_batch_mean_centered,pearson,ir_missing_fraction_early,tavg_early_mean,139,-0.14480880140014968
all_observed,ALL,none,pearson,ir_missing_fraction_early,tmax_early_mean,139,-0.027653035082638767
all_observed,ALL,none,spearman,ir_missing_fraction_early,tmax_early_mean,139,-0.22166117509088787
all_observed,ALL,within_batch_mean_centered,pearson,ir_missing_fraction_early,tmax_early_mean,139,-0.0700116434594996
all_observed,ALL,none,pearson,ir_missing_fraction_early,qd_early_mean_qc,139,0.3079600322225384
all_observed,ALL,none,spearman,ir_missing_fraction_early,qd_early_mean_qc,139,0.244728840438072
all_observed,ALL,within_batch_mean_centered,pearson,ir_missing_fraction_early,qd_early_mean_qc,139,0.19330704785397734
all_observed,ALL,none,pearson,ir_missing_fraction_early,qd_early_std_qc,139,0.007901684372153488
all_observed,ALL,none,spearman,ir_missing_fraction_early,qd_early_std_qc,139,0.19840952038899043
all_observed,ALL,within_batch_mean_centered,pearson,ir_missing_fraction_early,qd_early_std_qc,139,-0.12209588055436041
all_observed,ALL,none,pearson,ir_missing_fraction_early,qd_early_slope_qc,139,0.026058548189131173
all_observed,ALL,none,spearman,ir_missing_fraction_early,qd_early_slope_qc,139,0.07670056224612068
all_observed,ALL,within_batch_mean_centered,pearson,ir_missing_fraction_early,qd_early_slope_qc,139,0.048033142451476385
all_observed,ALL,none,pearson,ir_missing_fraction_early,qd2_qc,139,0.3348821623096135
all_observed,ALL,none,spearman,ir_missing_fraction_early,qd2_qc,139,0.24116404669050118
all_observed,ALL,within_batch_mean_centered,pearson,ir_missing_fraction_early,qd2_qc,139,0.20012287222421166
all_observed,ALL,none,pearson,ir_missing_fraction_early,qd100_qc,135,0.29804129102296556
all_observed,ALL,none,spearman,ir_missing_fraction_early,qd100_qc,135,0.2252564428908669
all_observed,ALL,within_batch_mean_centered,pearson,ir_missing_fraction_early,qd100_qc,135,0.19034925472147146
all_observed,ALL,none,pearson,ir_missing_fraction_early,qd_delta_100_2_qc,135,0.02784630546760134
all_observed,ALL,none,spearman,ir_missing_fraction_early,qd_delta_100_2_qc,135,0.0995266965223715
all_observed,ALL,within_batch_mean_centered,pearson,ir_missing_fraction_early,qd_delta_100_2_qc,135,0.07520036054243248
all_observed,ALL,none,pearson,chargetime_early_mean,qd_early_mean,139,0.2768327862768085
all_observed,ALL,none,spearman,chargetime_early_mean,qd_early_mean,139,0.28907457884623977
all_observed,ALL,within_batch_mean_centered,pearson,chargetime_early_mean,qd_early_mean,139,-0.013881215408833084
all_observed,ALL,none,pearson,chargetime_early_mean,qd_early_std,139,0.174209557871365
all_observed,ALL,none,spearman,chargetime_early_mean,qd_early_std,139,0.2226909155905089
all_observed,ALL,within_batch_mean_centered,pearson,chargetime_early_mean,qd_early_std,139,0.04318896436897927
all_observed,ALL,none,pearson,chargetime_early_mean,qd_early_median,139,0.24050105911180503
all_observed,ALL,none,spearman,chargetime_early_mean,qd_early_median,139,0.27070914696813975
all_observed,ALL,within_batch_mean_centered,pearson,chargetime_early_mean,qd_early_median,139,-0.03709911730218003
all_observed,ALL,none,pearson,chargetime_early_mean,qd2,139,0.30076415916615146
all_observed,ALL,none,spearman,chargetime_early_mean,qd2,139,0.30084901023280747
all_observed,ALL,within_batch_mean_centered,pearson,chargetime_early_mean,qd2,139,-0.031037554021779427
all_observed,ALL,none,pearson,chargetime_early_mean,qd100,139,0.20128125539278946
all_observed,ALL,none,spearman,chargetime_early_mean,qd100,139,0.3338531659144734
all_observed,ALL,within_batch_mean_centered,pearson,chargetime_early_mean,qd100,139,0.08515901322939115
all_observed,ALL,none,pearson,chargetime_early_mean,qd_delta_100_2,139,0.1788561152620322
all_observed,ALL,none,spearman,chargetime_early_mean,qd_delta_100_2,139,0.21923231601054557
all_observed,ALL,within_batch_mean_centered,pearson,chargetime_early_mean,qd_delta_100_2,139,0.08595342833903535
all_observed,ALL,none,pearson,chargetime_early_mean,qd_early_slope,139,0.20549580664585573
all_observed,ALL,none,spearman,chargetime_early_mean,qd_early_slope,139,0.310366861790071
all_observed,ALL,within_batch_mean_centered,pearson,chargetime_early_mean,qd_early_slope,139,0.06524959570114605
all_observed,ALL,none,pearson,chargetime_early_mean,ir_early_mean,132,0.19081614794553273
all_observed,ALL,none,spearman,chargetime_early_mean,ir_early_mean,132,0.5107303303365978
all_observed,ALL,within_batch_mean_centered,pearson,chargetime_early_mean,ir_early_mean,132,0.02516605139433603
all_observed,ALL,none,pearson,chargetime_early_mean,ir_change_100_2,132,0.0022837793979230275
all_observed,ALL,none,spearman,chargetime_early_mean,ir_change_100_2,132,0.2166182712987032
all_observed,ALL,within_batch_mean_centered,pearson,chargetime_early_mean,ir_change_100_2,132,-0.06976928220487663
all_observed,ALL,none,pearson,chargetime_early_mean,ir_early_slope,132,-0.05965962886229582
all_observed,ALL,none,spearman,chargetime_early_mean,ir_early_slope,132,0.1817109791154363
all_observed,ALL,within_batch_mean_centered,pearson,chargetime_early_mean,ir_early_slope,132,-0.05745496158637656
all_observed,ALL,none,pearson,chargetime_early_mean,ir_zero_fraction_early,139,0.4066661969971034
all_observed,ALL,none,spearman,chargetime_early_mean,ir_zero_fraction_early,139,0.09880228348105981
all_observed,ALL,within_batch_mean_centered,pearson,chargetime_early_mean,ir_zero_fraction_early,139,0.3119951076831404
all_observed,ALL,none,pearson,chargetime_early_mean,tavg_early_mean,139,-0.10881807310379948
all_observed,ALL,none,spearman,chargetime_early_mean,tavg_early_mean,139,-0.22730238169712674
all_observed,ALL,within_batch_mean_centered,pearson,chargetime_early_mean,tavg_early_mean,139,-0.0779640797446026
all_observed,ALL,none,pearson,chargetime_early_mean,ir_missing_fraction_early,139,0.4066661969971034
all_observed,ALL,none,spearman,chargetime_early_mean,ir_missing_fraction_early,139,0.09880228348105981
all_observed,ALL,within_batch_mean_centered,pearson,chargetime_early_mean,ir_missing_fraction_early,139,0.3119951076831404
all_observed,ALL,none,pearson,chargetime_early_mean,tmax_early_mean,139,-0.0005362361735602511
all_observed,ALL,none,spearman,chargetime_early_mean,tmax_early_mean,139,-0.08073193619017828
all_observed,ALL,within_batch_mean_centered,pearson,chargetime_early_mean,tmax_early_mean,139,-0.059642664230321295
all_observed,ALL,none,pearson,chargetime_early_mean,chargetime_early_median,139,0.09646305560795225
all_observed,ALL,none,spearman,chargetime_early_mean,chargetime_early_median,139,0.7273411762607606
all_observed,ALL,within_batch_mean_centered,pearson,chargetime_early_mean,chargetime_early_median,139,0.1263370605563289
all_observed,ALL,none,pearson,chargetime_early_mean,chargetime_early_mean_qc,139,0.09568667849067063
all_observed,ALL,none,spearman,chargetime_early_mean,chargetime_early_mean_qc,139,0.7340989320344965
all_observed,ALL,within_batch_mean_centered,pearson,chargetime_early_mean,chargetime_early_mean_qc,139,0.1269891930046287
all_observed,ALL,none,pearson,chargetime_early_mean,qd_early_mean_qc,139,0.24140582708056668
all_observed,ALL,none,spearman,chargetime_early_mean,qd_early_mean_qc,139,0.2735868448098664
all_observed,ALL,within_batch_mean_centered,pearson,chargetime_early_mean,qd_early_mean_qc,139,-0.029965408833569348
all_observed,ALL,none,pearson,chargetime_early_mean,qd_early_std_qc,139,0.05176901369643581
all_observed,ALL,none,spearman,chargetime_early_mean,qd_early_std_qc,139,0.2048885115510076
all_observed,ALL,within_batch_mean_centered,pearson,chargetime_early_mean,qd_early_std_qc,139,-0.1330692520177066
all_observed,ALL,none,pearson,chargetime_early_mean,qd_early_slope_qc,139,-0.06225701262577053
all_observed,ALL,none,spearman,chargetime_early_mean,qd_early_slope_qc,139,0.12017516421645291
all_observed,ALL,within_batch_mean_centered,pearson,chargetime_early_mean,qd_early_slope_qc,139,-0.04114427605988281
all_observed,ALL,none,pearson,chargetime_early_mean,qd2_qc,139,0.30076415916615146
all_observed,ALL,none,spearman,chargetime_early_mean,qd2_qc,139,0.30084901023280747
all_observed,ALL,within_batch_mean_centered,pearson,chargetime_early_mean,qd2_qc,139,-0.031037554021779427
all_observed,ALL,none,pearson,chargetime_early_mean,qd100_qc,135,0.21722965572364578
all_observed,ALL,none,spearman,chargetime_early_mean,qd100_qc,135,0.2847868500634085
all_observed,ALL,within_batch_mean_centered,pearson,chargetime_early_mean,qd100_qc,135,-0.022577912997924825
all_observed,ALL,none,pearson,chargetime_early_mean,qd_delta_100_2_qc,135,-0.06429136149477704
all_observed,ALL,none,spearman,chargetime_early_mean,qd_delta_100_2_qc,135,0.16675446297922156
all_observed,ALL,within_batch_mean_centered,pearson,chargetime_early_mean,qd_delta_100_2_qc,135,-0.010470932520694618
all_observed,ALL,none,pearson,chargetime_early_median,qd_early_mean,139,0.18494269437898153
all_observed,ALL,none,spearman,chargetime_early_median,qd_early_mean,139,0.22995914692264552
all_observed,ALL,within_batch_mean_centered,pearson,chargetime_early_median,qd_early_mean,139,0.18358391220705617
all_observed,ALL,none,pearson,chargetime_early_median,qd_early_std,139,0.2016846976519993
all_observed,ALL,none,spearman,chargetime_early_median,qd_early_std,139,-0.026909185965861962
all_observed,ALL,within_batch_mean_centered,pearson,chargetime_early_median,qd_early_std,139,0.21801716638917829
all_observed,ALL,none,pearson,chargetime_early_median,qd_early_median,139,0.1472166821692335
all_observed,ALL,none,spearman,chargetime_early_median,qd_early_median,139,0.23245255870759254
all_observed,ALL,within_batch_mean_centered,pearson,chargetime_early_median,qd_early_median,139,0.11747760231955773
all_observed,ALL,none,pearson,chargetime_early_median,qd2,139,0.0586197746732678
all_observed,ALL,none,spearman,chargetime_early_median,qd2,139,0.19054045147298573
all_observed,ALL,within_batch_mean_centered,pearson,chargetime_early_median,qd2,139,0.008022117163618697
all_observed,ALL,none,pearson,chargetime_early_median,qd100,139,0.06827421515887043
all_observed,ALL,none,spearman,chargetime_early_median,qd100,139,0.2596164480278308
all_observed,ALL,within_batch_mean_centered,pearson,chargetime_early_median,qd100,139,0.08001586587710578
all_observed,ALL,none,pearson,chargetime_early_median,qd_delta_100_2,139,0.0640920507734244
all_observed,ALL,none,spearman,chargetime_early_median,qd_delta_100_2,139,0.32148255226186584
all_observed,ALL,within_batch_mean_centered,pearson,chargetime_early_median,qd_delta_100_2,139,0.07892342014296924
all_observed,ALL,none,pearson,chargetime_early_median,qd_early_slope,139,0.40523181339456416
all_observed,ALL,none,spearman,chargetime_early_median,qd_early_slope,139,0.3318807049922811
all_observed,ALL,within_batch_mean_centered,pearson,chargetime_early_median,qd_early_slope,139,0.4582301591590529
all_observed,ALL,none,pearson,chargetime_early_median,ir_early_mean,132,0.3642437113665913
all_observed,ALL,none,spearman,chargetime_early_median,ir_early_mean,132,0.4470611561799812
all_observed,ALL,within_batch_mean_centered,pearson,chargetime_early_median,ir_early_mean,132,0.3515155190593632
all_observed,ALL,none,pearson,chargetime_early_median,ir_change_100_2,132,0.11014223749245323
all_observed,ALL,none,spearman,chargetime_early_median,ir_change_100_2,132,0.2434330244975688
all_observed,ALL,within_batch_mean_centered,pearson,chargetime_early_median,ir_change_100_2,132,0.12045999430442511
all_observed,ALL,none,pearson,chargetime_early_median,ir_early_slope,132,0.08219141871186109
all_observed,ALL,none,spearman,chargetime_early_median,ir_early_slope,132,0.2756140417434374
all_observed,ALL,within_batch_mean_centered,pearson,chargetime_early_median,ir_early_slope,132,0.08325214955904092
all_observed,ALL,none,pearson,chargetime_early_median,ir_zero_fraction_early,139,-0.06788100469507591
all_observed,ALL,none,spearman,chargetime_early_median,ir_zero_fraction_early,139,-0.0360159564192568
all_observed,ALL,within_batch_mean_centered,pearson,chargetime_early_median,ir_zero_fraction_early,139,-0.057013349394300056
all_observed,ALL,none,pearson,chargetime_early_median,tavg_early_mean,139,-0.15952345999455153
all_observed,ALL,none,spearman,chargetime_early_median,tavg_early_mean,139,-0.2932283538457009
all_observed,ALL,within_batch_mean_centered,pearson,chargetime_early_median,tavg_early_mean,139,-0.07307578793700016
all_observed,ALL,none,pearson,chargetime_early_median,ir_missing_fraction_early,139,-0.06788100469507591
all_observed,ALL,none,spearman,chargetime_early_median,ir_missing_fraction_early,139,-0.0360159564192568
all_observed,ALL,within_batch_mean_centered,pearson,chargetime_early_median,ir_missing_fraction_early,139,-0.057013349394300056
all_observed,ALL,none,pearson,chargetime_early_median,tmax_early_mean,139,-0.026700627948235547
all_observed,ALL,none,spearman,chargetime_early_median,tmax_early_mean,139,-0.12886872611465894
all_observed,ALL,within_batch_mean_centered,pearson,chargetime_early_median,tmax_early_mean,139,-0.018247606457584466
all_observed,ALL,none,pearson,chargetime_early_median,qd_early_mean_qc,139,0.14656713271108796
all_observed,ALL,none,spearman,chargetime_early_median,qd_early_mean_qc,139,0.23515375480795184
all_observed,ALL,within_batch_mean_centered,pearson,chargetime_early_median,qd_early_mean_qc,139,0.11467535697398479
all_observed,ALL,none,pearson,chargetime_early_median,qd_early_std_qc,139,0.09216291744389651
all_observed,ALL,none,spearman,chargetime_early_median,qd_early_std_qc,139,-0.02590824646796208
all_observed,ALL,within_batch_mean_centered,pearson,chargetime_early_median,qd_early_std_qc,139,0.10378469023736556
all_observed,ALL,none,pearson,chargetime_early_median,qd_early_slope_qc,139,0.21725191542697447
all_observed,ALL,none,spearman,chargetime_early_median,qd_early_slope_qc,139,0.29883182764197974
all_observed,ALL,within_batch_mean_centered,pearson,chargetime_early_median,qd_early_slope_qc,139,0.21167003325937594
all_observed,ALL,none,pearson,chargetime_early_median,qd2_qc,139,0.0586197746732678
all_observed,ALL,none,spearman,chargetime_early_median,qd2_qc,139,0.19054045147298573
all_observed,ALL,within_batch_mean_centered,pearson,chargetime_early_median,qd2_qc,139,0.008022117163618697
all_observed,ALL,none,pearson,chargetime_early_median,qd100_qc,135,0.1417975006834749
all_observed,ALL,none,spearman,chargetime_early_median,qd100_qc,135,0.24565194328857312
all_observed,ALL,within_batch_mean_centered,pearson,chargetime_early_median,qd100_qc,135,0.11866518886338895
all_observed,ALL,none,pearson,chargetime_early_median,qd_delta_100_2_qc,135,0.1961440594049447
all_observed,ALL,none,spearman,chargetime_early_median,qd_delta_100_2_qc,135,0.3155817915105647
all_observed,ALL,within_batch_mean_centered,pearson,chargetime_early_median,qd_delta_100_2_qc,135,0.1697758029331023
all_observed,ALL,none,pearson,chargetime_early_mean_qc,qd_early_mean,139,0.18561283369465786
all_observed,ALL,none,spearman,chargetime_early_mean_qc,qd_early_mean,139,0.25313463514902357
all_observed,ALL,within_batch_mean_centered,pearson,chargetime_early_mean_qc,qd_early_mean,139,0.18377840957753
all_observed,ALL,none,pearson,chargetime_early_mean_qc,qd_early_std,139,0.19850336908245786
all_observed,ALL,none,spearman,chargetime_early_mean_qc,qd_early_std,139,-0.02753474239242146
all_observed,ALL,within_batch_mean_centered,pearson,chargetime_early_mean_qc,qd_early_std,139,0.2155138234846704
all_observed,ALL,none,pearson,chargetime_early_mean_qc,qd_early_median,139,0.14843821466009635
all_observed,ALL,none,spearman,chargetime_early_mean_qc,qd_early_median,139,0.25655748692971087
all_observed,ALL,within_batch_mean_centered,pearson,chargetime_early_mean_qc,qd_early_median,139,0.11828888983780322
all_observed,ALL,none,pearson,chargetime_early_mean_qc,qd2,139,0.059210239118310845
all_observed,ALL,none,spearman,chargetime_early_mean_qc,qd2,139,0.21380758747039633
all_observed,ALL,within_batch_mean_centered,pearson,chargetime_early_mean_qc,qd2,139,0.008643459406202196
all_observed,ALL,none,pearson,chargetime_early_mean_qc,qd100,139,0.06722652183269269
all_observed,ALL,none,spearman,chargetime_early_mean_qc,qd100,139,0.27891773537691583
all_observed,ALL,within_batch_mean_centered,pearson,chargetime_early_mean_qc,qd100,139,0.07975573772432962
all_observed,ALL,none,pearson,chargetime_early_mean_qc,qd_delta_100_2,139,0.062990964863532
all_observed,ALL,none,spearman,chargetime_early_mean_qc,qd_delta_100_2,139,0.3270878949014701
all_observed,ALL,within_batch_mean_centered,pearson,chargetime_early_mean_qc,qd_delta_100_2,139,0.07863482715659381
all_observed,ALL,none,pearson,chargetime_early_mean_qc,qd_early_slope,139,0.4036958473963441
all_observed,ALL,none,spearman,chargetime_early_mean_qc,qd_early_slope,139,0.33211939764958215
all_observed,ALL,within_batch_mean_centered,pearson,chargetime_early_mean_qc,qd_early_slope,139,0.4583702527491186
all_observed,ALL,none,pearson,chargetime_early_mean_qc,ir_early_mean,132,0.3647820914185409
all_observed,ALL,none,spearman,chargetime_early_mean_qc,ir_early_mean,132,0.4686960287603115
all_observed,ALL,within_batch_mean_centered,pearson,chargetime_early_mean_qc,ir_early_mean,132,0.350987399769922
all_observed,ALL,none,pearson,chargetime_early_mean_qc,ir_change_100_2,132,0.10978014210121925
all_observed,ALL,none,spearman,chargetime_early_mean_qc,ir_change_100_2,132,0.2447684717962704
all_observed,ALL,within_batch_mean_centered,pearson,chargetime_early_mean_qc,ir_change_100_2,132,0.12080192303215885
all_observed,ALL,none,pearson,chargetime_early_mean_qc,ir_early_slope,132,0.08489849256203318
all_observed,ALL,none,spearman,chargetime_early_mean_qc,ir_early_slope,132,0.2807662907458008
all_observed,ALL,within_batch_mean_centered,pearson,chargetime_early_mean_qc,ir_early_slope,132,0.08608441176471834
all_observed,ALL,none,pearson,chargetime_early_mean_qc,ir_zero_fraction_early,139,-0.06875731105644778
all_observed,ALL,none,spearman,chargetime_early_mean_qc,ir_zero_fraction_early,139,-0.0003679787094266659
all_observed,ALL,within_batch_mean_centered,pearson,chargetime_early_mean_qc,ir_zero_fraction_early,139,-0.056977248678545186
all_observed,ALL,none,pearson,chargetime_early_mean_qc,tavg_early_mean,139,-0.16159946301521674
all_observed,ALL,none,spearman,chargetime_early_mean_qc,tavg_early_mean,139,-0.3216899772107779
all_observed,ALL,within_batch_mean_centered,pearson,chargetime_early_mean_qc,tavg_early_mean,139,-0.07270135662777988
all_observed,ALL,none,pearson,chargetime_early_mean_qc,ir_missing_fraction_early,139,-0.06875731105644778
all_observed,ALL,none,spearman,chargetime_early_mean_qc,ir_missing_fraction_early,139,-0.0003679787094266659
all_observed,ALL,within_batch_mean_centered,pearson,chargetime_early_mean_qc,ir_missing_fraction_early,139,-0.056977248678545186
all_observed,ALL,none,pearson,chargetime_early_mean_qc,tmax_early_mean,139,-0.02728960348543096
all_observed,ALL,none,spearman,chargetime_early_mean_qc,tmax_early_mean,139,-0.14559631797667455
all_observed,ALL,within_batch_mean_centered,pearson,chargetime_early_mean_qc,tmax_early_mean,139,-0.018407929163283068
all_observed,ALL,none,pearson,chargetime_early_mean_qc,chargetime_early_median,139,0.9999246669709743
all_observed,ALL,none,spearman,chargetime_early_mean_qc,chargetime_early_median,139,0.9902397227761247
all_observed,ALL,within_batch_mean_centered,pearson,chargetime_early_mean_qc,chargetime_early_median,139,0.9999452470702043
all_observed,ALL,none,pearson,chargetime_early_mean_qc,qd_early_mean_qc,139,0.14783725688861196
all_observed,ALL,none,spearman,chargetime_early_mean_qc,qd_early_mean_qc,139,0.2595781759685419
all_observed,ALL,within_batch_mean_centered,pearson,chargetime_early_mean_qc,qd_early_mean_qc,139,0.11550034638513088
all_observed,ALL,none,pearson,chargetime_early_mean_qc,qd_early_std_qc,139,0.09088483304403205
all_observed,ALL,none,spearman,chargetime_early_mean_qc,qd_early_std_qc,139,-0.02551946020823093
all_observed,ALL,within_batch_mean_centered,pearson,chargetime_early_mean_qc,qd_early_std_qc,139,0.10330848668636439
all_observed,ALL,none,pearson,chargetime_early_mean_qc,qd_early_slope_qc,139,0.21802998764318765
all_observed,ALL,none,spearman,chargetime_early_mean_qc,qd_early_slope_qc,139,0.3050851244470262
all_observed,ALL,within_batch_mean_centered,pearson,chargetime_early_mean_qc,qd_early_slope_qc,139,0.2123636886287781
all_observed,ALL,none,pearson,chargetime_early_mean_qc,qd2_qc,139,0.059210239118310845
all_observed,ALL,none,spearman,chargetime_early_mean_qc,qd2_qc,139,0.21380758747039633
all_observed,ALL,within_batch_mean_centered,pearson,chargetime_early_mean_qc,qd2_qc,139,0.008643459406202196
all_observed,ALL,none,pearson,chargetime_early_mean_qc,qd100_qc,135,0.14311710477631295
all_observed,ALL,none,spearman,chargetime_early_mean_qc,qd100_qc,135,0.2675982830943323
all_observed,ALL,within_batch_mean_centered,pearson,chargetime_early_mean_qc,qd100_qc,135,0.11954729152184061
all_observed,ALL,none,pearson,chargetime_early_mean_qc,qd_delta_100_2_qc,135,0.1977514307572749
all_observed,ALL,none,spearman,chargetime_early_mean_qc,qd_delta_100_2_qc,135,0.32376841283777197
all_observed,ALL,within_batch_mean_centered,pearson,chargetime_early_mean_qc,qd_delta_100_2_qc,135,0.17061014892402204
all_observed,ALL,none,pearson,qd_early_mean_qc,qd_early_std,139,-0.10134347965373344
all_observed,ALL,none,spearman,qd_early_mean_qc,qd_early_std,139,0.4063228919969614
all_observed,ALL,within_batch_mean_centered,pearson,qd_early_mean_qc,qd_early_std,139,-0.4406990237594768
all_observed,ALL,none,pearson,qd_early_mean_qc,qd_early_median,139,0.9988919052715158
all_observed,ALL,none,spearman,qd_early_mean_qc,qd_early_median,139,0.998739890075517
all_observed,ALL,within_batch_mean_centered,pearson,qd_early_mean_qc,qd_early_median,139,0.9978956107091994
all_observed,ALL,none,pearson,qd_early_mean_qc,qd_early_slope,139,0.18324370251393052
all_observed,ALL,none,spearman,qd_early_mean_qc,qd_early_slope,139,0.29135350105009156
all_observed,ALL,within_batch_mean_centered,pearson,qd_early_mean_qc,qd_early_slope,139,-0.009978532362148004
all_observed,ALL,none,pearson,qd_early_mean_qc,tavg_early_mean,139,-0.535124996784181
all_observed,ALL,none,spearman,qd_early_mean_qc,tavg_early_mean,139,-0.4438804236114213
all_observed,ALL,within_batch_mean_centered,pearson,qd_early_mean_qc,tavg_early_mean,139,-0.47278445093270516
all_observed,ALL,none,pearson,qd_early_mean_qc,tmax_early_mean,139,0.003990325343065249
all_observed,ALL,none,spearman,qd_early_mean_qc,tmax_early_mean,139,-0.27379686313061347
all_observed,ALL,within_batch_mean_centered,pearson,qd_early_mean_qc,tmax_early_mean,139,-0.07859040109609004
all_observed,ALL,none,pearson,qd_early_mean_qc,qd_early_std_qc,139,0.0039765518416315475
all_observed,ALL,none,spearman,qd_early_mean_qc,qd_early_std_qc,139,0.4247196031994279
all_observed,ALL,within_batch_mean_centered,pearson,qd_early_mean_qc,qd_early_std_qc,139,-0.34152715579658866
all_observed,ALL,none,pearson,qd_early_mean_qc,qd_early_slope_qc,139,0.44079295529117546
all_observed,ALL,none,spearman,qd_early_mean_qc,qd_early_slope_qc,139,0.3017561106394387
all_observed,ALL,within_batch_mean_centered,pearson,qd_early_mean_qc,qd_early_slope_qc,139,0.6433950998644329
all_observed,ALL,none,pearson,qd_early_std_qc,tavg_early_mean,139,0.08991773731586472
all_observed,ALL,none,spearman,qd_early_std_qc,tavg_early_mean,139,-0.11465212922829436
all_observed,ALL,within_batch_mean_centered,pearson,qd_early_std_qc,tavg_early_mean,139,0.17963655272671772
all_observed,ALL,none,pearson,qd_early_std_qc,tmax_early_mean,139,-0.002969511187614059
all_observed,ALL,none,spearman,qd_early_std_qc,tmax_early_mean,139,0.0463112739621967
all_observed,ALL,within_batch_mean_centered,pearson,qd_early_std_qc,tmax_early_mean,139,-0.0487475890947929
all_observed,ALL,none,pearson,qd_early_slope_qc,qd_early_std,139,-0.41652198964684056
all_observed,ALL,none,spearman,qd_early_slope_qc,qd_early_std,139,-0.11303007283614101
all_observed,ALL,within_batch_mean_centered,pearson,qd_early_slope_qc,qd_early_std,139,-0.4227878713968596
all_observed,ALL,none,pearson,qd_early_slope_qc,tavg_early_mean,139,-0.4093566776597813
all_observed,ALL,none,spearman,qd_early_slope_qc,tavg_early_mean,139,-0.35924750882523787
all_observed,ALL,within_batch_mean_centered,pearson,qd_early_slope_qc,tavg_early_mean,139,-0.44800980776288224
all_observed,ALL,none,pearson,qd_early_slope_qc,tmax_early_mean,139,-0.046801271412411936
all_observed,ALL,none,spearman,qd_early_slope_qc,tmax_early_mean,139,-0.24858572769113896
all_observed,ALL,within_batch_mean_centered,pearson,qd_early_slope_qc,tmax_early_mean,139,-0.03936300939569862
all_observed,ALL,none,pearson,qd_early_slope_qc,qd_early_std_qc,139,-0.5588085143336265
all_observed,ALL,none,spearman,qd_early_slope_qc,qd_early_std_qc,139,-0.08475356360874033
all_observed,ALL,within_batch_mean_centered,pearson,qd_early_slope_qc,qd_early_std_qc,139,-0.5819434154564902
all_observed,ALL,none,pearson,qd2_qc,qd_early_mean,139,0.9506172437678486
all_observed,ALL,none,spearman,qd2_qc,qd_early_mean,139,0.9626882345055631
all_observed,ALL,within_batch_mean_centered,pearson,qd2_qc,qd_early_mean,139,0.8897980602448237
all_observed,ALL,none,pearson,qd2_qc,qd_early_std,139,0.03737690344230938
all_observed,ALL,none,spearman,qd2_qc,qd_early_std,139,0.490504490817284
all_observed,ALL,within_batch_mean_centered,pearson,qd2_qc,qd_early_std,139,-0.3414967650608014
all_observed,ALL,none,pearson,qd2_qc,qd_early_median,139,0.94535034823236
all_observed,ALL,none,spearman,qd2_qc,qd_early_median,139,0.9759998212610035
all_observed,ALL,within_batch_mean_centered,pearson,qd2_qc,qd_early_median,139,0.9030333520540172
all_observed,ALL,none,pearson,qd2_qc,qd_delta_100_2,139,0.043092351958496124
all_observed,ALL,none,spearman,qd2_qc,qd_delta_100_2,139,0.1730550962956343
all_observed,ALL,within_batch_mean_centered,pearson,qd2_qc,qd_delta_100_2,139,-0.1997879714790773
all_observed,ALL,none,pearson,qd2_qc,qd_early_slope,139,0.1662078829904405
all_observed,ALL,none,spearman,qd2_qc,qd_early_slope,139,0.21994727199606773
all_observed,ALL,within_batch_mean_centered,pearson,qd2_qc,qd_early_slope,139,-0.11865317258278602
all_observed,ALL,none,pearson,qd2_qc,tavg_early_mean,139,-0.4096532027927666
all_observed,ALL,none,spearman,qd2_qc,tavg_early_mean,139,-0.3930157737164305
all_observed,ALL,within_batch_mean_centered,pearson,qd2_qc,tavg_early_mean,139,-0.3297630804205981
all_observed,ALL,none,pearson,qd2_qc,tmax_early_mean,139,0.023155544637063943
all_observed,ALL,none,spearman,qd2_qc,tmax_early_mean,139,-0.2304213771839671
all_observed,ALL,within_batch_mean_centered,pearson,qd2_qc,tmax_early_mean,139,-0.08695342293462273
all_observed,ALL,none,pearson,qd2_qc,qd_early_mean_qc,139,0.9433883258919968
all_observed,ALL,none,spearman,qd2_qc,qd_early_mean_qc,139,0.9741051878993697
all_observed,ALL,within_batch_mean_centered,pearson,qd2_qc,qd_early_mean_qc,139,0.9029191200728548
all_observed,ALL,none,pearson,qd2_qc,qd_early_std_qc,139,0.15351812174011759
all_observed,ALL,none,spearman,qd2_qc,qd_early_std_qc,139,0.5104026095893471
all_observed,ALL,within_batch_mean_centered,pearson,qd2_qc,qd_early_std_qc,139,-0.2153400884447413
all_observed,ALL,none,pearson,qd2_qc,qd_early_slope_qc,139,0.14914180997153165
all_observed,ALL,none,spearman,qd2_qc,qd_early_slope_qc,139,0.17658965994905937
all_observed,ALL,within_batch_mean_centered,pearson,qd2_qc,qd_early_slope_qc,139,0.2878689552461738
all_observed,ALL,none,pearson,qd2_qc,qd_delta_100_2_qc,135,0.10708642333612312
all_observed,ALL,none,spearman,qd2_qc,qd_delta_100_2_qc,135,0.16666666666666669
all_observed,ALL,within_batch_mean_centered,pearson,qd2_qc,qd_delta_100_2_qc,135,0.268859313933319
all_observed,ALL,none,pearson,qd100_qc,qd_early_mean,135,0.9532072894268122
all_observed,ALL,none,spearman,qd100_qc,qd_early_mean,135,0.9692761681787143
all_observed,ALL,within_batch_mean_centered,pearson,qd100_qc,qd_early_mean,135,0.9341564426948233
all_observed,ALL,none,pearson,qd100_qc,qd_early_std,135,-0.23845296682089878
all_observed,ALL,none,spearman,qd100_qc,qd_early_std,135,0.36739342503170425
all_observed,ALL,within_batch_mean_centered,pearson,qd100_qc,qd_early_std,135,-0.4969749419741693
all_observed,ALL,none,pearson,qd100_qc,qd_early_median,135,0.9777468409593109
all_observed,ALL,none,spearman,qd100_qc,qd_early_median,135,0.9843039703443569
all_observed,ALL,within_batch_mean_centered,pearson,qd100_qc,qd_early_median,135,0.9713509132973097
all_observed,ALL,none,pearson,qd100_qc,qd2,135,0.8706584086465956
all_observed,ALL,none,spearman,qd100_qc,qd2,135,0.9456248170910156
all_observed,ALL,within_batch_mean_centered,pearson,qd100_qc,qd2,135,0.7957414783253866
all_observed,ALL,none,pearson,qd100_qc,qd_delta_100_2,135,0.5822953315782663
all_observed,ALL,none,spearman,qd100_qc,qd_delta_100_2,135,0.40168276265730174
all_observed,ALL,within_batch_mean_centered,pearson,qd100_qc,qd_delta_100_2,135,0.7972790880315432
all_observed,ALL,none,pearson,qd100_qc,qd_early_slope,135,0.2637936849446006
all_observed,ALL,none,spearman,qd100_qc,qd_early_slope,135,0.3545263876694957
all_observed,ALL,within_batch_mean_centered,pearson,qd100_qc,qd_early_slope,135,0.18025871522056794
all_observed,ALL,none,pearson,qd100_qc,tavg_early_mean,135,-0.5718303766663694
all_observed,ALL,none,spearman,qd100_qc,tavg_early_mean,135,-0.47222709979514194
all_observed,ALL,within_batch_mean_centered,pearson,qd100_qc,tavg_early_mean,135,-0.5142558104365967
all_observed,ALL,none,pearson,qd100_qc,tmax_early_mean,135,-0.36096740725507714
all_observed,ALL,none,spearman,qd100_qc,tmax_early_mean,135,-0.2972246610086821
all_observed,ALL,within_batch_mean_centered,pearson,qd100_qc,tmax_early_mean,135,-0.357888184317225
all_observed,ALL,none,pearson,qd100_qc,qd_early_mean_qc,135,0.9800199762477626
all_observed,ALL,none,spearman,qd100_qc,qd_early_mean_qc,135,0.9869768803043607
all_observed,ALL,within_batch_mean_centered,pearson,qd100_qc,qd_early_mean_qc,135,0.9739950518828442
all_observed,ALL,none,pearson,qd100_qc,qd_early_std_qc,135,-0.0981951077062033
all_observed,ALL,none,spearman,qd100_qc,qd_early_std_qc,135,0.3809872207589504
all_observed,ALL,within_batch_mean_centered,pearson,qd100_qc,qd_early_std_qc,135,-0.43177978510541093
all_observed,ALL,none,pearson,qd100_qc,qd_early_slope_qc,135,0.5908836961342834
all_observed,ALL,none,spearman,qd100_qc,qd_early_slope_qc,135,0.39657594381036
all_observed,ALL,within_batch_mean_centered,pearson,qd100_qc,qd_early_slope_qc,135,0.7813836032944745
all_observed,ALL,none,pearson,qd100_qc,qd2_qc,135,0.8706584086465956
all_observed,ALL,none,spearman,qd100_qc,qd2_qc,135,0.9456248170910156
all_observed,ALL,within_batch_mean_centered,pearson,qd100_qc,qd2_qc,135,0.7957414783253866
all_observed,ALL,none,pearson,qd100_qc,qd_delta_100_2_qc,135,0.5822953315782663
all_observed,ALL,none,spearman,qd100_qc,qd_delta_100_2_qc,135,0.40168276265730174
all_observed,ALL,within_batch_mean_centered,pearson,qd100_qc,qd_delta_100_2_qc,135,0.7972790880315432
all_observed,ALL,none,pearson,qd_delta_100_2_qc,qd_early_mean,135,0.3487448027722398
all_observed,ALL,none,spearman,qd_delta_100_2_qc,qd_early_mean,135,0.27745585796507666
all_observed,ALL,within_batch_mean_centered,pearson,qd_delta_100_2_qc,qd_early_mean,135,0.5823945542155198
all_observed,ALL,none,pearson,qd_delta_100_2_qc,qd_early_std,135,-0.5127266038174578
all_observed,ALL,none,spearman,qd_delta_100_2_qc,qd_early_std,135,-0.0888596234513706
all_observed,ALL,within_batch_mean_centered,pearson,qd_delta_100_2_qc,qd_early_std,135,-0.5148104101889759
all_observed,ALL,none,pearson,qd_delta_100_2_qc,qd_early_median,135,0.41374244613521644
all_observed,ALL,none,spearman,qd_delta_100_2_qc,qd_early_median,135,0.29707833382109067
all_observed,ALL,within_batch_mean_centered,pearson,qd_delta_100_2_qc,qd_early_median,135,0.6482466854772975
all_observed,ALL,none,pearson,qd_delta_100_2_qc,qd_early_slope,135,0.1936107243147961
all_observed,ALL,none,spearman,qd_delta_100_2_qc,qd_early_slope,135,0.7293629889766853
all_observed,ALL,within_batch_mean_centered,pearson,qd_delta_100_2_qc,qd_early_slope,135,0.23682618181085419
all_observed,ALL,none,pearson,qd_delta_100_2_qc,tavg_early_mean,135,-0.4545833433147227
all_observed,ALL,none,spearman,qd_delta_100_2_qc,tavg_early_mean,135,-0.4194712710955029
all_observed,ALL,within_batch_mean_centered,pearson,qd_delta_100_2_qc,tavg_early_mean,135,-0.4774762974962633
all_observed,ALL,none,pearson,qd_delta_100_2_qc,tmax_early_mean,135,-0.295673110541995
all_observed,ALL,none,spearman,qd_delta_100_2_qc,tmax_early_mean,135,-0.282123695249244
all_observed,ALL,within_batch_mean_centered,pearson,qd_delta_100_2_qc,tmax_early_mean,135,-0.2829295069142793
all_observed,ALL,none,pearson,qd_delta_100_2_qc,qd_early_mean_qc,135,0.4217884667638956
all_observed,ALL,none,spearman,qd_delta_100_2_qc,qd_early_mean_qc,135,0.3087552433908887
all_observed,ALL,within_batch_mean_centered,pearson,qd_delta_100_2_qc,qd_early_mean_qc,135,0.6523505143072135
all_observed,ALL,none,pearson,qd_delta_100_2_qc,qd_early_std_qc,135,-0.45056285657349315
all_observed,ALL,none,spearman,qd_delta_100_2_qc,qd_early_std_qc,135,-0.07522192956784704
all_observed,ALL,within_batch_mean_centered,pearson,qd_delta_100_2_qc,qd_early_std_qc,135,-0.4475932959054336
all_observed,ALL,none,pearson,qd_delta_100_2_qc,qd_early_slope_qc,135,0.9487259560502026
all_observed,ALL,none,spearman,qd_delta_100_2_qc,qd_early_slope_qc,135,0.8484391766656914
all_observed,ALL,within_batch_mean_centered,pearson,qd_delta_100_2_qc,qd_early_slope_qc,135,0.953911403422239
all_observed,B1,none,pearson,qd_early_mean,qd_early_std,46,0.07008663617339672
all_observed,B1,none,spearman,qd_early_mean,qd_early_std,46,-0.0549491211840888
all_observed,B1,none,pearson,qd_early_mean,qd_early_median,46,0.9286385622540395
all_observed,B1,none,spearman,qd_early_mean,qd_early_median,46,0.9287079864323158
all_observed,B1,none,pearson,qd_early_mean,qd_early_slope,46,-0.04289687385379776
all_observed,B1,none,spearman,qd_early_mean,qd_early_slope,46,-0.19210607462226334
all_observed,B1,none,pearson,qd_early_mean,tavg_early_mean,46,-0.18818346522011595
all_observed,B1,none,spearman,qd_early_mean,tavg_early_mean,46,-0.14979956830095592
all_observed,B1,none,pearson,qd_early_mean,tmax_early_mean,46,-0.2005968787670606
all_observed,B1,none,spearman,qd_early_mean,tmax_early_mean,46,-0.09010175763182238
all_observed,B1,none,pearson,qd_early_mean,qd_early_mean_qc,46,0.9309465756265546
all_observed,B1,none,spearman,qd_early_mean,qd_early_mean_qc,46,0.9348751156336725
all_observed,B1,none,pearson,qd_early_mean,qd_early_std_qc,46,-0.06157352218297956
all_observed,B1,none,spearman,qd_early_mean,qd_early_std_qc,46,-0.0629663891458526
all_observed,B1,none,pearson,qd_early_mean,qd_early_slope_qc,46,0.01678343201646544
all_observed,B1,none,spearman,qd_early_mean,qd_early_slope_qc,46,-0.18408880666049954
all_observed,B1,none,pearson,qd_early_std,tavg_early_mean,46,-0.1698116096064073
all_observed,B1,none,spearman,qd_early_std,tavg_early_mean,46,-0.40302189330866484
all_observed,B1,none,pearson,qd_early_std,tmax_early_mean,46,-0.054906598413947835
all_observed,B1,none,spearman,qd_early_std,tmax_early_mean,46,-0.2967005858772741
all_observed,B1,none,pearson,qd_early_std,qd_early_std_qc,46,0.23866907781094096
all_observed,B1,none,spearman,qd_early_std,qd_early_std_qc,46,0.9992599444958371
all_observed,B1,none,pearson,qd_early_median,qd_early_std,46,-0.3038208091888072
all_observed,B1,none,spearman,qd_early_median,qd_early_std,46,-0.13993216157878507
all_observed,B1,none,pearson,qd_early_median,qd_early_slope,46,0.2582079948031993
all_observed,B1,none,spearman,qd_early_median,qd_early_slope,46,-0.07431390687634905
all_observed,B1,none,pearson,qd_early_median,tavg_early_mean,46,-0.12239566291301993
all_observed,B1,none,spearman,qd_early_median,tavg_early_mean,46,-0.07468393462843045
all_observed,B1,none,pearson,qd_early_median,tmax_early_mean,46,-0.17557384450901403
all_observed,B1,none,spearman,qd_early_median,tmax_early_mean,46,-0.0507554733271662
all_observed,B1,none,pearson,qd_early_median,qd_early_std_qc,46,-0.14464352039555597
all_observed,B1,none,spearman,qd_early_median,qd_early_std_qc,46,-0.13598519888991673
all_observed,B1,none,pearson,qd_early_median,qd_early_slope_qc,46,0.12259908017406936
all_observed,B1,none,spearman,qd_early_median,qd_early_slope_qc,46,-0.0782608695652174
all_observed,B1,none,pearson,qd2,qd_early_mean,46,0.9177702519716467
all_observed,B1,none,spearman,qd2,qd_early_mean,46,0.8986123959296947
all_observed,B1,none,pearson,qd2,qd_early_std,46,-0.2683639756450822
all_observed,B1,none,spearman,qd2,qd_early_std,46,-0.21344434165895776
all_observed,B1,none,pearson,qd2,qd_early_median,46,0.9781303311246162
all_observed,B1,none,spearman,qd2,qd_early_median,46,0.9729879740980574
all_observed,B1,none,pearson,qd2,qd_delta_100_2,46,-0.16471444070268298
all_observed,B1,none,spearman,qd2,qd_delta_100_2,46,-0.31705211224175145
all_observed,B1,none,pearson,qd2,qd_early_slope,46,0.15494365464171356
all_observed,B1,none,spearman,qd2,qd_early_slope,46,-0.20715386987357384
all_observed,B1,none,pearson,qd2,tavg_early_mean,46,-0.0826376823456123
all_observed,B1,none,spearman,qd2,tavg_early_mean,46,-0.011039161270428614
all_observed,B1,none,pearson,qd2,tmax_early_mean,46,-0.15246679368421884
all_observed,B1,none,spearman,qd2,tmax_early_mean,46,-0.012519272278754238
all_observed,B1,none,pearson,qd2,qd_early_mean_qc,46,0.9699259147002587
all_observed,B1,none,spearman,qd2,qd_early_mean_qc,46,0.9639839654640764
all_observed,B1,none,pearson,qd2,qd_early_std_qc,46,-0.16493875103704422
all_observed,B1,none,spearman,qd2,qd_early_std_qc,46,-0.2083872957138452
all_observed,B1,none,pearson,qd2,qd_early_slope_qc,46,0.012425774002758044
all_observed,B1,none,spearman,qd2,qd_early_slope_qc,46,-0.21221091581868637
all_observed,B1,none,pearson,qd2,qd2_qc,46,1.0
all_observed,B1,none,spearman,qd2,qd2_qc,46,1.0
all_observed,B1,none,pearson,qd2,qd_delta_100_2_qc,46,-0.16471444070268298
all_observed,B1,none,spearman,qd2,qd_delta_100_2_qc,46,-0.31705211224175145
all_observed,B1,none,pearson,qd100,qd_early_mean,46,0.897811729689101
all_observed,B1,none,spearman,qd100,qd_early_mean,46,0.9092198581560285
all_observed,B1,none,pearson,qd100,qd_early_std,46,-0.3381234901500412
all_observed,B1,none,spearman,qd100,qd_early_std,46,-0.19568300955905027
all_observed,B1,none,pearson,qd100,qd_early_median,46,0.9788177344071203
all_observed,B1,none,spearman,qd100,qd_early_median,46,0.9700277520814061
all_observed,B1,none,pearson,qd100,qd2,46,0.9230857806532511
all_observed,B1,none,spearman,qd100,qd2,46,0.9192106074622263
all_observed,B1,none,pearson,qd100,qd_delta_100_2,46,0.22729551049975416
all_observed,B1,none,spearman,qd100,qd_delta_100_2,46,-0.04865864939870491
all_observed,B1,none,pearson,qd100,qd_early_slope,46,0.3642798084410985
all_observed,B1,none,spearman,qd100,qd_early_slope,46,0.04175146469318532
all_observed,B1,none,pearson,qd100,tavg_early_mean,46,-0.11460428499402556
all_observed,B1,none,spearman,qd100,tavg_early_mean,46,-0.10428615479494294
all_observed,B1,none,pearson,qd100,tmax_early_mean,46,-0.16425296209184606
all_observed,B1,none,spearman,qd100,tmax_early_mean,46,-0.08553808202281836
all_observed,B1,none,pearson,qd100,qd_early_mean_qc,46,0.9798565246647197
all_observed,B1,none,spearman,qd100,qd_early_mean_qc,46,0.9744680851063829
all_observed,B1,none,pearson,qd100,qd_early_std_qc,46,-0.1344996669011074
all_observed,B1,none,spearman,qd100,qd_early_std_qc,46,-0.19432624113475178
all_observed,B1,none,pearson,qd100,qd_early_slope_qc,46,0.240107360555675
all_observed,B1,none,spearman,qd100,qd_early_slope_qc,46,0.04039469626888683
all_observed,B1,none,pearson,qd100,qd2_qc,46,0.9230857806532511
all_observed,B1,none,spearman,qd100,qd2_qc,46,0.9192106074622263
all_observed,B1,none,pearson,qd100,qd100_qc,46,0.9999999999999999
all_observed,B1,none,spearman,qd100,qd100_qc,46,1.0
all_observed,B1,none,pearson,qd100,qd_delta_100_2_qc,46,0.22729551049975416
all_observed,B1,none,spearman,qd100,qd_delta_100_2_qc,46,-0.04865864939870491
all_observed,B1,none,pearson,qd_delta_100_2,qd_early_mean,46,-0.021320122129365654
all_observed,B1,none,spearman,qd_delta_100_2,qd_early_mean,46,-0.23478260869565218
all_observed,B1,none,pearson,qd_delta_100_2,qd_early_std,46,-0.18764038490331306
all_observed,B1,none,spearman,qd_delta_100_2,qd_early_std,46,0.24662349676225717
all_observed,B1,none,pearson,qd_delta_100_2,qd_early_median,46,0.03359325798262913
all_observed,B1,none,spearman,qd_delta_100_2,qd_early_median,46,-0.1610237434474252
all_observed,B1,none,pearson,qd_delta_100_2,qd_early_slope,46,0.541911774480424
all_observed,B1,none,spearman,qd_delta_100_2,qd_early_slope,46,0.8764107308048102
all_observed,B1,none,pearson,qd_delta_100_2,tavg_early_mean,46,-0.08467167618752369
all_observed,B1,none,spearman,qd_delta_100_2,tavg_early_mean,46,-0.2310823311748381
all_observed,B1,none,pearson,qd_delta_100_2,tmax_early_mean,46,-0.0351887261546812
all_observed,B1,none,spearman,qd_delta_100_2,tmax_early_mean,46,-0.15979031760715387
all_observed,B1,none,pearson,qd_delta_100_2,qd_early_mean_qc,46,0.05703166688140354
all_observed,B1,none,spearman,qd_delta_100_2,qd_early_mean_qc,46,-0.1486894850447117
all_observed,B1,none,pearson,qd_delta_100_2,qd_early_std_qc,46,0.07269752383891237
all_observed,B1,none,spearman,qd_delta_100_2,qd_early_std_qc,46,0.25094048720320694
all_observed,B1,none,pearson,qd_delta_100_2,qd_early_slope_qc,46,0.5843231878571493
all_observed,B1,none,spearman,qd_delta_100_2,qd_early_slope_qc,46,0.8720937403638607
all_observed,B1,none,pearson,qd_delta_100_2,qd_delta_100_2_qc,46,1.0
all_observed,B1,none,spearman,qd_delta_100_2,qd_delta_100_2_qc,46,1.0
all_observed,B1,none,pearson,qd_early_slope,qd_early_std,46,-0.8279944953894782
all_observed,B1,none,spearman,qd_early_slope,qd_early_std,46,0.10058587727412889
all_observed,B1,none,pearson,qd_early_slope,tavg_early_mean,46,0.1430241618882917
all_observed,B1,none,spearman,qd_early_slope,tavg_early_mean,46,-0.1452358926919519
all_observed,B1,none,pearson,qd_early_slope,tmax_early_mean,46,0.04205712279521326
all_observed,B1,none,spearman,qd_early_slope,tmax_early_mean,46,-0.1169904409497379
all_observed,B1,none,pearson,qd_early_slope,qd_early_std_qc,46,-0.5292686422246669
all_observed,B1,none,spearman,qd_early_slope,qd_early_std_qc,46,0.1013259327782917
all_observed,B1,none,pearson,qd_early_slope,qd_early_slope_qc,46,0.7866862591829311
all_observed,B1,none,spearman,qd_early_slope,qd_early_slope_qc,46,0.9992599444958371
all_observed,B1,none,pearson,ir_early_mean,qd_early_mean,46,0.22251632319668593
all_observed,B1,none,spearman,ir_early_mean,qd_early_mean,46,0.190009250693802
all_observed,B1,none,pearson,ir_early_mean,qd_early_std,46,0.4516482248005092
all_observed,B1,none,spearman,ir_early_mean,qd_early_std,46,0.015849522047486894
all_observed,B1,none,pearson,ir_early_mean,qd_early_median,46,0.030613096491391694
all_observed,B1,none,spearman,ir_early_mean,qd_early_median,46,0.08862164662349675
all_observed,B1,none,pearson,ir_early_mean,qd2,46,-0.05595530424080176
all_observed,B1,none,spearman,ir_early_mean,qd2,46,0.01091581868640148
all_observed,B1,none,pearson,ir_early_mean,qd100,46,0.1268749837092426
all_observed,B1,none,spearman,ir_early_mean,qd100,46,0.14745605920444033
all_observed,B1,none,pearson,ir_early_mean,qd_delta_100_2,46,0.46707098365216526
all_observed,B1,none,spearman,ir_early_mean,qd_delta_100_2,46,0.32926302806043783
all_observed,B1,none,pearson,ir_early_mean,qd_early_slope,46,-0.08794777491827235
all_observed,B1,none,spearman,ir_early_mean,qd_early_slope,46,0.29201356768424297
all_observed,B1,none,pearson,ir_early_mean,ir_early_slope,46,-0.4231662639886667
all_observed,B1,none,spearman,ir_early_mean,ir_early_slope,46,0.0005550416281221092
all_observed,B1,none,pearson,ir_early_mean,ir_zero_fraction_early,46,-0.31730824213578757
all_observed,B1,none,spearman,ir_early_mean,ir_zero_fraction_early,46,-0.19770256388614393
all_observed,B1,none,pearson,ir_early_mean,tavg_early_mean,46,-0.1941945853965104
all_observed,B1,none,spearman,ir_early_mean,tavg_early_mean,46,-0.30693802035152634
all_observed,B1,none,pearson,ir_early_mean,ir_missing_fraction_early,46,-0.31730824213578757
all_observed,B1,none,spearman,ir_early_mean,ir_missing_fraction_early,46,-0.19770256388614393
all_observed,B1,none,pearson,ir_early_mean,tmax_early_mean,46,-0.11286243882952021
all_observed,B1,none,spearman,ir_early_mean,tmax_early_mean,46,-0.2213382670366944
all_observed,B1,none,pearson,ir_early_mean,qd_early_mean_qc,46,0.042720284592681304
all_observed,B1,none,spearman,ir_early_mean,qd_early_mean_qc,46,0.09515880357693493
all_observed,B1,none,pearson,ir_early_mean,qd_early_std_qc,46,-0.011913818722951717
all_observed,B1,none,spearman,ir_early_mean,qd_early_std_qc,46,0.0020351526364477336
all_observed,B1,none,pearson,ir_early_mean,qd_early_slope_qc,46,0.2903448275175839
all_observed,B1,none,spearman,ir_early_mean,qd_early_slope_qc,46,0.30582793709528217
all_observed,B1,none,pearson,ir_early_mean,qd2_qc,46,-0.05595530424080176
all_observed,B1,none,spearman,ir_early_mean,qd2_qc,46,0.01091581868640148
all_observed,B1,none,pearson,ir_early_mean,qd100_qc,46,0.1268749837092426
all_observed,B1,none,spearman,ir_early_mean,qd100_qc,46,0.14745605920444033
all_observed,B1,none,pearson,ir_early_mean,qd_delta_100_2_qc,46,0.46707098365216526
all_observed,B1,none,spearman,ir_early_mean,qd_delta_100_2_qc,46,0.32926302806043783
all_observed,B1,none,pearson,ir_change_100_2,qd_early_mean,46,0.004321427018202401
all_observed,B1,none,spearman,ir_change_100_2,qd_early_mean,46,0.1205673758865248
all_observed,B1,none,pearson,ir_change_100_2,qd_early_std,46,-0.952290865169864
all_observed,B1,none,spearman,ir_change_100_2,qd_early_std,46,-0.5655874190564292
all_observed,B1,none,pearson,ir_change_100_2,qd_early_median,46,0.353934655112668
all_observed,B1,none,spearman,ir_change_100_2,qd_early_median,46,0.20888066604995373
all_observed,B1,none,pearson,ir_change_100_2,qd2,46,0.30489023906513046
all_observed,B1,none,spearman,ir_change_100_2,qd2,46,0.23737280296022198
all_observed,B1,none,pearson,ir_change_100_2,qd100,46,0.41124643789028537
all_observed,B1,none,spearman,ir_change_100_2,qd100,46,0.23293246993524513
all_observed,B1,none,pearson,ir_change_100_2,qd_delta_100_2,46,0.28268594531011254
all_observed,B1,none,spearman,ir_change_100_2,qd_delta_100_2,46,-0.2226950354609929
all_observed,B1,none,pearson,ir_change_100_2,qd_early_slope,46,0.7486149896268751
all_observed,B1,none,spearman,ir_change_100_2,qd_early_slope,46,-0.15917360468701816
all_observed,B1,none,pearson,ir_change_100_2,ir_early_mean,46,-0.3719130032556837
all_observed,B1,none,spearman,ir_change_100_2,ir_early_mean,46,-0.03916127042861548
all_observed,B1,none,pearson,ir_change_100_2,ir_early_slope,46,0.9930732040235655
all_observed,B1,none,spearman,ir_change_100_2,ir_early_slope,46,0.9378353376503237
all_observed,B1,none,pearson,ir_change_100_2,ir_zero_fraction_early,46,-0.023632367939968098
all_observed,B1,none,spearman,ir_change_100_2,ir_zero_fraction_early,46,-0.362774607519235
all_observed,B1,none,pearson,ir_change_100_2,tavg_early_mean,46,0.1645234322509539
all_observed,B1,none,spearman,ir_change_100_2,tavg_early_mean,46,0.3608387295713845
all_observed,B1,none,pearson,ir_change_100_2,ir_missing_fraction_early,46,-0.023632367939968098
all_observed,B1,none,spearman,ir_change_100_2,ir_missing_fraction_early,46,-0.362774607519235
all_observed,B1,none,pearson,ir_change_100_2,tmax_early_mean,46,0.061892619633081666
all_observed,B1,none,spearman,ir_change_100_2,tmax_early_mean,46,0.2226950354609929
all_observed,B1,none,pearson,ir_change_100_2,qd_early_mean_qc,46,0.36167081377946686
all_observed,B1,none,spearman,ir_change_100_2,qd_early_mean_qc,46,0.21344434165895776
all_observed,B1,none,pearson,ir_change_100_2,qd_early_std_qc,46,-0.0210519209738304
all_observed,B1,none,spearman,ir_change_100_2,qd_early_std_qc,46,-0.5639839654640765
all_observed,B1,none,pearson,ir_change_100_2,qd_early_slope_qc,46,0.2007106475394656
all_observed,B1,none,spearman,ir_change_100_2,qd_early_slope_qc,46,-0.16077705827937097
all_observed,B1,none,pearson,ir_change_100_2,qd2_qc,46,0.30489023906513046
all_observed,B1,none,spearman,ir_change_100_2,qd2_qc,46,0.23737280296022198
all_observed,B1,none,pearson,ir_change_100_2,qd100_qc,46,0.41124643789028537
all_observed,B1,none,spearman,ir_change_100_2,qd100_qc,46,0.23293246993524513
all_observed,B1,none,pearson,ir_change_100_2,qd_delta_100_2_qc,46,0.28268594531011254
all_observed,B1,none,spearman,ir_change_100_2,qd_delta_100_2_qc,46,-0.2226950354609929
all_observed,B1,none,pearson,ir_early_slope,qd_early_mean,46,-0.054054590920989846
all_observed,B1,none,spearman,ir_early_slope,qd_early_mean,46,0.057169287696577246
all_observed,B1,none,pearson,ir_early_slope,qd_early_std,46,-0.9711195775569029
all_observed,B1,none,spearman,ir_early_slope,qd_early_std,46,-0.7038544557508479
all_observed,B1,none,pearson,ir_early_slope,qd_early_median,46,0.30684712478836024
all_observed,B1,none,spearman,ir_early_slope,qd_early_median,46,0.14646931853222325
all_observed,B1,none,pearson,ir_early_slope,qd2,46,0.2636246803784586
all_observed,B1,none,spearman,ir_early_slope,qd2,46,0.20851063829787236
all_observed,B1,none,pearson,ir_early_slope,qd100,46,0.35430003569594337
all_observed,B1,none,spearman,ir_early_slope,qd100,46,0.16312056737588654
all_observed,B1,none,pearson,ir_early_slope,qd_delta_100_2,46,0.24112753326091577
all_observed,B1,none,spearman,ir_early_slope,qd_delta_100_2,46,-0.3119950662966389
all_observed,B1,none,pearson,ir_early_slope,qd_early_slope,46,0.7464325564301705
all_observed,B1,none,spearman,ir_early_slope,qd_early_slope,46,-0.22405180388529136
all_observed,B1,none,pearson,ir_early_slope,ir_zero_fraction_early,46,0.018349374029988055
all_observed,B1,none,spearman,ir_early_slope,ir_zero_fraction_early,46,-0.48561891906014
all_observed,B1,none,pearson,ir_early_slope,tavg_early_mean,46,0.17255072643050562
all_observed,B1,none,spearman,ir_early_slope,tavg_early_mean,46,0.47110699969164355
all_observed,B1,none,pearson,ir_early_slope,ir_missing_fraction_early,46,0.018349374029988055
all_observed,B1,none,spearman,ir_early_slope,ir_missing_fraction_early,46,-0.48561891906014
all_observed,B1,none,pearson,ir_early_slope,tmax_early_mean,46,0.07326597855946276
all_observed,B1,none,spearman,ir_early_slope,tmax_early_mean,46,0.33752698119025587
all_observed,B1,none,pearson,ir_early_slope,qd_early_mean_qc,46,0.31159268114263344
all_observed,B1,none,spearman,ir_early_slope,qd_early_mean_qc,46,0.15004625346901015
all_observed,B1,none,pearson,ir_early_slope,qd_early_std_qc,46,-0.03144310808917285
all_observed,B1,none,spearman,ir_early_slope,qd_early_std_qc,46,-0.7023743447425224
all_observed,B1,none,pearson,ir_early_slope,qd_early_slope_qc,46,0.18271610546856273
all_observed,B1,none,spearman,ir_early_slope,qd_early_slope_qc,46,-0.22553191489361699
all_observed,B1,none,pearson,ir_early_slope,qd2_qc,46,0.2636246803784586
all_observed,B1,none,spearman,ir_early_slope,qd2_qc,46,0.20851063829787236
all_observed,B1,none,pearson,ir_early_slope,qd100_qc,46,0.35430003569594337
all_observed,B1,none,spearman,ir_early_slope,qd100_qc,46,0.16312056737588654
all_observed,B1,none,pearson,ir_early_slope,qd_delta_100_2_qc,46,0.24112753326091577
all_observed,B1,none,spearman,ir_early_slope,qd_delta_100_2_qc,46,-0.3119950662966389
all_observed,B1,none,pearson,ir_zero_fraction_early,qd_early_mean,46,-0.0928284460605769
all_observed,B1,none,spearman,ir_zero_fraction_early,qd_early_mean,46,-0.013436096574786482
all_observed,B1,none,pearson,ir_zero_fraction_early,qd_early_std,46,-0.09022041046553553
all_observed,B1,none,spearman,ir_zero_fraction_early,qd_early_std,46,0.5355244206236327
all_observed,B1,none,pearson,ir_zero_fraction_early,qd_early_median,46,-0.036808178424593864
all_observed,B1,none,spearman,ir_zero_fraction_early,qd_early_median,46,0.05182494393131929
all_observed,B1,none,pearson,ir_zero_fraction_early,qd2,46,-0.07114573422356597
all_observed,B1,none,spearman,ir_zero_fraction_early,qd2,46,-0.013436096574786482
all_observed,B1,none,pearson,ir_zero_fraction_early,qd100,46,-0.09063716773966005
all_observed,B1,none,spearman,ir_zero_fraction_early,qd100,46,-0.0019194423678266404
all_observed,B1,none,pearson,ir_zero_fraction_early,qd_delta_100_2,46,-0.052303523034372634
all_observed,B1,none,spearman,ir_zero_fraction_early,qd_delta_100_2,46,0.26296360439224975
all_observed,B1,none,pearson,ir_zero_fraction_early,qd_early_slope,46,0.055988318894899095
all_observed,B1,none,spearman,ir_zero_fraction_early,qd_early_slope,46,0.27448025859920955
all_observed,B1,none,pearson,ir_zero_fraction_early,tavg_early_mean,46,-0.3732932826612727
all_observed,B1,none,spearman,ir_zero_fraction_early,tavg_early_mean,46,-0.36277460751923507
all_observed,B1,none,pearson,ir_zero_fraction_early,tmax_early_mean,46,-0.28231189798072776
all_observed,B1,none,spearman,ir_zero_fraction_early,tmax_early_mean,46,-0.3051913364844358
all_observed,B1,none,pearson,ir_zero_fraction_early,qd_early_mean_qc,46,-0.058769259646465045
all_observed,B1,none,spearman,ir_zero_fraction_early,qd_early_mean_qc,46,0.017274981310439766
all_observed,B1,none,pearson,ir_zero_fraction_early,qd_early_std_qc,46,-0.03691329357489906
all_observed,B1,none,spearman,ir_zero_fraction_early,qd_early_std_qc,46,0.5432021900949392
all_observed,B1,none,pearson,ir_zero_fraction_early,qd_early_slope_qc,46,0.005571033799732963
all_observed,B1,none,spearman,ir_zero_fraction_early,qd_early_slope_qc,46,0.266802489127903
all_observed,B1,none,pearson,ir_zero_fraction_early,qd2_qc,46,-0.07114573422356597
all_observed,B1,none,spearman,ir_zero_fraction_early,qd2_qc,46,-0.013436096574786482
all_observed,B1,none,pearson,ir_zero_fraction_early,qd100_qc,46,-0.09063716773966005
all_observed,B1,none,spearman,ir_zero_fraction_early,qd100_qc,46,-0.0019194423678266404
all_observed,B1,none,pearson,ir_zero_fraction_early,qd_delta_100_2_qc,46,-0.052303523034372634
all_observed,B1,none,spearman,ir_zero_fraction_early,qd_delta_100_2_qc,46,0.26296360439224975
all_observed,B1,none,pearson,tavg_early_mean,tmax_early_mean,46,0.955804383172012
all_observed,B1,none,spearman,tavg_early_mean,tmax_early_mean,46,0.950786308973173
all_observed,B1,none,pearson,ir_missing_fraction_early,qd_early_mean,46,-0.0928284460605769
all_observed,B1,none,spearman,ir_missing_fraction_early,qd_early_mean,46,-0.013436096574786482
all_observed,B1,none,pearson,ir_missing_fraction_early,qd_early_std,46,-0.09022041046553553
all_observed,B1,none,spearman,ir_missing_fraction_early,qd_early_std,46,0.5355244206236327
all_observed,B1,none,pearson,ir_missing_fraction_early,qd_early_median,46,-0.036808178424593864
all_observed,B1,none,spearman,ir_missing_fraction_early,qd_early_median,46,0.05182494393131929
all_observed,B1,none,pearson,ir_missing_fraction_early,qd2,46,-0.07114573422356597
all_observed,B1,none,spearman,ir_missing_fraction_early,qd2,46,-0.013436096574786482
all_observed,B1,none,pearson,ir_missing_fraction_early,qd100,46,-0.09063716773966005
all_observed,B1,none,spearman,ir_missing_fraction_early,qd100,46,-0.0019194423678266404
all_observed,B1,none,pearson,ir_missing_fraction_early,qd_delta_100_2,46,-0.052303523034372634
all_observed,B1,none,spearman,ir_missing_fraction_early,qd_delta_100_2,46,0.26296360439224975
all_observed,B1,none,pearson,ir_missing_fraction_early,qd_early_slope,46,0.055988318894899095
all_observed,B1,none,spearman,ir_missing_fraction_early,qd_early_slope,46,0.27448025859920955
all_observed,B1,none,pearson,ir_missing_fraction_early,ir_zero_fraction_early,46,0.9999999999999998
all_observed,B1,none,spearman,ir_missing_fraction_early,ir_zero_fraction_early,46,1.0
all_observed,B1,none,pearson,ir_missing_fraction_early,tavg_early_mean,46,-0.3732932826612727
all_observed,B1,none,spearman,ir_missing_fraction_early,tavg_early_mean,46,-0.36277460751923507
all_observed,B1,none,pearson,ir_missing_fraction_early,tmax_early_mean,46,-0.28231189798072776
all_observed,B1,none,spearman,ir_missing_fraction_early,tmax_early_mean,46,-0.3051913364844358
all_observed,B1,none,pearson,ir_missing_fraction_early,qd_early_mean_qc,46,-0.058769259646465045
all_observed,B1,none,spearman,ir_missing_fraction_early,qd_early_mean_qc,46,0.017274981310439766
all_observed,B1,none,pearson,ir_missing_fraction_early,qd_early_std_qc,46,-0.03691329357489906
all_observed,B1,none,spearman,ir_missing_fraction_early,qd_early_std_qc,46,0.5432021900949392
all_observed,B1,none,pearson,ir_missing_fraction_early,qd_early_slope_qc,46,0.005571033799732963
all_observed,B1,none,spearman,ir_missing_fraction_early,qd_early_slope_qc,46,0.266802489127903
all_observed,B1,none,pearson,ir_missing_fraction_early,qd2_qc,46,-0.07114573422356597
all_observed,B1,none,spearman,ir_missing_fraction_early,qd2_qc,46,-0.013436096574786482
all_observed,B1,none,pearson,ir_missing_fraction_early,qd100_qc,46,-0.09063716773966005
all_observed,B1,none,spearman,ir_missing_fraction_early,qd100_qc,46,-0.0019194423678266404
all_observed,B1,none,pearson,ir_missing_fraction_early,qd_delta_100_2_qc,46,-0.052303523034372634
all_observed,B1,none,spearman,ir_missing_fraction_early,qd_delta_100_2_qc,46,0.26296360439224975
all_observed,B1,none,pearson,chargetime_early_mean,qd_early_mean,46,-0.29576002258892575
all_observed,B1,none,spearman,chargetime_early_mean,qd_early_mean,46,-0.31076164045636756
all_observed,B1,none,pearson,chargetime_early_mean,qd_early_std,46,-0.08999561512491697
all_observed,B1,none,spearman,chargetime_early_mean,qd_early_std,46,-0.013506012950971322
all_observed,B1,none,pearson,chargetime_early_mean,qd_early_median,46,-0.25448751933214236
all_observed,B1,none,spearman,chargetime_early_mean,qd_early_median,46,-0.24131976564909033
all_observed,B1,none,pearson,chargetime_early_mean,qd2,46,-0.37100019154164804
all_observed,B1,none,spearman,chargetime_early_mean,qd2,46,-0.33987049028677147
all_observed,B1,none,pearson,chargetime_early_mean,qd100,46,-0.13939011157314363
all_observed,B1,none,spearman,chargetime_early_mean,qd100,46,-0.1400555041628122
all_observed,B1,none,pearson,chargetime_early_mean,qd_delta_100_2,46,0.5819208662628295
all_observed,B1,none,spearman,chargetime_early_mean,qd_delta_100_2,46,0.6400863398088189
all_observed,B1,none,pearson,chargetime_early_mean,qd_early_slope,46,0.2468654776105143
all_observed,B1,none,spearman,chargetime_early_mean,qd_early_slope,46,0.5176071538698735
all_observed,B1,none,pearson,chargetime_early_mean,ir_early_mean,46,0.26029926477782434
all_observed,B1,none,spearman,chargetime_early_mean,ir_early_mean,46,0.2303422756706753
all_observed,B1,none,pearson,chargetime_early_mean,ir_change_100_2,46,0.1358750212200853
all_observed,B1,none,spearman,chargetime_early_mean,ir_change_100_2,46,-0.017206290471785384
all_observed,B1,none,pearson,chargetime_early_mean,ir_early_slope,46,0.1274521163065006
all_observed,B1,none,spearman,chargetime_early_mean,ir_early_slope,46,-0.03829787234042553
all_observed,B1,none,pearson,chargetime_early_mean,ir_zero_fraction_early,46,-0.059627654208034515
all_observed,B1,none,spearman,chargetime_early_mean,ir_zero_fraction_early,46,-0.05950271340262585
all_observed,B1,none,pearson,chargetime_early_mean,tavg_early_mean,46,-0.19938895752927097
all_observed,B1,none,spearman,chargetime_early_mean,tavg_early_mean,46,-0.10120259019426457
all_observed,B1,none,pearson,chargetime_early_mean,ir_missing_fraction_early,46,-0.059627654208034515
all_observed,B1,none,spearman,chargetime_early_mean,ir_missing_fraction_early,46,-0.05950271340262585
all_observed,B1,none,pearson,chargetime_early_mean,tmax_early_mean,46,-0.13727194046959595
all_observed,B1,none,spearman,chargetime_early_mean,tmax_early_mean,46,-0.08183780450200431
all_observed,B1,none,pearson,chargetime_early_mean,chargetime_early_median,46,0.6802788519228966
all_observed,B1,none,spearman,chargetime_early_mean,chargetime_early_median,46,0.8714770274437249
all_observed,B1,none,pearson,chargetime_early_mean,chargetime_early_mean_qc,46,0.6827593340892029
all_observed,B1,none,spearman,chargetime_early_mean,chargetime_early_mean_qc,46,0.877027443724946
all_observed,B1,none,pearson,chargetime_early_mean,qd_early_mean_qc,46,-0.2317130375733879
all_observed,B1,none,spearman,chargetime_early_mean,qd_early_mean_qc,46,-0.2213382670366944
all_observed,B1,none,pearson,chargetime_early_mean,qd_early_std_qc,46,0.2068111498352698
all_observed,B1,none,spearman,chargetime_early_mean,qd_early_std_qc,46,-0.008942337341967314
all_observed,B1,none,pearson,chargetime_early_mean,qd_early_slope_qc,46,0.2230619375147157
all_observed,B1,none,spearman,chargetime_early_mean,qd_early_slope_qc,46,0.5130434782608695
all_observed,B1,none,pearson,chargetime_early_mean,qd2_qc,46,-0.37100019154164804
all_observed,B1,none,spearman,chargetime_early_mean,qd2_qc,46,-0.33987049028677147
all_observed,B1,none,pearson,chargetime_early_mean,qd100_qc,46,-0.13939011157314363
all_observed,B1,none,spearman,chargetime_early_mean,qd100_qc,46,-0.1400555041628122
all_observed,B1,none,pearson,chargetime_early_mean,qd_delta_100_2_qc,46,0.5819208662628295
all_observed,B1,none,spearman,chargetime_early_mean,qd_delta_100_2_qc,46,0.6400863398088189
all_observed,B1,none,pearson,chargetime_early_median,qd_early_mean,46,-0.11844193816723586
all_observed,B1,none,spearman,chargetime_early_median,qd_early_mean,46,-0.17311131668208446
all_observed,B1,none,pearson,chargetime_early_median,qd_early_std,46,-0.07121175712991551
all_observed,B1,none,spearman,chargetime_early_median,qd_early_std,46,-0.15621338267036694
all_observed,B1,none,pearson,chargetime_early_median,qd_early_median,46,-0.09559603284095815
all_observed,B1,none,spearman,chargetime_early_median,qd_early_median,46,-0.11008325624421833
all_observed,B1,none,pearson,chargetime_early_median,qd2,46,-0.2090394666865064
all_observed,B1,none,spearman,chargetime_early_median,qd2,46,-0.21677459142769043
all_observed,B1,none,pearson,chargetime_early_median,qd100,46,0.01957595818281474
all_observed,B1,none,spearman,chargetime_early_median,qd100,46,-0.01671292013567684
all_observed,B1,none,pearson,chargetime_early_median,qd_delta_100_2,46,0.5795112135203649
all_observed,B1,none,spearman,chargetime_early_median,qd_delta_100_2,46,0.5452358926919518
all_observed,B1,none,pearson,chargetime_early_median,qd_early_slope,46,0.16200551789623846
all_observed,B1,none,spearman,chargetime_early_median,qd_early_slope,46,0.3935245143385754
all_observed,B1,none,pearson,chargetime_early_median,ir_early_mean,46,0.28761961754922705
all_observed,B1,none,spearman,chargetime_early_median,ir_early_mean,46,0.16595744680851063
all_observed,B1,none,pearson,chargetime_early_median,ir_change_100_2,46,0.19927047519962934
all_observed,B1,none,spearman,chargetime_early_median,ir_change_100_2,46,0.1393154486586494
all_observed,B1,none,pearson,chargetime_early_median,ir_early_slope,46,0.1639704472613001
all_observed,B1,none,spearman,chargetime_early_median,ir_early_slope,46,0.10687634905951279
all_observed,B1,none,pearson,chargetime_early_median,ir_zero_fraction_early,46,0.07168379139116654
all_observed,B1,none,spearman,chargetime_early_median,ir_zero_fraction_early,46,0.03646940498870617
all_observed,B1,none,pearson,chargetime_early_median,tavg_early_mean,46,-0.2142086492951975
all_observed,B1,none,spearman,chargetime_early_median,tavg_early_mean,46,-0.11390687634905951
all_observed,B1,none,pearson,chargetime_early_median,ir_missing_fraction_early,46,0.07168379139116654
all_observed,B1,none,spearman,chargetime_early_median,ir_missing_fraction_early,46,0.03646940498870617
all_observed,B1,none,pearson,chargetime_early_median,tmax_early_mean,46,-0.14613597914506063
all_observed,B1,none,spearman,chargetime_early_median,tmax_early_mean,46,-0.11032994141227258
all_observed,B1,none,pearson,chargetime_early_median,qd_early_mean_qc,46,-0.05734865723930491
all_observed,B1,none,spearman,chargetime_early_median,qd_early_mean_qc,46,-0.08245451742214
all_observed,B1,none,pearson,chargetime_early_median,qd_early_std_qc,46,0.32203849623482694
all_observed,B1,none,spearman,chargetime_early_median,qd_early_std_qc,46,-0.15127967930928155
all_observed,B1,none,pearson,chargetime_early_median,qd_early_slope_qc,46,0.09344461202873261
all_observed,B1,none,spearman,chargetime_early_median,qd_early_slope_qc,46,0.38859081097749
all_observed,B1,none,pearson,chargetime_early_median,qd2_qc,46,-0.2090394666865064
all_observed,B1,none,spearman,chargetime_early_median,qd2_qc,46,-0.21677459142769043
all_observed,B1,none,pearson,chargetime_early_median,qd100_qc,46,0.01957595818281474
all_observed,B1,none,spearman,chargetime_early_median,qd100_qc,46,-0.01671292013567684
all_observed,B1,none,pearson,chargetime_early_median,qd_delta_100_2_qc,46,0.5795112135203649
all_observed,B1,none,spearman,chargetime_early_median,qd_delta_100_2_qc,46,0.5452358926919518
all_observed,B1,none,pearson,chargetime_early_mean_qc,qd_early_mean,46,-0.12095336161664887
all_observed,B1,none,spearman,chargetime_early_mean_qc,qd_early_mean,46,-0.17927844588344127
all_observed,B1,none,pearson,chargetime_early_mean_qc,qd_early_std,46,-0.07891361104323563
all_observed,B1,none,spearman,chargetime_early_mean_qc,qd_early_std,46,-0.16632747456059202
all_observed,B1,none,pearson,chargetime_early_mean_qc,qd_early_median,46,-0.09519317071525635
all_observed,B1,none,spearman,chargetime_early_mean_qc,qd_early_median,46,-0.11686709836571077
all_observed,B1,none,pearson,chargetime_early_mean_qc,qd2,46,-0.20902696156539316
all_observed,B1,none,spearman,chargetime_early_mean_qc,qd2,46,-0.22170829478877582
all_observed,B1,none,pearson,chargetime_early_mean_qc,qd100,46,0.020455808158445637
all_observed,B1,none,spearman,chargetime_early_mean_qc,qd100,46,-0.026210299105766267
all_observed,B1,none,pearson,chargetime_early_mean_qc,qd_delta_100_2,46,0.581736038337945
all_observed,B1,none,spearman,chargetime_early_mean_qc,qd_delta_100_2,46,0.5256244218316374
all_observed,B1,none,pearson,chargetime_early_mean_qc,qd_early_slope,46,0.16775905849744632
all_observed,B1,none,spearman,chargetime_early_mean_qc,qd_early_slope,46,0.36996608078939247
all_observed,B1,none,pearson,chargetime_early_mean_qc,ir_early_mean,46,0.28583861649561926
all_observed,B1,none,spearman,chargetime_early_mean_qc,ir_early_mean,46,0.1734813444341659
all_observed,B1,none,pearson,chargetime_early_mean_qc,ir_change_100_2,46,0.2068458105799953
all_observed,B1,none,spearman,chargetime_early_mean_qc,ir_change_100_2,46,0.15312981806968853
all_observed,B1,none,pearson,chargetime_early_mean_qc,ir_early_slope,46,0.171862264274293
all_observed,B1,none,spearman,chargetime_early_mean_qc,ir_early_slope,46,0.12809127351218008
all_observed,B1,none,pearson,chargetime_early_mean_qc,ir_zero_fraction_early,46,0.06811818287800255
all_observed,B1,none,spearman,chargetime_early_mean_qc,ir_zero_fraction_early,46,0.009597211839133202
all_observed,B1,none,pearson,chargetime_early_mean_qc,tavg_early_mean,46,-0.20964303843999946
all_observed,B1,none,spearman,chargetime_early_mean_qc,tavg_early_mean,46,-0.09071847055195806
all_observed,B1,none,pearson,chargetime_early_mean_qc,ir_missing_fraction_early,46,0.06811818287800255
all_observed,B1,none,spearman,chargetime_early_mean_qc,ir_missing_fraction_early,46,0.009597211839133202
all_observed,B1,none,pearson,chargetime_early_mean_qc,tmax_early_mean,46,-0.14193983417778655
all_observed,B1,none,spearman,chargetime_early_mean_qc,tmax_early_mean,46,-0.08368794326241134
all_observed,B1,none,pearson,chargetime_early_mean_qc,chargetime_early_median,46,0.999690361164347
all_observed,B1,none,spearman,chargetime_early_mean_qc,chargetime_early_median,46,0.9944495837187789
all_observed,B1,none,pearson,chargetime_early_mean_qc,qd_early_mean_qc,46,-0.056890929749959934
all_observed,B1,none,spearman,chargetime_early_mean_qc,qd_early_mean_qc,46,-0.08849830403946961
all_observed,B1,none,pearson,chargetime_early_mean_qc,qd_early_std_qc,46,0.32170714416692286
all_observed,B1,none,spearman,chargetime_early_mean_qc,qd_early_std_qc,46,-0.16139377119950662
all_observed,B1,none,pearson,chargetime_early_mean_qc,qd_early_slope_qc,46,0.09467508098211011
all_observed,B1,none,spearman,chargetime_early_mean_qc,qd_early_slope_qc,46,0.36503237742830713
all_observed,B1,none,pearson,chargetime_early_mean_qc,qd2_qc,46,-0.20902696156539316
all_observed,B1,none,spearman,chargetime_early_mean_qc,qd2_qc,46,-0.22170829478877582
all_observed,B1,none,pearson,chargetime_early_mean_qc,qd100_qc,46,0.020455808158445637
all_observed,B1,none,spearman,chargetime_early_mean_qc,qd100_qc,46,-0.026210299105766267
all_observed,B1,none,pearson,chargetime_early_mean_qc,qd_delta_100_2_qc,46,0.581736038337945
all_observed,B1,none,spearman,chargetime_early_mean_qc,qd_delta_100_2_qc,46,0.5256244218316374
all_observed,B1,none,pearson,qd_early_mean_qc,qd_early_std,46,-0.28784974924676054
all_observed,B1,none,spearman,qd_early_mean_qc,qd_early_std,46,-0.15275979031760714
all_observed,B1,none,pearson,qd_early_mean_qc,qd_early_median,46,0.9956578811417789
all_observed,B1,none,spearman,qd_early_mean_qc,qd_early_median,46,0.9938328707986432
all_observed,B1,none,pearson,qd_early_mean_qc,qd_early_slope,46,0.22217970871003623
all_observed,B1,none,spearman,qd_early_mean_qc,qd_early_slope,46,-0.09947579401788467
all_observed,B1,none,pearson,qd_early_mean_qc,tavg_early_mean,46,-0.1339115050773661
all_observed,B1,none,spearman,qd_early_mean_qc,tavg_early_mean,46,-0.08615479494295405
all_observed,B1,none,pearson,qd_early_mean_qc,tmax_early_mean,46,-0.17770390149353507
all_observed,B1,none,spearman,qd_early_mean_qc,tmax_early_mean,46,-0.061239592969472706
all_observed,B1,none,pearson,qd_early_mean_qc,qd_early_std_qc,46,-0.05672124681085994
all_observed,B1,none,spearman,qd_early_mean_qc,qd_early_std_qc,46,-0.14856614246068456
all_observed,B1,none,pearson,qd_early_mean_qc,qd_early_slope_qc,46,0.06612478812837591
all_observed,B1,none,spearman,qd_early_mean_qc,qd_early_slope_qc,46,-0.10366944187480727
all_observed,B1,none,pearson,qd_early_std_qc,tavg_early_mean,46,-0.18095242248765975
all_observed,B1,none,spearman,qd_early_std_qc,tavg_early_mean,46,-0.39932161578785075
all_observed,B1,none,pearson,qd_early_std_qc,tmax_early_mean,46,-0.05646789949637043
all_observed,B1,none,spearman,qd_early_std_qc,tmax_early_mean,46,-0.2949737897008942
all_observed,B1,none,pearson,qd_early_slope_qc,qd_early_std,46,-0.31905452275942214
all_observed,B1,none,spearman,qd_early_slope_qc,qd_early_std,46,0.1013259327782917
all_observed,B1,none,pearson,qd_early_slope_qc,tavg_early_mean,46,0.08915368595392302
all_observed,B1,none,spearman,qd_early_slope_qc,tavg_early_mean,46,-0.14893617021276595
all_observed,B1,none,pearson,qd_early_slope_qc,tmax_early_mean,46,0.022400611885207727
all_observed,B1,none,spearman,qd_early_slope_qc,tmax_early_mean,46,-0.11871723712611777
all_observed,B1,none,pearson,qd_early_slope_qc,qd_early_std_qc,46,-0.760460809121949
all_observed,B1,none,spearman,qd_early_slope_qc,qd_early_std_qc,46,0.10058587727412889
all_observed,B1,none,pearson,qd2_qc,qd_early_mean,46,0.9177702519716467
all_observed,B1,none,spearman,qd2_qc,qd_early_mean,46,0.8986123959296947
all_observed,B1,none,pearson,qd2_qc,qd_early_std,46,-0.2683639756450822
all_observed,B1,none,spearman,qd2_qc,qd_early_std,46,-0.21344434165895776
all_observed,B1,none,pearson,qd2_qc,qd_early_median,46,0.9781303311246162
all_observed,B1,none,spearman,qd2_qc,qd_early_median,46,0.9729879740980574
all_observed,B1,none,pearson,qd2_qc,qd_delta_100_2,46,-0.16471444070268298
all_observed,B1,none,spearman,qd2_qc,qd_delta_100_2,46,-0.31705211224175145
all_observed,B1,none,pearson,qd2_qc,qd_early_slope,46,0.15494365464171356
all_observed,B1,none,spearman,qd2_qc,qd_early_slope,46,-0.20715386987357384
all_observed,B1,none,pearson,qd2_qc,tavg_early_mean,46,-0.0826376823456123
all_observed,B1,none,spearman,qd2_qc,tavg_early_mean,46,-0.011039161270428614
all_observed,B1,none,pearson,qd2_qc,tmax_early_mean,46,-0.15246679368421884
all_observed,B1,none,spearman,qd2_qc,tmax_early_mean,46,-0.012519272278754238
all_observed,B1,none,pearson,qd2_qc,qd_early_mean_qc,46,0.9699259147002587
all_observed,B1,none,spearman,qd2_qc,qd_early_mean_qc,46,0.9639839654640764
all_observed,B1,none,pearson,qd2_qc,qd_early_std_qc,46,-0.16493875103704422
all_observed,B1,none,spearman,qd2_qc,qd_early_std_qc,46,-0.2083872957138452
all_observed,B1,none,pearson,qd2_qc,qd_early_slope_qc,46,0.012425774002758044
all_observed,B1,none,spearman,qd2_qc,qd_early_slope_qc,46,-0.21221091581868637
all_observed,B1,none,pearson,qd2_qc,qd_delta_100_2_qc,46,-0.16471444070268298
all_observed,B1,none,spearman,qd2_qc,qd_delta_100_2_qc,46,-0.31705211224175145
all_observed,B1,none,pearson,qd100_qc,qd_early_mean,46,0.897811729689101
all_observed,B1,none,spearman,qd100_qc,qd_early_mean,46,0.9092198581560285
all_observed,B1,none,pearson,qd100_qc,qd_early_std,46,-0.3381234901500412
all_observed,B1,none,spearman,qd100_qc,qd_early_std,46,-0.19568300955905027
all_observed,B1,none,pearson,qd100_qc,qd_early_median,46,0.9788177344071203
all_observed,B1,none,spearman,qd100_qc,qd_early_median,46,0.9700277520814061
all_observed,B1,none,pearson,qd100_qc,qd2,46,0.9230857806532511
all_observed,B1,none,spearman,qd100_qc,qd2,46,0.9192106074622263
all_observed,B1,none,pearson,qd100_qc,qd_delta_100_2,46,0.22729551049975416
all_observed,B1,none,spearman,qd100_qc,qd_delta_100_2,46,-0.04865864939870491
all_observed,B1,none,pearson,qd100_qc,qd_early_slope,46,0.3642798084410985
all_observed,B1,none,spearman,qd100_qc,qd_early_slope,46,0.04175146469318532
all_observed,B1,none,pearson,qd100_qc,tavg_early_mean,46,-0.11460428499402556
all_observed,B1,none,spearman,qd100_qc,tavg_early_mean,46,-0.10428615479494294
all_observed,B1,none,pearson,qd100_qc,tmax_early_mean,46,-0.16425296209184606
all_observed,B1,none,spearman,qd100_qc,tmax_early_mean,46,-0.08553808202281836
all_observed,B1,none,pearson,qd100_qc,qd_early_mean_qc,46,0.9798565246647197
all_observed,B1,none,spearman,qd100_qc,qd_early_mean_qc,46,0.9744680851063829
all_observed,B1,none,pearson,qd100_qc,qd_early_std_qc,46,-0.1344996669011074
all_observed,B1,none,spearman,qd100_qc,qd_early_std_qc,46,-0.19432624113475178
all_observed,B1,none,pearson,qd100_qc,qd_early_slope_qc,46,0.240107360555675
all_observed,B1,none,spearman,qd100_qc,qd_early_slope_qc,46,0.04039469626888683
all_observed,B1,none,pearson,qd100_qc,qd2_qc,46,0.9230857806532511
all_observed,B1,none,spearman,qd100_qc,qd2_qc,46,0.9192106074622263
all_observed,B1,none,pearson,qd100_qc,qd_delta_100_2_qc,46,0.22729551049975416
all_observed,B1,none,spearman,qd100_qc,qd_delta_100_2_qc,46,-0.04865864939870491
all_observed,B1,none,pearson,qd_delta_100_2_qc,qd_early_mean,46,-0.021320122129365654
all_observed,B1,none,spearman,qd_delta_100_2_qc,qd_early_mean,46,-0.23478260869565218
all_observed,B1,none,pearson,qd_delta_100_2_qc,qd_early_std,46,-0.18764038490331306
all_observed,B1,none,spearman,qd_delta_100_2_qc,qd_early_std,46,0.24662349676225717
all_observed,B1,none,pearson,qd_delta_100_2_qc,qd_early_median,46,0.03359325798262913
all_observed,B1,none,spearman,qd_delta_100_2_qc,qd_early_median,46,-0.1610237434474252
all_observed,B1,none,pearson,qd_delta_100_2_qc,qd_early_slope,46,0.541911774480424
all_observed,B1,none,spearman,qd_delta_100_2_qc,qd_early_slope,46,0.8764107308048102
all_observed,B1,none,pearson,qd_delta_100_2_qc,tavg_early_mean,46,-0.08467167618752369
all_observed,B1,none,spearman,qd_delta_100_2_qc,tavg_early_mean,46,-0.2310823311748381
all_observed,B1,none,pearson,qd_delta_100_2_qc,tmax_early_mean,46,-0.0351887261546812
all_observed,B1,none,spearman,qd_delta_100_2_qc,tmax_early_mean,46,-0.15979031760715387
all_observed,B1,none,pearson,qd_delta_100_2_qc,qd_early_mean_qc,46,0.05703166688140354
all_observed,B1,none,spearman,qd_delta_100_2_qc,qd_early_mean_qc,46,-0.1486894850447117
all_observed,B1,none,pearson,qd_delta_100_2_qc,qd_early_std_qc,46,0.07269752383891237
all_observed,B1,none,spearman,qd_delta_100_2_qc,qd_early_std_qc,46,0.25094048720320694
all_observed,B1,none,pearson,qd_delta_100_2_qc,qd_early_slope_qc,46,0.5843231878571493
all_observed,B1,none,spearman,qd_delta_100_2_qc,qd_early_slope_qc,46,0.8720937403638607
all_observed,B2,none,pearson,qd_early_mean,qd_early_std,47,-0.3245056798051348
all_observed,B2,none,spearman,qd_early_mean,qd_early_std,47,-0.2332331174838113
all_observed,B2,none,pearson,qd_early_mean,qd_early_median,47,0.9673852115711835
all_observed,B2,none,spearman,qd_early_mean,qd_early_median,47,0.9374421831637373
all_observed,B2,none,pearson,qd_early_mean,qd_early_slope,47,0.14135406663531086
all_observed,B2,none,spearman,qd_early_mean,qd_early_slope,47,0.20640610545790933
all_observed,B2,none,pearson,qd_early_mean,tavg_early_mean,47,-0.5697272962854856
all_observed,B2,none,spearman,qd_early_mean,tavg_early_mean,47,-0.29706290471785385
all_observed,B2,none,pearson,qd_early_mean,tmax_early_mean,47,0.005547110709857885
all_observed,B2,none,spearman,qd_early_mean,tmax_early_mean,47,-0.3040009250693802
all_observed,B2,none,pearson,qd_early_mean,qd_early_mean_qc,47,0.9679382765583218
all_observed,B2,none,spearman,qd_early_mean,qd_early_mean_qc,47,0.9361702127659576
all_observed,B2,none,pearson,qd_early_mean,qd_early_std_qc,47,-0.5164431475986366
all_observed,B2,none,spearman,qd_early_mean,qd_early_std_qc,47,-0.22190101757631825
all_observed,B2,none,pearson,qd_early_mean,qd_early_slope_qc,47,0.7293863937359983
all_observed,B2,none,spearman,qd_early_mean,qd_early_slope_qc,47,0.44091119333950046
all_observed,B2,none,pearson,qd_early_std,tavg_early_mean,47,0.46921973026921787
all_observed,B2,none,spearman,qd_early_std,tavg_early_mean,47,0.24745605920444033
all_observed,B2,none,pearson,qd_early_std,tmax_early_mean,47,0.3414194866913281
all_observed,B2,none,spearman,qd_early_std,tmax_early_mean,47,0.35418593894542094
all_observed,B2,none,pearson,qd_early_std,qd_early_std_qc,47,0.4778241011053366
all_observed,B2,none,spearman,qd_early_std,qd_early_std_qc,47,0.776827012025902
all_observed,B2,none,pearson,qd_early_median,qd_early_std,47,-0.5419232419870712
all_observed,B2,none,spearman,qd_early_median,qd_early_std,47,-0.4025208140610546
all_observed,B2,none,pearson,qd_early_median,qd_early_slope,47,-0.08254465533187848
all_observed,B2,none,spearman,qd_early_median,qd_early_slope,47,-0.0027752081406105457
all_observed,B2,none,pearson,qd_early_median,tavg_early_mean,47,-0.6249653586099349
all_observed,B2,none,spearman,qd_early_median,tavg_early_mean,47,-0.3413506012950972
all_observed,B2,none,pearson,qd_early_median,tmax_early_mean,47,-0.10208105739512487
all_observed,B2,none,spearman,qd_early_median,tmax_early_mean,47,-0.36690564292321926
all_observed,B2,none,pearson,qd_early_median,qd_early_std_qc,47,-0.5405589707917346
all_observed,B2,none,spearman,qd_early_median,qd_early_std_qc,47,-0.22860777058279372
all_observed,B2,none,pearson,qd_early_median,qd_early_slope_qc,47,0.7694887486853657
all_observed,B2,none,spearman,qd_early_median,qd_early_slope_qc,47,0.4688945420906568
all_observed,B2,none,pearson,qd2,qd_early_mean,47,0.8717522120504609
all_observed,B2,none,spearman,qd2,qd_early_mean,47,0.8820536540240518
all_observed,B2,none,pearson,qd2,qd_early_std,47,-0.4429480890565378
all_observed,B2,none,spearman,qd2,qd_early_std,47,-0.3545328399629972
all_observed,B2,none,pearson,qd2,qd_early_median,47,0.8847059046302681
all_observed,B2,none,spearman,qd2,qd_early_median,47,0.9443802035152637
all_observed,B2,none,pearson,qd2,qd_delta_100_2,47,-0.27732412873410983
all_observed,B2,none,spearman,qd2,qd_delta_100_2,47,0.08036540240518038
all_observed,B2,none,pearson,qd2,qd_early_slope,47,-0.21962770662221195
all_observed,B2,none,spearman,qd2,qd_early_slope,47,-0.15194264569842741
all_observed,B2,none,pearson,qd2,tavg_early_mean,47,-0.45157208225110546
all_observed,B2,none,spearman,qd2,tavg_early_mean,47,-0.27890841813135986
all_observed,B2,none,pearson,qd2,tmax_early_mean,47,-0.11020965130922118
all_observed,B2,none,spearman,qd2,tmax_early_mean,47,-0.35904255319148937
all_observed,B2,none,pearson,qd2,qd_early_mean_qc,47,0.8882412654051732
all_observed,B2,none,spearman,qd2,qd_early_mean_qc,47,0.9402173913043478
all_observed,B2,none,pearson,qd2,qd_early_std_qc,47,-0.3026971099833101
all_observed,B2,none,spearman,qd2,qd_early_std_qc,47,-0.16998149861239592
all_observed,B2,none,pearson,qd2,qd_early_slope_qc,47,0.4068247937273181
all_observed,B2,none,spearman,qd2,qd_early_slope_qc,47,0.2828399629972248
all_observed,B2,none,pearson,qd2,qd2_qc,47,0.9999999999999998
all_observed,B2,none,spearman,qd2,qd2_qc,47,1.0
all_observed,B2,none,pearson,qd2,qd_delta_100_2_qc,43,0.4191427586830482
all_observed,B2,none,spearman,qd2,qd_delta_100_2_qc,43,0.3002114164904862
all_observed,B2,none,pearson,qd100,qd_early_mean,47,0.04262537727752411
all_observed,B2,none,spearman,qd100,qd_early_mean,47,0.7126503237742832
all_observed,B2,none,pearson,qd100,qd_early_std,47,0.6456046021881354
all_observed,B2,none,spearman,qd100,qd_early_std,47,-0.061285846438482894
all_observed,B2,none,pearson,qd100,qd_early_median,47,-0.14485666106166442
all_observed,B2,none,spearman,qd100,qd_early_median,47,0.6119333950046254
all_observed,B2,none,pearson,qd100,qd2,47,-0.2439716049602732
all_observed,B2,none,spearman,qd100,qd2,47,0.519195189639223
all_observed,B2,none,pearson,qd100,qd_delta_100_2,47,0.9994032509535338
all_observed,B2,none,spearman,qd100,qd_delta_100_2,47,0.7812210915818687
all_observed,B2,none,pearson,qd100,qd_early_slope,47,0.7705009237208669
all_observed,B2,none,spearman,qd100,qd_early_slope,47,0.46091581868640147
all_observed,B2,none,pearson,qd100,tavg_early_mean,47,0.04800202951119456
all_observed,B2,none,spearman,qd100,tavg_early_mean,47,-0.3477104532839963
all_observed,B2,none,pearson,qd100,tmax_early_mean,47,0.4890316653968592
all_observed,B2,none,spearman,qd100,tmax_early_mean,47,-0.13795097132284923
all_observed,B2,none,pearson,qd100,qd_early_mean_qc,47,-0.13516223524178286
all_observed,B2,none,spearman,qd100,qd_early_mean_qc,47,0.6305504162812211
all_observed,B2,none,pearson,qd100,qd_early_std_qc,47,-0.14714848045656512
all_observed,B2,none,spearman,qd100,qd_early_std_qc,47,-0.36193339500462535
all_observed,B2,none,pearson,qd100,qd_early_slope_qc,47,0.04325203989320926
all_observed,B2,none,spearman,qd100,qd_early_slope_qc,47,0.45409343200740054
all_observed,B2,none,pearson,qd100,qd2_qc,47,-0.2439716049602732
all_observed,B2,none,spearman,qd100,qd2_qc,47,0.519195189639223
all_observed,B2,none,pearson,qd100,qd100_qc,43,1.0
all_observed,B2,none,spearman,qd100,qd100_qc,43,1.0
all_observed,B2,none,pearson,qd100,qd_delta_100_2_qc,43,0.8869894594489285
all_observed,B2,none,spearman,qd100,qd_delta_100_2_qc,43,0.7142857142857143
all_observed,B2,none,pearson,qd_delta_100_2,qd_early_mean,47,0.01117930258448925
all_observed,B2,none,spearman,qd_delta_100_2,qd_early_mean,47,0.3314061054579094
all_observed,B2,none,pearson,qd_delta_100_2,qd_early_std,47,0.655386153533654
all_observed,B2,none,spearman,qd_delta_100_2,qd_early_std,47,-0.054579093432007404
all_observed,B2,none,pearson,qd_delta_100_2,qd_early_median,47,-0.17502305682271027
all_observed,B2,none,spearman,qd_delta_100_2,qd_early_median,47,0.2560129509713229
all_observed,B2,none,pearson,qd_delta_100_2,qd_early_slope,47,0.7711683495172956
all_observed,B2,none,spearman,qd_delta_100_2,qd_early_slope,47,0.6593432007400556
all_observed,B2,none,pearson,qd_delta_100_2,tavg_early_mean,47,0.063640432728237
all_observed,B2,none,spearman,qd_delta_100_2,tavg_early_mean,47,-0.3495605920444034
all_observed,B2,none,pearson,qd_delta_100_2,tmax_early_mean,47,0.4884157040088736
all_observed,B2,none,spearman,qd_delta_100_2,tmax_early_mean,47,-0.06417668825161887
all_observed,B2,none,pearson,qd_delta_100_2,qd_early_mean_qc,47,-0.16554458214335682
all_observed,B2,none,spearman,qd_delta_100_2,qd_early_mean_qc,47,0.2872340425531915
all_observed,B2,none,pearson,qd_delta_100_2,qd_early_std_qc,47,-0.13500045366253877
all_observed,B2,none,spearman,qd_delta_100_2,qd_early_std_qc,47,-0.3422756706753006
all_observed,B2,none,pearson,qd_delta_100_2,qd_early_slope_qc,47,0.028360016119194937
all_observed,B2,none,spearman,qd_delta_100_2,qd_early_slope_qc,47,0.700508788159112
all_observed,B2,none,pearson,qd_delta_100_2,qd_delta_100_2_qc,43,1.0
all_observed,B2,none,spearman,qd_delta_100_2,qd_delta_100_2_qc,43,1.0
all_observed,B2,none,pearson,qd_early_slope,qd_early_std,47,0.7920585059191014
all_observed,B2,none,spearman,qd_early_slope,qd_early_std,47,0.2924375578168363
all_observed,B2,none,pearson,qd_early_slope,tavg_early_mean,47,0.08318359556997944
all_observed,B2,none,spearman,qd_early_slope,tavg_early_mean,47,-0.019773358001850143
all_observed,B2,none,pearson,qd_early_slope,tmax_early_mean,47,0.364124877526742
all_observed,B2,none,spearman,qd_early_slope,tmax_early_mean,47,0.1574930619796485
all_observed,B2,none,pearson,qd_early_slope,qd_early_std_qc,47,0.009189845169415636
all_observed,B2,none,spearman,qd_early_slope,qd_early_std_qc,47,-0.0316836262719704
all_observed,B2,none,pearson,qd_early_slope,qd_early_slope_qc,47,0.13869238071179607
all_observed,B2,none,spearman,qd_early_slope,qd_early_slope_qc,47,0.5379278445883441
all_observed,B2,none,pearson,ir_early_mean,qd_early_mean,40,-0.11800036325828844
all_observed,B2,none,spearman,ir_early_mean,qd_early_mean,40,0.36547842401500946
all_observed,B2,none,pearson,ir_early_mean,qd_early_std,40,0.6730586527036211
all_observed,B2,none,spearman,ir_early_mean,qd_early_std,40,0.34971857410881807
all_observed,B2,none,pearson,ir_early_mean,qd_early_median,40,-0.26020485895712525
all_observed,B2,none,spearman,ir_early_mean,qd_early_median,40,0.21519699812382742
all_observed,B2,none,pearson,ir_early_mean,qd2,40,-0.051229265362411555
all_observed,B2,none,spearman,ir_early_mean,qd2,40,0.19155722326454036
all_observed,B2,none,pearson,ir_early_mean,qd100,40,-0.03506251821389096
all_observed,B2,none,spearman,ir_early_mean,qd100,40,0.22176360225140718
all_observed,B2,none,pearson,ir_early_mean,qd_delta_100_2,40,-0.03280628424626243
all_observed,B2,none,spearman,ir_early_mean,qd_delta_100_2,40,0.01482176360225141
all_observed,B2,none,pearson,ir_early_mean,qd_early_slope,40,0.4505684893183896
all_observed,B2,none,spearman,ir_early_mean,qd_early_slope,40,0.3549718574108819
all_observed,B2,none,pearson,ir_early_mean,ir_early_slope,40,0.1022616404185501
all_observed,B2,none,spearman,ir_early_mean,ir_early_slope,40,0.2119193100530153
all_observed,B2,none,pearson,ir_early_mean,ir_zero_fraction_early,40,
all_observed,B2,none,spearman,ir_early_mean,ir_zero_fraction_early,40,
all_observed,B2,none,pearson,ir_early_mean,tavg_early_mean,40,0.4696632618379548
all_observed,B2,none,spearman,ir_early_mean,tavg_early_mean,40,0.225703564727955
all_observed,B2,none,pearson,ir_early_mean,ir_missing_fraction_early,40,
all_observed,B2,none,spearman,ir_early_mean,ir_missing_fraction_early,40,
all_observed,B2,none,pearson,ir_early_mean,tmax_early_mean,40,-0.02454634305976145
all_observed,B2,none,spearman,ir_early_mean,tmax_early_mean,40,0.1962476547842402
all_observed,B2,none,pearson,ir_early_mean,qd_early_mean_qc,40,-0.27809980794346184
all_observed,B2,none,spearman,ir_early_mean,qd_early_mean_qc,40,0.19024390243902442
all_observed,B2,none,pearson,ir_early_mean,qd_early_std_qc,40,0.5563604868833971
all_observed,B2,none,spearman,ir_early_mean,qd_early_std_qc,40,0.29362101313320826
all_observed,B2,none,pearson,ir_early_mean,qd_early_slope_qc,40,-0.44094693433368704
all_observed,B2,none,spearman,ir_early_mean,qd_early_slope_qc,40,-0.041463414634146344
all_observed,B2,none,pearson,ir_early_mean,qd2_qc,40,-0.051229265362411555
all_observed,B2,none,spearman,ir_early_mean,qd2_qc,40,0.19155722326454036
all_observed,B2,none,pearson,ir_early_mean,qd100_qc,37,-0.37913072614823395
all_observed,B2,none,spearman,ir_early_mean,qd100_qc,37,0.19938359412043621
all_observed,B2,none,pearson,ir_early_mean,qd_delta_100_2_qc,37,-0.5106493718774722
all_observed,B2,none,spearman,ir_early_mean,qd_delta_100_2_qc,37,-0.030583214793741105
all_observed,B2,none,pearson,ir_change_100_2,qd_early_mean,40,-0.014156304844122346
all_observed,B2,none,spearman,ir_change_100_2,qd_early_mean,40,0.14800564745509526
all_observed,B2,none,pearson,ir_change_100_2,qd_early_std,40,0.6492453888356731
all_observed,B2,none,spearman,ir_change_100_2,qd_early_std,40,0.41511032257063174
all_observed,B2,none,pearson,ir_change_100_2,qd_early_median,40,-0.18526797034398065
all_observed,B2,none,spearman,ir_change_100_2,qd_early_median,40,-0.01229469867889504
all_observed,B2,none,pearson,ir_change_100_2,qd2,40,-0.2721180417488819
all_observed,B2,none,spearman,ir_change_100_2,qd2,40,-0.12200846017224087
all_observed,B2,none,pearson,ir_change_100_2,qd100,40,0.9816087493816611
all_observed,B2,none,spearman,ir_change_100_2,qd100,40,0.344439268332403
all_observed,B2,none,pearson,ir_change_100_2,qd_delta_100_2,40,0.9834545606889863
all_observed,B2,none,spearman,ir_change_100_2,qd_delta_100_2,40,0.42055377694754714
all_observed,B2,none,pearson,ir_change_100_2,qd_early_slope,40,0.7444027494124015
all_observed,B2,none,spearman,ir_change_100_2,qd_early_slope,40,0.4681370764147211
all_observed,B2,none,pearson,ir_change_100_2,ir_early_mean,40,0.028497389509818494
all_observed,B2,none,spearman,ir_change_100_2,ir_early_mean,40,0.31102772077754326
all_observed,B2,none,pearson,ir_change_100_2,ir_early_slope,40,0.5848343252753401
all_observed,B2,none,spearman,ir_change_100_2,ir_early_slope,40,0.9107981220657276
all_observed,B2,none,pearson,ir_change_100_2,ir_zero_fraction_early,40,
all_observed,B2,none,spearman,ir_change_100_2,ir_zero_fraction_early,40,
all_observed,B2,none,pearson,ir_change_100_2,tavg_early_mean,40,0.1821377195741573
all_observed,B2,none,spearman,ir_change_100_2,tavg_early_mean,40,0.18977008189867003
all_observed,B2,none,pearson,ir_change_100_2,ir_missing_fraction_early,40,
all_observed,B2,none,spearman,ir_change_100_2,ir_missing_fraction_early,40,
all_observed,B2,none,pearson,ir_change_100_2,tmax_early_mean,40,0.5570391746369547
all_observed,B2,none,spearman,ir_change_100_2,tmax_early_mean,40,0.2768653519293158
all_observed,B2,none,pearson,ir_change_100_2,qd_early_mean_qc,40,-0.1804560741478499
all_observed,B2,none,spearman,ir_change_100_2,qd_early_mean_qc,40,-0.0031909904968124535
all_observed,B2,none,pearson,ir_change_100_2,qd_early_std_qc,40,-0.01580535045108429
all_observed,B2,none,spearman,ir_change_100_2,qd_early_std_qc,40,0.20863446689453188
all_observed,B2,none,pearson,ir_change_100_2,qd_early_slope_qc,40,-0.019440629471839638
all_observed,B2,none,spearman,ir_change_100_2,qd_early_slope_qc,40,0.10183013791298563
all_observed,B2,none,pearson,ir_change_100_2,qd2_qc,40,-0.2721180417488819
all_observed,B2,none,spearman,ir_change_100_2,qd2_qc,40,-0.12200846017224087
all_observed,B2,none,pearson,ir_change_100_2,qd100_qc,37,-0.07029716549124954
all_observed,B2,none,spearman,ir_change_100_2,qd100_qc,37,0.17150993408666906
all_observed,B2,none,pearson,ir_change_100_2,qd_delta_100_2_qc,37,-0.012621917491983822
all_observed,B2,none,spearman,ir_change_100_2,qd_delta_100_2_qc,37,0.26770257346722826
all_observed,B2,none,pearson,ir_early_slope,qd_early_mean,40,0.07932611204699624
all_observed,B2,none,spearman,ir_early_slope,qd_early_mean,40,0.21163775206800242
all_observed,B2,none,pearson,ir_early_slope,qd_early_std,40,0.36131657642567383
all_observed,B2,none,spearman,ir_early_slope,qd_early_std,40,0.3236978301031221
all_observed,B2,none,pearson,ir_early_slope,qd_early_median,40,-0.013461685850518261
all_observed,B2,none,spearman,ir_early_slope,qd_early_median,40,0.09038011318912918
all_observed,B2,none,pearson,ir_early_slope,qd2,40,-0.14038527138786638
all_observed,B2,none,spearman,ir_early_slope,qd2,40,-0.05781323958930798
all_observed,B2,none,pearson,ir_early_slope,qd100,40,0.4515373119130571
all_observed,B2,none,spearman,ir_early_slope,qd100,40,0.404317266478472
all_observed,B2,none,pearson,ir_early_slope,qd_delta_100_2,40,0.452965947187456
all_observed,B2,none,spearman,ir_early_slope,qd_delta_100_2,40,0.5344909082160859
all_observed,B2,none,pearson,ir_early_slope,qd_early_slope,40,0.4828668181702691
all_observed,B2,none,spearman,ir_early_slope,qd_early_slope,40,0.4424214471168795
all_observed,B2,none,pearson,ir_early_slope,ir_zero_fraction_early,40,
all_observed,B2,none,spearman,ir_early_slope,ir_zero_fraction_early,40,
all_observed,B2,none,pearson,ir_early_slope,tavg_early_mean,40,0.13733261435753114
all_observed,B2,none,spearman,ir_early_slope,tavg_early_mean,40,0.05274519585907644
all_observed,B2,none,pearson,ir_early_slope,ir_missing_fraction_early,40,
all_observed,B2,none,spearman,ir_early_slope,ir_missing_fraction_early,40,
all_observed,B2,none,pearson,ir_early_slope,tmax_early_mean,40,0.24602210820072942
all_observed,B2,none,spearman,ir_early_slope,tmax_early_mean,40,0.23632100208746343
all_observed,B2,none,pearson,ir_early_slope,qd_early_mean_qc,40,-0.017713701734002794
all_observed,B2,none,spearman,ir_early_slope,qd_early_mean_qc,40,0.09328954570092877
all_observed,B2,none,pearson,ir_early_slope,qd_early_std_qc,40,0.18280829893554432
all_observed,B2,none,spearman,ir_early_slope,qd_early_std_qc,40,0.165086831879209
all_observed,B2,none,pearson,ir_early_slope,qd_early_slope_qc,40,0.11455288760947335
all_observed,B2,none,spearman,ir_early_slope,qd_early_slope_qc,40,0.27226657150743905
all_observed,B2,none,pearson,ir_early_slope,qd2_qc,40,-0.14038527138786638
all_observed,B2,none,spearman,ir_early_slope,qd2_qc,40,-0.05781323958930798
all_observed,B2,none,pearson,ir_early_slope,qd100_qc,37,0.07649519804719551
all_observed,B2,none,spearman,ir_early_slope,qd100_qc,37,0.263788446340769
all_observed,B2,none,pearson,ir_early_slope,qd_delta_100_2_qc,37,0.1485011543552514
all_observed,B2,none,spearman,ir_early_slope,qd_delta_100_2_qc,37,0.42924927486836467
all_observed,B2,none,pearson,ir_zero_fraction_early,qd_early_mean,47,0.2576500302891388
all_observed,B2,none,spearman,ir_zero_fraction_early,qd_early_mean,47,0.3436423462144927
all_observed,B2,none,pearson,ir_zero_fraction_early,qd_early_std,47,-0.0391240083295175
all_observed,B2,none,spearman,ir_zero_fraction_early,qd_early_std,47,-0.11895311984347824
all_observed,B2,none,pearson,ir_zero_fraction_early,qd_early_median,47,0.23538897299575687
all_observed,B2,none,spearman,ir_zero_fraction_early,qd_early_median,47,0.3039913062666666
all_observed,B2,none,pearson,ir_zero_fraction_early,qd2,47,0.27851258897368747
all_observed,B2,none,spearman,ir_zero_fraction_early,qd2,47,0.3128026484772946
all_observed,B2,none,pearson,ir_zero_fraction_early,qd100,47,0.101536036250186
all_observed,B2,none,spearman,ir_zero_fraction_early,qd100,47,0.23790623968695648
all_observed,B2,none,pearson,ir_zero_fraction_early,qd_delta_100_2,47,0.09067300154984888
all_observed,B2,none,spearman,ir_zero_fraction_early,qd_delta_100_2,47,0.02643402663188405
all_observed,B2,none,pearson,ir_zero_fraction_early,qd_early_slope,47,0.005144023982374457
all_observed,B2,none,spearman,ir_zero_fraction_early,qd_early_slope,47,-0.07489640879033815
all_observed,B2,none,pearson,ir_zero_fraction_early,tavg_early_mean,47,-0.20383032457108213
all_observed,B2,none,spearman,ir_zero_fraction_early,tavg_early_mean,47,-0.11454744873816423
all_observed,B2,none,pearson,ir_zero_fraction_early,tmax_early_mean,47,-0.06999275248276858
all_observed,B2,none,spearman,ir_zero_fraction_early,tmax_early_mean,47,-0.17622684421256035
all_observed,B2,none,pearson,ir_zero_fraction_early,qd_early_mean_qc,47,0.23562866318051706
all_observed,B2,none,spearman,ir_zero_fraction_early,qd_early_mean_qc,47,0.3039913062666666
all_observed,B2,none,pearson,ir_zero_fraction_early,qd_early_std_qc,47,-0.19126902670094556
all_observed,B2,none,spearman,ir_zero_fraction_early,qd_early_std_qc,47,-0.24671758189758447
all_observed,B2,none,pearson,ir_zero_fraction_early,qd_early_slope_qc,47,0.05206114277654702
all_observed,B2,none,spearman,ir_zero_fraction_early,qd_early_slope_qc,47,-0.06608506657971012
all_observed,B2,none,pearson,ir_zero_fraction_early,qd2_qc,47,0.27851258897368747
all_observed,B2,none,spearman,ir_zero_fraction_early,qd2_qc,47,0.3128026484772946
all_observed,B2,none,pearson,ir_zero_fraction_early,qd100_qc,43,0.22113867585500416
all_observed,B2,none,spearman,ir_zero_fraction_early,qd100_qc,43,0.24337483278126607
all_observed,B2,none,pearson,ir_zero_fraction_early,qd_delta_100_2_qc,43,0.08151218748587552
all_observed,B2,none,spearman,ir_zero_fraction_early,qd_delta_100_2_qc,43,-0.016224988852084402
all_observed,B2,none,pearson,tavg_early_mean,tmax_early_mean,47,0.3397815390839134
all_observed,B2,none,spearman,tavg_early_mean,tmax_early_mean,47,0.7787927844588345
all_observed,B2,none,pearson,ir_missing_fraction_early,qd_early_mean,47,0.2576500302891388
all_observed,B2,none,spearman,ir_missing_fraction_early,qd_early_mean,47,0.3436423462144927
all_observed,B2,none,pearson,ir_missing_fraction_early,qd_early_std,47,-0.0391240083295175
all_observed,B2,none,spearman,ir_missing_fraction_early,qd_early_std,47,-0.11895311984347824
all_observed,B2,none,pearson,ir_missing_fraction_early,qd_early_median,47,0.23538897299575687
all_observed,B2,none,spearman,ir_missing_fraction_early,qd_early_median,47,0.3039913062666666
all_observed,B2,none,pearson,ir_missing_fraction_early,qd2,47,0.27851258897368747
all_observed,B2,none,spearman,ir_missing_fraction_early,qd2,47,0.3128026484772946
all_observed,B2,none,pearson,ir_missing_fraction_early,qd100,47,0.101536036250186
all_observed,B2,none,spearman,ir_missing_fraction_early,qd100,47,0.23790623968695648
all_observed,B2,none,pearson,ir_missing_fraction_early,qd_delta_100_2,47,0.09067300154984888
all_observed,B2,none,spearman,ir_missing_fraction_early,qd_delta_100_2,47,0.02643402663188405
all_observed,B2,none,pearson,ir_missing_fraction_early,qd_early_slope,47,0.005144023982374457
all_observed,B2,none,spearman,ir_missing_fraction_early,qd_early_slope,47,-0.07489640879033815
all_observed,B2,none,pearson,ir_missing_fraction_early,ir_zero_fraction_early,47,1.0
all_observed,B2,none,spearman,ir_missing_fraction_early,ir_zero_fraction_early,47,1.0
all_observed,B2,none,pearson,ir_missing_fraction_early,tavg_early_mean,47,-0.20383032457108213
all_observed,B2,none,spearman,ir_missing_fraction_early,tavg_early_mean,47,-0.11454744873816423
all_observed,B2,none,pearson,ir_missing_fraction_early,tmax_early_mean,47,-0.06999275248276858
all_observed,B2,none,spearman,ir_missing_fraction_early,tmax_early_mean,47,-0.17622684421256035
all_observed,B2,none,pearson,ir_missing_fraction_early,qd_early_mean_qc,47,0.23562866318051706
all_observed,B2,none,spearman,ir_missing_fraction_early,qd_early_mean_qc,47,0.3039913062666666
all_observed,B2,none,pearson,ir_missing_fraction_early,qd_early_std_qc,47,-0.19126902670094556
all_observed,B2,none,spearman,ir_missing_fraction_early,qd_early_std_qc,47,-0.24671758189758447
all_observed,B2,none,pearson,ir_missing_fraction_early,qd_early_slope_qc,47,0.05206114277654702
all_observed,B2,none,spearman,ir_missing_fraction_early,qd_early_slope_qc,47,-0.06608506657971012
all_observed,B2,none,pearson,ir_missing_fraction_early,qd2_qc,47,0.27851258897368747
all_observed,B2,none,spearman,ir_missing_fraction_early,qd2_qc,47,0.3128026484772946
all_observed,B2,none,pearson,ir_missing_fraction_early,qd100_qc,43,0.22113867585500416
all_observed,B2,none,spearman,ir_missing_fraction_early,qd100_qc,43,0.24337483278126607
all_observed,B2,none,pearson,ir_missing_fraction_early,qd_delta_100_2_qc,43,0.08151218748587552
all_observed,B2,none,spearman,ir_missing_fraction_early,qd_delta_100_2_qc,43,-0.016224988852084402
all_observed,B2,none,pearson,chargetime_early_mean,qd_early_mean,47,-0.005274795206491122
all_observed,B2,none,spearman,chargetime_early_mean,qd_early_mean,47,-0.1162118408880666
all_observed,B2,none,pearson,chargetime_early_mean,qd_early_std,47,0.05804973355131139
all_observed,B2,none,spearman,chargetime_early_mean,qd_early_std,47,0.019773358001850143
all_observed,B2,none,pearson,chargetime_early_mean,qd_early_median,47,-0.03559021868970681
all_observed,B2,none,spearman,chargetime_early_mean,qd_early_median,47,-0.22201665124884368
all_observed,B2,none,pearson,chargetime_early_mean,qd2,47,-0.02187186563741647
all_observed,B2,none,spearman,chargetime_early_mean,qd2,47,-0.15506475485661422
all_observed,B2,none,pearson,chargetime_early_mean,qd100,47,0.08580164033925303
all_observed,B2,none,spearman,chargetime_early_mean,qd100,47,-0.01722941720629047
all_observed,B2,none,pearson,chargetime_early_mean,qd_delta_100_2,47,0.0857838731436099
all_observed,B2,none,spearman,chargetime_early_mean,qd_delta_100_2,47,-0.1599213691026827
all_observed,B2,none,pearson,chargetime_early_mean,qd_early_slope,47,0.06312872390695824
all_observed,B2,none,spearman,chargetime_early_mean,qd_early_slope,47,0.04266882516188715
all_observed,B2,none,pearson,chargetime_early_mean,ir_early_mean,40,0.020522096810777435
all_observed,B2,none,spearman,chargetime_early_mean,ir_early_mean,40,0.18180112570356474
all_observed,B2,none,pearson,chargetime_early_mean,ir_change_100_2,40,-0.07565285935514648
all_observed,B2,none,spearman,chargetime_early_mean,ir_change_100_2,40,-0.17587988797136875
all_observed,B2,none,pearson,chargetime_early_mean,ir_early_slope,40,-0.2370512536305566
all_observed,B2,none,spearman,chargetime_early_mean,ir_early_slope,40,-0.29019242988659133
all_observed,B2,none,pearson,chargetime_early_mean,ir_zero_fraction_early,47,0.313216515747721
all_observed,B2,none,spearman,chargetime_early_mean,ir_zero_fraction_early,47,0.13217013315942025
all_observed,B2,none,pearson,chargetime_early_mean,tavg_early_mean,47,-0.09989921756476974
all_observed,B2,none,spearman,chargetime_early_mean,tavg_early_mean,47,0.054579093432007404
all_observed,B2,none,pearson,chargetime_early_mean,ir_missing_fraction_early,47,0.313216515747721
all_observed,B2,none,spearman,chargetime_early_mean,ir_missing_fraction_early,47,0.13217013315942025
all_observed,B2,none,pearson,chargetime_early_mean,tmax_early_mean,47,-0.05949294691025092
all_observed,B2,none,spearman,chargetime_early_mean,tmax_early_mean,47,0.04139685476410731
all_observed,B2,none,pearson,chargetime_early_mean,chargetime_early_median,47,0.11162838918195535
all_observed,B2,none,spearman,chargetime_early_mean,chargetime_early_median,47,0.40067067530064754
all_observed,B2,none,pearson,chargetime_early_mean,chargetime_early_mean_qc,47,0.11225783205306912
all_observed,B2,none,spearman,chargetime_early_mean,chargetime_early_mean_qc,47,0.42518501387604074
all_observed,B2,none,pearson,chargetime_early_mean,qd_early_mean_qc,47,-0.02778700291115919
all_observed,B2,none,spearman,chargetime_early_mean,qd_early_mean_qc,47,-0.2173913043478261
all_observed,B2,none,pearson,chargetime_early_mean,qd_early_std_qc,47,-0.22978018721599217
all_observed,B2,none,spearman,chargetime_early_mean,qd_early_std_qc,47,-0.19958371877890843
all_observed,B2,none,pearson,chargetime_early_mean,qd_early_slope_qc,47,-0.0507973969228133
all_observed,B2,none,spearman,chargetime_early_mean,qd_early_slope_qc,47,-0.2888529139685476
all_observed,B2,none,pearson,chargetime_early_mean,qd2_qc,47,-0.02187186563741647
all_observed,B2,none,spearman,chargetime_early_mean,qd2_qc,47,-0.15506475485661422
all_observed,B2,none,pearson,chargetime_early_mean,qd100_qc,43,-0.022098088276695335
all_observed,B2,none,spearman,chargetime_early_mean,qd100_qc,43,-0.16414980368468743
all_observed,B2,none,pearson,chargetime_early_mean,qd_delta_100_2_qc,43,-0.02311085693193149
all_observed,B2,none,spearman,chargetime_early_mean,qd_delta_100_2_qc,43,-0.33600120809423134
all_observed,B2,none,pearson,chargetime_early_median,qd_early_mean,47,0.28181601874539997
all_observed,B2,none,spearman,chargetime_early_median,qd_early_mean,47,0.0862627197039778
all_observed,B2,none,pearson,chargetime_early_median,qd_early_std,47,0.3174473774525338
all_observed,B2,none,spearman,chargetime_early_median,qd_early_std,47,0.07469935245143385
all_observed,B2,none,pearson,chargetime_early_median,qd_early_median,47,0.17750586141290556
all_observed,B2,none,spearman,chargetime_early_median,qd_early_median,47,0.025786308973172987
all_observed,B2,none,pearson,chargetime_early_median,qd2,47,0.07754539632840965
all_observed,B2,none,spearman,chargetime_early_median,qd2,47,0.0938945420906568
all_observed,B2,none,pearson,chargetime_early_median,qd100,47,0.08839931811797914
all_observed,B2,none,spearman,chargetime_early_median,qd100,47,0.0666049953746531
all_observed,B2,none,pearson,chargetime_early_median,qd_delta_100_2,47,0.08481636503527828
all_observed,B2,none,spearman,chargetime_early_median,qd_delta_100_2,47,-0.0027752081406105457
all_observed,B2,none,pearson,chargetime_early_median,qd_early_slope,47,0.5130500112492682
all_observed,B2,none,spearman,chargetime_early_median,qd_early_slope,47,0.2080249768732655
all_observed,B2,none,pearson,chargetime_early_median,ir_early_mean,40,0.4052449231946153
all_observed,B2,none,spearman,chargetime_early_median,ir_early_mean,40,0.18386491557223267
all_observed,B2,none,pearson,chargetime_early_median,ir_change_100_2,40,0.11760731983180078
all_observed,B2,none,spearman,chargetime_early_median,ir_change_100_2,40,-0.3351478548269785
all_observed,B2,none,pearson,chargetime_early_median,ir_early_slope,40,0.09433688231191262
all_observed,B2,none,spearman,chargetime_early_median,ir_early_slope,40,-0.34584705825746737
all_observed,B2,none,pearson,chargetime_early_median,ir_zero_fraction_early,47,-0.06364359693885685
all_observed,B2,none,spearman,chargetime_early_median,ir_zero_fraction_early,47,-0.19384952863381638
all_observed,B2,none,pearson,chargetime_early_median,tavg_early_mean,47,-0.0440215887541194
all_observed,B2,none,spearman,chargetime_early_median,tavg_early_mean,47,-0.15922756706753008
all_observed,B2,none,pearson,chargetime_early_median,ir_missing_fraction_early,47,-0.06364359693885685
all_observed,B2,none,spearman,chargetime_early_median,ir_missing_fraction_early,47,-0.19384952863381638
all_observed,B2,none,pearson,chargetime_early_median,tmax_early_mean,47,-0.01758060715031537
all_observed,B2,none,spearman,chargetime_early_median,tmax_early_mean,47,-0.011794634597594821
all_observed,B2,none,pearson,chargetime_early_median,qd_early_mean_qc,47,0.16478612732935988
all_observed,B2,none,spearman,chargetime_early_median,qd_early_mean_qc,47,0.014801110083256245
all_observed,B2,none,pearson,chargetime_early_median,qd_early_std_qc,47,0.011230791300715687
all_observed,B2,none,spearman,chargetime_early_median,qd_early_std_qc,47,0.020698427382053654
all_observed,B2,none,pearson,chargetime_early_median,qd_early_slope_qc,47,0.2359881638886245
all_observed,B2,none,spearman,chargetime_early_median,qd_early_slope_qc,47,0.11944958371877891
all_observed,B2,none,pearson,chargetime_early_median,qd2_qc,47,0.07754539632840965
all_observed,B2,none,spearman,chargetime_early_median,qd2_qc,47,0.0938945420906568
all_observed,B2,none,pearson,chargetime_early_median,qd100_qc,43,0.14649870178033808
all_observed,B2,none,spearman,chargetime_early_median,qd100_qc,43,0.018121413470250678
all_observed,B2,none,pearson,chargetime_early_median,qd_delta_100_2_qc,43,0.14133534372676243
all_observed,B2,none,spearman,chargetime_early_median,qd_delta_100_2_qc,43,-0.06508607671398368
all_observed,B2,none,pearson,chargetime_early_mean_qc,qd_early_mean,47,0.2829132433374599
all_observed,B2,none,spearman,chargetime_early_mean_qc,qd_early_mean,47,0.14535152636447735
all_observed,B2,none,pearson,chargetime_early_mean_qc,qd_early_std,47,0.31661116774437653
all_observed,B2,none,spearman,chargetime_early_mean_qc,qd_early_std,47,0.05272895467160037
all_observed,B2,none,pearson,chargetime_early_mean_qc,qd_early_median,47,0.17869852497592503
all_observed,B2,none,spearman,chargetime_early_mean_qc,qd_early_median,47,0.08730342275670674
all_observed,B2,none,pearson,chargetime_early_mean_qc,qd2,47,0.07866677658766905
all_observed,B2,none,spearman,chargetime_early_mean_qc,qd2,47,0.1561054579093432
all_observed,B2,none,pearson,chargetime_early_mean_qc,qd100,47,0.08813808342502331
all_observed,B2,none,spearman,chargetime_early_mean_qc,qd100,47,0.07770582793709528
all_observed,B2,none,pearson,chargetime_early_mean_qc,qd_delta_100_2,47,0.08451761478906
all_observed,B2,none,spearman,chargetime_early_mean_qc,qd_delta_100_2,47,-0.030064754856614247
all_observed,B2,none,pearson,chargetime_early_mean_qc,qd_early_slope,47,0.5127477873331042
all_observed,B2,none,spearman,chargetime_early_mean_qc,qd_early_slope,47,0.16882516188714156
all_observed,B2,none,pearson,chargetime_early_mean_qc,ir_early_mean,40,0.4050251199341708
all_observed,B2,none,spearman,chargetime_early_mean_qc,ir_early_mean,40,0.22195121951219515
all_observed,B2,none,pearson,chargetime_early_mean_qc,ir_change_100_2,40,0.11710780706352465
all_observed,B2,none,spearman,chargetime_early_mean_qc,ir_change_100_2,40,-0.33946507726384245
all_observed,B2,none,pearson,chargetime_early_mean_qc,ir_early_slope,40,0.09306229158419457
all_observed,B2,none,spearman,chargetime_early_mean_qc,ir_early_slope,40,-0.3287658738333536
all_observed,B2,none,pearson,chargetime_early_mean_qc,ir_zero_fraction_early,47,-0.06360719237200242
all_observed,B2,none,spearman,chargetime_early_mean_qc,ir_zero_fraction_early,47,-0.18503818642318837
all_observed,B2,none,pearson,chargetime_early_mean_qc,tavg_early_mean,47,-0.044600111865210665
all_observed,B2,none,spearman,chargetime_early_mean_qc,tavg_early_mean,47,-0.16119333950046255
all_observed,B2,none,pearson,chargetime_early_mean_qc,ir_missing_fraction_early,47,-0.06360719237200242
all_observed,B2,none,spearman,chargetime_early_mean_qc,ir_missing_fraction_early,47,-0.18503818642318837
all_observed,B2,none,pearson,chargetime_early_mean_qc,tmax_early_mean,47,-0.01782012725887198
all_observed,B2,none,spearman,chargetime_early_mean_qc,tmax_early_mean,47,-0.029024051803885294
all_observed,B2,none,pearson,chargetime_early_mean_qc,chargetime_early_median,47,0.9999956810303625
all_observed,B2,none,spearman,chargetime_early_mean_qc,chargetime_early_median,47,0.9802266419981498
all_observed,B2,none,pearson,chargetime_early_mean_qc,qd_early_mean_qc,47,0.1659652129492097
all_observed,B2,none,spearman,chargetime_early_mean_qc,qd_early_mean_qc,47,0.07597132284921371
all_observed,B2,none,pearson,chargetime_early_mean_qc,qd_early_std_qc,47,0.010207827043905349
all_observed,B2,none,spearman,chargetime_early_mean_qc,qd_early_std_qc,47,0.028561517113783533
all_observed,B2,none,pearson,chargetime_early_mean_qc,qd_early_slope_qc,47,0.23685464202654594
all_observed,B2,none,spearman,chargetime_early_mean_qc,qd_early_slope_qc,47,0.12372802960222017
all_observed,B2,none,pearson,chargetime_early_mean_qc,qd2_qc,47,0.07866677658766905
all_observed,B2,none,spearman,chargetime_early_mean_qc,qd2_qc,47,0.1561054579093432
all_observed,B2,none,pearson,chargetime_early_mean_qc,qd100_qc,43,0.1476423913480992
all_observed,B2,none,spearman,chargetime_early_mean_qc,qd100_qc,43,0.05602536997885835
all_observed,B2,none,pearson,chargetime_early_mean_qc,qd_delta_100_2_qc,43,0.14220927605280698
all_observed,B2,none,spearman,chargetime_early_mean_qc,qd_delta_100_2_qc,43,-0.07928118393234672
all_observed,B2,none,pearson,qd_early_mean_qc,qd_early_std,47,-0.5505594765028936
all_observed,B2,none,spearman,qd_early_mean_qc,qd_early_std,47,-0.42506938020351526
all_observed,B2,none,pearson,qd_early_mean_qc,qd_early_median,47,0.9978830852316527
all_observed,B2,none,spearman,qd_early_mean_qc,qd_early_median,47,0.9959528214616097
all_observed,B2,none,pearson,qd_early_mean_qc,qd_early_slope,47,-0.08781510710043083
all_observed,B2,none,spearman,qd_early_mean_qc,qd_early_slope,47,0.010985198889916744
all_observed,B2,none,pearson,qd_early_mean_qc,tavg_early_mean,47,-0.6264351575499054
all_observed,B2,none,spearman,qd_early_mean_qc,tavg_early_mean,47,-0.36008325624421833
all_observed,B2,none,pearson,qd_early_mean_qc,tmax_early_mean,47,-0.08624336795691595
all_observed,B2,none,spearman,qd_early_mean_qc,tmax_early_mean,47,-0.3681776133209991
all_observed,B2,none,pearson,qd_early_mean_qc,qd_early_std_qc,47,-0.5667101646481647
all_observed,B2,none,spearman,qd_early_mean_qc,qd_early_std_qc,47,-0.2587881591119334
all_observed,B2,none,pearson,qd_early_mean_qc,qd_early_slope_qc,47,0.7714151520363128
all_observed,B2,none,spearman,qd_early_mean_qc,qd_early_slope_qc,47,0.49664662349676225
all_observed,B2,none,pearson,qd_early_std_qc,tavg_early_mean,47,0.4968574596096685
all_observed,B2,none,spearman,qd_early_std_qc,tavg_early_mean,47,0.22409805735430158
all_observed,B2,none,pearson,qd_early_std_qc,tmax_early_mean,47,-0.07624187044016076
all_observed,B2,none,spearman,qd_early_std_qc,tmax_early_mean,47,0.23427382053654025
all_observed,B2,none,pearson,qd_early_slope_qc,qd_early_std,47,-0.48753314742214915
all_observed,B2,none,spearman,qd_early_slope_qc,qd_early_std,47,-0.3212303422756707
all_observed,B2,none,pearson,qd_early_slope_qc,tavg_early_mean,47,-0.6465526310022146
all_observed,B2,none,spearman,qd_early_slope_qc,tavg_early_mean,47,-0.34412580943570775
all_observed,B2,none,pearson,qd_early_slope_qc,tmax_early_mean,47,-0.04001298334233869
all_observed,B2,none,spearman,qd_early_slope_qc,tmax_early_mean,47,-0.13309435707678077
all_observed,B2,none,pearson,qd_early_slope_qc,qd_early_std_qc,47,-0.6742427863189167
all_observed,B2,none,spearman,qd_early_slope_qc,qd_early_std_qc,47,-0.23057354301572622
all_observed,B2,none,pearson,qd2_qc,qd_early_mean,47,0.8717522120504609
all_observed,B2,none,spearman,qd2_qc,qd_early_mean,47,0.8820536540240518
all_observed,B2,none,pearson,qd2_qc,qd_early_std,47,-0.4429480890565378
all_observed,B2,none,spearman,qd2_qc,qd_early_std,47,-0.3545328399629972
all_observed,B2,none,pearson,qd2_qc,qd_early_median,47,0.8847059046302681
all_observed,B2,none,spearman,qd2_qc,qd_early_median,47,0.9443802035152637
all_observed,B2,none,pearson,qd2_qc,qd_delta_100_2,47,-0.27732412873410983
all_observed,B2,none,spearman,qd2_qc,qd_delta_100_2,47,0.08036540240518038
all_observed,B2,none,pearson,qd2_qc,qd_early_slope,47,-0.21962770662221195
all_observed,B2,none,spearman,qd2_qc,qd_early_slope,47,-0.15194264569842741
all_observed,B2,none,pearson,qd2_qc,tavg_early_mean,47,-0.45157208225110546
all_observed,B2,none,spearman,qd2_qc,tavg_early_mean,47,-0.27890841813135986
all_observed,B2,none,pearson,qd2_qc,tmax_early_mean,47,-0.11020965130922118
all_observed,B2,none,spearman,qd2_qc,tmax_early_mean,47,-0.35904255319148937
all_observed,B2,none,pearson,qd2_qc,qd_early_mean_qc,47,0.8882412654051732
all_observed,B2,none,spearman,qd2_qc,qd_early_mean_qc,47,0.9402173913043478
all_observed,B2,none,pearson,qd2_qc,qd_early_std_qc,47,-0.3026971099833101
all_observed,B2,none,spearman,qd2_qc,qd_early_std_qc,47,-0.16998149861239592
all_observed,B2,none,pearson,qd2_qc,qd_early_slope_qc,47,0.4068247937273181
all_observed,B2,none,spearman,qd2_qc,qd_early_slope_qc,47,0.2828399629972248
all_observed,B2,none,pearson,qd2_qc,qd_delta_100_2_qc,43,0.4191427586830482
all_observed,B2,none,spearman,qd2_qc,qd_delta_100_2_qc,43,0.3002114164904862
all_observed,B2,none,pearson,qd100_qc,qd_early_mean,43,0.9421498168475866
all_observed,B2,none,spearman,qd100_qc,qd_early_mean,43,0.8941407429779523
all_observed,B2,none,pearson,qd100_qc,qd_early_std,43,-0.6595689245133289
all_observed,B2,none,spearman,qd100_qc,qd_early_std,43,-0.3589549984898822
all_observed,B2,none,pearson,qd100_qc,qd_early_median,43,0.9751943387684878
all_observed,B2,none,spearman,qd100_qc,qd_early_median,43,0.938236182422229
all_observed,B2,none,pearson,qd100_qc,qd2,43,0.7910434436991901
all_observed,B2,none,spearman,qd100_qc,qd2,43,0.8349441256418001
all_observed,B2,none,pearson,qd100_qc,qd_delta_100_2,43,0.8869894594489285
all_observed,B2,none,spearman,qd100_qc,qd_delta_100_2,43,0.7142857142857143
all_observed,B2,none,pearson,qd100_qc,qd_early_slope,43,0.0875207733276987
all_observed,B2,none,spearman,qd100_qc,qd_early_slope,43,0.3064028994261553
all_observed,B2,none,pearson,qd100_qc,tavg_early_mean,43,-0.7026004104974393
all_observed,B2,none,spearman,qd100_qc,tavg_early_mean,43,-0.4263062518876472
all_observed,B2,none,pearson,qd100_qc,tmax_early_mean,43,-0.45872650596537395
all_observed,B2,none,spearman,qd100_qc,tmax_early_mean,43,-0.318332829960737
all_observed,B2,none,pearson,qd100_qc,qd_early_mean_qc,43,0.9782363207122012
all_observed,B2,none,spearman,qd100_qc,qd_early_mean_qc,43,0.9506191482935669
all_observed,B2,none,pearson,qd100_qc,qd_early_std_qc,43,-0.6678050636896957
all_observed,B2,none,spearman,qd100_qc,qd_early_std_qc,43,-0.3544246451223196
all_observed,B2,none,pearson,qd100_qc,qd_early_slope_qc,43,0.8706964594572036
all_observed,B2,none,spearman,qd100_qc,qd_early_slope_qc,43,0.6052552099063727
all_observed,B2,none,pearson,qd100_qc,qd2_qc,43,0.7910434436991901
all_observed,B2,none,spearman,qd100_qc,qd2_qc,43,0.8349441256418001
all_observed,B2,none,pearson,qd100_qc,qd_delta_100_2_qc,43,0.8869894594489285
all_observed,B2,none,spearman,qd100_qc,qd_delta_100_2_qc,43,0.7142857142857143
all_observed,B2,none,pearson,qd_delta_100_2_qc,qd_early_mean,43,0.7152595366533789
all_observed,B2,none,spearman,qd_delta_100_2_qc,qd_early_mean,43,0.45258230141951067
all_observed,B2,none,pearson,qd_delta_100_2_qc,qd_early_std,43,-0.7148090805659832
all_observed,B2,none,spearman,qd_delta_100_2_qc,qd_early_std,43,-0.34732709151313806
all_observed,B2,none,pearson,qd_delta_100_2_qc,qd_early_median,43,0.7830818687112528
all_observed,B2,none,spearman,qd_delta_100_2_qc,qd_early_median,43,0.506795530051344
all_observed,B2,none,pearson,qd_delta_100_2_qc,qd_early_slope,43,0.12562558619668537
all_observed,B2,none,spearman,qd_delta_100_2_qc,qd_early_slope,43,0.5670492298399276
all_observed,B2,none,pearson,qd_delta_100_2_qc,tavg_early_mean,43,-0.6724643533378747
all_observed,B2,none,spearman,qd_delta_100_2_qc,tavg_early_mean,43,-0.4288734521292661
all_observed,B2,none,pearson,qd_delta_100_2_qc,tmax_early_mean,43,-0.4074815310351901
all_observed,B2,none,spearman,qd_delta_100_2_qc,tmax_early_mean,43,-0.2237994563575959
all_observed,B2,none,pearson,qd_delta_100_2_qc,qd_early_mean_qc,43,0.7842006264513952
all_observed,B2,none,spearman,qd_delta_100_2_qc,qd_early_mean_qc,43,0.5359408033826638
all_observed,B2,none,pearson,qd_delta_100_2_qc,qd_early_std_qc,43,-0.7163246326470747
all_observed,B2,none,spearman,qd_delta_100_2_qc,qd_early_std_qc,43,-0.3350951374207188
all_observed,B2,none,pearson,qd_delta_100_2_qc,qd_early_slope_qc,43,0.9746798283521539
all_observed,B2,none,spearman,qd_delta_100_2_qc,qd_early_slope_qc,43,0.9047115675022651
all_observed,B3,none,pearson,qd_early_mean,qd_early_std,46,-0.5053624306948994
all_observed,B3,none,spearman,qd_early_mean,qd_early_std,46,-0.5211840888066605
all_observed,B3,none,pearson,qd_early_mean,qd_early_median,46,0.9999633816084811
all_observed,B3,none,spearman,qd_early_mean,qd_early_median,46,0.9998766574159728
all_observed,B3,none,pearson,qd_early_mean,qd_early_slope,46,0.43623008849075684
all_observed,B3,none,spearman,qd_early_mean,qd_early_slope,46,0.33283996299722474
all_observed,B3,none,pearson,qd_early_mean,tavg_early_mean,46,-0.37540067087180795
all_observed,B3,none,spearman,qd_early_mean,tavg_early_mean,46,-0.38846746839346286
all_observed,B3,none,pearson,qd_early_mean,tmax_early_mean,46,-0.3801710426377235
all_observed,B3,none,spearman,qd_early_mean,tmax_early_mean,46,-0.39290780141843973
all_observed,B3,none,pearson,qd_early_mean,qd_early_mean_qc,46,1.0
all_observed,B3,none,spearman,qd_early_mean,qd_early_mean_qc,46,1.0
all_observed,B3,none,pearson,qd_early_mean,qd_early_std_qc,46,-0.5053624306948994
all_observed,B3,none,spearman,qd_early_mean,qd_early_std_qc,46,-0.5211840888066605
all_observed,B3,none,pearson,qd_early_mean,qd_early_slope_qc,46,0.43623008849075684
all_observed,B3,none,spearman,qd_early_mean,qd_early_slope_qc,46,0.33283996299722474
all_observed,B3,none,pearson,qd_early_std,tavg_early_mean,46,0.19429250199348452
all_observed,B3,none,spearman,qd_early_std,tavg_early_mean,46,0.40844896700585875
all_observed,B3,none,pearson,qd_early_std,tmax_early_mean,46,0.20994823398271156
all_observed,B3,none,spearman,qd_early_std,tmax_early_mean,46,0.35405488744989205
all_observed,B3,none,pearson,qd_early_std,qd_early_std_qc,46,0.9999999999999998
all_observed,B3,none,spearman,qd_early_std,qd_early_std_qc,46,1.0
all_observed,B3,none,pearson,qd_early_median,qd_early_std,46,-0.5049035193650933
all_observed,B3,none,spearman,qd_early_median,qd_early_std,46,-0.5197039777983349
all_observed,B3,none,pearson,qd_early_median,qd_early_slope,46,0.4351352318896319
all_observed,B3,none,spearman,qd_early_median,qd_early_slope,46,0.3322232500770891
all_observed,B3,none,pearson,qd_early_median,tavg_early_mean,46,-0.3741410392847755
all_observed,B3,none,spearman,qd_early_median,tavg_early_mean,46,-0.39056429232192413
all_observed,B3,none,pearson,qd_early_median,tmax_early_mean,46,-0.37887707060821557
all_observed,B3,none,spearman,qd_early_median,tmax_early_mean,46,-0.3946345975948196
all_observed,B3,none,pearson,qd_early_median,qd_early_std_qc,46,-0.5049035193650933
all_observed,B3,none,spearman,qd_early_median,qd_early_std_qc,46,-0.5197039777983349
all_observed,B3,none,pearson,qd_early_median,qd_early_slope_qc,46,0.4351352318896319
all_observed,B3,none,spearman,qd_early_median,qd_early_slope_qc,46,0.3322232500770891
all_observed,B3,none,pearson,qd2,qd_early_mean,46,0.9414899616113974
all_observed,B3,none,spearman,qd2,qd_early_mean,46,0.9483194572926302
all_observed,B3,none,pearson,qd2,qd_early_std,46,-0.20877086636924225
all_observed,B3,none,spearman,qd2,qd_early_std,46,-0.42090656799259946
all_observed,B3,none,pearson,qd2,qd_early_median,46,0.9416879315117954
all_observed,B3,none,spearman,qd2,qd_early_median,46,0.9505396238051186
all_observed,B3,none,pearson,qd2,qd_delta_100_2,46,0.09546919018239673
all_observed,B3,none,spearman,qd2,qd_delta_100_2,46,0.057415972864631515
all_observed,B3,none,pearson,qd2,qd_early_slope,46,0.11670626449576965
all_observed,B3,none,spearman,qd2,qd_early_slope,46,0.1494295405488745
all_observed,B3,none,pearson,qd2,tavg_early_mean,46,-0.30610130045134937
all_observed,B3,none,spearman,qd2,tavg_early_mean,46,-0.31791551032994136
all_observed,B3,none,pearson,qd2,tmax_early_mean,46,-0.31016458694702603
all_observed,B3,none,spearman,qd2,tmax_early_mean,46,-0.3217391304347826
all_observed,B3,none,pearson,qd2,qd_early_mean_qc,46,0.9414899616113974
all_observed,B3,none,spearman,qd2,qd_early_mean_qc,46,0.9483194572926302
all_observed,B3,none,pearson,qd2,qd_early_std_qc,46,-0.20877086636924225
all_observed,B3,none,spearman,qd2,qd_early_std_qc,46,-0.42090656799259946
all_observed,B3,none,pearson,qd2,qd_early_slope_qc,46,0.11670626449576965
all_observed,B3,none,spearman,qd2,qd_early_slope_qc,46,0.1494295405488745
all_observed,B3,none,pearson,qd2,qd2_qc,46,1.0
all_observed,B3,none,spearman,qd2,qd2_qc,46,1.0
all_observed,B3,none,pearson,qd2,qd_delta_100_2_qc,46,0.09546919018239673
all_observed,B3,none,spearman,qd2,qd_delta_100_2_qc,46,0.057415972864631515
all_observed,B3,none,pearson,qd100,qd_early_mean,46,0.976560592453533
all_observed,B3,none,spearman,qd100,qd_early_mean,46,0.9946962688868332
all_observed,B3,none,pearson,qd100,qd_early_std,46,-0.6715404273413496
all_observed,B3,none,spearman,qd100,qd_early_std,46,-0.5442491520197348
all_observed,B3,none,pearson,qd100,qd_early_median,46,0.9762561324482728
all_observed,B3,none,spearman,qd100,qd_early_median,46,0.9942028985507246
all_observed,B3,none,pearson,qd100,qd2,46,0.8508640735898838
all_observed,B3,none,spearman,qd100,qd2,46,0.9236509404872032
all_observed,B3,none,pearson,qd100,qd_delta_100_2,46,0.604217428885839
all_observed,B3,none,spearman,qd100,qd_delta_100_2,46,0.33358001850138763
all_observed,B3,none,pearson,qd100,qd_early_slope,46,0.6175618233566004
all_observed,B3,none,spearman,qd100,qd_early_slope,46,0.3815602836879432
all_observed,B3,none,pearson,qd100,tavg_early_mean,46,-0.3729567815873479
all_observed,B3,none,spearman,qd100,tavg_early_mean,46,-0.4012950971322849
all_observed,B3,none,pearson,qd100,tmax_early_mean,46,-0.3829498783625931
all_observed,B3,none,spearman,qd100,tmax_early_mean,46,-0.40684551341350594
all_observed,B3,none,pearson,qd100,qd_early_mean_qc,46,0.976560592453533
all_observed,B3,none,spearman,qd100,qd_early_mean_qc,46,0.9946962688868332
all_observed,B3,none,pearson,qd100,qd_early_std_qc,46,-0.6715404273413496
all_observed,B3,none,spearman,qd100,qd_early_std_qc,46,-0.5442491520197348
all_observed,B3,none,pearson,qd100,qd_early_slope_qc,46,0.6175618233566004
all_observed,B3,none,spearman,qd100,qd_early_slope_qc,46,0.3815602836879432
all_observed,B3,none,pearson,qd100,qd2_qc,46,0.8508640735898838
all_observed,B3,none,spearman,qd100,qd2_qc,46,0.9236509404872032
all_observed,B3,none,pearson,qd100,qd100_qc,46,1.0
all_observed,B3,none,spearman,qd100,qd100_qc,46,1.0
all_observed,B3,none,pearson,qd100,qd_delta_100_2_qc,46,0.604217428885839
all_observed,B3,none,spearman,qd100,qd_delta_100_2_qc,46,0.33358001850138763
all_observed,B3,none,pearson,qd_delta_100_2,qd_early_mean,46,0.42236096511631854
all_observed,B3,none,spearman,qd_delta_100_2,qd_early_mean,46,0.27721245760098673
all_observed,B3,none,pearson,qd_delta_100_2,qd_early_std,46,-0.9557173279987741
all_observed,B3,none,spearman,qd_delta_100_2,qd_early_std,46,-0.2630280604378662
all_observed,B3,none,pearson,qd_delta_100_2,qd_early_median,46,0.42148386575512226
all_observed,B3,none,spearman,qd_delta_100_2,qd_early_median,46,0.27684242984890534
all_observed,B3,none,pearson,qd_delta_100_2,qd_early_slope,46,0.99307428616846
all_observed,B3,none,spearman,qd_delta_100_2,qd_early_slope,46,0.8622263336416898
all_observed,B3,none,pearson,qd_delta_100_2,tavg_early_mean,46,-0.2423852265599134
all_observed,B3,none,spearman,qd_delta_100_2,tavg_early_mean,46,-0.43237742830712306
all_observed,B3,none,pearson,qd_delta_100_2,tmax_early_mean,46,-0.25515630869049044
all_observed,B3,none,spearman,qd_delta_100_2,tmax_early_mean,46,-0.4284304656182547
all_observed,B3,none,pearson,qd_delta_100_2,qd_early_mean_qc,46,0.42236096511631854
all_observed,B3,none,spearman,qd_delta_100_2,qd_early_mean_qc,46,0.27721245760098673
all_observed,B3,none,pearson,qd_delta_100_2,qd_early_std_qc,46,-0.9557173279987741
all_observed,B3,none,spearman,qd_delta_100_2,qd_early_std_qc,46,-0.2630280604378662
all_observed,B3,none,pearson,qd_delta_100_2,qd_early_slope_qc,46,0.99307428616846
all_observed,B3,none,spearman,qd_delta_100_2,qd_early_slope_qc,46,0.8622263336416898
all_observed,B3,none,pearson,qd_delta_100_2,qd_delta_100_2_qc,46,0.9999999999999998
all_observed,B3,none,spearman,qd_delta_100_2,qd_delta_100_2_qc,46,1.0
all_observed,B3,none,pearson,qd_early_slope,qd_early_std,46,-0.9652452760058934
all_observed,B3,none,spearman,qd_early_slope,qd_early_std,46,-0.4053654024051804
all_observed,B3,none,pearson,qd_early_slope,tavg_early_mean,46,-0.2361303601238237
all_observed,B3,none,spearman,qd_early_slope,tavg_early_mean,46,-0.5104532839962997
all_observed,B3,none,pearson,qd_early_slope,tmax_early_mean,46,-0.2553920942630003
all_observed,B3,none,spearman,qd_early_slope,tmax_early_mean,46,-0.5193339500462535
all_observed,B3,none,pearson,qd_early_slope,qd_early_std_qc,46,-0.9652452760058934
all_observed,B3,none,spearman,qd_early_slope,qd_early_std_qc,46,-0.4053654024051804
all_observed,B3,none,pearson,qd_early_slope,qd_early_slope_qc,46,1.0
all_observed,B3,none,spearman,qd_early_slope,qd_early_slope_qc,46,1.0
all_observed,B3,none,pearson,ir_early_mean,qd_early_mean,46,0.2718634243160768
all_observed,B3,none,spearman,ir_early_mean,qd_early_mean,46,0.41387604070305267
all_observed,B3,none,pearson,ir_early_mean,qd_early_std,46,-0.6539791130402924
all_observed,B3,none,spearman,ir_early_mean,qd_early_std,46,-0.4912118408880666
all_observed,B3,none,pearson,ir_early_mean,qd_early_median,46,0.2711971552017169
all_observed,B3,none,spearman,ir_early_mean,qd_early_median,46,0.41375269811902565
all_observed,B3,none,pearson,ir_early_mean,qd2,46,0.057178536661450535
all_observed,B3,none,spearman,ir_early_mean,qd2,46,0.3256860931236509
all_observed,B3,none,pearson,ir_early_mean,qd100,46,0.40126125568842347
all_observed,B3,none,spearman,ir_early_mean,qd100,46,0.43903792784458834
all_observed,B3,none,pearson,ir_early_mean,qd_delta_100_2,46,0.6735382249996592
all_observed,B3,none,spearman,ir_early_mean,qd_delta_100_2,46,0.4247301880974406
all_observed,B3,none,pearson,ir_early_mean,qd_early_slope,46,0.6759844077756005
all_observed,B3,none,spearman,ir_early_mean,qd_early_slope,46,0.5094665433240826
all_observed,B3,none,pearson,ir_early_mean,ir_early_slope,46,-0.5097815768900965
all_observed,B3,none,spearman,ir_early_mean,ir_early_slope,46,-0.19148936170212763
all_observed,B3,none,pearson,ir_early_mean,ir_zero_fraction_early,46,
all_observed,B3,none,spearman,ir_early_mean,ir_zero_fraction_early,46,
all_observed,B3,none,pearson,ir_early_mean,tavg_early_mean,46,-0.2531308100584445
all_observed,B3,none,spearman,ir_early_mean,tavg_early_mean,46,-0.29374036386062286
all_observed,B3,none,pearson,ir_early_mean,ir_missing_fraction_early,46,
all_observed,B3,none,spearman,ir_early_mean,ir_missing_fraction_early,46,
all_observed,B3,none,pearson,ir_early_mean,tmax_early_mean,46,-0.2098393588216841
all_observed,B3,none,spearman,ir_early_mean,tmax_early_mean,46,-0.3177921677459143
all_observed,B3,none,pearson,ir_early_mean,qd_early_mean_qc,46,0.2718634243160768
all_observed,B3,none,spearman,ir_early_mean,qd_early_mean_qc,46,0.41387604070305267
all_observed,B3,none,pearson,ir_early_mean,qd_early_std_qc,46,-0.6539791130402924
all_observed,B3,none,spearman,ir_early_mean,qd_early_std_qc,46,-0.4912118408880666
all_observed,B3,none,pearson,ir_early_mean,qd_early_slope_qc,46,0.6759844077756005
all_observed,B3,none,spearman,ir_early_mean,qd_early_slope_qc,46,0.5094665433240826
all_observed,B3,none,pearson,ir_early_mean,qd2_qc,46,0.057178536661450535
all_observed,B3,none,spearman,ir_early_mean,qd2_qc,46,0.3256860931236509
all_observed,B3,none,pearson,ir_early_mean,qd100_qc,46,0.40126125568842347
all_observed,B3,none,spearman,ir_early_mean,qd100_qc,46,0.43903792784458834
all_observed,B3,none,pearson,ir_early_mean,qd_delta_100_2_qc,46,0.6735382249996592
all_observed,B3,none,spearman,ir_early_mean,qd_delta_100_2_qc,46,0.4247301880974406
all_observed,B3,none,pearson,ir_change_100_2,qd_early_mean,46,-0.22634611818416522
all_observed,B3,none,spearman,ir_change_100_2,qd_early_mean,46,0.21159420289855074
all_observed,B3,none,pearson,ir_change_100_2,qd_early_std,46,0.7428109388816944
all_observed,B3,none,spearman,ir_change_100_2,qd_early_std,46,0.055689176688251615
all_observed,B3,none,pearson,ir_change_100_2,qd_early_median,46,-0.22520581692139885
all_observed,B3,none,spearman,ir_change_100_2,qd_early_median,46,0.21677459142769043
all_observed,B3,none,pearson,ir_change_100_2,qd2,46,0.017917199786933943
all_observed,B3,none,spearman,ir_change_100_2,qd2,46,0.3391304347826087
all_observed,B3,none,pearson,ir_change_100_2,qd100,46,-0.3793894354061097
all_observed,B3,none,spearman,ir_change_100_2,qd100,46,0.15929694727104532
all_observed,B3,none,pearson,ir_change_100_2,qd_delta_100_2,46,-0.7459913098926011
all_observed,B3,none,spearman,ir_change_100_2,qd_delta_100_2,46,-0.31026827012025904
all_observed,B3,none,pearson,ir_change_100_2,qd_early_slope,46,-0.7578444407869934
all_observed,B3,none,spearman,ir_change_100_2,qd_early_slope,46,-0.28510638297872337
all_observed,B3,none,pearson,ir_change_100_2,ir_early_mean,46,-0.5136191400737848
all_observed,B3,none,spearman,ir_change_100_2,ir_early_mean,46,-0.10292938637064446
all_observed,B3,none,pearson,ir_change_100_2,ir_early_slope,46,0.8904683259915916
all_observed,B3,none,spearman,ir_change_100_2,ir_early_slope,46,0.8342275670675301
all_observed,B3,none,pearson,ir_change_100_2,ir_zero_fraction_early,46,
all_observed,B3,none,spearman,ir_change_100_2,ir_zero_fraction_early,46,
all_observed,B3,none,pearson,ir_change_100_2,tavg_early_mean,46,0.1422167004597683
all_observed,B3,none,spearman,ir_change_100_2,tavg_early_mean,46,0.14881282762873882
all_observed,B3,none,pearson,ir_change_100_2,ir_missing_fraction_early,46,
all_observed,B3,none,spearman,ir_change_100_2,ir_missing_fraction_early,46,
all_observed,B3,none,pearson,ir_change_100_2,tmax_early_mean,46,0.14625556752731844
all_observed,B3,none,spearman,ir_change_100_2,tmax_early_mean,46,0.14856614246068456
all_observed,B3,none,pearson,ir_change_100_2,qd_early_mean_qc,46,-0.22634611818416522
all_observed,B3,none,spearman,ir_change_100_2,qd_early_mean_qc,46,0.21159420289855074
all_observed,B3,none,pearson,ir_change_100_2,qd_early_std_qc,46,0.7428109388816944
all_observed,B3,none,spearman,ir_change_100_2,qd_early_std_qc,46,0.055689176688251615
all_observed,B3,none,pearson,ir_change_100_2,qd_early_slope_qc,46,-0.7578444407869934
all_observed,B3,none,spearman,ir_change_100_2,qd_early_slope_qc,46,-0.28510638297872337
all_observed,B3,none,pearson,ir_change_100_2,qd2_qc,46,0.017917199786933943
all_observed,B3,none,spearman,ir_change_100_2,qd2_qc,46,0.3391304347826087
all_observed,B3,none,pearson,ir_change_100_2,qd100_qc,46,-0.3793894354061097
all_observed,B3,none,spearman,ir_change_100_2,qd100_qc,46,0.15929694727104532
all_observed,B3,none,pearson,ir_change_100_2,qd_delta_100_2_qc,46,-0.7459913098926011
all_observed,B3,none,spearman,ir_change_100_2,qd_delta_100_2_qc,46,-0.31026827012025904
all_observed,B3,none,pearson,ir_early_slope,qd_early_mean,46,-0.34443189939070173
all_observed,B3,none,spearman,ir_early_slope,qd_early_mean,46,-0.06370644465001542
all_observed,B3,none,pearson,ir_early_slope,qd_early_std,46,0.630875524407167
all_observed,B3,none,spearman,ir_early_slope,qd_early_std,46,0.1752081406105458
all_observed,B3,none,pearson,ir_early_slope,qd_early_median,46,-0.34381764506587
all_observed,B3,none,spearman,ir_early_slope,qd_early_median,46,-0.05889608387295714
all_observed,B3,none,pearson,ir_early_slope,qd2,46,-0.15987435809024558
all_observed,B3,none,spearman,ir_early_slope,qd2,46,0.036324390995991364
all_observed,B3,none,pearson,ir_early_slope,qd100,46,-0.4549041366619888
all_observed,B3,none,spearman,ir_early_slope,qd100,46,-0.10576626580326859
all_observed,B3,none,pearson,ir_early_slope,qd_delta_100_2,46,-0.6194214856010694
all_observed,B3,none,spearman,ir_early_slope,qd_delta_100_2,46,-0.17274128893000307
all_observed,B3,none,pearson,ir_early_slope,qd_early_slope,46,-0.6389339058543528
all_observed,B3,none,spearman,ir_early_slope,qd_early_slope,46,-0.21393771199506628
all_observed,B3,none,pearson,ir_early_slope,ir_zero_fraction_early,46,
all_observed,B3,none,spearman,ir_early_slope,ir_zero_fraction_early,46,
all_observed,B3,none,pearson,ir_early_slope,tavg_early_mean,46,0.1849569619130211
all_observed,B3,none,spearman,ir_early_slope,tavg_early_mean,46,0.19481961147086033
all_observed,B3,none,pearson,ir_early_slope,ir_missing_fraction_early,46,
all_observed,B3,none,spearman,ir_early_slope,ir_missing_fraction_early,46,
all_observed,B3,none,pearson,ir_early_slope,tmax_early_mean,46,0.17108483101504685
all_observed,B3,none,spearman,ir_early_slope,tmax_early_mean,46,0.18322540857230957
all_observed,B3,none,pearson,ir_early_slope,qd_early_mean_qc,46,-0.34443189939070173
all_observed,B3,none,spearman,ir_early_slope,qd_early_mean_qc,46,-0.06370644465001542
all_observed,B3,none,pearson,ir_early_slope,qd_early_std_qc,46,0.630875524407167
all_observed,B3,none,spearman,ir_early_slope,qd_early_std_qc,46,0.1752081406105458
all_observed,B3,none,pearson,ir_early_slope,qd_early_slope_qc,46,-0.6389339058543528
all_observed,B3,none,spearman,ir_early_slope,qd_early_slope_qc,46,-0.21393771199506628
all_observed,B3,none,pearson,ir_early_slope,qd2_qc,46,-0.15987435809024558
all_observed,B3,none,spearman,ir_early_slope,qd2_qc,46,0.036324390995991364
all_observed,B3,none,pearson,ir_early_slope,qd100_qc,46,-0.4549041366619888
all_observed,B3,none,spearman,ir_early_slope,qd100_qc,46,-0.10576626580326859
all_observed,B3,none,pearson,ir_early_slope,qd_delta_100_2_qc,46,-0.6194214856010694
all_observed,B3,none,spearman,ir_early_slope,qd_delta_100_2_qc,46,-0.17274128893000307
all_observed,B3,none,pearson,ir_zero_fraction_early,qd_early_mean,46,
all_observed,B3,none,spearman,ir_zero_fraction_early,qd_early_mean,46,
all_observed,B3,none,pearson,ir_zero_fraction_early,qd_early_std,46,
all_observed,B3,none,spearman,ir_zero_fraction_early,qd_early_std,46,
all_observed,B3,none,pearson,ir_zero_fraction_early,qd_early_median,46,
all_observed,B3,none,spearman,ir_zero_fraction_early,qd_early_median,46,
all_observed,B3,none,pearson,ir_zero_fraction_early,qd2,46,
all_observed,B3,none,spearman,ir_zero_fraction_early,qd2,46,
all_observed,B3,none,pearson,ir_zero_fraction_early,qd100,46,
all_observed,B3,none,spearman,ir_zero_fraction_early,qd100,46,
all_observed,B3,none,pearson,ir_zero_fraction_early,qd_delta_100_2,46,
all_observed,B3,none,spearman,ir_zero_fraction_early,qd_delta_100_2,46,
all_observed,B3,none,pearson,ir_zero_fraction_early,qd_early_slope,46,
all_observed,B3,none,spearman,ir_zero_fraction_early,qd_early_slope,46,
all_observed,B3,none,pearson,ir_zero_fraction_early,tavg_early_mean,46,
all_observed,B3,none,spearman,ir_zero_fraction_early,tavg_early_mean,46,
all_observed,B3,none,pearson,ir_zero_fraction_early,tmax_early_mean,46,
all_observed,B3,none,spearman,ir_zero_fraction_early,tmax_early_mean,46,
all_observed,B3,none,pearson,ir_zero_fraction_early,qd_early_mean_qc,46,
all_observed,B3,none,spearman,ir_zero_fraction_early,qd_early_mean_qc,46,
all_observed,B3,none,pearson,ir_zero_fraction_early,qd_early_std_qc,46,
all_observed,B3,none,spearman,ir_zero_fraction_early,qd_early_std_qc,46,
all_observed,B3,none,pearson,ir_zero_fraction_early,qd_early_slope_qc,46,
all_observed,B3,none,spearman,ir_zero_fraction_early,qd_early_slope_qc,46,
all_observed,B3,none,pearson,ir_zero_fraction_early,qd2_qc,46,
all_observed,B3,none,spearman,ir_zero_fraction_early,qd2_qc,46,
all_observed,B3,none,pearson,ir_zero_fraction_early,qd100_qc,46,
all_observed,B3,none,spearman,ir_zero_fraction_early,qd100_qc,46,
all_observed,B3,none,pearson,ir_zero_fraction_early,qd_delta_100_2_qc,46,
all_observed,B3,none,spearman,ir_zero_fraction_early,qd_delta_100_2_qc,46,
all_observed,B3,none,pearson,tavg_early_mean,tmax_early_mean,46,0.9707535872369558
all_observed,B3,none,spearman,tavg_early_mean,tmax_early_mean,46,0.9748381128584644
all_observed,B3,none,pearson,ir_missing_fraction_early,qd_early_mean,46,
all_observed,B3,none,spearman,ir_missing_fraction_early,qd_early_mean,46,
all_observed,B3,none,pearson,ir_missing_fraction_early,qd_early_std,46,
all_observed,B3,none,spearman,ir_missing_fraction_early,qd_early_std,46,
all_observed,B3,none,pearson,ir_missing_fraction_early,qd_early_median,46,
all_observed,B3,none,spearman,ir_missing_fraction_early,qd_early_median,46,
all_observed,B3,none,pearson,ir_missing_fraction_early,qd2,46,
all_observed,B3,none,spearman,ir_missing_fraction_early,qd2,46,
all_observed,B3,none,pearson,ir_missing_fraction_early,qd100,46,
all_observed,B3,none,spearman,ir_missing_fraction_early,qd100,46,
all_observed,B3,none,pearson,ir_missing_fraction_early,qd_delta_100_2,46,
all_observed,B3,none,spearman,ir_missing_fraction_early,qd_delta_100_2,46,
all_observed,B3,none,pearson,ir_missing_fraction_early,qd_early_slope,46,
all_observed,B3,none,spearman,ir_missing_fraction_early,qd_early_slope,46,
all_observed,B3,none,pearson,ir_missing_fraction_early,ir_zero_fraction_early,46,
all_observed,B3,none,spearman,ir_missing_fraction_early,ir_zero_fraction_early,46,
all_observed,B3,none,pearson,ir_missing_fraction_early,tavg_early_mean,46,
all_observed,B3,none,spearman,ir_missing_fraction_early,tavg_early_mean,46,
all_observed,B3,none,pearson,ir_missing_fraction_early,tmax_early_mean,46,
all_observed,B3,none,spearman,ir_missing_fraction_early,tmax_early_mean,46,
all_observed,B3,none,pearson,ir_missing_fraction_early,qd_early_mean_qc,46,
all_observed,B3,none,spearman,ir_missing_fraction_early,qd_early_mean_qc,46,
all_observed,B3,none,pearson,ir_missing_fraction_early,qd_early_std_qc,46,
all_observed,B3,none,spearman,ir_missing_fraction_early,qd_early_std_qc,46,
all_observed,B3,none,pearson,ir_missing_fraction_early,qd_early_slope_qc,46,
all_observed,B3,none,spearman,ir_missing_fraction_early,qd_early_slope_qc,46,
all_observed,B3,none,pearson,ir_missing_fraction_early,qd2_qc,46,
all_observed,B3,none,spearman,ir_missing_fraction_early,qd2_qc,46,
all_observed,B3,none,pearson,ir_missing_fraction_early,qd100_qc,46,
all_observed,B3,none,spearman,ir_missing_fraction_early,qd100_qc,46,
all_observed,B3,none,pearson,ir_missing_fraction_early,qd_delta_100_2_qc,46,
all_observed,B3,none,spearman,ir_missing_fraction_early,qd_delta_100_2_qc,46,
all_observed,B3,none,pearson,chargetime_early_mean,qd_early_mean,46,0.026153325381550595
all_observed,B3,none,spearman,chargetime_early_mean,qd_early_mean,46,-0.12143077397471477
all_observed,B3,none,pearson,chargetime_early_mean,qd_early_std,46,-0.07960309171461831
all_observed,B3,none,spearman,chargetime_early_mean,qd_early_std,46,-0.12044403330249767
all_observed,B3,none,pearson,chargetime_early_mean,qd_early_median,46,0.02264987852403818
all_observed,B3,none,spearman,chargetime_early_mean,qd_early_median,46,-0.12069071847055195
all_observed,B3,none,pearson,chargetime_early_mean,qd2,46,0.004933424317862312
all_observed,B3,none,spearman,chargetime_early_mean,qd2,46,-0.03805118717237126
all_observed,B3,none,pearson,chargetime_early_mean,qd100,46,0.041639182842211755
all_observed,B3,none,spearman,chargetime_early_mean,qd100,46,-0.13364168979340116
all_observed,B3,none,pearson,chargetime_early_mean,qd_delta_100_2,46,0.07141025961386419
all_observed,B3,none,spearman,chargetime_early_mean,qd_delta_100_2,46,-0.26105457909343205
all_observed,B3,none,pearson,chargetime_early_mean,qd_early_slope,46,0.12748763890060827
all_observed,B3,none,spearman,chargetime_early_mean,qd_early_slope,46,-0.08960838729571385
all_observed,B3,none,pearson,chargetime_early_mean,ir_early_mean,46,0.02398696151106995
all_observed,B3,none,spearman,chargetime_early_mean,ir_early_mean,46,-0.10058587727412889
all_observed,B3,none,pearson,chargetime_early_mean,ir_change_100_2,46,-0.2080743093162709
all_observed,B3,none,spearman,chargetime_early_mean,ir_change_100_2,46,-0.0026518655565834106
all_observed,B3,none,pearson,chargetime_early_mean,ir_early_slope,46,-0.20991866691008992
all_observed,B3,none,spearman,chargetime_early_mean,ir_early_slope,46,-0.019673142152328092
all_observed,B3,none,pearson,chargetime_early_mean,ir_zero_fraction_early,46,
all_observed,B3,none,spearman,chargetime_early_mean,ir_zero_fraction_early,46,
all_observed,B3,none,pearson,chargetime_early_mean,tavg_early_mean,46,-0.10170655216733966
all_observed,B3,none,spearman,chargetime_early_mean,tavg_early_mean,46,-0.04446500154178229
all_observed,B3,none,pearson,chargetime_early_mean,ir_missing_fraction_early,46,
all_observed,B3,none,spearman,chargetime_early_mean,ir_missing_fraction_early,46,
all_observed,B3,none,pearson,chargetime_early_mean,tmax_early_mean,46,-0.1143865211903661
all_observed,B3,none,spearman,chargetime_early_mean,tmax_early_mean,46,-0.015109466543324082
all_observed,B3,none,pearson,chargetime_early_mean,chargetime_early_median,46,0.9999964907313204
all_observed,B3,none,spearman,chargetime_early_mean,chargetime_early_median,46,0.9766566966313602
all_observed,B3,none,pearson,chargetime_early_mean,chargetime_early_mean_qc,46,0.9999999999999997
all_observed,B3,none,spearman,chargetime_early_mean,chargetime_early_mean_qc,46,1.0
all_observed,B3,none,pearson,chargetime_early_mean,qd_early_mean_qc,46,0.026153325381550595
all_observed,B3,none,spearman,chargetime_early_mean,qd_early_mean_qc,46,-0.12143077397471477
all_observed,B3,none,pearson,chargetime_early_mean,qd_early_std_qc,46,-0.07960309171461831
all_observed,B3,none,spearman,chargetime_early_mean,qd_early_std_qc,46,-0.12044403330249767
all_observed,B3,none,pearson,chargetime_early_mean,qd_early_slope_qc,46,0.12748763890060827
all_observed,B3,none,spearman,chargetime_early_mean,qd_early_slope_qc,46,-0.08960838729571385
all_observed,B3,none,pearson,chargetime_early_mean,qd2_qc,46,0.004933424317862312
all_observed,B3,none,spearman,chargetime_early_mean,qd2_qc,46,-0.03805118717237126
all_observed,B3,none,pearson,chargetime_early_mean,qd100_qc,46,0.041639182842211755
all_observed,B3,none,spearman,chargetime_early_mean,qd100_qc,46,-0.13364168979340116
all_observed,B3,none,pearson,chargetime_early_mean,qd_delta_100_2_qc,46,0.07141025961386419
all_observed,B3,none,spearman,chargetime_early_mean,qd_delta_100_2_qc,46,-0.26105457909343205
all_observed,B3,none,pearson,chargetime_early_median,qd_early_mean,46,0.027144172998180446
all_observed,B3,none,spearman,chargetime_early_median,qd_early_mean,46,-0.14998920726240642
all_observed,B3,none,pearson,chargetime_early_median,qd_early_std,46,-0.08193183532114286
all_observed,B3,none,spearman,chargetime_early_median,qd_early_std,46,-0.07450121808099794
all_observed,B3,none,pearson,chargetime_early_median,qd_early_median,46,0.02363655220244373
all_observed,B3,none,spearman,chargetime_early_median,qd_early_median,46,-0.1493724753246498
all_observed,B3,none,pearson,chargetime_early_median,qd2,46,0.005197122944676828
all_observed,B3,none,spearman,chargetime_early_median,qd2,46,-0.054580776491459586
all_observed,B3,none,pearson,chargetime_early_median,qd100,46,0.04308992427727569
all_observed,B3,none,spearman,chargetime_early_median,qd100,46,-0.16516081293121893
all_observed,B3,none,pearson,chargetime_early_median,qd_delta_100_2,46,0.07375899953433186
all_observed,B3,none,spearman,chargetime_early_median,qd_delta_100_2,46,-0.2834499985929359
all_observed,B3,none,pearson,chargetime_early_median,qd_early_slope,46,0.12984684547686107
all_observed,B3,none,spearman,chargetime_early_median,qd_early_slope,46,-0.09571679673982515
all_observed,B3,none,pearson,chargetime_early_median,ir_early_mean,46,0.02557503603665426
all_observed,B3,none,spearman,chargetime_early_median,ir_early_mean,46,-0.07055413367935566
all_observed,B3,none,pearson,chargetime_early_median,ir_change_100_2,46,-0.210040636912955
all_observed,B3,none,spearman,chargetime_early_median,ir_change_100_2,46,0.015048259281261174
all_observed,B3,none,pearson,chargetime_early_median,ir_early_slope,46,-0.21153156900936046
all_observed,B3,none,spearman,chargetime_early_median,ir_early_slope,46,0.027012858873739318
all_observed,B3,none,pearson,chargetime_early_median,ir_zero_fraction_early,46,
all_observed,B3,none,spearman,chargetime_early_median,ir_zero_fraction_early,46,
all_observed,B3,none,pearson,chargetime_early_median,tavg_early_mean,46,-0.10194145132487076
all_observed,B3,none,spearman,chargetime_early_median,tavg_early_mean,46,0.007400783253079266
all_observed,B3,none,pearson,chargetime_early_median,ir_missing_fraction_early,46,
all_observed,B3,none,spearman,chargetime_early_median,ir_missing_fraction_early,46,
all_observed,B3,none,pearson,chargetime_early_median,tmax_early_mean,46,-0.11469021532829057
all_observed,B3,none,spearman,chargetime_early_median,tmax_early_mean,46,0.01930370965178175
all_observed,B3,none,pearson,chargetime_early_median,qd_early_mean_qc,46,0.027144172998180446
all_observed,B3,none,spearman,chargetime_early_median,qd_early_mean_qc,46,-0.14998920726240642
all_observed,B3,none,pearson,chargetime_early_median,qd_early_std_qc,46,-0.08193183532114286
all_observed,B3,none,spearman,chargetime_early_median,qd_early_std_qc,46,-0.07450121808099794
all_observed,B3,none,pearson,chargetime_early_median,qd_early_slope_qc,46,0.12984684547686107
all_observed,B3,none,spearman,chargetime_early_median,qd_early_slope_qc,46,-0.09571679673982515
all_observed,B3,none,pearson,chargetime_early_median,qd2_qc,46,0.005197122944676828
all_observed,B3,none,spearman,chargetime_early_median,qd2_qc,46,-0.054580776491459586
all_observed,B3,none,pearson,chargetime_early_median,qd100_qc,46,0.04308992427727569
all_observed,B3,none,spearman,chargetime_early_median,qd100_qc,46,-0.16516081293121893
all_observed,B3,none,pearson,chargetime_early_median,qd_delta_100_2_qc,46,0.07375899953433186
all_observed,B3,none,spearman,chargetime_early_median,qd_delta_100_2_qc,46,-0.2834499985929359
all_observed,B3,none,pearson,chargetime_early_mean_qc,qd_early_mean,46,0.026153325381550595
all_observed,B3,none,spearman,chargetime_early_mean_qc,qd_early_mean,46,-0.12143077397471477
all_observed,B3,none,pearson,chargetime_early_mean_qc,qd_early_std,46,-0.07960309171461831
all_observed,B3,none,spearman,chargetime_early_mean_qc,qd_early_std,46,-0.12044403330249767
all_observed,B3,none,pearson,chargetime_early_mean_qc,qd_early_median,46,0.02264987852403818
all_observed,B3,none,spearman,chargetime_early_mean_qc,qd_early_median,46,-0.12069071847055195
all_observed,B3,none,pearson,chargetime_early_mean_qc,qd2,46,0.004933424317862312
all_observed,B3,none,spearman,chargetime_early_mean_qc,qd2,46,-0.03805118717237126
all_observed,B3,none,pearson,chargetime_early_mean_qc,qd100,46,0.041639182842211755
all_observed,B3,none,spearman,chargetime_early_mean_qc,qd100,46,-0.13364168979340116
all_observed,B3,none,pearson,chargetime_early_mean_qc,qd_delta_100_2,46,0.07141025961386419
all_observed,B3,none,spearman,chargetime_early_mean_qc,qd_delta_100_2,46,-0.26105457909343205
all_observed,B3,none,pearson,chargetime_early_mean_qc,qd_early_slope,46,0.12748763890060827
all_observed,B3,none,spearman,chargetime_early_mean_qc,qd_early_slope,46,-0.08960838729571385
all_observed,B3,none,pearson,chargetime_early_mean_qc,ir_early_mean,46,0.02398696151106995
all_observed,B3,none,spearman,chargetime_early_mean_qc,ir_early_mean,46,-0.10058587727412889
all_observed,B3,none,pearson,chargetime_early_mean_qc,ir_change_100_2,46,-0.2080743093162709
all_observed,B3,none,spearman,chargetime_early_mean_qc,ir_change_100_2,46,-0.0026518655565834106
all_observed,B3,none,pearson,chargetime_early_mean_qc,ir_early_slope,46,-0.20991866691008992
all_observed,B3,none,spearman,chargetime_early_mean_qc,ir_early_slope,46,-0.019673142152328092
all_observed,B3,none,pearson,chargetime_early_mean_qc,ir_zero_fraction_early,46,
all_observed,B3,none,spearman,chargetime_early_mean_qc,ir_zero_fraction_early,46,
all_observed,B3,none,pearson,chargetime_early_mean_qc,tavg_early_mean,46,-0.10170655216733966
all_observed,B3,none,spearman,chargetime_early_mean_qc,tavg_early_mean,46,-0.04446500154178229
all_observed,B3,none,pearson,chargetime_early_mean_qc,ir_missing_fraction_early,46,
all_observed,B3,none,spearman,chargetime_early_mean_qc,ir_missing_fraction_early,46,
all_observed,B3,none,pearson,chargetime_early_mean_qc,tmax_early_mean,46,-0.1143865211903661
all_observed,B3,none,spearman,chargetime_early_mean_qc,tmax_early_mean,46,-0.015109466543324082
all_observed,B3,none,pearson,chargetime_early_mean_qc,chargetime_early_median,46,0.9999964907313204
all_observed,B3,none,spearman,chargetime_early_mean_qc,chargetime_early_median,46,0.9766566966313602
all_observed,B3,none,pearson,chargetime_early_mean_qc,qd_early_mean_qc,46,0.026153325381550595
all_observed,B3,none,spearman,chargetime_early_mean_qc,qd_early_mean_qc,46,-0.12143077397471477
all_observed,B3,none,pearson,chargetime_early_mean_qc,qd_early_std_qc,46,-0.07960309171461831
all_observed,B3,none,spearman,chargetime_early_mean_qc,qd_early_std_qc,46,-0.12044403330249767
all_observed,B3,none,pearson,chargetime_early_mean_qc,qd_early_slope_qc,46,0.12748763890060827
all_observed,B3,none,spearman,chargetime_early_mean_qc,qd_early_slope_qc,46,-0.08960838729571385
all_observed,B3,none,pearson,chargetime_early_mean_qc,qd2_qc,46,0.004933424317862312
all_observed,B3,none,spearman,chargetime_early_mean_qc,qd2_qc,46,-0.03805118717237126
all_observed,B3,none,pearson,chargetime_early_mean_qc,qd100_qc,46,0.041639182842211755
all_observed,B3,none,spearman,chargetime_early_mean_qc,qd100_qc,46,-0.13364168979340116
all_observed,B3,none,pearson,chargetime_early_mean_qc,qd_delta_100_2_qc,46,0.07141025961386419
all_observed,B3,none,spearman,chargetime_early_mean_qc,qd_delta_100_2_qc,46,-0.26105457909343205
all_observed,B3,none,pearson,qd_early_mean_qc,qd_early_std,46,-0.5053624306948994
all_observed,B3,none,spearman,qd_early_mean_qc,qd_early_std,46,-0.5211840888066605
all_observed,B3,none,pearson,qd_early_mean_qc,qd_early_median,46,0.9999633816084811
all_observed,B3,none,spearman,qd_early_mean_qc,qd_early_median,46,0.9998766574159728
all_observed,B3,none,pearson,qd_early_mean_qc,qd_early_slope,46,0.43623008849075684
all_observed,B3,none,spearman,qd_early_mean_qc,qd_early_slope,46,0.33283996299722474
all_observed,B3,none,pearson,qd_early_mean_qc,tavg_early_mean,46,-0.37540067087180795
all_observed,B3,none,spearman,qd_early_mean_qc,tavg_early_mean,46,-0.38846746839346286
all_observed,B3,none,pearson,qd_early_mean_qc,tmax_early_mean,46,-0.3801710426377235
all_observed,B3,none,spearman,qd_early_mean_qc,tmax_early_mean,46,-0.39290780141843973
all_observed,B3,none,pearson,qd_early_mean_qc,qd_early_std_qc,46,-0.5053624306948994
all_observed,B3,none,spearman,qd_early_mean_qc,qd_early_std_qc,46,-0.5211840888066605
all_observed,B3,none,pearson,qd_early_mean_qc,qd_early_slope_qc,46,0.43623008849075684
all_observed,B3,none,spearman,qd_early_mean_qc,qd_early_slope_qc,46,0.33283996299722474
all_observed,B3,none,pearson,qd_early_std_qc,tavg_early_mean,46,0.19429250199348452
all_observed,B3,none,spearman,qd_early_std_qc,tavg_early_mean,46,0.40844896700585875
all_observed,B3,none,pearson,qd_early_std_qc,tmax_early_mean,46,0.20994823398271156
all_observed,B3,none,spearman,qd_early_std_qc,tmax_early_mean,46,0.35405488744989205
all_observed,B3,none,pearson,qd_early_slope_qc,qd_early_std,46,-0.9652452760058934
all_observed,B3,none,spearman,qd_early_slope_qc,qd_early_std,46,-0.4053654024051804
all_observed,B3,none,pearson,qd_early_slope_qc,tavg_early_mean,46,-0.2361303601238237
all_observed,B3,none,spearman,qd_early_slope_qc,tavg_early_mean,46,-0.5104532839962997
all_observed,B3,none,pearson,qd_early_slope_qc,tmax_early_mean,46,-0.2553920942630003
all_observed,B3,none,spearman,qd_early_slope_qc,tmax_early_mean,46,-0.5193339500462535
all_observed,B3,none,pearson,qd_early_slope_qc,qd_early_std_qc,46,-0.9652452760058934
all_observed,B3,none,spearman,qd_early_slope_qc,qd_early_std_qc,46,-0.4053654024051804
all_observed,B3,none,pearson,qd2_qc,qd_early_mean,46,0.9414899616113974
all_observed,B3,none,spearman,qd2_qc,qd_early_mean,46,0.9483194572926302
all_observed,B3,none,pearson,qd2_qc,qd_early_std,46,-0.20877086636924225
all_observed,B3,none,spearman,qd2_qc,qd_early_std,46,-0.42090656799259946
all_observed,B3,none,pearson,qd2_qc,qd_early_median,46,0.9416879315117954
all_observed,B3,none,spearman,qd2_qc,qd_early_median,46,0.9505396238051186
all_observed,B3,none,pearson,qd2_qc,qd_delta_100_2,46,0.09546919018239673
all_observed,B3,none,spearman,qd2_qc,qd_delta_100_2,46,0.057415972864631515
all_observed,B3,none,pearson,qd2_qc,qd_early_slope,46,0.11670626449576965
all_observed,B3,none,spearman,qd2_qc,qd_early_slope,46,0.1494295405488745
all_observed,B3,none,pearson,qd2_qc,tavg_early_mean,46,-0.30610130045134937
all_observed,B3,none,spearman,qd2_qc,tavg_early_mean,46,-0.31791551032994136
all_observed,B3,none,pearson,qd2_qc,tmax_early_mean,46,-0.31016458694702603
all_observed,B3,none,spearman,qd2_qc,tmax_early_mean,46,-0.3217391304347826
all_observed,B3,none,pearson,qd2_qc,qd_early_mean_qc,46,0.9414899616113974
all_observed,B3,none,spearman,qd2_qc,qd_early_mean_qc,46,0.9483194572926302
all_observed,B3,none,pearson,qd2_qc,qd_early_std_qc,46,-0.20877086636924225
all_observed,B3,none,spearman,qd2_qc,qd_early_std_qc,46,-0.42090656799259946
all_observed,B3,none,pearson,qd2_qc,qd_early_slope_qc,46,0.11670626449576965
all_observed,B3,none,spearman,qd2_qc,qd_early_slope_qc,46,0.1494295405488745
all_observed,B3,none,pearson,qd2_qc,qd_delta_100_2_qc,46,0.09546919018239673
all_observed,B3,none,spearman,qd2_qc,qd_delta_100_2_qc,46,0.057415972864631515
all_observed,B3,none,pearson,qd100_qc,qd_early_mean,46,0.976560592453533
all_observed,B3,none,spearman,qd100_qc,qd_early_mean,46,0.9946962688868332
all_observed,B3,none,pearson,qd100_qc,qd_early_std,46,-0.6715404273413496
all_observed,B3,none,spearman,qd100_qc,qd_early_std,46,-0.5442491520197348
all_observed,B3,none,pearson,qd100_qc,qd_early_median,46,0.9762561324482728
all_observed,B3,none,spearman,qd100_qc,qd_early_median,46,0.9942028985507246
all_observed,B3,none,pearson,qd100_qc,qd2,46,0.8508640735898838
all_observed,B3,none,spearman,qd100_qc,qd2,46,0.9236509404872032
all_observed,B3,none,pearson,qd100_qc,qd_delta_100_2,46,0.604217428885839
all_observed,B3,none,spearman,qd100_qc,qd_delta_100_2,46,0.33358001850138763
all_observed,B3,none,pearson,qd100_qc,qd_early_slope,46,0.6175618233566004
all_observed,B3,none,spearman,qd100_qc,qd_early_slope,46,0.3815602836879432
all_observed,B3,none,pearson,qd100_qc,tavg_early_mean,46,-0.3729567815873479
all_observed,B3,none,spearman,qd100_qc,tavg_early_mean,46,-0.4012950971322849
all_observed,B3,none,pearson,qd100_qc,tmax_early_mean,46,-0.3829498783625931
all_observed,B3,none,spearman,qd100_qc,tmax_early_mean,46,-0.40684551341350594
all_observed,B3,none,pearson,qd100_qc,qd_early_mean_qc,46,0.976560592453533
all_observed,B3,none,spearman,qd100_qc,qd_early_mean_qc,46,0.9946962688868332
all_observed,B3,none,pearson,qd100_qc,qd_early_std_qc,46,-0.6715404273413496
all_observed,B3,none,spearman,qd100_qc,qd_early_std_qc,46,-0.5442491520197348
all_observed,B3,none,pearson,qd100_qc,qd_early_slope_qc,46,0.6175618233566004
all_observed,B3,none,spearman,qd100_qc,qd_early_slope_qc,46,0.3815602836879432
all_observed,B3,none,pearson,qd100_qc,qd2_qc,46,0.8508640735898838
all_observed,B3,none,spearman,qd100_qc,qd2_qc,46,0.9236509404872032
all_observed,B3,none,pearson,qd100_qc,qd_delta_100_2_qc,46,0.604217428885839
all_observed,B3,none,spearman,qd100_qc,qd_delta_100_2_qc,46,0.33358001850138763
all_observed,B3,none,pearson,qd_delta_100_2_qc,qd_early_mean,46,0.42236096511631854
all_observed,B3,none,spearman,qd_delta_100_2_qc,qd_early_mean,46,0.27721245760098673
all_observed,B3,none,pearson,qd_delta_100_2_qc,qd_early_std,46,-0.9557173279987741
all_observed,B3,none,spearman,qd_delta_100_2_qc,qd_early_std,46,-0.2630280604378662
all_observed,B3,none,pearson,qd_delta_100_2_qc,qd_early_median,46,0.42148386575512226
all_observed,B3,none,spearman,qd_delta_100_2_qc,qd_early_median,46,0.27684242984890534
all_observed,B3,none,pearson,qd_delta_100_2_qc,qd_early_slope,46,0.99307428616846
all_observed,B3,none,spearman,qd_delta_100_2_qc,qd_early_slope,46,0.8622263336416898
all_observed,B3,none,pearson,qd_delta_100_2_qc,tavg_early_mean,46,-0.2423852265599134
all_observed,B3,none,spearman,qd_delta_100_2_qc,tavg_early_mean,46,-0.43237742830712306
all_observed,B3,none,pearson,qd_delta_100_2_qc,tmax_early_mean,46,-0.25515630869049044
all_observed,B3,none,spearman,qd_delta_100_2_qc,tmax_early_mean,46,-0.4284304656182547
all_observed,B3,none,pearson,qd_delta_100_2_qc,qd_early_mean_qc,46,0.42236096511631854
all_observed,B3,none,spearman,qd_delta_100_2_qc,qd_early_mean_qc,46,0.27721245760098673
all_observed,B3,none,pearson,qd_delta_100_2_qc,qd_early_std_qc,46,-0.9557173279987741
all_observed,B3,none,spearman,qd_delta_100_2_qc,qd_early_std_qc,46,-0.2630280604378662
all_observed,B3,none,pearson,qd_delta_100_2_qc,qd_early_slope_qc,46,0.99307428616846
all_observed,B3,none,spearman,qd_delta_100_2_qc,qd_early_slope_qc,46,0.8622263336416898
all_labeled,ALL,none,pearson,qd_early_mean,qd_early_std,129,0.08132347759418676
all_labeled,ALL,none,spearman,qd_early_mean,qd_early_std,129,0.4886012969588551
all_labeled,ALL,within_batch_mean_centered,pearson,qd_early_mean,qd_early_std,129,0.00484640356808675
all_labeled,ALL,none,pearson,qd_early_mean,qd_early_median,129,0.9932047198769544
all_labeled,ALL,none,spearman,qd_early_mean,qd_early_median,129,0.9893559928443652
all_labeled,ALL,within_batch_mean_centered,pearson,qd_early_mean,qd_early_median,129,0.9800319113082355
all_labeled,ALL,none,pearson,qd_early_mean,qd_early_slope,129,0.2865691861747588
all_labeled,ALL,none,spearman,qd_early_mean,qd_early_slope,129,0.2803108228980323
all_labeled,ALL,within_batch_mean_centered,pearson,qd_early_mean,qd_early_slope,129,0.2696558263999742
all_labeled,ALL,none,pearson,qd_early_mean,tavg_early_mean,129,-0.5081097111037928
all_labeled,ALL,none,spearman,qd_early_mean,tavg_early_mean,129,-0.4545337656529517
all_labeled,ALL,within_batch_mean_centered,pearson,qd_early_mean,tavg_early_mean,129,-0.32045874285280085
all_labeled,ALL,none,pearson,qd_early_mean,tmax_early_mean,129,-0.2946857822021919
all_labeled,ALL,none,spearman,qd_early_mean,tmax_early_mean,129,-0.26299754025044725
all_labeled,ALL,within_batch_mean_centered,pearson,qd_early_mean,tmax_early_mean,129,-0.2801367582811683
all_labeled,ALL,none,pearson,qd_early_mean,qd_early_mean_qc,129,0.9939632877353413
all_labeled,ALL,none,spearman,qd_early_mean,qd_early_mean_qc,129,0.9904349284436496
all_labeled,ALL,within_batch_mean_centered,pearson,qd_early_mean,qd_early_mean_qc,129,0.9823369441380667
all_labeled,ALL,none,pearson,qd_early_mean,qd_early_std_qc,129,0.15908675051922413
all_labeled,ALL,none,spearman,qd_early_mean,qd_early_std_qc,129,0.48946779964221826
all_labeled,ALL,within_batch_mean_centered,pearson,qd_early_mean,qd_early_std_qc,129,-0.13204728187958603
all_labeled,ALL,none,pearson,qd_early_mean,qd_early_slope_qc,129,0.33018374599735667
all_labeled,ALL,none,spearman,qd_early_mean,qd_early_slope_qc,129,0.28240720035778183
all_labeled,ALL,within_batch_mean_centered,pearson,qd_early_mean,qd_early_slope_qc,129,0.3150790122269055
all_labeled,ALL,none,pearson,qd_early_std,tavg_early_mean,129,-0.12348952168587461
all_labeled,ALL,none,spearman,qd_early_std,tavg_early_mean,129,-0.1853365384615385
all_labeled,ALL,within_batch_mean_centered,pearson,qd_early_std,tavg_early_mean,129,-0.06725070150073807
all_labeled,ALL,none,pearson,qd_early_std,tmax_early_mean,129,-0.040498905205781435
all_labeled,ALL,none,spearman,qd_early_std,tmax_early_mean,129,-0.005690966010733454
all_labeled,ALL,within_batch_mean_centered,pearson,qd_early_std,tmax_early_mean,129,-0.011963503117323221
all_labeled,ALL,none,pearson,qd_early_std,qd_early_std_qc,129,0.27876579714255495
all_labeled,ALL,none,spearman,qd_early_std,qd_early_std_qc,129,0.9944655635062615
all_labeled,ALL,within_batch_mean_centered,pearson,qd_early_std,qd_early_std_qc,129,0.2748341504818532
all_labeled,ALL,none,pearson,qd_early_median,qd_early_std,129,-0.026008530364645163
all_labeled,ALL,none,spearman,qd_early_median,qd_early_std,129,0.4721489266547407
all_labeled,ALL,within_batch_mean_centered,pearson,qd_early_median,qd_early_std,129,-0.1806717482043404
all_labeled,ALL,none,pearson,qd_early_median,qd_early_slope,129,0.3331590844562008
all_labeled,ALL,none,spearman,qd_early_median,qd_early_slope,129,0.2986918604651163
all_labeled,ALL,within_batch_mean_centered,pearson,qd_early_median,qd_early_slope,129,0.349833819992952
all_labeled,ALL,none,pearson,qd_early_median,tavg_early_mean,129,-0.4919397068525496
all_labeled,ALL,none,spearman,qd_early_median,tavg_early_mean,129,-0.43917710196779974
all_labeled,ALL,within_batch_mean_centered,pearson,qd_early_median,tavg_early_mean,129,-0.298234659481605
all_labeled,ALL,none,pearson,qd_early_median,tmax_early_mean,129,-0.28890127360935325
all_labeled,ALL,none,spearman,qd_early_median,tmax_early_mean,129,-0.25633385509839
all_labeled,ALL,within_batch_mean_centered,pearson,qd_early_median,tmax_early_mean,129,-0.2750682189759811
all_labeled,ALL,none,pearson,qd_early_median,qd_early_std_qc,129,0.1482074128348469
all_labeled,ALL,none,spearman,qd_early_median,qd_early_std_qc,129,0.48741055456171745
all_labeled,ALL,within_batch_mean_centered,pearson,qd_early_median,qd_early_std_qc,129,-0.1559813930069795
all_labeled,ALL,none,pearson,qd_early_median,qd_early_slope_qc,129,0.3379143063002389
all_labeled,ALL,none,spearman,qd_early_median,qd_early_slope_qc,129,0.2954941860465117
all_labeled,ALL,within_batch_mean_centered,pearson,qd_early_median,qd_early_slope_qc,129,0.327893123714535
all_labeled,ALL,none,pearson,qd2,qd_early_mean,129,0.9746875046617809
all_labeled,ALL,none,spearman,qd2,qd_early_mean,129,0.9746701699463329
all_labeled,ALL,within_batch_mean_centered,pearson,qd2,qd_early_mean,129,0.9332548855620754
all_labeled,ALL,none,pearson,qd2,qd_early_std,129,-0.016999799552988318
all_labeled,ALL,none,spearman,qd2,qd_early_std,129,0.5045896690518784
all_labeled,ALL,within_batch_mean_centered,pearson,qd2,qd_early_std,129,-0.15863790936768424
all_labeled,ALL,none,pearson,qd2,qd_early_median,129,0.9816768801376226
all_labeled,ALL,none,spearman,qd2,qd_early_median,129,0.9865720035778177
all_labeled,ALL,within_batch_mean_centered,pearson,qd2,qd_early_median,129,0.9504997057856142
all_labeled,ALL,none,pearson,qd2,qd_delta_100_2,129,0.14455878113764348
all_labeled,ALL,none,spearman,qd2,qd_delta_100_2,129,0.17691189624329162
all_labeled,ALL,within_batch_mean_centered,pearson,qd2,qd_delta_100_2,129,0.03804961647158862
all_labeled,ALL,none,pearson,qd2,qd_early_slope,129,0.20610348307712742
all_labeled,ALL,none,spearman,qd2,qd_early_slope,129,0.2051710644007156
all_labeled,ALL,within_batch_mean_centered,pearson,qd2,qd_early_slope,129,0.11652110697179982
all_labeled,ALL,none,pearson,qd2,tavg_early_mean,129,-0.44867744394705805
all_labeled,ALL,none,spearman,qd2,tavg_early_mean,129,-0.41425536672629704
all_labeled,ALL,within_batch_mean_centered,pearson,qd2,tavg_early_mean,129,-0.25218361238317355
all_labeled,ALL,none,pearson,qd2,tmax_early_mean,129,-0.2590997446157509
all_labeled,ALL,none,spearman,qd2,tmax_early_mean,129,-0.23803108228980324
all_labeled,ALL,within_batch_mean_centered,pearson,qd2,tmax_early_mean,129,-0.24309650141898909
all_labeled,ALL,none,pearson,qd2,qd_early_mean_qc,129,0.9804794903203753
all_labeled,ALL,none,spearman,qd2,qd_early_mean_qc,129,0.9849060822898034
all_labeled,ALL,within_batch_mean_centered,pearson,qd2,qd_early_mean_qc,129,0.9485869269004665
all_labeled,ALL,none,pearson,qd2,qd_early_std_qc,129,0.17520049381290287
all_labeled,ALL,none,spearman,qd2,qd_early_std_qc,129,0.5208966905187836
all_labeled,ALL,within_batch_mean_centered,pearson,qd2,qd_early_std_qc,129,-0.1226298530592094
all_labeled,ALL,none,pearson,qd2,qd_early_slope_qc,129,0.19846181605908964
all_labeled,ALL,none,spearman,qd2,qd_early_slope_qc,129,0.20096712880143117
all_labeled,ALL,within_batch_mean_centered,pearson,qd2,qd_early_slope_qc,129,0.07597003489465802
all_labeled,ALL,none,pearson,qd2,qd2_qc,129,1.0
all_labeled,ALL,none,spearman,qd2,qd2_qc,129,1.0
all_labeled,ALL,within_batch_mean_centered,pearson,qd2,qd2_qc,129,1.0
all_labeled,ALL,none,pearson,qd2,qd_delta_100_2_qc,129,0.14455878113764348
all_labeled,ALL,none,spearman,qd2,qd_delta_100_2_qc,129,0.17691189624329162
all_labeled,ALL,within_batch_mean_centered,pearson,qd2,qd_delta_100_2_qc,129,0.03804961647158862
all_labeled,ALL,none,pearson,qd100,qd_early_mean,129,0.9810860301378488
all_labeled,ALL,none,spearman,qd100,qd_early_mean,129,0.9781753130590342
all_labeled,ALL,within_batch_mean_centered,pearson,qd100,qd_early_mean,129,0.9500417054133132
all_labeled,ALL,none,pearson,qd100,qd_early_std,129,-0.0426133706356131
all_labeled,ALL,none,spearman,qd100,qd_early_std,129,0.42993627012522373
all_labeled,ALL,within_batch_mean_centered,pearson,qd100,qd_early_std,129,-0.19230663244617233
all_labeled,ALL,none,pearson,qd100,qd_early_median,129,0.9871794890150876
all_labeled,ALL,none,spearman,qd100,qd_early_median,129,0.9878969141323793
all_labeled,ALL,within_batch_mean_centered,pearson,qd100,qd_early_median,129,0.9661481040951849
all_labeled,ALL,none,pearson,qd100,qd2,129,0.950070660409038
all_labeled,ALL,none,spearman,qd100,qd2,129,0.9607949463327373
all_labeled,ALL,within_batch_mean_centered,pearson,qd100,qd2,129,0.861489039847021
all_labeled,ALL,none,pearson,qd100,qd_delta_100_2,129,0.44609834786690017
all_labeled,ALL,none,spearman,qd100,qd_delta_100_2,129,0.3793492844364938
all_labeled,ALL,within_batch_mean_centered,pearson,qd100,qd_delta_100_2,129,0.540187787507031
all_labeled,ALL,none,pearson,qd100,qd_early_slope,129,0.43940519387387217
all_labeled,ALL,none,spearman,qd100,qd_early_slope,129,0.3820605992844366
all_labeled,ALL,within_batch_mean_centered,pearson,qd100,qd_early_slope,129,0.5132731802960926
all_labeled,ALL,none,pearson,qd100,tavg_early_mean,129,-0.48863322643368645
all_labeled,ALL,none,spearman,qd100,tavg_early_mean,129,-0.43936717352415033
all_labeled,ALL,within_batch_mean_centered,pearson,qd100,tavg_early_mean,129,-0.3074445396037836
all_labeled,ALL,none,pearson,qd100,tmax_early_mean,129,-0.2905779771363029
all_labeled,ALL,none,spearman,qd100,tmax_early_mean,129,-0.2643000894454383
all_labeled,ALL,within_batch_mean_centered,pearson,qd100,tmax_early_mean,129,-0.2752852155607844
all_labeled,ALL,none,pearson,qd100,qd_early_mean_qc,129,0.988113334262557
all_labeled,ALL,none,spearman,qd100,qd_early_mean_qc,129,0.9891491502683365
all_labeled,ALL,within_batch_mean_centered,pearson,qd100,qd_early_mean_qc,129,0.9686521479367594
all_labeled,ALL,none,pearson,qd100,qd_early_std_qc,129,0.12488445395718356
all_labeled,ALL,none,spearman,qd100,qd_early_std_qc,129,0.44570661896243297
all_labeled,ALL,within_batch_mean_centered,pearson,qd100,qd_early_std_qc,129,-0.1797032106546739
all_labeled,ALL,none,pearson,qd100,qd_early_slope_qc,129,0.4508231396543905
all_labeled,ALL,none,spearman,qd100,qd_early_slope_qc,129,0.37923188729874785
all_labeled,ALL,within_batch_mean_centered,pearson,qd100,qd_early_slope_qc,129,0.5060187081765146
all_labeled,ALL,none,pearson,qd100,qd2_qc,129,0.950070660409038
all_labeled,ALL,none,spearman,qd100,qd2_qc,129,0.9607949463327373
all_labeled,ALL,within_batch_mean_centered,pearson,qd100,qd2_qc,129,0.861489039847021
all_labeled,ALL,none,pearson,qd100,qd100_qc,129,1.0
all_labeled,ALL,none,spearman,qd100,qd100_qc,129,1.0
all_labeled,ALL,within_batch_mean_centered,pearson,qd100,qd100_qc,129,1.0
all_labeled,ALL,none,pearson,qd100,qd_delta_100_2_qc,129,0.44609834786690017
all_labeled,ALL,none,spearman,qd100,qd_delta_100_2_qc,129,0.3793492844364938
all_labeled,ALL,within_batch_mean_centered,pearson,qd100,qd_delta_100_2_qc,129,0.540187787507031
all_labeled,ALL,none,pearson,qd_delta_100_2,qd_early_mean,129,0.31551362779142883
all_labeled,ALL,none,spearman,qd_delta_100_2,qd_early_mean,129,0.27875670840787126
all_labeled,ALL,within_batch_mean_centered,pearson,qd_delta_100_2,qd_early_mean,129,0.3229340486192034
all_labeled,ALL,none,pearson,qd_delta_100_2,qd_early_std,129,-0.08637247496546066
all_labeled,ALL,none,spearman,qd_delta_100_2,qd_early_std,129,-0.014942978533094814
all_labeled,ALL,within_batch_mean_centered,pearson,qd_delta_100_2,qd_early_std,129,-0.11553616901212674
all_labeled,ALL,none,pearson,qd_delta_100_2,qd_early_median,129,0.3147895921249604
all_labeled,ALL,none,spearman,qd_delta_100_2,qd_early_median,129,0.2868738819320215
all_labeled,ALL,within_batch_mean_centered,pearson,qd_delta_100_2,qd_early_median,129,0.3260504838855779
all_labeled,ALL,none,pearson,qd_delta_100_2,qd_early_slope,129,0.8022516616584595
all_labeled,ALL,none,spearman,qd_delta_100_2,qd_early_slope,129,0.8402504472271916
all_labeled,ALL,within_batch_mean_centered,pearson,qd_delta_100_2,qd_early_slope,129,0.816981624989469
all_labeled,ALL,none,pearson,qd_delta_100_2,tavg_early_mean,129,-0.26260407015339066
all_labeled,ALL,none,spearman,qd_delta_100_2,tavg_early_mean,129,-0.367430679785331
all_labeled,ALL,within_batch_mean_centered,pearson,qd_delta_100_2,tavg_early_mean,129,-0.18708670699928953
all_labeled,ALL,none,pearson,qd_delta_100_2,tmax_early_mean,129,-0.1782996310791554
all_labeled,ALL,none,spearman,qd_delta_100_2,tmax_early_mean,129,-0.24043492844364941
all_labeled,ALL,within_batch_mean_centered,pearson,qd_delta_100_2,tmax_early_mean,129,-0.13885910343994562
all_labeled,ALL,none,pearson,qd_delta_100_2,qd_early_mean_qc,129,0.32118529144170194
all_labeled,ALL,none,spearman,qd_delta_100_2,qd_early_mean_qc,129,0.2962656529516995
all_labeled,ALL,within_batch_mean_centered,pearson,qd_delta_100_2,qd_early_mean_qc,129,0.3341483809141147
all_labeled,ALL,none,pearson,qd_delta_100_2,qd_early_std_qc,129,-0.10649110552133771
all_labeled,ALL,none,spearman,qd_delta_100_2,qd_early_std_qc,129,-0.003320661896243292
all_labeled,ALL,within_batch_mean_centered,pearson,qd_delta_100_2,qd_early_std_qc,129,-0.15040997384036978
all_labeled,ALL,none,pearson,qd_delta_100_2,qd_early_slope_qc,129,0.8603771694993477
all_labeled,ALL,none,spearman,qd_delta_100_2,qd_early_slope_qc,129,0.8401218694096603
all_labeled,ALL,within_batch_mean_centered,pearson,qd_delta_100_2,qd_early_slope_qc,129,0.869911074837487
all_labeled,ALL,none,pearson,qd_delta_100_2,qd_delta_100_2_qc,129,1.0
all_labeled,ALL,none,spearman,qd_delta_100_2,qd_delta_100_2_qc,129,1.0
all_labeled,ALL,within_batch_mean_centered,pearson,qd_delta_100_2,qd_delta_100_2_qc,129,1.0
all_labeled,ALL,none,pearson,qd_early_slope,qd_early_std,129,-0.5046082528669185
all_labeled,ALL,none,spearman,qd_early_slope,qd_early_std,129,-0.003935599284436495
all_labeled,ALL,within_batch_mean_centered,pearson,qd_early_slope,qd_early_std,129,-0.5264144683274188
all_labeled,ALL,none,pearson,qd_early_slope,tavg_early_mean,129,-0.1417416666541913
all_labeled,ALL,none,spearman,qd_early_slope,tavg_early_mean,129,-0.3151442307692308
all_labeled,ALL,within_batch_mean_centered,pearson,qd_early_slope,tavg_early_mean,129,-0.11697644974222088
all_labeled,ALL,none,pearson,qd_early_slope,tmax_early_mean,129,-0.0799057170472814
all_labeled,ALL,none,spearman,qd_early_slope,tmax_early_mean,129,-0.20676431127012526
all_labeled,ALL,within_batch_mean_centered,pearson,qd_early_slope,tmax_early_mean,129,-0.06859483757684216
all_labeled,ALL,none,pearson,qd_early_slope,qd_early_std_qc,129,-0.33712728212559917
all_labeled,ALL,none,spearman,qd_early_slope,qd_early_std_qc,129,0.012550313059033992
all_labeled,ALL,within_batch_mean_centered,pearson,qd_early_slope,qd_early_std_qc,129,-0.41869217431600214
all_labeled,ALL,none,pearson,qd_early_slope,qd_early_slope_qc,129,0.9313422066222866
all_labeled,ALL,none,spearman,qd_early_slope,qd_early_slope_qc,129,0.9992397137745975
all_labeled,ALL,within_batch_mean_centered,pearson,qd_early_slope,qd_early_slope_qc,129,0.929843476897543
all_labeled,ALL,none,pearson,ir_early_mean,qd_early_mean,123,0.6284096086169194
all_labeled,ALL,none,spearman,ir_early_mean,qd_early_mean,123,0.647863435271053
all_labeled,ALL,within_batch_mean_centered,pearson,ir_early_mean,qd_early_mean,123,0.3795898751845499
all_labeled,ALL,none,pearson,ir_early_mean,qd_early_std,123,0.2113431949131631
all_labeled,ALL,none,spearman,ir_early_mean,qd_early_std,123,0.22774761063316606
all_labeled,ALL,within_batch_mean_centered,pearson,ir_early_mean,qd_early_std,123,0.17037499694825475
all_labeled,ALL,none,pearson,ir_early_mean,qd_early_median,123,0.6028028995443562
all_labeled,ALL,none,spearman,ir_early_mean,qd_early_median,123,0.62447279152855
all_labeled,ALL,within_batch_mean_centered,pearson,ir_early_mean,qd_early_median,123,0.33552092594328287
all_labeled,ALL,none,pearson,ir_early_mean,qd2,123,0.5212547813102348
all_labeled,ALL,none,spearman,ir_early_mean,qd2,123,0.5725903187112252
all_labeled,ALL,within_batch_mean_centered,pearson,ir_early_mean,qd2,123,0.20354555326814905
all_labeled,ALL,none,pearson,ir_early_mean,qd100,123,0.628002865904407
all_labeled,ALL,none,spearman,ir_early_mean,qd100,123,0.6481729888689686
all_labeled,ALL,within_batch_mean_centered,pearson,ir_early_mean,qd100,123,0.41601822803535876
all_labeled,ALL,none,pearson,ir_early_mean,qd_delta_100_2,123,0.49203082840203277
all_labeled,ALL,none,spearman,ir_early_mean,qd_delta_100_2,123,0.47410068230772207
all_labeled,ALL,within_batch_mean_centered,pearson,ir_early_mean,qd_delta_100_2,123,0.48064168622113945
all_labeled,ALL,none,pearson,ir_early_mean,qd_early_slope,123,0.31578177680134994
all_labeled,ALL,none,spearman,ir_early_mean,qd_early_slope,123,0.3965381589299764
all_labeled,ALL,within_batch_mean_centered,pearson,ir_early_mean,qd_early_slope,123,0.3402450625240874
all_labeled,ALL,none,pearson,ir_early_mean,ir_early_slope,123,-0.1701557269356539
all_labeled,ALL,none,spearman,ir_early_mean,ir_early_slope,123,0.2792624885529659
all_labeled,ALL,within_batch_mean_centered,pearson,ir_early_mean,ir_early_slope,123,-0.20753700772605377
all_labeled,ALL,none,pearson,ir_early_mean,ir_zero_fraction_early,123,0.07723508381584339
all_labeled,ALL,none,spearman,ir_early_mean,ir_zero_fraction_early,123,0.08184547677701304
all_labeled,ALL,within_batch_mean_centered,pearson,ir_early_mean,ir_zero_fraction_early,123,-0.13660211904157032
all_labeled,ALL,none,pearson,ir_early_mean,tavg_early_mean,123,-0.4834714190161532
all_labeled,ALL,none,spearman,ir_early_mean,tavg_early_mean,123,-0.4427970747184998
all_labeled,ALL,within_batch_mean_centered,pearson,ir_early_mean,tavg_early_mean,123,-0.19865488605857115
all_labeled,ALL,none,pearson,ir_early_mean,ir_missing_fraction_early,123,0.07723508381584339
all_labeled,ALL,none,spearman,ir_early_mean,ir_missing_fraction_early,123,0.08184547677701304
all_labeled,ALL,within_batch_mean_centered,pearson,ir_early_mean,ir_missing_fraction_early,123,-0.13660211904157032
all_labeled,ALL,none,pearson,ir_early_mean,tmax_early_mean,123,-0.20844220283978354
all_labeled,ALL,none,spearman,ir_early_mean,tmax_early_mean,123,-0.22333647186286776
all_labeled,ALL,within_batch_mean_centered,pearson,ir_early_mean,tmax_early_mean,123,-0.08952583264637598
all_labeled,ALL,none,pearson,ir_early_mean,qd_early_mean_qc,123,0.603987900864005
all_labeled,ALL,none,spearman,ir_early_mean,qd_early_mean_qc,123,0.6255820252544144
all_labeled,ALL,within_batch_mean_centered,pearson,ir_early_mean,qd_early_mean_qc,123,0.3371714897373529
all_labeled,ALL,none,pearson,ir_early_mean,qd_early_std_qc,123,0.06102038353958513
all_labeled,ALL,none,spearman,ir_early_mean,qd_early_std_qc,123,0.21361777869497364
all_labeled,ALL,within_batch_mean_centered,pearson,ir_early_mean,qd_early_std_qc,123,-0.08433780476328377
all_labeled,ALL,none,pearson,ir_early_mean,qd_early_slope_qc,123,0.4326283077173645
all_labeled,ALL,none,spearman,ir_early_mean,qd_early_slope_qc,123,0.40444467374340587
all_labeled,ALL,within_batch_mean_centered,pearson,ir_early_mean,qd_early_slope_qc,123,0.4616640681515848
all_labeled,ALL,none,pearson,ir_early_mean,qd2_qc,123,0.5212547813102348
all_labeled,ALL,none,spearman,ir_early_mean,qd2_qc,123,0.5725903187112252
all_labeled,ALL,within_batch_mean_centered,pearson,ir_early_mean,qd2_qc,123,0.20354555326814905
all_labeled,ALL,none,pearson,ir_early_mean,qd100_qc,123,0.628002865904407
all_labeled,ALL,none,spearman,ir_early_mean,qd100_qc,123,0.6481729888689686
all_labeled,ALL,within_batch_mean_centered,pearson,ir_early_mean,qd100_qc,123,0.41601822803535876
all_labeled,ALL,none,pearson,ir_early_mean,qd_delta_100_2_qc,123,0.49203082840203277
all_labeled,ALL,none,spearman,ir_early_mean,qd_delta_100_2_qc,123,0.47410068230772207
all_labeled,ALL,within_batch_mean_centered,pearson,ir_early_mean,qd_delta_100_2_qc,123,0.48064168622113945
all_labeled,ALL,none,pearson,ir_change_100_2,qd_early_mean,123,-0.14345149131935966
all_labeled,ALL,none,spearman,ir_change_100_2,qd_early_mean,123,0.17470431182365764
all_labeled,ALL,within_batch_mean_centered,pearson,ir_change_100_2,qd_early_mean,123,0.014033740945094186
all_labeled,ALL,none,pearson,ir_change_100_2,qd_early_std,123,-0.7558112472894547
all_labeled,ALL,none,spearman,ir_change_100_2,qd_early_std,123,-0.08877094323560898
all_labeled,ALL,within_batch_mean_centered,pearson,ir_change_100_2,qd_early_std,123,-0.7734315186618795
all_labeled,ALL,none,pearson,ir_change_100_2,qd_early_median,123,-0.053416332719436625
all_labeled,ALL,none,spearman,ir_change_100_2,qd_early_median,123,0.19519289058570122
all_labeled,ALL,within_batch_mean_centered,pearson,ir_change_100_2,qd_early_median,123,0.1731426040543605
all_labeled,ALL,none,pearson,ir_change_100_2,qd2,123,-0.08665579448191299
all_labeled,ALL,none,spearman,ir_change_100_2,qd2,123,0.1786704672969522
all_labeled,ALL,within_batch_mean_centered,pearson,ir_change_100_2,qd2,123,0.13372796917524593
all_labeled,ALL,none,pearson,ir_change_100_2,qd100,123,-0.03941795330898032
all_labeled,ALL,none,spearman,ir_change_100_2,qd100,123,0.21996362745224496
all_labeled,ALL,within_batch_mean_centered,pearson,ir_change_100_2,qd100,123,0.1846982009996715
all_labeled,ALL,none,pearson,ir_change_100_2,qd_delta_100_2,123,0.11676450281076771
all_labeled,ALL,none,spearman,ir_change_100_2,qd_delta_100_2,123,0.18055358501760588
all_labeled,ALL,within_batch_mean_centered,pearson,ir_change_100_2,qd_delta_100_2,123,0.14185849096793204
all_labeled,ALL,none,pearson,ir_change_100_2,qd_early_slope,123,0.34518197618598256
all_labeled,ALL,none,spearman,ir_change_100_2,qd_early_slope,123,0.0686628574376701
all_labeled,ALL,within_batch_mean_centered,pearson,ir_change_100_2,qd_early_slope,123,0.4094295966373426
all_labeled,ALL,none,pearson,ir_change_100_2,ir_early_mean,123,-0.22165314617425974
all_labeled,ALL,none,spearman,ir_change_100_2,ir_early_mean,123,0.19312919993293007
all_labeled,ALL,within_batch_mean_centered,pearson,ir_change_100_2,ir_early_mean,123,-0.21166077809482478
all_labeled,ALL,none,pearson,ir_change_100_2,ir_early_slope,123,0.9344345556406338
all_labeled,ALL,none,spearman,ir_change_100_2,ir_early_slope,123,0.9236434458474676
all_labeled,ALL,within_batch_mean_centered,pearson,ir_change_100_2,ir_early_slope,123,0.9491780463581913
all_labeled,ALL,none,pearson,ir_change_100_2,ir_zero_fraction_early,123,0.019965882871001834
all_labeled,ALL,none,spearman,ir_change_100_2,ir_zero_fraction_early,123,-0.024874605687131415
all_labeled,ALL,within_batch_mean_centered,pearson,ir_change_100_2,ir_zero_fraction_early,123,-0.019907917609480574
all_labeled,ALL,none,pearson,ir_change_100_2,tavg_early_mean,123,0.14479408630338222
all_labeled,ALL,none,spearman,ir_change_100_2,tavg_early_mean,123,0.009383343436818821
all_labeled,ALL,within_batch_mean_centered,pearson,ir_change_100_2,tavg_early_mean,123,0.12635446782375206
all_labeled,ALL,none,pearson,ir_change_100_2,ir_missing_fraction_early,123,0.019965882871001834
all_labeled,ALL,none,spearman,ir_change_100_2,ir_missing_fraction_early,123,-0.024874605687131415
all_labeled,ALL,within_batch_mean_centered,pearson,ir_change_100_2,ir_missing_fraction_early,123,-0.019907917609480574
all_labeled,ALL,none,pearson,ir_change_100_2,tmax_early_mean,123,0.0765965349687115
all_labeled,ALL,none,spearman,ir_change_100_2,tmax_early_mean,123,0.05963421083179632
all_labeled,ALL,within_batch_mean_centered,pearson,ir_change_100_2,tmax_early_mean,123,0.0764614468703741
all_labeled,ALL,none,pearson,ir_change_100_2,qd_early_mean_qc,123,-0.05206617953129011
all_labeled,ALL,none,spearman,ir_change_100_2,qd_early_mean_qc,123,0.19954598805639037
all_labeled,ALL,within_batch_mean_centered,pearson,ir_change_100_2,qd_early_mean_qc,123,0.17142563338753106
all_labeled,ALL,none,pearson,ir_change_100_2,qd_early_std_qc,123,-0.012678844859832186
all_labeled,ALL,none,spearman,ir_change_100_2,qd_early_std_qc,123,-0.07518927912705886
all_labeled,ALL,within_batch_mean_centered,pearson,ir_change_100_2,qd_early_std_qc,123,0.06104924508999238
all_labeled,ALL,none,pearson,ir_change_100_2,qd_early_slope_qc,123,0.05881484798078651
all_labeled,ALL,none,spearman,ir_change_100_2,qd_early_slope_qc,123,0.06400665540235519
all_labeled,ALL,within_batch_mean_centered,pearson,ir_change_100_2,qd_early_slope_qc,123,0.10979659512560194
all_labeled,ALL,none,pearson,ir_change_100_2,qd2_qc,123,-0.08665579448191299
all_labeled,ALL,none,spearman,ir_change_100_2,qd2_qc,123,0.1786704672969522
all_labeled,ALL,within_batch_mean_centered,pearson,ir_change_100_2,qd2_qc,123,0.13372796917524593
all_labeled,ALL,none,pearson,ir_change_100_2,qd100_qc,123,-0.03941795330898032
all_labeled,ALL,none,spearman,ir_change_100_2,qd100_qc,123,0.21996362745224496
all_labeled,ALL,within_batch_mean_centered,pearson,ir_change_100_2,qd100_qc,123,0.1846982009996715
all_labeled,ALL,none,pearson,ir_change_100_2,qd_delta_100_2_qc,123,0.11676450281076771
all_labeled,ALL,none,spearman,ir_change_100_2,qd_delta_100_2_qc,123,0.18055358501760588
all_labeled,ALL,within_batch_mean_centered,pearson,ir_change_100_2,qd_delta_100_2_qc,123,0.14185849096793204
all_labeled,ALL,none,pearson,ir_early_slope,qd_early_mean,123,-0.04720226458146544
all_labeled,ALL,none,spearman,ir_early_slope,qd_early_mean,123,0.20480195018766686
all_labeled,ALL,within_batch_mean_centered,pearson,ir_early_slope,qd_early_mean,123,-0.023336009856069522
all_labeled,ALL,none,pearson,ir_early_slope,qd_early_std,123,-0.901605883888256
all_labeled,ALL,none,spearman,ir_early_slope,qd_early_std,123,-0.03454102230075712
all_labeled,ALL,within_batch_mean_centered,pearson,ir_early_slope,qd_early_std,123,-0.9086698252282991
all_labeled,ALL,none,pearson,ir_early_slope,qd_early_median,123,0.061233450851035556
all_labeled,ALL,none,spearman,ir_early_slope,qd_early_median,123,0.22872786369323242
all_labeled,ALL,within_batch_mean_centered,pearson,ir_early_slope,qd_early_median,123,0.1594420962173538
all_labeled,ALL,none,pearson,ir_early_slope,qd2,123,0.03944554913344475
all_labeled,ALL,none,spearman,ir_early_slope,qd2,123,0.20766532096838686
all_labeled,ALL,within_batch_mean_centered,pearson,ir_early_slope,qd2,123,0.12856545483206264
all_labeled,ALL,none,pearson,ir_early_slope,qd100,123,0.07437299166564826
all_labeled,ALL,none,spearman,ir_early_slope,qd100,123,0.25004836774967437
all_labeled,ALL,within_batch_mean_centered,pearson,ir_early_slope,qd100,123,0.1721173774342116
all_labeled,ALL,none,pearson,ir_early_slope,qd_delta_100_2,123,0.11927350160401097
all_labeled,ALL,none,spearman,ir_early_slope,qd_delta_100_2,123,0.23484154725206693
all_labeled,ALL,within_batch_mean_centered,pearson,ir_early_slope,qd_delta_100_2,123,0.12568541016980833
all_labeled,ALL,none,pearson,ir_early_slope,qd_early_slope,123,0.4439054898912151
all_labeled,ALL,none,spearman,ir_early_slope,qd_early_slope,123,0.13897666739755712
all_labeled,ALL,within_batch_mean_centered,pearson,ir_early_slope,qd_early_slope,123,0.46401728367454576
all_labeled,ALL,none,pearson,ir_early_slope,ir_zero_fraction_early,123,0.02611123275545249
all_labeled,ALL,none,spearman,ir_early_slope,ir_zero_fraction_early,123,-0.007221659715618798
all_labeled,ALL,within_batch_mean_centered,pearson,ir_early_slope,ir_zero_fraction_early,123,0.017555806604266498
all_labeled,ALL,none,pearson,ir_early_slope,tavg_early_mean,123,0.10361485832260589
all_labeled,ALL,none,spearman,ir_early_slope,tavg_early_mean,123,-0.01440069133636868
all_labeled,ALL,within_batch_mean_centered,pearson,ir_early_slope,tavg_early_mean,123,0.11512273965160107
all_labeled,ALL,none,pearson,ir_early_slope,ir_missing_fraction_early,123,0.02611123275545249
all_labeled,ALL,none,spearman,ir_early_slope,ir_missing_fraction_early,123,-0.007221659715618798
all_labeled,ALL,within_batch_mean_centered,pearson,ir_early_slope,ir_missing_fraction_early,123,0.017555806604266498
all_labeled,ALL,none,pearson,ir_early_slope,tmax_early_mean,123,0.0708484860274134
all_labeled,ALL,none,spearman,ir_early_slope,tmax_early_mean,123,0.09714178844591197
all_labeled,ALL,within_batch_mean_centered,pearson,ir_early_slope,tmax_early_mean,123,0.0728678817518874
all_labeled,ALL,none,pearson,ir_early_slope,qd_early_mean_qc,123,0.062142328526034
all_labeled,ALL,none,spearman,ir_early_slope,qd_early_mean_qc,123,0.2288374972591609
all_labeled,ALL,within_batch_mean_centered,pearson,ir_early_slope,qd_early_mean_qc,123,0.15888707172231548
all_labeled,ALL,none,pearson,ir_early_slope,qd_early_std_qc,123,-0.000380073607833137
all_labeled,ALL,none,spearman,ir_early_slope,qd_early_std_qc,123,-0.02021771936386736
all_labeled,ALL,within_batch_mean_centered,pearson,ir_early_slope,qd_early_std_qc,123,0.016155216579440135
all_labeled,ALL,none,pearson,ir_early_slope,qd_early_slope_qc,123,0.10388490368828546
all_labeled,ALL,none,spearman,ir_early_slope,qd_early_slope_qc,123,0.13472030542621663
all_labeled,ALL,within_batch_mean_centered,pearson,ir_early_slope,qd_early_slope_qc,123,0.1168849817197838
all_labeled,ALL,none,pearson,ir_early_slope,qd2_qc,123,0.03944554913344475
all_labeled,ALL,none,spearman,ir_early_slope,qd2_qc,123,0.20766532096838686
all_labeled,ALL,within_batch_mean_centered,pearson,ir_early_slope,qd2_qc,123,0.12856545483206264
all_labeled,ALL,none,pearson,ir_early_slope,qd100_qc,123,0.07437299166564826
all_labeled,ALL,none,spearman,ir_early_slope,qd100_qc,123,0.25004836774967437
all_labeled,ALL,within_batch_mean_centered,pearson,ir_early_slope,qd100_qc,123,0.1721173774342116
all_labeled,ALL,none,pearson,ir_early_slope,qd_delta_100_2_qc,123,0.11927350160401097
all_labeled,ALL,none,spearman,ir_early_slope,qd_delta_100_2_qc,123,0.23484154725206693
all_labeled,ALL,within_batch_mean_centered,pearson,ir_early_slope,qd_delta_100_2_qc,123,0.12568541016980833
all_labeled,ALL,none,pearson,ir_zero_fraction_early,qd_early_mean,129,0.32906694630616323
all_labeled,ALL,none,spearman,ir_zero_fraction_early,qd_early_mean,129,0.238905933147288
all_labeled,ALL,within_batch_mean_centered,pearson,ir_zero_fraction_early,qd_early_mean,129,0.19630147380157278
all_labeled,ALL,none,pearson,ir_zero_fraction_early,qd_early_std,129,-0.006699756733013425
all_labeled,ALL,none,spearman,ir_zero_fraction_early,qd_early_std,129,0.23454583203826612
all_labeled,ALL,within_batch_mean_centered,pearson,ir_zero_fraction_early,qd_early_std,129,-0.017968674889282627
all_labeled,ALL,none,pearson,ir_zero_fraction_early,qd_early_median,129,0.3340064349172343
all_labeled,ALL,none,spearman,ir_zero_fraction_early,qd_early_median,129,0.2518672380816401
all_labeled,ALL,within_batch_mean_centered,pearson,ir_zero_fraction_early,qd_early_median,129,0.1993402674807994
all_labeled,ALL,none,pearson,ir_zero_fraction_early,qd2,129,0.3513611468834306
all_labeled,ALL,none,spearman,ir_zero_fraction_early,qd2,129,0.2428233602354157
all_labeled,ALL,within_batch_mean_centered,pearson,ir_zero_fraction_early,qd2,129,0.21033103558841953
all_labeled,ALL,none,pearson,ir_zero_fraction_early,qd100,129,0.3187784304183857
all_labeled,ALL,none,spearman,ir_zero_fraction_early,qd100,129,0.21889516342858945
all_labeled,ALL,within_batch_mean_centered,pearson,ir_zero_fraction_early,qd100,129,0.16730457737096432
all_labeled,ALL,none,pearson,ir_zero_fraction_early,qd_delta_100_2,129,0.0031005012814286845
all_labeled,ALL,none,spearman,ir_zero_fraction_early,qd_delta_100_2,129,0.08201369225812939
all_labeled,ALL,within_batch_mean_centered,pearson,ir_zero_fraction_early,qd_delta_100_2,129,-0.019338251746339408
all_labeled,ALL,none,pearson,ir_zero_fraction_early,qd_early_slope,129,0.011764331254069504
all_labeled,ALL,none,spearman,ir_zero_fraction_early,qd_early_slope,129,0.08222788936501364
all_labeled,ALL,within_batch_mean_centered,pearson,ir_zero_fraction_early,qd_early_slope,129,-0.05327085674874859
all_labeled,ALL,none,pearson,ir_zero_fraction_early,tavg_early_mean,129,-0.12960570306663932
all_labeled,ALL,none,spearman,ir_zero_fraction_early,tavg_early_mean,129,-0.26674203717082484
all_labeled,ALL,within_batch_mean_centered,pearson,ir_zero_fraction_early,tavg_early_mean,129,-0.08859342551069742
all_labeled,ALL,none,pearson,ir_zero_fraction_early,tmax_early_mean,129,-0.1367227637672632
all_labeled,ALL,none,spearman,ir_zero_fraction_early,tmax_early_mean,129,-0.21316420083550833
all_labeled,ALL,within_batch_mean_centered,pearson,ir_zero_fraction_early,tmax_early_mean,129,-0.13106487817811227
all_labeled,ALL,none,pearson,ir_zero_fraction_early,qd_early_mean_qc,129,0.3305768248974824
all_labeled,ALL,none,spearman,ir_zero_fraction_early,qd_early_mean_qc,129,0.2435897098844905
all_labeled,ALL,within_batch_mean_centered,pearson,ir_zero_fraction_early,qd_early_mean_qc,129,0.19463982686895132
all_labeled,ALL,none,pearson,ir_zero_fraction_early,qd_early_std_qc,129,0.042510777448601975
all_labeled,ALL,none,spearman,ir_zero_fraction_early,qd_early_std_qc,129,0.23904873121854417
all_labeled,ALL,within_batch_mean_centered,pearson,ir_zero_fraction_early,qd_early_std_qc,129,-0.060302312420662786
all_labeled,ALL,none,pearson,ir_zero_fraction_early,qd_early_slope_qc,129,0.004959314413913868
all_labeled,ALL,none,spearman,ir_zero_fraction_early,qd_early_slope_qc,129,0.07972416318232206
all_labeled,ALL,within_batch_mean_centered,pearson,ir_zero_fraction_early,qd_early_slope_qc,129,-0.059184031695471324
all_labeled,ALL,none,pearson,ir_zero_fraction_early,qd2_qc,129,0.3513611468834306
all_labeled,ALL,none,spearman,ir_zero_fraction_early,qd2_qc,129,0.2428233602354157
all_labeled,ALL,within_batch_mean_centered,pearson,ir_zero_fraction_early,qd2_qc,129,0.21033103558841953
all_labeled,ALL,none,pearson,ir_zero_fraction_early,qd100_qc,129,0.3187784304183857
all_labeled,ALL,none,spearman,ir_zero_fraction_early,qd100_qc,129,0.21889516342858945
all_labeled,ALL,within_batch_mean_centered,pearson,ir_zero_fraction_early,qd100_qc,129,0.16730457737096432
all_labeled,ALL,none,pearson,ir_zero_fraction_early,qd_delta_100_2_qc,129,0.0031005012814286845
all_labeled,ALL,none,spearman,ir_zero_fraction_early,qd_delta_100_2_qc,129,0.08201369225812939
all_labeled,ALL,within_batch_mean_centered,pearson,ir_zero_fraction_early,qd_delta_100_2_qc,129,-0.019338251746339408
all_labeled,ALL,none,pearson,tavg_early_mean,tmax_early_mean,129,0.8798923759686041
all_labeled,ALL,none,spearman,tavg_early_mean,tmax_early_mean,129,0.8742397137745976
all_labeled,ALL,within_batch_mean_centered,pearson,tavg_early_mean,tmax_early_mean,129,0.9192964057943414
all_labeled,ALL,none,pearson,ir_missing_fraction_early,qd_early_mean,129,0.32906694630616323
all_labeled,ALL,none,spearman,ir_missing_fraction_early,qd_early_mean,129,0.238905933147288
all_labeled,ALL,within_batch_mean_centered,pearson,ir_missing_fraction_early,qd_early_mean,129,0.19630147380157278
all_labeled,ALL,none,pearson,ir_missing_fraction_early,qd_early_std,129,-0.006699756733013425
all_labeled,ALL,none,spearman,ir_missing_fraction_early,qd_early_std,129,0.23454583203826612
all_labeled,ALL,within_batch_mean_centered,pearson,ir_missing_fraction_early,qd_early_std,129,-0.017968674889282627
all_labeled,ALL,none,pearson,ir_missing_fraction_early,qd_early_median,129,0.3340064349172343
all_labeled,ALL,none,spearman,ir_missing_fraction_early,qd_early_median,129,0.2518672380816401
all_labeled,ALL,within_batch_mean_centered,pearson,ir_missing_fraction_early,qd_early_median,129,0.1993402674807994
all_labeled,ALL,none,pearson,ir_missing_fraction_early,qd2,129,0.3513611468834306
all_labeled,ALL,none,spearman,ir_missing_fraction_early,qd2,129,0.2428233602354157
all_labeled,ALL,within_batch_mean_centered,pearson,ir_missing_fraction_early,qd2,129,0.21033103558841953
all_labeled,ALL,none,pearson,ir_missing_fraction_early,qd100,129,0.3187784304183857
all_labeled,ALL,none,spearman,ir_missing_fraction_early,qd100,129,0.21889516342858945
all_labeled,ALL,within_batch_mean_centered,pearson,ir_missing_fraction_early,qd100,129,0.16730457737096432
all_labeled,ALL,none,pearson,ir_missing_fraction_early,qd_delta_100_2,129,0.0031005012814286845
all_labeled,ALL,none,spearman,ir_missing_fraction_early,qd_delta_100_2,129,0.08201369225812939
all_labeled,ALL,within_batch_mean_centered,pearson,ir_missing_fraction_early,qd_delta_100_2,129,-0.019338251746339408
all_labeled,ALL,none,pearson,ir_missing_fraction_early,qd_early_slope,129,0.011764331254069504
all_labeled,ALL,none,spearman,ir_missing_fraction_early,qd_early_slope,129,0.08222788936501364
all_labeled,ALL,within_batch_mean_centered,pearson,ir_missing_fraction_early,qd_early_slope,129,-0.05327085674874859
all_labeled,ALL,none,pearson,ir_missing_fraction_early,ir_zero_fraction_early,129,1.0
all_labeled,ALL,none,spearman,ir_missing_fraction_early,ir_zero_fraction_early,129,0.9999999999999999
all_labeled,ALL,within_batch_mean_centered,pearson,ir_missing_fraction_early,ir_zero_fraction_early,129,1.0
all_labeled,ALL,none,pearson,ir_missing_fraction_early,tavg_early_mean,129,-0.12960570306663932
all_labeled,ALL,none,spearman,ir_missing_fraction_early,tavg_early_mean,129,-0.26674203717082484
all_labeled,ALL,within_batch_mean_centered,pearson,ir_missing_fraction_early,tavg_early_mean,129,-0.08859342551069742
all_labeled,ALL,none,pearson,ir_missing_fraction_early,tmax_early_mean,129,-0.1367227637672632
all_labeled,ALL,none,spearman,ir_missing_fraction_early,tmax_early_mean,129,-0.21316420083550833
all_labeled,ALL,within_batch_mean_centered,pearson,ir_missing_fraction_early,tmax_early_mean,129,-0.13106487817811227
all_labeled,ALL,none,pearson,ir_missing_fraction_early,qd_early_mean_qc,129,0.3305768248974824
all_labeled,ALL,none,spearman,ir_missing_fraction_early,qd_early_mean_qc,129,0.2435897098844905
all_labeled,ALL,within_batch_mean_centered,pearson,ir_missing_fraction_early,qd_early_mean_qc,129,0.19463982686895132
all_labeled,ALL,none,pearson,ir_missing_fraction_early,qd_early_std_qc,129,0.042510777448601975
all_labeled,ALL,none,spearman,ir_missing_fraction_early,qd_early_std_qc,129,0.23904873121854417
all_labeled,ALL,within_batch_mean_centered,pearson,ir_missing_fraction_early,qd_early_std_qc,129,-0.060302312420662786
all_labeled,ALL,none,pearson,ir_missing_fraction_early,qd_early_slope_qc,129,0.004959314413913868
all_labeled,ALL,none,spearman,ir_missing_fraction_early,qd_early_slope_qc,129,0.07972416318232206
all_labeled,ALL,within_batch_mean_centered,pearson,ir_missing_fraction_early,qd_early_slope_qc,129,-0.059184031695471324
all_labeled,ALL,none,pearson,ir_missing_fraction_early,qd2_qc,129,0.3513611468834306
all_labeled,ALL,none,spearman,ir_missing_fraction_early,qd2_qc,129,0.2428233602354157
all_labeled,ALL,within_batch_mean_centered,pearson,ir_missing_fraction_early,qd2_qc,129,0.21033103558841953
all_labeled,ALL,none,pearson,ir_missing_fraction_early,qd100_qc,129,0.3187784304183857
all_labeled,ALL,none,spearman,ir_missing_fraction_early,qd100_qc,129,0.21889516342858945
all_labeled,ALL,within_batch_mean_centered,pearson,ir_missing_fraction_early,qd100_qc,129,0.16730457737096432
all_labeled,ALL,none,pearson,ir_missing_fraction_early,qd_delta_100_2_qc,129,0.0031005012814286845
all_labeled,ALL,none,spearman,ir_missing_fraction_early,qd_delta_100_2_qc,129,0.08201369225812939
all_labeled,ALL,within_batch_mean_centered,pearson,ir_missing_fraction_early,qd_delta_100_2_qc,129,-0.019338251746339408
all_labeled,ALL,none,pearson,chargetime_early_mean,qd_early_mean,129,0.2576214057823658
all_labeled,ALL,none,spearman,chargetime_early_mean,qd_early_mean,129,0.30191748658318435
all_labeled,ALL,within_batch_mean_centered,pearson,chargetime_early_mean,qd_early_mean,129,-0.07423545651917147
all_labeled,ALL,none,pearson,chargetime_early_mean,qd_early_std,129,-0.027643231990039034
all_labeled,ALL,none,spearman,chargetime_early_mean,qd_early_std,129,0.1128745527728086
all_labeled,ALL,within_batch_mean_centered,pearson,chargetime_early_mean,qd_early_std,129,-0.04997286956728181
all_labeled,ALL,none,pearson,chargetime_early_mean,qd_early_median,129,0.2581257789823385
all_labeled,ALL,none,spearman,chargetime_early_mean,qd_early_median,129,0.3178555456171736
all_labeled,ALL,within_batch_mean_centered,pearson,chargetime_early_mean,qd_early_median,129,-0.08118487152027151
all_labeled,ALL,none,pearson,chargetime_early_mean,qd2,129,0.2946825874623791
all_labeled,ALL,none,spearman,chargetime_early_mean,qd2,129,0.3071220930232559
all_labeled,ALL,within_batch_mean_centered,pearson,chargetime_early_mean,qd2,129,-0.04042618028880322
all_labeled,ALL,none,pearson,chargetime_early_mean,qd100,129,0.25990575862344917
all_labeled,ALL,none,spearman,chargetime_early_mean,qd100,129,0.34498546511627914
all_labeled,ALL,within_batch_mean_centered,pearson,chargetime_early_mean,qd100,129,-0.06525849569460429
all_labeled,ALL,none,pearson,chargetime_early_mean,qd_delta_100_2,129,-0.021024641774311036
all_labeled,ALL,none,spearman,chargetime_early_mean,qd_delta_100_2,129,0.27212656529517
all_labeled,ALL,within_batch_mean_centered,pearson,chargetime_early_mean,qd_delta_100_2,129,-0.0614262958020892
all_labeled,ALL,none,pearson,chargetime_early_mean,qd_early_slope,129,-0.0394875689140821
all_labeled,ALL,none,spearman,chargetime_early_mean,qd_early_slope,129,0.25022361359570666
all_labeled,ALL,within_batch_mean_centered,pearson,chargetime_early_mean,qd_early_slope,129,-0.1312878285501868
all_labeled,ALL,none,pearson,chargetime_early_mean,ir_early_mean,123,0.06905099329174406
all_labeled,ALL,none,spearman,chargetime_early_mean,ir_early_mean,123,0.4813945389586101
all_labeled,ALL,within_batch_mean_centered,pearson,chargetime_early_mean,ir_early_mean,123,-0.07497849728927422
all_labeled,ALL,none,pearson,chargetime_early_mean,ir_change_100_2,123,-0.16743783766198495
all_labeled,ALL,none,spearman,chargetime_early_mean,ir_change_100_2,123,0.1627671512040345
all_labeled,ALL,within_batch_mean_centered,pearson,chargetime_early_mean,ir_change_100_2,123,-0.08784054962954102
all_labeled,ALL,none,pearson,chargetime_early_mean,ir_early_slope,123,-0.07121937923350108
all_labeled,ALL,none,spearman,chargetime_early_mean,ir_early_slope,123,0.2071236021720344
all_labeled,ALL,within_batch_mean_centered,pearson,chargetime_early_mean,ir_early_slope,123,-0.05515644465918966
all_labeled,ALL,none,pearson,chargetime_early_mean,ir_zero_fraction_early,129,0.34109308384941445
all_labeled,ALL,none,spearman,chargetime_early_mean,ir_zero_fraction_early,129,0.09566518787021965
all_labeled,ALL,within_batch_mean_centered,pearson,chargetime_early_mean,ir_zero_fraction_early,129,0.2358119796997389
all_labeled,ALL,none,pearson,chargetime_early_mean,tavg_early_mean,129,-0.13855556404630656
all_labeled,ALL,none,spearman,chargetime_early_mean,tavg_early_mean,129,-0.33712544722719145
all_labeled,ALL,within_batch_mean_centered,pearson,chargetime_early_mean,tavg_early_mean,129,-0.06010469400173647
all_labeled,ALL,none,pearson,chargetime_early_mean,ir_missing_fraction_early,129,0.34109308384941445
all_labeled,ALL,none,spearman,chargetime_early_mean,ir_missing_fraction_early,129,0.09566518787021965
all_labeled,ALL,within_batch_mean_centered,pearson,chargetime_early_mean,ir_missing_fraction_early,129,0.2358119796997389
all_labeled,ALL,none,pearson,chargetime_early_mean,tmax_early_mean,129,-0.1385208031715225
all_labeled,ALL,none,spearman,chargetime_early_mean,tmax_early_mean,129,-0.18549306797853313
all_labeled,ALL,within_batch_mean_centered,pearson,chargetime_early_mean,tmax_early_mean,129,-0.12403903572782025
all_labeled,ALL,none,pearson,chargetime_early_mean,chargetime_early_median,129,-0.05000121571286542
all_labeled,ALL,none,spearman,chargetime_early_mean,chargetime_early_median,129,0.8170488833987233
all_labeled,ALL,within_batch_mean_centered,pearson,chargetime_early_mean,chargetime_early_median,129,0.059405785132227634
all_labeled,ALL,none,pearson,chargetime_early_mean,chargetime_early_mean_qc,129,-0.0501387584057068
all_labeled,ALL,none,spearman,chargetime_early_mean,chargetime_early_mean_qc,129,0.8276442307692309
all_labeled,ALL,within_batch_mean_centered,pearson,chargetime_early_mean,chargetime_early_mean_qc,129,0.061007674985103275
all_labeled,ALL,none,pearson,chargetime_early_mean,qd_early_mean_qc,129,0.26051420834006117
all_labeled,ALL,none,spearman,chargetime_early_mean,qd_early_mean_qc,129,0.3233564400715564
all_labeled,ALL,within_batch_mean_centered,pearson,chargetime_early_mean,qd_early_mean_qc,129,-0.07116493344567185
all_labeled,ALL,none,pearson,chargetime_early_mean,qd_early_std_qc,129,0.00782861748155829
all_labeled,ALL,none,spearman,chargetime_early_mean,qd_early_std_qc,129,0.12898032200357784
all_labeled,ALL,within_batch_mean_centered,pearson,chargetime_early_mean,qd_early_std_qc,129,-0.13477236747156918
all_labeled,ALL,none,pearson,chargetime_early_mean,qd_early_slope_qc,129,-0.056009125787835734
all_labeled,ALL,none,spearman,chargetime_early_mean,qd_early_slope_qc,129,0.24515876565295175
all_labeled,ALL,within_batch_mean_centered,pearson,chargetime_early_mean,qd_early_slope_qc,129,-0.14990941454913692
all_labeled,ALL,none,pearson,chargetime_early_mean,qd2_qc,129,0.2946825874623791
all_labeled,ALL,none,spearman,chargetime_early_mean,qd2_qc,129,0.3071220930232559
all_labeled,ALL,within_batch_mean_centered,pearson,chargetime_early_mean,qd2_qc,129,-0.04042618028880322
all_labeled,ALL,none,pearson,chargetime_early_mean,qd100_qc,129,0.25990575862344917
all_labeled,ALL,none,spearman,chargetime_early_mean,qd100_qc,129,0.34498546511627914
all_labeled,ALL,within_batch_mean_centered,pearson,chargetime_early_mean,qd100_qc,129,-0.06525849569460429
all_labeled,ALL,none,pearson,chargetime_early_mean,qd_delta_100_2_qc,129,-0.021024641774311036
all_labeled,ALL,none,spearman,chargetime_early_mean,qd_delta_100_2_qc,129,0.27212656529517
all_labeled,ALL,within_batch_mean_centered,pearson,chargetime_early_mean,qd_delta_100_2_qc,129,-0.0614262958020892
all_labeled,ALL,none,pearson,chargetime_early_median,qd_early_mean,129,0.008323814264562135
all_labeled,ALL,none,spearman,chargetime_early_median,qd_early_mean,129,0.18128379539904138
all_labeled,ALL,within_batch_mean_centered,pearson,chargetime_early_median,qd_early_mean,129,-0.05703226418932678
all_labeled,ALL,none,pearson,chargetime_early_median,qd_early_std,129,-0.008664294315277416
all_labeled,ALL,none,spearman,chargetime_early_median,qd_early_std,129,-0.036253404871184884
all_labeled,ALL,within_batch_mean_centered,pearson,chargetime_early_median,qd_early_std,129,-0.06837554639010521
all_labeled,ALL,none,pearson,chargetime_early_median,qd_early_median,129,0.0026388986610355603
all_labeled,ALL,none,spearman,chargetime_early_median,qd_early_median,129,0.1977361886967896
all_labeled,ALL,within_batch_mean_centered,pearson,chargetime_early_median,qd_early_median,129,-0.050093616365320524
all_labeled,ALL,none,pearson,chargetime_early_median,qd2,129,-0.06258739353121551
all_labeled,ALL,none,spearman,chargetime_early_median,qd2,129,0.1749247748838567
all_labeled,ALL,within_batch_mean_centered,pearson,chargetime_early_median,qd2,129,-0.11500637335524712
all_labeled,ALL,none,pearson,chargetime_early_median,qd100,129,0.021495105405073787
all_labeled,ALL,none,spearman,chargetime_early_median,qd100,129,0.22715259832395612
all_labeled,ALL,within_batch_mean_centered,pearson,chargetime_early_median,qd100,129,0.011052785119835144
all_labeled,ALL,none,pearson,chargetime_early_median,qd_delta_100_2,129,0.24767759373677742
all_labeled,ALL,none,spearman,chargetime_early_median,qd_delta_100_2,129,0.35419045476115596
all_labeled,ALL,within_batch_mean_centered,pearson,chargetime_early_median,qd_delta_100_2,129,0.21235294239802022
all_labeled,ALL,none,pearson,chargetime_early_median,qd_early_slope,129,0.059880693947063135
all_labeled,ALL,none,spearman,chargetime_early_median,qd_early_slope,129,0.31808239893031814
all_labeled,ALL,within_batch_mean_centered,pearson,chargetime_early_median,qd_early_slope,129,0.11852711282119373
all_labeled,ALL,none,pearson,chargetime_early_median,ir_early_mean,123,0.30761487741073706
all_labeled,ALL,none,spearman,chargetime_early_median,ir_early_mean,123,0.5081233766554447
all_labeled,ALL,within_batch_mean_centered,pearson,chargetime_early_median,ir_early_mean,123,0.1414498179206884
all_labeled,ALL,none,pearson,chargetime_early_median,ir_change_100_2,123,0.16284214540621195
all_labeled,ALL,none,spearman,chargetime_early_median,ir_change_100_2,123,0.25769088766283066
all_labeled,ALL,within_batch_mean_centered,pearson,chargetime_early_median,ir_change_100_2,123,0.13437630511532553
all_labeled,ALL,none,pearson,chargetime_early_median,ir_early_slope,123,0.13003731687958342
all_labeled,ALL,none,spearman,chargetime_early_median,ir_early_slope,123,0.30747428040804375
all_labeled,ALL,within_batch_mean_centered,pearson,chargetime_early_median,ir_early_slope,123,0.13694331830929463
all_labeled,ALL,none,pearson,chargetime_early_median,ir_zero_fraction_early,129,-0.10163255563150721
all_labeled,ALL,none,spearman,chargetime_early_median,ir_zero_fraction_early,129,-0.03325295733372039
all_labeled,ALL,within_batch_mean_centered,pearson,chargetime_early_median,ir_zero_fraction_early,129,-0.014643518071051308
all_labeled,ALL,none,pearson,chargetime_early_median,tavg_early_mean,129,-0.2912557001794175
all_labeled,ALL,none,spearman,chargetime_early_median,tavg_early_mean,129,-0.32360566246350714
all_labeled,ALL,within_batch_mean_centered,pearson,chargetime_early_median,tavg_early_mean,129,-0.15414060203545793
all_labeled,ALL,none,pearson,chargetime_early_median,ir_missing_fraction_early,129,-0.10163255563150721
all_labeled,ALL,none,spearman,chargetime_early_median,ir_missing_fraction_early,129,-0.03325295733372039
all_labeled,ALL,within_batch_mean_centered,pearson,chargetime_early_median,ir_missing_fraction_early,129,-0.014643518071051308
all_labeled,ALL,none,pearson,chargetime_early_median,tmax_early_mean,129,-0.18234179104096232
all_labeled,ALL,none,spearman,chargetime_early_median,tmax_early_mean,129,-0.14418904319815515
all_labeled,ALL,within_batch_mean_centered,pearson,chargetime_early_median,tmax_early_mean,129,-0.1138335668389623
all_labeled,ALL,none,pearson,chargetime_early_median,qd_early_mean_qc,129,0.014878024205904228
all_labeled,ALL,none,spearman,chargetime_early_median,qd_early_mean_qc,129,0.20463188259171736
all_labeled,ALL,within_batch_mean_centered,pearson,chargetime_early_median,qd_early_mean_qc,129,-0.029052343550249327
all_labeled,ALL,none,pearson,chargetime_early_median,qd_early_std_qc,129,0.16721213522583928
all_labeled,ALL,none,spearman,chargetime_early_median,qd_early_std_qc,129,-0.02226076456392571
all_labeled,ALL,within_batch_mean_centered,pearson,chargetime_early_median,qd_early_std_qc,129,0.25821556376116617
all_labeled,ALL,none,pearson,chargetime_early_median,qd_early_slope_qc,129,0.04189272963927342
all_labeled,ALL,none,spearman,chargetime_early_median,qd_early_slope_qc,129,0.31438717909687897
all_labeled,ALL,within_batch_mean_centered,pearson,chargetime_early_median,qd_early_slope_qc,129,0.07114658108809016
all_labeled,ALL,none,pearson,chargetime_early_median,qd2_qc,129,-0.06258739353121551
all_labeled,ALL,none,spearman,chargetime_early_median,qd2_qc,129,0.1749247748838567
all_labeled,ALL,within_batch_mean_centered,pearson,chargetime_early_median,qd2_qc,129,-0.11500637335524712
all_labeled,ALL,none,pearson,chargetime_early_median,qd100_qc,129,0.021495105405073787
all_labeled,ALL,none,spearman,chargetime_early_median,qd100_qc,129,0.22715259832395612
all_labeled,ALL,within_batch_mean_centered,pearson,chargetime_early_median,qd100_qc,129,0.011052785119835144
all_labeled,ALL,none,pearson,chargetime_early_median,qd_delta_100_2_qc,129,0.24767759373677742
all_labeled,ALL,none,spearman,chargetime_early_median,qd_delta_100_2_qc,129,0.35419045476115596
all_labeled,ALL,within_batch_mean_centered,pearson,chargetime_early_median,qd_delta_100_2_qc,129,0.21235294239802022
all_labeled,ALL,none,pearson,chargetime_early_mean_qc,qd_early_mean,129,0.010097900258965141
all_labeled,ALL,none,spearman,chargetime_early_mean_qc,qd_early_mean,129,0.20608788014311274
all_labeled,ALL,within_batch_mean_centered,pearson,chargetime_early_mean_qc,qd_early_mean,129,-0.05757668217008757
all_labeled,ALL,none,pearson,chargetime_early_mean_qc,qd_early_std,129,-0.013431041641491575
all_labeled,ALL,none,spearman,chargetime_early_mean_qc,qd_early_std,129,-0.035811717352415035
all_labeled,ALL,within_batch_mean_centered,pearson,chargetime_early_mean_qc,qd_early_std,129,-0.07571774610394785
all_labeled,ALL,none,pearson,chargetime_early_mean_qc,qd_early_median,129,0.0049032615540293215
all_labeled,ALL,none,spearman,chargetime_early_mean_qc,qd_early_median,129,0.22221042039355998
all_labeled,ALL,within_batch_mean_centered,pearson,chargetime_early_mean_qc,qd_early_median,129,-0.049264692098390586
all_labeled,ALL,none,pearson,chargetime_early_mean_qc,qd2,129,-0.060597418371169054
all_labeled,ALL,none,spearman,chargetime_early_mean_qc,qd2,129,0.1981104651162791
all_labeled,ALL,within_batch_mean_centered,pearson,chargetime_early_mean_qc,qd2,129,-0.11397110739750732
all_labeled,ALL,none,pearson,chargetime_early_mean_qc,qd100,129,0.023336599915749698
all_labeled,ALL,none,spearman,chargetime_early_mean_qc,qd100,129,0.2512186940966011
all_labeled,ALL,within_batch_mean_centered,pearson,chargetime_early_mean_qc,qd100,129,0.011852047964070286
all_labeled,ALL,none,pearson,chargetime_early_mean_qc,qd_delta_100_2,129,0.24780948934876423
all_labeled,ALL,none,spearman,chargetime_early_mean_qc,qd_delta_100_2,129,0.3630925760286226
all_labeled,ALL,within_batch_mean_centered,pearson,chargetime_early_mean_qc,qd_delta_100_2,129,0.2122100874865008
all_labeled,ALL,none,pearson,chargetime_early_mean_qc,qd_early_slope,129,0.060787749081287444
all_labeled,ALL,none,spearman,chargetime_early_mean_qc,qd_early_slope,129,0.3192587209302326
all_labeled,ALL,within_batch_mean_centered,pearson,chargetime_early_mean_qc,qd_early_slope,129,0.12092184492198194
all_labeled,ALL,none,pearson,chargetime_early_mean_qc,ir_early_mean,123,0.311477288450758
all_labeled,ALL,none,spearman,chargetime_early_mean_qc,ir_early_mean,123,0.5345797165004966
all_labeled,ALL,within_batch_mean_centered,pearson,chargetime_early_mean_qc,ir_early_mean,123,0.14147981532275017
all_labeled,ALL,none,pearson,chargetime_early_mean_qc,ir_change_100_2,123,0.16693141354591295
all_labeled,ALL,none,spearman,chargetime_early_mean_qc,ir_change_100_2,123,0.2622241426010241
all_labeled,ALL,within_batch_mean_centered,pearson,chargetime_early_mean_qc,ir_change_100_2,123,0.13952188838950616
all_labeled,ALL,none,pearson,chargetime_early_mean_qc,ir_early_slope,123,0.13499204131342235
all_labeled,ALL,none,spearman,chargetime_early_mean_qc,ir_early_slope,123,0.314951438779327
all_labeled,ALL,within_batch_mean_centered,pearson,chargetime_early_mean_qc,ir_early_slope,123,0.14353470319947162
all_labeled,ALL,none,pearson,chargetime_early_mean_qc,ir_zero_fraction_early,129,-0.10275103277863526
all_labeled,ALL,none,spearman,chargetime_early_mean_qc,ir_zero_fraction_early,129,0.006659150056246258
all_labeled,ALL,within_batch_mean_centered,pearson,chargetime_early_mean_qc,ir_zero_fraction_early,129,-0.014777350876554875
all_labeled,ALL,none,pearson,chargetime_early_mean_qc,tavg_early_mean,129,-0.2923368774539702
all_labeled,ALL,none,spearman,chargetime_early_mean_qc,tavg_early_mean,129,-0.3567084078711986
all_labeled,ALL,within_batch_mean_centered,pearson,chargetime_early_mean_qc,tavg_early_mean,129,-0.15157140790779
all_labeled,ALL,none,pearson,chargetime_early_mean_qc,ir_missing_fraction_early,129,-0.10275103277863526
all_labeled,ALL,none,spearman,chargetime_early_mean_qc,ir_missing_fraction_early,129,0.006659150056246258
all_labeled,ALL,within_batch_mean_centered,pearson,chargetime_early_mean_qc,ir_missing_fraction_early,129,-0.014777350876554875
all_labeled,ALL,none,pearson,chargetime_early_mean_qc,tmax_early_mean,129,-0.18166035292436816
all_labeled,ALL,none,spearman,chargetime_early_mean_qc,tmax_early_mean,129,-0.1620527728085868
all_labeled,ALL,within_batch_mean_centered,pearson,chargetime_early_mean_qc,tmax_early_mean,129,-0.11165887731960934
all_labeled,ALL,none,pearson,chargetime_early_mean_qc,chargetime_early_median,129,0.9997329758212984
all_labeled,ALL,none,spearman,chargetime_early_mean_qc,chargetime_early_median,129,0.9881638363211747
all_labeled,ALL,within_batch_mean_centered,pearson,chargetime_early_mean_qc,chargetime_early_median,129,0.9997071145075764
all_labeled,ALL,none,pearson,chargetime_early_mean_qc,qd_early_mean_qc,129,0.017119562769949866
all_labeled,ALL,none,spearman,chargetime_early_mean_qc,qd_early_mean_qc,129,0.22946668157423974
all_labeled,ALL,within_batch_mean_centered,pearson,chargetime_early_mean_qc,qd_early_mean_qc,129,-0.028197790511033202
all_labeled,ALL,none,pearson,chargetime_early_mean_qc,qd_early_std_qc,129,0.16500160235601785
all_labeled,ALL,none,spearman,chargetime_early_mean_qc,qd_early_std_qc,129,-0.021958855098389986
all_labeled,ALL,within_batch_mean_centered,pearson,chargetime_early_mean_qc,qd_early_std_qc,129,0.25754921913356627
all_labeled,ALL,none,pearson,chargetime_early_mean_qc,qd_early_slope_qc,129,0.04116732406115437
all_labeled,ALL,none,spearman,chargetime_early_mean_qc,qd_early_slope_qc,129,0.3156529516994634
all_labeled,ALL,within_batch_mean_centered,pearson,chargetime_early_mean_qc,qd_early_slope_qc,129,0.07076196358517328
all_labeled,ALL,none,pearson,chargetime_early_mean_qc,qd2_qc,129,-0.060597418371169054
all_labeled,ALL,none,spearman,chargetime_early_mean_qc,qd2_qc,129,0.1981104651162791
all_labeled,ALL,within_batch_mean_centered,pearson,chargetime_early_mean_qc,qd2_qc,129,-0.11397110739750732
all_labeled,ALL,none,pearson,chargetime_early_mean_qc,qd100_qc,129,0.023336599915749698
all_labeled,ALL,none,spearman,chargetime_early_mean_qc,qd100_qc,129,0.2512186940966011
all_labeled,ALL,within_batch_mean_centered,pearson,chargetime_early_mean_qc,qd100_qc,129,0.011852047964070286
all_labeled,ALL,none,pearson,chargetime_early_mean_qc,qd_delta_100_2_qc,129,0.24780948934876423
all_labeled,ALL,none,spearman,chargetime_early_mean_qc,qd_delta_100_2_qc,129,0.3630925760286226
all_labeled,ALL,within_batch_mean_centered,pearson,chargetime_early_mean_qc,qd_delta_100_2_qc,129,0.2122100874865008
all_labeled,ALL,none,pearson,qd_early_mean_qc,qd_early_std,129,-0.02384553307615689
all_labeled,ALL,none,spearman,qd_early_mean_qc,qd_early_std,129,0.4631596601073346
all_labeled,ALL,within_batch_mean_centered,pearson,qd_early_mean_qc,qd_early_std,129,-0.17496853922372124
all_labeled,ALL,none,pearson,qd_early_mean_qc,qd_early_median,129,0.9990875643423813
all_labeled,ALL,none,spearman,qd_early_mean_qc,qd_early_median,129,0.9989210644007158
all_labeled,ALL,within_batch_mean_centered,pearson,qd_early_mean_qc,qd_early_median,129,0.9973881235595888
all_labeled,ALL,none,pearson,qd_early_mean_qc,qd_early_slope,129,0.33240947405572785
all_labeled,ALL,none,spearman,qd_early_mean_qc,qd_early_slope,129,0.3011907423971378
all_labeled,ALL,within_batch_mean_centered,pearson,qd_early_mean_qc,qd_early_slope,129,0.34674457962109473
all_labeled,ALL,none,pearson,qd_early_mean_qc,tavg_early_mean,129,-0.4966295768594704
all_labeled,ALL,none,spearman,qd_early_mean_qc,tavg_early_mean,129,-0.4411896243291593
all_labeled,ALL,within_batch_mean_centered,pearson,qd_early_mean_qc,tavg_early_mean,129,-0.3055889820995462
all_labeled,ALL,none,pearson,qd_early_mean_qc,tmax_early_mean,129,-0.2894748359667639
all_labeled,ALL,none,spearman,qd_early_mean_qc,tmax_early_mean,129,-0.2577370304114491
all_labeled,ALL,within_batch_mean_centered,pearson,qd_early_mean_qc,tmax_early_mean,129,-0.2732864341941587
all_labeled,ALL,none,pearson,qd_early_mean_qc,qd_early_std_qc,129,0.16027195240334108
all_labeled,ALL,none,spearman,qd_early_mean_qc,qd_early_std_qc,129,0.478343023255814
all_labeled,ALL,within_batch_mean_centered,pearson,qd_early_mean_qc,qd_early_std_qc,129,-0.12965110087340978
all_labeled,ALL,none,pearson,qd_early_mean_qc,qd_early_slope_qc,129,0.3365198790265803
all_labeled,ALL,none,spearman,qd_early_mean_qc,qd_early_slope_qc,129,0.2980657423971378
all_labeled,ALL,within_batch_mean_centered,pearson,qd_early_mean_qc,qd_early_slope_qc,129,0.32377296646945464
all_labeled,ALL,none,pearson,qd_early_std_qc,tavg_early_mean,129,-0.11018188941927246
all_labeled,ALL,none,spearman,qd_early_std_qc,tavg_early_mean,129,-0.17435711091234352
all_labeled,ALL,within_batch_mean_centered,pearson,qd_early_std_qc,tavg_early_mean,129,-0.02330749795030533
all_labeled,ALL,none,pearson,qd_early_std_qc,tmax_early_mean,129,-0.0006779004521464474
all_labeled,ALL,none,spearman,qd_early_std_qc,tmax_early_mean,129,0.0006987924865831844
all_labeled,ALL,within_batch_mean_centered,pearson,qd_early_std_qc,tmax_early_mean,129,0.033996916187324866
all_labeled,ALL,none,pearson,qd_early_slope_qc,qd_early_std,129,-0.17137708068565416
all_labeled,ALL,none,spearman,qd_early_slope_qc,qd_early_std,129,-0.002638640429338104
all_labeled,ALL,within_batch_mean_centered,pearson,qd_early_slope_qc,qd_early_std,129,-0.19028959821358798
all_labeled,ALL,none,pearson,qd_early_slope_qc,tavg_early_mean,129,-0.19430438615119788
all_labeled,ALL,none,spearman,qd_early_slope_qc,tavg_early_mean,129,-0.3202482110912344
all_labeled,ALL,within_batch_mean_centered,pearson,qd_early_slope_qc,tavg_early_mean,129,-0.15466243896447684
all_labeled,ALL,none,pearson,qd_early_slope_qc,tmax_early_mean,129,-0.10486044027520333
all_labeled,ALL,none,spearman,qd_early_slope_qc,tmax_early_mean,129,-0.20969364937388196
all_labeled,ALL,within_batch_mean_centered,pearson,qd_early_slope_qc,tmax_early_mean,129,-0.08473501004818826
all_labeled,ALL,none,pearson,qd_early_slope_qc,qd_early_std_qc,129,-0.3768044808386353
all_labeled,ALL,none,spearman,qd_early_slope_qc,qd_early_std_qc,129,0.009822227191413239
all_labeled,ALL,within_batch_mean_centered,pearson,qd_early_slope_qc,qd_early_std_qc,129,-0.4641834319870215
all_labeled,ALL,none,pearson,qd2_qc,qd_early_mean,129,0.9746875046617809
all_labeled,ALL,none,spearman,qd2_qc,qd_early_mean,129,0.9746701699463329
all_labeled,ALL,within_batch_mean_centered,pearson,qd2_qc,qd_early_mean,129,0.9332548855620754
all_labeled,ALL,none,pearson,qd2_qc,qd_early_std,129,-0.016999799552988318
all_labeled,ALL,none,spearman,qd2_qc,qd_early_std,129,0.5045896690518784
all_labeled,ALL,within_batch_mean_centered,pearson,qd2_qc,qd_early_std,129,-0.15863790936768424
all_labeled,ALL,none,pearson,qd2_qc,qd_early_median,129,0.9816768801376226
all_labeled,ALL,none,spearman,qd2_qc,qd_early_median,129,0.9865720035778177
all_labeled,ALL,within_batch_mean_centered,pearson,qd2_qc,qd_early_median,129,0.9504997057856142
all_labeled,ALL,none,pearson,qd2_qc,qd_delta_100_2,129,0.14455878113764348
all_labeled,ALL,none,spearman,qd2_qc,qd_delta_100_2,129,0.17691189624329162
all_labeled,ALL,within_batch_mean_centered,pearson,qd2_qc,qd_delta_100_2,129,0.03804961647158862
all_labeled,ALL,none,pearson,qd2_qc,qd_early_slope,129,0.20610348307712742
all_labeled,ALL,none,spearman,qd2_qc,qd_early_slope,129,0.2051710644007156
all_labeled,ALL,within_batch_mean_centered,pearson,qd2_qc,qd_early_slope,129,0.11652110697179982
all_labeled,ALL,none,pearson,qd2_qc,tavg_early_mean,129,-0.44867744394705805
all_labeled,ALL,none,spearman,qd2_qc,tavg_early_mean,129,-0.41425536672629704
all_labeled,ALL,within_batch_mean_centered,pearson,qd2_qc,tavg_early_mean,129,-0.25218361238317355
all_labeled,ALL,none,pearson,qd2_qc,tmax_early_mean,129,-0.2590997446157509
all_labeled,ALL,none,spearman,qd2_qc,tmax_early_mean,129,-0.23803108228980324
all_labeled,ALL,within_batch_mean_centered,pearson,qd2_qc,tmax_early_mean,129,-0.24309650141898909
all_labeled,ALL,none,pearson,qd2_qc,qd_early_mean_qc,129,0.9804794903203753
all_labeled,ALL,none,spearman,qd2_qc,qd_early_mean_qc,129,0.9849060822898034
all_labeled,ALL,within_batch_mean_centered,pearson,qd2_qc,qd_early_mean_qc,129,0.9485869269004665
all_labeled,ALL,none,pearson,qd2_qc,qd_early_std_qc,129,0.17520049381290287
all_labeled,ALL,none,spearman,qd2_qc,qd_early_std_qc,129,0.5208966905187836
all_labeled,ALL,within_batch_mean_centered,pearson,qd2_qc,qd_early_std_qc,129,-0.1226298530592094
all_labeled,ALL,none,pearson,qd2_qc,qd_early_slope_qc,129,0.19846181605908964
all_labeled,ALL,none,spearman,qd2_qc,qd_early_slope_qc,129,0.20096712880143117
all_labeled,ALL,within_batch_mean_centered,pearson,qd2_qc,qd_early_slope_qc,129,0.07597003489465802
all_labeled,ALL,none,pearson,qd2_qc,qd_delta_100_2_qc,129,0.14455878113764348
all_labeled,ALL,none,spearman,qd2_qc,qd_delta_100_2_qc,129,0.17691189624329162
all_labeled,ALL,within_batch_mean_centered,pearson,qd2_qc,qd_delta_100_2_qc,129,0.03804961647158862
all_labeled,ALL,none,pearson,qd100_qc,qd_early_mean,129,0.9810860301378488
all_labeled,ALL,none,spearman,qd100_qc,qd_early_mean,129,0.9781753130590342
all_labeled,ALL,within_batch_mean_centered,pearson,qd100_qc,qd_early_mean,129,0.9500417054133132
all_labeled,ALL,none,pearson,qd100_qc,qd_early_std,129,-0.0426133706356131
all_labeled,ALL,none,spearman,qd100_qc,qd_early_std,129,0.42993627012522373
all_labeled,ALL,within_batch_mean_centered,pearson,qd100_qc,qd_early_std,129,-0.19230663244617233
all_labeled,ALL,none,pearson,qd100_qc,qd_early_median,129,0.9871794890150876
all_labeled,ALL,none,spearman,qd100_qc,qd_early_median,129,0.9878969141323793
all_labeled,ALL,within_batch_mean_centered,pearson,qd100_qc,qd_early_median,129,0.9661481040951849
all_labeled,ALL,none,pearson,qd100_qc,qd2,129,0.950070660409038
all_labeled,ALL,none,spearman,qd100_qc,qd2,129,0.9607949463327373
all_labeled,ALL,within_batch_mean_centered,pearson,qd100_qc,qd2,129,0.861489039847021
all_labeled,ALL,none,pearson,qd100_qc,qd_delta_100_2,129,0.44609834786690017
all_labeled,ALL,none,spearman,qd100_qc,qd_delta_100_2,129,0.3793492844364938
all_labeled,ALL,within_batch_mean_centered,pearson,qd100_qc,qd_delta_100_2,129,0.540187787507031
all_labeled,ALL,none,pearson,qd100_qc,qd_early_slope,129,0.43940519387387217
all_labeled,ALL,none,spearman,qd100_qc,qd_early_slope,129,0.3820605992844366
all_labeled,ALL,within_batch_mean_centered,pearson,qd100_qc,qd_early_slope,129,0.5132731802960926
all_labeled,ALL,none,pearson,qd100_qc,tavg_early_mean,129,-0.48863322643368645
all_labeled,ALL,none,spearman,qd100_qc,tavg_early_mean,129,-0.43936717352415033
all_labeled,ALL,within_batch_mean_centered,pearson,qd100_qc,tavg_early_mean,129,-0.3074445396037836
all_labeled,ALL,none,pearson,qd100_qc,tmax_early_mean,129,-0.2905779771363029
all_labeled,ALL,none,spearman,qd100_qc,tmax_early_mean,129,-0.2643000894454383
all_labeled,ALL,within_batch_mean_centered,pearson,qd100_qc,tmax_early_mean,129,-0.2752852155607844
all_labeled,ALL,none,pearson,qd100_qc,qd_early_mean_qc,129,0.988113334262557
all_labeled,ALL,none,spearman,qd100_qc,qd_early_mean_qc,129,0.9891491502683365
all_labeled,ALL,within_batch_mean_centered,pearson,qd100_qc,qd_early_mean_qc,129,0.9686521479367594
all_labeled,ALL,none,pearson,qd100_qc,qd_early_std_qc,129,0.12488445395718356
all_labeled,ALL,none,spearman,qd100_qc,qd_early_std_qc,129,0.44570661896243297
all_labeled,ALL,within_batch_mean_centered,pearson,qd100_qc,qd_early_std_qc,129,-0.1797032106546739
all_labeled,ALL,none,pearson,qd100_qc,qd_early_slope_qc,129,0.4508231396543905
all_labeled,ALL,none,spearman,qd100_qc,qd_early_slope_qc,129,0.37923188729874785
all_labeled,ALL,within_batch_mean_centered,pearson,qd100_qc,qd_early_slope_qc,129,0.5060187081765146
all_labeled,ALL,none,pearson,qd100_qc,qd2_qc,129,0.950070660409038
all_labeled,ALL,none,spearman,qd100_qc,qd2_qc,129,0.9607949463327373
all_labeled,ALL,within_batch_mean_centered,pearson,qd100_qc,qd2_qc,129,0.861489039847021
all_labeled,ALL,none,pearson,qd100_qc,qd_delta_100_2_qc,129,0.44609834786690017
all_labeled,ALL,none,spearman,qd100_qc,qd_delta_100_2_qc,129,0.3793492844364938
all_labeled,ALL,within_batch_mean_centered,pearson,qd100_qc,qd_delta_100_2_qc,129,0.540187787507031
all_labeled,ALL,none,pearson,qd_delta_100_2_qc,qd_early_mean,129,0.31551362779142883
all_labeled,ALL,none,spearman,qd_delta_100_2_qc,qd_early_mean,129,0.27875670840787126
all_labeled,ALL,within_batch_mean_centered,pearson,qd_delta_100_2_qc,qd_early_mean,129,0.3229340486192034
all_labeled,ALL,none,pearson,qd_delta_100_2_qc,qd_early_std,129,-0.08637247496546066
all_labeled,ALL,none,spearman,qd_delta_100_2_qc,qd_early_std,129,-0.014942978533094814
all_labeled,ALL,within_batch_mean_centered,pearson,qd_delta_100_2_qc,qd_early_std,129,-0.11553616901212674
all_labeled,ALL,none,pearson,qd_delta_100_2_qc,qd_early_median,129,0.3147895921249604
all_labeled,ALL,none,spearman,qd_delta_100_2_qc,qd_early_median,129,0.2868738819320215
all_labeled,ALL,within_batch_mean_centered,pearson,qd_delta_100_2_qc,qd_early_median,129,0.3260504838855779
all_labeled,ALL,none,pearson,qd_delta_100_2_qc,qd_early_slope,129,0.8022516616584595
all_labeled,ALL,none,spearman,qd_delta_100_2_qc,qd_early_slope,129,0.8402504472271916
all_labeled,ALL,within_batch_mean_centered,pearson,qd_delta_100_2_qc,qd_early_slope,129,0.816981624989469
all_labeled,ALL,none,pearson,qd_delta_100_2_qc,tavg_early_mean,129,-0.26260407015339066
all_labeled,ALL,none,spearman,qd_delta_100_2_qc,tavg_early_mean,129,-0.367430679785331
all_labeled,ALL,within_batch_mean_centered,pearson,qd_delta_100_2_qc,tavg_early_mean,129,-0.18708670699928953
all_labeled,ALL,none,pearson,qd_delta_100_2_qc,tmax_early_mean,129,-0.1782996310791554
all_labeled,ALL,none,spearman,qd_delta_100_2_qc,tmax_early_mean,129,-0.24043492844364941
all_labeled,ALL,within_batch_mean_centered,pearson,qd_delta_100_2_qc,tmax_early_mean,129,-0.13885910343994562
all_labeled,ALL,none,pearson,qd_delta_100_2_qc,qd_early_mean_qc,129,0.32118529144170194
all_labeled,ALL,none,spearman,qd_delta_100_2_qc,qd_early_mean_qc,129,0.2962656529516995
all_labeled,ALL,within_batch_mean_centered,pearson,qd_delta_100_2_qc,qd_early_mean_qc,129,0.3341483809141147
all_labeled,ALL,none,pearson,qd_delta_100_2_qc,qd_early_std_qc,129,-0.10649110552133771
all_labeled,ALL,none,spearman,qd_delta_100_2_qc,qd_early_std_qc,129,-0.003320661896243292
all_labeled,ALL,within_batch_mean_centered,pearson,qd_delta_100_2_qc,qd_early_std_qc,129,-0.15040997384036978
all_labeled,ALL,none,pearson,qd_delta_100_2_qc,qd_early_slope_qc,129,0.8603771694993477
all_labeled,ALL,none,spearman,qd_delta_100_2_qc,qd_early_slope_qc,129,0.8401218694096603
all_labeled,ALL,within_batch_mean_centered,pearson,qd_delta_100_2_qc,qd_early_slope_qc,129,0.869911074837487
all_labeled,B1,none,pearson,qd_early_mean,qd_early_std,46,0.07008663617339672
all_labeled,B1,none,spearman,qd_early_mean,qd_early_std,46,-0.0549491211840888
all_labeled,B1,none,pearson,qd_early_mean,qd_early_median,46,0.9286385622540395
all_labeled,B1,none,spearman,qd_early_mean,qd_early_median,46,0.9287079864323158
all_labeled,B1,none,pearson,qd_early_mean,qd_early_slope,46,-0.04289687385379776
all_labeled,B1,none,spearman,qd_early_mean,qd_early_slope,46,-0.19210607462226334
all_labeled,B1,none,pearson,qd_early_mean,tavg_early_mean,46,-0.18818346522011595
all_labeled,B1,none,spearman,qd_early_mean,tavg_early_mean,46,-0.14979956830095592
all_labeled,B1,none,pearson,qd_early_mean,tmax_early_mean,46,-0.2005968787670606
all_labeled,B1,none,spearman,qd_early_mean,tmax_early_mean,46,-0.09010175763182238
all_labeled,B1,none,pearson,qd_early_mean,qd_early_mean_qc,46,0.9309465756265546
all_labeled,B1,none,spearman,qd_early_mean,qd_early_mean_qc,46,0.9348751156336725
all_labeled,B1,none,pearson,qd_early_mean,qd_early_std_qc,46,-0.06157352218297956
all_labeled,B1,none,spearman,qd_early_mean,qd_early_std_qc,46,-0.0629663891458526
all_labeled,B1,none,pearson,qd_early_mean,qd_early_slope_qc,46,0.01678343201646544
all_labeled,B1,none,spearman,qd_early_mean,qd_early_slope_qc,46,-0.18408880666049954
all_labeled,B1,none,pearson,qd_early_std,tavg_early_mean,46,-0.1698116096064073
all_labeled,B1,none,spearman,qd_early_std,tavg_early_mean,46,-0.40302189330866484
all_labeled,B1,none,pearson,qd_early_std,tmax_early_mean,46,-0.054906598413947835
all_labeled,B1,none,spearman,qd_early_std,tmax_early_mean,46,-0.2967005858772741
all_labeled,B1,none,pearson,qd_early_std,qd_early_std_qc,46,0.23866907781094096
all_labeled,B1,none,spearman,qd_early_std,qd_early_std_qc,46,0.9992599444958371
all_labeled,B1,none,pearson,qd_early_median,qd_early_std,46,-0.3038208091888072
all_labeled,B1,none,spearman,qd_early_median,qd_early_std,46,-0.13993216157878507
all_labeled,B1,none,pearson,qd_early_median,qd_early_slope,46,0.2582079948031993
all_labeled,B1,none,spearman,qd_early_median,qd_early_slope,46,-0.07431390687634905
all_labeled,B1,none,pearson,qd_early_median,tavg_early_mean,46,-0.12239566291301993
all_labeled,B1,none,spearman,qd_early_median,tavg_early_mean,46,-0.07468393462843045
all_labeled,B1,none,pearson,qd_early_median,tmax_early_mean,46,-0.17557384450901403
all_labeled,B1,none,spearman,qd_early_median,tmax_early_mean,46,-0.0507554733271662
all_labeled,B1,none,pearson,qd_early_median,qd_early_std_qc,46,-0.14464352039555597
all_labeled,B1,none,spearman,qd_early_median,qd_early_std_qc,46,-0.13598519888991673
all_labeled,B1,none,pearson,qd_early_median,qd_early_slope_qc,46,0.12259908017406936
all_labeled,B1,none,spearman,qd_early_median,qd_early_slope_qc,46,-0.0782608695652174
all_labeled,B1,none,pearson,qd2,qd_early_mean,46,0.9177702519716467
all_labeled,B1,none,spearman,qd2,qd_early_mean,46,0.8986123959296947
all_labeled,B1,none,pearson,qd2,qd_early_std,46,-0.2683639756450822
all_labeled,B1,none,spearman,qd2,qd_early_std,46,-0.21344434165895776
all_labeled,B1,none,pearson,qd2,qd_early_median,46,0.9781303311246162
all_labeled,B1,none,spearman,qd2,qd_early_median,46,0.9729879740980574
all_labeled,B1,none,pearson,qd2,qd_delta_100_2,46,-0.16471444070268298
all_labeled,B1,none,spearman,qd2,qd_delta_100_2,46,-0.31705211224175145
all_labeled,B1,none,pearson,qd2,qd_early_slope,46,0.15494365464171356
all_labeled,B1,none,spearman,qd2,qd_early_slope,46,-0.20715386987357384
all_labeled,B1,none,pearson,qd2,tavg_early_mean,46,-0.0826376823456123
all_labeled,B1,none,spearman,qd2,tavg_early_mean,46,-0.011039161270428614
all_labeled,B1,none,pearson,qd2,tmax_early_mean,46,-0.15246679368421884
all_labeled,B1,none,spearman,qd2,tmax_early_mean,46,-0.012519272278754238
all_labeled,B1,none,pearson,qd2,qd_early_mean_qc,46,0.9699259147002587
all_labeled,B1,none,spearman,qd2,qd_early_mean_qc,46,0.9639839654640764
all_labeled,B1,none,pearson,qd2,qd_early_std_qc,46,-0.16493875103704422
all_labeled,B1,none,spearman,qd2,qd_early_std_qc,46,-0.2083872957138452
all_labeled,B1,none,pearson,qd2,qd_early_slope_qc,46,0.012425774002758044
all_labeled,B1,none,spearman,qd2,qd_early_slope_qc,46,-0.21221091581868637
all_labeled,B1,none,pearson,qd2,qd2_qc,46,1.0
all_labeled,B1,none,spearman,qd2,qd2_qc,46,1.0
all_labeled,B1,none,pearson,qd2,qd_delta_100_2_qc,46,-0.16471444070268298
all_labeled,B1,none,spearman,qd2,qd_delta_100_2_qc,46,-0.31705211224175145
all_labeled,B1,none,pearson,qd100,qd_early_mean,46,0.897811729689101
all_labeled,B1,none,spearman,qd100,qd_early_mean,46,0.9092198581560285
all_labeled,B1,none,pearson,qd100,qd_early_std,46,-0.3381234901500412
all_labeled,B1,none,spearman,qd100,qd_early_std,46,-0.19568300955905027
all_labeled,B1,none,pearson,qd100,qd_early_median,46,0.9788177344071203
all_labeled,B1,none,spearman,qd100,qd_early_median,46,0.9700277520814061
all_labeled,B1,none,pearson,qd100,qd2,46,0.9230857806532511
all_labeled,B1,none,spearman,qd100,qd2,46,0.9192106074622263
all_labeled,B1,none,pearson,qd100,qd_delta_100_2,46,0.22729551049975416
all_labeled,B1,none,spearman,qd100,qd_delta_100_2,46,-0.04865864939870491
all_labeled,B1,none,pearson,qd100,qd_early_slope,46,0.3642798084410985
all_labeled,B1,none,spearman,qd100,qd_early_slope,46,0.04175146469318532
all_labeled,B1,none,pearson,qd100,tavg_early_mean,46,-0.11460428499402556
all_labeled,B1,none,spearman,qd100,tavg_early_mean,46,-0.10428615479494294
all_labeled,B1,none,pearson,qd100,tmax_early_mean,46,-0.16425296209184606
all_labeled,B1,none,spearman,qd100,tmax_early_mean,46,-0.08553808202281836
all_labeled,B1,none,pearson,qd100,qd_early_mean_qc,46,0.9798565246647197
all_labeled,B1,none,spearman,qd100,qd_early_mean_qc,46,0.9744680851063829
all_labeled,B1,none,pearson,qd100,qd_early_std_qc,46,-0.1344996669011074
all_labeled,B1,none,spearman,qd100,qd_early_std_qc,46,-0.19432624113475178
all_labeled,B1,none,pearson,qd100,qd_early_slope_qc,46,0.240107360555675
all_labeled,B1,none,spearman,qd100,qd_early_slope_qc,46,0.04039469626888683
all_labeled,B1,none,pearson,qd100,qd2_qc,46,0.9230857806532511
all_labeled,B1,none,spearman,qd100,qd2_qc,46,0.9192106074622263
all_labeled,B1,none,pearson,qd100,qd100_qc,46,0.9999999999999999
all_labeled,B1,none,spearman,qd100,qd100_qc,46,1.0
all_labeled,B1,none,pearson,qd100,qd_delta_100_2_qc,46,0.22729551049975416
all_labeled,B1,none,spearman,qd100,qd_delta_100_2_qc,46,-0.04865864939870491
all_labeled,B1,none,pearson,qd_delta_100_2,qd_early_mean,46,-0.021320122129365654
all_labeled,B1,none,spearman,qd_delta_100_2,qd_early_mean,46,-0.23478260869565218
all_labeled,B1,none,pearson,qd_delta_100_2,qd_early_std,46,-0.18764038490331306
all_labeled,B1,none,spearman,qd_delta_100_2,qd_early_std,46,0.24662349676225717
all_labeled,B1,none,pearson,qd_delta_100_2,qd_early_median,46,0.03359325798262913
all_labeled,B1,none,spearman,qd_delta_100_2,qd_early_median,46,-0.1610237434474252
all_labeled,B1,none,pearson,qd_delta_100_2,qd_early_slope,46,0.541911774480424
all_labeled,B1,none,spearman,qd_delta_100_2,qd_early_slope,46,0.8764107308048102
all_labeled,B1,none,pearson,qd_delta_100_2,tavg_early_mean,46,-0.08467167618752369
all_labeled,B1,none,spearman,qd_delta_100_2,tavg_early_mean,46,-0.2310823311748381
all_labeled,B1,none,pearson,qd_delta_100_2,tmax_early_mean,46,-0.0351887261546812
all_labeled,B1,none,spearman,qd_delta_100_2,tmax_early_mean,46,-0.15979031760715387
all_labeled,B1,none,pearson,qd_delta_100_2,qd_early_mean_qc,46,0.05703166688140354
all_labeled,B1,none,spearman,qd_delta_100_2,qd_early_mean_qc,46,-0.1486894850447117
all_labeled,B1,none,pearson,qd_delta_100_2,qd_early_std_qc,46,0.07269752383891237
all_labeled,B1,none,spearman,qd_delta_100_2,qd_early_std_qc,46,0.25094048720320694
all_labeled,B1,none,pearson,qd_delta_100_2,qd_early_slope_qc,46,0.5843231878571493
all_labeled,B1,none,spearman,qd_delta_100_2,qd_early_slope_qc,46,0.8720937403638607
all_labeled,B1,none,pearson,qd_delta_100_2,qd_delta_100_2_qc,46,1.0
all_labeled,B1,none,spearman,qd_delta_100_2,qd_delta_100_2_qc,46,1.0
all_labeled,B1,none,pearson,qd_early_slope,qd_early_std,46,-0.8279944953894782
all_labeled,B1,none,spearman,qd_early_slope,qd_early_std,46,0.10058587727412889
all_labeled,B1,none,pearson,qd_early_slope,tavg_early_mean,46,0.1430241618882917
all_labeled,B1,none,spearman,qd_early_slope,tavg_early_mean,46,-0.1452358926919519
all_labeled,B1,none,pearson,qd_early_slope,tmax_early_mean,46,0.04205712279521326
all_labeled,B1,none,spearman,qd_early_slope,tmax_early_mean,46,-0.1169904409497379
all_labeled,B1,none,pearson,qd_early_slope,qd_early_std_qc,46,-0.5292686422246669
all_labeled,B1,none,spearman,qd_early_slope,qd_early_std_qc,46,0.1013259327782917
all_labeled,B1,none,pearson,qd_early_slope,qd_early_slope_qc,46,0.7866862591829311
all_labeled,B1,none,spearman,qd_early_slope,qd_early_slope_qc,46,0.9992599444958371
all_labeled,B1,none,pearson,ir_early_mean,qd_early_mean,46,0.22251632319668593
all_labeled,B1,none,spearman,ir_early_mean,qd_early_mean,46,0.190009250693802
all_labeled,B1,none,pearson,ir_early_mean,qd_early_std,46,0.4516482248005092
all_labeled,B1,none,spearman,ir_early_mean,qd_early_std,46,0.015849522047486894
all_labeled,B1,none,pearson,ir_early_mean,qd_early_median,46,0.030613096491391694
all_labeled,B1,none,spearman,ir_early_mean,qd_early_median,46,0.08862164662349675
all_labeled,B1,none,pearson,ir_early_mean,qd2,46,-0.05595530424080176
all_labeled,B1,none,spearman,ir_early_mean,qd2,46,0.01091581868640148
all_labeled,B1,none,pearson,ir_early_mean,qd100,46,0.1268749837092426
all_labeled,B1,none,spearman,ir_early_mean,qd100,46,0.14745605920444033
all_labeled,B1,none,pearson,ir_early_mean,qd_delta_100_2,46,0.46707098365216526
all_labeled,B1,none,spearman,ir_early_mean,qd_delta_100_2,46,0.32926302806043783
all_labeled,B1,none,pearson,ir_early_mean,qd_early_slope,46,-0.08794777491827235
all_labeled,B1,none,spearman,ir_early_mean,qd_early_slope,46,0.29201356768424297
all_labeled,B1,none,pearson,ir_early_mean,ir_early_slope,46,-0.4231662639886667
all_labeled,B1,none,spearman,ir_early_mean,ir_early_slope,46,0.0005550416281221092
all_labeled,B1,none,pearson,ir_early_mean,ir_zero_fraction_early,46,-0.31730824213578757
all_labeled,B1,none,spearman,ir_early_mean,ir_zero_fraction_early,46,-0.19770256388614393
all_labeled,B1,none,pearson,ir_early_mean,tavg_early_mean,46,-0.1941945853965104
all_labeled,B1,none,spearman,ir_early_mean,tavg_early_mean,46,-0.30693802035152634
all_labeled,B1,none,pearson,ir_early_mean,ir_missing_fraction_early,46,-0.31730824213578757
all_labeled,B1,none,spearman,ir_early_mean,ir_missing_fraction_early,46,-0.19770256388614393
all_labeled,B1,none,pearson,ir_early_mean,tmax_early_mean,46,-0.11286243882952021
all_labeled,B1,none,spearman,ir_early_mean,tmax_early_mean,46,-0.2213382670366944
all_labeled,B1,none,pearson,ir_early_mean,qd_early_mean_qc,46,0.042720284592681304
all_labeled,B1,none,spearman,ir_early_mean,qd_early_mean_qc,46,0.09515880357693493
all_labeled,B1,none,pearson,ir_early_mean,qd_early_std_qc,46,-0.011913818722951717
all_labeled,B1,none,spearman,ir_early_mean,qd_early_std_qc,46,0.0020351526364477336
all_labeled,B1,none,pearson,ir_early_mean,qd_early_slope_qc,46,0.2903448275175839
all_labeled,B1,none,spearman,ir_early_mean,qd_early_slope_qc,46,0.30582793709528217
all_labeled,B1,none,pearson,ir_early_mean,qd2_qc,46,-0.05595530424080176
all_labeled,B1,none,spearman,ir_early_mean,qd2_qc,46,0.01091581868640148
all_labeled,B1,none,pearson,ir_early_mean,qd100_qc,46,0.1268749837092426
all_labeled,B1,none,spearman,ir_early_mean,qd100_qc,46,0.14745605920444033
all_labeled,B1,none,pearson,ir_early_mean,qd_delta_100_2_qc,46,0.46707098365216526
all_labeled,B1,none,spearman,ir_early_mean,qd_delta_100_2_qc,46,0.32926302806043783
all_labeled,B1,none,pearson,ir_change_100_2,qd_early_mean,46,0.004321427018202401
all_labeled,B1,none,spearman,ir_change_100_2,qd_early_mean,46,0.1205673758865248
all_labeled,B1,none,pearson,ir_change_100_2,qd_early_std,46,-0.952290865169864
all_labeled,B1,none,spearman,ir_change_100_2,qd_early_std,46,-0.5655874190564292
all_labeled,B1,none,pearson,ir_change_100_2,qd_early_median,46,0.353934655112668
all_labeled,B1,none,spearman,ir_change_100_2,qd_early_median,46,0.20888066604995373
all_labeled,B1,none,pearson,ir_change_100_2,qd2,46,0.30489023906513046
all_labeled,B1,none,spearman,ir_change_100_2,qd2,46,0.23737280296022198
all_labeled,B1,none,pearson,ir_change_100_2,qd100,46,0.41124643789028537
all_labeled,B1,none,spearman,ir_change_100_2,qd100,46,0.23293246993524513
all_labeled,B1,none,pearson,ir_change_100_2,qd_delta_100_2,46,0.28268594531011254
all_labeled,B1,none,spearman,ir_change_100_2,qd_delta_100_2,46,-0.2226950354609929
all_labeled,B1,none,pearson,ir_change_100_2,qd_early_slope,46,0.7486149896268751
all_labeled,B1,none,spearman,ir_change_100_2,qd_early_slope,46,-0.15917360468701816
all_labeled,B1,none,pearson,ir_change_100_2,ir_early_mean,46,-0.3719130032556837
all_labeled,B1,none,spearman,ir_change_100_2,ir_early_mean,46,-0.03916127042861548
all_labeled,B1,none,pearson,ir_change_100_2,ir_early_slope,46,0.9930732040235655
all_labeled,B1,none,spearman,ir_change_100_2,ir_early_slope,46,0.9378353376503237
all_labeled,B1,none,pearson,ir_change_100_2,ir_zero_fraction_early,46,-0.023632367939968098
all_labeled,B1,none,spearman,ir_change_100_2,ir_zero_fraction_early,46,-0.362774607519235
all_labeled,B1,none,pearson,ir_change_100_2,tavg_early_mean,46,0.1645234322509539
all_labeled,B1,none,spearman,ir_change_100_2,tavg_early_mean,46,0.3608387295713845
all_labeled,B1,none,pearson,ir_change_100_2,ir_missing_fraction_early,46,-0.023632367939968098
all_labeled,B1,none,spearman,ir_change_100_2,ir_missing_fraction_early,46,-0.362774607519235
all_labeled,B1,none,pearson,ir_change_100_2,tmax_early_mean,46,0.061892619633081666
all_labeled,B1,none,spearman,ir_change_100_2,tmax_early_mean,46,0.2226950354609929
all_labeled,B1,none,pearson,ir_change_100_2,qd_early_mean_qc,46,0.36167081377946686
all_labeled,B1,none,spearman,ir_change_100_2,qd_early_mean_qc,46,0.21344434165895776
all_labeled,B1,none,pearson,ir_change_100_2,qd_early_std_qc,46,-0.0210519209738304
all_labeled,B1,none,spearman,ir_change_100_2,qd_early_std_qc,46,-0.5639839654640765
all_labeled,B1,none,pearson,ir_change_100_2,qd_early_slope_qc,46,0.2007106475394656
all_labeled,B1,none,spearman,ir_change_100_2,qd_early_slope_qc,46,-0.16077705827937097
all_labeled,B1,none,pearson,ir_change_100_2,qd2_qc,46,0.30489023906513046
all_labeled,B1,none,spearman,ir_change_100_2,qd2_qc,46,0.23737280296022198
all_labeled,B1,none,pearson,ir_change_100_2,qd100_qc,46,0.41124643789028537
all_labeled,B1,none,spearman,ir_change_100_2,qd100_qc,46,0.23293246993524513
all_labeled,B1,none,pearson,ir_change_100_2,qd_delta_100_2_qc,46,0.28268594531011254
all_labeled,B1,none,spearman,ir_change_100_2,qd_delta_100_2_qc,46,-0.2226950354609929
all_labeled,B1,none,pearson,ir_early_slope,qd_early_mean,46,-0.054054590920989846
all_labeled,B1,none,spearman,ir_early_slope,qd_early_mean,46,0.057169287696577246
all_labeled,B1,none,pearson,ir_early_slope,qd_early_std,46,-0.9711195775569029
all_labeled,B1,none,spearman,ir_early_slope,qd_early_std,46,-0.7038544557508479
all_labeled,B1,none,pearson,ir_early_slope,qd_early_median,46,0.30684712478836024
all_labeled,B1,none,spearman,ir_early_slope,qd_early_median,46,0.14646931853222325
all_labeled,B1,none,pearson,ir_early_slope,qd2,46,0.2636246803784586
all_labeled,B1,none,spearman,ir_early_slope,qd2,46,0.20851063829787236
all_labeled,B1,none,pearson,ir_early_slope,qd100,46,0.35430003569594337
all_labeled,B1,none,spearman,ir_early_slope,qd100,46,0.16312056737588654
all_labeled,B1,none,pearson,ir_early_slope,qd_delta_100_2,46,0.24112753326091577
all_labeled,B1,none,spearman,ir_early_slope,qd_delta_100_2,46,-0.3119950662966389
all_labeled,B1,none,pearson,ir_early_slope,qd_early_slope,46,0.7464325564301705
all_labeled,B1,none,spearman,ir_early_slope,qd_early_slope,46,-0.22405180388529136
all_labeled,B1,none,pearson,ir_early_slope,ir_zero_fraction_early,46,0.018349374029988055
all_labeled,B1,none,spearman,ir_early_slope,ir_zero_fraction_early,46,-0.48561891906014
all_labeled,B1,none,pearson,ir_early_slope,tavg_early_mean,46,0.17255072643050562
all_labeled,B1,none,spearman,ir_early_slope,tavg_early_mean,46,0.47110699969164355
all_labeled,B1,none,pearson,ir_early_slope,ir_missing_fraction_early,46,0.018349374029988055
all_labeled,B1,none,spearman,ir_early_slope,ir_missing_fraction_early,46,-0.48561891906014
all_labeled,B1,none,pearson,ir_early_slope,tmax_early_mean,46,0.07326597855946276
all_labeled,B1,none,spearman,ir_early_slope,tmax_early_mean,46,0.33752698119025587
all_labeled,B1,none,pearson,ir_early_slope,qd_early_mean_qc,46,0.31159268114263344
all_labeled,B1,none,spearman,ir_early_slope,qd_early_mean_qc,46,0.15004625346901015
all_labeled,B1,none,pearson,ir_early_slope,qd_early_std_qc,46,-0.03144310808917285
all_labeled,B1,none,spearman,ir_early_slope,qd_early_std_qc,46,-0.7023743447425224
all_labeled,B1,none,pearson,ir_early_slope,qd_early_slope_qc,46,0.18271610546856273
all_labeled,B1,none,spearman,ir_early_slope,qd_early_slope_qc,46,-0.22553191489361699
all_labeled,B1,none,pearson,ir_early_slope,qd2_qc,46,0.2636246803784586
all_labeled,B1,none,spearman,ir_early_slope,qd2_qc,46,0.20851063829787236
all_labeled,B1,none,pearson,ir_early_slope,qd100_qc,46,0.35430003569594337
all_labeled,B1,none,spearman,ir_early_slope,qd100_qc,46,0.16312056737588654
all_labeled,B1,none,pearson,ir_early_slope,qd_delta_100_2_qc,46,0.24112753326091577
all_labeled,B1,none,spearman,ir_early_slope,qd_delta_100_2_qc,46,-0.3119950662966389
all_labeled,B1,none,pearson,ir_zero_fraction_early,qd_early_mean,46,-0.0928284460605769
all_labeled,B1,none,spearman,ir_zero_fraction_early,qd_early_mean,46,-0.013436096574786482
all_labeled,B1,none,pearson,ir_zero_fraction_early,qd_early_std,46,-0.09022041046553553
all_labeled,B1,none,spearman,ir_zero_fraction_early,qd_early_std,46,0.5355244206236327
all_labeled,B1,none,pearson,ir_zero_fraction_early,qd_early_median,46,-0.036808178424593864
all_labeled,B1,none,spearman,ir_zero_fraction_early,qd_early_median,46,0.05182494393131929
all_labeled,B1,none,pearson,ir_zero_fraction_early,qd2,46,-0.07114573422356597
all_labeled,B1,none,spearman,ir_zero_fraction_early,qd2,46,-0.013436096574786482
all_labeled,B1,none,pearson,ir_zero_fraction_early,qd100,46,-0.09063716773966005
all_labeled,B1,none,spearman,ir_zero_fraction_early,qd100,46,-0.0019194423678266404
all_labeled,B1,none,pearson,ir_zero_fraction_early,qd_delta_100_2,46,-0.052303523034372634
all_labeled,B1,none,spearman,ir_zero_fraction_early,qd_delta_100_2,46,0.26296360439224975
all_labeled,B1,none,pearson,ir_zero_fraction_early,qd_early_slope,46,0.055988318894899095
all_labeled,B1,none,spearman,ir_zero_fraction_early,qd_early_slope,46,0.27448025859920955
all_labeled,B1,none,pearson,ir_zero_fraction_early,tavg_early_mean,46,-0.3732932826612727
all_labeled,B1,none,spearman,ir_zero_fraction_early,tavg_early_mean,46,-0.36277460751923507
all_labeled,B1,none,pearson,ir_zero_fraction_early,tmax_early_mean,46,-0.28231189798072776
all_labeled,B1,none,spearman,ir_zero_fraction_early,tmax_early_mean,46,-0.3051913364844358
all_labeled,B1,none,pearson,ir_zero_fraction_early,qd_early_mean_qc,46,-0.058769259646465045
all_labeled,B1,none,spearman,ir_zero_fraction_early,qd_early_mean_qc,46,0.017274981310439766
all_labeled,B1,none,pearson,ir_zero_fraction_early,qd_early_std_qc,46,-0.03691329357489906
all_labeled,B1,none,spearman,ir_zero_fraction_early,qd_early_std_qc,46,0.5432021900949392
all_labeled,B1,none,pearson,ir_zero_fraction_early,qd_early_slope_qc,46,0.005571033799732963
all_labeled,B1,none,spearman,ir_zero_fraction_early,qd_early_slope_qc,46,0.266802489127903
all_labeled,B1,none,pearson,ir_zero_fraction_early,qd2_qc,46,-0.07114573422356597
all_labeled,B1,none,spearman,ir_zero_fraction_early,qd2_qc,46,-0.013436096574786482
all_labeled,B1,none,pearson,ir_zero_fraction_early,qd100_qc,46,-0.09063716773966005
all_labeled,B1,none,spearman,ir_zero_fraction_early,qd100_qc,46,-0.0019194423678266404
all_labeled,B1,none,pearson,ir_zero_fraction_early,qd_delta_100_2_qc,46,-0.052303523034372634
all_labeled,B1,none,spearman,ir_zero_fraction_early,qd_delta_100_2_qc,46,0.26296360439224975
all_labeled,B1,none,pearson,tavg_early_mean,tmax_early_mean,46,0.955804383172012
all_labeled,B1,none,spearman,tavg_early_mean,tmax_early_mean,46,0.950786308973173
all_labeled,B1,none,pearson,ir_missing_fraction_early,qd_early_mean,46,-0.0928284460605769
all_labeled,B1,none,spearman,ir_missing_fraction_early,qd_early_mean,46,-0.013436096574786482
all_labeled,B1,none,pearson,ir_missing_fraction_early,qd_early_std,46,-0.09022041046553553
all_labeled,B1,none,spearman,ir_missing_fraction_early,qd_early_std,46,0.5355244206236327
all_labeled,B1,none,pearson,ir_missing_fraction_early,qd_early_median,46,-0.036808178424593864
all_labeled,B1,none,spearman,ir_missing_fraction_early,qd_early_median,46,0.05182494393131929
all_labeled,B1,none,pearson,ir_missing_fraction_early,qd2,46,-0.07114573422356597
all_labeled,B1,none,spearman,ir_missing_fraction_early,qd2,46,-0.013436096574786482
all_labeled,B1,none,pearson,ir_missing_fraction_early,qd100,46,-0.09063716773966005
all_labeled,B1,none,spearman,ir_missing_fraction_early,qd100,46,-0.0019194423678266404
all_labeled,B1,none,pearson,ir_missing_fraction_early,qd_delta_100_2,46,-0.052303523034372634
all_labeled,B1,none,spearman,ir_missing_fraction_early,qd_delta_100_2,46,0.26296360439224975
all_labeled,B1,none,pearson,ir_missing_fraction_early,qd_early_slope,46,0.055988318894899095
all_labeled,B1,none,spearman,ir_missing_fraction_early,qd_early_slope,46,0.27448025859920955
all_labeled,B1,none,pearson,ir_missing_fraction_early,ir_zero_fraction_early,46,0.9999999999999998
all_labeled,B1,none,spearman,ir_missing_fraction_early,ir_zero_fraction_early,46,1.0
all_labeled,B1,none,pearson,ir_missing_fraction_early,tavg_early_mean,46,-0.3732932826612727
all_labeled,B1,none,spearman,ir_missing_fraction_early,tavg_early_mean,46,-0.36277460751923507
all_labeled,B1,none,pearson,ir_missing_fraction_early,tmax_early_mean,46,-0.28231189798072776
all_labeled,B1,none,spearman,ir_missing_fraction_early,tmax_early_mean,46,-0.3051913364844358
all_labeled,B1,none,pearson,ir_missing_fraction_early,qd_early_mean_qc,46,-0.058769259646465045
all_labeled,B1,none,spearman,ir_missing_fraction_early,qd_early_mean_qc,46,0.017274981310439766
all_labeled,B1,none,pearson,ir_missing_fraction_early,qd_early_std_qc,46,-0.03691329357489906
all_labeled,B1,none,spearman,ir_missing_fraction_early,qd_early_std_qc,46,0.5432021900949392
all_labeled,B1,none,pearson,ir_missing_fraction_early,qd_early_slope_qc,46,0.005571033799732963
all_labeled,B1,none,spearman,ir_missing_fraction_early,qd_early_slope_qc,46,0.266802489127903
all_labeled,B1,none,pearson,ir_missing_fraction_early,qd2_qc,46,-0.07114573422356597
all_labeled,B1,none,spearman,ir_missing_fraction_early,qd2_qc,46,-0.013436096574786482
all_labeled,B1,none,pearson,ir_missing_fraction_early,qd100_qc,46,-0.09063716773966005
all_labeled,B1,none,spearman,ir_missing_fraction_early,qd100_qc,46,-0.0019194423678266404
all_labeled,B1,none,pearson,ir_missing_fraction_early,qd_delta_100_2_qc,46,-0.052303523034372634
all_labeled,B1,none,spearman,ir_missing_fraction_early,qd_delta_100_2_qc,46,0.26296360439224975
all_labeled,B1,none,pearson,chargetime_early_mean,qd_early_mean,46,-0.29576002258892575
all_labeled,B1,none,spearman,chargetime_early_mean,qd_early_mean,46,-0.31076164045636756
all_labeled,B1,none,pearson,chargetime_early_mean,qd_early_std,46,-0.08999561512491697
all_labeled,B1,none,spearman,chargetime_early_mean,qd_early_std,46,-0.013506012950971322
all_labeled,B1,none,pearson,chargetime_early_mean,qd_early_median,46,-0.25448751933214236
all_labeled,B1,none,spearman,chargetime_early_mean,qd_early_median,46,-0.24131976564909033
all_labeled,B1,none,pearson,chargetime_early_mean,qd2,46,-0.37100019154164804
all_labeled,B1,none,spearman,chargetime_early_mean,qd2,46,-0.33987049028677147
all_labeled,B1,none,pearson,chargetime_early_mean,qd100,46,-0.13939011157314363
all_labeled,B1,none,spearman,chargetime_early_mean,qd100,46,-0.1400555041628122
all_labeled,B1,none,pearson,chargetime_early_mean,qd_delta_100_2,46,0.5819208662628295
all_labeled,B1,none,spearman,chargetime_early_mean,qd_delta_100_2,46,0.6400863398088189
all_labeled,B1,none,pearson,chargetime_early_mean,qd_early_slope,46,0.2468654776105143
all_labeled,B1,none,spearman,chargetime_early_mean,qd_early_slope,46,0.5176071538698735
all_labeled,B1,none,pearson,chargetime_early_mean,ir_early_mean,46,0.26029926477782434
all_labeled,B1,none,spearman,chargetime_early_mean,ir_early_mean,46,0.2303422756706753
all_labeled,B1,none,pearson,chargetime_early_mean,ir_change_100_2,46,0.1358750212200853
all_labeled,B1,none,spearman,chargetime_early_mean,ir_change_100_2,46,-0.017206290471785384
all_labeled,B1,none,pearson,chargetime_early_mean,ir_early_slope,46,0.1274521163065006
all_labeled,B1,none,spearman,chargetime_early_mean,ir_early_slope,46,-0.03829787234042553
all_labeled,B1,none,pearson,chargetime_early_mean,ir_zero_fraction_early,46,-0.059627654208034515
all_labeled,B1,none,spearman,chargetime_early_mean,ir_zero_fraction_early,46,-0.05950271340262585
all_labeled,B1,none,pearson,chargetime_early_mean,tavg_early_mean,46,-0.19938895752927097
all_labeled,B1,none,spearman,chargetime_early_mean,tavg_early_mean,46,-0.10120259019426457
all_labeled,B1,none,pearson,chargetime_early_mean,ir_missing_fraction_early,46,-0.059627654208034515
all_labeled,B1,none,spearman,chargetime_early_mean,ir_missing_fraction_early,46,-0.05950271340262585
all_labeled,B1,none,pearson,chargetime_early_mean,tmax_early_mean,46,-0.13727194046959595
all_labeled,B1,none,spearman,chargetime_early_mean,tmax_early_mean,46,-0.08183780450200431
all_labeled,B1,none,pearson,chargetime_early_mean,chargetime_early_median,46,0.6802788519228966
all_labeled,B1,none,spearman,chargetime_early_mean,chargetime_early_median,46,0.8714770274437249
all_labeled,B1,none,pearson,chargetime_early_mean,chargetime_early_mean_qc,46,0.6827593340892029
all_labeled,B1,none,spearman,chargetime_early_mean,chargetime_early_mean_qc,46,0.877027443724946
all_labeled,B1,none,pearson,chargetime_early_mean,qd_early_mean_qc,46,-0.2317130375733879
all_labeled,B1,none,spearman,chargetime_early_mean,qd_early_mean_qc,46,-0.2213382670366944
all_labeled,B1,none,pearson,chargetime_early_mean,qd_early_std_qc,46,0.2068111498352698
all_labeled,B1,none,spearman,chargetime_early_mean,qd_early_std_qc,46,-0.008942337341967314
all_labeled,B1,none,pearson,chargetime_early_mean,qd_early_slope_qc,46,0.2230619375147157
all_labeled,B1,none,spearman,chargetime_early_mean,qd_early_slope_qc,46,0.5130434782608695
all_labeled,B1,none,pearson,chargetime_early_mean,qd2_qc,46,-0.37100019154164804
all_labeled,B1,none,spearman,chargetime_early_mean,qd2_qc,46,-0.33987049028677147
all_labeled,B1,none,pearson,chargetime_early_mean,qd100_qc,46,-0.13939011157314363
all_labeled,B1,none,spearman,chargetime_early_mean,qd100_qc,46,-0.1400555041628122
all_labeled,B1,none,pearson,chargetime_early_mean,qd_delta_100_2_qc,46,0.5819208662628295
all_labeled,B1,none,spearman,chargetime_early_mean,qd_delta_100_2_qc,46,0.6400863398088189
all_labeled,B1,none,pearson,chargetime_early_median,qd_early_mean,46,-0.11844193816723586
all_labeled,B1,none,spearman,chargetime_early_median,qd_early_mean,46,-0.17311131668208446
all_labeled,B1,none,pearson,chargetime_early_median,qd_early_std,46,-0.07121175712991551
all_labeled,B1,none,spearman,chargetime_early_median,qd_early_std,46,-0.15621338267036694
all_labeled,B1,none,pearson,chargetime_early_median,qd_early_median,46,-0.09559603284095815
all_labeled,B1,none,spearman,chargetime_early_median,qd_early_median,46,-0.11008325624421833
all_labeled,B1,none,pearson,chargetime_early_median,qd2,46,-0.2090394666865064
all_labeled,B1,none,spearman,chargetime_early_median,qd2,46,-0.21677459142769043
all_labeled,B1,none,pearson,chargetime_early_median,qd100,46,0.01957595818281474
all_labeled,B1,none,spearman,chargetime_early_median,qd100,46,-0.01671292013567684
all_labeled,B1,none,pearson,chargetime_early_median,qd_delta_100_2,46,0.5795112135203649
all_labeled,B1,none,spearman,chargetime_early_median,qd_delta_100_2,46,0.5452358926919518
all_labeled,B1,none,pearson,chargetime_early_median,qd_early_slope,46,0.16200551789623846
all_labeled,B1,none,spearman,chargetime_early_median,qd_early_slope,46,0.3935245143385754
all_labeled,B1,none,pearson,chargetime_early_median,ir_early_mean,46,0.28761961754922705
all_labeled,B1,none,spearman,chargetime_early_median,ir_early_mean,46,0.16595744680851063
all_labeled,B1,none,pearson,chargetime_early_median,ir_change_100_2,46,0.19927047519962934
all_labeled,B1,none,spearman,chargetime_early_median,ir_change_100_2,46,0.1393154486586494
all_labeled,B1,none,pearson,chargetime_early_median,ir_early_slope,46,0.1639704472613001
all_labeled,B1,none,spearman,chargetime_early_median,ir_early_slope,46,0.10687634905951279
all_labeled,B1,none,pearson,chargetime_early_median,ir_zero_fraction_early,46,0.07168379139116654
all_labeled,B1,none,spearman,chargetime_early_median,ir_zero_fraction_early,46,0.03646940498870617
all_labeled,B1,none,pearson,chargetime_early_median,tavg_early_mean,46,-0.2142086492951975
all_labeled,B1,none,spearman,chargetime_early_median,tavg_early_mean,46,-0.11390687634905951
all_labeled,B1,none,pearson,chargetime_early_median,ir_missing_fraction_early,46,0.07168379139116654
all_labeled,B1,none,spearman,chargetime_early_median,ir_missing_fraction_early,46,0.03646940498870617
all_labeled,B1,none,pearson,chargetime_early_median,tmax_early_mean,46,-0.14613597914506063
all_labeled,B1,none,spearman,chargetime_early_median,tmax_early_mean,46,-0.11032994141227258
all_labeled,B1,none,pearson,chargetime_early_median,qd_early_mean_qc,46,-0.05734865723930491
all_labeled,B1,none,spearman,chargetime_early_median,qd_early_mean_qc,46,-0.08245451742214
all_labeled,B1,none,pearson,chargetime_early_median,qd_early_std_qc,46,0.32203849623482694
all_labeled,B1,none,spearman,chargetime_early_median,qd_early_std_qc,46,-0.15127967930928155
all_labeled,B1,none,pearson,chargetime_early_median,qd_early_slope_qc,46,0.09344461202873261
all_labeled,B1,none,spearman,chargetime_early_median,qd_early_slope_qc,46,0.38859081097749
all_labeled,B1,none,pearson,chargetime_early_median,qd2_qc,46,-0.2090394666865064
all_labeled,B1,none,spearman,chargetime_early_median,qd2_qc,46,-0.21677459142769043
all_labeled,B1,none,pearson,chargetime_early_median,qd100_qc,46,0.01957595818281474
all_labeled,B1,none,spearman,chargetime_early_median,qd100_qc,46,-0.01671292013567684
all_labeled,B1,none,pearson,chargetime_early_median,qd_delta_100_2_qc,46,0.5795112135203649
all_labeled,B1,none,spearman,chargetime_early_median,qd_delta_100_2_qc,46,0.5452358926919518
all_labeled,B1,none,pearson,chargetime_early_mean_qc,qd_early_mean,46,-0.12095336161664887
all_labeled,B1,none,spearman,chargetime_early_mean_qc,qd_early_mean,46,-0.17927844588344127
all_labeled,B1,none,pearson,chargetime_early_mean_qc,qd_early_std,46,-0.07891361104323563
all_labeled,B1,none,spearman,chargetime_early_mean_qc,qd_early_std,46,-0.16632747456059202
all_labeled,B1,none,pearson,chargetime_early_mean_qc,qd_early_median,46,-0.09519317071525635
all_labeled,B1,none,spearman,chargetime_early_mean_qc,qd_early_median,46,-0.11686709836571077
all_labeled,B1,none,pearson,chargetime_early_mean_qc,qd2,46,-0.20902696156539316
all_labeled,B1,none,spearman,chargetime_early_mean_qc,qd2,46,-0.22170829478877582
all_labeled,B1,none,pearson,chargetime_early_mean_qc,qd100,46,0.020455808158445637
all_labeled,B1,none,spearman,chargetime_early_mean_qc,qd100,46,-0.026210299105766267
all_labeled,B1,none,pearson,chargetime_early_mean_qc,qd_delta_100_2,46,0.581736038337945
all_labeled,B1,none,spearman,chargetime_early_mean_qc,qd_delta_100_2,46,0.5256244218316374
all_labeled,B1,none,pearson,chargetime_early_mean_qc,qd_early_slope,46,0.16775905849744632
all_labeled,B1,none,spearman,chargetime_early_mean_qc,qd_early_slope,46,0.36996608078939247
all_labeled,B1,none,pearson,chargetime_early_mean_qc,ir_early_mean,46,0.28583861649561926
all_labeled,B1,none,spearman,chargetime_early_mean_qc,ir_early_mean,46,0.1734813444341659
all_labeled,B1,none,pearson,chargetime_early_mean_qc,ir_change_100_2,46,0.2068458105799953
all_labeled,B1,none,spearman,chargetime_early_mean_qc,ir_change_100_2,46,0.15312981806968853
all_labeled,B1,none,pearson,chargetime_early_mean_qc,ir_early_slope,46,0.171862264274293
all_labeled,B1,none,spearman,chargetime_early_mean_qc,ir_early_slope,46,0.12809127351218008
all_labeled,B1,none,pearson,chargetime_early_mean_qc,ir_zero_fraction_early,46,0.06811818287800255
all_labeled,B1,none,spearman,chargetime_early_mean_qc,ir_zero_fraction_early,46,0.009597211839133202
all_labeled,B1,none,pearson,chargetime_early_mean_qc,tavg_early_mean,46,-0.20964303843999946
all_labeled,B1,none,spearman,chargetime_early_mean_qc,tavg_early_mean,46,-0.09071847055195806
all_labeled,B1,none,pearson,chargetime_early_mean_qc,ir_missing_fraction_early,46,0.06811818287800255
all_labeled,B1,none,spearman,chargetime_early_mean_qc,ir_missing_fraction_early,46,0.009597211839133202
all_labeled,B1,none,pearson,chargetime_early_mean_qc,tmax_early_mean,46,-0.14193983417778655
all_labeled,B1,none,spearman,chargetime_early_mean_qc,tmax_early_mean,46,-0.08368794326241134
all_labeled,B1,none,pearson,chargetime_early_mean_qc,chargetime_early_median,46,0.999690361164347
all_labeled,B1,none,spearman,chargetime_early_mean_qc,chargetime_early_median,46,0.9944495837187789
all_labeled,B1,none,pearson,chargetime_early_mean_qc,qd_early_mean_qc,46,-0.056890929749959934
all_labeled,B1,none,spearman,chargetime_early_mean_qc,qd_early_mean_qc,46,-0.08849830403946961
all_labeled,B1,none,pearson,chargetime_early_mean_qc,qd_early_std_qc,46,0.32170714416692286
all_labeled,B1,none,spearman,chargetime_early_mean_qc,qd_early_std_qc,46,-0.16139377119950662
all_labeled,B1,none,pearson,chargetime_early_mean_qc,qd_early_slope_qc,46,0.09467508098211011
all_labeled,B1,none,spearman,chargetime_early_mean_qc,qd_early_slope_qc,46,0.36503237742830713
all_labeled,B1,none,pearson,chargetime_early_mean_qc,qd2_qc,46,-0.20902696156539316
all_labeled,B1,none,spearman,chargetime_early_mean_qc,qd2_qc,46,-0.22170829478877582
all_labeled,B1,none,pearson,chargetime_early_mean_qc,qd100_qc,46,0.020455808158445637
all_labeled,B1,none,spearman,chargetime_early_mean_qc,qd100_qc,46,-0.026210299105766267
all_labeled,B1,none,pearson,chargetime_early_mean_qc,qd_delta_100_2_qc,46,0.581736038337945
all_labeled,B1,none,spearman,chargetime_early_mean_qc,qd_delta_100_2_qc,46,0.5256244218316374
all_labeled,B1,none,pearson,qd_early_mean_qc,qd_early_std,46,-0.28784974924676054
all_labeled,B1,none,spearman,qd_early_mean_qc,qd_early_std,46,-0.15275979031760714
all_labeled,B1,none,pearson,qd_early_mean_qc,qd_early_median,46,0.9956578811417789
all_labeled,B1,none,spearman,qd_early_mean_qc,qd_early_median,46,0.9938328707986432
all_labeled,B1,none,pearson,qd_early_mean_qc,qd_early_slope,46,0.22217970871003623
all_labeled,B1,none,spearman,qd_early_mean_qc,qd_early_slope,46,-0.09947579401788467
all_labeled,B1,none,pearson,qd_early_mean_qc,tavg_early_mean,46,-0.1339115050773661
all_labeled,B1,none,spearman,qd_early_mean_qc,tavg_early_mean,46,-0.08615479494295405
all_labeled,B1,none,pearson,qd_early_mean_qc,tmax_early_mean,46,-0.17770390149353507
all_labeled,B1,none,spearman,qd_early_mean_qc,tmax_early_mean,46,-0.061239592969472706
all_labeled,B1,none,pearson,qd_early_mean_qc,qd_early_std_qc,46,-0.05672124681085994
all_labeled,B1,none,spearman,qd_early_mean_qc,qd_early_std_qc,46,-0.14856614246068456
all_labeled,B1,none,pearson,qd_early_mean_qc,qd_early_slope_qc,46,0.06612478812837591
all_labeled,B1,none,spearman,qd_early_mean_qc,qd_early_slope_qc,46,-0.10366944187480727
all_labeled,B1,none,pearson,qd_early_std_qc,tavg_early_mean,46,-0.18095242248765975
all_labeled,B1,none,spearman,qd_early_std_qc,tavg_early_mean,46,-0.39932161578785075
all_labeled,B1,none,pearson,qd_early_std_qc,tmax_early_mean,46,-0.05646789949637043
all_labeled,B1,none,spearman,qd_early_std_qc,tmax_early_mean,46,-0.2949737897008942
all_labeled,B1,none,pearson,qd_early_slope_qc,qd_early_std,46,-0.31905452275942214
all_labeled,B1,none,spearman,qd_early_slope_qc,qd_early_std,46,0.1013259327782917
all_labeled,B1,none,pearson,qd_early_slope_qc,tavg_early_mean,46,0.08915368595392302
all_labeled,B1,none,spearman,qd_early_slope_qc,tavg_early_mean,46,-0.14893617021276595
all_labeled,B1,none,pearson,qd_early_slope_qc,tmax_early_mean,46,0.022400611885207727
all_labeled,B1,none,spearman,qd_early_slope_qc,tmax_early_mean,46,-0.11871723712611777
all_labeled,B1,none,pearson,qd_early_slope_qc,qd_early_std_qc,46,-0.760460809121949
all_labeled,B1,none,spearman,qd_early_slope_qc,qd_early_std_qc,46,0.10058587727412889
all_labeled,B1,none,pearson,qd2_qc,qd_early_mean,46,0.9177702519716467
all_labeled,B1,none,spearman,qd2_qc,qd_early_mean,46,0.8986123959296947
all_labeled,B1,none,pearson,qd2_qc,qd_early_std,46,-0.2683639756450822
all_labeled,B1,none,spearman,qd2_qc,qd_early_std,46,-0.21344434165895776
all_labeled,B1,none,pearson,qd2_qc,qd_early_median,46,0.9781303311246162
all_labeled,B1,none,spearman,qd2_qc,qd_early_median,46,0.9729879740980574
all_labeled,B1,none,pearson,qd2_qc,qd_delta_100_2,46,-0.16471444070268298
all_labeled,B1,none,spearman,qd2_qc,qd_delta_100_2,46,-0.31705211224175145
all_labeled,B1,none,pearson,qd2_qc,qd_early_slope,46,0.15494365464171356
all_labeled,B1,none,spearman,qd2_qc,qd_early_slope,46,-0.20715386987357384
all_labeled,B1,none,pearson,qd2_qc,tavg_early_mean,46,-0.0826376823456123
all_labeled,B1,none,spearman,qd2_qc,tavg_early_mean,46,-0.011039161270428614
all_labeled,B1,none,pearson,qd2_qc,tmax_early_mean,46,-0.15246679368421884
all_labeled,B1,none,spearman,qd2_qc,tmax_early_mean,46,-0.012519272278754238
all_labeled,B1,none,pearson,qd2_qc,qd_early_mean_qc,46,0.9699259147002587
all_labeled,B1,none,spearman,qd2_qc,qd_early_mean_qc,46,0.9639839654640764
all_labeled,B1,none,pearson,qd2_qc,qd_early_std_qc,46,-0.16493875103704422
all_labeled,B1,none,spearman,qd2_qc,qd_early_std_qc,46,-0.2083872957138452
all_labeled,B1,none,pearson,qd2_qc,qd_early_slope_qc,46,0.012425774002758044
all_labeled,B1,none,spearman,qd2_qc,qd_early_slope_qc,46,-0.21221091581868637
all_labeled,B1,none,pearson,qd2_qc,qd_delta_100_2_qc,46,-0.16471444070268298
all_labeled,B1,none,spearman,qd2_qc,qd_delta_100_2_qc,46,-0.31705211224175145
all_labeled,B1,none,pearson,qd100_qc,qd_early_mean,46,0.897811729689101
all_labeled,B1,none,spearman,qd100_qc,qd_early_mean,46,0.9092198581560285
all_labeled,B1,none,pearson,qd100_qc,qd_early_std,46,-0.3381234901500412
all_labeled,B1,none,spearman,qd100_qc,qd_early_std,46,-0.19568300955905027
all_labeled,B1,none,pearson,qd100_qc,qd_early_median,46,0.9788177344071203
all_labeled,B1,none,spearman,qd100_qc,qd_early_median,46,0.9700277520814061
all_labeled,B1,none,pearson,qd100_qc,qd2,46,0.9230857806532511
all_labeled,B1,none,spearman,qd100_qc,qd2,46,0.9192106074622263
all_labeled,B1,none,pearson,qd100_qc,qd_delta_100_2,46,0.22729551049975416
all_labeled,B1,none,spearman,qd100_qc,qd_delta_100_2,46,-0.04865864939870491
all_labeled,B1,none,pearson,qd100_qc,qd_early_slope,46,0.3642798084410985
all_labeled,B1,none,spearman,qd100_qc,qd_early_slope,46,0.04175146469318532
all_labeled,B1,none,pearson,qd100_qc,tavg_early_mean,46,-0.11460428499402556
all_labeled,B1,none,spearman,qd100_qc,tavg_early_mean,46,-0.10428615479494294
all_labeled,B1,none,pearson,qd100_qc,tmax_early_mean,46,-0.16425296209184606
all_labeled,B1,none,spearman,qd100_qc,tmax_early_mean,46,-0.08553808202281836
all_labeled,B1,none,pearson,qd100_qc,qd_early_mean_qc,46,0.9798565246647197
all_labeled,B1,none,spearman,qd100_qc,qd_early_mean_qc,46,0.9744680851063829
all_labeled,B1,none,pearson,qd100_qc,qd_early_std_qc,46,-0.1344996669011074
all_labeled,B1,none,spearman,qd100_qc,qd_early_std_qc,46,-0.19432624113475178
all_labeled,B1,none,pearson,qd100_qc,qd_early_slope_qc,46,0.240107360555675
all_labeled,B1,none,spearman,qd100_qc,qd_early_slope_qc,46,0.04039469626888683
all_labeled,B1,none,pearson,qd100_qc,qd2_qc,46,0.9230857806532511
all_labeled,B1,none,spearman,qd100_qc,qd2_qc,46,0.9192106074622263
all_labeled,B1,none,pearson,qd100_qc,qd_delta_100_2_qc,46,0.22729551049975416
all_labeled,B1,none,spearman,qd100_qc,qd_delta_100_2_qc,46,-0.04865864939870491
all_labeled,B1,none,pearson,qd_delta_100_2_qc,qd_early_mean,46,-0.021320122129365654
all_labeled,B1,none,spearman,qd_delta_100_2_qc,qd_early_mean,46,-0.23478260869565218
all_labeled,B1,none,pearson,qd_delta_100_2_qc,qd_early_std,46,-0.18764038490331306
all_labeled,B1,none,spearman,qd_delta_100_2_qc,qd_early_std,46,0.24662349676225717
all_labeled,B1,none,pearson,qd_delta_100_2_qc,qd_early_median,46,0.03359325798262913
all_labeled,B1,none,spearman,qd_delta_100_2_qc,qd_early_median,46,-0.1610237434474252
all_labeled,B1,none,pearson,qd_delta_100_2_qc,qd_early_slope,46,0.541911774480424
all_labeled,B1,none,spearman,qd_delta_100_2_qc,qd_early_slope,46,0.8764107308048102
all_labeled,B1,none,pearson,qd_delta_100_2_qc,tavg_early_mean,46,-0.08467167618752369
all_labeled,B1,none,spearman,qd_delta_100_2_qc,tavg_early_mean,46,-0.2310823311748381
all_labeled,B1,none,pearson,qd_delta_100_2_qc,tmax_early_mean,46,-0.0351887261546812
all_labeled,B1,none,spearman,qd_delta_100_2_qc,tmax_early_mean,46,-0.15979031760715387
all_labeled,B1,none,pearson,qd_delta_100_2_qc,qd_early_mean_qc,46,0.05703166688140354
all_labeled,B1,none,spearman,qd_delta_100_2_qc,qd_early_mean_qc,46,-0.1486894850447117
all_labeled,B1,none,pearson,qd_delta_100_2_qc,qd_early_std_qc,46,0.07269752383891237
all_labeled,B1,none,spearman,qd_delta_100_2_qc,qd_early_std_qc,46,0.25094048720320694
all_labeled,B1,none,pearson,qd_delta_100_2_qc,qd_early_slope_qc,46,0.5843231878571493
all_labeled,B1,none,spearman,qd_delta_100_2_qc,qd_early_slope_qc,46,0.8720937403638607
all_labeled,B2,none,pearson,qd_early_mean,qd_early_std,39,-0.19776797479816904
all_labeled,B2,none,spearman,qd_early_mean,qd_early_std,39,-0.1410931174089069
all_labeled,B2,none,pearson,qd_early_mean,qd_early_median,39,0.9968415131798474
all_labeled,B2,none,spearman,qd_early_mean,qd_early_median,39,0.9949392712550609
all_labeled,B2,none,pearson,qd_early_mean,qd_early_slope,39,0.38584098029647934
all_labeled,B2,none,spearman,qd_early_mean,qd_early_slope,39,0.3390688259109312
all_labeled,B2,none,pearson,qd_early_mean,tavg_early_mean,39,-0.3275900362325804
all_labeled,B2,none,spearman,qd_early_mean,tavg_early_mean,39,-0.2593117408906883
all_labeled,B2,none,pearson,qd_early_mean,tmax_early_mean,39,-0.22725703100384664
all_labeled,B2,none,spearman,qd_early_mean,tmax_early_mean,39,-0.2538461538461539
all_labeled,B2,none,pearson,qd_early_mean,qd_early_mean_qc,39,0.9999999999999998
all_labeled,B2,none,spearman,qd_early_mean,qd_early_mean_qc,39,1.0
all_labeled,B2,none,pearson,qd_early_mean,qd_early_std_qc,39,-0.19776797479816904
all_labeled,B2,none,spearman,qd_early_mean,qd_early_std_qc,39,-0.1410931174089069
all_labeled,B2,none,pearson,qd_early_mean,qd_early_slope_qc,39,0.38584098029647934
all_labeled,B2,none,spearman,qd_early_mean,qd_early_slope_qc,39,0.3390688259109312
all_labeled,B2,none,pearson,qd_early_std,tavg_early_mean,39,0.11876302496052381
all_labeled,B2,none,spearman,qd_early_std,tavg_early_mean,39,0.03117408906882591
all_labeled,B2,none,pearson,qd_early_std,tmax_early_mean,39,0.14185729352115511
all_labeled,B2,none,spearman,qd_early_std,tmax_early_mean,39,0.18866396761133603
all_labeled,B2,none,pearson,qd_early_std,qd_early_std_qc,39,1.0
all_labeled,B2,none,spearman,qd_early_std,qd_early_std_qc,39,1.0
all_labeled,B2,none,pearson,qd_early_median,qd_early_std,39,-0.1575774874459223
all_labeled,B2,none,spearman,qd_early_median,qd_early_std,39,-0.11275303643724698
all_labeled,B2,none,pearson,qd_early_median,qd_early_slope,39,0.3691296936209668
all_labeled,B2,none,spearman,qd_early_median,qd_early_slope,39,0.305668016194332
all_labeled,B2,none,pearson,qd_early_median,tavg_early_mean,39,-0.31636830967721297
all_labeled,B2,none,spearman,qd_early_median,tavg_early_mean,39,-0.24271255060728744
all_labeled,B2,none,pearson,qd_early_median,tmax_early_mean,39,-0.23308041996424667
all_labeled,B2,none,spearman,qd_early_median,tmax_early_mean,39,-0.24068825910931174
all_labeled,B2,none,pearson,qd_early_median,qd_early_std_qc,39,-0.1575774874459223
all_labeled,B2,none,spearman,qd_early_median,qd_early_std_qc,39,-0.11275303643724698
all_labeled,B2,none,pearson,qd_early_median,qd_early_slope_qc,39,0.3691296936209668
all_labeled,B2,none,spearman,qd_early_median,qd_early_slope_qc,39,0.305668016194332
all_labeled,B2,none,pearson,qd2,qd_early_mean,39,0.9429917546089435
all_labeled,B2,none,spearman,qd2,qd_early_mean,39,0.9180161943319838
all_labeled,B2,none,pearson,qd2,qd_early_std,39,-0.09011128406812986
all_labeled,B2,none,spearman,qd2,qd_early_std,39,-0.07489878542510123
all_labeled,B2,none,pearson,qd2,qd_early_median,39,0.9415062501262249
all_labeled,B2,none,spearman,qd2,qd_early_median,39,0.9255060728744939
all_labeled,B2,none,pearson,qd2,qd_delta_100_2,39,0.0893646337881061
all_labeled,B2,none,spearman,qd2,qd_delta_100_2,39,0.1611336032388664
all_labeled,B2,none,pearson,qd2,qd_early_slope,39,0.0909650752821447
all_labeled,B2,none,spearman,qd2,qd_early_slope,39,0.08481781376518219
all_labeled,B2,none,pearson,qd2,tavg_early_mean,39,-0.29991951120916865
all_labeled,B2,none,spearman,qd2,tavg_early_mean,39,-0.1836032388663968
all_labeled,B2,none,pearson,qd2,tmax_early_mean,39,-0.23626318483323555
all_labeled,B2,none,spearman,qd2,tmax_early_mean,39,-0.23137651821862348
all_labeled,B2,none,pearson,qd2,qd_early_mean_qc,39,0.9429917546089435
all_labeled,B2,none,spearman,qd2,qd_early_mean_qc,39,0.9180161943319838
all_labeled,B2,none,pearson,qd2,qd_early_std_qc,39,-0.09011128406812986
all_labeled,B2,none,spearman,qd2,qd_early_std_qc,39,-0.07489878542510123
all_labeled,B2,none,pearson,qd2,qd_early_slope_qc,39,0.0909650752821447
all_labeled,B2,none,spearman,qd2,qd_early_slope_qc,39,0.08481781376518219
all_labeled,B2,none,pearson,qd2,qd2_qc,39,1.0
all_labeled,B2,none,spearman,qd2,qd2_qc,39,1.0
all_labeled,B2,none,pearson,qd2,qd_delta_100_2_qc,39,0.0893646337881061
all_labeled,B2,none,spearman,qd2,qd_delta_100_2_qc,39,0.1611336032388664
all_labeled,B2,none,pearson,qd100,qd_early_mean,39,0.9608774528788124
all_labeled,B2,none,spearman,qd100,qd_early_mean,39,0.9378542510121458
all_labeled,B2,none,pearson,qd100,qd_early_std,39,-0.20885497173105136
all_labeled,B2,none,spearman,qd100,qd_early_std,39,-0.1742914979757085
all_labeled,B2,none,pearson,qd100,qd_early_median,39,0.9567962815646442
all_labeled,B2,none,spearman,qd100,qd_early_median,39,0.924493927125506
all_labeled,B2,none,pearson,qd100,qd2,39,0.844191513918739
all_labeled,B2,none,spearman,qd100,qd2,39,0.8080971659919028
all_labeled,B2,none,pearson,qd100,qd_delta_100_2,39,0.6093378351755423
all_labeled,B2,none,spearman,qd100,qd_delta_100_2,39,0.6319838056680163
all_labeled,B2,none,pearson,qd100,qd_early_slope,39,0.5573010499168232
all_labeled,B2,none,spearman,qd100,qd_early_slope,39,0.5052631578947369
all_labeled,B2,none,pearson,qd100,tavg_early_mean,39,-0.3389729621004302
all_labeled,B2,none,spearman,qd100,tavg_early_mean,39,-0.2736842105263158
all_labeled,B2,none,pearson,qd100,tmax_early_mean,39,-0.2374390527427895
all_labeled,B2,none,spearman,qd100,tmax_early_mean,39,-0.22550607287449395
all_labeled,B2,none,pearson,qd100,qd_early_mean_qc,39,0.9608774528788124
all_labeled,B2,none,spearman,qd100,qd_early_mean_qc,39,0.9378542510121458
all_labeled,B2,none,pearson,qd100,qd_early_std_qc,39,-0.20885497173105136
all_labeled,B2,none,spearman,qd100,qd_early_std_qc,39,-0.1742914979757085
all_labeled,B2,none,pearson,qd100,qd_early_slope_qc,39,0.5573010499168232
all_labeled,B2,none,spearman,qd100,qd_early_slope_qc,39,0.5052631578947369
all_labeled,B2,none,pearson,qd100,qd2_qc,39,0.844191513918739
all_labeled,B2,none,spearman,qd100,qd2_qc,39,0.8080971659919028
all_labeled,B2,none,pearson,qd100,qd100_qc,39,1.0
all_labeled,B2,none,spearman,qd100,qd100_qc,39,1.0
all_labeled,B2,none,pearson,qd100,qd_delta_100_2_qc,39,0.6093378351755423
all_labeled,B2,none,spearman,qd100,qd_delta_100_2_qc,39,0.6319838056680163
all_labeled,B2,none,pearson,qd_delta_100_2,qd_early_mean,39,0.39050077498084884
all_labeled,B2,none,spearman,qd_delta_100_2,qd_early_mean,39,0.419838056680162
all_labeled,B2,none,pearson,qd_delta_100_2,qd_early_std,39,-0.25477334944020885
all_labeled,B2,none,spearman,qd_delta_100_2,qd_early_std,39,-0.13299595141700404
all_labeled,B2,none,pearson,qd_delta_100_2,qd_early_median,39,0.38511505570983956
all_labeled,B2,none,spearman,qd_delta_100_2,qd_early_median,39,0.3862348178137652
all_labeled,B2,none,pearson,qd_delta_100_2,qd_early_slope,39,0.9009450316975812
all_labeled,B2,none,spearman,qd_delta_100_2,qd_early_slope,39,0.8939271255060729
all_labeled,B2,none,pearson,qd_delta_100_2,tavg_early_mean,39,-0.1861932236286195
all_labeled,B2,none,spearman,qd_delta_100_2,tavg_early_mean,39,-0.251417004048583
all_labeled,B2,none,pearson,qd_delta_100_2,tmax_early_mean,39,-0.0916970528953588
all_labeled,B2,none,spearman,qd_delta_100_2,tmax_early_mean,39,-0.09777327935222672
all_labeled,B2,none,pearson,qd_delta_100_2,qd_early_mean_qc,39,0.39050077498084884
all_labeled,B2,none,spearman,qd_delta_100_2,qd_early_mean_qc,39,0.419838056680162
all_labeled,B2,none,pearson,qd_delta_100_2,qd_early_std_qc,39,-0.25477334944020885
all_labeled,B2,none,spearman,qd_delta_100_2,qd_early_std_qc,39,-0.13299595141700404
all_labeled,B2,none,pearson,qd_delta_100_2,qd_early_slope_qc,39,0.9009450316975812
all_labeled,B2,none,spearman,qd_delta_100_2,qd_early_slope_qc,39,0.8939271255060729
all_labeled,B2,none,pearson,qd_delta_100_2,qd_delta_100_2_qc,39,0.9999999999999999
all_labeled,B2,none,spearman,qd_delta_100_2,qd_delta_100_2_qc,39,1.0
all_labeled,B2,none,pearson,qd_early_slope,qd_early_std,39,-0.2511394247856577
all_labeled,B2,none,spearman,qd_early_slope,qd_early_std,39,-0.07975708502024292
all_labeled,B2,none,pearson,qd_early_slope,tavg_early_mean,39,-0.22003893096695876
all_labeled,B2,none,spearman,qd_early_slope,tavg_early_mean,39,-0.18137651821862347
all_labeled,B2,none,pearson,qd_early_slope,tmax_early_mean,39,-0.010151846093156745
all_labeled,B2,none,spearman,qd_early_slope,tmax_early_mean,39,0.03097165991902834
all_labeled,B2,none,pearson,qd_early_slope,qd_early_std_qc,39,-0.2511394247856577
all_labeled,B2,none,spearman,qd_early_slope,qd_early_std_qc,39,-0.07975708502024292
all_labeled,B2,none,pearson,qd_early_slope,qd_early_slope_qc,39,0.9999999999999998
all_labeled,B2,none,spearman,qd_early_slope,qd_early_slope_qc,39,1.0
all_labeled,B2,none,pearson,ir_early_mean,qd_early_mean,33,0.5538264955202983
all_labeled,B2,none,spearman,ir_early_mean,qd_early_mean,33,0.6122994652406418
all_labeled,B2,none,pearson,ir_early_mean,qd_early_std,33,-0.05130256067422109
all_labeled,B2,none,spearman,ir_early_mean,qd_early_std,33,0.05213903743315509
all_labeled,B2,none,pearson,ir_early_mean,qd_early_median,33,0.5610542441942687
all_labeled,B2,none,spearman,ir_early_mean,qd_early_median,33,0.6283422459893049
all_labeled,B2,none,pearson,ir_early_mean,qd2,33,0.4861196792505332
all_labeled,B2,none,spearman,ir_early_mean,qd2,33,0.5287433155080213
all_labeled,B2,none,pearson,ir_early_mean,qd100,33,0.5670241492365292
all_labeled,B2,none,spearman,ir_early_mean,qd100,33,0.5925802139037434
all_labeled,B2,none,pearson,ir_early_mean,qd_delta_100_2,33,0.3385514706355492
all_labeled,B2,none,spearman,ir_early_mean,qd_delta_100_2,33,0.33322192513368987
all_labeled,B2,none,pearson,ir_early_mean,qd_early_slope,33,0.3869605450504557
all_labeled,B2,none,spearman,ir_early_mean,qd_early_slope,33,0.25969251336898397
all_labeled,B2,none,pearson,ir_early_mean,ir_early_slope,33,0.07319528291471111
all_labeled,B2,none,spearman,ir_early_mean,ir_early_slope,33,0.23495989304812837
all_labeled,B2,none,pearson,ir_early_mean,ir_zero_fraction_early,33,
all_labeled,B2,none,spearman,ir_early_mean,ir_zero_fraction_early,33,
all_labeled,B2,none,pearson,ir_early_mean,tavg_early_mean,33,-0.12746358324675283
all_labeled,B2,none,spearman,ir_early_mean,tavg_early_mean,33,-0.045454545454545456
all_labeled,B2,none,pearson,ir_early_mean,ir_missing_fraction_early,33,
all_labeled,B2,none,spearman,ir_early_mean,ir_missing_fraction_early,33,
all_labeled,B2,none,pearson,ir_early_mean,tmax_early_mean,33,0.08735605769870497
all_labeled,B2,none,spearman,ir_early_mean,tmax_early_mean,33,0.04913101604278075
all_labeled,B2,none,pearson,ir_early_mean,qd_early_mean_qc,33,0.5538264955202983
all_labeled,B2,none,spearman,ir_early_mean,qd_early_mean_qc,33,0.6122994652406418
all_labeled,B2,none,pearson,ir_early_mean,qd_early_std_qc,33,-0.05130256067422109
all_labeled,B2,none,spearman,ir_early_mean,qd_early_std_qc,33,0.05213903743315509
all_labeled,B2,none,pearson,ir_early_mean,qd_early_slope_qc,33,0.3869605450504557
all_labeled,B2,none,spearman,ir_early_mean,qd_early_slope_qc,33,0.25969251336898397
all_labeled,B2,none,pearson,ir_early_mean,qd2_qc,33,0.4861196792505332
all_labeled,B2,none,spearman,ir_early_mean,qd2_qc,33,0.5287433155080213
all_labeled,B2,none,pearson,ir_early_mean,qd100_qc,33,0.5670241492365292
all_labeled,B2,none,spearman,ir_early_mean,qd100_qc,33,0.5925802139037434
all_labeled,B2,none,pearson,ir_early_mean,qd_delta_100_2_qc,33,0.3385514706355492
all_labeled,B2,none,spearman,ir_early_mean,qd_delta_100_2_qc,33,0.33322192513368987
all_labeled,B2,none,pearson,ir_change_100_2,qd_early_mean,33,0.11389437628964821
all_labeled,B2,none,spearman,ir_change_100_2,qd_early_mean,33,0.25835561497326204
all_labeled,B2,none,pearson,ir_change_100_2,qd_early_std,33,0.2281765628217046
all_labeled,B2,none,spearman,ir_change_100_2,qd_early_std,33,0.18750000000000003
all_labeled,B2,none,pearson,ir_change_100_2,qd_early_median,33,0.12702913053235285
all_labeled,B2,none,spearman,ir_change_100_2,qd_early_median,33,0.23930481283422458
all_labeled,B2,none,pearson,ir_change_100_2,qd2,33,-0.04731961373792683
all_labeled,B2,none,spearman,ir_change_100_2,qd2,33,0.06350267379679145
all_labeled,B2,none,pearson,ir_change_100_2,qd100,33,0.18195019957696798
all_labeled,B2,none,spearman,ir_change_100_2,qd100,33,0.2807486631016043
all_labeled,B2,none,pearson,ir_change_100_2,qd_delta_100_2,33,0.40282342461213283
all_labeled,B2,none,spearman,ir_change_100_2,qd_delta_100_2,33,0.4338235294117647
all_labeled,B2,none,pearson,ir_change_100_2,qd_early_slope,33,0.3255550004735125
all_labeled,B2,none,spearman,ir_change_100_2,qd_early_slope,33,0.3268716577540107
all_labeled,B2,none,pearson,ir_change_100_2,ir_early_mean,33,-0.025254556701395613
all_labeled,B2,none,spearman,ir_change_100_2,ir_early_mean,33,0.18716577540106952
all_labeled,B2,none,pearson,ir_change_100_2,ir_early_slope,33,0.9675162520265014
all_labeled,B2,none,spearman,ir_change_100_2,ir_early_slope,33,0.9455213903743317
all_labeled,B2,none,pearson,ir_change_100_2,ir_zero_fraction_early,33,
all_labeled,B2,none,spearman,ir_change_100_2,ir_zero_fraction_early,33,
all_labeled,B2,none,pearson,ir_change_100_2,tavg_early_mean,33,0.13465260097319134
all_labeled,B2,none,spearman,ir_change_100_2,tavg_early_mean,33,0.09859625668449198
all_labeled,B2,none,pearson,ir_change_100_2,ir_missing_fraction_early,33,
all_labeled,B2,none,spearman,ir_change_100_2,ir_missing_fraction_early,33,
all_labeled,B2,none,pearson,ir_change_100_2,tmax_early_mean,33,0.10551353497147342
all_labeled,B2,none,spearman,ir_change_100_2,tmax_early_mean,33,0.10628342245989306
all_labeled,B2,none,pearson,ir_change_100_2,qd_early_mean_qc,33,0.11389437628964821
all_labeled,B2,none,spearman,ir_change_100_2,qd_early_mean_qc,33,0.25835561497326204
all_labeled,B2,none,pearson,ir_change_100_2,qd_early_std_qc,33,0.2281765628217046
all_labeled,B2,none,spearman,ir_change_100_2,qd_early_std_qc,33,0.18750000000000003
all_labeled,B2,none,pearson,ir_change_100_2,qd_early_slope_qc,33,0.3255550004735125
all_labeled,B2,none,spearman,ir_change_100_2,qd_early_slope_qc,33,0.3268716577540107
all_labeled,B2,none,pearson,ir_change_100_2,qd2_qc,33,-0.04731961373792683
all_labeled,B2,none,spearman,ir_change_100_2,qd2_qc,33,0.06350267379679145
all_labeled,B2,none,pearson,ir_change_100_2,qd100_qc,33,0.18195019957696798
all_labeled,B2,none,spearman,ir_change_100_2,qd100_qc,33,0.2807486631016043
all_labeled,B2,none,pearson,ir_change_100_2,qd_delta_100_2_qc,33,0.40282342461213283
all_labeled,B2,none,spearman,ir_change_100_2,qd_delta_100_2_qc,33,0.4338235294117647
all_labeled,B2,none,pearson,ir_early_slope,qd_early_mean,33,0.16503010837942575
all_labeled,B2,none,spearman,ir_early_slope,qd_early_mean,33,0.2740641711229947
all_labeled,B2,none,pearson,ir_early_slope,qd_early_std,33,0.2443131079973461
all_labeled,B2,none,spearman,ir_early_slope,qd_early_std,33,0.22359625668449198
all_labeled,B2,none,pearson,ir_early_slope,qd_early_median,33,0.17727838753690478
all_labeled,B2,none,spearman,ir_early_slope,qd_early_median,33,0.26370320855614976
all_labeled,B2,none,pearson,ir_early_slope,qd2,33,-0.02488550176328986
all_labeled,B2,none,spearman,ir_early_slope,qd2,33,0.06283422459893048
all_labeled,B2,none,pearson,ir_early_slope,qd100,33,0.24570852958691325
all_labeled,B2,none,spearman,ir_early_slope,qd100,33,0.3074866310160428
all_labeled,B2,none,pearson,ir_early_slope,qd_delta_100_2,33,0.48752380155616815
all_labeled,B2,none,spearman,ir_early_slope,qd_delta_100_2,33,0.5
all_labeled,B2,none,pearson,ir_early_slope,qd_early_slope,33,0.44863824770468197
all_labeled,B2,none,spearman,ir_early_slope,qd_early_slope,33,0.41443850267379684
all_labeled,B2,none,pearson,ir_early_slope,ir_zero_fraction_early,33,
all_labeled,B2,none,spearman,ir_early_slope,ir_zero_fraction_early,33,
all_labeled,B2,none,pearson,ir_early_slope,tavg_early_mean,33,0.05070616429594623
all_labeled,B2,none,spearman,ir_early_slope,tavg_early_mean,33,0.03843582887700535
all_labeled,B2,none,pearson,ir_early_slope,ir_missing_fraction_early,33,
all_labeled,B2,none,spearman,ir_early_slope,ir_missing_fraction_early,33,
all_labeled,B2,none,pearson,ir_early_slope,tmax_early_mean,33,0.12905201677873274
all_labeled,B2,none,spearman,ir_early_slope,tmax_early_mean,33,0.14171122994652408
all_labeled,B2,none,pearson,ir_early_slope,qd_early_mean_qc,33,0.16503010837942575
all_labeled,B2,none,spearman,ir_early_slope,qd_early_mean_qc,33,0.2740641711229947
all_labeled,B2,none,pearson,ir_early_slope,qd_early_std_qc,33,0.2443131079973461
all_labeled,B2,none,spearman,ir_early_slope,qd_early_std_qc,33,0.22359625668449198
all_labeled,B2,none,pearson,ir_early_slope,qd_early_slope_qc,33,0.44863824770468197
all_labeled,B2,none,spearman,ir_early_slope,qd_early_slope_qc,33,0.41443850267379684
all_labeled,B2,none,pearson,ir_early_slope,qd2_qc,33,-0.02488550176328986
all_labeled,B2,none,spearman,ir_early_slope,qd2_qc,33,0.06283422459893048
all_labeled,B2,none,pearson,ir_early_slope,qd100_qc,33,0.24570852958691325
all_labeled,B2,none,spearman,ir_early_slope,qd100_qc,33,0.3074866310160428
all_labeled,B2,none,pearson,ir_early_slope,qd_delta_100_2_qc,33,0.48752380155616815
all_labeled,B2,none,spearman,ir_early_slope,qd_delta_100_2_qc,33,0.5
all_labeled,B2,none,pearson,ir_zero_fraction_early,qd_early_mean,39,0.28937152784136744
all_labeled,B2,none,spearman,ir_zero_fraction_early,qd_early_mean,39,0.3536097741979052
all_labeled,B2,none,pearson,ir_zero_fraction_early,qd_early_std,39,-0.1258209717443293
all_labeled,B2,none,spearman,ir_zero_fraction_early,qd_early_std,39,-0.13891812557774844
all_labeled,B2,none,pearson,ir_zero_fraction_early,qd_early_median,39,0.2989336339240113
all_labeled,B2,none,spearman,ir_zero_fraction_early,qd_early_median,39,0.3599242344514392
all_labeled,B2,none,pearson,ir_zero_fraction_early,qd2,39,0.31943745509949784
all_labeled,B2,none,spearman,ir_zero_fraction_early,qd2,39,0.38518207546557526
all_labeled,B2,none,pearson,ir_zero_fraction_early,qd100,39,0.24040689640260382
all_labeled,B2,none,spearman,ir_zero_fraction_early,qd100,39,0.20837718836662267
all_labeled,B2,none,pearson,ir_zero_fraction_early,qd_delta_100_2,39,-0.025819555756478985
all_labeled,B2,none,spearman,ir_zero_fraction_early,qd_delta_100_2,39,-0.0947169038030103
all_labeled,B2,none,pearson,ir_zero_fraction_early,qd_early_slope,39,-0.08151043880712223
all_labeled,B2,none,spearman,ir_zero_fraction_early,qd_early_slope,39,-0.13260366532421444
all_labeled,B2,none,pearson,ir_zero_fraction_early,tavg_early_mean,39,-0.15348062624514036
all_labeled,B2,none,spearman,ir_zero_fraction_early,tavg_early_mean,39,-0.018943380760602063
all_labeled,B2,none,pearson,ir_zero_fraction_early,tmax_early_mean,39,-0.22812265155503167
all_labeled,B2,none,spearman,ir_zero_fraction_early,tmax_early_mean,39,-0.14523258583128248
all_labeled,B2,none,pearson,ir_zero_fraction_early,qd_early_mean_qc,39,0.28937152784136744
all_labeled,B2,none,spearman,ir_zero_fraction_early,qd_early_mean_qc,39,0.3536097741979052
all_labeled,B2,none,pearson,ir_zero_fraction_early,qd_early_std_qc,39,-0.1258209717443293
all_labeled,B2,none,spearman,ir_zero_fraction_early,qd_early_std_qc,39,-0.13891812557774844
all_labeled,B2,none,pearson,ir_zero_fraction_early,qd_early_slope_qc,39,-0.08151043880712223
all_labeled,B2,none,spearman,ir_zero_fraction_early,qd_early_slope_qc,39,-0.13260366532421444
all_labeled,B2,none,pearson,ir_zero_fraction_early,qd2_qc,39,0.31943745509949784
all_labeled,B2,none,spearman,ir_zero_fraction_early,qd2_qc,39,0.38518207546557526
all_labeled,B2,none,pearson,ir_zero_fraction_early,qd100_qc,39,0.24040689640260382
all_labeled,B2,none,spearman,ir_zero_fraction_early,qd100_qc,39,0.20837718836662267
all_labeled,B2,none,pearson,ir_zero_fraction_early,qd_delta_100_2_qc,39,-0.025819555756478985
all_labeled,B2,none,spearman,ir_zero_fraction_early,qd_delta_100_2_qc,39,-0.0947169038030103
all_labeled,B2,none,pearson,tavg_early_mean,tmax_early_mean,39,0.824538368741913
all_labeled,B2,none,spearman,tavg_early_mean,tmax_early_mean,39,0.7921052631578949
all_labeled,B2,none,pearson,ir_missing_fraction_early,qd_early_mean,39,0.28937152784136744
all_labeled,B2,none,spearman,ir_missing_fraction_early,qd_early_mean,39,0.3536097741979052
all_labeled,B2,none,pearson,ir_missing_fraction_early,qd_early_std,39,-0.1258209717443293
all_labeled,B2,none,spearman,ir_missing_fraction_early,qd_early_std,39,-0.13891812557774844
all_labeled,B2,none,pearson,ir_missing_fraction_early,qd_early_median,39,0.2989336339240113
all_labeled,B2,none,spearman,ir_missing_fraction_early,qd_early_median,39,0.3599242344514392
all_labeled,B2,none,pearson,ir_missing_fraction_early,qd2,39,0.31943745509949784
all_labeled,B2,none,spearman,ir_missing_fraction_early,qd2,39,0.38518207546557526
all_labeled,B2,none,pearson,ir_missing_fraction_early,qd100,39,0.24040689640260382
all_labeled,B2,none,spearman,ir_missing_fraction_early,qd100,39,0.20837718836662267
all_labeled,B2,none,pearson,ir_missing_fraction_early,qd_delta_100_2,39,-0.025819555756478985
all_labeled,B2,none,spearman,ir_missing_fraction_early,qd_delta_100_2,39,-0.0947169038030103
all_labeled,B2,none,pearson,ir_missing_fraction_early,qd_early_slope,39,-0.08151043880712223
all_labeled,B2,none,spearman,ir_missing_fraction_early,qd_early_slope,39,-0.13260366532421444
all_labeled,B2,none,pearson,ir_missing_fraction_early,ir_zero_fraction_early,39,1.0
all_labeled,B2,none,spearman,ir_missing_fraction_early,ir_zero_fraction_early,39,1.0
all_labeled,B2,none,pearson,ir_missing_fraction_early,tavg_early_mean,39,-0.15348062624514036
all_labeled,B2,none,spearman,ir_missing_fraction_early,tavg_early_mean,39,-0.018943380760602063
all_labeled,B2,none,pearson,ir_missing_fraction_early,tmax_early_mean,39,-0.22812265155503167
all_labeled,B2,none,spearman,ir_missing_fraction_early,tmax_early_mean,39,-0.14523258583128248
all_labeled,B2,none,pearson,ir_missing_fraction_early,qd_early_mean_qc,39,0.28937152784136744
all_labeled,B2,none,spearman,ir_missing_fraction_early,qd_early_mean_qc,39,0.3536097741979052
all_labeled,B2,none,pearson,ir_missing_fraction_early,qd_early_std_qc,39,-0.1258209717443293
all_labeled,B2,none,spearman,ir_missing_fraction_early,qd_early_std_qc,39,-0.13891812557774844
all_labeled,B2,none,pearson,ir_missing_fraction_early,qd_early_slope_qc,39,-0.08151043880712223
all_labeled,B2,none,spearman,ir_missing_fraction_early,qd_early_slope_qc,39,-0.13260366532421444
all_labeled,B2,none,pearson,ir_missing_fraction_early,qd2_qc,39,0.31943745509949784
all_labeled,B2,none,spearman,ir_missing_fraction_early,qd2_qc,39,0.38518207546557526
all_labeled,B2,none,pearson,ir_missing_fraction_early,qd100_qc,39,0.24040689640260382
all_labeled,B2,none,spearman,ir_missing_fraction_early,qd100_qc,39,0.20837718836662267
all_labeled,B2,none,pearson,ir_missing_fraction_early,qd_delta_100_2_qc,39,-0.025819555756478985
all_labeled,B2,none,spearman,ir_missing_fraction_early,qd_delta_100_2_qc,39,-0.0947169038030103
all_labeled,B2,none,pearson,chargetime_early_mean,qd_early_mean,39,-0.08980501323779952
all_labeled,B2,none,spearman,chargetime_early_mean,qd_early_mean,39,-0.06356275303643726
all_labeled,B2,none,pearson,chargetime_early_mean,qd_early_std,39,-0.316845699437474
all_labeled,B2,none,spearman,chargetime_early_mean,qd_early_std,39,-0.2866396761133604
all_labeled,B2,none,pearson,chargetime_early_mean,qd_early_median,39,-0.10397383592180884
all_labeled,B2,none,spearman,chargetime_early_mean,qd_early_median,39,-0.06923076923076923
all_labeled,B2,none,pearson,chargetime_early_mean,qd2,39,-0.03309825323232697
all_labeled,B2,none,spearman,chargetime_early_mean,qd2,39,0.024898785425101214
all_labeled,B2,none,pearson,chargetime_early_mean,qd100,39,-0.08517235644021887
all_labeled,B2,none,spearman,chargetime_early_mean,qd100,39,-0.06781376518218624
all_labeled,B2,none,pearson,chargetime_early_mean,qd_delta_100_2,39,-0.1092967616108367
all_labeled,B2,none,spearman,chargetime_early_mean,qd_delta_100_2,39,-0.2591093117408907
all_labeled,B2,none,pearson,chargetime_early_mean,qd_early_slope,39,-0.2211834429772181
all_labeled,B2,none,spearman,chargetime_early_mean,qd_early_slope,39,-0.1856275303643725
all_labeled,B2,none,pearson,chargetime_early_mean,ir_early_mean,33,-0.1365770252197258
all_labeled,B2,none,spearman,chargetime_early_mean,ir_early_mean,33,-0.0006684491978609625
all_labeled,B2,none,pearson,chargetime_early_mean,ir_change_100_2,33,-0.19915529494515938
all_labeled,B2,none,spearman,chargetime_early_mean,ir_change_100_2,33,-0.45822192513368987
all_labeled,B2,none,pearson,chargetime_early_mean,ir_early_slope,33,-0.2624343268843387
all_labeled,B2,none,spearman,chargetime_early_mean,ir_early_slope,33,-0.4505347593582888
all_labeled,B2,none,pearson,chargetime_early_mean,ir_zero_fraction_early,39,0.23685148767439584
all_labeled,B2,none,spearman,chargetime_early_mean,ir_zero_fraction_early,39,0.0631446025353402
all_labeled,B2,none,pearson,chargetime_early_mean,tavg_early_mean,39,-0.08715698669223132
all_labeled,B2,none,spearman,chargetime_early_mean,tavg_early_mean,39,-0.06497975708502025
all_labeled,B2,none,pearson,chargetime_early_mean,ir_missing_fraction_early,39,0.23685148767439584
all_labeled,B2,none,spearman,chargetime_early_mean,ir_missing_fraction_early,39,0.0631446025353402
all_labeled,B2,none,pearson,chargetime_early_mean,tmax_early_mean,39,-0.20401304198961057
all_labeled,B2,none,spearman,chargetime_early_mean,tmax_early_mean,39,-0.05506072874493927
all_labeled,B2,none,pearson,chargetime_early_mean,chargetime_early_median,39,-0.06192037058395922
all_labeled,B2,none,spearman,chargetime_early_mean,chargetime_early_median,39,0.5866396761133603
all_labeled,B2,none,pearson,chargetime_early_mean,chargetime_early_mean_qc,39,-0.03511366713081611
all_labeled,B2,none,spearman,chargetime_early_mean,chargetime_early_mean_qc,39,0.6338056680161943
all_labeled,B2,none,pearson,chargetime_early_mean,qd_early_mean_qc,39,-0.08980501323779952
all_labeled,B2,none,spearman,chargetime_early_mean,qd_early_mean_qc,39,-0.06356275303643726
all_labeled,B2,none,pearson,chargetime_early_mean,qd_early_std_qc,39,-0.316845699437474
all_labeled,B2,none,spearman,chargetime_early_mean,qd_early_std_qc,39,-0.2866396761133604
all_labeled,B2,none,pearson,chargetime_early_mean,qd_early_slope_qc,39,-0.2211834429772181
all_labeled,B2,none,spearman,chargetime_early_mean,qd_early_slope_qc,39,-0.1856275303643725
all_labeled,B2,none,pearson,chargetime_early_mean,qd2_qc,39,-0.03309825323232697
all_labeled,B2,none,spearman,chargetime_early_mean,qd2_qc,39,0.024898785425101214
all_labeled,B2,none,pearson,chargetime_early_mean,qd100_qc,39,-0.08517235644021887
all_labeled,B2,none,spearman,chargetime_early_mean,qd100_qc,39,-0.06781376518218624
all_labeled,B2,none,pearson,chargetime_early_mean,qd_delta_100_2_qc,39,-0.1092967616108367
all_labeled,B2,none,spearman,chargetime_early_mean,qd_delta_100_2_qc,39,-0.2591093117408907
all_labeled,B2,none,pearson,chargetime_early_median,qd_early_mean,39,0.1941305105322389
all_labeled,B2,none,spearman,chargetime_early_median,qd_early_mean,39,-0.042105263157894736
all_labeled,B2,none,pearson,chargetime_early_median,qd_early_std,39,-0.12694904160410175
all_labeled,B2,none,spearman,chargetime_early_median,qd_early_std,39,0.0036437246963562757
all_labeled,B2,none,pearson,chargetime_early_median,qd_early_median,39,0.15830511123710694
all_labeled,B2,none,spearman,chargetime_early_median,qd_early_median,39,-0.032995951417004045
all_labeled,B2,none,pearson,chargetime_early_median,qd2,39,0.20109298219662125
all_labeled,B2,none,spearman,chargetime_early_median,qd2,39,0.06558704453441296
all_labeled,B2,none,pearson,chargetime_early_median,qd100,39,0.18450005818470594
all_labeled,B2,none,spearman,chargetime_early_median,qd100,39,-0.03279352226720648
all_labeled,B2,none,pearson,chargetime_early_median,qd_delta_100_2,39,0.04535671296382244
all_labeled,B2,none,spearman,chargetime_early_median,qd_delta_100_2,39,-0.10647773279352227
all_labeled,B2,none,pearson,chargetime_early_median,qd_early_slope,39,0.28526529368061154
all_labeled,B2,none,spearman,chargetime_early_median,qd_early_slope,39,0.06437246963562754
all_labeled,B2,none,pearson,chargetime_early_median,ir_early_mean,33,0.5938960793340979
all_labeled,B2,none,spearman,chargetime_early_median,ir_early_mean,33,0.17981283422459893
all_labeled,B2,none,pearson,chargetime_early_median,ir_change_100_2,33,-0.4511839172729113
all_labeled,B2,none,spearman,chargetime_early_median,ir_change_100_2,33,-0.5879010695187166
all_labeled,B2,none,pearson,chargetime_early_median,ir_early_slope,33,-0.30029391473552747
all_labeled,B2,none,spearman,chargetime_early_median,ir_early_slope,33,-0.527072192513369
all_labeled,B2,none,pearson,chargetime_early_median,ir_zero_fraction_early,39,-0.28797068251393954
all_labeled,B2,none,spearman,chargetime_early_median,ir_zero_fraction_early,39,-0.2146916486201567
all_labeled,B2,none,pearson,chargetime_early_median,tavg_early_mean,39,-0.38625489325553575
all_labeled,B2,none,spearman,chargetime_early_median,tavg_early_mean,39,-0.15182186234817815
all_labeled,B2,none,pearson,chargetime_early_median,ir_missing_fraction_early,39,-0.28797068251393954
all_labeled,B2,none,spearman,chargetime_early_median,ir_missing_fraction_early,39,-0.2146916486201567
all_labeled,B2,none,pearson,chargetime_early_median,tmax_early_mean,39,0.010978078742770197
all_labeled,B2,none,spearman,chargetime_early_median,tmax_early_mean,39,0.08744939271255062
all_labeled,B2,none,pearson,chargetime_early_median,qd_early_mean_qc,39,0.1941305105322389
all_labeled,B2,none,spearman,chargetime_early_median,qd_early_mean_qc,39,-0.042105263157894736
all_labeled,B2,none,pearson,chargetime_early_median,qd_early_std_qc,39,-0.12694904160410175
all_labeled,B2,none,spearman,chargetime_early_median,qd_early_std_qc,39,0.0036437246963562757
all_labeled,B2,none,pearson,chargetime_early_median,qd_early_slope_qc,39,0.28526529368061154
all_labeled,B2,none,spearman,chargetime_early_median,qd_early_slope_qc,39,0.06437246963562754
all_labeled,B2,none,pearson,chargetime_early_median,qd2_qc,39,0.20109298219662125
all_labeled,B2,none,spearman,chargetime_early_median,qd2_qc,39,0.06558704453441296
all_labeled,B2,none,pearson,chargetime_early_median,qd100_qc,39,0.18450005818470594
all_labeled,B2,none,spearman,chargetime_early_median,qd100_qc,39,-0.03279352226720648
all_labeled,B2,none,pearson,chargetime_early_median,qd_delta_100_2_qc,39,0.04535671296382244
all_labeled,B2,none,spearman,chargetime_early_median,qd_delta_100_2_qc,39,-0.10647773279352227
all_labeled,B2,none,pearson,chargetime_early_mean_qc,qd_early_mean,39,0.21236631332455777
all_labeled,B2,none,spearman,chargetime_early_mean_qc,qd_early_mean,39,0.007287449392712551
all_labeled,B2,none,pearson,chargetime_early_mean_qc,qd_early_std,39,-0.14537851986933115
all_labeled,B2,none,spearman,chargetime_early_mean_qc,qd_early_std,39,0.0036437246963562757
all_labeled,B2,none,pearson,chargetime_early_mean_qc,qd_early_median,39,0.1774672533044751
all_labeled,B2,none,spearman,chargetime_early_mean_qc,qd_early_median,39,0.015587044534412954
all_labeled,B2,none,pearson,chargetime_early_mean_qc,qd2,39,0.22662688328269445
all_labeled,B2,none,spearman,chargetime_early_mean_qc,qd2,39,0.11700404858299596
all_labeled,B2,none,pearson,chargetime_early_mean_qc,qd100,39,0.19874818044565273
all_labeled,B2,none,spearman,chargetime_early_mean_qc,qd100,39,0.01700404858299595
all_labeled,B2,none,pearson,chargetime_early_mean_qc,qd_delta_100_2,39,0.03406097094779556
all_labeled,B2,none,spearman,chargetime_early_mean_qc,qd_delta_100_2,39,-0.12591093117408908
all_labeled,B2,none,pearson,chargetime_early_mean_qc,qd_early_slope,39,0.2680596148357203
all_labeled,B2,none,spearman,chargetime_early_mean_qc,qd_early_slope,39,0.025101214574898785
all_labeled,B2,none,pearson,chargetime_early_mean_qc,ir_early_mean,33,0.6199301719464911
all_labeled,B2,none,spearman,chargetime_early_mean_qc,ir_early_mean,33,0.24532085561497327
all_labeled,B2,none,pearson,chargetime_early_mean_qc,ir_change_100_2,33,-0.48909531153888747
all_labeled,B2,none,spearman,chargetime_early_mean_qc,ir_change_100_2,33,-0.5588235294117647
all_labeled,B2,none,pearson,chargetime_early_mean_qc,ir_early_slope,33,-0.35003356783536393
all_labeled,B2,none,spearman,chargetime_early_mean_qc,ir_early_slope,33,-0.4963235294117648
all_labeled,B2,none,pearson,chargetime_early_mean_qc,ir_zero_fraction_early,39,-0.2839199819705214
all_labeled,B2,none,spearman,chargetime_early_mean_qc,ir_zero_fraction_early,39,-0.2146916486201567
all_labeled,B2,none,pearson,chargetime_early_mean_qc,tavg_early_mean,39,-0.3672932028914887
all_labeled,B2,none,spearman,chargetime_early_mean_qc,tavg_early_mean,39,-0.15161943319838056
all_labeled,B2,none,pearson,chargetime_early_mean_qc,ir_missing_fraction_early,39,-0.2839199819705214
all_labeled,B2,none,spearman,chargetime_early_mean_qc,ir_missing_fraction_early,39,-0.2146916486201567
all_labeled,B2,none,pearson,chargetime_early_mean_qc,tmax_early_mean,39,0.009287667087177019
all_labeled,B2,none,spearman,chargetime_early_mean_qc,tmax_early_mean,39,0.07914979757085021
all_labeled,B2,none,pearson,chargetime_early_mean_qc,chargetime_early_median,39,0.9952037851428733
all_labeled,B2,none,spearman,chargetime_early_mean_qc,chargetime_early_median,39,0.9789473684210527
all_labeled,B2,none,pearson,chargetime_early_mean_qc,qd_early_mean_qc,39,0.21236631332455777
all_labeled,B2,none,spearman,chargetime_early_mean_qc,qd_early_mean_qc,39,0.007287449392712551
all_labeled,B2,none,pearson,chargetime_early_mean_qc,qd_early_std_qc,39,-0.14537851986933115
all_labeled,B2,none,spearman,chargetime_early_mean_qc,qd_early_std_qc,39,0.0036437246963562757
all_labeled,B2,none,pearson,chargetime_early_mean_qc,qd_early_slope_qc,39,0.2680596148357203
all_labeled,B2,none,spearman,chargetime_early_mean_qc,qd_early_slope_qc,39,0.025101214574898785
all_labeled,B2,none,pearson,chargetime_early_mean_qc,qd2_qc,39,0.22662688328269445
all_labeled,B2,none,spearman,chargetime_early_mean_qc,qd2_qc,39,0.11700404858299596
all_labeled,B2,none,pearson,chargetime_early_mean_qc,qd100_qc,39,0.19874818044565273
all_labeled,B2,none,spearman,chargetime_early_mean_qc,qd100_qc,39,0.01700404858299595
all_labeled,B2,none,pearson,chargetime_early_mean_qc,qd_delta_100_2_qc,39,0.03406097094779556
all_labeled,B2,none,spearman,chargetime_early_mean_qc,qd_delta_100_2_qc,39,-0.12591093117408908
all_labeled,B2,none,pearson,qd_early_mean_qc,qd_early_std,39,-0.19776797479816904
all_labeled,B2,none,spearman,qd_early_mean_qc,qd_early_std,39,-0.1410931174089069
all_labeled,B2,none,pearson,qd_early_mean_qc,qd_early_median,39,0.9968415131798474
all_labeled,B2,none,spearman,qd_early_mean_qc,qd_early_median,39,0.9949392712550609
all_labeled,B2,none,pearson,qd_early_mean_qc,qd_early_slope,39,0.38584098029647934
all_labeled,B2,none,spearman,qd_early_mean_qc,qd_early_slope,39,0.3390688259109312
all_labeled,B2,none,pearson,qd_early_mean_qc,tavg_early_mean,39,-0.3275900362325804
all_labeled,B2,none,spearman,qd_early_mean_qc,tavg_early_mean,39,-0.2593117408906883
all_labeled,B2,none,pearson,qd_early_mean_qc,tmax_early_mean,39,-0.22725703100384664
all_labeled,B2,none,spearman,qd_early_mean_qc,tmax_early_mean,39,-0.2538461538461539
all_labeled,B2,none,pearson,qd_early_mean_qc,qd_early_std_qc,39,-0.19776797479816904
all_labeled,B2,none,spearman,qd_early_mean_qc,qd_early_std_qc,39,-0.1410931174089069
all_labeled,B2,none,pearson,qd_early_mean_qc,qd_early_slope_qc,39,0.38584098029647934
all_labeled,B2,none,spearman,qd_early_mean_qc,qd_early_slope_qc,39,0.3390688259109312
all_labeled,B2,none,pearson,qd_early_std_qc,tavg_early_mean,39,0.11876302496052381
all_labeled,B2,none,spearman,qd_early_std_qc,tavg_early_mean,39,0.03117408906882591
all_labeled,B2,none,pearson,qd_early_std_qc,tmax_early_mean,39,0.14185729352115511
all_labeled,B2,none,spearman,qd_early_std_qc,tmax_early_mean,39,0.18866396761133603
all_labeled,B2,none,pearson,qd_early_slope_qc,qd_early_std,39,-0.2511394247856577
all_labeled,B2,none,spearman,qd_early_slope_qc,qd_early_std,39,-0.07975708502024292
all_labeled,B2,none,pearson,qd_early_slope_qc,tavg_early_mean,39,-0.22003893096695876
all_labeled,B2,none,spearman,qd_early_slope_qc,tavg_early_mean,39,-0.18137651821862347
all_labeled,B2,none,pearson,qd_early_slope_qc,tmax_early_mean,39,-0.010151846093156745
all_labeled,B2,none,spearman,qd_early_slope_qc,tmax_early_mean,39,0.03097165991902834
all_labeled,B2,none,pearson,qd_early_slope_qc,qd_early_std_qc,39,-0.2511394247856577
all_labeled,B2,none,spearman,qd_early_slope_qc,qd_early_std_qc,39,-0.07975708502024292
all_labeled,B2,none,pearson,qd2_qc,qd_early_mean,39,0.9429917546089435
all_labeled,B2,none,spearman,qd2_qc,qd_early_mean,39,0.9180161943319838
all_labeled,B2,none,pearson,qd2_qc,qd_early_std,39,-0.09011128406812986
all_labeled,B2,none,spearman,qd2_qc,qd_early_std,39,-0.07489878542510123
all_labeled,B2,none,pearson,qd2_qc,qd_early_median,39,0.9415062501262249
all_labeled,B2,none,spearman,qd2_qc,qd_early_median,39,0.9255060728744939
all_labeled,B2,none,pearson,qd2_qc,qd_delta_100_2,39,0.0893646337881061
all_labeled,B2,none,spearman,qd2_qc,qd_delta_100_2,39,0.1611336032388664
all_labeled,B2,none,pearson,qd2_qc,qd_early_slope,39,0.0909650752821447
all_labeled,B2,none,spearman,qd2_qc,qd_early_slope,39,0.08481781376518219
all_labeled,B2,none,pearson,qd2_qc,tavg_early_mean,39,-0.29991951120916865
all_labeled,B2,none,spearman,qd2_qc,tavg_early_mean,39,-0.1836032388663968
all_labeled,B2,none,pearson,qd2_qc,tmax_early_mean,39,-0.23626318483323555
all_labeled,B2,none,spearman,qd2_qc,tmax_early_mean,39,-0.23137651821862348
all_labeled,B2,none,pearson,qd2_qc,qd_early_mean_qc,39,0.9429917546089435
all_labeled,B2,none,spearman,qd2_qc,qd_early_mean_qc,39,0.9180161943319838
all_labeled,B2,none,pearson,qd2_qc,qd_early_std_qc,39,-0.09011128406812986
all_labeled,B2,none,spearman,qd2_qc,qd_early_std_qc,39,-0.07489878542510123
all_labeled,B2,none,pearson,qd2_qc,qd_early_slope_qc,39,0.0909650752821447
all_labeled,B2,none,spearman,qd2_qc,qd_early_slope_qc,39,0.08481781376518219
all_labeled,B2,none,pearson,qd2_qc,qd_delta_100_2_qc,39,0.0893646337881061
all_labeled,B2,none,spearman,qd2_qc,qd_delta_100_2_qc,39,0.1611336032388664
all_labeled,B2,none,pearson,qd100_qc,qd_early_mean,39,0.9608774528788124
all_labeled,B2,none,spearman,qd100_qc,qd_early_mean,39,0.9378542510121458
all_labeled,B2,none,pearson,qd100_qc,qd_early_std,39,-0.20885497173105136
all_labeled,B2,none,spearman,qd100_qc,qd_early_std,39,-0.1742914979757085
all_labeled,B2,none,pearson,qd100_qc,qd_early_median,39,0.9567962815646442
all_labeled,B2,none,spearman,qd100_qc,qd_early_median,39,0.924493927125506
all_labeled,B2,none,pearson,qd100_qc,qd2,39,0.844191513918739
all_labeled,B2,none,spearman,qd100_qc,qd2,39,0.8080971659919028
all_labeled,B2,none,pearson,qd100_qc,qd_delta_100_2,39,0.6093378351755423
all_labeled,B2,none,spearman,qd100_qc,qd_delta_100_2,39,0.6319838056680163
all_labeled,B2,none,pearson,qd100_qc,qd_early_slope,39,0.5573010499168232
all_labeled,B2,none,spearman,qd100_qc,qd_early_slope,39,0.5052631578947369
all_labeled,B2,none,pearson,qd100_qc,tavg_early_mean,39,-0.3389729621004302
all_labeled,B2,none,spearman,qd100_qc,tavg_early_mean,39,-0.2736842105263158
all_labeled,B2,none,pearson,qd100_qc,tmax_early_mean,39,-0.2374390527427895
all_labeled,B2,none,spearman,qd100_qc,tmax_early_mean,39,-0.22550607287449395
all_labeled,B2,none,pearson,qd100_qc,qd_early_mean_qc,39,0.9608774528788124
all_labeled,B2,none,spearman,qd100_qc,qd_early_mean_qc,39,0.9378542510121458
all_labeled,B2,none,pearson,qd100_qc,qd_early_std_qc,39,-0.20885497173105136
all_labeled,B2,none,spearman,qd100_qc,qd_early_std_qc,39,-0.1742914979757085
all_labeled,B2,none,pearson,qd100_qc,qd_early_slope_qc,39,0.5573010499168232
all_labeled,B2,none,spearman,qd100_qc,qd_early_slope_qc,39,0.5052631578947369
all_labeled,B2,none,pearson,qd100_qc,qd2_qc,39,0.844191513918739
all_labeled,B2,none,spearman,qd100_qc,qd2_qc,39,0.8080971659919028
all_labeled,B2,none,pearson,qd100_qc,qd_delta_100_2_qc,39,0.6093378351755423
all_labeled,B2,none,spearman,qd100_qc,qd_delta_100_2_qc,39,0.6319838056680163
all_labeled,B2,none,pearson,qd_delta_100_2_qc,qd_early_mean,39,0.39050077498084884
all_labeled,B2,none,spearman,qd_delta_100_2_qc,qd_early_mean,39,0.419838056680162
all_labeled,B2,none,pearson,qd_delta_100_2_qc,qd_early_std,39,-0.25477334944020885
all_labeled,B2,none,spearman,qd_delta_100_2_qc,qd_early_std,39,-0.13299595141700404
all_labeled,B2,none,pearson,qd_delta_100_2_qc,qd_early_median,39,0.38511505570983956
all_labeled,B2,none,spearman,qd_delta_100_2_qc,qd_early_median,39,0.3862348178137652
all_labeled,B2,none,pearson,qd_delta_100_2_qc,qd_early_slope,39,0.9009450316975812
all_labeled,B2,none,spearman,qd_delta_100_2_qc,qd_early_slope,39,0.8939271255060729
all_labeled,B2,none,pearson,qd_delta_100_2_qc,tavg_early_mean,39,-0.1861932236286195
all_labeled,B2,none,spearman,qd_delta_100_2_qc,tavg_early_mean,39,-0.251417004048583
all_labeled,B2,none,pearson,qd_delta_100_2_qc,tmax_early_mean,39,-0.0916970528953588
all_labeled,B2,none,spearman,qd_delta_100_2_qc,tmax_early_mean,39,-0.09777327935222672
all_labeled,B2,none,pearson,qd_delta_100_2_qc,qd_early_mean_qc,39,0.39050077498084884
all_labeled,B2,none,spearman,qd_delta_100_2_qc,qd_early_mean_qc,39,0.419838056680162
all_labeled,B2,none,pearson,qd_delta_100_2_qc,qd_early_std_qc,39,-0.25477334944020885
all_labeled,B2,none,spearman,qd_delta_100_2_qc,qd_early_std_qc,39,-0.13299595141700404
all_labeled,B2,none,pearson,qd_delta_100_2_qc,qd_early_slope_qc,39,0.9009450316975812
all_labeled,B2,none,spearman,qd_delta_100_2_qc,qd_early_slope_qc,39,0.8939271255060729
all_labeled,B3,none,pearson,qd_early_mean,qd_early_std,44,-0.5025498603645656
all_labeled,B3,none,spearman,qd_early_mean,qd_early_std,44,-0.503030303030303
all_labeled,B3,none,pearson,qd_early_mean,qd_early_median,44,0.999962556479454
all_labeled,B3,none,spearman,qd_early_mean,qd_early_median,44,0.9998590556730093
all_labeled,B3,none,pearson,qd_early_mean,qd_early_slope,44,0.43663278922897697
all_labeled,B3,none,spearman,qd_early_mean,qd_early_slope,44,0.351092318534179
all_labeled,B3,none,pearson,qd_early_mean,tavg_early_mean,44,-0.4159747360147672
all_labeled,B3,none,spearman,qd_early_mean,tavg_early_mean,44,-0.43890063424947146
all_labeled,B3,none,pearson,qd_early_mean,tmax_early_mean,44,-0.4108219582123925
all_labeled,B3,none,spearman,qd_early_mean,tmax_early_mean,44,-0.4405919661733615
all_labeled,B3,none,pearson,qd_early_mean,qd_early_mean_qc,44,0.9999999999999999
all_labeled,B3,none,spearman,qd_early_mean,qd_early_mean_qc,44,1.0
all_labeled,B3,none,pearson,qd_early_mean,qd_early_std_qc,44,-0.5025498603645656
all_labeled,B3,none,spearman,qd_early_mean,qd_early_std_qc,44,-0.503030303030303
all_labeled,B3,none,pearson,qd_early_mean,qd_early_slope_qc,44,0.43663278922897697
all_labeled,B3,none,spearman,qd_early_mean,qd_early_slope_qc,44,0.351092318534179
all_labeled,B3,none,pearson,qd_early_std,tavg_early_mean,44,0.21075805586740168
all_labeled,B3,none,spearman,qd_early_std,tavg_early_mean,44,0.4614517265680056
all_labeled,B3,none,pearson,qd_early_std,tmax_early_mean,44,0.2234535784576381
all_labeled,B3,none,spearman,qd_early_std,tmax_early_mean,44,0.4200140944326991
all_labeled,B3,none,pearson,qd_early_std,qd_early_std_qc,44,1.0
all_labeled,B3,none,spearman,qd_early_std,qd_early_std_qc,44,1.0
all_labeled,B3,none,pearson,qd_early_median,qd_early_std,44,-0.5021060105488404
all_labeled,B3,none,spearman,qd_early_median,qd_early_std,44,-0.5013389711064129
all_labeled,B3,none,pearson,qd_early_median,qd_early_slope,44,0.43555616007154796
all_labeled,B3,none,spearman,qd_early_median,qd_early_slope,44,0.3503875968992248
all_labeled,B3,none,pearson,qd_early_median,tavg_early_mean,44,-0.4148405705049843
all_labeled,B3,none,spearman,qd_early_median,tavg_early_mean,44,-0.441014799154334
all_labeled,B3,none,pearson,qd_early_median,tmax_early_mean,44,-0.4096171743856317
all_labeled,B3,none,spearman,qd_early_median,tmax_early_mean,44,-0.44228329809725164
all_labeled,B3,none,pearson,qd_early_median,qd_early_std_qc,44,-0.5021060105488404
all_labeled,B3,none,spearman,qd_early_median,qd_early_std_qc,44,-0.5013389711064129
all_labeled,B3,none,pearson,qd_early_median,qd_early_slope_qc,44,0.43555616007154796
all_labeled,B3,none,spearman,qd_early_median,qd_early_slope_qc,44,0.3503875968992248
all_labeled,B3,none,pearson,qd2,qd_early_mean,44,0.9396453454412712
all_labeled,B3,none,spearman,qd2,qd_early_mean,44,0.9451726568005638
all_labeled,B3,none,pearson,qd2,qd_early_std,44,-0.2001091957201482
all_labeled,B3,none,spearman,qd2,qd_early_std,44,-0.3932346723044397
all_labeled,B3,none,pearson,qd2,qd_early_median,44,0.9398298928932725
all_labeled,B3,none,spearman,qd2,qd_early_median,44,0.947568710359408
all_labeled,B3,none,pearson,qd2,qd_delta_100_2,44,0.09329376761510395
all_labeled,B3,none,spearman,qd2,qd_delta_100_2,44,0.05553206483439041
all_labeled,B3,none,pearson,qd2,qd_early_slope,44,0.11156509281478053
all_labeled,B3,none,spearman,qd2,qd_early_slope,44,0.15856236786469344
all_labeled,B3,none,pearson,qd2,tavg_early_mean,44,-0.3481266173079822
all_labeled,B3,none,spearman,qd2,tavg_early_mean,44,-0.36405919661733616
all_labeled,B3,none,pearson,qd2,tmax_early_mean,44,-0.34176693832241445
all_labeled,B3,none,spearman,qd2,tmax_early_mean,44,-0.3610993657505285
all_labeled,B3,none,pearson,qd2,qd_early_mean_qc,44,0.9396453454412712
all_labeled,B3,none,spearman,qd2,qd_early_mean_qc,44,0.9451726568005638
all_labeled,B3,none,pearson,qd2,qd_early_std_qc,44,-0.2001091957201482
all_labeled,B3,none,spearman,qd2,qd_early_std_qc,44,-0.3932346723044397
all_labeled,B3,none,pearson,qd2,qd_early_slope_qc,44,0.11156509281478053
all_labeled,B3,none,spearman,qd2,qd_early_slope_qc,44,0.15856236786469344
all_labeled,B3,none,pearson,qd2,qd2_qc,44,1.0
all_labeled,B3,none,spearman,qd2,qd2_qc,44,1.0
all_labeled,B3,none,pearson,qd2,qd_delta_100_2_qc,44,0.09329376761510395
all_labeled,B3,none,spearman,qd2,qd_delta_100_2_qc,44,0.05553206483439041
all_labeled,B3,none,pearson,qd100,qd_early_mean,44,0.9759548292996494
all_labeled,B3,none,spearman,qd100,qd_early_mean,44,0.9942212825933755
all_labeled,B3,none,pearson,qd100,qd_early_std,44,-0.6711488776937308
all_labeled,B3,none,spearman,qd100,qd_early_std,44,-0.5299506694855531
all_labeled,B3,none,pearson,qd100,qd_early_median,44,0.9756480669767534
all_labeled,B3,none,spearman,qd100,qd_early_median,44,0.9936575052854122
all_labeled,B3,none,pearson,qd100,qd2,44,0.8465096534613622
all_labeled,B3,none,spearman,qd100,qd2,44,0.9181113460183228
all_labeled,B3,none,pearson,qd100,qd_delta_100_2,44,0.6090255667570322
all_labeled,B3,none,spearman,qd100,qd_delta_100_2,44,0.3436222692036645
all_labeled,B3,none,pearson,qd100,qd_early_slope,44,0.6201362271552533
all_labeled,B3,none,spearman,qd100,qd_early_slope,44,0.4032417195207892
all_labeled,B3,none,pearson,qd100,tavg_early_mean,44,-0.4109608337192031
all_labeled,B3,none,spearman,qd100,tavg_early_mean,44,-0.4507399577167019
all_labeled,B3,none,pearson,qd100,tmax_early_mean,44,-0.41179068887511394
all_labeled,B3,none,spearman,qd100,tmax_early_mean,44,-0.453276955602537
all_labeled,B3,none,pearson,qd100,qd_early_mean_qc,44,0.9759548292996494
all_labeled,B3,none,spearman,qd100,qd_early_mean_qc,44,0.9942212825933755
all_labeled,B3,none,pearson,qd100,qd_early_std_qc,44,-0.6711488776937308
all_labeled,B3,none,spearman,qd100,qd_early_std_qc,44,-0.5299506694855531
all_labeled,B3,none,pearson,qd100,qd_early_slope_qc,44,0.6201362271552533
all_labeled,B3,none,spearman,qd100,qd_early_slope_qc,44,0.4032417195207892
all_labeled,B3,none,pearson,qd100,qd2_qc,44,0.8465096534613622
all_labeled,B3,none,spearman,qd100,qd2_qc,44,0.9181113460183228
all_labeled,B3,none,pearson,qd100,qd100_qc,44,1.0
all_labeled,B3,none,spearman,qd100,qd100_qc,44,1.0
all_labeled,B3,none,pearson,qd100,qd_delta_100_2_qc,44,0.6090255667570322
all_labeled,B3,none,spearman,qd100,qd_delta_100_2_qc,44,0.3436222692036645
all_labeled,B3,none,pearson,qd_delta_100_2,qd_early_mean,44,0.4252993793831028
all_labeled,B3,none,spearman,qd_delta_100_2,qd_early_mean,44,0.28527131782945736
all_labeled,B3,none,pearson,qd_delta_100_2,qd_early_std,44,-0.9570445233196272
all_labeled,B3,none,spearman,qd_delta_100_2,qd_early_std,44,-0.2840028188865398
all_labeled,B3,none,pearson,qd_delta_100_2,qd_early_median,44,0.42445072999089084
all_labeled,B3,none,spearman,qd_delta_100_2,qd_early_median,44,0.2848484848484848
all_labeled,B3,none,pearson,qd_delta_100_2,qd_early_slope,44,0.9935576985921969
all_labeled,B3,none,spearman,qd_delta_100_2,qd_early_slope,44,0.8711768851303734
all_labeled,B3,none,pearson,qd_delta_100_2,tavg_early_mean,44,-0.24992168050186112
all_labeled,B3,none,spearman,qd_delta_100_2,tavg_early_mean,44,-0.4133897110641296
all_labeled,B3,none,pearson,qd_delta_100_2,tmax_early_mean,44,-0.26094856370861513
all_labeled,B3,none,spearman,qd_delta_100_2,tmax_early_mean,44,-0.414799154334038
all_labeled,B3,none,pearson,qd_delta_100_2,qd_early_mean_qc,44,0.4252993793831028
all_labeled,B3,none,spearman,qd_delta_100_2,qd_early_mean_qc,44,0.28527131782945736
all_labeled,B3,none,pearson,qd_delta_100_2,qd_early_std_qc,44,-0.9570445233196272
all_labeled,B3,none,spearman,qd_delta_100_2,qd_early_std_qc,44,-0.2840028188865398
all_labeled,B3,none,pearson,qd_delta_100_2,qd_early_slope_qc,44,0.9935576985921969
all_labeled,B3,none,spearman,qd_delta_100_2,qd_early_slope_qc,44,0.8711768851303734
all_labeled,B3,none,pearson,qd_delta_100_2,qd_delta_100_2_qc,44,1.0
all_labeled,B3,none,spearman,qd_delta_100_2,qd_delta_100_2_qc,44,1.0
all_labeled,B3,none,pearson,qd_early_slope,qd_early_std,44,-0.9655267001894466
all_labeled,B3,none,spearman,qd_early_slope,qd_early_std,44,-0.4198731501057082
all_labeled,B3,none,pearson,qd_early_slope,tavg_early_mean,44,-0.24804679180740274
all_labeled,B3,none,spearman,qd_early_slope,tavg_early_mean,44,-0.5154334038054968
all_labeled,B3,none,pearson,qd_early_slope,tmax_early_mean,44,-0.26553318143970167
all_labeled,B3,none,spearman,qd_early_slope,tmax_early_mean,44,-0.5348837209302325
all_labeled,B3,none,pearson,qd_early_slope,qd_early_std_qc,44,-0.9655267001894466
all_labeled,B3,none,spearman,qd_early_slope,qd_early_std_qc,44,-0.4198731501057082
all_labeled,B3,none,pearson,qd_early_slope,qd_early_slope_qc,44,1.0
all_labeled,B3,none,spearman,qd_early_slope,qd_early_slope_qc,44,1.0
all_labeled,B3,none,pearson,ir_early_mean,qd_early_mean,44,0.27582676707240544
all_labeled,B3,none,spearman,ir_early_mean,qd_early_mean,44,0.43058491895701195
all_labeled,B3,none,pearson,ir_early_mean,qd_early_std,44,-0.6566286415827548
all_labeled,B3,none,spearman,ir_early_mean,qd_early_std,44,-0.5229034531360113
all_labeled,B3,none,pearson,ir_early_mean,qd_early_median,44,0.27517971288125664
all_labeled,B3,none,spearman,ir_early_mean,qd_early_median,44,0.4304439746300211
all_labeled,B3,none,pearson,ir_early_mean,qd2,44,0.05791929937361112
all_labeled,B3,none,spearman,ir_early_mean,qd2,44,0.33403805496828753
all_labeled,B3,none,pearson,ir_early_mean,qd100,44,0.40653402322664434
all_labeled,B3,none,spearman,ir_early_mean,qd100,44,0.4587737843551797
all_labeled,B3,none,pearson,ir_early_mean,qd_delta_100_2,44,0.67400487879977
all_labeled,B3,none,spearman,ir_early_mean,qd_delta_100_2,44,0.4266384778012684
all_labeled,B3,none,pearson,ir_early_mean,qd_early_slope,44,0.6776755492345841
all_labeled,B3,none,spearman,ir_early_mean,qd_early_slope,44,0.5212121212121212
all_labeled,B3,none,pearson,ir_early_mean,ir_early_slope,44,-0.5145650631075243
all_labeled,B3,none,spearman,ir_early_mean,ir_early_slope,44,-0.20944326990838616
all_labeled,B3,none,pearson,ir_early_mean,ir_zero_fraction_early,44,
all_labeled,B3,none,spearman,ir_early_mean,ir_zero_fraction_early,44,
all_labeled,B3,none,pearson,ir_early_mean,tavg_early_mean,44,-0.2563166186729247
all_labeled,B3,none,spearman,ir_early_mean,tavg_early_mean,44,-0.2900634249471458
all_labeled,B3,none,pearson,ir_early_mean,ir_missing_fraction_early,44,
all_labeled,B3,none,spearman,ir_early_mean,ir_missing_fraction_early,44,
all_labeled,B3,none,pearson,ir_early_mean,tmax_early_mean,44,-0.21075018593450656
all_labeled,B3,none,spearman,ir_early_mean,tmax_early_mean,44,-0.3112050739957717
all_labeled,B3,none,pearson,ir_early_mean,qd_early_mean_qc,44,0.27582676707240544
all_labeled,B3,none,spearman,ir_early_mean,qd_early_mean_qc,44,0.43058491895701195
all_labeled,B3,none,pearson,ir_early_mean,qd_early_std_qc,44,-0.6566286415827548
all_labeled,B3,none,spearman,ir_early_mean,qd_early_std_qc,44,-0.5229034531360113
all_labeled,B3,none,pearson,ir_early_mean,qd_early_slope_qc,44,0.6776755492345841
all_labeled,B3,none,spearman,ir_early_mean,qd_early_slope_qc,44,0.5212121212121212
all_labeled,B3,none,pearson,ir_early_mean,qd2_qc,44,0.05791929937361112
all_labeled,B3,none,spearman,ir_early_mean,qd2_qc,44,0.33403805496828753
all_labeled,B3,none,pearson,ir_early_mean,qd100_qc,44,0.40653402322664434
all_labeled,B3,none,spearman,ir_early_mean,qd100_qc,44,0.4587737843551797
all_labeled,B3,none,pearson,ir_early_mean,qd_delta_100_2_qc,44,0.67400487879977
all_labeled,B3,none,spearman,ir_early_mean,qd_delta_100_2_qc,44,0.4266384778012684
all_labeled,B3,none,pearson,ir_change_100_2,qd_early_mean,44,-0.21781809232001573
all_labeled,B3,none,spearman,ir_change_100_2,qd_early_mean,44,0.258491895701198
all_labeled,B3,none,pearson,ir_change_100_2,qd_early_std,44,0.7439178392943615
all_labeled,B3,none,spearman,ir_change_100_2,qd_early_std,44,0.040169133192389
all_labeled,B3,none,pearson,ir_change_100_2,qd_early_median,44,-0.21662133062684424
all_labeled,B3,none,spearman,ir_change_100_2,qd_early_median,44,0.2641296687808316
all_labeled,B3,none,pearson,ir_change_100_2,qd2,44,0.03236866677699335
all_labeled,B3,none,spearman,ir_change_100_2,qd2,44,0.40493305144467934
all_labeled,B3,none,pearson,ir_change_100_2,qd100,44,-0.37396303622335314
all_labeled,B3,none,spearman,ir_change_100_2,qd100,44,0.20507399577167018
all_labeled,B3,none,pearson,ir_change_100_2,qd_delta_100_2,44,-0.7476055189226045
all_labeled,B3,none,spearman,ir_change_100_2,qd_delta_100_2,44,-0.3310782241014799
all_labeled,B3,none,pearson,ir_change_100_2,qd_early_slope,44,-0.759996942673732
all_labeled,B3,none,spearman,ir_change_100_2,qd_early_slope,44,-0.3174066243833686
all_labeled,B3,none,pearson,ir_change_100_2,ir_early_mean,44,-0.5146280546529444
all_labeled,B3,none,spearman,ir_change_100_2,ir_early_mean,44,-0.10500352360817478
all_labeled,B3,none,pearson,ir_change_100_2,ir_early_slope,44,0.8913936760354115
all_labeled,B3,none,spearman,ir_change_100_2,ir_early_slope,44,0.8379140239605355
all_labeled,B3,none,pearson,ir_change_100_2,ir_zero_fraction_early,44,
all_labeled,B3,none,spearman,ir_change_100_2,ir_zero_fraction_early,44,
all_labeled,B3,none,pearson,ir_change_100_2,tavg_early_mean,44,0.1552401963714308
all_labeled,B3,none,spearman,ir_change_100_2,tavg_early_mean,44,0.17801268498942918
all_labeled,B3,none,pearson,ir_change_100_2,ir_missing_fraction_early,44,
all_labeled,B3,none,spearman,ir_change_100_2,ir_missing_fraction_early,44,
all_labeled,B3,none,pearson,ir_change_100_2,tmax_early_mean,44,0.15417237228062736
all_labeled,B3,none,spearman,ir_change_100_2,tmax_early_mean,44,0.16758280479210713
all_labeled,B3,none,pearson,ir_change_100_2,qd_early_mean_qc,44,-0.21781809232001573
all_labeled,B3,none,spearman,ir_change_100_2,qd_early_mean_qc,44,0.258491895701198
all_labeled,B3,none,pearson,ir_change_100_2,qd_early_std_qc,44,0.7439178392943615
all_labeled,B3,none,spearman,ir_change_100_2,qd_early_std_qc,44,0.040169133192389
all_labeled,B3,none,pearson,ir_change_100_2,qd_early_slope_qc,44,-0.759996942673732
all_labeled,B3,none,spearman,ir_change_100_2,qd_early_slope_qc,44,-0.3174066243833686
all_labeled,B3,none,pearson,ir_change_100_2,qd2_qc,44,0.03236866677699335
all_labeled,B3,none,spearman,ir_change_100_2,qd2_qc,44,0.40493305144467934
all_labeled,B3,none,pearson,ir_change_100_2,qd100_qc,44,-0.37396303622335314
all_labeled,B3,none,spearman,ir_change_100_2,qd100_qc,44,0.20507399577167018
all_labeled,B3,none,pearson,ir_change_100_2,qd_delta_100_2_qc,44,-0.7476055189226045
all_labeled,B3,none,spearman,ir_change_100_2,qd_delta_100_2_qc,44,-0.3310782241014799
all_labeled,B3,none,pearson,ir_early_slope,qd_early_mean,44,-0.32829224805250656
all_labeled,B3,none,spearman,ir_early_slope,qd_early_mean,44,-0.029457364341085267
all_labeled,B3,none,pearson,ir_early_slope,qd_early_std,44,0.6310499916334903
all_labeled,B3,none,spearman,ir_early_slope,qd_early_std,44,0.14460887949260043
all_labeled,B3,none,pearson,ir_early_slope,qd_early_median,44,-0.3275898610376812
all_labeled,B3,none,spearman,ir_early_slope,qd_early_median,44,-0.024242424242424242
all_labeled,B3,none,pearson,ir_early_slope,qd2,44,-0.13689358573586707
all_labeled,B3,none,spearman,ir_early_slope,qd2,44,0.08583509513742071
all_labeled,B3,none,pearson,ir_early_slope,qd100,44,-0.44256936414948356
all_labeled,B3,none,spearman,ir_early_slope,qd100,44,-0.07470049330514447
all_labeled,B3,none,pearson,ir_early_slope,qd_delta_100_2,44,-0.6237387949222579
all_labeled,B3,none,spearman,ir_early_slope,qd_delta_100_2,44,-0.20535588442565184
all_labeled,B3,none,pearson,ir_early_slope,qd_early_slope,44,-0.6424472298093375
all_labeled,B3,none,spearman,ir_early_slope,qd_early_slope,44,-0.24228329809725155
all_labeled,B3,none,pearson,ir_early_slope,ir_zero_fraction_early,44,
all_labeled,B3,none,spearman,ir_early_slope,ir_zero_fraction_early,44,
all_labeled,B3,none,pearson,ir_early_slope,tavg_early_mean,44,0.21209860773843053
all_labeled,B3,none,spearman,ir_early_slope,tavg_early_mean,44,0.24496124031007752
all_labeled,B3,none,pearson,ir_early_slope,ir_missing_fraction_early,44,
all_labeled,B3,none,spearman,ir_early_slope,ir_missing_fraction_early,44,
all_labeled,B3,none,pearson,ir_early_slope,tmax_early_mean,44,0.18934138449377225
all_labeled,B3,none,spearman,ir_early_slope,tmax_early_mean,44,0.2311486962649753
all_labeled,B3,none,pearson,ir_early_slope,qd_early_mean_qc,44,-0.32829224805250656
all_labeled,B3,none,spearman,ir_early_slope,qd_early_mean_qc,44,-0.029457364341085267
all_labeled,B3,none,pearson,ir_early_slope,qd_early_std_qc,44,0.6310499916334903
all_labeled,B3,none,spearman,ir_early_slope,qd_early_std_qc,44,0.14460887949260043
all_labeled,B3,none,pearson,ir_early_slope,qd_early_slope_qc,44,-0.6424472298093375
all_labeled,B3,none,spearman,ir_early_slope,qd_early_slope_qc,44,-0.24228329809725155
all_labeled,B3,none,pearson,ir_early_slope,qd2_qc,44,-0.13689358573586707
all_labeled,B3,none,spearman,ir_early_slope,qd2_qc,44,0.08583509513742071
all_labeled,B3,none,pearson,ir_early_slope,qd100_qc,44,-0.44256936414948356
all_labeled,B3,none,spearman,ir_early_slope,qd100_qc,44,-0.07470049330514447
all_labeled,B3,none,pearson,ir_early_slope,qd_delta_100_2_qc,44,-0.6237387949222579
all_labeled,B3,none,spearman,ir_early_slope,qd_delta_100_2_qc,44,-0.20535588442565184
all_labeled,B3,none,pearson,ir_zero_fraction_early,qd_early_mean,44,
all_labeled,B3,none,spearman,ir_zero_fraction_early,qd_early_mean,44,
all_labeled,B3,none,pearson,ir_zero_fraction_early,qd_early_std,44,
all_labeled,B3,none,spearman,ir_zero_fraction_early,qd_early_std,44,
all_labeled,B3,none,pearson,ir_zero_fraction_early,qd_early_median,44,
all_labeled,B3,none,spearman,ir_zero_fraction_early,qd_early_median,44,
all_labeled,B3,none,pearson,ir_zero_fraction_early,qd2,44,
all_labeled,B3,none,spearman,ir_zero_fraction_early,qd2,44,
all_labeled,B3,none,pearson,ir_zero_fraction_early,qd100,44,
all_labeled,B3,none,spearman,ir_zero_fraction_early,qd100,44,
all_labeled,B3,none,pearson,ir_zero_fraction_early,qd_delta_100_2,44,
all_labeled,B3,none,spearman,ir_zero_fraction_early,qd_delta_100_2,44,
all_labeled,B3,none,pearson,ir_zero_fraction_early,qd_early_slope,44,
all_labeled,B3,none,spearman,ir_zero_fraction_early,qd_early_slope,44,
all_labeled,B3,none,pearson,ir_zero_fraction_early,tavg_early_mean,44,
all_labeled,B3,none,spearman,ir_zero_fraction_early,tavg_early_mean,44,
all_labeled,B3,none,pearson,ir_zero_fraction_early,tmax_early_mean,44,
all_labeled,B3,none,spearman,ir_zero_fraction_early,tmax_early_mean,44,
all_labeled,B3,none,pearson,ir_zero_fraction_early,qd_early_mean_qc,44,
all_labeled,B3,none,spearman,ir_zero_fraction_early,qd_early_mean_qc,44,
all_labeled,B3,none,pearson,ir_zero_fraction_early,qd_early_std_qc,44,
all_labeled,B3,none,spearman,ir_zero_fraction_early,qd_early_std_qc,44,
all_labeled,B3,none,pearson,ir_zero_fraction_early,qd_early_slope_qc,44,
all_labeled,B3,none,spearman,ir_zero_fraction_early,qd_early_slope_qc,44,
all_labeled,B3,none,pearson,ir_zero_fraction_early,qd2_qc,44,
all_labeled,B3,none,spearman,ir_zero_fraction_early,qd2_qc,44,
all_labeled,B3,none,pearson,ir_zero_fraction_early,qd100_qc,44,
all_labeled,B3,none,spearman,ir_zero_fraction_early,qd100_qc,44,
all_labeled,B3,none,pearson,ir_zero_fraction_early,qd_delta_100_2_qc,44,
all_labeled,B3,none,spearman,ir_zero_fraction_early,qd_delta_100_2_qc,44,
all_labeled,B3,none,pearson,tavg_early_mean,tmax_early_mean,44,0.9714934757859056
all_labeled,B3,none,spearman,tavg_early_mean,tmax_early_mean,44,0.976321353065539
all_labeled,B3,none,pearson,ir_missing_fraction_early,qd_early_mean,44,
all_labeled,B3,none,spearman,ir_missing_fraction_early,qd_early_mean,44,
all_labeled,B3,none,pearson,ir_missing_fraction_early,qd_early_std,44,
all_labeled,B3,none,spearman,ir_missing_fraction_early,qd_early_std,44,
all_labeled,B3,none,pearson,ir_missing_fraction_early,qd_early_median,44,
all_labeled,B3,none,spearman,ir_missing_fraction_early,qd_early_median,44,
all_labeled,B3,none,pearson,ir_missing_fraction_early,qd2,44,
all_labeled,B3,none,spearman,ir_missing_fraction_early,qd2,44,
all_labeled,B3,none,pearson,ir_missing_fraction_early,qd100,44,
all_labeled,B3,none,spearman,ir_missing_fraction_early,qd100,44,
all_labeled,B3,none,pearson,ir_missing_fraction_early,qd_delta_100_2,44,
all_labeled,B3,none,spearman,ir_missing_fraction_early,qd_delta_100_2,44,
all_labeled,B3,none,pearson,ir_missing_fraction_early,qd_early_slope,44,
all_labeled,B3,none,spearman,ir_missing_fraction_early,qd_early_slope,44,
all_labeled,B3,none,pearson,ir_missing_fraction_early,ir_zero_fraction_early,44,
all_labeled,B3,none,spearman,ir_missing_fraction_early,ir_zero_fraction_early,44,
all_labeled,B3,none,pearson,ir_missing_fraction_early,tavg_early_mean,44,
all_labeled,B3,none,spearman,ir_missing_fraction_early,tavg_early_mean,44,
all_labeled,B3,none,pearson,ir_missing_fraction_early,tmax_early_mean,44,
all_labeled,B3,none,spearman,ir_missing_fraction_early,tmax_early_mean,44,
all_labeled,B3,none,pearson,ir_missing_fraction_early,qd_early_mean_qc,44,
all_labeled,B3,none,spearman,ir_missing_fraction_early,qd_early_mean_qc,44,
all_labeled,B3,none,pearson,ir_missing_fraction_early,qd_early_std_qc,44,
all_labeled,B3,none,spearman,ir_missing_fraction_early,qd_early_std_qc,44,
all_labeled,B3,none,pearson,ir_missing_fraction_early,qd_early_slope_qc,44,
all_labeled,B3,none,spearman,ir_missing_fraction_early,qd_early_slope_qc,44,
all_labeled,B3,none,pearson,ir_missing_fraction_early,qd2_qc,44,
all_labeled,B3,none,spearman,ir_missing_fraction_early,qd2_qc,44,
all_labeled,B3,none,pearson,ir_missing_fraction_early,qd100_qc,44,
all_labeled,B3,none,spearman,ir_missing_fraction_early,qd100_qc,44,
all_labeled,B3,none,pearson,ir_missing_fraction_early,qd_delta_100_2_qc,44,
all_labeled,B3,none,spearman,ir_missing_fraction_early,qd_delta_100_2_qc,44,
all_labeled,B3,none,pearson,chargetime_early_mean,qd_early_mean,44,-0.05052569834800147
all_labeled,B3,none,spearman,chargetime_early_mean,qd_early_mean,44,-0.1880197322057787
all_labeled,B3,none,pearson,chargetime_early_mean,qd_early_std,44,-0.04950517374941147
all_labeled,B3,none,spearman,chargetime_early_mean,qd_early_std,44,-0.0463706835799859
all_labeled,B3,none,pearson,chargetime_early_mean,qd_early_median,44,-0.05481800811536377
all_labeled,B3,none,spearman,chargetime_early_mean,qd_early_median,44,-0.18717406624383365
all_labeled,B3,none,pearson,chargetime_early_mean,qd2,44,-0.08168760369839162
all_labeled,B3,none,spearman,chargetime_early_mean,qd2,44,-0.09739252995066947
all_labeled,B3,none,pearson,chargetime_early_mean,qd100,44,-0.028456873601477844
all_labeled,B3,none,spearman,chargetime_early_mean,qd100,44,-0.20028188865398164
all_labeled,B3,none,pearson,chargetime_early_mean,qd_delta_100_2,44,0.06848165316815899
all_labeled,B3,none,spearman,chargetime_early_mean,qd_delta_100_2,44,-0.26398872445384075
all_labeled,B3,none,pearson,chargetime_early_mean,qd_early_slope,44,0.11700672213215117
all_labeled,B3,none,spearman,chargetime_early_mean,qd_early_slope,44,-0.11472868217054262
all_labeled,B3,none,pearson,chargetime_early_mean,ir_early_mean,44,0.031184997388373797
all_labeled,B3,none,spearman,chargetime_early_mean,ir_early_mean,44,-0.0996476391825229
all_labeled,B3,none,pearson,chargetime_early_mean,ir_change_100_2,44,-0.2120878904264618
all_labeled,B3,none,spearman,chargetime_early_mean,ir_change_100_2,44,0.03608174770965468
all_labeled,B3,none,pearson,chargetime_early_mean,ir_early_slope,44,-0.18273922713220797
all_labeled,B3,none,spearman,chargetime_early_mean,ir_early_slope,44,0.04679351656095841
all_labeled,B3,none,pearson,chargetime_early_mean,ir_zero_fraction_early,44,
all_labeled,B3,none,spearman,chargetime_early_mean,ir_zero_fraction_early,44,
all_labeled,B3,none,pearson,chargetime_early_mean,tavg_early_mean,44,-0.20395618491682416
all_labeled,B3,none,spearman,chargetime_early_mean,tavg_early_mean,44,-0.09626497533474278
all_labeled,B3,none,pearson,chargetime_early_mean,ir_missing_fraction_early,44,
all_labeled,B3,none,spearman,chargetime_early_mean,ir_missing_fraction_early,44,
all_labeled,B3,none,pearson,chargetime_early_mean,tmax_early_mean,44,-0.20367652103939685
all_labeled,B3,none,spearman,chargetime_early_mean,tmax_early_mean,44,-0.0697674418604651
all_labeled,B3,none,pearson,chargetime_early_mean,chargetime_early_median,44,0.9999955348060412
all_labeled,B3,none,spearman,chargetime_early_mean,chargetime_early_median,44,0.9733253468109759
all_labeled,B3,none,pearson,chargetime_early_mean,chargetime_early_mean_qc,44,1.0
all_labeled,B3,none,spearman,chargetime_early_mean,chargetime_early_mean_qc,44,1.0
all_labeled,B3,none,pearson,chargetime_early_mean,qd_early_mean_qc,44,-0.05052569834800147
all_labeled,B3,none,spearman,chargetime_early_mean,qd_early_mean_qc,44,-0.1880197322057787
all_labeled,B3,none,pearson,chargetime_early_mean,qd_early_std_qc,44,-0.04950517374941147
all_labeled,B3,none,spearman,chargetime_early_mean,qd_early_std_qc,44,-0.0463706835799859
all_labeled,B3,none,pearson,chargetime_early_mean,qd_early_slope_qc,44,0.11700672213215117
all_labeled,B3,none,spearman,chargetime_early_mean,qd_early_slope_qc,44,-0.11472868217054262
all_labeled,B3,none,pearson,chargetime_early_mean,qd2_qc,44,-0.08168760369839162
all_labeled,B3,none,spearman,chargetime_early_mean,qd2_qc,44,-0.09739252995066947
all_labeled,B3,none,pearson,chargetime_early_mean,qd100_qc,44,-0.028456873601477844
all_labeled,B3,none,spearman,chargetime_early_mean,qd100_qc,44,-0.20028188865398164
all_labeled,B3,none,pearson,chargetime_early_mean,qd_delta_100_2_qc,44,0.06848165316815899
all_labeled,B3,none,spearman,chargetime_early_mean,qd_delta_100_2_qc,44,-0.26398872445384075
all_labeled,B3,none,pearson,chargetime_early_median,qd_early_mean,44,-0.04938002193377512
all_labeled,B3,none,spearman,chargetime_early_median,qd_early_mean,44,-0.21981042333671955
all_labeled,B3,none,pearson,chargetime_early_median,qd_early_std,44,-0.052142328044840786
all_labeled,B3,none,spearman,chargetime_early_median,qd_early_std,44,0.004439902747743935
all_labeled,B3,none,pearson,chargetime_early_median,qd_early_median,44,-0.053676913919349235
all_labeled,B3,none,spearman,chargetime_early_median,qd_early_median,44,-0.2191056768688237
all_labeled,B3,none,pearson,chargetime_early_median,qd2,44,-0.08137346338547294
all_labeled,B3,none,spearman,chargetime_early_median,qd2,44,-0.11642411649639652
all_labeled,B3,none,pearson,chargetime_early_median,qd100,44,-0.026788130737606785
all_labeled,B3,none,spearman,chargetime_early_median,qd100,44,-0.23475104845611183
all_labeled,B3,none,pearson,chargetime_early_median,qd_delta_100_2,44,0.07113449861975757
all_labeled,B3,none,spearman,chargetime_early_median,qd_delta_100_2,44,-0.2864794391996682
all_labeled,B3,none,pearson,chargetime_early_median,qd_early_slope,44,0.11967269228308094
all_labeled,B3,none,spearman,chargetime_early_median,qd_early_slope,44,-0.1211459178312988
all_labeled,B3,none,pearson,chargetime_early_median,ir_early_mean,44,0.03298076847837606
all_labeled,B3,none,spearman,chargetime_early_median,ir_early_mean,44,-0.06913562850058413
all_labeled,B3,none,pearson,chargetime_early_median,ir_change_100_2,44,-0.21432496425971997
all_labeled,B3,none,spearman,chargetime_early_median,ir_change_100_2,44,0.0539131047940335
all_labeled,B3,none,pearson,chargetime_early_median,ir_early_slope,44,-0.18459322784063115
all_labeled,B3,none,spearman,chargetime_early_median,ir_early_slope,44,0.09746643650999781
all_labeled,B3,none,pearson,chargetime_early_median,ir_zero_fraction_early,44,
all_labeled,B3,none,spearman,chargetime_early_median,ir_zero_fraction_early,44,
all_labeled,B3,none,pearson,chargetime_early_median,tavg_early_mean,44,-0.20422167944046976
all_labeled,B3,none,spearman,chargetime_early_median,tavg_early_mean,44,-0.04010007402327459
all_labeled,B3,none,pearson,chargetime_early_median,ir_missing_fraction_early,44,
all_labeled,B3,none,spearman,chargetime_early_median,ir_missing_fraction_early,44,
all_labeled,B3,none,pearson,chargetime_early_median,tmax_early_mean,44,-0.2040250733530763
all_labeled,B3,none,spearman,chargetime_early_median,tmax_early_mean,44,-0.03185454034889299
all_labeled,B3,none,pearson,chargetime_early_median,qd_early_mean_qc,44,-0.04938002193377512
all_labeled,B3,none,spearman,chargetime_early_median,qd_early_mean_qc,44,-0.21981042333671955
all_labeled,B3,none,pearson,chargetime_early_median,qd_early_std_qc,44,-0.052142328044840786
all_labeled,B3,none,spearman,chargetime_early_median,qd_early_std_qc,44,0.004439902747743935
all_labeled,B3,none,pearson,chargetime_early_median,qd_early_slope_qc,44,0.11967269228308094
all_labeled,B3,none,spearman,chargetime_early_median,qd_early_slope_qc,44,-0.1211459178312988
all_labeled,B3,none,pearson,chargetime_early_median,qd2_qc,44,-0.08137346338547294
all_labeled,B3,none,spearman,chargetime_early_median,qd2_qc,44,-0.11642411649639652
all_labeled,B3,none,pearson,chargetime_early_median,qd100_qc,44,-0.026788130737606785
all_labeled,B3,none,spearman,chargetime_early_median,qd100_qc,44,-0.23475104845611183
all_labeled,B3,none,pearson,chargetime_early_median,qd_delta_100_2_qc,44,0.07113449861975757
all_labeled,B3,none,spearman,chargetime_early_median,qd_delta_100_2_qc,44,-0.2864794391996682
all_labeled,B3,none,pearson,chargetime_early_mean_qc,qd_early_mean,44,-0.05052569834800147
all_labeled,B3,none,spearman,chargetime_early_mean_qc,qd_early_mean,44,-0.1880197322057787
all_labeled,B3,none,pearson,chargetime_early_mean_qc,qd_early_std,44,-0.04950517374941147
all_labeled,B3,none,spearman,chargetime_early_mean_qc,qd_early_std,44,-0.0463706835799859
all_labeled,B3,none,pearson,chargetime_early_mean_qc,qd_early_median,44,-0.05481800811536377
all_labeled,B3,none,spearman,chargetime_early_mean_qc,qd_early_median,44,-0.18717406624383365
all_labeled,B3,none,pearson,chargetime_early_mean_qc,qd2,44,-0.08168760369839162
all_labeled,B3,none,spearman,chargetime_early_mean_qc,qd2,44,-0.09739252995066947
all_labeled,B3,none,pearson,chargetime_early_mean_qc,qd100,44,-0.028456873601477844
all_labeled,B3,none,spearman,chargetime_early_mean_qc,qd100,44,-0.20028188865398164
all_labeled,B3,none,pearson,chargetime_early_mean_qc,qd_delta_100_2,44,0.06848165316815899
all_labeled,B3,none,spearman,chargetime_early_mean_qc,qd_delta_100_2,44,-0.26398872445384075
all_labeled,B3,none,pearson,chargetime_early_mean_qc,qd_early_slope,44,0.11700672213215117
all_labeled,B3,none,spearman,chargetime_early_mean_qc,qd_early_slope,44,-0.11472868217054262
all_labeled,B3,none,pearson,chargetime_early_mean_qc,ir_early_mean,44,0.031184997388373797
all_labeled,B3,none,spearman,chargetime_early_mean_qc,ir_early_mean,44,-0.0996476391825229
all_labeled,B3,none,pearson,chargetime_early_mean_qc,ir_change_100_2,44,-0.2120878904264618
all_labeled,B3,none,spearman,chargetime_early_mean_qc,ir_change_100_2,44,0.03608174770965468
all_labeled,B3,none,pearson,chargetime_early_mean_qc,ir_early_slope,44,-0.18273922713220797
all_labeled,B3,none,spearman,chargetime_early_mean_qc,ir_early_slope,44,0.04679351656095841
all_labeled,B3,none,pearson,chargetime_early_mean_qc,ir_zero_fraction_early,44,
all_labeled,B3,none,spearman,chargetime_early_mean_qc,ir_zero_fraction_early,44,
all_labeled,B3,none,pearson,chargetime_early_mean_qc,tavg_early_mean,44,-0.20395618491682416
all_labeled,B3,none,spearman,chargetime_early_mean_qc,tavg_early_mean,44,-0.09626497533474278
all_labeled,B3,none,pearson,chargetime_early_mean_qc,ir_missing_fraction_early,44,
all_labeled,B3,none,spearman,chargetime_early_mean_qc,ir_missing_fraction_early,44,
all_labeled,B3,none,pearson,chargetime_early_mean_qc,tmax_early_mean,44,-0.20367652103939685
all_labeled,B3,none,spearman,chargetime_early_mean_qc,tmax_early_mean,44,-0.0697674418604651
all_labeled,B3,none,pearson,chargetime_early_mean_qc,chargetime_early_median,44,0.9999955348060412
all_labeled,B3,none,spearman,chargetime_early_mean_qc,chargetime_early_median,44,0.9733253468109759
all_labeled,B3,none,pearson,chargetime_early_mean_qc,qd_early_mean_qc,44,-0.05052569834800147
all_labeled,B3,none,spearman,chargetime_early_mean_qc,qd_early_mean_qc,44,-0.1880197322057787
all_labeled,B3,none,pearson,chargetime_early_mean_qc,qd_early_std_qc,44,-0.04950517374941147
all_labeled,B3,none,spearman,chargetime_early_mean_qc,qd_early_std_qc,44,-0.0463706835799859
all_labeled,B3,none,pearson,chargetime_early_mean_qc,qd_early_slope_qc,44,0.11700672213215117
all_labeled,B3,none,spearman,chargetime_early_mean_qc,qd_early_slope_qc,44,-0.11472868217054262
all_labeled,B3,none,pearson,chargetime_early_mean_qc,qd2_qc,44,-0.08168760369839162
all_labeled,B3,none,spearman,chargetime_early_mean_qc,qd2_qc,44,-0.09739252995066947
all_labeled,B3,none,pearson,chargetime_early_mean_qc,qd100_qc,44,-0.028456873601477844
all_labeled,B3,none,spearman,chargetime_early_mean_qc,qd100_qc,44,-0.20028188865398164
all_labeled,B3,none,pearson,chargetime_early_mean_qc,qd_delta_100_2_qc,44,0.06848165316815899
all_labeled,B3,none,spearman,chargetime_early_mean_qc,qd_delta_100_2_qc,44,-0.26398872445384075
all_labeled,B3,none,pearson,qd_early_mean_qc,qd_early_std,44,-0.5025498603645656
all_labeled,B3,none,spearman,qd_early_mean_qc,qd_early_std,44,-0.503030303030303
all_labeled,B3,none,pearson,qd_early_mean_qc,qd_early_median,44,0.999962556479454
all_labeled,B3,none,spearman,qd_early_mean_qc,qd_early_median,44,0.9998590556730093
all_labeled,B3,none,pearson,qd_early_mean_qc,qd_early_slope,44,0.43663278922897697
all_labeled,B3,none,spearman,qd_early_mean_qc,qd_early_slope,44,0.351092318534179
all_labeled,B3,none,pearson,qd_early_mean_qc,tavg_early_mean,44,-0.4159747360147672
all_labeled,B3,none,spearman,qd_early_mean_qc,tavg_early_mean,44,-0.43890063424947146
all_labeled,B3,none,pearson,qd_early_mean_qc,tmax_early_mean,44,-0.4108219582123925
all_labeled,B3,none,spearman,qd_early_mean_qc,tmax_early_mean,44,-0.4405919661733615
all_labeled,B3,none,pearson,qd_early_mean_qc,qd_early_std_qc,44,-0.5025498603645656
all_labeled,B3,none,spearman,qd_early_mean_qc,qd_early_std_qc,44,-0.503030303030303
all_labeled,B3,none,pearson,qd_early_mean_qc,qd_early_slope_qc,44,0.43663278922897697
all_labeled,B3,none,spearman,qd_early_mean_qc,qd_early_slope_qc,44,0.351092318534179
all_labeled,B3,none,pearson,qd_early_std_qc,tavg_early_mean,44,0.21075805586740168
all_labeled,B3,none,spearman,qd_early_std_qc,tavg_early_mean,44,0.4614517265680056
all_labeled,B3,none,pearson,qd_early_std_qc,tmax_early_mean,44,0.2234535784576381
all_labeled,B3,none,spearman,qd_early_std_qc,tmax_early_mean,44,0.4200140944326991
all_labeled,B3,none,pearson,qd_early_slope_qc,qd_early_std,44,-0.9655267001894466
all_labeled,B3,none,spearman,qd_early_slope_qc,qd_early_std,44,-0.4198731501057082
all_labeled,B3,none,pearson,qd_early_slope_qc,tavg_early_mean,44,-0.24804679180740274
all_labeled,B3,none,spearman,qd_early_slope_qc,tavg_early_mean,44,-0.5154334038054968
all_labeled,B3,none,pearson,qd_early_slope_qc,tmax_early_mean,44,-0.26553318143970167
all_labeled,B3,none,spearman,qd_early_slope_qc,tmax_early_mean,44,-0.5348837209302325
all_labeled,B3,none,pearson,qd_early_slope_qc,qd_early_std_qc,44,-0.9655267001894466
all_labeled,B3,none,spearman,qd_early_slope_qc,qd_early_std_qc,44,-0.4198731501057082
all_labeled,B3,none,pearson,qd2_qc,qd_early_mean,44,0.9396453454412712
all_labeled,B3,none,spearman,qd2_qc,qd_early_mean,44,0.9451726568005638
all_labeled,B3,none,pearson,qd2_qc,qd_early_std,44,-0.2001091957201482
all_labeled,B3,none,spearman,qd2_qc,qd_early_std,44,-0.3932346723044397
all_labeled,B3,none,pearson,qd2_qc,qd_early_median,44,0.9398298928932725
all_labeled,B3,none,spearman,qd2_qc,qd_early_median,44,0.947568710359408
all_labeled,B3,none,pearson,qd2_qc,qd_delta_100_2,44,0.09329376761510395
all_labeled,B3,none,spearman,qd2_qc,qd_delta_100_2,44,0.05553206483439041
all_labeled,B3,none,pearson,qd2_qc,qd_early_slope,44,0.11156509281478053
all_labeled,B3,none,spearman,qd2_qc,qd_early_slope,44,0.15856236786469344
all_labeled,B3,none,pearson,qd2_qc,tavg_early_mean,44,-0.3481266173079822
all_labeled,B3,none,spearman,qd2_qc,tavg_early_mean,44,-0.36405919661733616
all_labeled,B3,none,pearson,qd2_qc,tmax_early_mean,44,-0.34176693832241445
all_labeled,B3,none,spearman,qd2_qc,tmax_early_mean,44,-0.3610993657505285
all_labeled,B3,none,pearson,qd2_qc,qd_early_mean_qc,44,0.9396453454412712
all_labeled,B3,none,spearman,qd2_qc,qd_early_mean_qc,44,0.9451726568005638
all_labeled,B3,none,pearson,qd2_qc,qd_early_std_qc,44,-0.2001091957201482
all_labeled,B3,none,spearman,qd2_qc,qd_early_std_qc,44,-0.3932346723044397
all_labeled,B3,none,pearson,qd2_qc,qd_early_slope_qc,44,0.11156509281478053
all_labeled,B3,none,spearman,qd2_qc,qd_early_slope_qc,44,0.15856236786469344
all_labeled,B3,none,pearson,qd2_qc,qd_delta_100_2_qc,44,0.09329376761510395
all_labeled,B3,none,spearman,qd2_qc,qd_delta_100_2_qc,44,0.05553206483439041
all_labeled,B3,none,pearson,qd100_qc,qd_early_mean,44,0.9759548292996494
all_labeled,B3,none,spearman,qd100_qc,qd_early_mean,44,0.9942212825933755
all_labeled,B3,none,pearson,qd100_qc,qd_early_std,44,-0.6711488776937308
all_labeled,B3,none,spearman,qd100_qc,qd_early_std,44,-0.5299506694855531
all_labeled,B3,none,pearson,qd100_qc,qd_early_median,44,0.9756480669767534
all_labeled,B3,none,spearman,qd100_qc,qd_early_median,44,0.9936575052854122
all_labeled,B3,none,pearson,qd100_qc,qd2,44,0.8465096534613622
all_labeled,B3,none,spearman,qd100_qc,qd2,44,0.9181113460183228
all_labeled,B3,none,pearson,qd100_qc,qd_delta_100_2,44,0.6090255667570322
all_labeled,B3,none,spearman,qd100_qc,qd_delta_100_2,44,0.3436222692036645
all_labeled,B3,none,pearson,qd100_qc,qd_early_slope,44,0.6201362271552533
all_labeled,B3,none,spearman,qd100_qc,qd_early_slope,44,0.4032417195207892
all_labeled,B3,none,pearson,qd100_qc,tavg_early_mean,44,-0.4109608337192031
all_labeled,B3,none,spearman,qd100_qc,tavg_early_mean,44,-0.4507399577167019
all_labeled,B3,none,pearson,qd100_qc,tmax_early_mean,44,-0.41179068887511394
all_labeled,B3,none,spearman,qd100_qc,tmax_early_mean,44,-0.453276955602537
all_labeled,B3,none,pearson,qd100_qc,qd_early_mean_qc,44,0.9759548292996494
all_labeled,B3,none,spearman,qd100_qc,qd_early_mean_qc,44,0.9942212825933755
all_labeled,B3,none,pearson,qd100_qc,qd_early_std_qc,44,-0.6711488776937308
all_labeled,B3,none,spearman,qd100_qc,qd_early_std_qc,44,-0.5299506694855531
all_labeled,B3,none,pearson,qd100_qc,qd_early_slope_qc,44,0.6201362271552533
all_labeled,B3,none,spearman,qd100_qc,qd_early_slope_qc,44,0.4032417195207892
all_labeled,B3,none,pearson,qd100_qc,qd2_qc,44,0.8465096534613622
all_labeled,B3,none,spearman,qd100_qc,qd2_qc,44,0.9181113460183228
all_labeled,B3,none,pearson,qd100_qc,qd_delta_100_2_qc,44,0.6090255667570322
all_labeled,B3,none,spearman,qd100_qc,qd_delta_100_2_qc,44,0.3436222692036645
all_labeled,B3,none,pearson,qd_delta_100_2_qc,qd_early_mean,44,0.4252993793831028
all_labeled,B3,none,spearman,qd_delta_100_2_qc,qd_early_mean,44,0.28527131782945736
all_labeled,B3,none,pearson,qd_delta_100_2_qc,qd_early_std,44,-0.9570445233196272
all_labeled,B3,none,spearman,qd_delta_100_2_qc,qd_early_std,44,-0.2840028188865398
all_labeled,B3,none,pearson,qd_delta_100_2_qc,qd_early_median,44,0.42445072999089084
all_labeled,B3,none,spearman,qd_delta_100_2_qc,qd_early_median,44,0.2848484848484848
all_labeled,B3,none,pearson,qd_delta_100_2_qc,qd_early_slope,44,0.9935576985921969
all_labeled,B3,none,spearman,qd_delta_100_2_qc,qd_early_slope,44,0.8711768851303734
all_labeled,B3,none,pearson,qd_delta_100_2_qc,tavg_early_mean,44,-0.24992168050186112
all_labeled,B3,none,spearman,qd_delta_100_2_qc,tavg_early_mean,44,-0.4133897110641296
all_labeled,B3,none,pearson,qd_delta_100_2_qc,tmax_early_mean,44,-0.26094856370861513
all_labeled,B3,none,spearman,qd_delta_100_2_qc,tmax_early_mean,44,-0.414799154334038
all_labeled,B3,none,pearson,qd_delta_100_2_qc,qd_early_mean_qc,44,0.4252993793831028
all_labeled,B3,none,spearman,qd_delta_100_2_qc,qd_early_mean_qc,44,0.28527131782945736
all_labeled,B3,none,pearson,qd_delta_100_2_qc,qd_early_std_qc,44,-0.9570445233196272
all_labeled,B3,none,spearman,qd_delta_100_2_qc,qd_early_std_qc,44,-0.2840028188865398
all_labeled,B3,none,pearson,qd_delta_100_2_qc,qd_early_slope_qc,44,0.9935576985921969
all_labeled,B3,none,spearman,qd_delta_100_2_qc,qd_early_slope_qc,44,0.8711768851303734
eol_compatible,ALL,none,pearson,qd_early_mean,qd_early_std,119,0.0871621489456591
eol_compatible,ALL,none,spearman,qd_early_mean,qd_early_std,119,0.4789844751459907
eol_compatible,ALL,within_batch_mean_centered,pearson,qd_early_mean,qd_early_std,119,0.014943969655218017
eol_compatible,ALL,none,pearson,qd_early_mean,qd_early_median,119,0.9934804138424439
eol_compatible,ALL,none,spearman,qd_early_mean,qd_early_median,119,0.9904785643070789
eol_compatible,ALL,within_batch_mean_centered,pearson,qd_early_mean,qd_early_median,119,0.980590348741232
eol_compatible,ALL,none,pearson,qd_early_mean,qd_early_slope,119,0.2966388794742583
eol_compatible,ALL,none,spearman,qd_early_mean,qd_early_slope,119,0.261864406779661
eol_compatible,ALL,within_batch_mean_centered,pearson,qd_early_mean,qd_early_slope,119,0.2737460819732322
eol_compatible,ALL,none,pearson,qd_early_mean,tavg_early_mean,119,-0.5222943250187639
eol_compatible,ALL,none,spearman,qd_early_mean,tavg_early_mean,119,-0.4691568152684803
eol_compatible,ALL,within_batch_mean_centered,pearson,qd_early_mean,tavg_early_mean,119,-0.32365893020943814
eol_compatible,ALL,none,pearson,qd_early_mean,tmax_early_mean,119,-0.2932420343396066
eol_compatible,ALL,none,spearman,qd_early_mean,tmax_early_mean,119,-0.26504059250818973
eol_compatible,ALL,within_batch_mean_centered,pearson,qd_early_mean,tmax_early_mean,119,-0.2770171855327479
eol_compatible,ALL,none,pearson,qd_early_mean,qd_early_mean_qc,119,0.9939008068419403
eol_compatible,ALL,none,spearman,qd_early_mean,qd_early_mean_qc,119,0.9912761714855435
eol_compatible,ALL,within_batch_mean_centered,pearson,qd_early_mean,qd_early_mean_qc,119,0.9820517410282525
eol_compatible,ALL,none,pearson,qd_early_mean,qd_early_std_qc,119,0.2805940972498816
eol_compatible,ALL,none,spearman,qd_early_mean,qd_early_std_qc,119,0.4808075772681955
eol_compatible,ALL,within_batch_mean_centered,pearson,qd_early_mean,qd_early_std_qc,119,-0.2316454945423444
eol_compatible,ALL,none,pearson,qd_early_mean,qd_early_slope_qc,119,0.34682250244059454
eol_compatible,ALL,none,spearman,qd_early_mean,qd_early_slope_qc,119,0.2639011536818118
eol_compatible,ALL,within_batch_mean_centered,pearson,qd_early_mean,qd_early_slope_qc,119,0.3267617223438497
eol_compatible,ALL,none,pearson,qd_early_std,tavg_early_mean,119,-0.12000186352082141
eol_compatible,ALL,none,spearman,qd_early_std,tavg_early_mean,119,-0.16507619997151407
eol_compatible,ALL,within_batch_mean_centered,pearson,qd_early_std,tavg_early_mean,119,-0.06690305645472246
eol_compatible,ALL,none,pearson,qd_early_std,tmax_early_mean,119,-0.04296134479719514
eol_compatible,ALL,none,spearman,qd_early_std,tmax_early_mean,119,0.021357356501922806
eol_compatible,ALL,within_batch_mean_centered,pearson,qd_early_std,tmax_early_mean,119,-0.02012762310963827
eol_compatible,ALL,none,pearson,qd_early_std,qd_early_std_qc,119,0.16050857566304783
eol_compatible,ALL,none,spearman,qd_early_std,qd_early_std_qc,119,0.9932630679390402
eol_compatible,ALL,within_batch_mean_centered,pearson,qd_early_std,qd_early_std_qc,119,0.1715324470602662
eol_compatible,ALL,none,pearson,qd_early_median,qd_early_std,119,-0.01751409061295473
eol_compatible,ALL,none,spearman,qd_early_median,qd_early_std,119,0.46673550776242706
eol_compatible,ALL,within_batch_mean_centered,pearson,qd_early_median,qd_early_std,119,-0.16749074087290203
eol_compatible,ALL,none,pearson,qd_early_median,qd_early_slope,119,0.33764454040316894
eol_compatible,ALL,none,spearman,qd_early_median,qd_early_slope,119,0.2726748326449224
eol_compatible,ALL,within_batch_mean_centered,pearson,qd_early_median,qd_early_slope,119,0.3451004606021341
eol_compatible,ALL,none,pearson,qd_early_median,tavg_early_mean,119,-0.5074023886434706
eol_compatible,ALL,none,spearman,qd_early_median,tavg_early_mean,119,-0.45393818544366904
eol_compatible,ALL,within_batch_mean_centered,pearson,qd_early_median,tavg_early_mean,119,-0.30150263788534704
eol_compatible,ALL,none,pearson,qd_early_median,tmax_early_mean,119,-0.2876718885052589
eol_compatible,ALL,none,spearman,qd_early_median,tmax_early_mean,119,-0.2569505768409059
eol_compatible,ALL,within_batch_mean_centered,pearson,qd_early_median,tmax_early_mean,119,-0.270539587072926
eol_compatible,ALL,none,pearson,qd_early_median,qd_early_std_qc,119,0.2985928573094911
eol_compatible,ALL,none,spearman,qd_early_median,qd_early_std_qc,119,0.4837772397094431
eol_compatible,ALL,within_batch_mean_centered,pearson,qd_early_median,qd_early_std_qc,119,-0.2073600457863576
eol_compatible,ALL,none,pearson,qd_early_median,qd_early_slope_qc,119,0.34584224848636447
eol_compatible,ALL,none,spearman,qd_early_median,qd_early_slope_qc,119,0.26928500213644785
eol_compatible,ALL,within_batch_mean_centered,pearson,qd_early_median,qd_early_slope_qc,119,0.3248543400332476
eol_compatible,ALL,none,pearson,qd2,qd_early_mean,119,0.9765945603960241
eol_compatible,ALL,none,spearman,qd2,qd_early_mean,119,0.9762213359920242
eol_compatible,ALL,within_batch_mean_centered,pearson,qd2,qd_early_mean,119,0.9344879898303879
eol_compatible,ALL,none,pearson,qd2,qd_early_std,119,-0.005863890885098047
eol_compatible,ALL,none,spearman,qd2,qd_early_std,119,0.5084247258225324
eol_compatible,ALL,within_batch_mean_centered,pearson,qd2,qd_early_std,119,-0.14320737504500589
eol_compatible,ALL,none,pearson,qd2,qd_early_median,119,0.9829629292054975
eol_compatible,ALL,none,spearman,qd2,qd_early_median,119,0.9868466030479991
eol_compatible,ALL,within_batch_mean_centered,pearson,qd2,qd_early_median,119,0.9508849744988944
eol_compatible,ALL,none,pearson,qd2,qd_delta_100_2,119,0.1468740959267685
eol_compatible,ALL,none,spearman,qd2,qd_delta_100_2,119,0.16068936048995872
eol_compatible,ALL,within_batch_mean_centered,pearson,qd2,qd_delta_100_2,119,0.040041670145661915
eol_compatible,ALL,none,pearson,qd2,qd_early_slope,119,0.20231144814313107
eol_compatible,ALL,none,spearman,qd2,qd_early_slope,119,0.1757798034468025
eol_compatible,ALL,within_batch_mean_centered,pearson,qd2,qd_early_slope,119,0.09600629886190995
eol_compatible,ALL,none,pearson,qd2,tavg_early_mean,119,-0.4765062806969868
eol_compatible,ALL,none,spearman,qd2,tavg_early_mean,119,-0.4341618003133458
eol_compatible,ALL,within_batch_mean_centered,pearson,qd2,tavg_early_mean,119,-0.26356329633782444
eol_compatible,ALL,none,pearson,qd2,tmax_early_mean,119,-0.26771787690962817
eol_compatible,ALL,none,spearman,qd2,tmax_early_mean,119,-0.24351944167497508
eol_compatible,ALL,within_batch_mean_centered,pearson,qd2,tmax_early_mean,119,-0.245812259050336
eol_compatible,ALL,none,pearson,qd2,qd_early_mean_qc,119,0.9825973684928416
eol_compatible,ALL,none,spearman,qd2,qd_early_mean_qc,119,0.9856715567582968
eol_compatible,ALL,within_batch_mean_centered,pearson,qd2,qd_early_mean_qc,119,0.9509416907432641
eol_compatible,ALL,none,pearson,qd2,qd_early_std_qc,119,0.36507127166761877
eol_compatible,ALL,none,spearman,qd2,qd_early_std_qc,119,0.52668423301524
eol_compatible,ALL,within_batch_mean_centered,pearson,qd2,qd_early_std_qc,119,-0.1053089714780355
eol_compatible,ALL,none,pearson,qd2,qd_early_slope_qc,119,0.19508254504452766
eol_compatible,ALL,none,spearman,qd2,qd_early_slope_qc,119,0.17119356217063098
eol_compatible,ALL,within_batch_mean_centered,pearson,qd2,qd_early_slope_qc,119,0.0510770549101465
eol_compatible,ALL,none,pearson,qd2,qd2_qc,119,1.0
eol_compatible,ALL,none,spearman,qd2,qd2_qc,119,1.0
eol_compatible,ALL,within_batch_mean_centered,pearson,qd2,qd2_qc,119,0.9999999999999999
eol_compatible,ALL,none,pearson,qd2,qd_delta_100_2_qc,119,0.1468740959267685
eol_compatible,ALL,none,spearman,qd2,qd_delta_100_2_qc,119,0.16068936048995872
eol_compatible,ALL,within_batch_mean_centered,pearson,qd2,qd_delta_100_2_qc,119,0.040041670145661915
eol_compatible,ALL,none,pearson,qd100,qd_early_mean,119,0.9811371647108911
eol_compatible,ALL,none,spearman,qd100,qd_early_mean,119,0.980159521435693
eol_compatible,ALL,within_batch_mean_centered,pearson,qd100,qd_early_mean,119,0.9497648976493058
eol_compatible,ALL,none,pearson,qd100,qd_early_std,119,-0.03602116300312766
eol_compatible,ALL,none,spearman,qd100,qd_early_std,119,0.41984760005697197
eol_compatible,ALL,within_batch_mean_centered,pearson,qd100,qd_early_std,119,-0.18241928329003385
eol_compatible,ALL,none,pearson,qd100,qd_early_median,119,0.9870818698451815
eol_compatible,ALL,none,spearman,qd100,qd_early_median,119,0.9884062099416039
eol_compatible,ALL,within_batch_mean_centered,pearson,qd100,qd_early_median,119,0.9656662790486785
eol_compatible,ALL,none,pearson,qd100,qd2,119,0.9512156122245067
eol_compatible,ALL,none,spearman,qd100,qd2,119,0.9617148554336991
eol_compatible,ALL,within_batch_mean_centered,pearson,qd100,qd2,119,0.8610714625720515
eol_compatible,ALL,none,pearson,qd100,qd_delta_100_2,119,0.4448899367247986
eol_compatible,ALL,none,spearman,qd100,qd_delta_100_2,119,0.3638441817404929
eol_compatible,ALL,within_batch_mean_centered,pearson,qd100,qd_delta_100_2,119,0.5425548995858733
eol_compatible,ALL,none,pearson,qd100,qd_early_slope,119,0.45132418244676187
eol_compatible,ALL,none,spearman,qd100,qd_early_slope,119,0.35697194131890053
eol_compatible,ALL,within_batch_mean_centered,pearson,qd100,qd_early_slope,119,0.5223171028342155
eol_compatible,ALL,none,pearson,qd100,tavg_early_mean,119,-0.5033249935708494
eol_compatible,ALL,none,spearman,qd100,tavg_early_mean,119,-0.45198689645349677
eol_compatible,ALL,within_batch_mean_centered,pearson,qd100,tavg_early_mean,119,-0.3083632841157777
eol_compatible,ALL,none,pearson,qd100,tmax_early_mean,119,-0.2896841290329526
eol_compatible,ALL,none,spearman,qd100,tmax_early_mean,119,-0.26104543512320183
eol_compatible,ALL,within_batch_mean_centered,pearson,qd100,tmax_early_mean,119,-0.26955986775041396
eol_compatible,ALL,none,pearson,qd100,qd_early_mean_qc,119,0.9882524842543046
eol_compatible,ALL,none,spearman,qd100,qd_early_mean_qc,119,0.9903503774391113
eol_compatible,ALL,within_batch_mean_centered,pearson,qd100,qd_early_mean_qc,119,0.9686206706714073
eol_compatible,ALL,none,pearson,qd100,qd_early_std_qc,119,0.2504396799756847
eol_compatible,ALL,none,spearman,qd100,qd_early_std_qc,119,0.43759435977780947
eol_compatible,ALL,within_batch_mean_centered,pearson,qd100,qd_early_std_qc,119,-0.2833820693605173
eol_compatible,ALL,none,pearson,qd100,qd_early_slope_qc,119,0.46812283850086067
eol_compatible,ALL,none,spearman,qd100,qd_early_slope_qc,119,0.3539524284289987
eol_compatible,ALL,within_batch_mean_centered,pearson,qd100,qd_early_slope_qc,119,0.5208792787056826
eol_compatible,ALL,none,pearson,qd100,qd2_qc,119,0.9512156122245067
eol_compatible,ALL,none,spearman,qd100,qd2_qc,119,0.9617148554336991
eol_compatible,ALL,within_batch_mean_centered,pearson,qd100,qd2_qc,119,0.8610714625720515
eol_compatible,ALL,none,pearson,qd100,qd100_qc,119,0.9999999999999999
eol_compatible,ALL,none,spearman,qd100,qd100_qc,119,1.0
eol_compatible,ALL,within_batch_mean_centered,pearson,qd100,qd100_qc,119,1.0
eol_compatible,ALL,none,pearson,qd100,qd_delta_100_2_qc,119,0.4448899367247986
eol_compatible,ALL,none,spearman,qd100,qd_delta_100_2_qc,119,0.3638441817404929
eol_compatible,ALL,within_batch_mean_centered,pearson,qd100,qd_delta_100_2_qc,119,0.5425548995858733
eol_compatible,ALL,none,pearson,qd_delta_100_2,qd_early_mean,119,0.31074513177280505
eol_compatible,ALL,none,spearman,qd_delta_100_2,qd_early_mean,119,0.26442814413901156
eol_compatible,ALL,within_batch_mean_centered,pearson,qd_delta_100_2,qd_early_mean,119,0.3225554502402824
eol_compatible,ALL,none,pearson,qd_delta_100_2,qd_early_std,119,-0.09846436261495672
eol_compatible,ALL,none,spearman,qd_delta_100_2,qd_early_std,119,-0.08776527560176614
eol_compatible,ALL,within_batch_mean_centered,pearson,qd_delta_100_2,qd_early_std,119,-0.12188364104951485
eol_compatible,ALL,none,pearson,qd_delta_100_2,qd_early_median,119,0.31131823826474725
eol_compatible,ALL,none,spearman,qd_delta_100_2,qd_early_median,119,0.27087309500071216
eol_compatible,ALL,within_batch_mean_centered,pearson,qd_delta_100_2,qd_early_median,119,0.32671453510110116
eol_compatible,ALL,none,pearson,qd_delta_100_2,qd_early_slope,119,0.8597062201645601
eol_compatible,ALL,none,spearman,qd_delta_100_2,qd_early_slope,119,0.8672696197122917
eol_compatible,ALL,within_batch_mean_centered,pearson,qd_delta_100_2,qd_early_slope,119,0.867777553555624
eol_compatible,ALL,none,pearson,qd_delta_100_2,tavg_early_mean,119,-0.23049701806209677
eol_compatible,ALL,none,spearman,qd_delta_100_2,tavg_early_mean,119,-0.30914399658168357
eol_compatible,ALL,within_batch_mean_centered,pearson,qd_delta_100_2,tavg_early_mean,119,-0.1705411691150889
eol_compatible,ALL,none,pearson,qd_delta_100_2,tmax_early_mean,119,-0.1516184686173364
eol_compatible,ALL,none,spearman,qd_delta_100_2,tmax_early_mean,119,-0.19557755305512037
eol_compatible,ALL,within_batch_mean_centered,pearson,qd_delta_100_2,tmax_early_mean,119,-0.1236152758721128
eol_compatible,ALL,none,pearson,qd_delta_100_2,qd_early_mean_qc,119,0.3161324376787855
eol_compatible,ALL,none,spearman,qd_delta_100_2,qd_early_mean_qc,119,0.2805939324882496
eol_compatible,ALL,within_batch_mean_centered,pearson,qd_delta_100_2,qd_early_mean_qc,119,0.3324263759231567
eol_compatible,ALL,none,pearson,qd_delta_100_2,qd_early_std_qc,119,-0.25679683639481493
eol_compatible,ALL,none,spearman,qd_delta_100_2,qd_early_std_qc,119,-0.07459051417177041
eol_compatible,ALL,within_batch_mean_centered,pearson,qd_delta_100_2,qd_early_std_qc,119,-0.38288940684834843
eol_compatible,ALL,none,pearson,qd_delta_100_2,qd_early_slope_qc,119,0.9345475891772794
eol_compatible,ALL,none,spearman,qd_delta_100_2,qd_early_slope_qc,119,0.8677966101694916
eol_compatible,ALL,within_batch_mean_centered,pearson,qd_delta_100_2,qd_early_slope_qc,119,0.9391756918708647
eol_compatible,ALL,none,pearson,qd_delta_100_2,qd_delta_100_2_qc,119,1.0
eol_compatible,ALL,none,spearman,qd_delta_100_2,qd_delta_100_2_qc,119,1.0
eol_compatible,ALL,within_batch_mean_centered,pearson,qd_delta_100_2,qd_delta_100_2_qc,119,0.9999999999999998
eol_compatible,ALL,none,pearson,qd_early_slope,qd_early_std,119,-0.4692810622861091
eol_compatible,ALL,none,spearman,qd_early_slope,qd_early_std,119,-0.04276456345249965
eol_compatible,ALL,within_batch_mean_centered,pearson,qd_early_slope,qd_early_std,119,-0.4919065523649755
eol_compatible,ALL,none,pearson,qd_early_slope,tavg_early_mean,119,-0.16812221940790306
eol_compatible,ALL,none,spearman,qd_early_slope,tavg_early_mean,119,-0.30733513744480845
eol_compatible,ALL,within_batch_mean_centered,pearson,qd_early_slope,tavg_early_mean,119,-0.133343474290561
eol_compatible,ALL,none,pearson,qd_early_slope,tmax_early_mean,119,-0.08114806481347299
eol_compatible,ALL,none,spearman,qd_early_slope,tmax_early_mean,119,-0.1907206950576841
eol_compatible,ALL,within_batch_mean_centered,pearson,qd_early_slope,tmax_early_mean,119,-0.06218306563005439
eol_compatible,ALL,none,pearson,qd_early_slope,qd_early_std_qc,119,-0.17202827506241838
eol_compatible,ALL,none,spearman,qd_early_slope,qd_early_std_qc,119,-0.02345819683805726
eol_compatible,ALL,within_batch_mean_centered,pearson,qd_early_slope,qd_early_std_qc,119,-0.34950936977465474
eol_compatible,ALL,none,pearson,qd_early_slope,qd_early_slope_qc,119,0.923943605254389
eol_compatible,ALL,none,spearman,qd_early_slope,qd_early_slope_qc,119,0.9991454208802167
eol_compatible,ALL,within_batch_mean_centered,pearson,qd_early_slope,qd_early_slope_qc,119,0.9223753351380424
eol_compatible,ALL,none,pearson,ir_early_mean,qd_early_mean,113,0.6272113815217852
eol_compatible,ALL,none,spearman,ir_early_mean,qd_early_mean,113,0.6552165812761995
eol_compatible,ALL,within_batch_mean_centered,pearson,ir_early_mean,qd_early_mean,113,0.3814964410124926
eol_compatible,ALL,none,pearson,ir_early_mean,qd_early_std,113,0.21660350887905494
eol_compatible,ALL,none,spearman,ir_early_mean,qd_early_std,113,0.20567735710958815
eol_compatible,ALL,within_batch_mean_centered,pearson,ir_early_mean,qd_early_std,113,0.17729909185757903
eol_compatible,ALL,none,pearson,ir_early_mean,qd_early_median,113,0.6021863468501842
eol_compatible,ALL,none,spearman,ir_early_mean,qd_early_median,113,0.6315623128618005
eol_compatible,ALL,within_batch_mean_centered,pearson,ir_early_mean,qd_early_median,113,0.3375384537002754
eol_compatible,ALL,none,pearson,ir_early_mean,qd2,113,0.5273581099384503
eol_compatible,ALL,none,spearman,ir_early_mean,qd2,113,0.5803446669771776
eol_compatible,ALL,within_batch_mean_centered,pearson,ir_early_mean,qd2,113,0.2055292952641169
eol_compatible,ALL,none,pearson,ir_early_mean,qd100,113,0.6278442294724552
eol_compatible,ALL,none,spearman,ir_early_mean,qd100,113,0.6539274070131081
eol_compatible,ALL,within_batch_mean_centered,pearson,ir_early_mean,qd100,113,0.41837073040428685
eol_compatible,ALL,none,pearson,ir_early_mean,qd_delta_100_2,113,0.47608212013505835
eol_compatible,ALL,none,spearman,ir_early_mean,qd_delta_100_2,113,0.441987158160889
eol_compatible,ALL,within_batch_mean_centered,pearson,ir_early_mean,qd_delta_100_2,113,0.48184765728336715
eol_compatible,ALL,none,pearson,ir_early_mean,qd_early_slope,113,0.3414409088909084
eol_compatible,ALL,none,spearman,ir_early_mean,qd_early_slope,113,0.38567103599707236
eol_compatible,ALL,within_batch_mean_centered,pearson,ir_early_mean,qd_early_slope,113,0.3604073351413789
eol_compatible,ALL,none,pearson,ir_early_mean,ir_early_slope,113,-0.18653571274472655
eol_compatible,ALL,none,spearman,ir_early_mean,ir_early_slope,113,0.24241466498103667
eol_compatible,ALL,within_batch_mean_centered,pearson,ir_early_mean,ir_early_slope,113,-0.21190127100533748
eol_compatible,ALL,none,pearson,ir_early_mean,ir_zero_fraction_early,113,-0.006598432351744479
eol_compatible,ALL,none,spearman,ir_early_mean,ir_zero_fraction_early,113,-0.016939075653086288
eol_compatible,ALL,within_batch_mean_centered,pearson,ir_early_mean,ir_zero_fraction_early,113,-0.19326895659623367
eol_compatible,ALL,none,pearson,ir_early_mean,tavg_early_mean,113,-0.46709399294145704
eol_compatible,ALL,none,spearman,ir_early_mean,tavg_early_mean,113,-0.4157961274868588
eol_compatible,ALL,within_batch_mean_centered,pearson,ir_early_mean,tavg_early_mean,113,-0.20152289788402833
eol_compatible,ALL,none,pearson,ir_early_mean,ir_missing_fraction_early,113,-0.006598432351744479
eol_compatible,ALL,none,spearman,ir_early_mean,ir_missing_fraction_early,113,-0.016939075653086288
eol_compatible,ALL,within_batch_mean_centered,pearson,ir_early_mean,ir_missing_fraction_early,113,-0.19326895659623367
eol_compatible,ALL,none,pearson,ir_early_mean,tmax_early_mean,113,-0.17935481337279124
eol_compatible,ALL,none,spearman,ir_early_mean,tmax_early_mean,113,-0.19158793000199617
eol_compatible,ALL,within_batch_mean_centered,pearson,ir_early_mean,tmax_early_mean,113,-0.08821340435608413
eol_compatible,ALL,none,pearson,ir_early_mean,qd_early_mean_qc,113,0.6015967670039162
eol_compatible,ALL,none,spearman,ir_early_mean,qd_early_mean_qc,113,0.6323275001663452
eol_compatible,ALL,within_batch_mean_centered,pearson,ir_early_mean,qd_early_mean_qc,113,0.33796196573783066
eol_compatible,ALL,none,pearson,ir_early_mean,qd_early_std_qc,113,0.04392917849262274
eol_compatible,ALL,none,spearman,ir_early_mean,qd_early_std_qc,113,0.18978308603366825
eol_compatible,ALL,within_batch_mean_centered,pearson,ir_early_mean,qd_early_std_qc,113,-0.19140000130784582
eol_compatible,ALL,none,pearson,ir_early_mean,qd_early_slope_qc,113,0.4758513820049035
eol_compatible,ALL,none,spearman,ir_early_mean,qd_early_slope_qc,113,0.3945621797857476
eol_compatible,ALL,within_batch_mean_centered,pearson,ir_early_mean,qd_early_slope_qc,113,0.4974854631115155
eol_compatible,ALL,none,pearson,ir_early_mean,qd2_qc,113,0.5273581099384503
eol_compatible,ALL,none,spearman,ir_early_mean,qd2_qc,113,0.5803446669771776
eol_compatible,ALL,within_batch_mean_centered,pearson,ir_early_mean,qd2_qc,113,0.2055292952641169
eol_compatible,ALL,none,pearson,ir_early_mean,qd100_qc,113,0.6278442294724552
eol_compatible,ALL,none,spearman,ir_early_mean,qd100_qc,113,0.6539274070131081
eol_compatible,ALL,within_batch_mean_centered,pearson,ir_early_mean,qd100_qc,113,0.41837073040428685
eol_compatible,ALL,none,pearson,ir_early_mean,qd_delta_100_2_qc,113,0.47608212013505835
eol_compatible,ALL,none,spearman,ir_early_mean,qd_delta_100_2_qc,113,0.441987158160889
eol_compatible,ALL,within_batch_mean_centered,pearson,ir_early_mean,qd_delta_100_2_qc,113,0.48184765728336715
eol_compatible,ALL,none,pearson,ir_change_100_2,qd_early_mean,113,-0.15621082132169611
eol_compatible,ALL,none,spearman,ir_change_100_2,qd_early_mean,113,0.14449564175926544
eol_compatible,ALL,within_batch_mean_centered,pearson,ir_change_100_2,qd_early_mean,113,0.00797761704474321
eol_compatible,ALL,none,pearson,ir_change_100_2,qd_early_std,113,-0.7812822587700702
eol_compatible,ALL,none,spearman,ir_change_100_2,qd_early_std,113,-0.10714285714285716
eol_compatible,ALL,within_batch_mean_centered,pearson,ir_change_100_2,qd_early_std,113,-0.7938561914818961
eol_compatible,ALL,none,pearson,ir_change_100_2,qd_early_median,113,-0.06483421426011209
eol_compatible,ALL,none,spearman,ir_change_100_2,qd_early_median,113,0.1643406081575621
eol_compatible,ALL,within_batch_mean_centered,pearson,ir_change_100_2,qd_early_median,113,0.16896126641139805
eol_compatible,ALL,none,pearson,ir_change_100_2,qd2,113,-0.09266090346066294
eol_compatible,ALL,none,spearman,ir_change_100_2,qd2,113,0.15070862998203477
eol_compatible,ALL,within_batch_mean_centered,pearson,ir_change_100_2,qd2,113,0.13286080196128164
eol_compatible,ALL,none,pearson,ir_change_100_2,qd100,113,-0.05049709589277765
eol_compatible,ALL,none,spearman,ir_change_100_2,qd100,113,0.18480105130081845
eol_compatible,ALL,within_batch_mean_centered,pearson,ir_change_100_2,qd100,113,0.17958610390041319
eol_compatible,ALL,none,pearson,ir_change_100_2,qd_delta_100_2,113,0.1008337992886013
eol_compatible,ALL,none,spearman,ir_change_100_2,qd_delta_100_2,113,0.14095249184909178
eol_compatible,ALL,within_batch_mean_centered,pearson,ir_change_100_2,qd_delta_100_2,113,0.13345293701957528
eol_compatible,ALL,none,pearson,ir_change_100_2,qd_early_slope,113,0.3609630835278092
eol_compatible,ALL,none,spearman,ir_change_100_2,qd_early_slope,113,0.028844234480005324
eol_compatible,ALL,within_batch_mean_centered,pearson,ir_change_100_2,qd_early_slope,113,0.42658596301307294
eol_compatible,ALL,none,pearson,ir_change_100_2,ir_early_mean,113,-0.24774138050162758
eol_compatible,ALL,none,spearman,ir_change_100_2,ir_early_mean,113,0.146009381861734
eol_compatible,ALL,within_batch_mean_centered,pearson,ir_change_100_2,ir_early_mean,113,-0.21626234946518685
eol_compatible,ALL,none,pearson,ir_change_100_2,ir_early_slope,113,0.9350424666251019
eol_compatible,ALL,none,spearman,ir_change_100_2,ir_early_slope,113,0.9263839909508285
eol_compatible,ALL,within_batch_mean_centered,pearson,ir_change_100_2,ir_early_slope,113,0.9493593430878363
eol_compatible,ALL,none,pearson,ir_change_100_2,ir_zero_fraction_early,113,-0.036781876795907484
eol_compatible,ALL,none,spearman,ir_change_100_2,ir_zero_fraction_early,113,-0.1488218789521152
eol_compatible,ALL,within_batch_mean_centered,pearson,ir_change_100_2,ir_zero_fraction_early,113,-0.06269171767717825
eol_compatible,ALL,none,pearson,ir_change_100_2,tavg_early_mean,113,0.19164253641323836
eol_compatible,ALL,none,spearman,ir_change_100_2,tavg_early_mean,113,0.058262359438419065
eol_compatible,ALL,within_batch_mean_centered,pearson,ir_change_100_2,tavg_early_mean,113,0.1498910506836379
eol_compatible,ALL,none,pearson,ir_change_100_2,ir_missing_fraction_early,113,-0.036781876795907484
eol_compatible,ALL,none,spearman,ir_change_100_2,ir_missing_fraction_early,113,-0.1488218789521152
eol_compatible,ALL,within_batch_mean_centered,pearson,ir_change_100_2,ir_missing_fraction_early,113,-0.06269171767717825
eol_compatible,ALL,none,pearson,ir_change_100_2,tmax_early_mean,113,0.10975403999396492
eol_compatible,ALL,none,spearman,ir_change_100_2,tmax_early_mean,113,0.10181149777097612
eol_compatible,ALL,within_batch_mean_centered,pearson,ir_change_100_2,tmax_early_mean,113,0.09626928164783151
eol_compatible,ALL,none,pearson,ir_change_100_2,qd_early_mean_qc,113,-0.06390632534131094
eol_compatible,ALL,none,spearman,ir_change_100_2,qd_early_mean_qc,113,0.16918956683744762
eol_compatible,ALL,within_batch_mean_centered,pearson,ir_change_100_2,qd_early_mean_qc,113,0.16670642843368205
eol_compatible,ALL,none,pearson,ir_change_100_2,qd_early_std_qc,113,-0.037367125426388946
eol_compatible,ALL,none,spearman,ir_change_100_2,qd_early_std_qc,113,-0.09116541353383459
eol_compatible,ALL,within_batch_mean_centered,pearson,ir_change_100_2,qd_early_std_qc,113,0.11130552699414084
eol_compatible,ALL,none,pearson,ir_change_100_2,qd_early_slope_qc,113,0.058999937399157085
eol_compatible,ALL,none,spearman,ir_change_100_2,qd_early_slope_qc,113,0.02362931665446803
eol_compatible,ALL,within_batch_mean_centered,pearson,ir_change_100_2,qd_early_slope_qc,113,0.11227709115325465
eol_compatible,ALL,none,pearson,ir_change_100_2,qd2_qc,113,-0.09266090346066294
eol_compatible,ALL,none,spearman,ir_change_100_2,qd2_qc,113,0.15070862998203477
eol_compatible,ALL,within_batch_mean_centered,pearson,ir_change_100_2,qd2_qc,113,0.13286080196128164
eol_compatible,ALL,none,pearson,ir_change_100_2,qd100_qc,113,-0.05049709589277765
eol_compatible,ALL,none,spearman,ir_change_100_2,qd100_qc,113,0.18480105130081845
eol_compatible,ALL,within_batch_mean_centered,pearson,ir_change_100_2,qd100_qc,113,0.17958610390041319
eol_compatible,ALL,none,pearson,ir_change_100_2,qd_delta_100_2_qc,113,0.1008337992886013
eol_compatible,ALL,none,spearman,ir_change_100_2,qd_delta_100_2_qc,113,0.14095249184909178
eol_compatible,ALL,within_batch_mean_centered,pearson,ir_change_100_2,qd_delta_100_2_qc,113,0.13345293701957528
eol_compatible,ALL,none,pearson,ir_early_slope,qd_early_mean,113,-0.05456831777683729
eol_compatible,ALL,none,spearman,ir_early_slope,qd_early_mean,113,0.18035963803313595
eol_compatible,ALL,within_batch_mean_centered,pearson,ir_early_slope,qd_early_mean,113,-0.028956271438071345
eol_compatible,ALL,none,pearson,ir_early_slope,qd_early_std,113,-0.9250661895027819
eol_compatible,ALL,none,spearman,ir_early_slope,qd_early_std,113,-0.025550602169139666
eol_compatible,ALL,within_batch_mean_centered,pearson,ir_early_slope,qd_early_std,113,-0.9298173025503679
eol_compatible,ALL,none,pearson,ir_early_slope,qd_early_median,113,0.054660108532672294
eol_compatible,ALL,none,spearman,ir_early_slope,qd_early_median,113,0.2020593519196221
eol_compatible,ALL,within_batch_mean_centered,pearson,ir_early_slope,qd_early_median,113,0.1553885531370039
eol_compatible,ALL,none,pearson,ir_early_slope,qd2,113,0.03569680339280055
eol_compatible,ALL,none,spearman,ir_early_slope,qd2,113,0.1784466697717746
eol_compatible,ALL,within_batch_mean_centered,pearson,ir_early_slope,qd2,113,0.1266907315440995
eol_compatible,ALL,none,pearson,ir_early_slope,qd100,113,0.06808885988564523
eol_compatible,ALL,none,spearman,ir_early_slope,qd100,113,0.21946736309801057
eol_compatible,ALL,within_batch_mean_centered,pearson,ir_early_slope,qd100,113,0.16761494763870097
eol_compatible,ALL,none,pearson,ir_early_slope,qd_delta_100_2,113,0.1111461078009215
eol_compatible,ALL,none,spearman,ir_early_slope,qd_delta_100_2,113,0.21869385854015572
eol_compatible,ALL,within_batch_mean_centered,pearson,ir_early_slope,qd_delta_100_2,113,0.12014074064078463
eol_compatible,ALL,none,pearson,ir_early_slope,qd_early_slope,113,0.4610166880365833
eol_compatible,ALL,none,spearman,ir_early_slope,qd_early_slope,113,0.10066371681415931
eol_compatible,ALL,within_batch_mean_centered,pearson,ir_early_slope,qd_early_slope,113,0.4815451151180145
eol_compatible,ALL,none,pearson,ir_early_slope,ir_zero_fraction_early,113,-0.0017548550738064545
eol_compatible,ALL,none,spearman,ir_early_slope,ir_zero_fraction_early,113,-0.08227551031499052
eol_compatible,ALL,within_batch_mean_centered,pearson,ir_early_slope,ir_zero_fraction_early,113,-0.002757470598931274
eol_compatible,ALL,none,pearson,ir_early_slope,tavg_early_mean,113,0.1302812353384483
eol_compatible,ALL,none,spearman,ir_early_slope,tavg_early_mean,113,0.013490584869252779
eol_compatible,ALL,within_batch_mean_centered,pearson,ir_early_slope,tavg_early_mean,113,0.1315211578611669
eol_compatible,ALL,none,pearson,ir_early_slope,ir_missing_fraction_early,113,-0.0017548550738064545
eol_compatible,ALL,none,spearman,ir_early_slope,ir_missing_fraction_early,113,-0.08227551031499052
eol_compatible,ALL,within_batch_mean_centered,pearson,ir_early_slope,ir_missing_fraction_early,113,-0.002757470598931274
eol_compatible,ALL,none,pearson,ir_early_slope,tmax_early_mean,113,0.09027592906642848
eol_compatible,ALL,none,spearman,ir_early_slope,tmax_early_mean,113,0.1279110386585934
eol_compatible,ALL,within_batch_mean_centered,pearson,ir_early_slope,tmax_early_mean,113,0.0864389628388001
eol_compatible,ALL,none,pearson,ir_early_slope,qd_early_mean_qc,113,0.05573928583003178
eol_compatible,ALL,none,spearman,ir_early_slope,qd_early_mean_qc,113,0.20417193426042987
eol_compatible,ALL,within_batch_mean_centered,pearson,ir_early_slope,qd_early_mean_qc,113,0.15499603674482484
eol_compatible,ALL,none,pearson,ir_early_slope,qd_early_std_qc,113,0.013175338859550582
eol_compatible,ALL,none,spearman,ir_early_slope,qd_early_std_qc,113,-0.008525184643023489
eol_compatible,ALL,within_batch_mean_centered,pearson,ir_early_slope,qd_early_std_qc,113,0.04724059735367934
eol_compatible,ALL,none,pearson,ir_early_slope,qd_early_slope_qc,113,0.10313288203187194
eol_compatible,ALL,none,spearman,ir_early_slope,qd_early_slope_qc,113,0.09568168208130948
eol_compatible,ALL,within_batch_mean_centered,pearson,ir_early_slope,qd_early_slope_qc,113,0.11650452047854308
eol_compatible,ALL,none,pearson,ir_early_slope,qd2_qc,113,0.03569680339280055
eol_compatible,ALL,none,spearman,ir_early_slope,qd2_qc,113,0.1784466697717746
eol_compatible,ALL,within_batch_mean_centered,pearson,ir_early_slope,qd2_qc,113,0.1266907315440995
eol_compatible,ALL,none,pearson,ir_early_slope,qd100_qc,113,0.06808885988564523
eol_compatible,ALL,none,spearman,ir_early_slope,qd100_qc,113,0.21946736309801057
eol_compatible,ALL,within_batch_mean_centered,pearson,ir_early_slope,qd100_qc,113,0.16761494763870097
eol_compatible,ALL,none,pearson,ir_early_slope,qd_delta_100_2_qc,113,0.1111461078009215
eol_compatible,ALL,none,spearman,ir_early_slope,qd_delta_100_2_qc,113,0.21869385854015572
eol_compatible,ALL,within_batch_mean_centered,pearson,ir_early_slope,qd_delta_100_2_qc,113,0.12014074064078463
eol_compatible,ALL,none,pearson,ir_zero_fraction_early,qd_early_mean,119,0.3357667674536082
eol_compatible,ALL,none,spearman,ir_zero_fraction_early,qd_early_mean,119,0.24453882765370882
eol_compatible,ALL,within_batch_mean_centered,pearson,ir_zero_fraction_early,qd_early_mean,119,0.19828563540018937
eol_compatible,ALL,none,pearson,ir_zero_fraction_early,qd_early_std,119,-0.004568636453076784
eol_compatible,ALL,none,spearman,ir_zero_fraction_early,qd_early_std,119,0.23691701529472228
eol_compatible,ALL,within_batch_mean_centered,pearson,ir_zero_fraction_early,qd_early_std,119,-0.017901096897620768
eol_compatible,ALL,none,pearson,ir_zero_fraction_early,qd_early_median,119,0.34049963254855636
eol_compatible,ALL,none,spearman,ir_zero_fraction_early,qd_early_median,119,0.2538649808800895
eol_compatible,ALL,within_batch_mean_centered,pearson,ir_zero_fraction_early,qd_early_median,119,0.2017903877843998
eol_compatible,ALL,none,pearson,ir_zero_fraction_early,qd2,119,0.35446778333937556
eol_compatible,ALL,none,spearman,ir_zero_fraction_early,qd2,119,0.26112547297518846
eol_compatible,ALL,within_batch_mean_centered,pearson,ir_zero_fraction_early,qd2,119,0.2132210984073326
eol_compatible,ALL,none,pearson,ir_zero_fraction_early,qd100,119,0.32501709314017524
eol_compatible,ALL,none,spearman,ir_zero_fraction_early,qd100,119,0.20490949380506068
eol_compatible,ALL,within_batch_mean_centered,pearson,ir_zero_fraction_early,qd100,119,0.16892293644600426
eol_compatible,ALL,none,pearson,ir_zero_fraction_early,qd_delta_100_2,119,0.013082252300388071
eol_compatible,ALL,none,spearman,ir_zero_fraction_early,qd_delta_100_2,119,-0.03957479494089154
eol_compatible,ALL,within_batch_mean_centered,pearson,ir_zero_fraction_early,qd_delta_100_2,119,-0.02030073617861132
eol_compatible,ALL,none,pearson,ir_zero_fraction_early,qd_early_slope,119,0.011234852227441888
eol_compatible,ALL,none,spearman,ir_zero_fraction_early,qd_early_slope,119,-0.02274954189797676
eol_compatible,ALL,within_batch_mean_centered,pearson,ir_zero_fraction_early,qd_early_slope,119,-0.05718036439343352
eol_compatible,ALL,none,pearson,ir_zero_fraction_early,tavg_early_mean,119,-0.15600628288177745
eol_compatible,ALL,none,spearman,ir_zero_fraction_early,tavg_early_mean,119,-0.1898772073546445
eol_compatible,ALL,within_batch_mean_centered,pearson,ir_zero_fraction_early,tavg_early_mean,119,-0.09154210296496354
eol_compatible,ALL,none,pearson,ir_zero_fraction_early,tmax_early_mean,119,-0.15854039161042918
eol_compatible,ALL,none,spearman,ir_zero_fraction_early,tmax_early_mean,119,-0.1452098419019793
eol_compatible,ALL,within_batch_mean_centered,pearson,ir_zero_fraction_early,tmax_early_mean,119,-0.13692412389119882
eol_compatible,ALL,none,pearson,ir_zero_fraction_early,qd_early_mean_qc,119,0.3375068605069721
eol_compatible,ALL,none,spearman,ir_zero_fraction_early,qd_early_mean_qc,119,0.24684991386989524
eol_compatible,ALL,within_batch_mean_centered,pearson,ir_zero_fraction_early,qd_early_mean_qc,119,0.1967222358935773
eol_compatible,ALL,none,pearson,ir_zero_fraction_early,qd_early_std_qc,119,0.09449008124819253
eol_compatible,ALL,none,spearman,ir_zero_fraction_early,qd_early_std_qc,119,0.2427185916073319
eol_compatible,ALL,within_batch_mean_centered,pearson,ir_zero_fraction_early,qd_early_std_qc,119,-0.11753419208752003
eol_compatible,ALL,none,pearson,ir_zero_fraction_early,qd_early_slope_qc,119,0.003358702138166969
eol_compatible,ALL,none,spearman,ir_zero_fraction_early,qd_early_slope_qc,119,-0.02599460690949517
eol_compatible,ALL,within_batch_mean_centered,pearson,ir_zero_fraction_early,qd_early_slope_qc,119,-0.06411833259773905
eol_compatible,ALL,none,pearson,ir_zero_fraction_early,qd2_qc,119,0.35446778333937556
eol_compatible,ALL,none,spearman,ir_zero_fraction_early,qd2_qc,119,0.26112547297518846
eol_compatible,ALL,within_batch_mean_centered,pearson,ir_zero_fraction_early,qd2_qc,119,0.2132210984073326
eol_compatible,ALL,none,pearson,ir_zero_fraction_early,qd100_qc,119,0.32501709314017524
eol_compatible,ALL,none,spearman,ir_zero_fraction_early,qd100_qc,119,0.20490949380506068
eol_compatible,ALL,within_batch_mean_centered,pearson,ir_zero_fraction_early,qd100_qc,119,0.16892293644600426
eol_compatible,ALL,none,pearson,ir_zero_fraction_early,qd_delta_100_2_qc,119,0.013082252300388071
eol_compatible,ALL,none,spearman,ir_zero_fraction_early,qd_delta_100_2_qc,119,-0.03957479494089154
eol_compatible,ALL,within_batch_mean_centered,pearson,ir_zero_fraction_early,qd_delta_100_2_qc,119,-0.02030073617861132
eol_compatible,ALL,none,pearson,tavg_early_mean,tmax_early_mean,119,0.871048230914063
eol_compatible,ALL,none,spearman,tavg_early_mean,tmax_early_mean,119,0.8649693775815411
eol_compatible,ALL,within_batch_mean_centered,pearson,tavg_early_mean,tmax_early_mean,119,0.9146165702065064
eol_compatible,ALL,none,pearson,ir_missing_fraction_early,qd_early_mean,119,0.3357667674536082
eol_compatible,ALL,none,spearman,ir_missing_fraction_early,qd_early_mean,119,0.24453882765370882
eol_compatible,ALL,within_batch_mean_centered,pearson,ir_missing_fraction_early,qd_early_mean,119,0.19828563540018937
eol_compatible,ALL,none,pearson,ir_missing_fraction_early,qd_early_std,119,-0.004568636453076784
eol_compatible,ALL,none,spearman,ir_missing_fraction_early,qd_early_std,119,0.23691701529472228
eol_compatible,ALL,within_batch_mean_centered,pearson,ir_missing_fraction_early,qd_early_std,119,-0.017901096897620768
eol_compatible,ALL,none,pearson,ir_missing_fraction_early,qd_early_median,119,0.34049963254855636
eol_compatible,ALL,none,spearman,ir_missing_fraction_early,qd_early_median,119,0.2538649808800895
eol_compatible,ALL,within_batch_mean_centered,pearson,ir_missing_fraction_early,qd_early_median,119,0.2017903877843998
eol_compatible,ALL,none,pearson,ir_missing_fraction_early,qd2,119,0.35446778333937556
eol_compatible,ALL,none,spearman,ir_missing_fraction_early,qd2,119,0.26112547297518846
eol_compatible,ALL,within_batch_mean_centered,pearson,ir_missing_fraction_early,qd2,119,0.2132210984073326
eol_compatible,ALL,none,pearson,ir_missing_fraction_early,qd100,119,0.32501709314017524
eol_compatible,ALL,none,spearman,ir_missing_fraction_early,qd100,119,0.20490949380506068
eol_compatible,ALL,within_batch_mean_centered,pearson,ir_missing_fraction_early,qd100,119,0.16892293644600426
eol_compatible,ALL,none,pearson,ir_missing_fraction_early,qd_delta_100_2,119,0.013082252300388071
eol_compatible,ALL,none,spearman,ir_missing_fraction_early,qd_delta_100_2,119,-0.03957479494089154
eol_compatible,ALL,within_batch_mean_centered,pearson,ir_missing_fraction_early,qd_delta_100_2,119,-0.02030073617861132
eol_compatible,ALL,none,pearson,ir_missing_fraction_early,qd_early_slope,119,0.011234852227441888
eol_compatible,ALL,none,spearman,ir_missing_fraction_early,qd_early_slope,119,-0.02274954189797676
eol_compatible,ALL,within_batch_mean_centered,pearson,ir_missing_fraction_early,qd_early_slope,119,-0.05718036439343352
eol_compatible,ALL,none,pearson,ir_missing_fraction_early,ir_zero_fraction_early,119,1.0
eol_compatible,ALL,none,spearman,ir_missing_fraction_early,ir_zero_fraction_early,119,1.0
eol_compatible,ALL,within_batch_mean_centered,pearson,ir_missing_fraction_early,ir_zero_fraction_early,119,0.9999999999999998
eol_compatible,ALL,none,pearson,ir_missing_fraction_early,tavg_early_mean,119,-0.15600628288177745
eol_compatible,ALL,none,spearman,ir_missing_fraction_early,tavg_early_mean,119,-0.1898772073546445
eol_compatible,ALL,within_batch_mean_centered,pearson,ir_missing_fraction_early,tavg_early_mean,119,-0.09154210296496354
eol_compatible,ALL,none,pearson,ir_missing_fraction_early,tmax_early_mean,119,-0.15854039161042918
eol_compatible,ALL,none,spearman,ir_missing_fraction_early,tmax_early_mean,119,-0.1452098419019793
eol_compatible,ALL,within_batch_mean_centered,pearson,ir_missing_fraction_early,tmax_early_mean,119,-0.13692412389119882
eol_compatible,ALL,none,pearson,ir_missing_fraction_early,qd_early_mean_qc,119,0.3375068605069721
eol_compatible,ALL,none,spearman,ir_missing_fraction_early,qd_early_mean_qc,119,0.24684991386989524
eol_compatible,ALL,within_batch_mean_centered,pearson,ir_missing_fraction_early,qd_early_mean_qc,119,0.1967222358935773
eol_compatible,ALL,none,pearson,ir_missing_fraction_early,qd_early_std_qc,119,0.09449008124819253
eol_compatible,ALL,none,spearman,ir_missing_fraction_early,qd_early_std_qc,119,0.2427185916073319
eol_compatible,ALL,within_batch_mean_centered,pearson,ir_missing_fraction_early,qd_early_std_qc,119,-0.11753419208752003
eol_compatible,ALL,none,pearson,ir_missing_fraction_early,qd_early_slope_qc,119,0.003358702138166969
eol_compatible,ALL,none,spearman,ir_missing_fraction_early,qd_early_slope_qc,119,-0.02599460690949517
eol_compatible,ALL,within_batch_mean_centered,pearson,ir_missing_fraction_early,qd_early_slope_qc,119,-0.06411833259773905
eol_compatible,ALL,none,pearson,ir_missing_fraction_early,qd2_qc,119,0.35446778333937556
eol_compatible,ALL,none,spearman,ir_missing_fraction_early,qd2_qc,119,0.26112547297518846
eol_compatible,ALL,within_batch_mean_centered,pearson,ir_missing_fraction_early,qd2_qc,119,0.2132210984073326
eol_compatible,ALL,none,pearson,ir_missing_fraction_early,qd100_qc,119,0.32501709314017524
eol_compatible,ALL,none,spearman,ir_missing_fraction_early,qd100_qc,119,0.20490949380506068
eol_compatible,ALL,within_batch_mean_centered,pearson,ir_missing_fraction_early,qd100_qc,119,0.16892293644600426
eol_compatible,ALL,none,pearson,ir_missing_fraction_early,qd_delta_100_2_qc,119,0.013082252300388071
eol_compatible,ALL,none,spearman,ir_missing_fraction_early,qd_delta_100_2_qc,119,-0.03957479494089154
eol_compatible,ALL,within_batch_mean_centered,pearson,ir_missing_fraction_early,qd_delta_100_2_qc,119,-0.02030073617861132
eol_compatible,ALL,none,pearson,chargetime_early_mean,qd_early_mean,119,0.26322279555071687
eol_compatible,ALL,none,spearman,chargetime_early_mean,qd_early_mean,119,0.3021222048141291
eol_compatible,ALL,within_batch_mean_centered,pearson,chargetime_early_mean,qd_early_mean,119,-0.07554726470611425
eol_compatible,ALL,none,pearson,chargetime_early_mean,qd_early_std,119,-0.0299827085583343
eol_compatible,ALL,none,spearman,chargetime_early_mean,qd_early_std,119,0.08018800740635239
eol_compatible,ALL,within_batch_mean_centered,pearson,chargetime_early_mean,qd_early_std,119,-0.054497497266939525
eol_compatible,ALL,none,pearson,chargetime_early_mean,qd_early_median,119,0.2638863183387944
eol_compatible,ALL,none,spearman,chargetime_early_mean,qd_early_median,119,0.3183022361486968
eol_compatible,ALL,within_batch_mean_centered,pearson,chargetime_early_mean,qd_early_median,119,-0.08230322826243568
eol_compatible,ALL,none,pearson,chargetime_early_mean,qd2,119,0.2981396224776838
eol_compatible,ALL,none,spearman,chargetime_early_mean,qd2,119,0.31605896595926514
eol_compatible,ALL,within_batch_mean_centered,pearson,chargetime_early_mean,qd2,119,-0.03927646189532526
eol_compatible,ALL,none,pearson,chargetime_early_mean,qd100,119,0.26549568885532493
eol_compatible,ALL,none,spearman,chargetime_early_mean,qd100,119,0.3453354223045151
eol_compatible,ALL,within_batch_mean_centered,pearson,chargetime_early_mean,qd100,119,-0.06656496110220458
eol_compatible,ALL,none,pearson,chargetime_early_mean,qd_delta_100_2,119,-0.014238657542445795
eol_compatible,ALL,none,spearman,chargetime_early_mean,qd_delta_100_2,119,0.19594074918102836
eol_compatible,ALL,within_batch_mean_centered,pearson,chargetime_early_mean,qd_delta_100_2,119,-0.06591859791313792
eol_compatible,ALL,none,pearson,chargetime_early_mean,qd_early_slope,119,-0.037940769169586816
eol_compatible,ALL,none,spearman,chargetime_early_mean,qd_early_slope,119,0.2370531263352799
eol_compatible,ALL,within_batch_mean_centered,pearson,chargetime_early_mean,qd_early_slope,119,-0.13469932890887004
eol_compatible,ALL,none,pearson,chargetime_early_mean,ir_early_mean,113,0.07596285768477659
eol_compatible,ALL,none,spearman,chargetime_early_mean,ir_early_mean,113,0.46481801849757143
eol_compatible,ALL,within_batch_mean_centered,pearson,chargetime_early_mean,ir_early_mean,113,-0.07729431276096108
eol_compatible,ALL,none,pearson,chargetime_early_mean,ir_change_100_2,113,-0.16544031286938288
eol_compatible,ALL,none,spearman,chargetime_early_mean,ir_change_100_2,113,0.12386885354980372
eol_compatible,ALL,within_batch_mean_centered,pearson,chargetime_early_mean,ir_change_100_2,113,-0.08981462586569253
eol_compatible,ALL,none,pearson,chargetime_early_mean,ir_early_slope,113,-0.06939936609374185
eol_compatible,ALL,none,spearman,chargetime_early_mean,ir_early_slope,113,0.18839410473085372
eol_compatible,ALL,within_batch_mean_centered,pearson,chargetime_early_mean,ir_early_slope,113,-0.05633512686360537
eol_compatible,ALL,none,pearson,chargetime_early_mean,ir_zero_fraction_early,119,0.33942582880432365
eol_compatible,ALL,none,spearman,chargetime_early_mean,ir_zero_fraction_early,119,-0.03141441086780848
eol_compatible,ALL,within_batch_mean_centered,pearson,chargetime_early_mean,ir_zero_fraction_early,119,0.2357835511022142
eol_compatible,ALL,none,pearson,chargetime_early_mean,tavg_early_mean,119,-0.1590114307107019
eol_compatible,ALL,none,spearman,chargetime_early_mean,tavg_early_mean,119,-0.2772753169064236
eol_compatible,ALL,within_batch_mean_centered,pearson,chargetime_early_mean,tavg_early_mean,119,-0.054510032447554244
eol_compatible,ALL,none,pearson,chargetime_early_mean,ir_missing_fraction_early,119,0.33942582880432365
eol_compatible,ALL,none,spearman,chargetime_early_mean,ir_missing_fraction_early,119,-0.03141441086780848
eol_compatible,ALL,within_batch_mean_centered,pearson,chargetime_early_mean,ir_missing_fraction_early,119,0.2357835511022142
eol_compatible,ALL,none,pearson,chargetime_early_mean,tmax_early_mean,119,-0.15593612689722441
eol_compatible,ALL,none,spearman,chargetime_early_mean,tmax_early_mean,119,-0.1234510753453924
eol_compatible,ALL,within_batch_mean_centered,pearson,chargetime_early_mean,tmax_early_mean,119,-0.12453409704726101
eol_compatible,ALL,none,pearson,chargetime_early_mean,chargetime_early_median,119,-0.047012580830514086
eol_compatible,ALL,none,spearman,chargetime_early_mean,chargetime_early_median,119,0.8197814053947714
eol_compatible,ALL,within_batch_mean_centered,pearson,chargetime_early_mean,chargetime_early_median,119,0.04644730037843811
eol_compatible,ALL,none,pearson,chargetime_early_mean,chargetime_early_mean_qc,119,-0.04694468448877828
eol_compatible,ALL,none,spearman,chargetime_early_mean,chargetime_early_mean_qc,119,0.8331932773109245
eol_compatible,ALL,within_batch_mean_centered,pearson,chargetime_early_mean,chargetime_early_mean_qc,119,0.04856479314614882
eol_compatible,ALL,none,pearson,chargetime_early_mean,qd_early_mean_qc,119,0.26630467777428474
eol_compatible,ALL,none,spearman,chargetime_early_mean,qd_early_mean_qc,119,0.32234012248967386
eol_compatible,ALL,within_batch_mean_centered,pearson,chargetime_early_mean,qd_early_mean_qc,119,-0.07285631867760915
eol_compatible,ALL,none,pearson,chargetime_early_mean,qd_early_std_qc,119,0.011230010546233828
eol_compatible,ALL,none,spearman,chargetime_early_mean,qd_early_std_qc,119,0.09924512177752458
eol_compatible,ALL,within_batch_mean_centered,pearson,chargetime_early_mean,qd_early_std_qc,119,-0.30042316600236585
eol_compatible,ALL,none,pearson,chargetime_early_mean,qd_early_slope_qc,119,-0.056088366756884264
eol_compatible,ALL,none,spearman,chargetime_early_mean,qd_early_slope_qc,119,0.2316906423586384
eol_compatible,ALL,within_batch_mean_centered,pearson,chargetime_early_mean,qd_early_slope_qc,119,-0.15493981277715224
eol_compatible,ALL,none,pearson,chargetime_early_mean,qd2_qc,119,0.2981396224776838
eol_compatible,ALL,none,spearman,chargetime_early_mean,qd2_qc,119,0.31605896595926514
eol_compatible,ALL,within_batch_mean_centered,pearson,chargetime_early_mean,qd2_qc,119,-0.03927646189532526
eol_compatible,ALL,none,pearson,chargetime_early_mean,qd100_qc,119,0.26549568885532493
eol_compatible,ALL,none,spearman,chargetime_early_mean,qd100_qc,119,0.3453354223045151
eol_compatible,ALL,within_batch_mean_centered,pearson,chargetime_early_mean,qd100_qc,119,-0.06656496110220458
eol_compatible,ALL,none,pearson,chargetime_early_mean,qd_delta_100_2_qc,119,-0.014238657542445795
eol_compatible,ALL,none,spearman,chargetime_early_mean,qd_delta_100_2_qc,119,0.19594074918102836
eol_compatible,ALL,within_batch_mean_centered,pearson,chargetime_early_mean,qd_delta_100_2_qc,119,-0.06591859791313792
eol_compatible,ALL,none,pearson,chargetime_early_median,qd_early_mean,119,-0.03777445644021591
eol_compatible,ALL,none,spearman,chargetime_early_median,qd_early_mean,119,0.17524600350049763
eol_compatible,ALL,within_batch_mean_centered,pearson,chargetime_early_median,qd_early_mean,119,-0.09978705296262072
eol_compatible,ALL,none,pearson,chargetime_early_median,qd_early_std,119,-0.09727522856785785
eol_compatible,ALL,none,spearman,chargetime_early_median,qd_early_std,119,-0.06973734107926784
eol_compatible,ALL,within_batch_mean_centered,pearson,chargetime_early_median,qd_early_std,119,-0.15627896860451373
eol_compatible,ALL,none,pearson,chargetime_early_median,qd_early_median,119,-0.035379034308925715
eol_compatible,ALL,none,spearman,chargetime_early_median,qd_early_median,119,0.19235542008900322
eol_compatible,ALL,within_batch_mean_centered,pearson,chargetime_early_median,qd_early_median,119,-0.08069385040622053
eol_compatible,ALL,none,pearson,chargetime_early_median,qd2,119,-0.07963787519611039
eol_compatible,ALL,none,spearman,chargetime_early_median,qd2,119,0.18220371422140086
eol_compatible,ALL,within_batch_mean_centered,pearson,chargetime_early_median,qd2,119,-0.1255972842462788
eol_compatible,ALL,none,pearson,chargetime_early_median,qd100,119,-0.010969907283390527
eol_compatible,ALL,none,spearman,chargetime_early_median,qd100,119,0.22284258446585753
eol_compatible,ALL,within_batch_mean_centered,pearson,chargetime_early_median,qd100,119,-0.010935537594393661
eol_compatible,ALL,none,pearson,chargetime_early_median,qd_delta_100_2,119,0.19600093952391257
eol_compatible,ALL,none,spearman,chargetime_early_median,qd_delta_100_2,119,0.26366305309658133
eol_compatible,ALL,within_batch_mean_centered,pearson,chargetime_early_median,qd_delta_100_2,119,0.18599899774115813
eol_compatible,ALL,none,pearson,chargetime_early_median,qd_early_slope,119,0.1688081772416477
eol_compatible,ALL,none,spearman,chargetime_early_median,qd_early_slope,119,0.3099172303046329
eol_compatible,ALL,within_batch_mean_centered,pearson,chargetime_early_median,qd_early_slope,119,0.23870047178292308
eol_compatible,ALL,none,pearson,chargetime_early_median,ir_early_mean,113,0.26856478319147803
eol_compatible,ALL,none,spearman,chargetime_early_median,ir_early_mean,113,0.4882695294722643
eol_compatible,ALL,within_batch_mean_centered,pearson,chargetime_early_median,ir_early_mean,113,0.1500791177478386
eol_compatible,ALL,none,pearson,chargetime_early_median,ir_change_100_2,113,0.15229148980905532
eol_compatible,ALL,none,spearman,chargetime_early_median,ir_change_100_2,113,0.20343212171537778
eol_compatible,ALL,within_batch_mean_centered,pearson,chargetime_early_median,ir_change_100_2,113,0.1396634925053772
eol_compatible,ALL,none,pearson,chargetime_early_median,ir_early_slope,113,0.1417604379101973
eol_compatible,ALL,none,spearman,chargetime_early_median,ir_early_slope,113,0.2782168603557073
eol_compatible,ALL,within_batch_mean_centered,pearson,chargetime_early_median,ir_early_slope,113,0.15708384302577805
eol_compatible,ALL,none,pearson,chargetime_early_median,ir_zero_fraction_early,119,-0.09649016285326356
eol_compatible,ALL,none,spearman,chargetime_early_median,ir_zero_fraction_early,119,-0.22360310253595742
eol_compatible,ALL,within_batch_mean_centered,pearson,chargetime_early_median,ir_zero_fraction_early,119,-0.02475311577857845
eol_compatible,ALL,none,pearson,chargetime_early_median,tavg_early_mean,119,-0.11676786308528471
eol_compatible,ALL,none,spearman,chargetime_early_median,tavg_early_mean,119,-0.23808972740695658
eol_compatible,ALL,within_batch_mean_centered,pearson,chargetime_early_median,tavg_early_mean,119,0.0017681587771146458
eol_compatible,ALL,none,pearson,chargetime_early_median,ir_missing_fraction_early,119,-0.09649016285326356
eol_compatible,ALL,none,spearman,chargetime_early_median,ir_missing_fraction_early,119,-0.22360310253595742
eol_compatible,ALL,within_batch_mean_centered,pearson,chargetime_early_median,ir_missing_fraction_early,119,-0.02475311577857845
eol_compatible,ALL,none,pearson,chargetime_early_median,tmax_early_mean,119,-0.03313986074326697
eol_compatible,ALL,none,spearman,chargetime_early_median,tmax_early_mean,119,-0.06121289918272624
eol_compatible,ALL,within_batch_mean_centered,pearson,chargetime_early_median,tmax_early_mean,119,0.01098264730182166
eol_compatible,ALL,none,pearson,chargetime_early_median,qd_early_mean_qc,119,-0.030751652495039115
eol_compatible,ALL,none,spearman,chargetime_early_median,qd_early_mean_qc,119,0.19728350178692036
eol_compatible,ALL,within_batch_mean_centered,pearson,chargetime_early_median,qd_early_mean_qc,119,-0.07153782646614881
eol_compatible,ALL,none,pearson,chargetime_early_median,qd_early_std_qc,119,-0.1998008263468368
eol_compatible,ALL,none,spearman,chargetime_early_median,qd_early_std_qc,119,-0.052823765887717054
eol_compatible,ALL,within_batch_mean_centered,pearson,chargetime_early_median,qd_early_std_qc,119,-0.09137990758058201
eol_compatible,ALL,none,pearson,chargetime_early_median,qd_early_slope_qc,119,0.1611310316400421
eol_compatible,ALL,none,spearman,chargetime_early_median,qd_early_slope_qc,119,0.30610722494569415
eol_compatible,ALL,within_batch_mean_centered,pearson,chargetime_early_median,qd_early_slope_qc,119,0.20364821863343635
eol_compatible,ALL,none,pearson,chargetime_early_median,qd2_qc,119,-0.07963787519611039
eol_compatible,ALL,none,spearman,chargetime_early_median,qd2_qc,119,0.18220371422140086
eol_compatible,ALL,within_batch_mean_centered,pearson,chargetime_early_median,qd2_qc,119,-0.1255972842462788
eol_compatible,ALL,none,pearson,chargetime_early_median,qd100_qc,119,-0.010969907283390527
eol_compatible,ALL,none,spearman,chargetime_early_median,qd100_qc,119,0.22284258446585753
eol_compatible,ALL,within_batch_mean_centered,pearson,chargetime_early_median,qd100_qc,119,-0.010935537594393661
eol_compatible,ALL,none,pearson,chargetime_early_median,qd_delta_100_2_qc,119,0.19600093952391257
eol_compatible,ALL,none,spearman,chargetime_early_median,qd_delta_100_2_qc,119,0.26366305309658133
eol_compatible,ALL,within_batch_mean_centered,pearson,chargetime_early_median,qd_delta_100_2_qc,119,0.18599899774115813
eol_compatible,ALL,none,pearson,chargetime_early_mean_qc,qd_early_mean,119,-0.03512613574515885
eol_compatible,ALL,none,spearman,chargetime_early_mean_qc,qd_early_mean,119,0.2036604472297394
eol_compatible,ALL,within_batch_mean_centered,pearson,chargetime_early_mean_qc,qd_early_mean,119,-0.10006185083375849
eol_compatible,ALL,none,pearson,chargetime_early_mean_qc,qd_early_std,119,-0.10345280637001052
eol_compatible,ALL,none,spearman,chargetime_early_mean_qc,qd_early_std,119,-0.06804586241276171
eol_compatible,ALL,within_batch_mean_centered,pearson,chargetime_early_mean_qc,qd_early_std,119,-0.166046241222898
eol_compatible,ALL,none,pearson,chargetime_early_mean_qc,qd_early_median,119,-0.03206126388744278
eol_compatible,ALL,none,spearman,chargetime_early_mean_qc,qd_early_median,119,0.2205241418601339
eol_compatible,ALL,within_batch_mean_centered,pearson,chargetime_early_mean_qc,qd_early_median,119,-0.07909776708923996
eol_compatible,ALL,none,pearson,chargetime_early_mean_qc,qd2,119,-0.07663493345103821
eol_compatible,ALL,none,spearman,chargetime_early_mean_qc,qd2,119,0.20818971656459198
eol_compatible,ALL,within_batch_mean_centered,pearson,chargetime_early_mean_qc,qd2,119,-0.12372155264560328
eol_compatible,ALL,none,pearson,chargetime_early_mean_qc,qd100,119,-0.008328650913535152
eol_compatible,ALL,none,spearman,chargetime_early_mean_qc,qd100,119,0.2502634952285999
eol_compatible,ALL,within_batch_mean_centered,pearson,chargetime_early_mean_qc,qd100,119,-0.009550107011095689
eol_compatible,ALL,none,pearson,chargetime_early_mean_qc,qd_delta_100_2,119,0.1957520864213511
eol_compatible,ALL,none,spearman,chargetime_early_mean_qc,qd_delta_100_2,119,0.27617860703603475
eol_compatible,ALL,within_batch_mean_centered,pearson,chargetime_early_mean_qc,qd_delta_100_2,119,0.18562271600953278
eol_compatible,ALL,none,pearson,chargetime_early_mean_qc,qd_early_slope,119,0.16940381380983358
eol_compatible,ALL,none,spearman,chargetime_early_mean_qc,qd_early_slope,119,0.3131533969520012
eol_compatible,ALL,within_batch_mean_centered,pearson,chargetime_early_mean_qc,qd_early_slope,119,0.2418932810376649
eol_compatible,ALL,none,pearson,chargetime_early_mean_qc,ir_early_mean,113,0.27287935384417383
eol_compatible,ALL,none,spearman,chargetime_early_mean_qc,ir_early_mean,113,0.5182979572825871
eol_compatible,ALL,within_batch_mean_centered,pearson,chargetime_early_mean_qc,ir_early_mean,113,0.1490715029882541
eol_compatible,ALL,none,pearson,chargetime_early_mean_qc,ir_change_100_2,113,0.15753055773790509
eol_compatible,ALL,none,spearman,chargetime_early_mean_qc,ir_change_100_2,113,0.20704970390578217
eol_compatible,ALL,within_batch_mean_centered,pearson,chargetime_early_mean_qc,ir_change_100_2,113,0.14632201103205736
eol_compatible,ALL,none,pearson,chargetime_early_mean_qc,ir_early_slope,113,0.1479935525460147
eol_compatible,ALL,none,spearman,chargetime_early_mean_qc,ir_early_slope,113,0.28538159558187504
eol_compatible,ALL,within_batch_mean_centered,pearson,chargetime_early_mean_qc,ir_early_slope,113,0.16536295876241103
eol_compatible,ALL,none,pearson,chargetime_early_mean_qc,ir_zero_fraction_early,119,-0.09768175201164994
eol_compatible,ALL,none,spearman,chargetime_early_mean_qc,ir_zero_fraction_early,119,-0.16785712334791245
eol_compatible,ALL,within_batch_mean_centered,pearson,chargetime_early_mean_qc,ir_zero_fraction_early,119,-0.024760400216990434
eol_compatible,ALL,none,pearson,chargetime_early_mean_qc,tavg_early_mean,119,-0.12122063278691414
eol_compatible,ALL,none,spearman,chargetime_early_mean_qc,tavg_early_mean,119,-0.27965389545648767
eol_compatible,ALL,within_batch_mean_centered,pearson,chargetime_early_mean_qc,tavg_early_mean,119,0.0015684172827212309
eol_compatible,ALL,none,pearson,chargetime_early_mean_qc,ir_missing_fraction_early,119,-0.09768175201164994
eol_compatible,ALL,none,spearman,chargetime_early_mean_qc,ir_missing_fraction_early,119,-0.16785712334791245
eol_compatible,ALL,within_batch_mean_centered,pearson,chargetime_early_mean_qc,ir_missing_fraction_early,119,-0.024760400216990434
eol_compatible,ALL,none,pearson,chargetime_early_mean_qc,tmax_early_mean,119,-0.03570208679601401
eol_compatible,ALL,none,spearman,chargetime_early_mean_qc,tmax_early_mean,119,-0.08500925794046434
eol_compatible,ALL,within_batch_mean_centered,pearson,chargetime_early_mean_qc,tmax_early_mean,119,0.00991815187056385
eol_compatible,ALL,none,pearson,chargetime_early_mean_qc,chargetime_early_median,119,0.9996127151037573
eol_compatible,ALL,none,spearman,chargetime_early_mean_qc,chargetime_early_median,119,0.9850074508765272
eol_compatible,ALL,within_batch_mean_centered,pearson,chargetime_early_mean_qc,chargetime_early_median,119,0.9996366502326403
eol_compatible,ALL,none,pearson,chargetime_early_mean_qc,qd_early_mean_qc,119,-0.027468209894755888
eol_compatible,ALL,none,spearman,chargetime_early_mean_qc,qd_early_mean_qc,119,0.22574419598347817
eol_compatible,ALL,within_batch_mean_centered,pearson,chargetime_early_mean_qc,qd_early_mean_qc,119,-0.06996528182172307
eol_compatible,ALL,none,pearson,chargetime_early_mean_qc,qd_early_std_qc,119,-0.20237665321006273
eol_compatible,ALL,none,spearman,chargetime_early_mean_qc,qd_early_std_qc,119,-0.05131035465033472
eol_compatible,ALL,within_batch_mean_centered,pearson,chargetime_early_mean_qc,qd_early_std_qc,119,-0.09233178269420966
eol_compatible,ALL,none,pearson,chargetime_early_mean_qc,qd_early_slope_qc,119,0.15931742232690818
eol_compatible,ALL,none,spearman,chargetime_early_mean_qc,qd_early_slope_qc,119,0.3094573422589375
eol_compatible,ALL,within_batch_mean_centered,pearson,chargetime_early_mean_qc,qd_early_slope_qc,119,0.20299023368628621
eol_compatible,ALL,none,pearson,chargetime_early_mean_qc,qd2_qc,119,-0.07663493345103821
eol_compatible,ALL,none,spearman,chargetime_early_mean_qc,qd2_qc,119,0.20818971656459198
eol_compatible,ALL,within_batch_mean_centered,pearson,chargetime_early_mean_qc,qd2_qc,119,-0.12372155264560328
eol_compatible,ALL,none,pearson,chargetime_early_mean_qc,qd100_qc,119,-0.008328650913535152
eol_compatible,ALL,none,spearman,chargetime_early_mean_qc,qd100_qc,119,0.2502634952285999
eol_compatible,ALL,within_batch_mean_centered,pearson,chargetime_early_mean_qc,qd100_qc,119,-0.009550107011095689
eol_compatible,ALL,none,pearson,chargetime_early_mean_qc,qd_delta_100_2_qc,119,0.1957520864213511
eol_compatible,ALL,none,spearman,chargetime_early_mean_qc,qd_delta_100_2_qc,119,0.27617860703603475
eol_compatible,ALL,within_batch_mean_centered,pearson,chargetime_early_mean_qc,qd_delta_100_2_qc,119,0.18562271600953278
eol_compatible,ALL,none,pearson,qd_early_mean_qc,qd_early_std,119,-0.021644800294727866
eol_compatible,ALL,none,spearman,qd_early_mean_qc,qd_early_std,119,0.45277026064663156
eol_compatible,ALL,within_batch_mean_centered,pearson,qd_early_mean_qc,qd_early_std,119,-0.1720067465443306
eol_compatible,ALL,none,pearson,qd_early_mean_qc,qd_early_median,119,0.9994490758507725
eol_compatible,ALL,none,spearman,qd_early_mean_qc,qd_early_median,119,0.9992023928215356
eol_compatible,ALL,within_batch_mean_centered,pearson,qd_early_mean_qc,qd_early_median,119,0.9984463593360668
eol_compatible,ALL,none,pearson,qd_early_mean_qc,qd_early_slope,119,0.345172368902512
eol_compatible,ALL,none,spearman,qd_early_mean_qc,qd_early_slope,119,0.28240279162512466
eol_compatible,ALL,within_batch_mean_centered,pearson,qd_early_mean_qc,qd_early_slope,119,0.35587418567862733
eol_compatible,ALL,none,pearson,qd_early_mean_qc,tavg_early_mean,119,-0.5092294442002719
eol_compatible,ALL,none,spearman,qd_early_mean_qc,tavg_early_mean,119,-0.4540378863409771
eol_compatible,ALL,within_batch_mean_centered,pearson,qd_early_mean_qc,tavg_early_mean,119,-0.3053098891142083
eol_compatible,ALL,none,pearson,qd_early_mean_qc,tmax_early_mean,119,-0.28710904676691323
eol_compatible,ALL,none,spearman,qd_early_mean_qc,tmax_early_mean,119,-0.25826093149124063
eol_compatible,ALL,within_batch_mean_centered,pearson,qd_early_mean_qc,tmax_early_mean,119,-0.26755512734952397
eol_compatible,ALL,none,pearson,qd_early_mean_qc,qd_early_std_qc,119,0.2817592826337994
eol_compatible,ALL,none,spearman,qd_early_mean_qc,qd_early_std_qc,119,0.4696553197550208
eol_compatible,ALL,within_batch_mean_centered,pearson,qd_early_mean_qc,qd_early_std_qc,119,-0.23455360340743914
eol_compatible,ALL,none,pearson,qd_early_mean_qc,qd_early_slope_qc,119,0.35371939415537007
eol_compatible,ALL,none,spearman,qd_early_mean_qc,qd_early_slope_qc,119,0.2791696339552771
eol_compatible,ALL,within_batch_mean_centered,pearson,qd_early_mean_qc,qd_early_slope_qc,119,0.3366338659217427
eol_compatible,ALL,none,pearson,qd_early_std_qc,tavg_early_mean,119,-0.0674462262147298
eol_compatible,ALL,none,spearman,qd_early_std_qc,tavg_early_mean,119,-0.1519085600341832
eol_compatible,ALL,within_batch_mean_centered,pearson,qd_early_std_qc,tavg_early_mean,119,0.0981018531644339
eol_compatible,ALL,none,pearson,qd_early_std_qc,tmax_early_mean,119,0.03991539211073179
eol_compatible,ALL,none,spearman,qd_early_std_qc,tmax_early_mean,119,0.029490101125195844
eol_compatible,ALL,within_batch_mean_centered,pearson,qd_early_std_qc,tmax_early_mean,119,0.11517562659206908
eol_compatible,ALL,none,pearson,qd_early_slope_qc,qd_early_std,119,-0.10227129683071304
eol_compatible,ALL,none,spearman,qd_early_slope_qc,qd_early_std,119,-0.041226321036889335
eol_compatible,ALL,within_batch_mean_centered,pearson,qd_early_slope_qc,qd_early_std,119,-0.12146821149779166
eol_compatible,ALL,none,pearson,qd_early_slope_qc,tavg_early_mean,119,-0.23406937700498068
eol_compatible,ALL,none,spearman,qd_early_slope_qc,tavg_early_mean,119,-0.31346674262925517
eol_compatible,ALL,within_batch_mean_centered,pearson,qd_early_slope_qc,tavg_early_mean,119,-0.18435716471312713
eol_compatible,ALL,none,pearson,qd_early_slope_qc,tmax_early_mean,119,-0.11201240778671592
eol_compatible,ALL,none,spearman,qd_early_slope_qc,tmax_early_mean,119,-0.19438114228742348
eol_compatible,ALL,within_batch_mean_centered,pearson,qd_early_slope_qc,tmax_early_mean,119,-0.08556122223063342
eol_compatible,ALL,none,pearson,qd_early_slope_qc,qd_early_std_qc,119,-0.19815766816594638
eol_compatible,ALL,none,spearman,qd_early_slope_qc,qd_early_std_qc,119,-0.026620139581256235
eol_compatible,ALL,within_batch_mean_centered,pearson,qd_early_slope_qc,qd_early_std_qc,119,-0.3787051419993128
eol_compatible,ALL,none,pearson,qd2_qc,qd_early_mean,119,0.9765945603960241
eol_compatible,ALL,none,spearman,qd2_qc,qd_early_mean,119,0.9762213359920242
eol_compatible,ALL,within_batch_mean_centered,pearson,qd2_qc,qd_early_mean,119,0.9344879898303879
eol_compatible,ALL,none,pearson,qd2_qc,qd_early_std,119,-0.005863890885098047
eol_compatible,ALL,none,spearman,qd2_qc,qd_early_std,119,0.5084247258225324
eol_compatible,ALL,within_batch_mean_centered,pearson,qd2_qc,qd_early_std,119,-0.14320737504500589
eol_compatible,ALL,none,pearson,qd2_qc,qd_early_median,119,0.9829629292054975
eol_compatible,ALL,none,spearman,qd2_qc,qd_early_median,119,0.9868466030479991
eol_compatible,ALL,within_batch_mean_centered,pearson,qd2_qc,qd_early_median,119,0.9508849744988944
eol_compatible,ALL,none,pearson,qd2_qc,qd_delta_100_2,119,0.1468740959267685
eol_compatible,ALL,none,spearman,qd2_qc,qd_delta_100_2,119,0.16068936048995872
eol_compatible,ALL,within_batch_mean_centered,pearson,qd2_qc,qd_delta_100_2,119,0.040041670145661915
eol_compatible,ALL,none,pearson,qd2_qc,qd_early_slope,119,0.20231144814313107
eol_compatible,ALL,none,spearman,qd2_qc,qd_early_slope,119,0.1757798034468025
eol_compatible,ALL,within_batch_mean_centered,pearson,qd2_qc,qd_early_slope,119,0.09600629886190995
eol_compatible,ALL,none,pearson,qd2_qc,tavg_early_mean,119,-0.4765062806969868
eol_compatible,ALL,none,spearman,qd2_qc,tavg_early_mean,119,-0.4341618003133458
eol_compatible,ALL,within_batch_mean_centered,pearson,qd2_qc,tavg_early_mean,119,-0.26356329633782444
eol_compatible,ALL,none,pearson,qd2_qc,tmax_early_mean,119,-0.26771787690962817
eol_compatible,ALL,none,spearman,qd2_qc,tmax_early_mean,119,-0.24351944167497508
eol_compatible,ALL,within_batch_mean_centered,pearson,qd2_qc,tmax_early_mean,119,-0.245812259050336
eol_compatible,ALL,none,pearson,qd2_qc,qd_early_mean_qc,119,0.9825973684928416
eol_compatible,ALL,none,spearman,qd2_qc,qd_early_mean_qc,119,0.9856715567582968
eol_compatible,ALL,within_batch_mean_centered,pearson,qd2_qc,qd_early_mean_qc,119,0.9509416907432641
eol_compatible,ALL,none,pearson,qd2_qc,qd_early_std_qc,119,0.36507127166761877
eol_compatible,ALL,none,spearman,qd2_qc,qd_early_std_qc,119,0.52668423301524
eol_compatible,ALL,within_batch_mean_centered,pearson,qd2_qc,qd_early_std_qc,119,-0.1053089714780355
eol_compatible,ALL,none,pearson,qd2_qc,qd_early_slope_qc,119,0.19508254504452766
eol_compatible,ALL,none,spearman,qd2_qc,qd_early_slope_qc,119,0.17119356217063098
eol_compatible,ALL,within_batch_mean_centered,pearson,qd2_qc,qd_early_slope_qc,119,0.0510770549101465
eol_compatible,ALL,none,pearson,qd2_qc,qd_delta_100_2_qc,119,0.1468740959267685
eol_compatible,ALL,none,spearman,qd2_qc,qd_delta_100_2_qc,119,0.16068936048995872
eol_compatible,ALL,within_batch_mean_centered,pearson,qd2_qc,qd_delta_100_2_qc,119,0.040041670145661915
eol_compatible,ALL,none,pearson,qd100_qc,qd_early_mean,119,0.9811371647108911
eol_compatible,ALL,none,spearman,qd100_qc,qd_early_mean,119,0.980159521435693
eol_compatible,ALL,within_batch_mean_centered,pearson,qd100_qc,qd_early_mean,119,0.9497648976493058
eol_compatible,ALL,none,pearson,qd100_qc,qd_early_std,119,-0.03602116300312766
eol_compatible,ALL,none,spearman,qd100_qc,qd_early_std,119,0.41984760005697197
eol_compatible,ALL,within_batch_mean_centered,pearson,qd100_qc,qd_early_std,119,-0.18241928329003385
eol_compatible,ALL,none,pearson,qd100_qc,qd_early_median,119,0.9870818698451815
eol_compatible,ALL,none,spearman,qd100_qc,qd_early_median,119,0.9884062099416039
eol_compatible,ALL,within_batch_mean_centered,pearson,qd100_qc,qd_early_median,119,0.9656662790486785
eol_compatible,ALL,none,pearson,qd100_qc,qd2,119,0.9512156122245067
eol_compatible,ALL,none,spearman,qd100_qc,qd2,119,0.9617148554336991
eol_compatible,ALL,within_batch_mean_centered,pearson,qd100_qc,qd2,119,0.8610714625720515
eol_compatible,ALL,none,pearson,qd100_qc,qd_delta_100_2,119,0.4448899367247986
eol_compatible,ALL,none,spearman,qd100_qc,qd_delta_100_2,119,0.3638441817404929
eol_compatible,ALL,within_batch_mean_centered,pearson,qd100_qc,qd_delta_100_2,119,0.5425548995858733
eol_compatible,ALL,none,pearson,qd100_qc,qd_early_slope,119,0.45132418244676187
eol_compatible,ALL,none,spearman,qd100_qc,qd_early_slope,119,0.35697194131890053
eol_compatible,ALL,within_batch_mean_centered,pearson,qd100_qc,qd_early_slope,119,0.5223171028342155
eol_compatible,ALL,none,pearson,qd100_qc,tavg_early_mean,119,-0.5033249935708494
eol_compatible,ALL,none,spearman,qd100_qc,tavg_early_mean,119,-0.45198689645349677
eol_compatible,ALL,within_batch_mean_centered,pearson,qd100_qc,tavg_early_mean,119,-0.3083632841157777
eol_compatible,ALL,none,pearson,qd100_qc,tmax_early_mean,119,-0.2896841290329526
eol_compatible,ALL,none,spearman,qd100_qc,tmax_early_mean,119,-0.26104543512320183
eol_compatible,ALL,within_batch_mean_centered,pearson,qd100_qc,tmax_early_mean,119,-0.26955986775041396
eol_compatible,ALL,none,pearson,qd100_qc,qd_early_mean_qc,119,0.9882524842543046
eol_compatible,ALL,none,spearman,qd100_qc,qd_early_mean_qc,119,0.9903503774391113
eol_compatible,ALL,within_batch_mean_centered,pearson,qd100_qc,qd_early_mean_qc,119,0.9686206706714073
eol_compatible,ALL,none,pearson,qd100_qc,qd_early_std_qc,119,0.2504396799756847
eol_compatible,ALL,none,spearman,qd100_qc,qd_early_std_qc,119,0.43759435977780947
eol_compatible,ALL,within_batch_mean_centered,pearson,qd100_qc,qd_early_std_qc,119,-0.2833820693605173
eol_compatible,ALL,none,pearson,qd100_qc,qd_early_slope_qc,119,0.46812283850086067
eol_compatible,ALL,none,spearman,qd100_qc,qd_early_slope_qc,119,0.3539524284289987
eol_compatible,ALL,within_batch_mean_centered,pearson,qd100_qc,qd_early_slope_qc,119,0.5208792787056826
eol_compatible,ALL,none,pearson,qd100_qc,qd2_qc,119,0.9512156122245067
eol_compatible,ALL,none,spearman,qd100_qc,qd2_qc,119,0.9617148554336991
eol_compatible,ALL,within_batch_mean_centered,pearson,qd100_qc,qd2_qc,119,0.8610714625720515
eol_compatible,ALL,none,pearson,qd100_qc,qd_delta_100_2_qc,119,0.4448899367247986
eol_compatible,ALL,none,spearman,qd100_qc,qd_delta_100_2_qc,119,0.3638441817404929
eol_compatible,ALL,within_batch_mean_centered,pearson,qd100_qc,qd_delta_100_2_qc,119,0.5425548995858733
eol_compatible,ALL,none,pearson,qd_delta_100_2_qc,qd_early_mean,119,0.31074513177280505
eol_compatible,ALL,none,spearman,qd_delta_100_2_qc,qd_early_mean,119,0.26442814413901156
eol_compatible,ALL,within_batch_mean_centered,pearson,qd_delta_100_2_qc,qd_early_mean,119,0.3225554502402824
eol_compatible,ALL,none,pearson,qd_delta_100_2_qc,qd_early_std,119,-0.09846436261495672
eol_compatible,ALL,none,spearman,qd_delta_100_2_qc,qd_early_std,119,-0.08776527560176614
eol_compatible,ALL,within_batch_mean_centered,pearson,qd_delta_100_2_qc,qd_early_std,119,-0.12188364104951485
eol_compatible,ALL,none,pearson,qd_delta_100_2_qc,qd_early_median,119,0.31131823826474725
eol_compatible,ALL,none,spearman,qd_delta_100_2_qc,qd_early_median,119,0.27087309500071216
eol_compatible,ALL,within_batch_mean_centered,pearson,qd_delta_100_2_qc,qd_early_median,119,0.32671453510110116
eol_compatible,ALL,none,pearson,qd_delta_100_2_qc,qd_early_slope,119,0.8597062201645601
eol_compatible,ALL,none,spearman,qd_delta_100_2_qc,qd_early_slope,119,0.8672696197122917
eol_compatible,ALL,within_batch_mean_centered,pearson,qd_delta_100_2_qc,qd_early_slope,119,0.867777553555624
eol_compatible,ALL,none,pearson,qd_delta_100_2_qc,tavg_early_mean,119,-0.23049701806209677
eol_compatible,ALL,none,spearman,qd_delta_100_2_qc,tavg_early_mean,119,-0.30914399658168357
eol_compatible,ALL,within_batch_mean_centered,pearson,qd_delta_100_2_qc,tavg_early_mean,119,-0.1705411691150889
eol_compatible,ALL,none,pearson,qd_delta_100_2_qc,tmax_early_mean,119,-0.1516184686173364
eol_compatible,ALL,none,spearman,qd_delta_100_2_qc,tmax_early_mean,119,-0.19557755305512037
eol_compatible,ALL,within_batch_mean_centered,pearson,qd_delta_100_2_qc,tmax_early_mean,119,-0.1236152758721128
eol_compatible,ALL,none,pearson,qd_delta_100_2_qc,qd_early_mean_qc,119,0.3161324376787855
eol_compatible,ALL,none,spearman,qd_delta_100_2_qc,qd_early_mean_qc,119,0.2805939324882496
eol_compatible,ALL,within_batch_mean_centered,pearson,qd_delta_100_2_qc,qd_early_mean_qc,119,0.3324263759231567
eol_compatible,ALL,none,pearson,qd_delta_100_2_qc,qd_early_std_qc,119,-0.25679683639481493
eol_compatible,ALL,none,spearman,qd_delta_100_2_qc,qd_early_std_qc,119,-0.07459051417177041
eol_compatible,ALL,within_batch_mean_centered,pearson,qd_delta_100_2_qc,qd_early_std_qc,119,-0.38288940684834843
eol_compatible,ALL,none,pearson,qd_delta_100_2_qc,qd_early_slope_qc,119,0.9345475891772794
eol_compatible,ALL,none,spearman,qd_delta_100_2_qc,qd_early_slope_qc,119,0.8677966101694916
eol_compatible,ALL,within_batch_mean_centered,pearson,qd_delta_100_2_qc,qd_early_slope_qc,119,0.9391756918708647
eol_compatible,B1,none,pearson,qd_early_mean,qd_early_std,36,0.0961466479816955
eol_compatible,B1,none,spearman,qd_early_mean,qd_early_std,36,-0.05791505791505792
eol_compatible,B1,none,pearson,qd_early_mean,qd_early_median,36,0.9254921864574922
eol_compatible,B1,none,spearman,qd_early_mean,qd_early_median,36,0.9263835263835265
eol_compatible,B1,none,pearson,qd_early_mean,qd_early_slope,36,-0.10526484226586541
eol_compatible,B1,none,spearman,qd_early_mean,qd_early_slope,36,-0.3335907335907336
eol_compatible,B1,none,pearson,qd_early_mean,tavg_early_mean,36,-0.16514788783075984
eol_compatible,B1,none,spearman,qd_early_mean,tavg_early_mean,36,-0.09034749034749036
eol_compatible,B1,none,pearson,qd_early_mean,tmax_early_mean,36,-0.16049322981060093
eol_compatible,B1,none,spearman,qd_early_mean,tmax_early_mean,36,0.00025740025740025744
eol_compatible,B1,none,pearson,qd_early_mean,qd_early_mean_qc,36,0.9249295225011883
eol_compatible,B1,none,spearman,qd_early_mean,qd_early_mean_qc,36,0.928957528957529
eol_compatible,B1,none,pearson,qd_early_mean,qd_early_std_qc,36,-0.28974706848051
eol_compatible,B1,none,spearman,qd_early_mean,qd_early_std_qc,36,-0.06563706563706564
eol_compatible,B1,none,pearson,qd_early_mean,qd_early_slope_qc,36,-0.05483660203579113
eol_compatible,B1,none,spearman,qd_early_mean,qd_early_slope_qc,36,-0.3258687258687259
eol_compatible,B1,none,pearson,qd_early_std,tavg_early_mean,36,-0.21190651512423672
eol_compatible,B1,none,spearman,qd_early_std,tavg_early_mean,36,-0.3516087516087516
eol_compatible,B1,none,pearson,qd_early_std,tmax_early_mean,36,-0.08781667741068105
eol_compatible,B1,none,spearman,qd_early_std,tmax_early_mean,36,-0.24890604890604892
eol_compatible,B1,none,pearson,qd_early_std,qd_early_std_qc,36,0.19552142405953837
eol_compatible,B1,none,spearman,qd_early_std,qd_early_std_qc,36,0.9992277992277993
eol_compatible,B1,none,pearson,qd_early_median,qd_early_std,36,-0.2869004394510761
eol_compatible,B1,none,spearman,qd_early_median,qd_early_std,36,-0.1552123552123552
eol_compatible,B1,none,pearson,qd_early_median,qd_early_slope,36,0.21276624426762286
eol_compatible,B1,none,spearman,qd_early_median,qd_early_slope,36,-0.24041184041184044
eol_compatible,B1,none,pearson,qd_early_median,tavg_early_mean,36,-0.08297267457433655
eol_compatible,B1,none,spearman,qd_early_median,tavg_early_mean,36,0.01595881595881596
eol_compatible,B1,none,pearson,qd_early_median,tmax_early_mean,36,-0.12386056018094828
eol_compatible,B1,none,spearman,qd_early_median,tmax_early_mean,36,0.07104247104247104
eol_compatible,B1,none,pearson,qd_early_median,qd_early_std_qc,36,-0.3269721518473516
eol_compatible,B1,none,spearman,qd_early_median,qd_early_std_qc,36,-0.14954954954954955
eol_compatible,B1,none,pearson,qd_early_median,qd_early_slope_qc,36,0.012501926457691437
eol_compatible,B1,none,spearman,qd_early_median,qd_early_slope_qc,36,-0.2460746460746461
eol_compatible,B1,none,pearson,qd2,qd_early_mean,36,0.9206242161882173
eol_compatible,B1,none,spearman,qd2,qd_early_mean,36,0.9078507078507079
eol_compatible,B1,none,pearson,qd2,qd_early_std,36,-0.24684979629053905
eol_compatible,B1,none,spearman,qd2,qd_early_std,36,-0.1541827541827542
eol_compatible,B1,none,pearson,qd2,qd_early_median,36,0.9826682948937748
eol_compatible,B1,none,spearman,qd2,qd_early_median,36,0.9853281853281853
eol_compatible,B1,none,pearson,qd2,qd_delta_100_2,36,-0.18047599355192143
eol_compatible,B1,none,spearman,qd2,qd_delta_100_2,36,-0.3552123552123553
eol_compatible,B1,none,pearson,qd2,qd_early_slope,36,0.09056791524765104
eol_compatible,B1,none,spearman,qd2,qd_early_slope,36,-0.33770913770913774
eol_compatible,B1,none,pearson,qd2,tavg_early_mean,36,-0.08688821867317721
eol_compatible,B1,none,spearman,qd2,tavg_early_mean,36,0.03371943371943372
eol_compatible,B1,none,pearson,qd2,tmax_early_mean,36,-0.13999813610896036
eol_compatible,B1,none,spearman,qd2,tmax_early_mean,36,0.0712998712998713
eol_compatible,B1,none,pearson,qd2,qd_early_mean_qc,36,0.9806271905501274
eol_compatible,B1,none,spearman,qd2,qd_early_mean_qc,36,0.9794079794079794
eol_compatible,B1,none,pearson,qd2,qd_early_std_qc,36,-0.21621303949947962
eol_compatible,B1,none,spearman,qd2,qd_early_std_qc,36,-0.14671814671814673
eol_compatible,B1,none,pearson,qd2,qd_early_slope_qc,36,-0.16152360618679149
eol_compatible,B1,none,spearman,qd2,qd_early_slope_qc,36,-0.34517374517374516
eol_compatible,B1,none,pearson,qd2,qd2_qc,36,1.0
eol_compatible,B1,none,spearman,qd2,qd2_qc,36,1.0
eol_compatible,B1,none,pearson,qd2,qd_delta_100_2_qc,36,-0.18047599355192143
eol_compatible,B1,none,spearman,qd2,qd_delta_100_2_qc,36,-0.3552123552123553
eol_compatible,B1,none,pearson,qd100,qd_early_mean,36,0.8916310335230087
eol_compatible,B1,none,spearman,qd100,qd_early_mean,36,0.9037323037323038
eol_compatible,B1,none,pearson,qd100,qd_early_std,36,-0.3275142042666866
eol_compatible,B1,none,spearman,qd100,qd_early_std,36,-0.24453024453024458
eol_compatible,B1,none,pearson,qd100,qd_early_median,36,0.9777256674880804
eol_compatible,B1,none,spearman,qd100,qd_early_median,36,0.9606177606177606
eol_compatible,B1,none,pearson,qd100,qd2,36,0.9278144353567603
eol_compatible,B1,none,spearman,qd100,qd2,36,0.9315315315315315
eol_compatible,B1,none,pearson,qd100,qd_delta_100_2,36,0.1994682430647134
eol_compatible,B1,none,spearman,qd100,qd_delta_100_2,36,-0.12097812097812098
eol_compatible,B1,none,pearson,qd100,qd_early_slope,36,0.35048223700489317
eol_compatible,B1,none,spearman,qd100,qd_early_slope,36,-0.10321750321750323
eol_compatible,B1,none,pearson,qd100,tavg_early_mean,36,-0.051035884024558276
eol_compatible,B1,none,spearman,qd100,tavg_early_mean,36,-0.01595881595881596
eol_compatible,B1,none,pearson,qd100,tmax_early_mean,36,-0.0947708220640408
eol_compatible,B1,none,spearman,qd100,tmax_early_mean,36,0.024453024453024455
eol_compatible,B1,none,pearson,qd100,qd_early_mean_qc,36,0.9812474203468804
eol_compatible,B1,none,spearman,qd100,qd_early_mean_qc,36,0.9745173745173745
eol_compatible,B1,none,pearson,qd100,qd_early_std_qc,36,-0.49801848563173967
eol_compatible,B1,none,spearman,qd100,qd_early_std_qc,36,-0.24324324324324326
eol_compatible,B1,none,pearson,qd100,qd_early_slope_qc,36,0.21613705627309068
eol_compatible,B1,none,spearman,qd100,qd_early_slope_qc,36,-0.1045045045045045
eol_compatible,B1,none,pearson,qd100,qd2_qc,36,0.9278144353567603
eol_compatible,B1,none,spearman,qd100,qd2_qc,36,0.9315315315315315
eol_compatible,B1,none,pearson,qd100,qd100_qc,36,1.0
eol_compatible,B1,none,spearman,qd100,qd100_qc,36,1.0
eol_compatible,B1,none,pearson,qd100,qd_delta_100_2_qc,36,0.1994682430647134
eol_compatible,B1,none,spearman,qd100,qd_delta_100_2_qc,36,-0.12097812097812098
eol_compatible,B1,none,pearson,qd_delta_100_2,qd_early_mean,36,-0.0673750106682251
eol_compatible,B1,none,spearman,qd_delta_100_2,qd_early_mean,36,-0.32972972972972975
eol_compatible,B1,none,pearson,qd_delta_100_2,qd_early_std,36,-0.2151152818903467
eol_compatible,B1,none,spearman,qd_delta_100_2,qd_early_std,36,-0.068983268983269
eol_compatible,B1,none,pearson,qd_delta_100_2,qd_early_median,36,-0.003350999580963715
eol_compatible,B1,none,spearman,qd_delta_100_2,qd_early_median,36,-0.24967824967824967
eol_compatible,B1,none,pearson,qd_delta_100_2,qd_early_slope,36,0.68619399255484
eol_compatible,B1,none,spearman,qd_delta_100_2,qd_early_slope,36,0.9719433719433721
eol_compatible,B1,none,pearson,qd_delta_100_2,tavg_early_mean,36,0.09367387501420026
eol_compatible,B1,none,spearman,qd_delta_100_2,tavg_early_mean,36,-0.04478764478764479
eol_compatible,B1,none,pearson,qd_delta_100_2,tmax_early_mean,36,0.11786914270459997
eol_compatible,B1,none,spearman,qd_delta_100_2,tmax_early_mean,36,0.031145431145431144
eol_compatible,B1,none,pearson,qd_delta_100_2,qd_early_mean_qc,36,0.0112961705812189
eol_compatible,B1,none,spearman,qd_delta_100_2,qd_early_mean_qc,36,-0.23346203346203348
eol_compatible,B1,none,pearson,qd_delta_100_2,qd_early_std_qc,36,-0.7451509298536254
eol_compatible,B1,none,spearman,qd_delta_100_2,qd_early_std_qc,36,-0.06975546975546977
eol_compatible,B1,none,pearson,qd_delta_100_2,qd_early_slope_qc,36,0.9941657393116814
eol_compatible,B1,none,spearman,qd_delta_100_2,qd_early_slope_qc,36,0.9727155727155729
eol_compatible,B1,none,pearson,qd_delta_100_2,qd_delta_100_2_qc,36,1.0
eol_compatible,B1,none,spearman,qd_delta_100_2,qd_delta_100_2_qc,36,1.0
eol_compatible,B1,none,pearson,qd_early_slope,qd_early_std,36,-0.8557809573791629
eol_compatible,B1,none,spearman,qd_early_slope,qd_early_std,36,-0.1052767052767053
eol_compatible,B1,none,pearson,qd_early_slope,tavg_early_mean,36,0.20188466640467237
eol_compatible,B1,none,spearman,qd_early_slope,tavg_early_mean,36,-0.05637065637065637
eol_compatible,B1,none,pearson,qd_early_slope,tmax_early_mean,36,0.12381020474716775
eol_compatible,B1,none,spearman,qd_early_slope,tmax_early_mean,36,0.0036036036036036037
eol_compatible,B1,none,pearson,qd_early_slope,qd_early_std_qc,36,-0.5365834677997616
eol_compatible,B1,none,spearman,qd_early_slope,qd_early_std_qc,36,-0.1045045045045045
eol_compatible,B1,none,pearson,qd_early_slope,qd_early_slope_qc,36,0.6970430338459346
eol_compatible,B1,none,spearman,qd_early_slope,qd_early_slope_qc,36,0.9992277992277993
eol_compatible,B1,none,pearson,ir_early_mean,qd_early_mean,36,0.2185880748798284
eol_compatible,B1,none,spearman,ir_early_mean,qd_early_mean,36,0.16473616473616473
eol_compatible,B1,none,pearson,ir_early_mean,qd_early_std,36,0.4811687736147042
eol_compatible,B1,none,spearman,ir_early_mean,qd_early_std,36,-0.04118404118404118
eol_compatible,B1,none,pearson,ir_early_mean,qd_early_median,36,0.012271840551037083
eol_compatible,B1,none,spearman,ir_early_mean,qd_early_median,36,0.03294723294723295
eol_compatible,B1,none,pearson,ir_early_mean,qd2,36,-0.06850552894980624
eol_compatible,B1,none,spearman,ir_early_mean,qd2,36,-0.031660231660231665
eol_compatible,B1,none,pearson,ir_early_mean,qd100,36,0.11293509412862421
eol_compatible,B1,none,spearman,ir_early_mean,qd100,36,0.11608751608751611
eol_compatible,B1,none,pearson,ir_early_mean,qd_delta_100_2,36,0.47771957922896435
eol_compatible,B1,none,spearman,ir_early_mean,qd_delta_100_2,36,0.35392535392535396
eol_compatible,B1,none,pearson,ir_early_mean,qd_early_slope,36,-0.1108011699497785
eol_compatible,B1,none,spearman,ir_early_mean,qd_early_slope,36,0.3433719433719434
eol_compatible,B1,none,pearson,ir_early_mean,ir_early_slope,36,-0.44366187534249246
eol_compatible,B1,none,spearman,ir_early_mean,ir_early_slope,36,0.024710424710424714
eol_compatible,B1,none,pearson,ir_early_mean,ir_zero_fraction_early,36,-0.4597153553327057
eol_compatible,B1,none,spearman,ir_early_mean,ir_zero_fraction_early,36,-0.3372231215670624
eol_compatible,B1,none,pearson,ir_early_mean,tavg_early_mean,36,-0.20031473619219692
eol_compatible,B1,none,spearman,ir_early_mean,tavg_early_mean,36,-0.2893178893178894
eol_compatible,B1,none,pearson,ir_early_mean,ir_missing_fraction_early,36,-0.4597153553327057
eol_compatible,B1,none,spearman,ir_early_mean,ir_missing_fraction_early,36,-0.3372231215670624
eol_compatible,B1,none,pearson,ir_early_mean,tmax_early_mean,36,-0.10867466271351252
eol_compatible,B1,none,spearman,ir_early_mean,tmax_early_mean,36,-0.1631917631917632
eol_compatible,B1,none,pearson,ir_early_mean,qd_early_mean_qc,36,0.022375357160286158
eol_compatible,B1,none,spearman,ir_early_mean,qd_early_mean_qc,36,0.05070785070785071
eol_compatible,B1,none,pearson,ir_early_mean,qd_early_std_qc,36,-0.4464879517191479
eol_compatible,B1,none,spearman,ir_early_mean,qd_early_std_qc,36,-0.058944658944658945
eol_compatible,B1,none,pearson,ir_early_mean,qd_early_slope_qc,36,0.4617673328846149
eol_compatible,B1,none,spearman,ir_early_mean,qd_early_slope_qc,36,0.36113256113256115
eol_compatible,B1,none,pearson,ir_early_mean,qd2_qc,36,-0.06850552894980624
eol_compatible,B1,none,spearman,ir_early_mean,qd2_qc,36,-0.031660231660231665
eol_compatible,B1,none,pearson,ir_early_mean,qd100_qc,36,0.11293509412862421
eol_compatible,B1,none,spearman,ir_early_mean,qd100_qc,36,0.11608751608751611
eol_compatible,B1,none,pearson,ir_early_mean,qd_delta_100_2_qc,36,0.47771957922896435
eol_compatible,B1,none,spearman,ir_early_mean,qd_delta_100_2_qc,36,0.35392535392535396
eol_compatible,B1,none,pearson,ir_change_100_2,qd_early_mean,36,-0.010557137013168162
eol_compatible,B1,none,spearman,ir_change_100_2,qd_early_mean,36,0.10888030888030889
eol_compatible,B1,none,pearson,ir_change_100_2,qd_early_std,36,-0.979297399403065
eol_compatible,B1,none,spearman,ir_change_100_2,qd_early_std,36,-0.6084942084942085
eol_compatible,B1,none,pearson,ir_change_100_2,qd_early_median,36,0.35766124265399496
eol_compatible,B1,none,spearman,ir_change_100_2,qd_early_median,36,0.20694980694980697
eol_compatible,B1,none,pearson,ir_change_100_2,qd2,36,0.31327559729252086
eol_compatible,B1,none,spearman,ir_change_100_2,qd2,36,0.22419562419562422
eol_compatible,B1,none,pearson,ir_change_100_2,qd100,36,0.41532585639431474
eol_compatible,B1,none,spearman,ir_change_100_2,qd100,36,0.23912483912483914
eol_compatible,B1,none,pearson,ir_change_100_2,qd_delta_100_2,36,0.2721565820960614
eol_compatible,B1,none,spearman,ir_change_100_2,qd_delta_100_2,36,-0.17915057915057916
eol_compatible,B1,none,pearson,ir_change_100_2,qd_early_slope,36,0.8717097273052752
eol_compatible,B1,none,spearman,ir_change_100_2,qd_early_slope,36,-0.19922779922779926
eol_compatible,B1,none,pearson,ir_change_100_2,ir_early_mean,36,-0.3925234988139684
eol_compatible,B1,none,spearman,ir_change_100_2,ir_early_mean,36,-0.0010296010296010297
eol_compatible,B1,none,pearson,ir_change_100_2,ir_early_slope,36,0.9937926404713292
eol_compatible,B1,none,spearman,ir_change_100_2,ir_early_slope,36,0.9819819819819822
eol_compatible,B1,none,pearson,ir_change_100_2,ir_zero_fraction_early,36,-0.07451221045742952
eol_compatible,B1,none,spearman,ir_change_100_2,ir_zero_fraction_early,36,-0.5165971224006062
eol_compatible,B1,none,pearson,ir_change_100_2,tavg_early_mean,36,0.25549215878860765
eol_compatible,B1,none,spearman,ir_change_100_2,tavg_early_mean,36,0.355984555984556
eol_compatible,B1,none,pearson,ir_change_100_2,ir_missing_fraction_early,36,-0.07451221045742952
eol_compatible,B1,none,spearman,ir_change_100_2,ir_missing_fraction_early,36,-0.5165971224006062
eol_compatible,B1,none,pearson,ir_change_100_2,tmax_early_mean,36,0.11566518700281099
eol_compatible,B1,none,spearman,ir_change_100_2,tmax_early_mean,36,0.22934362934362934
eol_compatible,B1,none,pearson,ir_change_100_2,qd_early_mean_qc,36,0.3627285072272129
eol_compatible,B1,none,spearman,ir_change_100_2,qd_early_mean_qc,36,0.22162162162162163
eol_compatible,B1,none,pearson,ir_change_100_2,qd_early_std_qc,36,-0.3410054472034334
eol_compatible,B1,none,spearman,ir_change_100_2,qd_early_std_qc,36,-0.6069498069498069
eol_compatible,B1,none,pearson,ir_change_100_2,qd_early_slope_qc,36,0.28745779859364606
eol_compatible,B1,none,spearman,ir_change_100_2,qd_early_slope_qc,36,-0.2007722007722008
eol_compatible,B1,none,pearson,ir_change_100_2,qd2_qc,36,0.31327559729252086
eol_compatible,B1,none,spearman,ir_change_100_2,qd2_qc,36,0.22419562419562422
eol_compatible,B1,none,pearson,ir_change_100_2,qd100_qc,36,0.41532585639431474
eol_compatible,B1,none,spearman,ir_change_100_2,qd100_qc,36,0.23912483912483914
eol_compatible,B1,none,pearson,ir_change_100_2,qd_delta_100_2_qc,36,0.2721565820960614
eol_compatible,B1,none,spearman,ir_change_100_2,qd_delta_100_2_qc,36,-0.17915057915057916
eol_compatible,B1,none,pearson,ir_early_slope,qd_early_mean,36,-0.06786933223687094
eol_compatible,B1,none,spearman,ir_early_slope,qd_early_mean,36,0.07516087516087518
eol_compatible,B1,none,pearson,ir_early_slope,qd_early_std,36,-0.9945146367475131
eol_compatible,B1,none,spearman,ir_early_slope,qd_early_std,36,-0.6787644787644789
eol_compatible,B1,none,pearson,ir_early_slope,qd_early_median,36,0.31027853458289584
eol_compatible,B1,none,spearman,ir_early_slope,qd_early_median,36,0.17503217503217505
eol_compatible,B1,none,pearson,ir_early_slope,qd2,36,0.26869507599969567
eol_compatible,B1,none,spearman,ir_early_slope,qd2,36,0.19562419562419564
eol_compatible,B1,none,pearson,ir_early_slope,qd100,36,0.35888199594571824
eol_compatible,B1,none,spearman,ir_early_slope,qd100,36,0.20823680823680826
eol_compatible,B1,none,pearson,ir_early_slope,qd_delta_100_2,36,0.24043797669079844
eol_compatible,B1,none,spearman,ir_early_slope,qd_delta_100_2,36,-0.1536679536679537
eol_compatible,B1,none,pearson,ir_early_slope,qd_early_slope,36,0.8646146676209975
eol_compatible,B1,none,spearman,ir_early_slope,qd_early_slope,36,-0.16473616473616473
eol_compatible,B1,none,pearson,ir_early_slope,ir_zero_fraction_early,36,-0.0028826178757663107
eol_compatible,B1,none,spearman,ir_early_slope,ir_zero_fraction_early,36,-0.5309470424672897
eol_compatible,B1,none,pearson,ir_early_slope,tavg_early_mean,36,0.24562857123793996
eol_compatible,B1,none,spearman,ir_early_slope,tavg_early_mean,36,0.39021879021879025
eol_compatible,B1,none,pearson,ir_early_slope,ir_missing_fraction_early,36,-0.0028826178757663107
eol_compatible,B1,none,spearman,ir_early_slope,ir_missing_fraction_early,36,-0.5309470424672897
eol_compatible,B1,none,pearson,ir_early_slope,tmax_early_mean,36,0.11234408438112489
eol_compatible,B1,none,spearman,ir_early_slope,tmax_early_mean,36,0.2658944658944659
eol_compatible,B1,none,pearson,ir_early_slope,qd_early_mean_qc,36,0.3139543959150297
eol_compatible,B1,none,spearman,ir_early_slope,qd_early_mean_qc,36,0.1891891891891892
eol_compatible,B1,none,pearson,ir_early_slope,qd_early_std_qc,36,-0.2638050806805766
eol_compatible,B1,none,spearman,ir_early_slope,qd_early_std_qc,36,-0.676962676962677
eol_compatible,B1,none,pearson,ir_early_slope,qd_early_slope_qc,36,0.25145543240903223
eol_compatible,B1,none,spearman,ir_early_slope,qd_early_slope_qc,36,-0.16653796653796654
eol_compatible,B1,none,pearson,ir_early_slope,qd2_qc,36,0.26869507599969567
eol_compatible,B1,none,spearman,ir_early_slope,qd2_qc,36,0.19562419562419564
eol_compatible,B1,none,pearson,ir_early_slope,qd100_qc,36,0.35888199594571824
eol_compatible,B1,none,spearman,ir_early_slope,qd100_qc,36,0.20823680823680826
eol_compatible,B1,none,pearson,ir_early_slope,qd_delta_100_2_qc,36,0.24043797669079844
eol_compatible,B1,none,spearman,ir_early_slope,qd_delta_100_2_qc,36,-0.1536679536679537
eol_compatible,B1,none,pearson,ir_zero_fraction_early,qd_early_mean,36,-0.1412293792592152
eol_compatible,B1,none,spearman,ir_zero_fraction_early,qd_early_mean,36,-0.07174960033341753
eol_compatible,B1,none,pearson,ir_zero_fraction_early,qd_early_std,36,-0.06222635041878363
eol_compatible,B1,none,spearman,ir_zero_fraction_early,qd_early_std,36,0.49507224230058094
eol_compatible,B1,none,pearson,ir_zero_fraction_early,qd_early_median,36,-0.09357849973896268
eol_compatible,B1,none,spearman,ir_zero_fraction_early,qd_early_median,36,-0.021524880100025255
eol_compatible,B1,none,pearson,ir_zero_fraction_early,qd2,36,-0.07223645825630523
eol_compatible,B1,none,spearman,ir_zero_fraction_early,qd2,36,-0.014349920066683505
eol_compatible,B1,none,pearson,ir_zero_fraction_early,qd100,36,-0.1867538106936668
eol_compatible,B1,none,spearman,ir_zero_fraction_early,qd100,36,-0.1363242406334933
eol_compatible,B1,none,pearson,ir_zero_fraction_early,qd_delta_100_2,36,-0.3026532336057143
eol_compatible,B1,none,spearman,ir_zero_fraction_early,qd_delta_100_2,36,0.0
eol_compatible,B1,none,pearson,ir_zero_fraction_early,qd_early_slope,36,-0.11511279885017171
eol_compatible,B1,none,spearman,ir_zero_fraction_early,qd_early_slope,36,0.021524880100025255
eol_compatible,B1,none,pearson,ir_zero_fraction_early,tavg_early_mean,36,-0.19667132085720915
eol_compatible,B1,none,spearman,ir_zero_fraction_early,tavg_early_mean,36,-0.2726484812669866
eol_compatible,B1,none,pearson,ir_zero_fraction_early,tmax_early_mean,36,-0.08937301869470864
eol_compatible,B1,none,spearman,ir_zero_fraction_early,tmax_early_mean,36,-0.20807384096691084
eol_compatible,B1,none,pearson,ir_zero_fraction_early,qd_early_mean_qc,36,-0.1072935136485073
eol_compatible,B1,none,spearman,ir_zero_fraction_early,qd_early_mean_qc,36,-0.05022472023339228
eol_compatible,B1,none,pearson,ir_zero_fraction_early,qd_early_std_qc,36,0.5944203537231171
eol_compatible,B1,none,spearman,ir_zero_fraction_early,qd_early_std_qc,36,0.5094221623672645
eol_compatible,B1,none,pearson,ir_zero_fraction_early,qd_early_slope_qc,36,-0.3140851114904038
eol_compatible,B1,none,spearman,ir_zero_fraction_early,qd_early_slope_qc,36,0.007174960033341752
eol_compatible,B1,none,pearson,ir_zero_fraction_early,qd2_qc,36,-0.07223645825630523
eol_compatible,B1,none,spearman,ir_zero_fraction_early,qd2_qc,36,-0.014349920066683505
eol_compatible,B1,none,pearson,ir_zero_fraction_early,qd100_qc,36,-0.1867538106936668
eol_compatible,B1,none,spearman,ir_zero_fraction_early,qd100_qc,36,-0.1363242406334933
eol_compatible,B1,none,pearson,ir_zero_fraction_early,qd_delta_100_2_qc,36,-0.3026532336057143
eol_compatible,B1,none,spearman,ir_zero_fraction_early,qd_delta_100_2_qc,36,0.0
eol_compatible,B1,none,pearson,tavg_early_mean,tmax_early_mean,36,0.9528482986315477
eol_compatible,B1,none,spearman,tavg_early_mean,tmax_early_mean,36,0.9395109395109394
eol_compatible,B1,none,pearson,ir_missing_fraction_early,qd_early_mean,36,-0.1412293792592152
eol_compatible,B1,none,spearman,ir_missing_fraction_early,qd_early_mean,36,-0.07174960033341753
eol_compatible,B1,none,pearson,ir_missing_fraction_early,qd_early_std,36,-0.06222635041878363
eol_compatible,B1,none,spearman,ir_missing_fraction_early,qd_early_std,36,0.49507224230058094
eol_compatible,B1,none,pearson,ir_missing_fraction_early,qd_early_median,36,-0.09357849973896268
eol_compatible,B1,none,spearman,ir_missing_fraction_early,qd_early_median,36,-0.021524880100025255
eol_compatible,B1,none,pearson,ir_missing_fraction_early,qd2,36,-0.07223645825630523
eol_compatible,B1,none,spearman,ir_missing_fraction_early,qd2,36,-0.014349920066683505
eol_compatible,B1,none,pearson,ir_missing_fraction_early,qd100,36,-0.1867538106936668
eol_compatible,B1,none,spearman,ir_missing_fraction_early,qd100,36,-0.1363242406334933
eol_compatible,B1,none,pearson,ir_missing_fraction_early,qd_delta_100_2,36,-0.3026532336057143
eol_compatible,B1,none,spearman,ir_missing_fraction_early,qd_delta_100_2,36,0.0
eol_compatible,B1,none,pearson,ir_missing_fraction_early,qd_early_slope,36,-0.11511279885017171
eol_compatible,B1,none,spearman,ir_missing_fraction_early,qd_early_slope,36,0.021524880100025255
eol_compatible,B1,none,pearson,ir_missing_fraction_early,ir_zero_fraction_early,36,0.9999999999999998
eol_compatible,B1,none,spearman,ir_missing_fraction_early,ir_zero_fraction_early,36,1.0
eol_compatible,B1,none,pearson,ir_missing_fraction_early,tavg_early_mean,36,-0.19667132085720915
eol_compatible,B1,none,spearman,ir_missing_fraction_early,tavg_early_mean,36,-0.2726484812669866
eol_compatible,B1,none,pearson,ir_missing_fraction_early,tmax_early_mean,36,-0.08937301869470864
eol_compatible,B1,none,spearman,ir_missing_fraction_early,tmax_early_mean,36,-0.20807384096691084
eol_compatible,B1,none,pearson,ir_missing_fraction_early,qd_early_mean_qc,36,-0.1072935136485073
eol_compatible,B1,none,spearman,ir_missing_fraction_early,qd_early_mean_qc,36,-0.05022472023339228
eol_compatible,B1,none,pearson,ir_missing_fraction_early,qd_early_std_qc,36,0.5944203537231171
eol_compatible,B1,none,spearman,ir_missing_fraction_early,qd_early_std_qc,36,0.5094221623672645
eol_compatible,B1,none,pearson,ir_missing_fraction_early,qd_early_slope_qc,36,-0.3140851114904038
eol_compatible,B1,none,spearman,ir_missing_fraction_early,qd_early_slope_qc,36,0.007174960033341752
eol_compatible,B1,none,pearson,ir_missing_fraction_early,qd2_qc,36,-0.07223645825630523
eol_compatible,B1,none,spearman,ir_missing_fraction_early,qd2_qc,36,-0.014349920066683505
eol_compatible,B1,none,pearson,ir_missing_fraction_early,qd100_qc,36,-0.1867538106936668
eol_compatible,B1,none,spearman,ir_missing_fraction_early,qd100_qc,36,-0.1363242406334933
eol_compatible,B1,none,pearson,ir_missing_fraction_early,qd_delta_100_2_qc,36,-0.3026532336057143
eol_compatible,B1,none,spearman,ir_missing_fraction_early,qd_delta_100_2_qc,36,0.0
eol_compatible,B1,none,pearson,chargetime_early_mean,qd_early_mean,36,-0.355484731546167
eol_compatible,B1,none,spearman,chargetime_early_mean,qd_early_mean,36,-0.3742599742599743
eol_compatible,B1,none,pearson,chargetime_early_mean,qd_early_std,36,-0.14233942541762037
eol_compatible,B1,none,spearman,chargetime_early_mean,qd_early_std,36,-0.28288288288288294
eol_compatible,B1,none,pearson,chargetime_early_mean,qd_early_median,36,-0.29675770473373914
eol_compatible,B1,none,spearman,chargetime_early_mean,qd_early_median,36,-0.294980694980695
eol_compatible,B1,none,pearson,chargetime_early_mean,qd2,36,-0.3894837656265058
eol_compatible,B1,none,spearman,chargetime_early_mean,qd2,36,-0.3472329472329473
eol_compatible,B1,none,pearson,chargetime_early_mean,qd100,36,-0.17778291027889473
eol_compatible,B1,none,spearman,chargetime_early_mean,qd100,36,-0.16962676962676965
eol_compatible,B1,none,pearson,chargetime_early_mean,qd_delta_100_2,36,0.55434288195425
eol_compatible,B1,none,spearman,chargetime_early_mean,qd_delta_100_2,36,0.5992277992277991
eol_compatible,B1,none,pearson,chargetime_early_mean,qd_early_slope,36,0.41251810882610085
eol_compatible,B1,none,spearman,chargetime_early_mean,qd_early_slope,36,0.5935649935649936
eol_compatible,B1,none,pearson,chargetime_early_mean,ir_early_mean,36,0.249001803933276
eol_compatible,B1,none,spearman,chargetime_early_mean,ir_early_mean,36,0.25250965250965257
eol_compatible,B1,none,pearson,chargetime_early_mean,ir_change_100_2,36,0.1301845691014208
eol_compatible,B1,none,spearman,chargetime_early_mean,ir_change_100_2,36,0.1287001287001287
eol_compatible,B1,none,pearson,chargetime_early_mean,ir_early_slope,36,0.12996753579080028
eol_compatible,B1,none,spearman,chargetime_early_mean,ir_early_slope,36,0.16293436293436295
eol_compatible,B1,none,pearson,chargetime_early_mean,ir_zero_fraction_early,36,-0.3450675329034969
eol_compatible,B1,none,spearman,chargetime_early_mean,ir_zero_fraction_early,36,-0.4304976020005052
eol_compatible,B1,none,pearson,chargetime_early_mean,tavg_early_mean,36,-0.004786615699371277
eol_compatible,B1,none,spearman,chargetime_early_mean,tavg_early_mean,36,0.17812097812097816
eol_compatible,B1,none,pearson,chargetime_early_mean,ir_missing_fraction_early,36,-0.3450675329034969
eol_compatible,B1,none,spearman,chargetime_early_mean,ir_missing_fraction_early,36,-0.4304976020005052
eol_compatible,B1,none,pearson,chargetime_early_mean,tmax_early_mean,36,0.00018936315663353742
eol_compatible,B1,none,spearman,chargetime_early_mean,tmax_early_mean,36,0.16113256113256116
eol_compatible,B1,none,pearson,chargetime_early_mean,chargetime_early_median,36,0.5932506062392393
eol_compatible,B1,none,spearman,chargetime_early_mean,chargetime_early_median,36,0.8697554697554698
eol_compatible,B1,none,pearson,chargetime_early_mean,chargetime_early_mean_qc,36,0.5963478529729944
eol_compatible,B1,none,spearman,chargetime_early_mean,chargetime_early_mean_qc,36,0.8782496782496784
eol_compatible,B1,none,pearson,chargetime_early_mean,qd_early_mean_qc,36,-0.2902293144330943
eol_compatible,B1,none,spearman,chargetime_early_mean,qd_early_mean_qc,36,-0.2738738738738739
eol_compatible,B1,none,pearson,chargetime_early_mean,qd_early_std_qc,36,-0.2451679339503952
eol_compatible,B1,none,spearman,chargetime_early_mean,qd_early_std_qc,36,-0.2836550836550837
eol_compatible,B1,none,pearson,chargetime_early_mean,qd_early_slope_qc,36,0.5739640184017601
eol_compatible,B1,none,spearman,chargetime_early_mean,qd_early_slope_qc,36,0.5943371943371945
eol_compatible,B1,none,pearson,chargetime_early_mean,qd2_qc,36,-0.3894837656265058
eol_compatible,B1,none,spearman,chargetime_early_mean,qd2_qc,36,-0.3472329472329473
eol_compatible,B1,none,pearson,chargetime_early_mean,qd100_qc,36,-0.17778291027889473
eol_compatible,B1,none,spearman,chargetime_early_mean,qd100_qc,36,-0.16962676962676965
eol_compatible,B1,none,pearson,chargetime_early_mean,qd_delta_100_2_qc,36,0.55434288195425
eol_compatible,B1,none,spearman,chargetime_early_mean,qd_delta_100_2_qc,36,0.5992277992277991
eol_compatible,B1,none,pearson,chargetime_early_median,qd_early_mean,36,-0.22629764355369555
eol_compatible,B1,none,spearman,chargetime_early_median,qd_early_mean,36,-0.23963963963963963
eol_compatible,B1,none,pearson,chargetime_early_median,qd_early_std,36,-0.17277643286115688
eol_compatible,B1,none,spearman,chargetime_early_median,qd_early_std,36,-0.5065637065637066
eol_compatible,B1,none,pearson,chargetime_early_median,qd_early_median,36,-0.170089263910723
eol_compatible,B1,none,spearman,chargetime_early_median,qd_early_median,36,-0.16241956241956243
eol_compatible,B1,none,pearson,chargetime_early_median,qd2,36,-0.24407776881283796
eol_compatible,B1,none,spearman,chargetime_early_median,qd2,36,-0.21184041184041183
eol_compatible,B1,none,pearson,chargetime_early_median,qd100,36,-0.034848511715527136
eol_compatible,B1,none,spearman,chargetime_early_median,qd100,36,-0.04581724581724582
eol_compatible,B1,none,pearson,chargetime_early_median,qd_delta_100_2,36,0.5492586515444369
eol_compatible,B1,none,spearman,chargetime_early_median,qd_delta_100_2,36,0.4648648648648649
eol_compatible,B1,none,pearson,chargetime_early_median,qd_early_slope,36,0.41895027810907315
eol_compatible,B1,none,spearman,chargetime_early_median,qd_early_slope,36,0.46151866151866155
eol_compatible,B1,none,pearson,chargetime_early_median,ir_early_mean,36,0.30952119873231815
eol_compatible,B1,none,spearman,chargetime_early_median,ir_early_mean,36,0.18944658944658946
eol_compatible,B1,none,pearson,chargetime_early_median,ir_change_100_2,36,0.2279755575926712
eol_compatible,B1,none,spearman,chargetime_early_median,ir_change_100_2,36,0.3021879021879022
eol_compatible,B1,none,pearson,chargetime_early_median,ir_early_slope,36,0.2003602775845077
eol_compatible,B1,none,spearman,chargetime_early_median,ir_early_slope,36,0.34929214929214936
eol_compatible,B1,none,pearson,chargetime_early_median,ir_zero_fraction_early,36,-0.42480814915314613
eol_compatible,B1,none,spearman,chargetime_early_median,ir_zero_fraction_early,36,-0.3874478418004547
eol_compatible,B1,none,pearson,chargetime_early_median,tavg_early_mean,36,0.22331910293955784
eol_compatible,B1,none,spearman,chargetime_early_median,tavg_early_mean,36,0.216988416988417
eol_compatible,B1,none,pearson,chargetime_early_median,ir_missing_fraction_early,36,-0.42480814915314613
eol_compatible,B1,none,spearman,chargetime_early_median,ir_missing_fraction_early,36,-0.3874478418004547
eol_compatible,B1,none,pearson,chargetime_early_median,tmax_early_mean,36,0.17293735909683325
eol_compatible,B1,none,spearman,chargetime_early_median,tmax_early_mean,36,0.1745173745173745
eol_compatible,B1,none,pearson,chargetime_early_median,qd_early_mean_qc,36,-0.1566828308688509
eol_compatible,B1,none,spearman,chargetime_early_median,qd_early_mean_qc,36,-0.13822393822393822
eol_compatible,B1,none,pearson,chargetime_early_median,qd_early_std_qc,36,-0.5658829029234069
eol_compatible,B1,none,spearman,chargetime_early_median,qd_early_std_qc,36,-0.5073359073359074
eol_compatible,B1,none,pearson,chargetime_early_median,qd_early_slope_qc,36,0.5540889479004262
eol_compatible,B1,none,spearman,chargetime_early_median,qd_early_slope_qc,36,0.4622908622908623
eol_compatible,B1,none,pearson,chargetime_early_median,qd2_qc,36,-0.24407776881283796
eol_compatible,B1,none,spearman,chargetime_early_median,qd2_qc,36,-0.21184041184041183
eol_compatible,B1,none,pearson,chargetime_early_median,qd100_qc,36,-0.034848511715527136
eol_compatible,B1,none,spearman,chargetime_early_median,qd100_qc,36,-0.04581724581724582
eol_compatible,B1,none,pearson,chargetime_early_median,qd_delta_100_2_qc,36,0.5492586515444369
eol_compatible,B1,none,spearman,chargetime_early_median,qd_delta_100_2_qc,36,0.4648648648648649
eol_compatible,B1,none,pearson,chargetime_early_mean_qc,qd_early_mean,36,-0.22871308777783328
eol_compatible,B1,none,spearman,chargetime_early_mean_qc,qd_early_mean,36,-0.25842985842985844
eol_compatible,B1,none,pearson,chargetime_early_mean_qc,qd_early_std,36,-0.18336543235493402
eol_compatible,B1,none,spearman,chargetime_early_mean_qc,qd_early_std,36,-0.5021879021879022
eol_compatible,B1,none,pearson,chargetime_early_mean_qc,qd_early_median,36,-0.1683143522348477
eol_compatible,B1,none,spearman,chargetime_early_mean_qc,qd_early_median,36,-0.17992277992277994
eol_compatible,B1,none,pearson,chargetime_early_mean_qc,qd2,36,-0.24291839356750558
eol_compatible,B1,none,spearman,chargetime_early_mean_qc,qd2,36,-0.2283140283140283
eol_compatible,B1,none,pearson,chargetime_early_mean_qc,qd100,36,-0.03273036974680027
eol_compatible,B1,none,spearman,chargetime_early_mean_qc,qd100,36,-0.068983268983269
eol_compatible,B1,none,pearson,chargetime_early_mean_qc,qd_delta_100_2,36,0.5517980006561671
eol_compatible,B1,none,spearman,chargetime_early_mean_qc,qd_delta_100_2,36,0.44478764478764476
eol_compatible,B1,none,pearson,chargetime_early_mean_qc,qd_early_slope,36,0.4280133589236129
eol_compatible,B1,none,spearman,chargetime_early_mean_qc,qd_early_slope,36,0.4365508365508366
eol_compatible,B1,none,pearson,chargetime_early_mean_qc,ir_early_mean,36,0.30421559372573603
eol_compatible,B1,none,spearman,chargetime_early_mean_qc,ir_early_mean,36,0.18095238095238098
eol_compatible,B1,none,pearson,chargetime_early_mean_qc,ir_change_100_2,36,0.23794556599507444
eol_compatible,B1,none,spearman,chargetime_early_mean_qc,ir_change_100_2,36,0.3132561132561133
eol_compatible,B1,none,pearson,chargetime_early_mean_qc,ir_early_slope,36,0.2105553307057065
eol_compatible,B1,none,spearman,chargetime_early_mean_qc,ir_early_slope,36,0.3608751608751609
eol_compatible,B1,none,pearson,chargetime_early_mean_qc,ir_zero_fraction_early,36,-0.42082802572233896
eol_compatible,B1,none,spearman,chargetime_early_mean_qc,ir_zero_fraction_early,36,-0.40897272190047995
eol_compatible,B1,none,pearson,chargetime_early_mean_qc,tavg_early_mean,36,0.219835960236666
eol_compatible,B1,none,spearman,chargetime_early_mean_qc,tavg_early_mean,36,0.23268983268983273
eol_compatible,B1,none,pearson,chargetime_early_mean_qc,ir_missing_fraction_early,36,-0.42082802572233896
eol_compatible,B1,none,spearman,chargetime_early_mean_qc,ir_missing_fraction_early,36,-0.40897272190047995
eol_compatible,B1,none,pearson,chargetime_early_mean_qc,tmax_early_mean,36,0.1692348435401309
eol_compatible,B1,none,spearman,chargetime_early_mean_qc,tmax_early_mean,36,0.19356499356499354
eol_compatible,B1,none,pearson,chargetime_early_mean_qc,chargetime_early_median,36,0.9995899519300104
eol_compatible,B1,none,spearman,chargetime_early_mean_qc,chargetime_early_median,36,0.9915057915057914
eol_compatible,B1,none,pearson,chargetime_early_mean_qc,qd_early_mean_qc,36,-0.15493772259599434
eol_compatible,B1,none,spearman,chargetime_early_mean_qc,qd_early_mean_qc,36,-0.1564993564993565
eol_compatible,B1,none,pearson,chargetime_early_mean_qc,qd_early_std_qc,36,-0.5645839843476187
eol_compatible,B1,none,spearman,chargetime_early_mean_qc,qd_early_std_qc,36,-0.5029601029601031
eol_compatible,B1,none,pearson,chargetime_early_mean_qc,qd_early_slope_qc,36,0.5563808933443684
eol_compatible,B1,none,spearman,chargetime_early_mean_qc,qd_early_slope_qc,36,0.4373230373230374
eol_compatible,B1,none,pearson,chargetime_early_mean_qc,qd2_qc,36,-0.24291839356750558
eol_compatible,B1,none,spearman,chargetime_early_mean_qc,qd2_qc,36,-0.2283140283140283
eol_compatible,B1,none,pearson,chargetime_early_mean_qc,qd100_qc,36,-0.03273036974680027
eol_compatible,B1,none,spearman,chargetime_early_mean_qc,qd100_qc,36,-0.068983268983269
eol_compatible,B1,none,pearson,chargetime_early_mean_qc,qd_delta_100_2_qc,36,0.5517980006561671
eol_compatible,B1,none,spearman,chargetime_early_mean_qc,qd_delta_100_2_qc,36,0.44478764478764476
eol_compatible,B1,none,pearson,qd_early_mean_qc,qd_early_std,36,-0.28936808242216655
eol_compatible,B1,none,spearman,qd_early_mean_qc,qd_early_std,36,-0.18172458172458172
eol_compatible,B1,none,pearson,qd_early_mean_qc,qd_early_median,36,0.999755983866129
eol_compatible,B1,none,spearman,qd_early_mean_qc,qd_early_median,36,0.9974259974259974
eol_compatible,B1,none,pearson,qd_early_mean_qc,qd_early_slope,36,0.2223595883538455
eol_compatible,B1,none,spearman,qd_early_mean_qc,qd_early_slope,36,-0.22471042471042474
eol_compatible,B1,none,pearson,qd_early_mean_qc,tavg_early_mean,36,-0.07977041188175998
eol_compatible,B1,none,spearman,qd_early_mean_qc,tavg_early_mean,36,0.010296010296010296
eol_compatible,B1,none,pearson,qd_early_mean_qc,tmax_early_mean,36,-0.1223414942232886
eol_compatible,B1,none,spearman,qd_early_mean_qc,tmax_early_mean,36,0.05817245817245818
eol_compatible,B1,none,pearson,qd_early_mean_qc,qd_early_std_qc,36,-0.3459897633989262
eol_compatible,B1,none,spearman,qd_early_mean_qc,qd_early_std_qc,36,-0.1770913770913771
eol_compatible,B1,none,pearson,qd_early_mean_qc,qd_early_slope_qc,36,0.02738909554633362
eol_compatible,B1,none,spearman,qd_early_mean_qc,qd_early_slope_qc,36,-0.22934362934362934
eol_compatible,B1,none,pearson,qd_early_std_qc,tavg_early_mean,36,-0.218041258471181
eol_compatible,B1,none,spearman,qd_early_std_qc,tavg_early_mean,36,-0.34491634491634493
eol_compatible,B1,none,pearson,qd_early_std_qc,tmax_early_mean,36,-0.15194100141089767
eol_compatible,B1,none,spearman,qd_early_std_qc,tmax_early_mean,36,-0.24504504504504507
eol_compatible,B1,none,pearson,qd_early_slope_qc,qd_early_std,36,-0.22571428129419588
eol_compatible,B1,none,spearman,qd_early_slope_qc,qd_early_std,36,-0.1045045045045045
eol_compatible,B1,none,pearson,qd_early_slope_qc,tavg_early_mean,36,0.09091663017251497
eol_compatible,B1,none,spearman,qd_early_slope_qc,tavg_early_mean,36,-0.06306306306306307
eol_compatible,B1,none,pearson,qd_early_slope_qc,tmax_early_mean,36,0.11344523268035703
eol_compatible,B1,none,spearman,qd_early_slope_qc,tmax_early_mean,36,-0.00025740025740025744
eol_compatible,B1,none,pearson,qd_early_slope_qc,qd_early_std_qc,36,-0.7528096581462993
eol_compatible,B1,none,spearman,qd_early_slope_qc,qd_early_std_qc,36,-0.1052767052767053
eol_compatible,B1,none,pearson,qd2_qc,qd_early_mean,36,0.9206242161882173
eol_compatible,B1,none,spearman,qd2_qc,qd_early_mean,36,0.9078507078507079
eol_compatible,B1,none,pearson,qd2_qc,qd_early_std,36,-0.24684979629053905
eol_compatible,B1,none,spearman,qd2_qc,qd_early_std,36,-0.1541827541827542
eol_compatible,B1,none,pearson,qd2_qc,qd_early_median,36,0.9826682948937748
eol_compatible,B1,none,spearman,qd2_qc,qd_early_median,36,0.9853281853281853
eol_compatible,B1,none,pearson,qd2_qc,qd_delta_100_2,36,-0.18047599355192143
eol_compatible,B1,none,spearman,qd2_qc,qd_delta_100_2,36,-0.3552123552123553
eol_compatible,B1,none,pearson,qd2_qc,qd_early_slope,36,0.09056791524765104
eol_compatible,B1,none,spearman,qd2_qc,qd_early_slope,36,-0.33770913770913774
eol_compatible,B1,none,pearson,qd2_qc,tavg_early_mean,36,-0.08688821867317721
eol_compatible,B1,none,spearman,qd2_qc,tavg_early_mean,36,0.03371943371943372
eol_compatible,B1,none,pearson,qd2_qc,tmax_early_mean,36,-0.13999813610896036
eol_compatible,B1,none,spearman,qd2_qc,tmax_early_mean,36,0.0712998712998713
eol_compatible,B1,none,pearson,qd2_qc,qd_early_mean_qc,36,0.9806271905501274
eol_compatible,B1,none,spearman,qd2_qc,qd_early_mean_qc,36,0.9794079794079794
eol_compatible,B1,none,pearson,qd2_qc,qd_early_std_qc,36,-0.21621303949947962
eol_compatible,B1,none,spearman,qd2_qc,qd_early_std_qc,36,-0.14671814671814673
eol_compatible,B1,none,pearson,qd2_qc,qd_early_slope_qc,36,-0.16152360618679149
eol_compatible,B1,none,spearman,qd2_qc,qd_early_slope_qc,36,-0.34517374517374516
eol_compatible,B1,none,pearson,qd2_qc,qd_delta_100_2_qc,36,-0.18047599355192143
eol_compatible,B1,none,spearman,qd2_qc,qd_delta_100_2_qc,36,-0.3552123552123553
eol_compatible,B1,none,pearson,qd100_qc,qd_early_mean,36,0.8916310335230087
eol_compatible,B1,none,spearman,qd100_qc,qd_early_mean,36,0.9037323037323038
eol_compatible,B1,none,pearson,qd100_qc,qd_early_std,36,-0.3275142042666866
eol_compatible,B1,none,spearman,qd100_qc,qd_early_std,36,-0.24453024453024458
eol_compatible,B1,none,pearson,qd100_qc,qd_early_median,36,0.9777256674880804
eol_compatible,B1,none,spearman,qd100_qc,qd_early_median,36,0.9606177606177606
eol_compatible,B1,none,pearson,qd100_qc,qd2,36,0.9278144353567603
eol_compatible,B1,none,spearman,qd100_qc,qd2,36,0.9315315315315315
eol_compatible,B1,none,pearson,qd100_qc,qd_delta_100_2,36,0.1994682430647134
eol_compatible,B1,none,spearman,qd100_qc,qd_delta_100_2,36,-0.12097812097812098
eol_compatible,B1,none,pearson,qd100_qc,qd_early_slope,36,0.35048223700489317
eol_compatible,B1,none,spearman,qd100_qc,qd_early_slope,36,-0.10321750321750323
eol_compatible,B1,none,pearson,qd100_qc,tavg_early_mean,36,-0.051035884024558276
eol_compatible,B1,none,spearman,qd100_qc,tavg_early_mean,36,-0.01595881595881596
eol_compatible,B1,none,pearson,qd100_qc,tmax_early_mean,36,-0.0947708220640408
eol_compatible,B1,none,spearman,qd100_qc,tmax_early_mean,36,0.024453024453024455
eol_compatible,B1,none,pearson,qd100_qc,qd_early_mean_qc,36,0.9812474203468804
eol_compatible,B1,none,spearman,qd100_qc,qd_early_mean_qc,36,0.9745173745173745
eol_compatible,B1,none,pearson,qd100_qc,qd_early_std_qc,36,-0.49801848563173967
eol_compatible,B1,none,spearman,qd100_qc,qd_early_std_qc,36,-0.24324324324324326
eol_compatible,B1,none,pearson,qd100_qc,qd_early_slope_qc,36,0.21613705627309068
eol_compatible,B1,none,spearman,qd100_qc,qd_early_slope_qc,36,-0.1045045045045045
eol_compatible,B1,none,pearson,qd100_qc,qd2_qc,36,0.9278144353567603
eol_compatible,B1,none,spearman,qd100_qc,qd2_qc,36,0.9315315315315315
eol_compatible,B1,none,pearson,qd100_qc,qd_delta_100_2_qc,36,0.1994682430647134
eol_compatible,B1,none,spearman,qd100_qc,qd_delta_100_2_qc,36,-0.12097812097812098
eol_compatible,B1,none,pearson,qd_delta_100_2_qc,qd_early_mean,36,-0.0673750106682251
eol_compatible,B1,none,spearman,qd_delta_100_2_qc,qd_early_mean,36,-0.32972972972972975
eol_compatible,B1,none,pearson,qd_delta_100_2_qc,qd_early_std,36,-0.2151152818903467
eol_compatible,B1,none,spearman,qd_delta_100_2_qc,qd_early_std,36,-0.068983268983269
eol_compatible,B1,none,pearson,qd_delta_100_2_qc,qd_early_median,36,-0.003350999580963715
eol_compatible,B1,none,spearman,qd_delta_100_2_qc,qd_early_median,36,-0.24967824967824967
eol_compatible,B1,none,pearson,qd_delta_100_2_qc,qd_early_slope,36,0.68619399255484
eol_compatible,B1,none,spearman,qd_delta_100_2_qc,qd_early_slope,36,0.9719433719433721
eol_compatible,B1,none,pearson,qd_delta_100_2_qc,tavg_early_mean,36,0.09367387501420026
eol_compatible,B1,none,spearman,qd_delta_100_2_qc,tavg_early_mean,36,-0.04478764478764479
eol_compatible,B1,none,pearson,qd_delta_100_2_qc,tmax_early_mean,36,0.11786914270459997
eol_compatible,B1,none,spearman,qd_delta_100_2_qc,tmax_early_mean,36,0.031145431145431144
eol_compatible,B1,none,pearson,qd_delta_100_2_qc,qd_early_mean_qc,36,0.0112961705812189
eol_compatible,B1,none,spearman,qd_delta_100_2_qc,qd_early_mean_qc,36,-0.23346203346203348
eol_compatible,B1,none,pearson,qd_delta_100_2_qc,qd_early_std_qc,36,-0.7451509298536254
eol_compatible,B1,none,spearman,qd_delta_100_2_qc,qd_early_std_qc,36,-0.06975546975546977
eol_compatible,B1,none,pearson,qd_delta_100_2_qc,qd_early_slope_qc,36,0.9941657393116814
eol_compatible,B1,none,spearman,qd_delta_100_2_qc,qd_early_slope_qc,36,0.9727155727155729
eol_compatible,B2,none,pearson,qd_early_mean,qd_early_std,39,-0.19776797479816904
eol_compatible,B2,none,spearman,qd_early_mean,qd_early_std,39,-0.1410931174089069
eol_compatible,B2,none,pearson,qd_early_mean,qd_early_median,39,0.9968415131798474
eol_compatible,B2,none,spearman,qd_early_mean,qd_early_median,39,0.9949392712550609
eol_compatible,B2,none,pearson,qd_early_mean,qd_early_slope,39,0.38584098029647934
eol_compatible,B2,none,spearman,qd_early_mean,qd_early_slope,39,0.3390688259109312
eol_compatible,B2,none,pearson,qd_early_mean,tavg_early_mean,39,-0.3275900362325804
eol_compatible,B2,none,spearman,qd_early_mean,tavg_early_mean,39,-0.2593117408906883
eol_compatible,B2,none,pearson,qd_early_mean,tmax_early_mean,39,-0.22725703100384664
eol_compatible,B2,none,spearman,qd_early_mean,tmax_early_mean,39,-0.2538461538461539
eol_compatible,B2,none,pearson,qd_early_mean,qd_early_mean_qc,39,0.9999999999999998
eol_compatible,B2,none,spearman,qd_early_mean,qd_early_mean_qc,39,1.0
eol_compatible,B2,none,pearson,qd_early_mean,qd_early_std_qc,39,-0.19776797479816904
eol_compatible,B2,none,spearman,qd_early_mean,qd_early_std_qc,39,-0.1410931174089069
eol_compatible,B2,none,pearson,qd_early_mean,qd_early_slope_qc,39,0.38584098029647934
eol_compatible,B2,none,spearman,qd_early_mean,qd_early_slope_qc,39,0.3390688259109312
eol_compatible,B2,none,pearson,qd_early_std,tavg_early_mean,39,0.11876302496052381
eol_compatible,B2,none,spearman,qd_early_std,tavg_early_mean,39,0.03117408906882591
eol_compatible,B2,none,pearson,qd_early_std,tmax_early_mean,39,0.14185729352115511
eol_compatible,B2,none,spearman,qd_early_std,tmax_early_mean,39,0.18866396761133603
eol_compatible,B2,none,pearson,qd_early_std,qd_early_std_qc,39,1.0
eol_compatible,B2,none,spearman,qd_early_std,qd_early_std_qc,39,1.0
eol_compatible,B2,none,pearson,qd_early_median,qd_early_std,39,-0.1575774874459223
eol_compatible,B2,none,spearman,qd_early_median,qd_early_std,39,-0.11275303643724698
eol_compatible,B2,none,pearson,qd_early_median,qd_early_slope,39,0.3691296936209668
eol_compatible,B2,none,spearman,qd_early_median,qd_early_slope,39,0.305668016194332
eol_compatible,B2,none,pearson,qd_early_median,tavg_early_mean,39,-0.31636830967721297
eol_compatible,B2,none,spearman,qd_early_median,tavg_early_mean,39,-0.24271255060728744
eol_compatible,B2,none,pearson,qd_early_median,tmax_early_mean,39,-0.23308041996424667
eol_compatible,B2,none,spearman,qd_early_median,tmax_early_mean,39,-0.24068825910931174
eol_compatible,B2,none,pearson,qd_early_median,qd_early_std_qc,39,-0.1575774874459223
eol_compatible,B2,none,spearman,qd_early_median,qd_early_std_qc,39,-0.11275303643724698
eol_compatible,B2,none,pearson,qd_early_median,qd_early_slope_qc,39,0.3691296936209668
eol_compatible,B2,none,spearman,qd_early_median,qd_early_slope_qc,39,0.305668016194332
eol_compatible,B2,none,pearson,qd2,qd_early_mean,39,0.9429917546089435
eol_compatible,B2,none,spearman,qd2,qd_early_mean,39,0.9180161943319838
eol_compatible,B2,none,pearson,qd2,qd_early_std,39,-0.09011128406812986
eol_compatible,B2,none,spearman,qd2,qd_early_std,39,-0.07489878542510123
eol_compatible,B2,none,pearson,qd2,qd_early_median,39,0.9415062501262249
eol_compatible,B2,none,spearman,qd2,qd_early_median,39,0.9255060728744939
eol_compatible,B2,none,pearson,qd2,qd_delta_100_2,39,0.0893646337881061
eol_compatible,B2,none,spearman,qd2,qd_delta_100_2,39,0.1611336032388664
eol_compatible,B2,none,pearson,qd2,qd_early_slope,39,0.0909650752821447
eol_compatible,B2,none,spearman,qd2,qd_early_slope,39,0.08481781376518219
eol_compatible,B2,none,pearson,qd2,tavg_early_mean,39,-0.29991951120916865
eol_compatible,B2,none,spearman,qd2,tavg_early_mean,39,-0.1836032388663968
eol_compatible,B2,none,pearson,qd2,tmax_early_mean,39,-0.23626318483323555
eol_compatible,B2,none,spearman,qd2,tmax_early_mean,39,-0.23137651821862348
eol_compatible,B2,none,pearson,qd2,qd_early_mean_qc,39,0.9429917546089435
eol_compatible,B2,none,spearman,qd2,qd_early_mean_qc,39,0.9180161943319838
eol_compatible,B2,none,pearson,qd2,qd_early_std_qc,39,-0.09011128406812986
eol_compatible,B2,none,spearman,qd2,qd_early_std_qc,39,-0.07489878542510123
eol_compatible,B2,none,pearson,qd2,qd_early_slope_qc,39,0.0909650752821447
eol_compatible,B2,none,spearman,qd2,qd_early_slope_qc,39,0.08481781376518219
eol_compatible,B2,none,pearson,qd2,qd2_qc,39,1.0
eol_compatible,B2,none,spearman,qd2,qd2_qc,39,1.0
eol_compatible,B2,none,pearson,qd2,qd_delta_100_2_qc,39,0.0893646337881061
eol_compatible,B2,none,spearman,qd2,qd_delta_100_2_qc,39,0.1611336032388664
eol_compatible,B2,none,pearson,qd100,qd_early_mean,39,0.9608774528788124
eol_compatible,B2,none,spearman,qd100,qd_early_mean,39,0.9378542510121458
eol_compatible,B2,none,pearson,qd100,qd_early_std,39,-0.20885497173105136
eol_compatible,B2,none,spearman,qd100,qd_early_std,39,-0.1742914979757085
eol_compatible,B2,none,pearson,qd100,qd_early_median,39,0.9567962815646442
eol_compatible,B2,none,spearman,qd100,qd_early_median,39,0.924493927125506
eol_compatible,B2,none,pearson,qd100,qd2,39,0.844191513918739
eol_compatible,B2,none,spearman,qd100,qd2,39,0.8080971659919028
eol_compatible,B2,none,pearson,qd100,qd_delta_100_2,39,0.6093378351755423
eol_compatible,B2,none,spearman,qd100,qd_delta_100_2,39,0.6319838056680163
eol_compatible,B2,none,pearson,qd100,qd_early_slope,39,0.5573010499168232
eol_compatible,B2,none,spearman,qd100,qd_early_slope,39,0.5052631578947369
eol_compatible,B2,none,pearson,qd100,tavg_early_mean,39,-0.3389729621004302
eol_compatible,B2,none,spearman,qd100,tavg_early_mean,39,-0.2736842105263158
eol_compatible,B2,none,pearson,qd100,tmax_early_mean,39,-0.2374390527427895
eol_compatible,B2,none,spearman,qd100,tmax_early_mean,39,-0.22550607287449395
eol_compatible,B2,none,pearson,qd100,qd_early_mean_qc,39,0.9608774528788124
eol_compatible,B2,none,spearman,qd100,qd_early_mean_qc,39,0.9378542510121458
eol_compatible,B2,none,pearson,qd100,qd_early_std_qc,39,-0.20885497173105136
eol_compatible,B2,none,spearman,qd100,qd_early_std_qc,39,-0.1742914979757085
eol_compatible,B2,none,pearson,qd100,qd_early_slope_qc,39,0.5573010499168232
eol_compatible,B2,none,spearman,qd100,qd_early_slope_qc,39,0.5052631578947369
eol_compatible,B2,none,pearson,qd100,qd2_qc,39,0.844191513918739
eol_compatible,B2,none,spearman,qd100,qd2_qc,39,0.8080971659919028
eol_compatible,B2,none,pearson,qd100,qd100_qc,39,1.0
eol_compatible,B2,none,spearman,qd100,qd100_qc,39,1.0
eol_compatible,B2,none,pearson,qd100,qd_delta_100_2_qc,39,0.6093378351755423
eol_compatible,B2,none,spearman,qd100,qd_delta_100_2_qc,39,0.6319838056680163
eol_compatible,B2,none,pearson,qd_delta_100_2,qd_early_mean,39,0.39050077498084884
eol_compatible,B2,none,spearman,qd_delta_100_2,qd_early_mean,39,0.419838056680162
eol_compatible,B2,none,pearson,qd_delta_100_2,qd_early_std,39,-0.25477334944020885
eol_compatible,B2,none,spearman,qd_delta_100_2,qd_early_std,39,-0.13299595141700404
eol_compatible,B2,none,pearson,qd_delta_100_2,qd_early_median,39,0.38511505570983956
eol_compatible,B2,none,spearman,qd_delta_100_2,qd_early_median,39,0.3862348178137652
eol_compatible,B2,none,pearson,qd_delta_100_2,qd_early_slope,39,0.9009450316975812
eol_compatible,B2,none,spearman,qd_delta_100_2,qd_early_slope,39,0.8939271255060729
eol_compatible,B2,none,pearson,qd_delta_100_2,tavg_early_mean,39,-0.1861932236286195
eol_compatible,B2,none,spearman,qd_delta_100_2,tavg_early_mean,39,-0.251417004048583
eol_compatible,B2,none,pearson,qd_delta_100_2,tmax_early_mean,39,-0.0916970528953588
eol_compatible,B2,none,spearman,qd_delta_100_2,tmax_early_mean,39,-0.09777327935222672
eol_compatible,B2,none,pearson,qd_delta_100_2,qd_early_mean_qc,39,0.39050077498084884
eol_compatible,B2,none,spearman,qd_delta_100_2,qd_early_mean_qc,39,0.419838056680162
eol_compatible,B2,none,pearson,qd_delta_100_2,qd_early_std_qc,39,-0.25477334944020885
eol_compatible,B2,none,spearman,qd_delta_100_2,qd_early_std_qc,39,-0.13299595141700404
eol_compatible,B2,none,pearson,qd_delta_100_2,qd_early_slope_qc,39,0.9009450316975812
eol_compatible,B2,none,spearman,qd_delta_100_2,qd_early_slope_qc,39,0.8939271255060729
eol_compatible,B2,none,pearson,qd_delta_100_2,qd_delta_100_2_qc,39,0.9999999999999999
eol_compatible,B2,none,spearman,qd_delta_100_2,qd_delta_100_2_qc,39,1.0
eol_compatible,B2,none,pearson,qd_early_slope,qd_early_std,39,-0.2511394247856577
eol_compatible,B2,none,spearman,qd_early_slope,qd_early_std,39,-0.07975708502024292
eol_compatible,B2,none,pearson,qd_early_slope,tavg_early_mean,39,-0.22003893096695876
eol_compatible,B2,none,spearman,qd_early_slope,tavg_early_mean,39,-0.18137651821862347
eol_compatible,B2,none,pearson,qd_early_slope,tmax_early_mean,39,-0.010151846093156745
eol_compatible,B2,none,spearman,qd_early_slope,tmax_early_mean,39,0.03097165991902834
eol_compatible,B2,none,pearson,qd_early_slope,qd_early_std_qc,39,-0.2511394247856577
eol_compatible,B2,none,spearman,qd_early_slope,qd_early_std_qc,39,-0.07975708502024292
eol_compatible,B2,none,pearson,qd_early_slope,qd_early_slope_qc,39,0.9999999999999998
eol_compatible,B2,none,spearman,qd_early_slope,qd_early_slope_qc,39,1.0
eol_compatible,B2,none,pearson,ir_early_mean,qd_early_mean,33,0.5538264955202983
eol_compatible,B2,none,spearman,ir_early_mean,qd_early_mean,33,0.6122994652406418
eol_compatible,B2,none,pearson,ir_early_mean,qd_early_std,33,-0.05130256067422109
eol_compatible,B2,none,spearman,ir_early_mean,qd_early_std,33,0.05213903743315509
eol_compatible,B2,none,pearson,ir_early_mean,qd_early_median,33,0.5610542441942687
eol_compatible,B2,none,spearman,ir_early_mean,qd_early_median,33,0.6283422459893049
eol_compatible,B2,none,pearson,ir_early_mean,qd2,33,0.4861196792505332
eol_compatible,B2,none,spearman,ir_early_mean,qd2,33,0.5287433155080213
eol_compatible,B2,none,pearson,ir_early_mean,qd100,33,0.5670241492365292
eol_compatible,B2,none,spearman,ir_early_mean,qd100,33,0.5925802139037434
eol_compatible,B2,none,pearson,ir_early_mean,qd_delta_100_2,33,0.3385514706355492
eol_compatible,B2,none,spearman,ir_early_mean,qd_delta_100_2,33,0.33322192513368987
eol_compatible,B2,none,pearson,ir_early_mean,qd_early_slope,33,0.3869605450504557
eol_compatible,B2,none,spearman,ir_early_mean,qd_early_slope,33,0.25969251336898397
eol_compatible,B2,none,pearson,ir_early_mean,ir_early_slope,33,0.07319528291471111
eol_compatible,B2,none,spearman,ir_early_mean,ir_early_slope,33,0.23495989304812837
eol_compatible,B2,none,pearson,ir_early_mean,ir_zero_fraction_early,33,
eol_compatible,B2,none,spearman,ir_early_mean,ir_zero_fraction_early,33,
eol_compatible,B2,none,pearson,ir_early_mean,tavg_early_mean,33,-0.12746358324675283
eol_compatible,B2,none,spearman,ir_early_mean,tavg_early_mean,33,-0.045454545454545456
eol_compatible,B2,none,pearson,ir_early_mean,ir_missing_fraction_early,33,
eol_compatible,B2,none,spearman,ir_early_mean,ir_missing_fraction_early,33,
eol_compatible,B2,none,pearson,ir_early_mean,tmax_early_mean,33,0.08735605769870497
eol_compatible,B2,none,spearman,ir_early_mean,tmax_early_mean,33,0.04913101604278075
eol_compatible,B2,none,pearson,ir_early_mean,qd_early_mean_qc,33,0.5538264955202983
eol_compatible,B2,none,spearman,ir_early_mean,qd_early_mean_qc,33,0.6122994652406418
eol_compatible,B2,none,pearson,ir_early_mean,qd_early_std_qc,33,-0.05130256067422109
eol_compatible,B2,none,spearman,ir_early_mean,qd_early_std_qc,33,0.05213903743315509
eol_compatible,B2,none,pearson,ir_early_mean,qd_early_slope_qc,33,0.3869605450504557
eol_compatible,B2,none,spearman,ir_early_mean,qd_early_slope_qc,33,0.25969251336898397
eol_compatible,B2,none,pearson,ir_early_mean,qd2_qc,33,0.4861196792505332
eol_compatible,B2,none,spearman,ir_early_mean,qd2_qc,33,0.5287433155080213
eol_compatible,B2,none,pearson,ir_early_mean,qd100_qc,33,0.5670241492365292
eol_compatible,B2,none,spearman,ir_early_mean,qd100_qc,33,0.5925802139037434
eol_compatible,B2,none,pearson,ir_early_mean,qd_delta_100_2_qc,33,0.3385514706355492
eol_compatible,B2,none,spearman,ir_early_mean,qd_delta_100_2_qc,33,0.33322192513368987
eol_compatible,B2,none,pearson,ir_change_100_2,qd_early_mean,33,0.11389437628964821
eol_compatible,B2,none,spearman,ir_change_100_2,qd_early_mean,33,0.25835561497326204
eol_compatible,B2,none,pearson,ir_change_100_2,qd_early_std,33,0.2281765628217046
eol_compatible,B2,none,spearman,ir_change_100_2,qd_early_std,33,0.18750000000000003
eol_compatible,B2,none,pearson,ir_change_100_2,qd_early_median,33,0.12702913053235285
eol_compatible,B2,none,spearman,ir_change_100_2,qd_early_median,33,0.23930481283422458
eol_compatible,B2,none,pearson,ir_change_100_2,qd2,33,-0.04731961373792683
eol_compatible,B2,none,spearman,ir_change_100_2,qd2,33,0.06350267379679145
eol_compatible,B2,none,pearson,ir_change_100_2,qd100,33,0.18195019957696798
eol_compatible,B2,none,spearman,ir_change_100_2,qd100,33,0.2807486631016043
eol_compatible,B2,none,pearson,ir_change_100_2,qd_delta_100_2,33,0.40282342461213283
eol_compatible,B2,none,spearman,ir_change_100_2,qd_delta_100_2,33,0.4338235294117647
eol_compatible,B2,none,pearson,ir_change_100_2,qd_early_slope,33,0.3255550004735125
eol_compatible,B2,none,spearman,ir_change_100_2,qd_early_slope,33,0.3268716577540107
eol_compatible,B2,none,pearson,ir_change_100_2,ir_early_mean,33,-0.025254556701395613
eol_compatible,B2,none,spearman,ir_change_100_2,ir_early_mean,33,0.18716577540106952
eol_compatible,B2,none,pearson,ir_change_100_2,ir_early_slope,33,0.9675162520265014
eol_compatible,B2,none,spearman,ir_change_100_2,ir_early_slope,33,0.9455213903743317
eol_compatible,B2,none,pearson,ir_change_100_2,ir_zero_fraction_early,33,
eol_compatible,B2,none,spearman,ir_change_100_2,ir_zero_fraction_early,33,
eol_compatible,B2,none,pearson,ir_change_100_2,tavg_early_mean,33,0.13465260097319134
eol_compatible,B2,none,spearman,ir_change_100_2,tavg_early_mean,33,0.09859625668449198
eol_compatible,B2,none,pearson,ir_change_100_2,ir_missing_fraction_early,33,
eol_compatible,B2,none,spearman,ir_change_100_2,ir_missing_fraction_early,33,
eol_compatible,B2,none,pearson,ir_change_100_2,tmax_early_mean,33,0.10551353497147342
eol_compatible,B2,none,spearman,ir_change_100_2,tmax_early_mean,33,0.10628342245989306
eol_compatible,B2,none,pearson,ir_change_100_2,qd_early_mean_qc,33,0.11389437628964821
eol_compatible,B2,none,spearman,ir_change_100_2,qd_early_mean_qc,33,0.25835561497326204
eol_compatible,B2,none,pearson,ir_change_100_2,qd_early_std_qc,33,0.2281765628217046
eol_compatible,B2,none,spearman,ir_change_100_2,qd_early_std_qc,33,0.18750000000000003
eol_compatible,B2,none,pearson,ir_change_100_2,qd_early_slope_qc,33,0.3255550004735125
eol_compatible,B2,none,spearman,ir_change_100_2,qd_early_slope_qc,33,0.3268716577540107
eol_compatible,B2,none,pearson,ir_change_100_2,qd2_qc,33,-0.04731961373792683
eol_compatible,B2,none,spearman,ir_change_100_2,qd2_qc,33,0.06350267379679145
eol_compatible,B2,none,pearson,ir_change_100_2,qd100_qc,33,0.18195019957696798
eol_compatible,B2,none,spearman,ir_change_100_2,qd100_qc,33,0.2807486631016043
eol_compatible,B2,none,pearson,ir_change_100_2,qd_delta_100_2_qc,33,0.40282342461213283
eol_compatible,B2,none,spearman,ir_change_100_2,qd_delta_100_2_qc,33,0.4338235294117647
eol_compatible,B2,none,pearson,ir_early_slope,qd_early_mean,33,0.16503010837942575
eol_compatible,B2,none,spearman,ir_early_slope,qd_early_mean,33,0.2740641711229947
eol_compatible,B2,none,pearson,ir_early_slope,qd_early_std,33,0.2443131079973461
eol_compatible,B2,none,spearman,ir_early_slope,qd_early_std,33,0.22359625668449198
eol_compatible,B2,none,pearson,ir_early_slope,qd_early_median,33,0.17727838753690478
eol_compatible,B2,none,spearman,ir_early_slope,qd_early_median,33,0.26370320855614976
eol_compatible,B2,none,pearson,ir_early_slope,qd2,33,-0.02488550176328986
eol_compatible,B2,none,spearman,ir_early_slope,qd2,33,0.06283422459893048
eol_compatible,B2,none,pearson,ir_early_slope,qd100,33,0.24570852958691325
eol_compatible,B2,none,spearman,ir_early_slope,qd100,33,0.3074866310160428
eol_compatible,B2,none,pearson,ir_early_slope,qd_delta_100_2,33,0.48752380155616815
eol_compatible,B2,none,spearman,ir_early_slope,qd_delta_100_2,33,0.5
eol_compatible,B2,none,pearson,ir_early_slope,qd_early_slope,33,0.44863824770468197
eol_compatible,B2,none,spearman,ir_early_slope,qd_early_slope,33,0.41443850267379684
eol_compatible,B2,none,pearson,ir_early_slope,ir_zero_fraction_early,33,
eol_compatible,B2,none,spearman,ir_early_slope,ir_zero_fraction_early,33,
eol_compatible,B2,none,pearson,ir_early_slope,tavg_early_mean,33,0.05070616429594623
eol_compatible,B2,none,spearman,ir_early_slope,tavg_early_mean,33,0.03843582887700535
eol_compatible,B2,none,pearson,ir_early_slope,ir_missing_fraction_early,33,
eol_compatible,B2,none,spearman,ir_early_slope,ir_missing_fraction_early,33,
eol_compatible,B2,none,pearson,ir_early_slope,tmax_early_mean,33,0.12905201677873274
eol_compatible,B2,none,spearman,ir_early_slope,tmax_early_mean,33,0.14171122994652408
eol_compatible,B2,none,pearson,ir_early_slope,qd_early_mean_qc,33,0.16503010837942575
eol_compatible,B2,none,spearman,ir_early_slope,qd_early_mean_qc,33,0.2740641711229947
eol_compatible,B2,none,pearson,ir_early_slope,qd_early_std_qc,33,0.2443131079973461
eol_compatible,B2,none,spearman,ir_early_slope,qd_early_std_qc,33,0.22359625668449198
eol_compatible,B2,none,pearson,ir_early_slope,qd_early_slope_qc,33,0.44863824770468197
eol_compatible,B2,none,spearman,ir_early_slope,qd_early_slope_qc,33,0.41443850267379684
eol_compatible,B2,none,pearson,ir_early_slope,qd2_qc,33,-0.02488550176328986
eol_compatible,B2,none,spearman,ir_early_slope,qd2_qc,33,0.06283422459893048
eol_compatible,B2,none,pearson,ir_early_slope,qd100_qc,33,0.24570852958691325
eol_compatible,B2,none,spearman,ir_early_slope,qd100_qc,33,0.3074866310160428
eol_compatible,B2,none,pearson,ir_early_slope,qd_delta_100_2_qc,33,0.48752380155616815
eol_compatible,B2,none,spearman,ir_early_slope,qd_delta_100_2_qc,33,0.5
eol_compatible,B2,none,pearson,ir_zero_fraction_early,qd_early_mean,39,0.28937152784136744
eol_compatible,B2,none,spearman,ir_zero_fraction_early,qd_early_mean,39,0.3536097741979052
eol_compatible,B2,none,pearson,ir_zero_fraction_early,qd_early_std,39,-0.1258209717443293
eol_compatible,B2,none,spearman,ir_zero_fraction_early,qd_early_std,39,-0.13891812557774844
eol_compatible,B2,none,pearson,ir_zero_fraction_early,qd_early_median,39,0.2989336339240113
eol_compatible,B2,none,spearman,ir_zero_fraction_early,qd_early_median,39,0.3599242344514392
eol_compatible,B2,none,pearson,ir_zero_fraction_early,qd2,39,0.31943745509949784
eol_compatible,B2,none,spearman,ir_zero_fraction_early,qd2,39,0.38518207546557526
eol_compatible,B2,none,pearson,ir_zero_fraction_early,qd100,39,0.24040689640260382
eol_compatible,B2,none,spearman,ir_zero_fraction_early,qd100,39,0.20837718836662267
eol_compatible,B2,none,pearson,ir_zero_fraction_early,qd_delta_100_2,39,-0.025819555756478985
eol_compatible,B2,none,spearman,ir_zero_fraction_early,qd_delta_100_2,39,-0.0947169038030103
eol_compatible,B2,none,pearson,ir_zero_fraction_early,qd_early_slope,39,-0.08151043880712223
eol_compatible,B2,none,spearman,ir_zero_fraction_early,qd_early_slope,39,-0.13260366532421444
eol_compatible,B2,none,pearson,ir_zero_fraction_early,tavg_early_mean,39,-0.15348062624514036
eol_compatible,B2,none,spearman,ir_zero_fraction_early,tavg_early_mean,39,-0.018943380760602063
eol_compatible,B2,none,pearson,ir_zero_fraction_early,tmax_early_mean,39,-0.22812265155503167
eol_compatible,B2,none,spearman,ir_zero_fraction_early,tmax_early_mean,39,-0.14523258583128248
eol_compatible,B2,none,pearson,ir_zero_fraction_early,qd_early_mean_qc,39,0.28937152784136744
eol_compatible,B2,none,spearman,ir_zero_fraction_early,qd_early_mean_qc,39,0.3536097741979052
eol_compatible,B2,none,pearson,ir_zero_fraction_early,qd_early_std_qc,39,-0.1258209717443293
eol_compatible,B2,none,spearman,ir_zero_fraction_early,qd_early_std_qc,39,-0.13891812557774844
eol_compatible,B2,none,pearson,ir_zero_fraction_early,qd_early_slope_qc,39,-0.08151043880712223
eol_compatible,B2,none,spearman,ir_zero_fraction_early,qd_early_slope_qc,39,-0.13260366532421444
eol_compatible,B2,none,pearson,ir_zero_fraction_early,qd2_qc,39,0.31943745509949784
eol_compatible,B2,none,spearman,ir_zero_fraction_early,qd2_qc,39,0.38518207546557526
eol_compatible,B2,none,pearson,ir_zero_fraction_early,qd100_qc,39,0.24040689640260382
eol_compatible,B2,none,spearman,ir_zero_fraction_early,qd100_qc,39,0.20837718836662267
eol_compatible,B2,none,pearson,ir_zero_fraction_early,qd_delta_100_2_qc,39,-0.025819555756478985
eol_compatible,B2,none,spearman,ir_zero_fraction_early,qd_delta_100_2_qc,39,-0.0947169038030103
eol_compatible,B2,none,pearson,tavg_early_mean,tmax_early_mean,39,0.824538368741913
eol_compatible,B2,none,spearman,tavg_early_mean,tmax_early_mean,39,0.7921052631578949
eol_compatible,B2,none,pearson,ir_missing_fraction_early,qd_early_mean,39,0.28937152784136744
eol_compatible,B2,none,spearman,ir_missing_fraction_early,qd_early_mean,39,0.3536097741979052
eol_compatible,B2,none,pearson,ir_missing_fraction_early,qd_early_std,39,-0.1258209717443293
eol_compatible,B2,none,spearman,ir_missing_fraction_early,qd_early_std,39,-0.13891812557774844
eol_compatible,B2,none,pearson,ir_missing_fraction_early,qd_early_median,39,0.2989336339240113
eol_compatible,B2,none,spearman,ir_missing_fraction_early,qd_early_median,39,0.3599242344514392
eol_compatible,B2,none,pearson,ir_missing_fraction_early,qd2,39,0.31943745509949784
eol_compatible,B2,none,spearman,ir_missing_fraction_early,qd2,39,0.38518207546557526
eol_compatible,B2,none,pearson,ir_missing_fraction_early,qd100,39,0.24040689640260382
eol_compatible,B2,none,spearman,ir_missing_fraction_early,qd100,39,0.20837718836662267
eol_compatible,B2,none,pearson,ir_missing_fraction_early,qd_delta_100_2,39,-0.025819555756478985
eol_compatible,B2,none,spearman,ir_missing_fraction_early,qd_delta_100_2,39,-0.0947169038030103
eol_compatible,B2,none,pearson,ir_missing_fraction_early,qd_early_slope,39,-0.08151043880712223
eol_compatible,B2,none,spearman,ir_missing_fraction_early,qd_early_slope,39,-0.13260366532421444
eol_compatible,B2,none,pearson,ir_missing_fraction_early,ir_zero_fraction_early,39,1.0
eol_compatible,B2,none,spearman,ir_missing_fraction_early,ir_zero_fraction_early,39,1.0
eol_compatible,B2,none,pearson,ir_missing_fraction_early,tavg_early_mean,39,-0.15348062624514036
eol_compatible,B2,none,spearman,ir_missing_fraction_early,tavg_early_mean,39,-0.018943380760602063
eol_compatible,B2,none,pearson,ir_missing_fraction_early,tmax_early_mean,39,-0.22812265155503167
eol_compatible,B2,none,spearman,ir_missing_fraction_early,tmax_early_mean,39,-0.14523258583128248
eol_compatible,B2,none,pearson,ir_missing_fraction_early,qd_early_mean_qc,39,0.28937152784136744
eol_compatible,B2,none,spearman,ir_missing_fraction_early,qd_early_mean_qc,39,0.3536097741979052
eol_compatible,B2,none,pearson,ir_missing_fraction_early,qd_early_std_qc,39,-0.1258209717443293
eol_compatible,B2,none,spearman,ir_missing_fraction_early,qd_early_std_qc,39,-0.13891812557774844
eol_compatible,B2,none,pearson,ir_missing_fraction_early,qd_early_slope_qc,39,-0.08151043880712223
eol_compatible,B2,none,spearman,ir_missing_fraction_early,qd_early_slope_qc,39,-0.13260366532421444
eol_compatible,B2,none,pearson,ir_missing_fraction_early,qd2_qc,39,0.31943745509949784
eol_compatible,B2,none,spearman,ir_missing_fraction_early,qd2_qc,39,0.38518207546557526
eol_compatible,B2,none,pearson,ir_missing_fraction_early,qd100_qc,39,0.24040689640260382
eol_compatible,B2,none,spearman,ir_missing_fraction_early,qd100_qc,39,0.20837718836662267
eol_compatible,B2,none,pearson,ir_missing_fraction_early,qd_delta_100_2_qc,39,-0.025819555756478985
eol_compatible,B2,none,spearman,ir_missing_fraction_early,qd_delta_100_2_qc,39,-0.0947169038030103
eol_compatible,B2,none,pearson,chargetime_early_mean,qd_early_mean,39,-0.08980501323779952
eol_compatible,B2,none,spearman,chargetime_early_mean,qd_early_mean,39,-0.06356275303643726
eol_compatible,B2,none,pearson,chargetime_early_mean,qd_early_std,39,-0.316845699437474
eol_compatible,B2,none,spearman,chargetime_early_mean,qd_early_std,39,-0.2866396761133604
eol_compatible,B2,none,pearson,chargetime_early_mean,qd_early_median,39,-0.10397383592180884
eol_compatible,B2,none,spearman,chargetime_early_mean,qd_early_median,39,-0.06923076923076923
eol_compatible,B2,none,pearson,chargetime_early_mean,qd2,39,-0.03309825323232697
eol_compatible,B2,none,spearman,chargetime_early_mean,qd2,39,0.024898785425101214
eol_compatible,B2,none,pearson,chargetime_early_mean,qd100,39,-0.08517235644021887
eol_compatible,B2,none,spearman,chargetime_early_mean,qd100,39,-0.06781376518218624
eol_compatible,B2,none,pearson,chargetime_early_mean,qd_delta_100_2,39,-0.1092967616108367
eol_compatible,B2,none,spearman,chargetime_early_mean,qd_delta_100_2,39,-0.2591093117408907
eol_compatible,B2,none,pearson,chargetime_early_mean,qd_early_slope,39,-0.2211834429772181
eol_compatible,B2,none,spearman,chargetime_early_mean,qd_early_slope,39,-0.1856275303643725
eol_compatible,B2,none,pearson,chargetime_early_mean,ir_early_mean,33,-0.1365770252197258
eol_compatible,B2,none,spearman,chargetime_early_mean,ir_early_mean,33,-0.0006684491978609625
eol_compatible,B2,none,pearson,chargetime_early_mean,ir_change_100_2,33,-0.19915529494515938
eol_compatible,B2,none,spearman,chargetime_early_mean,ir_change_100_2,33,-0.45822192513368987
eol_compatible,B2,none,pearson,chargetime_early_mean,ir_early_slope,33,-0.2624343268843387
eol_compatible,B2,none,spearman,chargetime_early_mean,ir_early_slope,33,-0.4505347593582888
eol_compatible,B2,none,pearson,chargetime_early_mean,ir_zero_fraction_early,39,0.23685148767439584
eol_compatible,B2,none,spearman,chargetime_early_mean,ir_zero_fraction_early,39,0.0631446025353402
eol_compatible,B2,none,pearson,chargetime_early_mean,tavg_early_mean,39,-0.08715698669223132
eol_compatible,B2,none,spearman,chargetime_early_mean,tavg_early_mean,39,-0.06497975708502025
eol_compatible,B2,none,pearson,chargetime_early_mean,ir_missing_fraction_early,39,0.23685148767439584
eol_compatible,B2,none,spearman,chargetime_early_mean,ir_missing_fraction_early,39,0.0631446025353402
eol_compatible,B2,none,pearson,chargetime_early_mean,tmax_early_mean,39,-0.20401304198961057
eol_compatible,B2,none,spearman,chargetime_early_mean,tmax_early_mean,39,-0.05506072874493927
eol_compatible,B2,none,pearson,chargetime_early_mean,chargetime_early_median,39,-0.06192037058395922
eol_compatible,B2,none,spearman,chargetime_early_mean,chargetime_early_median,39,0.5866396761133603
eol_compatible,B2,none,pearson,chargetime_early_mean,chargetime_early_mean_qc,39,-0.03511366713081611
eol_compatible,B2,none,spearman,chargetime_early_mean,chargetime_early_mean_qc,39,0.6338056680161943
eol_compatible,B2,none,pearson,chargetime_early_mean,qd_early_mean_qc,39,-0.08980501323779952
eol_compatible,B2,none,spearman,chargetime_early_mean,qd_early_mean_qc,39,-0.06356275303643726
eol_compatible,B2,none,pearson,chargetime_early_mean,qd_early_std_qc,39,-0.316845699437474
eol_compatible,B2,none,spearman,chargetime_early_mean,qd_early_std_qc,39,-0.2866396761133604
eol_compatible,B2,none,pearson,chargetime_early_mean,qd_early_slope_qc,39,-0.2211834429772181
eol_compatible,B2,none,spearman,chargetime_early_mean,qd_early_slope_qc,39,-0.1856275303643725
eol_compatible,B2,none,pearson,chargetime_early_mean,qd2_qc,39,-0.03309825323232697
eol_compatible,B2,none,spearman,chargetime_early_mean,qd2_qc,39,0.024898785425101214
eol_compatible,B2,none,pearson,chargetime_early_mean,qd100_qc,39,-0.08517235644021887
eol_compatible,B2,none,spearman,chargetime_early_mean,qd100_qc,39,-0.06781376518218624
eol_compatible,B2,none,pearson,chargetime_early_mean,qd_delta_100_2_qc,39,-0.1092967616108367
eol_compatible,B2,none,spearman,chargetime_early_mean,qd_delta_100_2_qc,39,-0.2591093117408907
eol_compatible,B2,none,pearson,chargetime_early_median,qd_early_mean,39,0.1941305105322389
eol_compatible,B2,none,spearman,chargetime_early_median,qd_early_mean,39,-0.042105263157894736
eol_compatible,B2,none,pearson,chargetime_early_median,qd_early_std,39,-0.12694904160410175
eol_compatible,B2,none,spearman,chargetime_early_median,qd_early_std,39,0.0036437246963562757
eol_compatible,B2,none,pearson,chargetime_early_median,qd_early_median,39,0.15830511123710694
eol_compatible,B2,none,spearman,chargetime_early_median,qd_early_median,39,-0.032995951417004045
eol_compatible,B2,none,pearson,chargetime_early_median,qd2,39,0.20109298219662125
eol_compatible,B2,none,spearman,chargetime_early_median,qd2,39,0.06558704453441296
eol_compatible,B2,none,pearson,chargetime_early_median,qd100,39,0.18450005818470594
eol_compatible,B2,none,spearman,chargetime_early_median,qd100,39,-0.03279352226720648
eol_compatible,B2,none,pearson,chargetime_early_median,qd_delta_100_2,39,0.04535671296382244
eol_compatible,B2,none,spearman,chargetime_early_median,qd_delta_100_2,39,-0.10647773279352227
eol_compatible,B2,none,pearson,chargetime_early_median,qd_early_slope,39,0.28526529368061154
eol_compatible,B2,none,spearman,chargetime_early_median,qd_early_slope,39,0.06437246963562754
eol_compatible,B2,none,pearson,chargetime_early_median,ir_early_mean,33,0.5938960793340979
eol_compatible,B2,none,spearman,chargetime_early_median,ir_early_mean,33,0.17981283422459893
eol_compatible,B2,none,pearson,chargetime_early_median,ir_change_100_2,33,-0.4511839172729113
eol_compatible,B2,none,spearman,chargetime_early_median,ir_change_100_2,33,-0.5879010695187166
eol_compatible,B2,none,pearson,chargetime_early_median,ir_early_slope,33,-0.30029391473552747
eol_compatible,B2,none,spearman,chargetime_early_median,ir_early_slope,33,-0.527072192513369
eol_compatible,B2,none,pearson,chargetime_early_median,ir_zero_fraction_early,39,-0.28797068251393954
eol_compatible,B2,none,spearman,chargetime_early_median,ir_zero_fraction_early,39,-0.2146916486201567
eol_compatible,B2,none,pearson,chargetime_early_median,tavg_early_mean,39,-0.38625489325553575
eol_compatible,B2,none,spearman,chargetime_early_median,tavg_early_mean,39,-0.15182186234817815
eol_compatible,B2,none,pearson,chargetime_early_median,ir_missing_fraction_early,39,-0.28797068251393954
eol_compatible,B2,none,spearman,chargetime_early_median,ir_missing_fraction_early,39,-0.2146916486201567
eol_compatible,B2,none,pearson,chargetime_early_median,tmax_early_mean,39,0.010978078742770197
eol_compatible,B2,none,spearman,chargetime_early_median,tmax_early_mean,39,0.08744939271255062
eol_compatible,B2,none,pearson,chargetime_early_median,qd_early_mean_qc,39,0.1941305105322389
eol_compatible,B2,none,spearman,chargetime_early_median,qd_early_mean_qc,39,-0.042105263157894736
eol_compatible,B2,none,pearson,chargetime_early_median,qd_early_std_qc,39,-0.12694904160410175
eol_compatible,B2,none,spearman,chargetime_early_median,qd_early_std_qc,39,0.0036437246963562757
eol_compatible,B2,none,pearson,chargetime_early_median,qd_early_slope_qc,39,0.28526529368061154
eol_compatible,B2,none,spearman,chargetime_early_median,qd_early_slope_qc,39,0.06437246963562754
eol_compatible,B2,none,pearson,chargetime_early_median,qd2_qc,39,0.20109298219662125
eol_compatible,B2,none,spearman,chargetime_early_median,qd2_qc,39,0.06558704453441296
eol_compatible,B2,none,pearson,chargetime_early_median,qd100_qc,39,0.18450005818470594
eol_compatible,B2,none,spearman,chargetime_early_median,qd100_qc,39,-0.03279352226720648
eol_compatible,B2,none,pearson,chargetime_early_median,qd_delta_100_2_qc,39,0.04535671296382244
eol_compatible,B2,none,spearman,chargetime_early_median,qd_delta_100_2_qc,39,-0.10647773279352227
eol_compatible,B2,none,pearson,chargetime_early_mean_qc,qd_early_mean,39,0.21236631332455777
eol_compatible,B2,none,spearman,chargetime_early_mean_qc,qd_early_mean,39,0.007287449392712551
eol_compatible,B2,none,pearson,chargetime_early_mean_qc,qd_early_std,39,-0.14537851986933115
eol_compatible,B2,none,spearman,chargetime_early_mean_qc,qd_early_std,39,0.0036437246963562757
eol_compatible,B2,none,pearson,chargetime_early_mean_qc,qd_early_median,39,0.1774672533044751
eol_compatible,B2,none,spearman,chargetime_early_mean_qc,qd_early_median,39,0.015587044534412954
eol_compatible,B2,none,pearson,chargetime_early_mean_qc,qd2,39,0.22662688328269445
eol_compatible,B2,none,spearman,chargetime_early_mean_qc,qd2,39,0.11700404858299596
eol_compatible,B2,none,pearson,chargetime_early_mean_qc,qd100,39,0.19874818044565273
eol_compatible,B2,none,spearman,chargetime_early_mean_qc,qd100,39,0.01700404858299595
eol_compatible,B2,none,pearson,chargetime_early_mean_qc,qd_delta_100_2,39,0.03406097094779556
eol_compatible,B2,none,spearman,chargetime_early_mean_qc,qd_delta_100_2,39,-0.12591093117408908
eol_compatible,B2,none,pearson,chargetime_early_mean_qc,qd_early_slope,39,0.2680596148357203
eol_compatible,B2,none,spearman,chargetime_early_mean_qc,qd_early_slope,39,0.025101214574898785
eol_compatible,B2,none,pearson,chargetime_early_mean_qc,ir_early_mean,33,0.6199301719464911
eol_compatible,B2,none,spearman,chargetime_early_mean_qc,ir_early_mean,33,0.24532085561497327
eol_compatible,B2,none,pearson,chargetime_early_mean_qc,ir_change_100_2,33,-0.48909531153888747
eol_compatible,B2,none,spearman,chargetime_early_mean_qc,ir_change_100_2,33,-0.5588235294117647
eol_compatible,B2,none,pearson,chargetime_early_mean_qc,ir_early_slope,33,-0.35003356783536393
eol_compatible,B2,none,spearman,chargetime_early_mean_qc,ir_early_slope,33,-0.4963235294117648
eol_compatible,B2,none,pearson,chargetime_early_mean_qc,ir_zero_fraction_early,39,-0.2839199819705214
eol_compatible,B2,none,spearman,chargetime_early_mean_qc,ir_zero_fraction_early,39,-0.2146916486201567
eol_compatible,B2,none,pearson,chargetime_early_mean_qc,tavg_early_mean,39,-0.3672932028914887
eol_compatible,B2,none,spearman,chargetime_early_mean_qc,tavg_early_mean,39,-0.15161943319838056
eol_compatible,B2,none,pearson,chargetime_early_mean_qc,ir_missing_fraction_early,39,-0.2839199819705214
eol_compatible,B2,none,spearman,chargetime_early_mean_qc,ir_missing_fraction_early,39,-0.2146916486201567
eol_compatible,B2,none,pearson,chargetime_early_mean_qc,tmax_early_mean,39,0.009287667087177019
eol_compatible,B2,none,spearman,chargetime_early_mean_qc,tmax_early_mean,39,0.07914979757085021
eol_compatible,B2,none,pearson,chargetime_early_mean_qc,chargetime_early_median,39,0.9952037851428733
eol_compatible,B2,none,spearman,chargetime_early_mean_qc,chargetime_early_median,39,0.9789473684210527
eol_compatible,B2,none,pearson,chargetime_early_mean_qc,qd_early_mean_qc,39,0.21236631332455777
eol_compatible,B2,none,spearman,chargetime_early_mean_qc,qd_early_mean_qc,39,0.007287449392712551
eol_compatible,B2,none,pearson,chargetime_early_mean_qc,qd_early_std_qc,39,-0.14537851986933115
eol_compatible,B2,none,spearman,chargetime_early_mean_qc,qd_early_std_qc,39,0.0036437246963562757
eol_compatible,B2,none,pearson,chargetime_early_mean_qc,qd_early_slope_qc,39,0.2680596148357203
eol_compatible,B2,none,spearman,chargetime_early_mean_qc,qd_early_slope_qc,39,0.025101214574898785
eol_compatible,B2,none,pearson,chargetime_early_mean_qc,qd2_qc,39,0.22662688328269445
eol_compatible,B2,none,spearman,chargetime_early_mean_qc,qd2_qc,39,0.11700404858299596
eol_compatible,B2,none,pearson,chargetime_early_mean_qc,qd100_qc,39,0.19874818044565273
eol_compatible,B2,none,spearman,chargetime_early_mean_qc,qd100_qc,39,0.01700404858299595
eol_compatible,B2,none,pearson,chargetime_early_mean_qc,qd_delta_100_2_qc,39,0.03406097094779556
eol_compatible,B2,none,spearman,chargetime_early_mean_qc,qd_delta_100_2_qc,39,-0.12591093117408908
eol_compatible,B2,none,pearson,qd_early_mean_qc,qd_early_std,39,-0.19776797479816904
eol_compatible,B2,none,spearman,qd_early_mean_qc,qd_early_std,39,-0.1410931174089069
eol_compatible,B2,none,pearson,qd_early_mean_qc,qd_early_median,39,0.9968415131798474
eol_compatible,B2,none,spearman,qd_early_mean_qc,qd_early_median,39,0.9949392712550609
eol_compatible,B2,none,pearson,qd_early_mean_qc,qd_early_slope,39,0.38584098029647934
eol_compatible,B2,none,spearman,qd_early_mean_qc,qd_early_slope,39,0.3390688259109312
eol_compatible,B2,none,pearson,qd_early_mean_qc,tavg_early_mean,39,-0.3275900362325804
eol_compatible,B2,none,spearman,qd_early_mean_qc,tavg_early_mean,39,-0.2593117408906883
eol_compatible,B2,none,pearson,qd_early_mean_qc,tmax_early_mean,39,-0.22725703100384664
eol_compatible,B2,none,spearman,qd_early_mean_qc,tmax_early_mean,39,-0.2538461538461539
eol_compatible,B2,none,pearson,qd_early_mean_qc,qd_early_std_qc,39,-0.19776797479816904
eol_compatible,B2,none,spearman,qd_early_mean_qc,qd_early_std_qc,39,-0.1410931174089069
eol_compatible,B2,none,pearson,qd_early_mean_qc,qd_early_slope_qc,39,0.38584098029647934
eol_compatible,B2,none,spearman,qd_early_mean_qc,qd_early_slope_qc,39,0.3390688259109312
eol_compatible,B2,none,pearson,qd_early_std_qc,tavg_early_mean,39,0.11876302496052381
eol_compatible,B2,none,spearman,qd_early_std_qc,tavg_early_mean,39,0.03117408906882591
eol_compatible,B2,none,pearson,qd_early_std_qc,tmax_early_mean,39,0.14185729352115511
eol_compatible,B2,none,spearman,qd_early_std_qc,tmax_early_mean,39,0.18866396761133603
eol_compatible,B2,none,pearson,qd_early_slope_qc,qd_early_std,39,-0.2511394247856577
eol_compatible,B2,none,spearman,qd_early_slope_qc,qd_early_std,39,-0.07975708502024292
eol_compatible,B2,none,pearson,qd_early_slope_qc,tavg_early_mean,39,-0.22003893096695876
eol_compatible,B2,none,spearman,qd_early_slope_qc,tavg_early_mean,39,-0.18137651821862347
eol_compatible,B2,none,pearson,qd_early_slope_qc,tmax_early_mean,39,-0.010151846093156745
eol_compatible,B2,none,spearman,qd_early_slope_qc,tmax_early_mean,39,0.03097165991902834
eol_compatible,B2,none,pearson,qd_early_slope_qc,qd_early_std_qc,39,-0.2511394247856577
eol_compatible,B2,none,spearman,qd_early_slope_qc,qd_early_std_qc,39,-0.07975708502024292
eol_compatible,B2,none,pearson,qd2_qc,qd_early_mean,39,0.9429917546089435
eol_compatible,B2,none,spearman,qd2_qc,qd_early_mean,39,0.9180161943319838
eol_compatible,B2,none,pearson,qd2_qc,qd_early_std,39,-0.09011128406812986
eol_compatible,B2,none,spearman,qd2_qc,qd_early_std,39,-0.07489878542510123
eol_compatible,B2,none,pearson,qd2_qc,qd_early_median,39,0.9415062501262249
eol_compatible,B2,none,spearman,qd2_qc,qd_early_median,39,0.9255060728744939
eol_compatible,B2,none,pearson,qd2_qc,qd_delta_100_2,39,0.0893646337881061
eol_compatible,B2,none,spearman,qd2_qc,qd_delta_100_2,39,0.1611336032388664
eol_compatible,B2,none,pearson,qd2_qc,qd_early_slope,39,0.0909650752821447
eol_compatible,B2,none,spearman,qd2_qc,qd_early_slope,39,0.08481781376518219
eol_compatible,B2,none,pearson,qd2_qc,tavg_early_mean,39,-0.29991951120916865
eol_compatible,B2,none,spearman,qd2_qc,tavg_early_mean,39,-0.1836032388663968
eol_compatible,B2,none,pearson,qd2_qc,tmax_early_mean,39,-0.23626318483323555
eol_compatible,B2,none,spearman,qd2_qc,tmax_early_mean,39,-0.23137651821862348
eol_compatible,B2,none,pearson,qd2_qc,qd_early_mean_qc,39,0.9429917546089435
eol_compatible,B2,none,spearman,qd2_qc,qd_early_mean_qc,39,0.9180161943319838
eol_compatible,B2,none,pearson,qd2_qc,qd_early_std_qc,39,-0.09011128406812986
eol_compatible,B2,none,spearman,qd2_qc,qd_early_std_qc,39,-0.07489878542510123
eol_compatible,B2,none,pearson,qd2_qc,qd_early_slope_qc,39,0.0909650752821447
eol_compatible,B2,none,spearman,qd2_qc,qd_early_slope_qc,39,0.08481781376518219
eol_compatible,B2,none,pearson,qd2_qc,qd_delta_100_2_qc,39,0.0893646337881061
eol_compatible,B2,none,spearman,qd2_qc,qd_delta_100_2_qc,39,0.1611336032388664
eol_compatible,B2,none,pearson,qd100_qc,qd_early_mean,39,0.9608774528788124
eol_compatible,B2,none,spearman,qd100_qc,qd_early_mean,39,0.9378542510121458
eol_compatible,B2,none,pearson,qd100_qc,qd_early_std,39,-0.20885497173105136
eol_compatible,B2,none,spearman,qd100_qc,qd_early_std,39,-0.1742914979757085
eol_compatible,B2,none,pearson,qd100_qc,qd_early_median,39,0.9567962815646442
eol_compatible,B2,none,spearman,qd100_qc,qd_early_median,39,0.924493927125506
eol_compatible,B2,none,pearson,qd100_qc,qd2,39,0.844191513918739
eol_compatible,B2,none,spearman,qd100_qc,qd2,39,0.8080971659919028
eol_compatible,B2,none,pearson,qd100_qc,qd_delta_100_2,39,0.6093378351755423
eol_compatible,B2,none,spearman,qd100_qc,qd_delta_100_2,39,0.6319838056680163
eol_compatible,B2,none,pearson,qd100_qc,qd_early_slope,39,0.5573010499168232
eol_compatible,B2,none,spearman,qd100_qc,qd_early_slope,39,0.5052631578947369
eol_compatible,B2,none,pearson,qd100_qc,tavg_early_mean,39,-0.3389729621004302
eol_compatible,B2,none,spearman,qd100_qc,tavg_early_mean,39,-0.2736842105263158
eol_compatible,B2,none,pearson,qd100_qc,tmax_early_mean,39,-0.2374390527427895
eol_compatible,B2,none,spearman,qd100_qc,tmax_early_mean,39,-0.22550607287449395
eol_compatible,B2,none,pearson,qd100_qc,qd_early_mean_qc,39,0.9608774528788124
eol_compatible,B2,none,spearman,qd100_qc,qd_early_mean_qc,39,0.9378542510121458
eol_compatible,B2,none,pearson,qd100_qc,qd_early_std_qc,39,-0.20885497173105136
eol_compatible,B2,none,spearman,qd100_qc,qd_early_std_qc,39,-0.1742914979757085
eol_compatible,B2,none,pearson,qd100_qc,qd_early_slope_qc,39,0.5573010499168232
eol_compatible,B2,none,spearman,qd100_qc,qd_early_slope_qc,39,0.5052631578947369
eol_compatible,B2,none,pearson,qd100_qc,qd2_qc,39,0.844191513918739
eol_compatible,B2,none,spearman,qd100_qc,qd2_qc,39,0.8080971659919028
eol_compatible,B2,none,pearson,qd100_qc,qd_delta_100_2_qc,39,0.6093378351755423
eol_compatible,B2,none,spearman,qd100_qc,qd_delta_100_2_qc,39,0.6319838056680163
eol_compatible,B2,none,pearson,qd_delta_100_2_qc,qd_early_mean,39,0.39050077498084884
eol_compatible,B2,none,spearman,qd_delta_100_2_qc,qd_early_mean,39,0.419838056680162
eol_compatible,B2,none,pearson,qd_delta_100_2_qc,qd_early_std,39,-0.25477334944020885
eol_compatible,B2,none,spearman,qd_delta_100_2_qc,qd_early_std,39,-0.13299595141700404
eol_compatible,B2,none,pearson,qd_delta_100_2_qc,qd_early_median,39,0.38511505570983956
eol_compatible,B2,none,spearman,qd_delta_100_2_qc,qd_early_median,39,0.3862348178137652
eol_compatible,B2,none,pearson,qd_delta_100_2_qc,qd_early_slope,39,0.9009450316975812
eol_compatible,B2,none,spearman,qd_delta_100_2_qc,qd_early_slope,39,0.8939271255060729
eol_compatible,B2,none,pearson,qd_delta_100_2_qc,tavg_early_mean,39,-0.1861932236286195
eol_compatible,B2,none,spearman,qd_delta_100_2_qc,tavg_early_mean,39,-0.251417004048583
eol_compatible,B2,none,pearson,qd_delta_100_2_qc,tmax_early_mean,39,-0.0916970528953588
eol_compatible,B2,none,spearman,qd_delta_100_2_qc,tmax_early_mean,39,-0.09777327935222672
eol_compatible,B2,none,pearson,qd_delta_100_2_qc,qd_early_mean_qc,39,0.39050077498084884
eol_compatible,B2,none,spearman,qd_delta_100_2_qc,qd_early_mean_qc,39,0.419838056680162
eol_compatible,B2,none,pearson,qd_delta_100_2_qc,qd_early_std_qc,39,-0.25477334944020885
eol_compatible,B2,none,spearman,qd_delta_100_2_qc,qd_early_std_qc,39,-0.13299595141700404
eol_compatible,B2,none,pearson,qd_delta_100_2_qc,qd_early_slope_qc,39,0.9009450316975812
eol_compatible,B2,none,spearman,qd_delta_100_2_qc,qd_early_slope_qc,39,0.8939271255060729
eol_compatible,B3,none,pearson,qd_early_mean,qd_early_std,44,-0.5025498603645656
eol_compatible,B3,none,spearman,qd_early_mean,qd_early_std,44,-0.503030303030303
eol_compatible,B3,none,pearson,qd_early_mean,qd_early_median,44,0.999962556479454
eol_compatible,B3,none,spearman,qd_early_mean,qd_early_median,44,0.9998590556730093
eol_compatible,B3,none,pearson,qd_early_mean,qd_early_slope,44,0.43663278922897697
eol_compatible,B3,none,spearman,qd_early_mean,qd_early_slope,44,0.351092318534179
eol_compatible,B3,none,pearson,qd_early_mean,tavg_early_mean,44,-0.4159747360147672
eol_compatible,B3,none,spearman,qd_early_mean,tavg_early_mean,44,-0.43890063424947146
eol_compatible,B3,none,pearson,qd_early_mean,tmax_early_mean,44,-0.4108219582123925
eol_compatible,B3,none,spearman,qd_early_mean,tmax_early_mean,44,-0.4405919661733615
eol_compatible,B3,none,pearson,qd_early_mean,qd_early_mean_qc,44,0.9999999999999999
eol_compatible,B3,none,spearman,qd_early_mean,qd_early_mean_qc,44,1.0
eol_compatible,B3,none,pearson,qd_early_mean,qd_early_std_qc,44,-0.5025498603645656
eol_compatible,B3,none,spearman,qd_early_mean,qd_early_std_qc,44,-0.503030303030303
eol_compatible,B3,none,pearson,qd_early_mean,qd_early_slope_qc,44,0.43663278922897697
eol_compatible,B3,none,spearman,qd_early_mean,qd_early_slope_qc,44,0.351092318534179
eol_compatible,B3,none,pearson,qd_early_std,tavg_early_mean,44,0.21075805586740168
eol_compatible,B3,none,spearman,qd_early_std,tavg_early_mean,44,0.4614517265680056
eol_compatible,B3,none,pearson,qd_early_std,tmax_early_mean,44,0.2234535784576381
eol_compatible,B3,none,spearman,qd_early_std,tmax_early_mean,44,0.4200140944326991
eol_compatible,B3,none,pearson,qd_early_std,qd_early_std_qc,44,1.0
eol_compatible,B3,none,spearman,qd_early_std,qd_early_std_qc,44,1.0
eol_compatible,B3,none,pearson,qd_early_median,qd_early_std,44,-0.5021060105488404
eol_compatible,B3,none,spearman,qd_early_median,qd_early_std,44,-0.5013389711064129
eol_compatible,B3,none,pearson,qd_early_median,qd_early_slope,44,0.43555616007154796
eol_compatible,B3,none,spearman,qd_early_median,qd_early_slope,44,0.3503875968992248
eol_compatible,B3,none,pearson,qd_early_median,tavg_early_mean,44,-0.4148405705049843
eol_compatible,B3,none,spearman,qd_early_median,tavg_early_mean,44,-0.441014799154334
eol_compatible,B3,none,pearson,qd_early_median,tmax_early_mean,44,-0.4096171743856317
eol_compatible,B3,none,spearman,qd_early_median,tmax_early_mean,44,-0.44228329809725164
eol_compatible,B3,none,pearson,qd_early_median,qd_early_std_qc,44,-0.5021060105488404
eol_compatible,B3,none,spearman,qd_early_median,qd_early_std_qc,44,-0.5013389711064129
eol_compatible,B3,none,pearson,qd_early_median,qd_early_slope_qc,44,0.43555616007154796
eol_compatible,B3,none,spearman,qd_early_median,qd_early_slope_qc,44,0.3503875968992248
eol_compatible,B3,none,pearson,qd2,qd_early_mean,44,0.9396453454412712
eol_compatible,B3,none,spearman,qd2,qd_early_mean,44,0.9451726568005638
eol_compatible,B3,none,pearson,qd2,qd_early_std,44,-0.2001091957201482
eol_compatible,B3,none,spearman,qd2,qd_early_std,44,-0.3932346723044397
eol_compatible,B3,none,pearson,qd2,qd_early_median,44,0.9398298928932725
eol_compatible,B3,none,spearman,qd2,qd_early_median,44,0.947568710359408
eol_compatible,B3,none,pearson,qd2,qd_delta_100_2,44,0.09329376761510395
eol_compatible,B3,none,spearman,qd2,qd_delta_100_2,44,0.05553206483439041
eol_compatible,B3,none,pearson,qd2,qd_early_slope,44,0.11156509281478053
eol_compatible,B3,none,spearman,qd2,qd_early_slope,44,0.15856236786469344
eol_compatible,B3,none,pearson,qd2,tavg_early_mean,44,-0.3481266173079822
eol_compatible,B3,none,spearman,qd2,tavg_early_mean,44,-0.36405919661733616
eol_compatible,B3,none,pearson,qd2,tmax_early_mean,44,-0.34176693832241445
eol_compatible,B3,none,spearman,qd2,tmax_early_mean,44,-0.3610993657505285
eol_compatible,B3,none,pearson,qd2,qd_early_mean_qc,44,0.9396453454412712
eol_compatible,B3,none,spearman,qd2,qd_early_mean_qc,44,0.9451726568005638
eol_compatible,B3,none,pearson,qd2,qd_early_std_qc,44,-0.2001091957201482
eol_compatible,B3,none,spearman,qd2,qd_early_std_qc,44,-0.3932346723044397
eol_compatible,B3,none,pearson,qd2,qd_early_slope_qc,44,0.11156509281478053
eol_compatible,B3,none,spearman,qd2,qd_early_slope_qc,44,0.15856236786469344
eol_compatible,B3,none,pearson,qd2,qd2_qc,44,1.0
eol_compatible,B3,none,spearman,qd2,qd2_qc,44,1.0
eol_compatible,B3,none,pearson,qd2,qd_delta_100_2_qc,44,0.09329376761510395
eol_compatible,B3,none,spearman,qd2,qd_delta_100_2_qc,44,0.05553206483439041
eol_compatible,B3,none,pearson,qd100,qd_early_mean,44,0.9759548292996494
eol_compatible,B3,none,spearman,qd100,qd_early_mean,44,0.9942212825933755
eol_compatible,B3,none,pearson,qd100,qd_early_std,44,-0.6711488776937308
eol_compatible,B3,none,spearman,qd100,qd_early_std,44,-0.5299506694855531
eol_compatible,B3,none,pearson,qd100,qd_early_median,44,0.9756480669767534
eol_compatible,B3,none,spearman,qd100,qd_early_median,44,0.9936575052854122
eol_compatible,B3,none,pearson,qd100,qd2,44,0.8465096534613622
eol_compatible,B3,none,spearman,qd100,qd2,44,0.9181113460183228
eol_compatible,B3,none,pearson,qd100,qd_delta_100_2,44,0.6090255667570322
eol_compatible,B3,none,spearman,qd100,qd_delta_100_2,44,0.3436222692036645
eol_compatible,B3,none,pearson,qd100,qd_early_slope,44,0.6201362271552533
eol_compatible,B3,none,spearman,qd100,qd_early_slope,44,0.4032417195207892
eol_compatible,B3,none,pearson,qd100,tavg_early_mean,44,-0.4109608337192031
eol_compatible,B3,none,spearman,qd100,tavg_early_mean,44,-0.4507399577167019
eol_compatible,B3,none,pearson,qd100,tmax_early_mean,44,-0.41179068887511394
eol_compatible,B3,none,spearman,qd100,tmax_early_mean,44,-0.453276955602537
eol_compatible,B3,none,pearson,qd100,qd_early_mean_qc,44,0.9759548292996494
eol_compatible,B3,none,spearman,qd100,qd_early_mean_qc,44,0.9942212825933755
eol_compatible,B3,none,pearson,qd100,qd_early_std_qc,44,-0.6711488776937308
eol_compatible,B3,none,spearman,qd100,qd_early_std_qc,44,-0.5299506694855531
eol_compatible,B3,none,pearson,qd100,qd_early_slope_qc,44,0.6201362271552533
eol_compatible,B3,none,spearman,qd100,qd_early_slope_qc,44,0.4032417195207892
eol_compatible,B3,none,pearson,qd100,qd2_qc,44,0.8465096534613622
eol_compatible,B3,none,spearman,qd100,qd2_qc,44,0.9181113460183228
eol_compatible,B3,none,pearson,qd100,qd100_qc,44,1.0
eol_compatible,B3,none,spearman,qd100,qd100_qc,44,1.0
eol_compatible,B3,none,pearson,qd100,qd_delta_100_2_qc,44,0.6090255667570322
eol_compatible,B3,none,spearman,qd100,qd_delta_100_2_qc,44,0.3436222692036645
eol_compatible,B3,none,pearson,qd_delta_100_2,qd_early_mean,44,0.4252993793831028
eol_compatible,B3,none,spearman,qd_delta_100_2,qd_early_mean,44,0.28527131782945736
eol_compatible,B3,none,pearson,qd_delta_100_2,qd_early_std,44,-0.9570445233196272
eol_compatible,B3,none,spearman,qd_delta_100_2,qd_early_std,44,-0.2840028188865398
eol_compatible,B3,none,pearson,qd_delta_100_2,qd_early_median,44,0.42445072999089084
eol_compatible,B3,none,spearman,qd_delta_100_2,qd_early_median,44,0.2848484848484848
eol_compatible,B3,none,pearson,qd_delta_100_2,qd_early_slope,44,0.9935576985921969
eol_compatible,B3,none,spearman,qd_delta_100_2,qd_early_slope,44,0.8711768851303734
eol_compatible,B3,none,pearson,qd_delta_100_2,tavg_early_mean,44,-0.24992168050186112
eol_compatible,B3,none,spearman,qd_delta_100_2,tavg_early_mean,44,-0.4133897110641296
eol_compatible,B3,none,pearson,qd_delta_100_2,tmax_early_mean,44,-0.26094856370861513
eol_compatible,B3,none,spearman,qd_delta_100_2,tmax_early_mean,44,-0.414799154334038
eol_compatible,B3,none,pearson,qd_delta_100_2,qd_early_mean_qc,44,0.4252993793831028
eol_compatible,B3,none,spearman,qd_delta_100_2,qd_early_mean_qc,44,0.28527131782945736
eol_compatible,B3,none,pearson,qd_delta_100_2,qd_early_std_qc,44,-0.9570445233196272
eol_compatible,B3,none,spearman,qd_delta_100_2,qd_early_std_qc,44,-0.2840028188865398
eol_compatible,B3,none,pearson,qd_delta_100_2,qd_early_slope_qc,44,0.9935576985921969
eol_compatible,B3,none,spearman,qd_delta_100_2,qd_early_slope_qc,44,0.8711768851303734
eol_compatible,B3,none,pearson,qd_delta_100_2,qd_delta_100_2_qc,44,1.0
eol_compatible,B3,none,spearman,qd_delta_100_2,qd_delta_100_2_qc,44,1.0
eol_compatible,B3,none,pearson,qd_early_slope,qd_early_std,44,-0.9655267001894466
eol_compatible,B3,none,spearman,qd_early_slope,qd_early_std,44,-0.4198731501057082
eol_compatible,B3,none,pearson,qd_early_slope,tavg_early_mean,44,-0.24804679180740274
eol_compatible,B3,none,spearman,qd_early_slope,tavg_early_mean,44,-0.5154334038054968
eol_compatible,B3,none,pearson,qd_early_slope,tmax_early_mean,44,-0.26553318143970167
eol_compatible,B3,none,spearman,qd_early_slope,tmax_early_mean,44,-0.5348837209302325
eol_compatible,B3,none,pearson,qd_early_slope,qd_early_std_qc,44,-0.9655267001894466
eol_compatible,B3,none,spearman,qd_early_slope,qd_early_std_qc,44,-0.4198731501057082
eol_compatible,B3,none,pearson,qd_early_slope,qd_early_slope_qc,44,1.0
eol_compatible,B3,none,spearman,qd_early_slope,qd_early_slope_qc,44,1.0
eol_compatible,B3,none,pearson,ir_early_mean,qd_early_mean,44,0.27582676707240544
eol_compatible,B3,none,spearman,ir_early_mean,qd_early_mean,44,0.43058491895701195
eol_compatible,B3,none,pearson,ir_early_mean,qd_early_std,44,-0.6566286415827548
eol_compatible,B3,none,spearman,ir_early_mean,qd_early_std,44,-0.5229034531360113
eol_compatible,B3,none,pearson,ir_early_mean,qd_early_median,44,0.27517971288125664
eol_compatible,B3,none,spearman,ir_early_mean,qd_early_median,44,0.4304439746300211
eol_compatible,B3,none,pearson,ir_early_mean,qd2,44,0.05791929937361112
eol_compatible,B3,none,spearman,ir_early_mean,qd2,44,0.33403805496828753
eol_compatible,B3,none,pearson,ir_early_mean,qd100,44,0.40653402322664434
eol_compatible,B3,none,spearman,ir_early_mean,qd100,44,0.4587737843551797
eol_compatible,B3,none,pearson,ir_early_mean,qd_delta_100_2,44,0.67400487879977
eol_compatible,B3,none,spearman,ir_early_mean,qd_delta_100_2,44,0.4266384778012684
eol_compatible,B3,none,pearson,ir_early_mean,qd_early_slope,44,0.6776755492345841
eol_compatible,B3,none,spearman,ir_early_mean,qd_early_slope,44,0.5212121212121212
eol_compatible,B3,none,pearson,ir_early_mean,ir_early_slope,44,-0.5145650631075243
eol_compatible,B3,none,spearman,ir_early_mean,ir_early_slope,44,-0.20944326990838616
eol_compatible,B3,none,pearson,ir_early_mean,ir_zero_fraction_early,44,
eol_compatible,B3,none,spearman,ir_early_mean,ir_zero_fraction_early,44,
eol_compatible,B3,none,pearson,ir_early_mean,tavg_early_mean,44,-0.2563166186729247
eol_compatible,B3,none,spearman,ir_early_mean,tavg_early_mean,44,-0.2900634249471458
eol_compatible,B3,none,pearson,ir_early_mean,ir_missing_fraction_early,44,
eol_compatible,B3,none,spearman,ir_early_mean,ir_missing_fraction_early,44,
eol_compatible,B3,none,pearson,ir_early_mean,tmax_early_mean,44,-0.21075018593450656
eol_compatible,B3,none,spearman,ir_early_mean,tmax_early_mean,44,-0.3112050739957717
eol_compatible,B3,none,pearson,ir_early_mean,qd_early_mean_qc,44,0.27582676707240544
eol_compatible,B3,none,spearman,ir_early_mean,qd_early_mean_qc,44,0.43058491895701195
eol_compatible,B3,none,pearson,ir_early_mean,qd_early_std_qc,44,-0.6566286415827548
eol_compatible,B3,none,spearman,ir_early_mean,qd_early_std_qc,44,-0.5229034531360113
eol_compatible,B3,none,pearson,ir_early_mean,qd_early_slope_qc,44,0.6776755492345841
eol_compatible,B3,none,spearman,ir_early_mean,qd_early_slope_qc,44,0.5212121212121212
eol_compatible,B3,none,pearson,ir_early_mean,qd2_qc,44,0.05791929937361112
eol_compatible,B3,none,spearman,ir_early_mean,qd2_qc,44,0.33403805496828753
eol_compatible,B3,none,pearson,ir_early_mean,qd100_qc,44,0.40653402322664434
eol_compatible,B3,none,spearman,ir_early_mean,qd100_qc,44,0.4587737843551797
eol_compatible,B3,none,pearson,ir_early_mean,qd_delta_100_2_qc,44,0.67400487879977
eol_compatible,B3,none,spearman,ir_early_mean,qd_delta_100_2_qc,44,0.4266384778012684
eol_compatible,B3,none,pearson,ir_change_100_2,qd_early_mean,44,-0.21781809232001573
eol_compatible,B3,none,spearman,ir_change_100_2,qd_early_mean,44,0.258491895701198
eol_compatible,B3,none,pearson,ir_change_100_2,qd_early_std,44,0.7439178392943615
eol_compatible,B3,none,spearman,ir_change_100_2,qd_early_std,44,0.040169133192389
eol_compatible,B3,none,pearson,ir_change_100_2,qd_early_median,44,-0.21662133062684424
eol_compatible,B3,none,spearman,ir_change_100_2,qd_early_median,44,0.2641296687808316
eol_compatible,B3,none,pearson,ir_change_100_2,qd2,44,0.03236866677699335
eol_compatible,B3,none,spearman,ir_change_100_2,qd2,44,0.40493305144467934
eol_compatible,B3,none,pearson,ir_change_100_2,qd100,44,-0.37396303622335314
eol_compatible,B3,none,spearman,ir_change_100_2,qd100,44,0.20507399577167018
eol_compatible,B3,none,pearson,ir_change_100_2,qd_delta_100_2,44,-0.7476055189226045
eol_compatible,B3,none,spearman,ir_change_100_2,qd_delta_100_2,44,-0.3310782241014799
eol_compatible,B3,none,pearson,ir_change_100_2,qd_early_slope,44,-0.759996942673732
eol_compatible,B3,none,spearman,ir_change_100_2,qd_early_slope,44,-0.3174066243833686
eol_compatible,B3,none,pearson,ir_change_100_2,ir_early_mean,44,-0.5146280546529444
eol_compatible,B3,none,spearman,ir_change_100_2,ir_early_mean,44,-0.10500352360817478
eol_compatible,B3,none,pearson,ir_change_100_2,ir_early_slope,44,0.8913936760354115
eol_compatible,B3,none,spearman,ir_change_100_2,ir_early_slope,44,0.8379140239605355
eol_compatible,B3,none,pearson,ir_change_100_2,ir_zero_fraction_early,44,
eol_compatible,B3,none,spearman,ir_change_100_2,ir_zero_fraction_early,44,
eol_compatible,B3,none,pearson,ir_change_100_2,tavg_early_mean,44,0.1552401963714308
eol_compatible,B3,none,spearman,ir_change_100_2,tavg_early_mean,44,0.17801268498942918
eol_compatible,B3,none,pearson,ir_change_100_2,ir_missing_fraction_early,44,
eol_compatible,B3,none,spearman,ir_change_100_2,ir_missing_fraction_early,44,
eol_compatible,B3,none,pearson,ir_change_100_2,tmax_early_mean,44,0.15417237228062736
eol_compatible,B3,none,spearman,ir_change_100_2,tmax_early_mean,44,0.16758280479210713
eol_compatible,B3,none,pearson,ir_change_100_2,qd_early_mean_qc,44,-0.21781809232001573
eol_compatible,B3,none,spearman,ir_change_100_2,qd_early_mean_qc,44,0.258491895701198
eol_compatible,B3,none,pearson,ir_change_100_2,qd_early_std_qc,44,0.7439178392943615
eol_compatible,B3,none,spearman,ir_change_100_2,qd_early_std_qc,44,0.040169133192389
eol_compatible,B3,none,pearson,ir_change_100_2,qd_early_slope_qc,44,-0.759996942673732
eol_compatible,B3,none,spearman,ir_change_100_2,qd_early_slope_qc,44,-0.3174066243833686
eol_compatible,B3,none,pearson,ir_change_100_2,qd2_qc,44,0.03236866677699335
eol_compatible,B3,none,spearman,ir_change_100_2,qd2_qc,44,0.40493305144467934
eol_compatible,B3,none,pearson,ir_change_100_2,qd100_qc,44,-0.37396303622335314
eol_compatible,B3,none,spearman,ir_change_100_2,qd100_qc,44,0.20507399577167018
eol_compatible,B3,none,pearson,ir_change_100_2,qd_delta_100_2_qc,44,-0.7476055189226045
eol_compatible,B3,none,spearman,ir_change_100_2,qd_delta_100_2_qc,44,-0.3310782241014799
eol_compatible,B3,none,pearson,ir_early_slope,qd_early_mean,44,-0.32829224805250656
eol_compatible,B3,none,spearman,ir_early_slope,qd_early_mean,44,-0.029457364341085267
eol_compatible,B3,none,pearson,ir_early_slope,qd_early_std,44,0.6310499916334903
eol_compatible,B3,none,spearman,ir_early_slope,qd_early_std,44,0.14460887949260043
eol_compatible,B3,none,pearson,ir_early_slope,qd_early_median,44,-0.3275898610376812
eol_compatible,B3,none,spearman,ir_early_slope,qd_early_median,44,-0.024242424242424242
eol_compatible,B3,none,pearson,ir_early_slope,qd2,44,-0.13689358573586707
eol_compatible,B3,none,spearman,ir_early_slope,qd2,44,0.08583509513742071
eol_compatible,B3,none,pearson,ir_early_slope,qd100,44,-0.44256936414948356
eol_compatible,B3,none,spearman,ir_early_slope,qd100,44,-0.07470049330514447
eol_compatible,B3,none,pearson,ir_early_slope,qd_delta_100_2,44,-0.6237387949222579
eol_compatible,B3,none,spearman,ir_early_slope,qd_delta_100_2,44,-0.20535588442565184
eol_compatible,B3,none,pearson,ir_early_slope,qd_early_slope,44,-0.6424472298093375
eol_compatible,B3,none,spearman,ir_early_slope,qd_early_slope,44,-0.24228329809725155
eol_compatible,B3,none,pearson,ir_early_slope,ir_zero_fraction_early,44,
eol_compatible,B3,none,spearman,ir_early_slope,ir_zero_fraction_early,44,
eol_compatible,B3,none,pearson,ir_early_slope,tavg_early_mean,44,0.21209860773843053
eol_compatible,B3,none,spearman,ir_early_slope,tavg_early_mean,44,0.24496124031007752
eol_compatible,B3,none,pearson,ir_early_slope,ir_missing_fraction_early,44,
eol_compatible,B3,none,spearman,ir_early_slope,ir_missing_fraction_early,44,
eol_compatible,B3,none,pearson,ir_early_slope,tmax_early_mean,44,0.18934138449377225
eol_compatible,B3,none,spearman,ir_early_slope,tmax_early_mean,44,0.2311486962649753
eol_compatible,B3,none,pearson,ir_early_slope,qd_early_mean_qc,44,-0.32829224805250656
eol_compatible,B3,none,spearman,ir_early_slope,qd_early_mean_qc,44,-0.029457364341085267
eol_compatible,B3,none,pearson,ir_early_slope,qd_early_std_qc,44,0.6310499916334903
eol_compatible,B3,none,spearman,ir_early_slope,qd_early_std_qc,44,0.14460887949260043
eol_compatible,B3,none,pearson,ir_early_slope,qd_early_slope_qc,44,-0.6424472298093375
eol_compatible,B3,none,spearman,ir_early_slope,qd_early_slope_qc,44,-0.24228329809725155
eol_compatible,B3,none,pearson,ir_early_slope,qd2_qc,44,-0.13689358573586707
eol_compatible,B3,none,spearman,ir_early_slope,qd2_qc,44,0.08583509513742071
eol_compatible,B3,none,pearson,ir_early_slope,qd100_qc,44,-0.44256936414948356
eol_compatible,B3,none,spearman,ir_early_slope,qd100_qc,44,-0.07470049330514447
eol_compatible,B3,none,pearson,ir_early_slope,qd_delta_100_2_qc,44,-0.6237387949222579
eol_compatible,B3,none,spearman,ir_early_slope,qd_delta_100_2_qc,44,-0.20535588442565184
eol_compatible,B3,none,pearson,ir_zero_fraction_early,qd_early_mean,44,
eol_compatible,B3,none,spearman,ir_zero_fraction_early,qd_early_mean,44,
eol_compatible,B3,none,pearson,ir_zero_fraction_early,qd_early_std,44,
eol_compatible,B3,none,spearman,ir_zero_fraction_early,qd_early_std,44,
eol_compatible,B3,none,pearson,ir_zero_fraction_early,qd_early_median,44,
eol_compatible,B3,none,spearman,ir_zero_fraction_early,qd_early_median,44,
eol_compatible,B3,none,pearson,ir_zero_fraction_early,qd2,44,
eol_compatible,B3,none,spearman,ir_zero_fraction_early,qd2,44,
eol_compatible,B3,none,pearson,ir_zero_fraction_early,qd100,44,
eol_compatible,B3,none,spearman,ir_zero_fraction_early,qd100,44,
eol_compatible,B3,none,pearson,ir_zero_fraction_early,qd_delta_100_2,44,
eol_compatible,B3,none,spearman,ir_zero_fraction_early,qd_delta_100_2,44,
eol_compatible,B3,none,pearson,ir_zero_fraction_early,qd_early_slope,44,
eol_compatible,B3,none,spearman,ir_zero_fraction_early,qd_early_slope,44,
eol_compatible,B3,none,pearson,ir_zero_fraction_early,tavg_early_mean,44,
eol_compatible,B3,none,spearman,ir_zero_fraction_early,tavg_early_mean,44,
eol_compatible,B3,none,pearson,ir_zero_fraction_early,tmax_early_mean,44,
eol_compatible,B3,none,spearman,ir_zero_fraction_early,tmax_early_mean,44,
eol_compatible,B3,none,pearson,ir_zero_fraction_early,qd_early_mean_qc,44,
eol_compatible,B3,none,spearman,ir_zero_fraction_early,qd_early_mean_qc,44,
eol_compatible,B3,none,pearson,ir_zero_fraction_early,qd_early_std_qc,44,
eol_compatible,B3,none,spearman,ir_zero_fraction_early,qd_early_std_qc,44,
eol_compatible,B3,none,pearson,ir_zero_fraction_early,qd_early_slope_qc,44,
eol_compatible,B3,none,spearman,ir_zero_fraction_early,qd_early_slope_qc,44,
eol_compatible,B3,none,pearson,ir_zero_fraction_early,qd2_qc,44,
eol_compatible,B3,none,spearman,ir_zero_fraction_early,qd2_qc,44,
eol_compatible,B3,none,pearson,ir_zero_fraction_early,qd100_qc,44,
eol_compatible,B3,none,spearman,ir_zero_fraction_early,qd100_qc,44,
eol_compatible,B3,none,pearson,ir_zero_fraction_early,qd_delta_100_2_qc,44,
eol_compatible,B3,none,spearman,ir_zero_fraction_early,qd_delta_100_2_qc,44,
eol_compatible,B3,none,pearson,tavg_early_mean,tmax_early_mean,44,0.9714934757859056
eol_compatible,B3,none,spearman,tavg_early_mean,tmax_early_mean,44,0.976321353065539
eol_compatible,B3,none,pearson,ir_missing_fraction_early,qd_early_mean,44,
eol_compatible,B3,none,spearman,ir_missing_fraction_early,qd_early_mean,44,
eol_compatible,B3,none,pearson,ir_missing_fraction_early,qd_early_std,44,
eol_compatible,B3,none,spearman,ir_missing_fraction_early,qd_early_std,44,
eol_compatible,B3,none,pearson,ir_missing_fraction_early,qd_early_median,44,
eol_compatible,B3,none,spearman,ir_missing_fraction_early,qd_early_median,44,
eol_compatible,B3,none,pearson,ir_missing_fraction_early,qd2,44,
eol_compatible,B3,none,spearman,ir_missing_fraction_early,qd2,44,
eol_compatible,B3,none,pearson,ir_missing_fraction_early,qd100,44,
eol_compatible,B3,none,spearman,ir_missing_fraction_early,qd100,44,
eol_compatible,B3,none,pearson,ir_missing_fraction_early,qd_delta_100_2,44,
eol_compatible,B3,none,spearman,ir_missing_fraction_early,qd_delta_100_2,44,
eol_compatible,B3,none,pearson,ir_missing_fraction_early,qd_early_slope,44,
eol_compatible,B3,none,spearman,ir_missing_fraction_early,qd_early_slope,44,
eol_compatible,B3,none,pearson,ir_missing_fraction_early,ir_zero_fraction_early,44,
eol_compatible,B3,none,spearman,ir_missing_fraction_early,ir_zero_fraction_early,44,
eol_compatible,B3,none,pearson,ir_missing_fraction_early,tavg_early_mean,44,
eol_compatible,B3,none,spearman,ir_missing_fraction_early,tavg_early_mean,44,
eol_compatible,B3,none,pearson,ir_missing_fraction_early,tmax_early_mean,44,
eol_compatible,B3,none,spearman,ir_missing_fraction_early,tmax_early_mean,44,
eol_compatible,B3,none,pearson,ir_missing_fraction_early,qd_early_mean_qc,44,
eol_compatible,B3,none,spearman,ir_missing_fraction_early,qd_early_mean_qc,44,
eol_compatible,B3,none,pearson,ir_missing_fraction_early,qd_early_std_qc,44,
eol_compatible,B3,none,spearman,ir_missing_fraction_early,qd_early_std_qc,44,
eol_compatible,B3,none,pearson,ir_missing_fraction_early,qd_early_slope_qc,44,
eol_compatible,B3,none,spearman,ir_missing_fraction_early,qd_early_slope_qc,44,
eol_compatible,B3,none,pearson,ir_missing_fraction_early,qd2_qc,44,
eol_compatible,B3,none,spearman,ir_missing_fraction_early,qd2_qc,44,
eol_compatible,B3,none,pearson,ir_missing_fraction_early,qd100_qc,44,
eol_compatible,B3,none,spearman,ir_missing_fraction_early,qd100_qc,44,
eol_compatible,B3,none,pearson,ir_missing_fraction_early,qd_delta_100_2_qc,44,
eol_compatible,B3,none,spearman,ir_missing_fraction_early,qd_delta_100_2_qc,44,
eol_compatible,B3,none,pearson,chargetime_early_mean,qd_early_mean,44,-0.05052569834800147
eol_compatible,B3,none,spearman,chargetime_early_mean,qd_early_mean,44,-0.1880197322057787
eol_compatible,B3,none,pearson,chargetime_early_mean,qd_early_std,44,-0.04950517374941147
eol_compatible,B3,none,spearman,chargetime_early_mean,qd_early_std,44,-0.0463706835799859
eol_compatible,B3,none,pearson,chargetime_early_mean,qd_early_median,44,-0.05481800811536377
eol_compatible,B3,none,spearman,chargetime_early_mean,qd_early_median,44,-0.18717406624383365
eol_compatible,B3,none,pearson,chargetime_early_mean,qd2,44,-0.08168760369839162
eol_compatible,B3,none,spearman,chargetime_early_mean,qd2,44,-0.09739252995066947
eol_compatible,B3,none,pearson,chargetime_early_mean,qd100,44,-0.028456873601477844
eol_compatible,B3,none,spearman,chargetime_early_mean,qd100,44,-0.20028188865398164
eol_compatible,B3,none,pearson,chargetime_early_mean,qd_delta_100_2,44,0.06848165316815899
eol_compatible,B3,none,spearman,chargetime_early_mean,qd_delta_100_2,44,-0.26398872445384075
eol_compatible,B3,none,pearson,chargetime_early_mean,qd_early_slope,44,0.11700672213215117
eol_compatible,B3,none,spearman,chargetime_early_mean,qd_early_slope,44,-0.11472868217054262
eol_compatible,B3,none,pearson,chargetime_early_mean,ir_early_mean,44,0.031184997388373797
eol_compatible,B3,none,spearman,chargetime_early_mean,ir_early_mean,44,-0.0996476391825229
eol_compatible,B3,none,pearson,chargetime_early_mean,ir_change_100_2,44,-0.2120878904264618
eol_compatible,B3,none,spearman,chargetime_early_mean,ir_change_100_2,44,0.03608174770965468
eol_compatible,B3,none,pearson,chargetime_early_mean,ir_early_slope,44,-0.18273922713220797
eol_compatible,B3,none,spearman,chargetime_early_mean,ir_early_slope,44,0.04679351656095841
eol_compatible,B3,none,pearson,chargetime_early_mean,ir_zero_fraction_early,44,
eol_compatible,B3,none,spearman,chargetime_early_mean,ir_zero_fraction_early,44,
eol_compatible,B3,none,pearson,chargetime_early_mean,tavg_early_mean,44,-0.20395618491682416
eol_compatible,B3,none,spearman,chargetime_early_mean,tavg_early_mean,44,-0.09626497533474278
eol_compatible,B3,none,pearson,chargetime_early_mean,ir_missing_fraction_early,44,
eol_compatible,B3,none,spearman,chargetime_early_mean,ir_missing_fraction_early,44,
eol_compatible,B3,none,pearson,chargetime_early_mean,tmax_early_mean,44,-0.20367652103939685
eol_compatible,B3,none,spearman,chargetime_early_mean,tmax_early_mean,44,-0.0697674418604651
eol_compatible,B3,none,pearson,chargetime_early_mean,chargetime_early_median,44,0.9999955348060412
eol_compatible,B3,none,spearman,chargetime_early_mean,chargetime_early_median,44,0.9733253468109759
eol_compatible,B3,none,pearson,chargetime_early_mean,chargetime_early_mean_qc,44,1.0
eol_compatible,B3,none,spearman,chargetime_early_mean,chargetime_early_mean_qc,44,1.0
eol_compatible,B3,none,pearson,chargetime_early_mean,qd_early_mean_qc,44,-0.05052569834800147
eol_compatible,B3,none,spearman,chargetime_early_mean,qd_early_mean_qc,44,-0.1880197322057787
eol_compatible,B3,none,pearson,chargetime_early_mean,qd_early_std_qc,44,-0.04950517374941147
eol_compatible,B3,none,spearman,chargetime_early_mean,qd_early_std_qc,44,-0.0463706835799859
eol_compatible,B3,none,pearson,chargetime_early_mean,qd_early_slope_qc,44,0.11700672213215117
eol_compatible,B3,none,spearman,chargetime_early_mean,qd_early_slope_qc,44,-0.11472868217054262
eol_compatible,B3,none,pearson,chargetime_early_mean,qd2_qc,44,-0.08168760369839162
eol_compatible,B3,none,spearman,chargetime_early_mean,qd2_qc,44,-0.09739252995066947
eol_compatible,B3,none,pearson,chargetime_early_mean,qd100_qc,44,-0.028456873601477844
eol_compatible,B3,none,spearman,chargetime_early_mean,qd100_qc,44,-0.20028188865398164
eol_compatible,B3,none,pearson,chargetime_early_mean,qd_delta_100_2_qc,44,0.06848165316815899
eol_compatible,B3,none,spearman,chargetime_early_mean,qd_delta_100_2_qc,44,-0.26398872445384075
eol_compatible,B3,none,pearson,chargetime_early_median,qd_early_mean,44,-0.04938002193377512
eol_compatible,B3,none,spearman,chargetime_early_median,qd_early_mean,44,-0.21981042333671955
eol_compatible,B3,none,pearson,chargetime_early_median,qd_early_std,44,-0.052142328044840786
eol_compatible,B3,none,spearman,chargetime_early_median,qd_early_std,44,0.004439902747743935
eol_compatible,B3,none,pearson,chargetime_early_median,qd_early_median,44,-0.053676913919349235
eol_compatible,B3,none,spearman,chargetime_early_median,qd_early_median,44,-0.2191056768688237
eol_compatible,B3,none,pearson,chargetime_early_median,qd2,44,-0.08137346338547294
eol_compatible,B3,none,spearman,chargetime_early_median,qd2,44,-0.11642411649639652
eol_compatible,B3,none,pearson,chargetime_early_median,qd100,44,-0.026788130737606785
eol_compatible,B3,none,spearman,chargetime_early_median,qd100,44,-0.23475104845611183
eol_compatible,B3,none,pearson,chargetime_early_median,qd_delta_100_2,44,0.07113449861975757
eol_compatible,B3,none,spearman,chargetime_early_median,qd_delta_100_2,44,-0.2864794391996682
eol_compatible,B3,none,pearson,chargetime_early_median,qd_early_slope,44,0.11967269228308094
eol_compatible,B3,none,spearman,chargetime_early_median,qd_early_slope,44,-0.1211459178312988
eol_compatible,B3,none,pearson,chargetime_early_median,ir_early_mean,44,0.03298076847837606
eol_compatible,B3,none,spearman,chargetime_early_median,ir_early_mean,44,-0.06913562850058413
eol_compatible,B3,none,pearson,chargetime_early_median,ir_change_100_2,44,-0.21432496425971997
eol_compatible,B3,none,spearman,chargetime_early_median,ir_change_100_2,44,0.0539131047940335
eol_compatible,B3,none,pearson,chargetime_early_median,ir_early_slope,44,-0.18459322784063115
eol_compatible,B3,none,spearman,chargetime_early_median,ir_early_slope,44,0.09746643650999781
eol_compatible,B3,none,pearson,chargetime_early_median,ir_zero_fraction_early,44,
eol_compatible,B3,none,spearman,chargetime_early_median,ir_zero_fraction_early,44,
eol_compatible,B3,none,pearson,chargetime_early_median,tavg_early_mean,44,-0.20422167944046976
eol_compatible,B3,none,spearman,chargetime_early_median,tavg_early_mean,44,-0.04010007402327459
eol_compatible,B3,none,pearson,chargetime_early_median,ir_missing_fraction_early,44,
eol_compatible,B3,none,spearman,chargetime_early_median,ir_missing_fraction_early,44,
eol_compatible,B3,none,pearson,chargetime_early_median,tmax_early_mean,44,-0.2040250733530763
eol_compatible,B3,none,spearman,chargetime_early_median,tmax_early_mean,44,-0.03185454034889299
eol_compatible,B3,none,pearson,chargetime_early_median,qd_early_mean_qc,44,-0.04938002193377512
eol_compatible,B3,none,spearman,chargetime_early_median,qd_early_mean_qc,44,-0.21981042333671955
eol_compatible,B3,none,pearson,chargetime_early_median,qd_early_std_qc,44,-0.052142328044840786
eol_compatible,B3,none,spearman,chargetime_early_median,qd_early_std_qc,44,0.004439902747743935
eol_compatible,B3,none,pearson,chargetime_early_median,qd_early_slope_qc,44,0.11967269228308094
eol_compatible,B3,none,spearman,chargetime_early_median,qd_early_slope_qc,44,-0.1211459178312988
eol_compatible,B3,none,pearson,chargetime_early_median,qd2_qc,44,-0.08137346338547294
eol_compatible,B3,none,spearman,chargetime_early_median,qd2_qc,44,-0.11642411649639652
eol_compatible,B3,none,pearson,chargetime_early_median,qd100_qc,44,-0.026788130737606785
eol_compatible,B3,none,spearman,chargetime_early_median,qd100_qc,44,-0.23475104845611183
eol_compatible,B3,none,pearson,chargetime_early_median,qd_delta_100_2_qc,44,0.07113449861975757
eol_compatible,B3,none,spearman,chargetime_early_median,qd_delta_100_2_qc,44,-0.2864794391996682
eol_compatible,B3,none,pearson,chargetime_early_mean_qc,qd_early_mean,44,-0.05052569834800147
eol_compatible,B3,none,spearman,chargetime_early_mean_qc,qd_early_mean,44,-0.1880197322057787
eol_compatible,B3,none,pearson,chargetime_early_mean_qc,qd_early_std,44,-0.04950517374941147
eol_compatible,B3,none,spearman,chargetime_early_mean_qc,qd_early_std,44,-0.0463706835799859
eol_compatible,B3,none,pearson,chargetime_early_mean_qc,qd_early_median,44,-0.05481800811536377
eol_compatible,B3,none,spearman,chargetime_early_mean_qc,qd_early_median,44,-0.18717406624383365
eol_compatible,B3,none,pearson,chargetime_early_mean_qc,qd2,44,-0.08168760369839162
eol_compatible,B3,none,spearman,chargetime_early_mean_qc,qd2,44,-0.09739252995066947
eol_compatible,B3,none,pearson,chargetime_early_mean_qc,qd100,44,-0.028456873601477844
eol_compatible,B3,none,spearman,chargetime_early_mean_qc,qd100,44,-0.20028188865398164
eol_compatible,B3,none,pearson,chargetime_early_mean_qc,qd_delta_100_2,44,0.06848165316815899
eol_compatible,B3,none,spearman,chargetime_early_mean_qc,qd_delta_100_2,44,-0.26398872445384075
eol_compatible,B3,none,pearson,chargetime_early_mean_qc,qd_early_slope,44,0.11700672213215117
eol_compatible,B3,none,spearman,chargetime_early_mean_qc,qd_early_slope,44,-0.11472868217054262
eol_compatible,B3,none,pearson,chargetime_early_mean_qc,ir_early_mean,44,0.031184997388373797
eol_compatible,B3,none,spearman,chargetime_early_mean_qc,ir_early_mean,44,-0.0996476391825229
eol_compatible,B3,none,pearson,chargetime_early_mean_qc,ir_change_100_2,44,-0.2120878904264618
eol_compatible,B3,none,spearman,chargetime_early_mean_qc,ir_change_100_2,44,0.03608174770965468
eol_compatible,B3,none,pearson,chargetime_early_mean_qc,ir_early_slope,44,-0.18273922713220797
eol_compatible,B3,none,spearman,chargetime_early_mean_qc,ir_early_slope,44,0.04679351656095841
eol_compatible,B3,none,pearson,chargetime_early_mean_qc,ir_zero_fraction_early,44,
eol_compatible,B3,none,spearman,chargetime_early_mean_qc,ir_zero_fraction_early,44,
eol_compatible,B3,none,pearson,chargetime_early_mean_qc,tavg_early_mean,44,-0.20395618491682416
eol_compatible,B3,none,spearman,chargetime_early_mean_qc,tavg_early_mean,44,-0.09626497533474278
eol_compatible,B3,none,pearson,chargetime_early_mean_qc,ir_missing_fraction_early,44,
eol_compatible,B3,none,spearman,chargetime_early_mean_qc,ir_missing_fraction_early,44,
eol_compatible,B3,none,pearson,chargetime_early_mean_qc,tmax_early_mean,44,-0.20367652103939685
eol_compatible,B3,none,spearman,chargetime_early_mean_qc,tmax_early_mean,44,-0.0697674418604651
eol_compatible,B3,none,pearson,chargetime_early_mean_qc,chargetime_early_median,44,0.9999955348060412
eol_compatible,B3,none,spearman,chargetime_early_mean_qc,chargetime_early_median,44,0.9733253468109759
eol_compatible,B3,none,pearson,chargetime_early_mean_qc,qd_early_mean_qc,44,-0.05052569834800147
eol_compatible,B3,none,spearman,chargetime_early_mean_qc,qd_early_mean_qc,44,-0.1880197322057787
eol_compatible,B3,none,pearson,chargetime_early_mean_qc,qd_early_std_qc,44,-0.04950517374941147
eol_compatible,B3,none,spearman,chargetime_early_mean_qc,qd_early_std_qc,44,-0.0463706835799859
eol_compatible,B3,none,pearson,chargetime_early_mean_qc,qd_early_slope_qc,44,0.11700672213215117
eol_compatible,B3,none,spearman,chargetime_early_mean_qc,qd_early_slope_qc,44,-0.11472868217054262
eol_compatible,B3,none,pearson,chargetime_early_mean_qc,qd2_qc,44,-0.08168760369839162
eol_compatible,B3,none,spearman,chargetime_early_mean_qc,qd2_qc,44,-0.09739252995066947
eol_compatible,B3,none,pearson,chargetime_early_mean_qc,qd100_qc,44,-0.028456873601477844
eol_compatible,B3,none,spearman,chargetime_early_mean_qc,qd100_qc,44,-0.20028188865398164
eol_compatible,B3,none,pearson,chargetime_early_mean_qc,qd_delta_100_2_qc,44,0.06848165316815899
eol_compatible,B3,none,spearman,chargetime_early_mean_qc,qd_delta_100_2_qc,44,-0.26398872445384075
eol_compatible,B3,none,pearson,qd_early_mean_qc,qd_early_std,44,-0.5025498603645656
eol_compatible,B3,none,spearman,qd_early_mean_qc,qd_early_std,44,-0.503030303030303
eol_compatible,B3,none,pearson,qd_early_mean_qc,qd_early_median,44,0.999962556479454
eol_compatible,B3,none,spearman,qd_early_mean_qc,qd_early_median,44,0.9998590556730093
eol_compatible,B3,none,pearson,qd_early_mean_qc,qd_early_slope,44,0.43663278922897697
eol_compatible,B3,none,spearman,qd_early_mean_qc,qd_early_slope,44,0.351092318534179
eol_compatible,B3,none,pearson,qd_early_mean_qc,tavg_early_mean,44,-0.4159747360147672
eol_compatible,B3,none,spearman,qd_early_mean_qc,tavg_early_mean,44,-0.43890063424947146
eol_compatible,B3,none,pearson,qd_early_mean_qc,tmax_early_mean,44,-0.4108219582123925
eol_compatible,B3,none,spearman,qd_early_mean_qc,tmax_early_mean,44,-0.4405919661733615
eol_compatible,B3,none,pearson,qd_early_mean_qc,qd_early_std_qc,44,-0.5025498603645656
eol_compatible,B3,none,spearman,qd_early_mean_qc,qd_early_std_qc,44,-0.503030303030303
eol_compatible,B3,none,pearson,qd_early_mean_qc,qd_early_slope_qc,44,0.43663278922897697
eol_compatible,B3,none,spearman,qd_early_mean_qc,qd_early_slope_qc,44,0.351092318534179
eol_compatible,B3,none,pearson,qd_early_std_qc,tavg_early_mean,44,0.21075805586740168
eol_compatible,B3,none,spearman,qd_early_std_qc,tavg_early_mean,44,0.4614517265680056
eol_compatible,B3,none,pearson,qd_early_std_qc,tmax_early_mean,44,0.2234535784576381
eol_compatible,B3,none,spearman,qd_early_std_qc,tmax_early_mean,44,0.4200140944326991
eol_compatible,B3,none,pearson,qd_early_slope_qc,qd_early_std,44,-0.9655267001894466
eol_compatible,B3,none,spearman,qd_early_slope_qc,qd_early_std,44,-0.4198731501057082
eol_compatible,B3,none,pearson,qd_early_slope_qc,tavg_early_mean,44,-0.24804679180740274
eol_compatible,B3,none,spearman,qd_early_slope_qc,tavg_early_mean,44,-0.5154334038054968
eol_compatible,B3,none,pearson,qd_early_slope_qc,tmax_early_mean,44,-0.26553318143970167
eol_compatible,B3,none,spearman,qd_early_slope_qc,tmax_early_mean,44,-0.5348837209302325
eol_compatible,B3,none,pearson,qd_early_slope_qc,qd_early_std_qc,44,-0.9655267001894466
eol_compatible,B3,none,spearman,qd_early_slope_qc,qd_early_std_qc,44,-0.4198731501057082
eol_compatible,B3,none,pearson,qd2_qc,qd_early_mean,44,0.9396453454412712
eol_compatible,B3,none,spearman,qd2_qc,qd_early_mean,44,0.9451726568005638
eol_compatible,B3,none,pearson,qd2_qc,qd_early_std,44,-0.2001091957201482
eol_compatible,B3,none,spearman,qd2_qc,qd_early_std,44,-0.3932346723044397
eol_compatible,B3,none,pearson,qd2_qc,qd_early_median,44,0.9398298928932725
eol_compatible,B3,none,spearman,qd2_qc,qd_early_median,44,0.947568710359408
eol_compatible,B3,none,pearson,qd2_qc,qd_delta_100_2,44,0.09329376761510395
eol_compatible,B3,none,spearman,qd2_qc,qd_delta_100_2,44,0.05553206483439041
eol_compatible,B3,none,pearson,qd2_qc,qd_early_slope,44,0.11156509281478053
eol_compatible,B3,none,spearman,qd2_qc,qd_early_slope,44,0.15856236786469344
eol_compatible,B3,none,pearson,qd2_qc,tavg_early_mean,44,-0.3481266173079822
eol_compatible,B3,none,spearman,qd2_qc,tavg_early_mean,44,-0.36405919661733616
eol_compatible,B3,none,pearson,qd2_qc,tmax_early_mean,44,-0.34176693832241445
eol_compatible,B3,none,spearman,qd2_qc,tmax_early_mean,44,-0.3610993657505285
eol_compatible,B3,none,pearson,qd2_qc,qd_early_mean_qc,44,0.9396453454412712
eol_compatible,B3,none,spearman,qd2_qc,qd_early_mean_qc,44,0.9451726568005638
eol_compatible,B3,none,pearson,qd2_qc,qd_early_std_qc,44,-0.2001091957201482
eol_compatible,B3,none,spearman,qd2_qc,qd_early_std_qc,44,-0.3932346723044397
eol_compatible,B3,none,pearson,qd2_qc,qd_early_slope_qc,44,0.11156509281478053
eol_compatible,B3,none,spearman,qd2_qc,qd_early_slope_qc,44,0.15856236786469344
eol_compatible,B3,none,pearson,qd2_qc,qd_delta_100_2_qc,44,0.09329376761510395
eol_compatible,B3,none,spearman,qd2_qc,qd_delta_100_2_qc,44,0.05553206483439041
eol_compatible,B3,none,pearson,qd100_qc,qd_early_mean,44,0.9759548292996494
eol_compatible,B3,none,spearman,qd100_qc,qd_early_mean,44,0.9942212825933755
eol_compatible,B3,none,pearson,qd100_qc,qd_early_std,44,-0.6711488776937308
eol_compatible,B3,none,spearman,qd100_qc,qd_early_std,44,-0.5299506694855531
eol_compatible,B3,none,pearson,qd100_qc,qd_early_median,44,0.9756480669767534
eol_compatible,B3,none,spearman,qd100_qc,qd_early_median,44,0.9936575052854122
eol_compatible,B3,none,pearson,qd100_qc,qd2,44,0.8465096534613622
eol_compatible,B3,none,spearman,qd100_qc,qd2,44,0.9181113460183228
eol_compatible,B3,none,pearson,qd100_qc,qd_delta_100_2,44,0.6090255667570322
eol_compatible,B3,none,spearman,qd100_qc,qd_delta_100_2,44,0.3436222692036645
eol_compatible,B3,none,pearson,qd100_qc,qd_early_slope,44,0.6201362271552533
eol_compatible,B3,none,spearman,qd100_qc,qd_early_slope,44,0.4032417195207892
eol_compatible,B3,none,pearson,qd100_qc,tavg_early_mean,44,-0.4109608337192031
eol_compatible,B3,none,spearman,qd100_qc,tavg_early_mean,44,-0.4507399577167019
eol_compatible,B3,none,pearson,qd100_qc,tmax_early_mean,44,-0.41179068887511394
eol_compatible,B3,none,spearman,qd100_qc,tmax_early_mean,44,-0.453276955602537
eol_compatible,B3,none,pearson,qd100_qc,qd_early_mean_qc,44,0.9759548292996494
eol_compatible,B3,none,spearman,qd100_qc,qd_early_mean_qc,44,0.9942212825933755
eol_compatible,B3,none,pearson,qd100_qc,qd_early_std_qc,44,-0.6711488776937308
eol_compatible,B3,none,spearman,qd100_qc,qd_early_std_qc,44,-0.5299506694855531
eol_compatible,B3,none,pearson,qd100_qc,qd_early_slope_qc,44,0.6201362271552533
eol_compatible,B3,none,spearman,qd100_qc,qd_early_slope_qc,44,0.4032417195207892
eol_compatible,B3,none,pearson,qd100_qc,qd2_qc,44,0.8465096534613622
eol_compatible,B3,none,spearman,qd100_qc,qd2_qc,44,0.9181113460183228
eol_compatible,B3,none,pearson,qd100_qc,qd_delta_100_2_qc,44,0.6090255667570322
eol_compatible,B3,none,spearman,qd100_qc,qd_delta_100_2_qc,44,0.3436222692036645
eol_compatible,B3,none,pearson,qd_delta_100_2_qc,qd_early_mean,44,0.4252993793831028
eol_compatible,B3,none,spearman,qd_delta_100_2_qc,qd_early_mean,44,0.28527131782945736
eol_compatible,B3,none,pearson,qd_delta_100_2_qc,qd_early_std,44,-0.9570445233196272
eol_compatible,B3,none,spearman,qd_delta_100_2_qc,qd_early_std,44,-0.2840028188865398
eol_compatible,B3,none,pearson,qd_delta_100_2_qc,qd_early_median,44,0.42445072999089084
eol_compatible,B3,none,spearman,qd_delta_100_2_qc,qd_early_median,44,0.2848484848484848
eol_compatible,B3,none,pearson,qd_delta_100_2_qc,qd_early_slope,44,0.9935576985921969
eol_compatible,B3,none,spearman,qd_delta_100_2_qc,qd_early_slope,44,0.8711768851303734
eol_compatible,B3,none,pearson,qd_delta_100_2_qc,tavg_early_mean,44,-0.24992168050186112
eol_compatible,B3,none,spearman,qd_delta_100_2_qc,tavg_early_mean,44,-0.4133897110641296
eol_compatible,B3,none,pearson,qd_delta_100_2_qc,tmax_early_mean,44,-0.26094856370861513
eol_compatible,B3,none,spearman,qd_delta_100_2_qc,tmax_early_mean,44,-0.414799154334038
eol_compatible,B3,none,pearson,qd_delta_100_2_qc,qd_early_mean_qc,44,0.4252993793831028
eol_compatible,B3,none,spearman,qd_delta_100_2_qc,qd_early_mean_qc,44,0.28527131782945736
eol_compatible,B3,none,pearson,qd_delta_100_2_qc,qd_early_std_qc,44,-0.9570445233196272
eol_compatible,B3,none,spearman,qd_delta_100_2_qc,qd_early_std_qc,44,-0.2840028188865398
eol_compatible,B3,none,pearson,qd_delta_100_2_qc,qd_early_slope_qc,44,0.9935576985921969
eol_compatible,B3,none,spearman,qd_delta_100_2_qc,qd_early_slope_qc,44,0.8711768851303734
all_labeled_excl_source_issue,ALL,none,pearson,qd_early_mean,qd_early_std,128,0.08080090558141385
all_labeled_excl_source_issue,ALL,none,spearman,qd_early_mean,qd_early_std,128,0.5031473173411463
all_labeled_excl_source_issue,ALL,within_batch_mean_centered,pearson,qd_early_mean,qd_early_std,128,0.005730173187842105
all_labeled_excl_source_issue,ALL,none,pearson,qd_early_mean,qd_early_median,128,0.9929578700635808
all_labeled_excl_source_issue,ALL,none,spearman,qd_early_mean,qd_early_median,128,0.9891045596044681
all_labeled_excl_source_issue,ALL,within_batch_mean_centered,pearson,qd_early_mean,qd_early_median,128,0.9794395216098035
all_labeled_excl_source_issue,ALL,none,pearson,qd_early_mean,qd_early_slope,128,0.2941544557266519
all_labeled_excl_source_issue,ALL,none,spearman,qd_early_mean,qd_early_slope,128,0.28643449002014276
all_labeled_excl_source_issue,ALL,within_batch_mean_centered,pearson,qd_early_mean,qd_early_slope,128,0.27828397689105416
all_labeled_excl_source_issue,ALL,none,pearson,qd_early_mean,tavg_early_mean,128,-0.49784985267765114
all_labeled_excl_source_issue,ALL,none,spearman,qd_early_mean,tavg_early_mean,128,-0.4438289690532869
all_labeled_excl_source_issue,ALL,within_batch_mean_centered,pearson,qd_early_mean,tavg_early_mean,128,-0.3142242314823872
all_labeled_excl_source_issue,ALL,none,pearson,qd_early_mean,tmax_early_mean,128,-0.28685845538074767
all_labeled_excl_source_issue,ALL,none,spearman,qd_early_mean,tmax_early_mean,128,-0.25198567112250503
all_labeled_excl_source_issue,ALL,within_batch_mean_centered,pearson,qd_early_mean,tmax_early_mean,128,-0.2763496706807705
all_labeled_excl_source_issue,ALL,none,pearson,qd_early_mean,qd_early_mean_qc,128,0.9937460598703822
all_labeled_excl_source_issue,ALL,none,spearman,qd_early_mean,qd_early_mean_qc,128,0.9902089818714519
all_labeled_excl_source_issue,ALL,within_batch_mean_centered,pearson,qd_early_mean,qd_early_mean_qc,128,0.9818231980030248
all_labeled_excl_source_issue,ALL,none,pearson,qd_early_mean,qd_early_std_qc,128,0.16003850631888095
all_labeled_excl_source_issue,ALL,none,spearman,qd_early_mean,qd_early_std_qc,128,0.5045206921809192
all_labeled_excl_source_issue,ALL,within_batch_mean_centered,pearson,qd_early_mean,qd_early_std_qc,128,-0.13110035007530246
all_labeled_excl_source_issue,ALL,none,pearson,qd_early_mean,qd_early_slope_qc,128,0.33819528228335816
all_labeled_excl_source_issue,ALL,none,spearman,qd_early_mean,qd_early_slope_qc,128,0.28857466581212227
all_labeled_excl_source_issue,ALL,within_batch_mean_centered,pearson,qd_early_mean,qd_early_slope_qc,128,0.3248841046840282
all_labeled_excl_source_issue,ALL,none,pearson,qd_early_std,tavg_early_mean,128,-0.12313663493539138
all_labeled_excl_source_issue,ALL,none,spearman,qd_early_std,tavg_early_mean,128,-0.19426959348104741
all_labeled_excl_source_issue,ALL,within_batch_mean_centered,pearson,qd_early_std,tavg_early_mean,128,-0.06772888636447154
all_labeled_excl_source_issue,ALL,none,pearson,qd_early_std,tmax_early_mean,128,-0.03984543866790171
all_labeled_excl_source_issue,ALL,none,spearman,qd_early_std,tmax_early_mean,128,-0.012228758469144846
all_labeled_excl_source_issue,ALL,within_batch_mean_centered,pearson,qd_early_std,tmax_early_mean,128,-0.012203838820234167
all_labeled_excl_source_issue,ALL,none,pearson,qd_early_std,qd_early_std_qc,128,0.2786897972310716
all_labeled_excl_source_issue,ALL,none,spearman,qd_early_std,qd_early_std_qc,128,0.9945866141732281
all_labeled_excl_source_issue,ALL,within_batch_mean_centered,pearson,qd_early_std,qd_early_std_qc,128,0.27479643023719846
all_labeled_excl_source_issue,ALL,none,pearson,qd_early_median,qd_early_std,128,-0.028468229544340272
all_labeled_excl_source_issue,ALL,none,spearman,qd_early_median,qd_early_std,128,0.4865065921992309
all_labeled_excl_source_issue,ALL,within_batch_mean_centered,pearson,qd_early_median,qd_early_std,128,-0.1825444963820185
all_labeled_excl_source_issue,ALL,none,pearson,qd_early_median,qd_early_slope,128,0.34157179559918177
all_labeled_excl_source_issue,ALL,none,spearman,qd_early_median,qd_early_slope,128,0.30509522065555755
all_labeled_excl_source_issue,ALL,within_batch_mean_centered,pearson,qd_early_median,qd_early_slope,128,0.35980417214662697
all_labeled_excl_source_issue,ALL,none,pearson,qd_early_median,tavg_early_mean,128,-0.48127279035345
all_labeled_excl_source_issue,ALL,none,spearman,qd_early_median,tavg_early_mean,128,-0.4281381615088811
all_labeled_excl_source_issue,ALL,within_batch_mean_centered,pearson,qd_early_median,tavg_early_mean,128,-0.2915950324800124
all_labeled_excl_source_issue,ALL,none,pearson,qd_early_median,tmax_early_mean,128,-0.2809580073949351
all_labeled_excl_source_issue,ALL,none,spearman,qd_early_median,tmax_early_mean,128,-0.2452046328511262
all_labeled_excl_source_issue,ALL,within_batch_mean_centered,pearson,qd_early_median,tmax_early_mean,128,-0.2711994750255975
all_labeled_excl_source_issue,ALL,none,pearson,qd_early_median,qd_early_std_qc,128,0.1489587603554769
all_labeled_excl_source_issue,ALL,none,spearman,qd_early_median,qd_early_std_qc,128,0.5022832356711224
all_labeled_excl_source_issue,ALL,within_batch_mean_centered,pearson,qd_early_median,qd_early_std_qc,128,-0.15540355171200337
all_labeled_excl_source_issue,ALL,none,pearson,qd_early_median,qd_early_slope_qc,128,0.3460498395876114
all_labeled_excl_source_issue,ALL,none,spearman,qd_early_median,qd_early_slope_qc,128,0.3018162882255997
all_labeled_excl_source_issue,ALL,within_batch_mean_centered,pearson,qd_early_median,qd_early_slope_qc,128,0.3380306680744338
all_labeled_excl_source_issue,ALL,none,pearson,qd2,qd_early_mean,128,0.973756393586778
all_labeled_excl_source_issue,ALL,none,spearman,qd2,qd_early_mean,128,0.9741061618751143
all_labeled_excl_source_issue,ALL,within_batch_mean_centered,pearson,qd2,qd_early_mean,128,0.9312237259194907
all_labeled_excl_source_issue,ALL,none,pearson,qd2,qd_early_std,128,-0.01934248496611954
all_labeled_excl_source_issue,ALL,none,spearman,qd2,qd_early_std,128,0.5187580113532321
all_labeled_excl_source_issue,ALL,within_batch_mean_centered,pearson,qd2,qd_early_std,128,-0.16053385498459405
all_labeled_excl_source_issue,ALL,none,pearson,qd2,qd_early_median,128,0.9810055736093324
all_labeled_excl_source_issue,ALL,none,spearman,qd2,qd_early_median,128,0.9862891411829335
all_labeled_excl_source_issue,ALL,within_batch_mean_centered,pearson,qd2,qd_early_median,128,0.9489887984705585
all_labeled_excl_source_issue,ALL,none,pearson,qd2,qd_delta_100_2,128,0.1477967284366492
all_labeled_excl_source_issue,ALL,none,spearman,qd2,qd_delta_100_2,128,0.17604376487822743
all_labeled_excl_source_issue,ALL,within_batch_mean_centered,pearson,qd2,qd_delta_100_2,128,0.044025001966222624
all_labeled_excl_source_issue,ALL,none,pearson,qd2,qd_early_slope,128,0.21239257323042693
all_labeled_excl_source_issue,ALL,none,spearman,qd2,qd_early_slope,128,0.21088742904229996
all_labeled_excl_source_issue,ALL,within_batch_mean_centered,pearson,qd2,qd_early_slope,128,0.12364240973728038
all_labeled_excl_source_issue,ALL,none,pearson,qd2,tavg_early_mean,128,-0.4367847006120552
all_labeled_excl_source_issue,ALL,none,spearman,qd2,tavg_early_mean,128,-0.40284517487639626
all_labeled_excl_source_issue,ALL,within_batch_mean_centered,pearson,qd2,tavg_early_mean,128,-0.24440481640656714
all_labeled_excl_source_issue,ALL,none,pearson,qd2,tmax_early_mean,128,-0.25045949131277834
all_labeled_excl_source_issue,ALL,none,spearman,qd2,tmax_early_mean,128,-0.22672701886101446
all_labeled_excl_source_issue,ALL,within_batch_mean_centered,pearson,qd2,tmax_early_mean,128,-0.2386464172195131
all_labeled_excl_source_issue,ALL,none,pearson,qd2,qd_early_mean_qc,128,0.9797721371252325
all_labeled_excl_source_issue,ALL,none,spearman,qd2,qd_early_mean_qc,128,0.9845838674235489
all_labeled_excl_source_issue,ALL,within_batch_mean_centered,pearson,qd2,qd_early_mean_qc,128,0.9470962400596266
all_labeled_excl_source_issue,ALL,none,pearson,qd2,qd_early_std_qc,128,0.17651518507238698
all_labeled_excl_source_issue,ALL,none,spearman,qd2,qd_early_std_qc,128,0.5355875755356162
all_labeled_excl_source_issue,ALL,within_batch_mean_centered,pearson,qd2,qd_early_std_qc,128,-0.1216243121709695
all_labeled_excl_source_issue,ALL,none,pearson,qd2,qd_early_slope_qc,128,0.2042418587694969
all_labeled_excl_source_issue,ALL,none,spearman,qd2,qd_early_slope_qc,128,0.20658418787767807
all_labeled_excl_source_issue,ALL,within_batch_mean_centered,pearson,qd2,qd_early_slope_qc,128,0.08288793175226272
all_labeled_excl_source_issue,ALL,none,pearson,qd2,qd2_qc,128,1.0
all_labeled_excl_source_issue,ALL,none,spearman,qd2,qd2_qc,128,1.0
all_labeled_excl_source_issue,ALL,within_batch_mean_centered,pearson,qd2,qd2_qc,128,0.9999999999999999
all_labeled_excl_source_issue,ALL,none,pearson,qd2,qd_delta_100_2_qc,128,0.1477967284366492
all_labeled_excl_source_issue,ALL,none,spearman,qd2,qd_delta_100_2_qc,128,0.17604376487822743
all_labeled_excl_source_issue,ALL,within_batch_mean_centered,pearson,qd2,qd_delta_100_2_qc,128,0.044025001966222624
all_labeled_excl_source_issue,ALL,none,pearson,qd100,qd_early_mean,128,0.9805951261291705
all_labeled_excl_source_issue,ALL,none,spearman,qd100,qd_early_mean,128,0.9776826588536897
all_labeled_excl_source_issue,ALL,within_batch_mean_centered,pearson,qd100,qd_early_mean,128,0.9491973738936338
all_labeled_excl_source_issue,ALL,none,pearson,qd100,qd_early_std,128,-0.04507039887876102
all_labeled_excl_source_issue,ALL,none,spearman,qd100,qd_early_std,128,0.44399491851309286
all_labeled_excl_source_issue,ALL,within_batch_mean_centered,pearson,qd100,qd_early_std,128,-0.19358631852977018
all_labeled_excl_source_issue,ALL,none,pearson,qd100,qd_early_median,128,0.9868884391370103
all_labeled_excl_source_issue,ALL,none,spearman,qd100,qd_early_median,128,0.9876339040468778
all_labeled_excl_source_issue,ALL,within_batch_mean_centered,pearson,qd100,qd_early_median,128,0.9657427900404981
all_labeled_excl_source_issue,ALL,none,pearson,qd100,qd2,128,0.9485733363668603
all_labeled_excl_source_issue,ALL,none,spearman,qd100,qd2,128,0.9600119025819447
all_labeled_excl_source_issue,ALL,within_batch_mean_centered,pearson,qd100,qd2,128,0.85862242686336
all_labeled_excl_source_issue,ALL,none,pearson,qd100,qd_delta_100_2,128,0.45327698547406914
all_labeled_excl_source_issue,ALL,none,spearman,qd100,qd_delta_100_2,128,0.380304660318623
all_labeled_excl_source_issue,ALL,within_batch_mean_centered,pearson,qd100,qd_delta_100_2,128,0.5499123964263201
all_labeled_excl_source_issue,ALL,none,pearson,qd100,qd_early_slope,128,0.4482112691117125
all_labeled_excl_source_issue,ALL,none,spearman,qd100,qd_early_slope,128,0.38921442959164987
all_labeled_excl_source_issue,ALL,within_batch_mean_centered,pearson,qd100,qd_early_slope,128,0.5224971393540856
all_labeled_excl_source_issue,ALL,none,pearson,qd100,tavg_early_mean,128,-0.47844480218034946
all_labeled_excl_source_issue,ALL,none,spearman,qd100,tavg_early_mean,128,-0.4283613349203443
all_labeled_excl_source_issue,ALL,within_batch_mean_centered,pearson,qd100,tavg_early_mean,128,-0.301566521575654
all_labeled_excl_source_issue,ALL,none,pearson,qd100,tmax_early_mean,128,-0.28301831822365553
all_labeled_excl_source_issue,ALL,none,spearman,qd100,tmax_early_mean,128,-0.25357077458340965
all_labeled_excl_source_issue,ALL,within_batch_mean_centered,pearson,qd100,tmax_early_mean,128,-0.2715652264339718
all_labeled_excl_source_issue,ALL,none,pearson,qd100,qd_early_mean_qc,128,0.9878386672856
all_labeled_excl_source_issue,ALL,none,spearman,qd100,qd_early_mean_qc,128,0.9889157205639992
all_labeled_excl_source_issue,ALL,within_batch_mean_centered,pearson,qd100,qd_early_mean_qc,128,0.9682352523980771
all_labeled_excl_source_issue,ALL,none,pearson,qd100,qd_early_std_qc,128,0.12500978506068075
all_labeled_excl_source_issue,ALL,none,spearman,qd100,qd_early_std_qc,128,0.46026941036440217
all_labeled_excl_source_issue,ALL,within_batch_mean_centered,pearson,qd100,qd_early_std_qc,128,-0.17914315704530728
all_labeled_excl_source_issue,ALL,none,pearson,qd100,qd_early_slope_qc,128,0.4594669225735853
all_labeled_excl_source_issue,ALL,none,spearman,qd100,qd_early_slope_qc,128,0.3863074528474638
all_labeled_excl_source_issue,ALL,within_batch_mean_centered,pearson,qd100,qd_early_slope_qc,128,0.5155987542931824
all_labeled_excl_source_issue,ALL,none,pearson,qd100,qd2_qc,128,0.9485733363668603
all_labeled_excl_source_issue,ALL,none,spearman,qd100,qd2_qc,128,0.9600119025819447
all_labeled_excl_source_issue,ALL,within_batch_mean_centered,pearson,qd100,qd2_qc,128,0.85862242686336
all_labeled_excl_source_issue,ALL,none,pearson,qd100,qd100_qc,128,1.0
all_labeled_excl_source_issue,ALL,none,spearman,qd100,qd100_qc,128,1.0
all_labeled_excl_source_issue,ALL,within_batch_mean_centered,pearson,qd100,qd100_qc,128,1.0
all_labeled_excl_source_issue,ALL,none,pearson,qd100,qd_delta_100_2_qc,128,0.45327698547406914
all_labeled_excl_source_issue,ALL,none,spearman,qd100,qd_delta_100_2_qc,128,0.380304660318623
all_labeled_excl_source_issue,ALL,within_batch_mean_centered,pearson,qd100,qd_delta_100_2_qc,128,0.5499123964263201
all_labeled_excl_source_issue,ALL,none,pearson,qd_delta_100_2,qd_early_mean,128,0.32173947734057684
all_labeled_excl_source_issue,ALL,none,spearman,qd_delta_100_2,qd_early_mean,128,0.27870925654642004
all_labeled_excl_source_issue,ALL,within_batch_mean_centered,pearson,qd_delta_100_2,qd_early_mean,128,0.3326089673613922
all_labeled_excl_source_issue,ALL,none,pearson,qd_delta_100_2,qd_early_std,128,-0.08634805037905594
all_labeled_excl_source_issue,ALL,none,spearman,qd_delta_100_2,qd_early_std,128,-0.011833913202710126
all_labeled_excl_source_issue,ALL,within_batch_mean_centered,pearson,qd_delta_100_2,qd_early_std,128,-0.11571629219894453
all_labeled_excl_source_issue,ALL,none,pearson,qd_delta_100_2,qd_early_median,128,0.3209892147261895
all_labeled_excl_source_issue,ALL,none,spearman,qd_delta_100_2,qd_early_median,128,0.28688083684306903
all_labeled_excl_source_issue,ALL,within_batch_mean_centered,pearson,qd_delta_100_2,qd_early_median,128,0.3359089293623905
all_labeled_excl_source_issue,ALL,none,pearson,qd_delta_100_2,qd_early_slope,128,0.8022827723144734
all_labeled_excl_source_issue,ALL,none,spearman,qd_delta_100_2,qd_early_slope,128,0.841295092473906
all_labeled_excl_source_issue,ALL,within_batch_mean_centered,pearson,qd_delta_100_2,qd_early_slope,128,0.8168448162444443
all_labeled_excl_source_issue,ALL,none,pearson,qd_delta_100_2,tavg_early_mean,128,-0.26489266885013896
all_labeled_excl_source_issue,ALL,none,spearman,qd_delta_100_2,tavg_early_mean,128,-0.36627906976744184
all_labeled_excl_source_issue,ALL,within_batch_mean_centered,pearson,qd_delta_100_2,tavg_early_mean,128,-0.18950477630070234
all_labeled_excl_source_issue,ALL,none,pearson,qd_delta_100_2,tmax_early_mean,128,-0.17898215562939232
all_labeled_excl_source_issue,ALL,none,spearman,qd_delta_100_2,tmax_early_mean,128,-0.2393735121772569
all_labeled_excl_source_issue,ALL,within_batch_mean_centered,pearson,qd_delta_100_2,tmax_early_mean,128,-0.14041729422419308
all_labeled_excl_source_issue,ALL,none,pearson,qd_delta_100_2,qd_early_mean_qc,128,0.32743114297659565
all_labeled_excl_source_issue,ALL,none,spearman,qd_delta_100_2,qd_early_mean_qc,128,0.29641434718915943
all_labeled_excl_source_issue,ALL,within_batch_mean_centered,pearson,qd_delta_100_2,qd_early_mean_qc,128,0.34385017962722786
all_labeled_excl_source_issue,ALL,none,pearson,qd_delta_100_2,qd_early_std_qc,128,-0.10646848543731537
all_labeled_excl_source_issue,ALL,none,spearman,qd_delta_100_2,qd_early_std_qc,128,-0.00029756454861746927
all_labeled_excl_source_issue,ALL,within_batch_mean_centered,pearson,qd_delta_100_2,qd_early_std_qc,128,-0.15096533645382842
all_labeled_excl_source_issue,ALL,none,pearson,qd_delta_100_2,qd_early_slope_qc,128,0.8603996816641402
all_labeled_excl_source_issue,ALL,none,spearman,qd_delta_100_2,qd_early_slope_qc,128,0.8411691997802598
all_labeled_excl_source_issue,ALL,within_batch_mean_centered,pearson,qd_delta_100_2,qd_early_slope_qc,128,0.8698040455073937
all_labeled_excl_source_issue,ALL,none,pearson,qd_delta_100_2,qd_delta_100_2_qc,128,0.9999999999999999
all_labeled_excl_source_issue,ALL,none,spearman,qd_delta_100_2,qd_delta_100_2_qc,128,1.0
all_labeled_excl_source_issue,ALL,within_batch_mean_centered,pearson,qd_delta_100_2,qd_delta_100_2_qc,128,1.0
all_labeled_excl_source_issue,ALL,none,pearson,qd_early_slope,qd_early_std,128,-0.5045443155152121
all_labeled_excl_source_issue,ALL,none,spearman,qd_early_slope,qd_early_std,128,-0.007147271561984984
all_labeled_excl_source_issue,ALL,within_batch_mean_centered,pearson,qd_early_slope,qd_early_std,128,-0.5267351688723106
all_labeled_excl_source_issue,ALL,none,pearson,qd_early_slope,tavg_early_mean,128,-0.14433431461522342
all_labeled_excl_source_issue,ALL,none,spearman,qd_early_slope,tavg_early_mean,128,-0.3189891961179271
all_labeled_excl_source_issue,ALL,within_batch_mean_centered,pearson,qd_early_slope,tavg_early_mean,128,-0.1191067842402196
all_labeled_excl_source_issue,ALL,none,pearson,qd_early_slope,tmax_early_mean,128,-0.08104396896139113
all_labeled_excl_source_issue,ALL,none,spearman,qd_early_slope,tmax_early_mean,128,-0.2106013092840139
all_labeled_excl_source_issue,ALL,within_batch_mean_centered,pearson,qd_early_slope,tmax_early_mean,128,-0.06997649560856835
all_labeled_excl_source_issue,ALL,none,pearson,qd_early_slope,qd_early_std_qc,128,-0.33704426821347006
all_labeled_excl_source_issue,ALL,none,spearman,qd_early_slope,qd_early_std_qc,128,0.009178721845815786
all_labeled_excl_source_issue,ALL,within_batch_mean_centered,pearson,qd_early_slope,qd_early_std_qc,128,-0.41935272793745737
all_labeled_excl_source_issue,ALL,none,pearson,qd_early_slope,qd_early_slope_qc,128,0.9313345902191288
all_labeled_excl_source_issue,ALL,none,spearman,qd_early_slope,qd_early_slope_qc,128,0.999221754257462
all_labeled_excl_source_issue,ALL,within_batch_mean_centered,pearson,qd_early_slope,qd_early_slope_qc,128,0.9297916738793967
all_labeled_excl_source_issue,ALL,none,pearson,ir_early_mean,qd_early_mean,122,0.6185293223613529
all_labeled_excl_source_issue,ALL,none,spearman,ir_early_mean,qd_early_mean,122,0.6392847819549866
all_labeled_excl_source_issue,ALL,within_batch_mean_centered,pearson,ir_early_mean,qd_early_mean,122,0.3714306092862446
all_labeled_excl_source_issue,ALL,none,pearson,ir_early_mean,qd_early_std,122,0.21205588705069855
all_labeled_excl_source_issue,ALL,none,spearman,ir_early_mean,qd_early_std,122,0.24160583700404134
all_labeled_excl_source_issue,ALL,within_batch_mean_centered,pearson,ir_early_mean,qd_early_std,122,0.17145207319001324
all_labeled_excl_source_issue,ALL,none,pearson,ir_early_mean,qd_early_median,122,0.5921615608348059
all_labeled_excl_source_issue,ALL,none,spearman,ir_early_mean,qd_early_median,122,0.6153142048965539
all_labeled_excl_source_issue,ALL,within_batch_mean_centered,pearson,ir_early_mean,qd_early_median,122,0.32646526169799284
all_labeled_excl_source_issue,ALL,none,pearson,ir_early_mean,qd2,122,0.5079846787016709
all_labeled_excl_source_issue,ALL,none,spearman,ir_early_mean,qd2,122,0.5626542771321223
all_labeled_excl_source_issue,ALL,within_batch_mean_centered,pearson,ir_early_mean,qd2,122,0.1911042630459413
all_labeled_excl_source_issue,ALL,none,pearson,ir_early_mean,qd100,122,0.6186474925236773
all_labeled_excl_source_issue,ALL,none,spearman,ir_early_mean,qd100,122,0.6395359211687226
all_labeled_excl_source_issue,ALL,within_batch_mean_centered,pearson,ir_early_mean,qd100,122,0.4091936360823045
all_labeled_excl_source_issue,ALL,none,pearson,ir_early_mean,qd_delta_100_2,122,0.49769297753256136
all_labeled_excl_source_issue,ALL,none,spearman,ir_early_mean,qd_delta_100_2,122,0.4745837202309159
all_labeled_excl_source_issue,ALL,within_batch_mean_centered,pearson,ir_early_mean,qd_delta_100_2,122,0.4852244054096188
all_labeled_excl_source_issue,ALL,none,pearson,ir_early_mean,qd_early_slope,122,0.32108060887392215
all_labeled_excl_source_issue,ALL,none,spearman,ir_early_mean,qd_early_slope,122,0.40300243538948055
all_labeled_excl_source_issue,ALL,within_batch_mean_centered,pearson,ir_early_mean,qd_early_slope,122,0.34409845063004885
all_labeled_excl_source_issue,ALL,none,pearson,ir_early_mean,ir_early_slope,122,-0.1696195287620183
all_labeled_excl_source_issue,ALL,none,spearman,ir_early_mean,ir_early_slope,122,0.28433254797254653
all_labeled_excl_source_issue,ALL,within_batch_mean_centered,pearson,ir_early_mean,ir_early_slope,122,-0.20718266616930306
all_labeled_excl_source_issue,ALL,none,pearson,ir_early_mean,ir_zero_fraction_early,122,0.07393755843716096
all_labeled_excl_source_issue,ALL,none,spearman,ir_early_mean,ir_zero_fraction_early,122,0.07841783781921417
all_labeled_excl_source_issue,ALL,within_batch_mean_centered,pearson,ir_early_mean,ir_zero_fraction_early,122,-0.1371298063939883
all_labeled_excl_source_issue,ALL,none,pearson,ir_early_mean,tavg_early_mean,122,-0.47387977869513914
all_labeled_excl_source_issue,ALL,none,spearman,ir_early_mean,tavg_early_mean,122,-0.4307929720673714
all_labeled_excl_source_issue,ALL,within_batch_mean_centered,pearson,ir_early_mean,tavg_early_mean,122,-0.19342941653634338
all_labeled_excl_source_issue,ALL,none,pearson,ir_early_mean,ir_missing_fraction_early,122,0.07393755843716096
all_labeled_excl_source_issue,ALL,none,spearman,ir_early_mean,ir_missing_fraction_early,122,0.07841783781921417
all_labeled_excl_source_issue,ALL,within_batch_mean_centered,pearson,ir_early_mean,ir_missing_fraction_early,122,-0.1371298063939883
all_labeled_excl_source_issue,ALL,none,pearson,ir_early_mean,tmax_early_mean,122,-0.2003684777033754
all_labeled_excl_source_issue,ALL,none,spearman,ir_early_mean,tmax_early_mean,122,-0.20984333539311548
all_labeled_excl_source_issue,ALL,within_batch_mean_centered,pearson,ir_early_mean,tmax_early_mean,122,-0.08553920653079339
all_labeled_excl_source_issue,ALL,none,pearson,ir_early_mean,qd_early_mean_qc,122,0.5934194536986647
all_labeled_excl_source_issue,ALL,none,spearman,ir_early_mean,qd_early_mean_qc,122,0.616450940285043
all_labeled_excl_source_issue,ALL,within_batch_mean_centered,pearson,ir_early_mean,qd_early_mean_qc,122,0.32824818883997203
all_labeled_excl_source_issue,ALL,none,pearson,ir_early_mean,qd_early_std_qc,122,0.06031138626896206
all_labeled_excl_source_issue,ALL,none,spearman,ir_early_mean,qd_early_std_qc,122,0.22791874985542973
all_labeled_excl_source_issue,ALL,within_batch_mean_centered,pearson,ir_early_mean,qd_early_std_qc,122,-0.08317920302346934
all_labeled_excl_source_issue,ALL,none,pearson,ir_early_mean,qd_early_slope_qc,122,0.438878290859388
all_labeled_excl_source_issue,ALL,none,spearman,ir_early_mean,qd_early_slope_qc,122,0.41108515271577317
all_labeled_excl_source_issue,ALL,within_batch_mean_centered,pearson,ir_early_mean,qd_early_slope_qc,122,0.46633459342742406
all_labeled_excl_source_issue,ALL,none,pearson,ir_early_mean,qd2_qc,122,0.5079846787016709
all_labeled_excl_source_issue,ALL,none,spearman,ir_early_mean,qd2_qc,122,0.5626542771321223
all_labeled_excl_source_issue,ALL,within_batch_mean_centered,pearson,ir_early_mean,qd2_qc,122,0.1911042630459413
all_labeled_excl_source_issue,ALL,none,pearson,ir_early_mean,qd100_qc,122,0.6186474925236773
all_labeled_excl_source_issue,ALL,none,spearman,ir_early_mean,qd100_qc,122,0.6395359211687226
all_labeled_excl_source_issue,ALL,within_batch_mean_centered,pearson,ir_early_mean,qd100_qc,122,0.4091936360823045
all_labeled_excl_source_issue,ALL,none,pearson,ir_early_mean,qd_delta_100_2_qc,122,0.49769297753256136
all_labeled_excl_source_issue,ALL,none,spearman,ir_early_mean,qd_delta_100_2_qc,122,0.4745837202309159
all_labeled_excl_source_issue,ALL,within_batch_mean_centered,pearson,ir_early_mean,qd_delta_100_2_qc,122,0.4852244054096188
all_labeled_excl_source_issue,ALL,none,pearson,ir_change_100_2,qd_early_mean,122,-0.14504426699212727
all_labeled_excl_source_issue,ALL,none,spearman,ir_change_100_2,qd_early_mean,122,0.1687754650206033
all_labeled_excl_source_issue,ALL,within_batch_mean_centered,pearson,ir_change_100_2,qd_early_mean,122,0.012654604804675701
all_labeled_excl_source_issue,ALL,none,pearson,ir_change_100_2,qd_early_std,122,-0.755805153319021
all_labeled_excl_source_issue,ALL,none,spearman,ir_change_100_2,qd_early_std,122,-0.08258845222241681
all_labeled_excl_source_issue,ALL,within_batch_mean_centered,pearson,ir_change_100_2,qd_early_std,122,-0.7734290279068063
all_labeled_excl_source_issue,ALL,none,pearson,ir_change_100_2,qd_early_median,122,-0.05330277323981275
all_labeled_excl_source_issue,ALL,none,spearman,ir_change_100_2,qd_early_median,122,0.18953410371388635
all_labeled_excl_source_issue,ALL,within_batch_mean_centered,pearson,ir_change_100_2,qd_early_median,122,0.17424627459955142
all_labeled_excl_source_issue,ALL,none,pearson,ir_change_100_2,qd2,122,-0.08722259855422342
all_labeled_excl_source_issue,ALL,none,spearman,ir_change_100_2,qd2,122,0.17227819615955273
all_labeled_excl_source_issue,ALL,within_batch_mean_centered,pearson,ir_change_100_2,qd2,122,0.13445699425864338
all_labeled_excl_source_issue,ALL,none,pearson,ir_change_100_2,qd100,122,-0.03901285792912104
all_labeled_excl_source_issue,ALL,none,spearman,ir_change_100_2,qd100,122,0.21508421424818502
all_labeled_excl_source_issue,ALL,within_batch_mean_centered,pearson,ir_change_100_2,qd100,122,0.1853488160723899
all_labeled_excl_source_issue,ALL,none,pearson,ir_change_100_2,qd_delta_100_2,122,0.1167500654175713
all_labeled_excl_source_issue,ALL,none,spearman,ir_change_100_2,qd_delta_100_2,122,0.1797066297447963
all_labeled_excl_source_issue,ALL,within_batch_mean_centered,pearson,ir_change_100_2,qd_delta_100_2,122,0.14218331336907308
all_labeled_excl_source_issue,ALL,none,pearson,ir_change_100_2,qd_early_slope,122,0.34514190587650645
all_labeled_excl_source_issue,ALL,none,spearman,ir_change_100_2,qd_early_slope,122,0.07095674127043398
all_labeled_excl_source_issue,ALL,within_batch_mean_centered,pearson,ir_change_100_2,qd_early_slope,122,0.40984862457603605
all_labeled_excl_source_issue,ALL,none,pearson,ir_change_100_2,ir_early_mean,122,-0.22317178480863134
all_labeled_excl_source_issue,ALL,none,spearman,ir_change_100_2,ir_early_mean,122,0.18899878065302805
all_labeled_excl_source_issue,ALL,within_batch_mean_centered,pearson,ir_change_100_2,ir_early_mean,122,-0.21328506480777903
all_labeled_excl_source_issue,ALL,none,pearson,ir_change_100_2,ir_early_slope,122,0.9344793385658043
all_labeled_excl_source_issue,ALL,none,spearman,ir_change_100_2,ir_early_slope,122,0.927823911757611
all_labeled_excl_source_issue,ALL,within_batch_mean_centered,pearson,ir_change_100_2,ir_early_slope,122,0.9494227469142331
all_labeled_excl_source_issue,ALL,none,pearson,ir_change_100_2,ir_zero_fraction_early,122,0.020137673651085024
all_labeled_excl_source_issue,ALL,none,spearman,ir_change_100_2,ir_zero_fraction_early,122,-0.0264101526334141
all_labeled_excl_source_issue,ALL,within_batch_mean_centered,pearson,ir_change_100_2,ir_zero_fraction_early,122,-0.01990873628428136
all_labeled_excl_source_issue,ALL,none,pearson,ir_change_100_2,tavg_early_mean,122,0.14524142331108597
all_labeled_excl_source_issue,ALL,none,spearman,ir_change_100_2,tavg_early_mean,122,0.017510351231408264
all_labeled_excl_source_issue,ALL,within_batch_mean_centered,pearson,ir_change_100_2,tavg_early_mean,122,0.12738318412496413
all_labeled_excl_source_issue,ALL,none,pearson,ir_change_100_2,ir_missing_fraction_early,122,0.020137673651085024
all_labeled_excl_source_issue,ALL,none,spearman,ir_change_100_2,ir_missing_fraction_early,122,-0.0264101526334141
all_labeled_excl_source_issue,ALL,within_batch_mean_centered,pearson,ir_change_100_2,ir_missing_fraction_early,122,-0.01990873628428136
all_labeled_excl_source_issue,ALL,none,pearson,ir_change_100_2,tmax_early_mean,122,0.07638117092270938
all_labeled_excl_source_issue,ALL,none,spearman,ir_change_100_2,tmax_early_mean,122,0.06638997293644525
all_labeled_excl_source_issue,ALL,within_batch_mean_centered,pearson,ir_change_100_2,tmax_early_mean,122,0.0770206220520662
all_labeled_excl_source_issue,ALL,none,pearson,ir_change_100_2,qd_early_mean_qc,122,-0.05192168453887977
all_labeled_excl_source_issue,ALL,none,spearman,ir_change_100_2,qd_early_mean_qc,122,0.19391582210091168
all_labeled_excl_source_issue,ALL,within_batch_mean_centered,pearson,ir_change_100_2,qd_early_mean_qc,122,0.1724321808488717
all_labeled_excl_source_issue,ALL,none,pearson,ir_change_100_2,qd_early_std_qc,122,-0.012626033786950739
all_labeled_excl_source_issue,ALL,none,spearman,ir_change_100_2,qd_early_std_qc,122,-0.06904676146070496
all_labeled_excl_source_issue,ALL,within_batch_mean_centered,pearson,ir_change_100_2,qd_early_std_qc,122,0.0612148600892613
all_labeled_excl_source_issue,ALL,none,pearson,ir_change_100_2,qd_early_slope_qc,122,0.05875553293730072
all_labeled_excl_source_issue,ALL,none,spearman,ir_change_100_2,qd_early_slope_qc,122,0.06623796762286821
all_labeled_excl_source_issue,ALL,within_batch_mean_centered,pearson,ir_change_100_2,qd_early_slope_qc,122,0.11012733890258869
all_labeled_excl_source_issue,ALL,none,pearson,ir_change_100_2,qd2_qc,122,-0.08722259855422342
all_labeled_excl_source_issue,ALL,none,spearman,ir_change_100_2,qd2_qc,122,0.17227819615955273
all_labeled_excl_source_issue,ALL,within_batch_mean_centered,pearson,ir_change_100_2,qd2_qc,122,0.13445699425864338
all_labeled_excl_source_issue,ALL,none,pearson,ir_change_100_2,qd100_qc,122,-0.03901285792912104
all_labeled_excl_source_issue,ALL,none,spearman,ir_change_100_2,qd100_qc,122,0.21508421424818502
all_labeled_excl_source_issue,ALL,within_batch_mean_centered,pearson,ir_change_100_2,qd100_qc,122,0.1853488160723899
all_labeled_excl_source_issue,ALL,none,pearson,ir_change_100_2,qd_delta_100_2_qc,122,0.1167500654175713
all_labeled_excl_source_issue,ALL,none,spearman,ir_change_100_2,qd_delta_100_2_qc,122,0.1797066297447963
all_labeled_excl_source_issue,ALL,within_batch_mean_centered,pearson,ir_change_100_2,qd_delta_100_2_qc,122,0.14218331336907308
all_labeled_excl_source_issue,ALL,none,pearson,ir_early_slope,qd_early_mean,122,-0.04493593447393051
all_labeled_excl_source_issue,ALL,none,spearman,ir_early_slope,qd_early_mean,122,0.20918244272538916
all_labeled_excl_source_issue,ALL,within_batch_mean_centered,pearson,ir_early_slope,qd_early_mean,122,-0.02134811637372273
all_labeled_excl_source_issue,ALL,none,pearson,ir_early_slope,qd_early_std,122,-0.9016032619378708
all_labeled_excl_source_issue,ALL,none,spearman,ir_early_slope,qd_early_std,122,-0.036729110008889
all_labeled_excl_source_issue,ALL,within_batch_mean_centered,pearson,ir_early_slope,qd_early_std,122,-0.9088242863899099
all_labeled_excl_source_issue,ALL,none,pearson,ir_early_slope,qd_early_median,122,0.06556616213323821
all_labeled_excl_source_issue,ALL,none,spearman,ir_early_slope,qd_early_median,122,0.233529728604426
all_labeled_excl_source_issue,ALL,within_batch_mean_centered,pearson,ir_early_slope,qd_early_median,122,0.16431812816977762
all_labeled_excl_source_issue,ALL,none,pearson,ir_early_slope,qd2,122,0.04347245908835189
all_labeled_excl_source_issue,ALL,none,spearman,ir_early_slope,qd2,122,0.21163435452265372
all_labeled_excl_source_issue,ALL,within_batch_mean_centered,pearson,ir_early_slope,qd2,122,0.1335400467046322
all_labeled_excl_source_issue,ALL,none,pearson,ir_early_slope,qd100,122,0.07842056864921541
all_labeled_excl_source_issue,ALL,none,spearman,ir_early_slope,qd100,122,0.2554383205395528
all_labeled_excl_source_issue,ALL,within_batch_mean_centered,pearson,ir_early_slope,qd100,122,0.17592607852718167
all_labeled_excl_source_issue,ALL,none,pearson,ir_early_slope,qd_delta_100_2,122,0.11924218827866143
all_labeled_excl_source_issue,ALL,none,spearman,ir_early_slope,qd_delta_100_2,122,0.23437567121911565
all_labeled_excl_source_issue,ALL,within_batch_mean_centered,pearson,ir_early_slope,qd_delta_100_2,122,0.12536498795448495
all_labeled_excl_source_issue,ALL,none,pearson,ir_early_slope,qd_early_slope,122,0.4437897371326057
all_labeled_excl_source_issue,ALL,none,spearman,ir_early_slope,qd_early_slope,122,0.1378258613909808
all_labeled_excl_source_issue,ALL,within_batch_mean_centered,pearson,ir_early_slope,qd_early_slope,122,0.4638669926984893
all_labeled_excl_source_issue,ALL,none,pearson,ir_early_slope,ir_zero_fraction_early,122,0.02658486588301185
all_labeled_excl_source_issue,ALL,none,spearman,ir_early_slope,ir_zero_fraction_early,122,-0.007719890769767198
all_labeled_excl_source_issue,ALL,within_batch_mean_centered,pearson,ir_early_slope,ir_zero_fraction_early,122,0.0175573710982162
all_labeled_excl_source_issue,ALL,none,pearson,ir_early_slope,tavg_early_mean,122,0.10240082267973001
all_labeled_excl_source_issue,ALL,none,spearman,ir_early_slope,tavg_early_mean,122,-0.014681730613539707
all_labeled_excl_source_issue,ALL,within_batch_mean_centered,pearson,ir_early_slope,tavg_early_mean,122,0.11445804429996184
all_labeled_excl_source_issue,ALL,none,pearson,ir_early_slope,ir_missing_fraction_early,122,0.02658486588301185
all_labeled_excl_source_issue,ALL,none,spearman,ir_early_slope,ir_missing_fraction_early,122,-0.007719890769767198
all_labeled_excl_source_issue,ALL,within_batch_mean_centered,pearson,ir_early_slope,ir_missing_fraction_early,122,0.0175573710982162
all_labeled_excl_source_issue,ALL,none,pearson,ir_early_slope,tmax_early_mean,122,0.06984920065700251
all_labeled_excl_source_issue,ALL,none,spearman,ir_early_slope,tmax_early_mean,122,0.09632180185776928
all_labeled_excl_source_issue,ALL,within_batch_mean_centered,pearson,ir_early_slope,tmax_early_mean,122,0.07229258259028465
all_labeled_excl_source_issue,ALL,none,pearson,ir_early_slope,qd_early_mean_qc,122,0.06645652005871804
all_labeled_excl_source_issue,ALL,none,spearman,ir_early_slope,qd_early_mean_qc,122,0.23362886250458498
all_labeled_excl_source_issue,ALL,within_batch_mean_centered,pearson,ir_early_slope,qd_early_mean_qc,122,0.16361517799725878
all_labeled_excl_source_issue,ALL,none,pearson,ir_early_slope,qd_early_std_qc,122,-0.0002294488103397321
all_labeled_excl_source_issue,ALL,none,spearman,ir_early_slope,qd_early_std_qc,122,-0.022612442626255284
all_labeled_excl_source_issue,ALL,within_batch_mean_centered,pearson,ir_early_slope,qd_early_std_qc,122,0.015931889136566645
all_labeled_excl_source_issue,ALL,none,pearson,ir_early_slope,qd_early_slope_qc,122,0.10372514027679
all_labeled_excl_source_issue,ALL,none,spearman,ir_early_slope,qd_early_slope_qc,122,0.133483796564019
all_labeled_excl_source_issue,ALL,within_batch_mean_centered,pearson,ir_early_slope,qd_early_slope_qc,122,0.11654369671128509
all_labeled_excl_source_issue,ALL,none,pearson,ir_early_slope,qd2_qc,122,0.04347245908835189
all_labeled_excl_source_issue,ALL,none,spearman,ir_early_slope,qd2_qc,122,0.21163435452265372
all_labeled_excl_source_issue,ALL,within_batch_mean_centered,pearson,ir_early_slope,qd2_qc,122,0.1335400467046322
all_labeled_excl_source_issue,ALL,none,pearson,ir_early_slope,qd100_qc,122,0.07842056864921541
all_labeled_excl_source_issue,ALL,none,spearman,ir_early_slope,qd100_qc,122,0.2554383205395528
all_labeled_excl_source_issue,ALL,within_batch_mean_centered,pearson,ir_early_slope,qd100_qc,122,0.17592607852718167
all_labeled_excl_source_issue,ALL,none,pearson,ir_early_slope,qd_delta_100_2_qc,122,0.11924218827866143
all_labeled_excl_source_issue,ALL,none,spearman,ir_early_slope,qd_delta_100_2_qc,122,0.23437567121911565
all_labeled_excl_source_issue,ALL,within_batch_mean_centered,pearson,ir_early_slope,qd_delta_100_2_qc,122,0.12536498795448495
all_labeled_excl_source_issue,ALL,none,pearson,ir_zero_fraction_early,qd_early_mean,128,0.33126823698315355
all_labeled_excl_source_issue,ALL,none,spearman,ir_zero_fraction_early,qd_early_mean,128,0.23668849083033167
all_labeled_excl_source_issue,ALL,within_batch_mean_centered,pearson,ir_zero_fraction_early,qd_early_mean,128,0.1991710193088338
all_labeled_excl_source_issue,ALL,none,pearson,ir_zero_fraction_early,qd_early_std,128,-0.006909423751380074
all_labeled_excl_source_issue,ALL,none,spearman,ir_zero_fraction_early,qd_early_std,128,0.23887861207293487
all_labeled_excl_source_issue,ALL,within_batch_mean_centered,pearson,ir_zero_fraction_early,qd_early_std,128,-0.017968876467205075
all_labeled_excl_source_issue,ALL,none,pearson,ir_zero_fraction_early,qd_early_median,128,0.33628864797293323
all_labeled_excl_source_issue,ALL,none,spearman,ir_zero_fraction_early,qd_early_median,128,0.24980493756264038
all_labeled_excl_source_issue,ALL,within_batch_mean_centered,pearson,ir_zero_fraction_early,qd_early_median,128,0.20230966928526017
all_labeled_excl_source_issue,ALL,none,pearson,ir_zero_fraction_early,qd2,128,0.35411354699205577
all_labeled_excl_source_issue,ALL,none,spearman,ir_zero_fraction_early,qd2,128,0.2406559610192603
all_labeled_excl_source_issue,ALL,within_batch_mean_centered,pearson,ir_zero_fraction_early,qd2,128,0.2140244840492955
all_labeled_excl_source_issue,ALL,none,pearson,ir_zero_fraction_early,qd100,128,0.3201616479091274
all_labeled_excl_source_issue,ALL,none,spearman,ir_zero_fraction_early,qd100,128,0.21642379915542453
all_labeled_excl_source_issue,ALL,within_batch_mean_centered,pearson,ir_zero_fraction_early,qd100,128,0.16900502223826502
all_labeled_excl_source_issue,ALL,none,pearson,ir_zero_fraction_early,qd_delta_100_2,128,0.0031572873580800603
all_labeled_excl_source_issue,ALL,none,spearman,ir_zero_fraction_early,qd_delta_100_2,128,0.08153952502117562
all_labeled_excl_source_issue,ALL,within_batch_mean_centered,pearson,ir_zero_fraction_early,qd_delta_100_2,128,-0.019345893168629953
all_labeled_excl_source_issue,ALL,none,pearson,ir_zero_fraction_early,qd_early_slope,128,0.0120177960536441
all_labeled_excl_source_issue,ALL,none,spearman,ir_zero_fraction_early,qd_early_slope,128,0.08231650816711024
all_labeled_excl_source_issue,ALL,within_batch_mean_centered,pearson,ir_zero_fraction_early,qd_early_slope,128,-0.053289895814335665
all_labeled_excl_source_issue,ALL,none,pearson,ir_zero_fraction_early,tavg_early_mean,128,-0.12816477296831527
all_labeled_excl_source_issue,ALL,none,spearman,ir_zero_fraction_early,tavg_early_mean,128,-0.26534945662599474
all_labeled_excl_source_issue,ALL,within_batch_mean_centered,pearson,ir_zero_fraction_early,tavg_early_mean,128,-0.08879803406241342
all_labeled_excl_source_issue,ALL,none,pearson,ir_zero_fraction_early,tmax_early_mean,128,-0.1356599097482356
all_labeled_excl_source_issue,ALL,none,spearman,ir_zero_fraction_early,tmax_early_mean,128,-0.21114516990773127
all_labeled_excl_source_issue,ALL,within_batch_mean_centered,pearson,ir_zero_fraction_early,tmax_early_mean,128,-0.1312146719399898
all_labeled_excl_source_issue,ALL,none,pearson,ir_zero_fraction_early,qd_early_mean_qc,128,0.3327508432173896
all_labeled_excl_source_issue,ALL,none,spearman,ir_zero_fraction_early,qd_early_mean_qc,128,0.24142808802053284
all_labeled_excl_source_issue,ALL,within_batch_mean_centered,pearson,ir_zero_fraction_early,qd_early_mean_qc,128,0.19743012344555116
all_labeled_excl_source_issue,ALL,none,pearson,ir_zero_fraction_early,qd_early_std_qc,128,0.04232059624872416
all_labeled_excl_source_issue,ALL,none,spearman,ir_zero_fraction_early,qd_early_std_qc,128,0.24343853191063866
all_labeled_excl_source_issue,ALL,within_batch_mean_centered,pearson,ir_zero_fraction_early,qd_early_std_qc,128,-0.0603109000560106
all_labeled_excl_source_issue,ALL,none,pearson,ir_zero_fraction_early,qd_early_slope_qc,128,0.005173632365456343
all_labeled_excl_source_issue,ALL,none,spearman,ir_zero_fraction_early,qd_early_slope_qc,128,0.07978160065349856
all_labeled_excl_source_issue,ALL,within_batch_mean_centered,pearson,ir_zero_fraction_early,qd_early_slope_qc,128,-0.05920975637785028
all_labeled_excl_source_issue,ALL,none,pearson,ir_zero_fraction_early,qd2_qc,128,0.35411354699205577
all_labeled_excl_source_issue,ALL,none,spearman,ir_zero_fraction_early,qd2_qc,128,0.2406559610192603
all_labeled_excl_source_issue,ALL,within_batch_mean_centered,pearson,ir_zero_fraction_early,qd2_qc,128,0.2140244840492955
all_labeled_excl_source_issue,ALL,none,pearson,ir_zero_fraction_early,qd100_qc,128,0.3201616479091274
all_labeled_excl_source_issue,ALL,none,spearman,ir_zero_fraction_early,qd100_qc,128,0.21642379915542453
all_labeled_excl_source_issue,ALL,within_batch_mean_centered,pearson,ir_zero_fraction_early,qd100_qc,128,0.16900502223826502
all_labeled_excl_source_issue,ALL,none,pearson,ir_zero_fraction_early,qd_delta_100_2_qc,128,0.0031572873580800603
all_labeled_excl_source_issue,ALL,none,spearman,ir_zero_fraction_early,qd_delta_100_2_qc,128,0.08153952502117562
all_labeled_excl_source_issue,ALL,within_batch_mean_centered,pearson,ir_zero_fraction_early,qd_delta_100_2_qc,128,-0.019345893168629953
all_labeled_excl_source_issue,ALL,none,pearson,tavg_early_mean,tmax_early_mean,128,0.8798603559716958
all_labeled_excl_source_issue,ALL,none,spearman,tavg_early_mean,tmax_early_mean,128,0.8728769913935177
all_labeled_excl_source_issue,ALL,within_batch_mean_centered,pearson,tavg_early_mean,tmax_early_mean,128,0.9192204883354141
all_labeled_excl_source_issue,ALL,none,pearson,ir_missing_fraction_early,qd_early_mean,128,0.33126823698315355
all_labeled_excl_source_issue,ALL,none,spearman,ir_missing_fraction_early,qd_early_mean,128,0.23668849083033167
all_labeled_excl_source_issue,ALL,within_batch_mean_centered,pearson,ir_missing_fraction_early,qd_early_mean,128,0.1991710193088338
all_labeled_excl_source_issue,ALL,none,pearson,ir_missing_fraction_early,qd_early_std,128,-0.006909423751380074
all_labeled_excl_source_issue,ALL,none,spearman,ir_missing_fraction_early,qd_early_std,128,0.23887861207293487
all_labeled_excl_source_issue,ALL,within_batch_mean_centered,pearson,ir_missing_fraction_early,qd_early_std,128,-0.017968876467205075
all_labeled_excl_source_issue,ALL,none,pearson,ir_missing_fraction_early,qd_early_median,128,0.33628864797293323
all_labeled_excl_source_issue,ALL,none,spearman,ir_missing_fraction_early,qd_early_median,128,0.24980493756264038
all_labeled_excl_source_issue,ALL,within_batch_mean_centered,pearson,ir_missing_fraction_early,qd_early_median,128,0.20230966928526017
all_labeled_excl_source_issue,ALL,none,pearson,ir_missing_fraction_early,qd2,128,0.35411354699205577
all_labeled_excl_source_issue,ALL,none,spearman,ir_missing_fraction_early,qd2,128,0.2406559610192603
all_labeled_excl_source_issue,ALL,within_batch_mean_centered,pearson,ir_missing_fraction_early,qd2,128,0.2140244840492955
all_labeled_excl_source_issue,ALL,none,pearson,ir_missing_fraction_early,qd100,128,0.3201616479091274
all_labeled_excl_source_issue,ALL,none,spearman,ir_missing_fraction_early,qd100,128,0.21642379915542453
all_labeled_excl_source_issue,ALL,within_batch_mean_centered,pearson,ir_missing_fraction_early,qd100,128,0.16900502223826502
all_labeled_excl_source_issue,ALL,none,pearson,ir_missing_fraction_early,qd_delta_100_2,128,0.0031572873580800603
all_labeled_excl_source_issue,ALL,none,spearman,ir_missing_fraction_early,qd_delta_100_2,128,0.08153952502117562
all_labeled_excl_source_issue,ALL,within_batch_mean_centered,pearson,ir_missing_fraction_early,qd_delta_100_2,128,-0.019345893168629953
all_labeled_excl_source_issue,ALL,none,pearson,ir_missing_fraction_early,qd_early_slope,128,0.0120177960536441
all_labeled_excl_source_issue,ALL,none,spearman,ir_missing_fraction_early,qd_early_slope,128,0.08231650816711024
all_labeled_excl_source_issue,ALL,within_batch_mean_centered,pearson,ir_missing_fraction_early,qd_early_slope,128,-0.053289895814335665
all_labeled_excl_source_issue,ALL,none,pearson,ir_missing_fraction_early,ir_zero_fraction_early,128,0.9999999999999994
all_labeled_excl_source_issue,ALL,none,spearman,ir_missing_fraction_early,ir_zero_fraction_early,128,1.0
all_labeled_excl_source_issue,ALL,within_batch_mean_centered,pearson,ir_missing_fraction_early,ir_zero_fraction_early,128,1.0
all_labeled_excl_source_issue,ALL,none,pearson,ir_missing_fraction_early,tavg_early_mean,128,-0.12816477296831527
all_labeled_excl_source_issue,ALL,none,spearman,ir_missing_fraction_early,tavg_early_mean,128,-0.26534945662599474
all_labeled_excl_source_issue,ALL,within_batch_mean_centered,pearson,ir_missing_fraction_early,tavg_early_mean,128,-0.08879803406241342
all_labeled_excl_source_issue,ALL,none,pearson,ir_missing_fraction_early,tmax_early_mean,128,-0.1356599097482356
all_labeled_excl_source_issue,ALL,none,spearman,ir_missing_fraction_early,tmax_early_mean,128,-0.21114516990773127
all_labeled_excl_source_issue,ALL,within_batch_mean_centered,pearson,ir_missing_fraction_early,tmax_early_mean,128,-0.1312146719399898
all_labeled_excl_source_issue,ALL,none,pearson,ir_missing_fraction_early,qd_early_mean_qc,128,0.3327508432173896
all_labeled_excl_source_issue,ALL,none,spearman,ir_missing_fraction_early,qd_early_mean_qc,128,0.24142808802053284
all_labeled_excl_source_issue,ALL,within_batch_mean_centered,pearson,ir_missing_fraction_early,qd_early_mean_qc,128,0.19743012344555116
all_labeled_excl_source_issue,ALL,none,pearson,ir_missing_fraction_early,qd_early_std_qc,128,0.04232059624872416
all_labeled_excl_source_issue,ALL,none,spearman,ir_missing_fraction_early,qd_early_std_qc,128,0.24343853191063866
all_labeled_excl_source_issue,ALL,within_batch_mean_centered,pearson,ir_missing_fraction_early,qd_early_std_qc,128,-0.0603109000560106
all_labeled_excl_source_issue,ALL,none,pearson,ir_missing_fraction_early,qd_early_slope_qc,128,0.005173632365456343
all_labeled_excl_source_issue,ALL,none,spearman,ir_missing_fraction_early,qd_early_slope_qc,128,0.07978160065349856
all_labeled_excl_source_issue,ALL,within_batch_mean_centered,pearson,ir_missing_fraction_early,qd_early_slope_qc,128,-0.05920975637785028
all_labeled_excl_source_issue,ALL,none,pearson,ir_missing_fraction_early,qd2_qc,128,0.35411354699205577
all_labeled_excl_source_issue,ALL,none,spearman,ir_missing_fraction_early,qd2_qc,128,0.2406559610192603
all_labeled_excl_source_issue,ALL,within_batch_mean_centered,pearson,ir_missing_fraction_early,qd2_qc,128,0.2140244840492955
all_labeled_excl_source_issue,ALL,none,pearson,ir_missing_fraction_early,qd100_qc,128,0.3201616479091274
all_labeled_excl_source_issue,ALL,none,spearman,ir_missing_fraction_early,qd100_qc,128,0.21642379915542453
all_labeled_excl_source_issue,ALL,within_batch_mean_centered,pearson,ir_missing_fraction_early,qd100_qc,128,0.16900502223826502
all_labeled_excl_source_issue,ALL,none,pearson,ir_missing_fraction_early,qd_delta_100_2_qc,128,0.0031572873580800603
all_labeled_excl_source_issue,ALL,none,spearman,ir_missing_fraction_early,qd_delta_100_2_qc,128,0.08153952502117562
all_labeled_excl_source_issue,ALL,within_batch_mean_centered,pearson,ir_missing_fraction_early,qd_delta_100_2_qc,128,-0.019345893168629953
all_labeled_excl_source_issue,ALL,none,pearson,chargetime_early_mean,qd_early_mean,128,0.258164941428655
all_labeled_excl_source_issue,ALL,none,spearman,chargetime_early_mean,qd_early_mean,128,0.3171408624793994
all_labeled_excl_source_issue,ALL,within_batch_mean_centered,pearson,chargetime_early_mean,qd_early_mean,128,-0.07395189615222442
all_labeled_excl_source_issue,ALL,none,pearson,chargetime_early_mean,qd_early_std,128,-0.027879362223206326
all_labeled_excl_source_issue,ALL,none,spearman,chargetime_early_mean,qd_early_std,128,0.11276551913568941
all_labeled_excl_source_issue,ALL,within_batch_mean_centered,pearson,chargetime_early_mean,qd_early_std,128,-0.05001287136419996
all_labeled_excl_source_issue,ALL,none,pearson,chargetime_early_mean,qd_early_median,128,0.25867287039665887
all_labeled_excl_source_issue,ALL,none,spearman,chargetime_early_mean,qd_early_median,128,0.3333581303790515
all_labeled_excl_source_issue,ALL,within_batch_mean_centered,pearson,chargetime_early_mean,qd_early_median,128,-0.08101262443743408
all_labeled_excl_source_issue,ALL,none,pearson,chargetime_early_mean,qd2,128,0.2960085166023999
all_labeled_excl_source_issue,ALL,none,spearman,chargetime_early_mean,qd2,128,0.3223825764511994
all_labeled_excl_source_issue,ALL,within_batch_mean_centered,pearson,chargetime_early_mean,qd2,128,-0.03963348365978765
all_labeled_excl_source_issue,ALL,none,pearson,chargetime_early_mean,qd100,128,0.2600715712330931
all_labeled_excl_source_issue,ALL,none,spearman,chargetime_early_mean,qd100,128,0.3605852865775499
all_labeled_excl_source_issue,ALL,within_batch_mean_centered,pearson,chargetime_early_mean,qd100,128,-0.06478182362736702
all_labeled_excl_source_issue,ALL,none,pearson,chargetime_early_mean,qd_delta_100_2,128,-0.02096815385494106
all_labeled_excl_source_issue,ALL,none,spearman,chargetime_early_mean,qd_delta_100_2,128,0.27394250137337484
all_labeled_excl_source_issue,ALL,within_batch_mean_centered,pearson,chargetime_early_mean,qd_delta_100_2,128,-0.06167716475172226
all_labeled_excl_source_issue,ALL,none,pearson,chargetime_early_mean,qd_early_slope,128,-0.03922574797261817
all_labeled_excl_source_issue,ALL,none,spearman,chargetime_early_mean,qd_early_slope,128,0.2497825489837026
all_labeled_excl_source_issue,ALL,within_batch_mean_centered,pearson,chargetime_early_mean,qd_early_slope,128,-0.13155257840233228
all_labeled_excl_source_issue,ALL,none,pearson,chargetime_early_mean,ir_early_mean,122,0.06718175235493336
all_labeled_excl_source_issue,ALL,none,spearman,chargetime_early_mean,ir_early_mean,122,0.4992548435171386
all_labeled_excl_source_issue,ALL,within_batch_mean_centered,pearson,chargetime_early_mean,ir_early_mean,122,-0.0744562159252757
all_labeled_excl_source_issue,ALL,none,pearson,chargetime_early_mean,ir_change_100_2,122,-0.16736442914388389
all_labeled_excl_source_issue,ALL,none,spearman,chargetime_early_mean,ir_change_100_2,122,0.1685970240003172
all_labeled_excl_source_issue,ALL,within_batch_mean_centered,pearson,chargetime_early_mean,ir_change_100_2,122,-0.0877639075265691
all_labeled_excl_source_issue,ALL,none,pearson,chargetime_early_mean,ir_early_slope,122,-0.07095050305341645
all_labeled_excl_source_issue,ALL,none,spearman,chargetime_early_mean,ir_early_slope,122,0.20441740659108257
all_labeled_excl_source_issue,ALL,within_batch_mean_centered,pearson,chargetime_early_mean,ir_early_slope,122,-0.05528742042944828
all_labeled_excl_source_issue,ALL,none,pearson,chargetime_early_mean,ir_zero_fraction_early,128,0.3408075079227647
all_labeled_excl_source_issue,ALL,none,spearman,chargetime_early_mean,ir_zero_fraction_early,128,0.09655472431636201
all_labeled_excl_source_issue,ALL,within_batch_mean_centered,pearson,chargetime_early_mean,ir_zero_fraction_early,128,0.23581950652415615
all_labeled_excl_source_issue,ALL,none,pearson,chargetime_early_mean,tavg_early_mean,128,-0.1369541966971799
all_labeled_excl_source_issue,ALL,none,spearman,chargetime_early_mean,tavg_early_mean,128,-0.34638802417139714
all_labeled_excl_source_issue,ALL,within_batch_mean_centered,pearson,chargetime_early_mean,tavg_early_mean,128,-0.06078876568645329
all_labeled_excl_source_issue,ALL,none,pearson,chargetime_early_mean,ir_missing_fraction_early,128,0.3408075079227647
all_labeled_excl_source_issue,ALL,none,spearman,chargetime_early_mean,ir_missing_fraction_early,128,0.09655472431636201
all_labeled_excl_source_issue,ALL,within_batch_mean_centered,pearson,chargetime_early_mean,ir_missing_fraction_early,128,0.23581950652415615
all_labeled_excl_source_issue,ALL,none,pearson,chargetime_early_mean,tmax_early_mean,128,-0.1373283226252689
all_labeled_excl_source_issue,ALL,none,spearman,chargetime_early_mean,tmax_early_mean,128,-0.19067592931697488
all_labeled_excl_source_issue,ALL,within_batch_mean_centered,pearson,chargetime_early_mean,tmax_early_mean,128,-0.12456686964515923
all_labeled_excl_source_issue,ALL,none,pearson,chargetime_early_mean,chargetime_early_median,128,-0.048621325668619236
all_labeled_excl_source_issue,ALL,none,spearman,chargetime_early_mean,chargetime_early_median,128,0.8174138456418673
all_labeled_excl_source_issue,ALL,within_batch_mean_centered,pearson,chargetime_early_mean,chargetime_early_median,128,0.058872838939462255
all_labeled_excl_source_issue,ALL,none,pearson,chargetime_early_mean,chargetime_early_mean_qc,128,-0.048789750866029956
all_labeled_excl_source_issue,ALL,none,spearman,chargetime_early_mean,chargetime_early_mean_qc,128,0.8282251419154002
all_labeled_excl_source_issue,ALL,within_batch_mean_centered,pearson,chargetime_early_mean,chargetime_early_mean_qc,128,0.060486953475369275
all_labeled_excl_source_issue,ALL,none,pearson,chargetime_early_mean,qd_early_mean_qc,128,0.26107544202127614
all_labeled_excl_source_issue,ALL,none,spearman,chargetime_early_mean,qd_early_mean_qc,128,0.3389546328511261
all_labeled_excl_source_issue,ALL,within_batch_mean_centered,pearson,chargetime_early_mean,qd_early_mean_qc,128,-0.07082969586261345
all_labeled_excl_source_issue,ALL,none,pearson,chargetime_early_mean,qd_early_std_qc,128,0.007610747454327336
all_labeled_excl_source_issue,ALL,none,spearman,chargetime_early_mean,qd_early_std_qc,128,0.12869666727705548
all_labeled_excl_source_issue,ALL,within_batch_mean_centered,pearson,chargetime_early_mean,qd_early_std_qc,128,-0.13493070987184133
all_labeled_excl_source_issue,ALL,none,pearson,chargetime_early_mean,qd_early_slope_qc,128,-0.05579206546950659
all_labeled_excl_source_issue,ALL,none,spearman,chargetime_early_mean,qd_early_slope_qc,128,0.2446266709393884
all_labeled_excl_source_issue,ALL,within_batch_mean_centered,pearson,chargetime_early_mean,qd_early_slope_qc,128,-0.15021496112134464
all_labeled_excl_source_issue,ALL,none,pearson,chargetime_early_mean,qd2_qc,128,0.2960085166023999
all_labeled_excl_source_issue,ALL,none,spearman,chargetime_early_mean,qd2_qc,128,0.3223825764511994
all_labeled_excl_source_issue,ALL,within_batch_mean_centered,pearson,chargetime_early_mean,qd2_qc,128,-0.03963348365978765
all_labeled_excl_source_issue,ALL,none,pearson,chargetime_early_mean,qd100_qc,128,0.2600715712330931
all_labeled_excl_source_issue,ALL,none,spearman,chargetime_early_mean,qd100_qc,128,0.3605852865775499
all_labeled_excl_source_issue,ALL,within_batch_mean_centered,pearson,chargetime_early_mean,qd100_qc,128,-0.06478182362736702
all_labeled_excl_source_issue,ALL,none,pearson,chargetime_early_mean,qd_delta_100_2_qc,128,-0.02096815385494106
all_labeled_excl_source_issue,ALL,none,spearman,chargetime_early_mean,qd_delta_100_2_qc,128,0.27394250137337484
all_labeled_excl_source_issue,ALL,within_batch_mean_centered,pearson,chargetime_early_mean,qd_delta_100_2_qc,128,-0.06167716475172226
all_labeled_excl_source_issue,ALL,none,pearson,chargetime_early_median,qd_early_mean,128,0.021703867713192652
all_labeled_excl_source_issue,ALL,none,spearman,chargetime_early_median,qd_early_mean,128,0.20037567578027593
all_labeled_excl_source_issue,ALL,within_batch_mean_centered,pearson,chargetime_early_median,qd_early_mean,128,-0.037241111211335526
all_labeled_excl_source_issue,ALL,none,pearson,chargetime_early_median,qd_early_std,128,-0.007961755698840684
all_labeled_excl_source_issue,ALL,none,spearman,chargetime_early_median,qd_early_std,128,-0.039003901248525256
all_labeled_excl_source_issue,ALL,within_batch_mean_centered,pearson,chargetime_early_median,qd_early_std,128,-0.06947048749981335
all_labeled_excl_source_issue,ALL,none,pearson,chargetime_early_median,qd_early_median,128,0.015887745652999913
all_labeled_excl_source_issue,ALL,none,spearman,chargetime_early_median,qd_early_median,128,0.21714804000554405
all_labeled_excl_source_issue,ALL,within_batch_mean_centered,pearson,chargetime_early_median,qd_early_median,128,-0.02996142459849449
all_labeled_excl_source_issue,ALL,none,pearson,chargetime_early_median,qd2,128,-0.05047932177413301
all_labeled_excl_source_issue,ALL,none,spearman,chargetime_early_median,qd2,128,0.19398375123588
all_labeled_excl_source_issue,ALL,within_batch_mean_centered,pearson,chargetime_early_median,qd2,128,-0.09480584230187775
all_labeled_excl_source_issue,ALL,none,pearson,chargetime_early_median,qd100,128,0.03390712881777867
all_labeled_excl_source_issue,ALL,none,spearman,chargetime_early_median,qd100,128,0.2467843669665347
all_labeled_excl_source_issue,ALL,within_batch_mean_centered,pearson,chargetime_early_median,qd100,128,0.02878921799253635
all_labeled_excl_source_issue,ALL,none,pearson,chargetime_early_median,qd_delta_100_2,128,0.2480765777874366
all_labeled_excl_source_issue,ALL,none,spearman,chargetime_early_median,qd_delta_100_2,128,0.35732689372246
all_labeled_excl_source_issue,ALL,within_batch_mean_centered,pearson,chargetime_early_median,qd_delta_100_2,128,0.2105802989257275
all_labeled_excl_source_issue,ALL,none,pearson,chargetime_early_median,qd_early_slope,128,0.059158170891052055
all_labeled_excl_source_issue,ALL,none,spearman,chargetime_early_median,qd_early_slope,128,0.31809981874319937
all_labeled_excl_source_issue,ALL,within_batch_mean_centered,pearson,chargetime_early_median,qd_early_slope,128,0.11617773977789896
all_labeled_excl_source_issue,ALL,none,pearson,chargetime_early_median,ir_early_mean,122,0.32147917077878774
all_labeled_excl_source_issue,ALL,none,spearman,chargetime_early_median,ir_early_mean,122,0.5319996497270336
all_labeled_excl_source_issue,ALL,within_batch_mean_centered,pearson,chargetime_early_median,ir_early_mean,122,0.15386314051968564
all_labeled_excl_source_issue,ALL,none,pearson,chargetime_early_median,ir_change_100_2,122,0.1628273128674777
all_labeled_excl_source_issue,ALL,none,spearman,chargetime_early_median,ir_change_100_2,122,0.2652034478831062
all_labeled_excl_source_issue,ALL,within_batch_mean_centered,pearson,chargetime_early_median,ir_change_100_2,122,0.13650400360016807
all_labeled_excl_source_issue,ALL,none,pearson,chargetime_early_median,ir_early_slope,122,0.12925639268889955
all_labeled_excl_source_issue,ALL,none,spearman,chargetime_early_median,ir_early_slope,122,0.30276864918313556
all_labeled_excl_source_issue,ALL,within_batch_mean_centered,pearson,chargetime_early_median,ir_early_slope,122,0.13634471248879174
all_labeled_excl_source_issue,ALL,none,pearson,chargetime_early_median,ir_zero_fraction_early,128,-0.1005176211886395
all_labeled_excl_source_issue,ALL,none,spearman,chargetime_early_median,ir_zero_fraction_early,128,-0.032011751408511716
all_labeled_excl_source_issue,ALL,within_batch_mean_centered,pearson,chargetime_early_median,ir_zero_fraction_early,128,-0.01475336288677722
all_labeled_excl_source_issue,ALL,none,pearson,chargetime_early_median,tavg_early_mean,128,-0.30255727273440114
all_labeled_excl_source_issue,ALL,none,spearman,chargetime_early_median,tavg_early_mean,128,-0.3379680031820021
all_labeled_excl_source_issue,ALL,within_batch_mean_centered,pearson,chargetime_early_median,tavg_early_mean,128,-0.16400042362629963
all_labeled_excl_source_issue,ALL,none,pearson,chargetime_early_median,ir_missing_fraction_early,128,-0.1005176211886395
all_labeled_excl_source_issue,ALL,none,spearman,chargetime_early_median,ir_missing_fraction_early,128,-0.032011751408511716
all_labeled_excl_source_issue,ALL,within_batch_mean_centered,pearson,chargetime_early_median,ir_missing_fraction_early,128,-0.01475336288677722
all_labeled_excl_source_issue,ALL,none,pearson,chargetime_early_median,tmax_early_mean,128,-0.18832869915362338
all_labeled_excl_source_issue,ALL,none,spearman,chargetime_early_median,tmax_early_mean,128,-0.15368372562808374
all_labeled_excl_source_issue,ALL,within_batch_mean_centered,pearson,chargetime_early_median,tmax_early_mean,128,-0.12068718146222143
all_labeled_excl_source_issue,ALL,none,pearson,chargetime_early_median,qd_early_mean_qc,128,0.028297822820075598
all_labeled_excl_source_issue,ALL,none,spearman,chargetime_early_median,qd_early_mean_qc,128,0.22417229012035694
all_labeled_excl_source_issue,ALL,within_batch_mean_centered,pearson,chargetime_early_median,qd_early_mean_qc,128,-0.00883680111651014
all_labeled_excl_source_issue,ALL,none,pearson,chargetime_early_median,qd_early_std_qc,128,0.1683199818848479
all_labeled_excl_source_issue,ALL,none,spearman,chargetime_early_median,qd_early_std_qc,128,-0.02527585560662208
all_labeled_excl_source_issue,ALL,within_batch_mean_centered,pearson,chargetime_early_median,qd_early_std_qc,128,0.25811848144587074
all_labeled_excl_source_issue,ALL,none,pearson,chargetime_early_median,qd_early_slope_qc,128,0.04125406874843283
all_labeled_excl_source_issue,ALL,none,spearman,chargetime_early_median,qd_early_slope_qc,128,0.3143230325307541
all_labeled_excl_source_issue,ALL,within_batch_mean_centered,pearson,chargetime_early_median,qd_early_slope_qc,128,0.06809291517956612
all_labeled_excl_source_issue,ALL,none,pearson,chargetime_early_median,qd2_qc,128,-0.05047932177413301
all_labeled_excl_source_issue,ALL,none,spearman,chargetime_early_median,qd2_qc,128,0.19398375123588
all_labeled_excl_source_issue,ALL,within_batch_mean_centered,pearson,chargetime_early_median,qd2_qc,128,-0.09480584230187775
all_labeled_excl_source_issue,ALL,none,pearson,chargetime_early_median,qd100_qc,128,0.03390712881777867
all_labeled_excl_source_issue,ALL,none,spearman,chargetime_early_median,qd100_qc,128,0.2467843669665347
all_labeled_excl_source_issue,ALL,within_batch_mean_centered,pearson,chargetime_early_median,qd100_qc,128,0.02878921799253635
all_labeled_excl_source_issue,ALL,none,pearson,chargetime_early_median,qd_delta_100_2_qc,128,0.2480765777874366
all_labeled_excl_source_issue,ALL,none,spearman,chargetime_early_median,qd_delta_100_2_qc,128,0.35732689372246
all_labeled_excl_source_issue,ALL,within_batch_mean_centered,pearson,chargetime_early_median,qd_delta_100_2_qc,128,0.2105802989257275
all_labeled_excl_source_issue,ALL,none,pearson,chargetime_early_mean_qc,qd_early_mean,128,0.02319674909382513
all_labeled_excl_source_issue,ALL,none,spearman,chargetime_early_mean_qc,qd_early_mean,128,0.22529642006958434
all_labeled_excl_source_issue,ALL,within_batch_mean_centered,pearson,chargetime_early_mean_qc,qd_early_mean,128,-0.03784316286498191
all_labeled_excl_source_issue,ALL,none,pearson,chargetime_early_mean_qc,qd_early_std,128,-0.012755996466339738
all_labeled_excl_source_issue,ALL,none,spearman,chargetime_early_mean_qc,qd_early_std,128,-0.03703534151254349
all_labeled_excl_source_issue,ALL,within_batch_mean_centered,pearson,chargetime_early_mean_qc,qd_early_std,128,-0.07686398503249577
all_labeled_excl_source_issue,ALL,none,pearson,chargetime_early_mean_qc,qd_early_median,128,0.0178817981320388
all_labeled_excl_source_issue,ALL,none,spearman,chargetime_early_mean_qc,qd_early_median,128,0.24172541659036806
all_labeled_excl_source_issue,ALL,within_batch_mean_centered,pearson,chargetime_early_mean_qc,qd_early_median,128,-0.029160110307507814
all_labeled_excl_source_issue,ALL,none,pearson,chargetime_early_mean_qc,qd2,128,-0.048761975813247996
all_labeled_excl_source_issue,ALL,none,spearman,chargetime_early_mean_qc,qd2,128,0.21722784288591834
all_labeled_excl_source_issue,ALL,within_batch_mean_centered,pearson,chargetime_early_mean_qc,qd2,128,-0.09379268739976253
all_labeled_excl_source_issue,ALL,none,pearson,chargetime_early_mean_qc,qd100,128,0.035489749707986365
all_labeled_excl_source_issue,ALL,none,spearman,chargetime_early_mean_qc,qd100,128,0.2709153543307086
all_labeled_excl_source_issue,ALL,within_batch_mean_centered,pearson,chargetime_early_mean_qc,qd100,128,0.02956269478818068
all_labeled_excl_source_issue,ALL,none,pearson,chargetime_early_mean_qc,qd_delta_100_2,128,0.24818540473027
all_labeled_excl_source_issue,ALL,none,spearman,chargetime_early_mean_qc,qd_delta_100_2,128,0.3663305713239333
all_labeled_excl_source_issue,ALL,within_batch_mean_centered,pearson,chargetime_early_mean_qc,qd_delta_100_2,128,0.21043694830903653
all_labeled_excl_source_issue,ALL,none,pearson,chargetime_early_mean_qc,qd_early_slope,128,0.06008143833219168
all_labeled_excl_source_issue,ALL,none,spearman,chargetime_early_mean_qc,qd_early_slope,128,0.31945271012635046
all_labeled_excl_source_issue,ALL,within_batch_mean_centered,pearson,chargetime_early_mean_qc,qd_early_slope,128,0.11859462490797845
all_labeled_excl_source_issue,ALL,none,pearson,chargetime_early_mean_qc,ir_early_mean,122,0.3251103973965753
all_labeled_excl_source_issue,ALL,none,spearman,chargetime_early_mean_qc,ir_early_mean,122,0.5583386480118696
all_labeled_excl_source_issue,ALL,within_batch_mean_centered,pearson,chargetime_early_mean_qc,ir_early_mean,122,0.15386456934736112
all_labeled_excl_source_issue,ALL,none,pearson,chargetime_early_mean_qc,ir_change_100_2,122,0.16691696352545812
all_labeled_excl_source_issue,ALL,none,spearman,chargetime_early_mean_qc,ir_change_100_2,122,0.2699316967427905
all_labeled_excl_source_issue,ALL,within_batch_mean_centered,pearson,chargetime_early_mean_qc,ir_change_100_2,122,0.14168127421395946
all_labeled_excl_source_issue,ALL,none,pearson,chargetime_early_mean_qc,ir_early_slope,122,0.13423518863204406
all_labeled_excl_source_issue,ALL,none,spearman,chargetime_early_mean_qc,ir_early_slope,122,0.3109863492619481
all_labeled_excl_source_issue,ALL,within_batch_mean_centered,pearson,chargetime_early_mean_qc,ir_early_slope,122,0.14298504010199953
all_labeled_excl_source_issue,ALL,none,pearson,chargetime_early_mean_qc,ir_zero_fraction_early,128,-0.10166037574456033
all_labeled_excl_source_issue,ALL,none,spearman,chargetime_early_mean_qc,ir_zero_fraction_early,128,0.008371993397445461
all_labeled_excl_source_issue,ALL,within_batch_mean_centered,pearson,chargetime_early_mean_qc,ir_zero_fraction_early,128,-0.014887701976041175
all_labeled_excl_source_issue,ALL,none,pearson,chargetime_early_mean_qc,tavg_early_mean,128,-0.3034135213696766
all_labeled_excl_source_issue,ALL,none,spearman,chargetime_early_mean_qc,tavg_early_mean,128,-0.37042208386742353
all_labeled_excl_source_issue,ALL,within_batch_mean_centered,pearson,chargetime_early_mean_qc,tavg_early_mean,128,-0.16138204097953113
all_labeled_excl_source_issue,ALL,none,pearson,chargetime_early_mean_qc,ir_missing_fraction_early,128,-0.10166037574456033
all_labeled_excl_source_issue,ALL,none,spearman,chargetime_early_mean_qc,ir_missing_fraction_early,128,0.008371993397445461
all_labeled_excl_source_issue,ALL,within_batch_mean_centered,pearson,chargetime_early_mean_qc,ir_missing_fraction_early,128,-0.014887701976041175
all_labeled_excl_source_issue,ALL,none,pearson,chargetime_early_mean_qc,tmax_early_mean,128,-0.18750194318868105
all_labeled_excl_source_issue,ALL,none,spearman,chargetime_early_mean_qc,tmax_early_mean,128,-0.17051593114814137
all_labeled_excl_source_issue,ALL,within_batch_mean_centered,pearson,chargetime_early_mean_qc,tmax_early_mean,128,-0.11847667359192296
all_labeled_excl_source_issue,ALL,none,pearson,chargetime_early_mean_qc,chargetime_early_median,128,0.9997330943358749
all_labeled_excl_source_issue,ALL,none,spearman,chargetime_early_mean_qc,chargetime_early_median,128,0.9879185759237128
all_labeled_excl_source_issue,ALL,within_batch_mean_centered,pearson,chargetime_early_mean_qc,chargetime_early_median,128,0.999702751682793
all_labeled_excl_source_issue,ALL,none,pearson,chargetime_early_mean_qc,qd_early_mean_qc,128,0.030268535782272434
all_labeled_excl_source_issue,ALL,none,spearman,chargetime_early_mean_qc,qd_early_mean_qc,128,0.2491130287493133
all_labeled_excl_source_issue,ALL,within_batch_mean_centered,pearson,chargetime_early_mean_qc,qd_early_mean_qc,128,-0.008009566966404855
all_labeled_excl_source_issue,ALL,none,pearson,chargetime_early_mean_qc,qd_early_std_qc,128,0.1660686200655012
all_labeled_excl_source_issue,ALL,none,spearman,chargetime_early_mean_qc,qd_early_std_qc,128,-0.02343320820362571
all_labeled_excl_source_issue,ALL,within_batch_mean_centered,pearson,chargetime_early_mean_qc,qd_early_std_qc,128,0.25744303989448986
all_labeled_excl_source_issue,ALL,none,pearson,chargetime_early_mean_qc,qd_early_slope_qc,128,0.04053997657597133
all_labeled_excl_source_issue,ALL,none,spearman,chargetime_early_mean_qc,qd_early_slope_qc,128,0.3157674876396264
all_labeled_excl_source_issue,ALL,within_batch_mean_centered,pearson,chargetime_early_mean_qc,qd_early_slope_qc,128,0.06771102183797724
all_labeled_excl_source_issue,ALL,none,pearson,chargetime_early_mean_qc,qd2_qc,128,-0.048761975813247996
all_labeled_excl_source_issue,ALL,none,spearman,chargetime_early_mean_qc,qd2_qc,128,0.21722784288591834
all_labeled_excl_source_issue,ALL,within_batch_mean_centered,pearson,chargetime_early_mean_qc,qd2_qc,128,-0.09379268739976253
all_labeled_excl_source_issue,ALL,none,pearson,chargetime_early_mean_qc,qd100_qc,128,0.035489749707986365
all_labeled_excl_source_issue,ALL,none,spearman,chargetime_early_mean_qc,qd100_qc,128,0.2709153543307086
all_labeled_excl_source_issue,ALL,within_batch_mean_centered,pearson,chargetime_early_mean_qc,qd100_qc,128,0.02956269478818068
all_labeled_excl_source_issue,ALL,none,pearson,chargetime_early_mean_qc,qd_delta_100_2_qc,128,0.24818540473027
all_labeled_excl_source_issue,ALL,none,spearman,chargetime_early_mean_qc,qd_delta_100_2_qc,128,0.3663305713239333
all_labeled_excl_source_issue,ALL,within_batch_mean_centered,pearson,chargetime_early_mean_qc,qd_delta_100_2_qc,128,0.21043694830903653
all_labeled_excl_source_issue,ALL,none,pearson,qd_early_mean_qc,qd_early_std,128,-0.026249879105771305
all_labeled_excl_source_issue,ALL,none,spearman,qd_early_mean_qc,qd_early_std,128,0.4773850943050723
all_labeled_excl_source_issue,ALL,within_batch_mean_centered,pearson,qd_early_mean_qc,qd_early_std,128,-0.17667390118071136
all_labeled_excl_source_issue,ALL,none,pearson,qd_early_mean_qc,qd_early_median,128,0.9990552229409863
all_labeled_excl_source_issue,ALL,none,spearman,qd_early_mean_qc,qd_early_median,128,0.9988955777330157
all_labeled_excl_source_issue,ALL,within_batch_mean_centered,pearson,qd_early_mean_qc,qd_early_median,128,0.9973165500971699
all_labeled_excl_source_issue,ALL,none,pearson,qd_early_mean_qc,qd_early_slope,128,0.3407268432973368
all_labeled_excl_source_issue,ALL,none,spearman,qd_early_mean_qc,qd_early_slope,128,0.30765885368980034
all_labeled_excl_source_issue,ALL,within_batch_mean_centered,pearson,qd_early_mean_qc,qd_early_slope,128,0.3563847790980764
all_labeled_excl_source_issue,ALL,none,pearson,qd_early_mean_qc,tavg_early_mean,128,-0.48611361190003133
all_labeled_excl_source_issue,ALL,none,spearman,qd_early_mean_qc,tavg_early_mean,128,-0.4301867789782091
all_labeled_excl_source_issue,ALL,within_batch_mean_centered,pearson,qd_early_mean_qc,tavg_early_mean,128,-0.29912984114442853
all_labeled_excl_source_issue,ALL,none,pearson,qd_early_mean_qc,tmax_early_mean,128,-0.28156419021537965
all_labeled_excl_source_issue,ALL,none,spearman,qd_early_mean_qc,tmax_early_mean,128,-0.24662378685222483
all_labeled_excl_source_issue,ALL,within_batch_mean_centered,pearson,qd_early_mean_qc,tmax_early_mean,128,-0.2693942297099088
all_labeled_excl_source_issue,ALL,none,pearson,qd_early_mean_qc,qd_early_std_qc,128,0.16121914563724576
all_labeled_excl_source_issue,ALL,none,spearman,qd_early_mean_qc,qd_early_std_qc,128,0.4930816242446438
all_labeled_excl_source_issue,ALL,within_batch_mean_centered,pearson,qd_early_mean_qc,qd_early_std_qc,128,-0.12866049127987916
all_labeled_excl_source_issue,ALL,none,pearson,qd_early_mean_qc,qd_early_slope_qc,128,0.3445496607954788
all_labeled_excl_source_issue,ALL,none,spearman,qd_early_mean_qc,qd_early_slope_qc,128,0.3044543123969969
all_labeled_excl_source_issue,ALL,within_batch_mean_centered,pearson,qd_early_mean_qc,qd_early_slope_qc,128,0.3335680590303478
all_labeled_excl_source_issue,ALL,none,pearson,qd_early_std_qc,tavg_early_mean,128,-0.10977352328475407
all_labeled_excl_source_issue,ALL,none,spearman,qd_early_std_qc,tavg_early_mean,128,-0.18360877128731
all_labeled_excl_source_issue,ALL,within_batch_mean_centered,pearson,qd_early_std_qc,tavg_early_mean,128,-0.0245123504431288
all_labeled_excl_source_issue,ALL,none,pearson,qd_early_std_qc,tmax_early_mean,128,5.748619876606159e-05
all_labeled_excl_source_issue,ALL,none,spearman,qd_early_std_qc,tmax_early_mean,128,-0.006117240432155282
all_labeled_excl_source_issue,ALL,within_batch_mean_centered,pearson,qd_early_std_qc,tmax_early_mean,128,0.03323348907822267
all_labeled_excl_source_issue,ALL,none,pearson,qd_early_slope_qc,qd_early_std,128,-0.1712844036979267
all_labeled_excl_source_issue,ALL,none,spearman,qd_early_slope_qc,qd_early_std,128,-0.005819675883537813
all_labeled_excl_source_issue,ALL,within_batch_mean_centered,pearson,qd_early_slope_qc,qd_early_std,128,-0.19051411802948381
all_labeled_excl_source_issue,ALL,none,pearson,qd_early_slope_qc,tavg_early_mean,128,-0.19705846572812644
all_labeled_excl_source_issue,ALL,none,spearman,qd_early_slope_qc,tavg_early_mean,128,-0.3241965757187328
all_labeled_excl_source_issue,ALL,within_batch_mean_centered,pearson,qd_early_slope_qc,tavg_early_mean,128,-0.1570922339626774
all_labeled_excl_source_issue,ALL,none,pearson,qd_early_slope_qc,tmax_early_mean,128,-0.10592851561674166
all_labeled_excl_source_issue,ALL,none,spearman,qd_early_slope_qc,tmax_early_mean,128,-0.2135769547701886
all_labeled_excl_source_issue,ALL,within_batch_mean_centered,pearson,qd_early_slope_qc,tmax_early_mean,128,-0.08627891629927421
all_labeled_excl_source_issue,ALL,none,pearson,qd_early_slope_qc,qd_early_std_qc,128,-0.3767372641648253
all_labeled_excl_source_issue,ALL,none,spearman,qd_early_slope_qc,qd_early_std_qc,128,0.006477751327595678
all_labeled_excl_source_issue,ALL,within_batch_mean_centered,pearson,qd_early_slope_qc,qd_early_std_qc,128,-0.4649489877899521
all_labeled_excl_source_issue,ALL,none,pearson,qd2_qc,qd_early_mean,128,0.973756393586778
all_labeled_excl_source_issue,ALL,none,spearman,qd2_qc,qd_early_mean,128,0.9741061618751143
all_labeled_excl_source_issue,ALL,within_batch_mean_centered,pearson,qd2_qc,qd_early_mean,128,0.9312237259194907
all_labeled_excl_source_issue,ALL,none,pearson,qd2_qc,qd_early_std,128,-0.01934248496611954
all_labeled_excl_source_issue,ALL,none,spearman,qd2_qc,qd_early_std,128,0.5187580113532321
all_labeled_excl_source_issue,ALL,within_batch_mean_centered,pearson,qd2_qc,qd_early_std,128,-0.16053385498459405
all_labeled_excl_source_issue,ALL,none,pearson,qd2_qc,qd_early_median,128,0.9810055736093324
all_labeled_excl_source_issue,ALL,none,spearman,qd2_qc,qd_early_median,128,0.9862891411829335
all_labeled_excl_source_issue,ALL,within_batch_mean_centered,pearson,qd2_qc,qd_early_median,128,0.9489887984705585
all_labeled_excl_source_issue,ALL,none,pearson,qd2_qc,qd_delta_100_2,128,0.1477967284366492
all_labeled_excl_source_issue,ALL,none,spearman,qd2_qc,qd_delta_100_2,128,0.17604376487822743
all_labeled_excl_source_issue,ALL,within_batch_mean_centered,pearson,qd2_qc,qd_delta_100_2,128,0.044025001966222624
all_labeled_excl_source_issue,ALL,none,pearson,qd2_qc,qd_early_slope,128,0.21239257323042693
all_labeled_excl_source_issue,ALL,none,spearman,qd2_qc,qd_early_slope,128,0.21088742904229996
all_labeled_excl_source_issue,ALL,within_batch_mean_centered,pearson,qd2_qc,qd_early_slope,128,0.12364240973728038
all_labeled_excl_source_issue,ALL,none,pearson,qd2_qc,tavg_early_mean,128,-0.4367847006120552
all_labeled_excl_source_issue,ALL,none,spearman,qd2_qc,tavg_early_mean,128,-0.40284517487639626
all_labeled_excl_source_issue,ALL,within_batch_mean_centered,pearson,qd2_qc,tavg_early_mean,128,-0.24440481640656714
all_labeled_excl_source_issue,ALL,none,pearson,qd2_qc,tmax_early_mean,128,-0.25045949131277834
all_labeled_excl_source_issue,ALL,none,spearman,qd2_qc,tmax_early_mean,128,-0.22672701886101446
all_labeled_excl_source_issue,ALL,within_batch_mean_centered,pearson,qd2_qc,tmax_early_mean,128,-0.2386464172195131
all_labeled_excl_source_issue,ALL,none,pearson,qd2_qc,qd_early_mean_qc,128,0.9797721371252325
all_labeled_excl_source_issue,ALL,none,spearman,qd2_qc,qd_early_mean_qc,128,0.9845838674235489
all_labeled_excl_source_issue,ALL,within_batch_mean_centered,pearson,qd2_qc,qd_early_mean_qc,128,0.9470962400596266
all_labeled_excl_source_issue,ALL,none,pearson,qd2_qc,qd_early_std_qc,128,0.17651518507238698
all_labeled_excl_source_issue,ALL,none,spearman,qd2_qc,qd_early_std_qc,128,0.5355875755356162
all_labeled_excl_source_issue,ALL,within_batch_mean_centered,pearson,qd2_qc,qd_early_std_qc,128,-0.1216243121709695
all_labeled_excl_source_issue,ALL,none,pearson,qd2_qc,qd_early_slope_qc,128,0.2042418587694969
all_labeled_excl_source_issue,ALL,none,spearman,qd2_qc,qd_early_slope_qc,128,0.20658418787767807
all_labeled_excl_source_issue,ALL,within_batch_mean_centered,pearson,qd2_qc,qd_early_slope_qc,128,0.08288793175226272
all_labeled_excl_source_issue,ALL,none,pearson,qd2_qc,qd_delta_100_2_qc,128,0.1477967284366492
all_labeled_excl_source_issue,ALL,none,spearman,qd2_qc,qd_delta_100_2_qc,128,0.17604376487822743
all_labeled_excl_source_issue,ALL,within_batch_mean_centered,pearson,qd2_qc,qd_delta_100_2_qc,128,0.044025001966222624
all_labeled_excl_source_issue,ALL,none,pearson,qd100_qc,qd_early_mean,128,0.9805951261291705
all_labeled_excl_source_issue,ALL,none,spearman,qd100_qc,qd_early_mean,128,0.9776826588536897
all_labeled_excl_source_issue,ALL,within_batch_mean_centered,pearson,qd100_qc,qd_early_mean,128,0.9491973738936338
all_labeled_excl_source_issue,ALL,none,pearson,qd100_qc,qd_early_std,128,-0.04507039887876102
all_labeled_excl_source_issue,ALL,none,spearman,qd100_qc,qd_early_std,128,0.44399491851309286
all_labeled_excl_source_issue,ALL,within_batch_mean_centered,pearson,qd100_qc,qd_early_std,128,-0.19358631852977018
all_labeled_excl_source_issue,ALL,none,pearson,qd100_qc,qd_early_median,128,0.9868884391370103
all_labeled_excl_source_issue,ALL,none,spearman,qd100_qc,qd_early_median,128,0.9876339040468778
all_labeled_excl_source_issue,ALL,within_batch_mean_centered,pearson,qd100_qc,qd_early_median,128,0.9657427900404981
all_labeled_excl_source_issue,ALL,none,pearson,qd100_qc,qd2,128,0.9485733363668603
all_labeled_excl_source_issue,ALL,none,spearman,qd100_qc,qd2,128,0.9600119025819447
all_labeled_excl_source_issue,ALL,within_batch_mean_centered,pearson,qd100_qc,qd2,128,0.85862242686336
all_labeled_excl_source_issue,ALL,none,pearson,qd100_qc,qd_delta_100_2,128,0.45327698547406914
all_labeled_excl_source_issue,ALL,none,spearman,qd100_qc,qd_delta_100_2,128,0.380304660318623
all_labeled_excl_source_issue,ALL,within_batch_mean_centered,pearson,qd100_qc,qd_delta_100_2,128,0.5499123964263201
all_labeled_excl_source_issue,ALL,none,pearson,qd100_qc,qd_early_slope,128,0.4482112691117125
all_labeled_excl_source_issue,ALL,none,spearman,qd100_qc,qd_early_slope,128,0.38921442959164987
all_labeled_excl_source_issue,ALL,within_batch_mean_centered,pearson,qd100_qc,qd_early_slope,128,0.5224971393540856
all_labeled_excl_source_issue,ALL,none,pearson,qd100_qc,tavg_early_mean,128,-0.47844480218034946
all_labeled_excl_source_issue,ALL,none,spearman,qd100_qc,tavg_early_mean,128,-0.4283613349203443
all_labeled_excl_source_issue,ALL,within_batch_mean_centered,pearson,qd100_qc,tavg_early_mean,128,-0.301566521575654
all_labeled_excl_source_issue,ALL,none,pearson,qd100_qc,tmax_early_mean,128,-0.28301831822365553
all_labeled_excl_source_issue,ALL,none,spearman,qd100_qc,tmax_early_mean,128,-0.25357077458340965
all_labeled_excl_source_issue,ALL,within_batch_mean_centered,pearson,qd100_qc,tmax_early_mean,128,-0.2715652264339718
all_labeled_excl_source_issue,ALL,none,pearson,qd100_qc,qd_early_mean_qc,128,0.9878386672856
all_labeled_excl_source_issue,ALL,none,spearman,qd100_qc,qd_early_mean_qc,128,0.9889157205639992
all_labeled_excl_source_issue,ALL,within_batch_mean_centered,pearson,qd100_qc,qd_early_mean_qc,128,0.9682352523980771
all_labeled_excl_source_issue,ALL,none,pearson,qd100_qc,qd_early_std_qc,128,0.12500978506068075
all_labeled_excl_source_issue,ALL,none,spearman,qd100_qc,qd_early_std_qc,128,0.46026941036440217
all_labeled_excl_source_issue,ALL,within_batch_mean_centered,pearson,qd100_qc,qd_early_std_qc,128,-0.17914315704530728
all_labeled_excl_source_issue,ALL,none,pearson,qd100_qc,qd_early_slope_qc,128,0.4594669225735853
all_labeled_excl_source_issue,ALL,none,spearman,qd100_qc,qd_early_slope_qc,128,0.3863074528474638
all_labeled_excl_source_issue,ALL,within_batch_mean_centered,pearson,qd100_qc,qd_early_slope_qc,128,0.5155987542931824
all_labeled_excl_source_issue,ALL,none,pearson,qd100_qc,qd2_qc,128,0.9485733363668603
all_labeled_excl_source_issue,ALL,none,spearman,qd100_qc,qd2_qc,128,0.9600119025819447
all_labeled_excl_source_issue,ALL,within_batch_mean_centered,pearson,qd100_qc,qd2_qc,128,0.85862242686336
all_labeled_excl_source_issue,ALL,none,pearson,qd100_qc,qd_delta_100_2_qc,128,0.45327698547406914
all_labeled_excl_source_issue,ALL,none,spearman,qd100_qc,qd_delta_100_2_qc,128,0.380304660318623
all_labeled_excl_source_issue,ALL,within_batch_mean_centered,pearson,qd100_qc,qd_delta_100_2_qc,128,0.5499123964263201
all_labeled_excl_source_issue,ALL,none,pearson,qd_delta_100_2_qc,qd_early_mean,128,0.32173947734057684
all_labeled_excl_source_issue,ALL,none,spearman,qd_delta_100_2_qc,qd_early_mean,128,0.27870925654642004
all_labeled_excl_source_issue,ALL,within_batch_mean_centered,pearson,qd_delta_100_2_qc,qd_early_mean,128,0.3326089673613922
all_labeled_excl_source_issue,ALL,none,pearson,qd_delta_100_2_qc,qd_early_std,128,-0.08634805037905594
all_labeled_excl_source_issue,ALL,none,spearman,qd_delta_100_2_qc,qd_early_std,128,-0.011833913202710126
all_labeled_excl_source_issue,ALL,within_batch_mean_centered,pearson,qd_delta_100_2_qc,qd_early_std,128,-0.11571629219894453
all_labeled_excl_source_issue,ALL,none,pearson,qd_delta_100_2_qc,qd_early_median,128,0.3209892147261895
all_labeled_excl_source_issue,ALL,none,spearman,qd_delta_100_2_qc,qd_early_median,128,0.28688083684306903
all_labeled_excl_source_issue,ALL,within_batch_mean_centered,pearson,qd_delta_100_2_qc,qd_early_median,128,0.3359089293623905
all_labeled_excl_source_issue,ALL,none,pearson,qd_delta_100_2_qc,qd_early_slope,128,0.8022827723144734
all_labeled_excl_source_issue,ALL,none,spearman,qd_delta_100_2_qc,qd_early_slope,128,0.841295092473906
all_labeled_excl_source_issue,ALL,within_batch_mean_centered,pearson,qd_delta_100_2_qc,qd_early_slope,128,0.8168448162444443
all_labeled_excl_source_issue,ALL,none,pearson,qd_delta_100_2_qc,tavg_early_mean,128,-0.26489266885013896
all_labeled_excl_source_issue,ALL,none,spearman,qd_delta_100_2_qc,tavg_early_mean,128,-0.36627906976744184
all_labeled_excl_source_issue,ALL,within_batch_mean_centered,pearson,qd_delta_100_2_qc,tavg_early_mean,128,-0.18950477630070234
all_labeled_excl_source_issue,ALL,none,pearson,qd_delta_100_2_qc,tmax_early_mean,128,-0.17898215562939232
all_labeled_excl_source_issue,ALL,none,spearman,qd_delta_100_2_qc,tmax_early_mean,128,-0.2393735121772569
all_labeled_excl_source_issue,ALL,within_batch_mean_centered,pearson,qd_delta_100_2_qc,tmax_early_mean,128,-0.14041729422419308
all_labeled_excl_source_issue,ALL,none,pearson,qd_delta_100_2_qc,qd_early_mean_qc,128,0.32743114297659565
all_labeled_excl_source_issue,ALL,none,spearman,qd_delta_100_2_qc,qd_early_mean_qc,128,0.29641434718915943
all_labeled_excl_source_issue,ALL,within_batch_mean_centered,pearson,qd_delta_100_2_qc,qd_early_mean_qc,128,0.34385017962722786
all_labeled_excl_source_issue,ALL,none,pearson,qd_delta_100_2_qc,qd_early_std_qc,128,-0.10646848543731537
all_labeled_excl_source_issue,ALL,none,spearman,qd_delta_100_2_qc,qd_early_std_qc,128,-0.00029756454861746927
all_labeled_excl_source_issue,ALL,within_batch_mean_centered,pearson,qd_delta_100_2_qc,qd_early_std_qc,128,-0.15096533645382842
all_labeled_excl_source_issue,ALL,none,pearson,qd_delta_100_2_qc,qd_early_slope_qc,128,0.8603996816641402
all_labeled_excl_source_issue,ALL,none,spearman,qd_delta_100_2_qc,qd_early_slope_qc,128,0.8411691997802598
all_labeled_excl_source_issue,ALL,within_batch_mean_centered,pearson,qd_delta_100_2_qc,qd_early_slope_qc,128,0.8698040455073937
all_labeled_excl_source_issue,B1,none,pearson,qd_early_mean,qd_early_std,46,0.07008663617339672
all_labeled_excl_source_issue,B1,none,spearman,qd_early_mean,qd_early_std,46,-0.0549491211840888
all_labeled_excl_source_issue,B1,none,pearson,qd_early_mean,qd_early_median,46,0.9286385622540395
all_labeled_excl_source_issue,B1,none,spearman,qd_early_mean,qd_early_median,46,0.9287079864323158
all_labeled_excl_source_issue,B1,none,pearson,qd_early_mean,qd_early_slope,46,-0.04289687385379776
all_labeled_excl_source_issue,B1,none,spearman,qd_early_mean,qd_early_slope,46,-0.19210607462226334
all_labeled_excl_source_issue,B1,none,pearson,qd_early_mean,tavg_early_mean,46,-0.18818346522011595
all_labeled_excl_source_issue,B1,none,spearman,qd_early_mean,tavg_early_mean,46,-0.14979956830095592
all_labeled_excl_source_issue,B1,none,pearson,qd_early_mean,tmax_early_mean,46,-0.2005968787670606
all_labeled_excl_source_issue,B1,none,spearman,qd_early_mean,tmax_early_mean,46,-0.09010175763182238
all_labeled_excl_source_issue,B1,none,pearson,qd_early_mean,qd_early_mean_qc,46,0.9309465756265546
all_labeled_excl_source_issue,B1,none,spearman,qd_early_mean,qd_early_mean_qc,46,0.9348751156336725
all_labeled_excl_source_issue,B1,none,pearson,qd_early_mean,qd_early_std_qc,46,-0.06157352218297956
all_labeled_excl_source_issue,B1,none,spearman,qd_early_mean,qd_early_std_qc,46,-0.0629663891458526
all_labeled_excl_source_issue,B1,none,pearson,qd_early_mean,qd_early_slope_qc,46,0.01678343201646544
all_labeled_excl_source_issue,B1,none,spearman,qd_early_mean,qd_early_slope_qc,46,-0.18408880666049954
all_labeled_excl_source_issue,B1,none,pearson,qd_early_std,tavg_early_mean,46,-0.1698116096064073
all_labeled_excl_source_issue,B1,none,spearman,qd_early_std,tavg_early_mean,46,-0.40302189330866484
all_labeled_excl_source_issue,B1,none,pearson,qd_early_std,tmax_early_mean,46,-0.054906598413947835
all_labeled_excl_source_issue,B1,none,spearman,qd_early_std,tmax_early_mean,46,-0.2967005858772741
all_labeled_excl_source_issue,B1,none,pearson,qd_early_std,qd_early_std_qc,46,0.23866907781094096
all_labeled_excl_source_issue,B1,none,spearman,qd_early_std,qd_early_std_qc,46,0.9992599444958371
all_labeled_excl_source_issue,B1,none,pearson,qd_early_median,qd_early_std,46,-0.3038208091888072
all_labeled_excl_source_issue,B1,none,spearman,qd_early_median,qd_early_std,46,-0.13993216157878507
all_labeled_excl_source_issue,B1,none,pearson,qd_early_median,qd_early_slope,46,0.2582079948031993
all_labeled_excl_source_issue,B1,none,spearman,qd_early_median,qd_early_slope,46,-0.07431390687634905
all_labeled_excl_source_issue,B1,none,pearson,qd_early_median,tavg_early_mean,46,-0.12239566291301993
all_labeled_excl_source_issue,B1,none,spearman,qd_early_median,tavg_early_mean,46,-0.07468393462843045
all_labeled_excl_source_issue,B1,none,pearson,qd_early_median,tmax_early_mean,46,-0.17557384450901403
all_labeled_excl_source_issue,B1,none,spearman,qd_early_median,tmax_early_mean,46,-0.0507554733271662
all_labeled_excl_source_issue,B1,none,pearson,qd_early_median,qd_early_std_qc,46,-0.14464352039555597
all_labeled_excl_source_issue,B1,none,spearman,qd_early_median,qd_early_std_qc,46,-0.13598519888991673
all_labeled_excl_source_issue,B1,none,pearson,qd_early_median,qd_early_slope_qc,46,0.12259908017406936
all_labeled_excl_source_issue,B1,none,spearman,qd_early_median,qd_early_slope_qc,46,-0.0782608695652174
all_labeled_excl_source_issue,B1,none,pearson,qd2,qd_early_mean,46,0.9177702519716467
all_labeled_excl_source_issue,B1,none,spearman,qd2,qd_early_mean,46,0.8986123959296947
all_labeled_excl_source_issue,B1,none,pearson,qd2,qd_early_std,46,-0.2683639756450822
all_labeled_excl_source_issue,B1,none,spearman,qd2,qd_early_std,46,-0.21344434165895776
all_labeled_excl_source_issue,B1,none,pearson,qd2,qd_early_median,46,0.9781303311246162
all_labeled_excl_source_issue,B1,none,spearman,qd2,qd_early_median,46,0.9729879740980574
all_labeled_excl_source_issue,B1,none,pearson,qd2,qd_delta_100_2,46,-0.16471444070268298
all_labeled_excl_source_issue,B1,none,spearman,qd2,qd_delta_100_2,46,-0.31705211224175145
all_labeled_excl_source_issue,B1,none,pearson,qd2,qd_early_slope,46,0.15494365464171356
all_labeled_excl_source_issue,B1,none,spearman,qd2,qd_early_slope,46,-0.20715386987357384
all_labeled_excl_source_issue,B1,none,pearson,qd2,tavg_early_mean,46,-0.0826376823456123
all_labeled_excl_source_issue,B1,none,spearman,qd2,tavg_early_mean,46,-0.011039161270428614
all_labeled_excl_source_issue,B1,none,pearson,qd2,tmax_early_mean,46,-0.15246679368421884
all_labeled_excl_source_issue,B1,none,spearman,qd2,tmax_early_mean,46,-0.012519272278754238
all_labeled_excl_source_issue,B1,none,pearson,qd2,qd_early_mean_qc,46,0.9699259147002587
all_labeled_excl_source_issue,B1,none,spearman,qd2,qd_early_mean_qc,46,0.9639839654640764
all_labeled_excl_source_issue,B1,none,pearson,qd2,qd_early_std_qc,46,-0.16493875103704422
all_labeled_excl_source_issue,B1,none,spearman,qd2,qd_early_std_qc,46,-0.2083872957138452
all_labeled_excl_source_issue,B1,none,pearson,qd2,qd_early_slope_qc,46,0.012425774002758044
all_labeled_excl_source_issue,B1,none,spearman,qd2,qd_early_slope_qc,46,-0.21221091581868637
all_labeled_excl_source_issue,B1,none,pearson,qd2,qd2_qc,46,1.0
all_labeled_excl_source_issue,B1,none,spearman,qd2,qd2_qc,46,1.0
all_labeled_excl_source_issue,B1,none,pearson,qd2,qd_delta_100_2_qc,46,-0.16471444070268298
all_labeled_excl_source_issue,B1,none,spearman,qd2,qd_delta_100_2_qc,46,-0.31705211224175145
all_labeled_excl_source_issue,B1,none,pearson,qd100,qd_early_mean,46,0.897811729689101
all_labeled_excl_source_issue,B1,none,spearman,qd100,qd_early_mean,46,0.9092198581560285
all_labeled_excl_source_issue,B1,none,pearson,qd100,qd_early_std,46,-0.3381234901500412
all_labeled_excl_source_issue,B1,none,spearman,qd100,qd_early_std,46,-0.19568300955905027
all_labeled_excl_source_issue,B1,none,pearson,qd100,qd_early_median,46,0.9788177344071203
all_labeled_excl_source_issue,B1,none,spearman,qd100,qd_early_median,46,0.9700277520814061
all_labeled_excl_source_issue,B1,none,pearson,qd100,qd2,46,0.9230857806532511
all_labeled_excl_source_issue,B1,none,spearman,qd100,qd2,46,0.9192106074622263
all_labeled_excl_source_issue,B1,none,pearson,qd100,qd_delta_100_2,46,0.22729551049975416
all_labeled_excl_source_issue,B1,none,spearman,qd100,qd_delta_100_2,46,-0.04865864939870491
all_labeled_excl_source_issue,B1,none,pearson,qd100,qd_early_slope,46,0.3642798084410985
all_labeled_excl_source_issue,B1,none,spearman,qd100,qd_early_slope,46,0.04175146469318532
all_labeled_excl_source_issue,B1,none,pearson,qd100,tavg_early_mean,46,-0.11460428499402556
all_labeled_excl_source_issue,B1,none,spearman,qd100,tavg_early_mean,46,-0.10428615479494294
all_labeled_excl_source_issue,B1,none,pearson,qd100,tmax_early_mean,46,-0.16425296209184606
all_labeled_excl_source_issue,B1,none,spearman,qd100,tmax_early_mean,46,-0.08553808202281836
all_labeled_excl_source_issue,B1,none,pearson,qd100,qd_early_mean_qc,46,0.9798565246647197
all_labeled_excl_source_issue,B1,none,spearman,qd100,qd_early_mean_qc,46,0.9744680851063829
all_labeled_excl_source_issue,B1,none,pearson,qd100,qd_early_std_qc,46,-0.1344996669011074
all_labeled_excl_source_issue,B1,none,spearman,qd100,qd_early_std_qc,46,-0.19432624113475178
all_labeled_excl_source_issue,B1,none,pearson,qd100,qd_early_slope_qc,46,0.240107360555675
all_labeled_excl_source_issue,B1,none,spearman,qd100,qd_early_slope_qc,46,0.04039469626888683
all_labeled_excl_source_issue,B1,none,pearson,qd100,qd2_qc,46,0.9230857806532511
all_labeled_excl_source_issue,B1,none,spearman,qd100,qd2_qc,46,0.9192106074622263
all_labeled_excl_source_issue,B1,none,pearson,qd100,qd100_qc,46,0.9999999999999999
all_labeled_excl_source_issue,B1,none,spearman,qd100,qd100_qc,46,1.0
all_labeled_excl_source_issue,B1,none,pearson,qd100,qd_delta_100_2_qc,46,0.22729551049975416
all_labeled_excl_source_issue,B1,none,spearman,qd100,qd_delta_100_2_qc,46,-0.04865864939870491
all_labeled_excl_source_issue,B1,none,pearson,qd_delta_100_2,qd_early_mean,46,-0.021320122129365654
all_labeled_excl_source_issue,B1,none,spearman,qd_delta_100_2,qd_early_mean,46,-0.23478260869565218
all_labeled_excl_source_issue,B1,none,pearson,qd_delta_100_2,qd_early_std,46,-0.18764038490331306
all_labeled_excl_source_issue,B1,none,spearman,qd_delta_100_2,qd_early_std,46,0.24662349676225717
all_labeled_excl_source_issue,B1,none,pearson,qd_delta_100_2,qd_early_median,46,0.03359325798262913
all_labeled_excl_source_issue,B1,none,spearman,qd_delta_100_2,qd_early_median,46,-0.1610237434474252
all_labeled_excl_source_issue,B1,none,pearson,qd_delta_100_2,qd_early_slope,46,0.541911774480424
all_labeled_excl_source_issue,B1,none,spearman,qd_delta_100_2,qd_early_slope,46,0.8764107308048102
all_labeled_excl_source_issue,B1,none,pearson,qd_delta_100_2,tavg_early_mean,46,-0.08467167618752369
all_labeled_excl_source_issue,B1,none,spearman,qd_delta_100_2,tavg_early_mean,46,-0.2310823311748381
all_labeled_excl_source_issue,B1,none,pearson,qd_delta_100_2,tmax_early_mean,46,-0.0351887261546812
all_labeled_excl_source_issue,B1,none,spearman,qd_delta_100_2,tmax_early_mean,46,-0.15979031760715387
all_labeled_excl_source_issue,B1,none,pearson,qd_delta_100_2,qd_early_mean_qc,46,0.05703166688140354
all_labeled_excl_source_issue,B1,none,spearman,qd_delta_100_2,qd_early_mean_qc,46,-0.1486894850447117
all_labeled_excl_source_issue,B1,none,pearson,qd_delta_100_2,qd_early_std_qc,46,0.07269752383891237
all_labeled_excl_source_issue,B1,none,spearman,qd_delta_100_2,qd_early_std_qc,46,0.25094048720320694
all_labeled_excl_source_issue,B1,none,pearson,qd_delta_100_2,qd_early_slope_qc,46,0.5843231878571493
all_labeled_excl_source_issue,B1,none,spearman,qd_delta_100_2,qd_early_slope_qc,46,0.8720937403638607
all_labeled_excl_source_issue,B1,none,pearson,qd_delta_100_2,qd_delta_100_2_qc,46,1.0
all_labeled_excl_source_issue,B1,none,spearman,qd_delta_100_2,qd_delta_100_2_qc,46,1.0
all_labeled_excl_source_issue,B1,none,pearson,qd_early_slope,qd_early_std,46,-0.8279944953894782
all_labeled_excl_source_issue,B1,none,spearman,qd_early_slope,qd_early_std,46,0.10058587727412889
all_labeled_excl_source_issue,B1,none,pearson,qd_early_slope,tavg_early_mean,46,0.1430241618882917
all_labeled_excl_source_issue,B1,none,spearman,qd_early_slope,tavg_early_mean,46,-0.1452358926919519
all_labeled_excl_source_issue,B1,none,pearson,qd_early_slope,tmax_early_mean,46,0.04205712279521326
all_labeled_excl_source_issue,B1,none,spearman,qd_early_slope,tmax_early_mean,46,-0.1169904409497379
all_labeled_excl_source_issue,B1,none,pearson,qd_early_slope,qd_early_std_qc,46,-0.5292686422246669
all_labeled_excl_source_issue,B1,none,spearman,qd_early_slope,qd_early_std_qc,46,0.1013259327782917
all_labeled_excl_source_issue,B1,none,pearson,qd_early_slope,qd_early_slope_qc,46,0.7866862591829311
all_labeled_excl_source_issue,B1,none,spearman,qd_early_slope,qd_early_slope_qc,46,0.9992599444958371
all_labeled_excl_source_issue,B1,none,pearson,ir_early_mean,qd_early_mean,46,0.22251632319668593
all_labeled_excl_source_issue,B1,none,spearman,ir_early_mean,qd_early_mean,46,0.190009250693802
all_labeled_excl_source_issue,B1,none,pearson,ir_early_mean,qd_early_std,46,0.4516482248005092
all_labeled_excl_source_issue,B1,none,spearman,ir_early_mean,qd_early_std,46,0.015849522047486894
all_labeled_excl_source_issue,B1,none,pearson,ir_early_mean,qd_early_median,46,0.030613096491391694
all_labeled_excl_source_issue,B1,none,spearman,ir_early_mean,qd_early_median,46,0.08862164662349675
all_labeled_excl_source_issue,B1,none,pearson,ir_early_mean,qd2,46,-0.05595530424080176
all_labeled_excl_source_issue,B1,none,spearman,ir_early_mean,qd2,46,0.01091581868640148
all_labeled_excl_source_issue,B1,none,pearson,ir_early_mean,qd100,46,0.1268749837092426
all_labeled_excl_source_issue,B1,none,spearman,ir_early_mean,qd100,46,0.14745605920444033
all_labeled_excl_source_issue,B1,none,pearson,ir_early_mean,qd_delta_100_2,46,0.46707098365216526
all_labeled_excl_source_issue,B1,none,spearman,ir_early_mean,qd_delta_100_2,46,0.32926302806043783
all_labeled_excl_source_issue,B1,none,pearson,ir_early_mean,qd_early_slope,46,-0.08794777491827235
all_labeled_excl_source_issue,B1,none,spearman,ir_early_mean,qd_early_slope,46,0.29201356768424297
all_labeled_excl_source_issue,B1,none,pearson,ir_early_mean,ir_early_slope,46,-0.4231662639886667
all_labeled_excl_source_issue,B1,none,spearman,ir_early_mean,ir_early_slope,46,0.0005550416281221092
all_labeled_excl_source_issue,B1,none,pearson,ir_early_mean,ir_zero_fraction_early,46,-0.31730824213578757
all_labeled_excl_source_issue,B1,none,spearman,ir_early_mean,ir_zero_fraction_early,46,-0.19770256388614393
all_labeled_excl_source_issue,B1,none,pearson,ir_early_mean,tavg_early_mean,46,-0.1941945853965104
all_labeled_excl_source_issue,B1,none,spearman,ir_early_mean,tavg_early_mean,46,-0.30693802035152634
all_labeled_excl_source_issue,B1,none,pearson,ir_early_mean,ir_missing_fraction_early,46,-0.31730824213578757
all_labeled_excl_source_issue,B1,none,spearman,ir_early_mean,ir_missing_fraction_early,46,-0.19770256388614393
all_labeled_excl_source_issue,B1,none,pearson,ir_early_mean,tmax_early_mean,46,-0.11286243882952021
all_labeled_excl_source_issue,B1,none,spearman,ir_early_mean,tmax_early_mean,46,-0.2213382670366944
all_labeled_excl_source_issue,B1,none,pearson,ir_early_mean,qd_early_mean_qc,46,0.042720284592681304
all_labeled_excl_source_issue,B1,none,spearman,ir_early_mean,qd_early_mean_qc,46,0.09515880357693493
all_labeled_excl_source_issue,B1,none,pearson,ir_early_mean,qd_early_std_qc,46,-0.011913818722951717
all_labeled_excl_source_issue,B1,none,spearman,ir_early_mean,qd_early_std_qc,46,0.0020351526364477336
all_labeled_excl_source_issue,B1,none,pearson,ir_early_mean,qd_early_slope_qc,46,0.2903448275175839
all_labeled_excl_source_issue,B1,none,spearman,ir_early_mean,qd_early_slope_qc,46,0.30582793709528217
all_labeled_excl_source_issue,B1,none,pearson,ir_early_mean,qd2_qc,46,-0.05595530424080176
all_labeled_excl_source_issue,B1,none,spearman,ir_early_mean,qd2_qc,46,0.01091581868640148
all_labeled_excl_source_issue,B1,none,pearson,ir_early_mean,qd100_qc,46,0.1268749837092426
all_labeled_excl_source_issue,B1,none,spearman,ir_early_mean,qd100_qc,46,0.14745605920444033
all_labeled_excl_source_issue,B1,none,pearson,ir_early_mean,qd_delta_100_2_qc,46,0.46707098365216526
all_labeled_excl_source_issue,B1,none,spearman,ir_early_mean,qd_delta_100_2_qc,46,0.32926302806043783
all_labeled_excl_source_issue,B1,none,pearson,ir_change_100_2,qd_early_mean,46,0.004321427018202401
all_labeled_excl_source_issue,B1,none,spearman,ir_change_100_2,qd_early_mean,46,0.1205673758865248
all_labeled_excl_source_issue,B1,none,pearson,ir_change_100_2,qd_early_std,46,-0.952290865169864
all_labeled_excl_source_issue,B1,none,spearman,ir_change_100_2,qd_early_std,46,-0.5655874190564292
all_labeled_excl_source_issue,B1,none,pearson,ir_change_100_2,qd_early_median,46,0.353934655112668
all_labeled_excl_source_issue,B1,none,spearman,ir_change_100_2,qd_early_median,46,0.20888066604995373
all_labeled_excl_source_issue,B1,none,pearson,ir_change_100_2,qd2,46,0.30489023906513046
all_labeled_excl_source_issue,B1,none,spearman,ir_change_100_2,qd2,46,0.23737280296022198
all_labeled_excl_source_issue,B1,none,pearson,ir_change_100_2,qd100,46,0.41124643789028537
all_labeled_excl_source_issue,B1,none,spearman,ir_change_100_2,qd100,46,0.23293246993524513
all_labeled_excl_source_issue,B1,none,pearson,ir_change_100_2,qd_delta_100_2,46,0.28268594531011254
all_labeled_excl_source_issue,B1,none,spearman,ir_change_100_2,qd_delta_100_2,46,-0.2226950354609929
all_labeled_excl_source_issue,B1,none,pearson,ir_change_100_2,qd_early_slope,46,0.7486149896268751
all_labeled_excl_source_issue,B1,none,spearman,ir_change_100_2,qd_early_slope,46,-0.15917360468701816
all_labeled_excl_source_issue,B1,none,pearson,ir_change_100_2,ir_early_mean,46,-0.3719130032556837
all_labeled_excl_source_issue,B1,none,spearman,ir_change_100_2,ir_early_mean,46,-0.03916127042861548
all_labeled_excl_source_issue,B1,none,pearson,ir_change_100_2,ir_early_slope,46,0.9930732040235655
all_labeled_excl_source_issue,B1,none,spearman,ir_change_100_2,ir_early_slope,46,0.9378353376503237
all_labeled_excl_source_issue,B1,none,pearson,ir_change_100_2,ir_zero_fraction_early,46,-0.023632367939968098
all_labeled_excl_source_issue,B1,none,spearman,ir_change_100_2,ir_zero_fraction_early,46,-0.362774607519235
all_labeled_excl_source_issue,B1,none,pearson,ir_change_100_2,tavg_early_mean,46,0.1645234322509539
all_labeled_excl_source_issue,B1,none,spearman,ir_change_100_2,tavg_early_mean,46,0.3608387295713845
all_labeled_excl_source_issue,B1,none,pearson,ir_change_100_2,ir_missing_fraction_early,46,-0.023632367939968098
all_labeled_excl_source_issue,B1,none,spearman,ir_change_100_2,ir_missing_fraction_early,46,-0.362774607519235
all_labeled_excl_source_issue,B1,none,pearson,ir_change_100_2,tmax_early_mean,46,0.061892619633081666
all_labeled_excl_source_issue,B1,none,spearman,ir_change_100_2,tmax_early_mean,46,0.2226950354609929
all_labeled_excl_source_issue,B1,none,pearson,ir_change_100_2,qd_early_mean_qc,46,0.36167081377946686
all_labeled_excl_source_issue,B1,none,spearman,ir_change_100_2,qd_early_mean_qc,46,0.21344434165895776
all_labeled_excl_source_issue,B1,none,pearson,ir_change_100_2,qd_early_std_qc,46,-0.0210519209738304
all_labeled_excl_source_issue,B1,none,spearman,ir_change_100_2,qd_early_std_qc,46,-0.5639839654640765
all_labeled_excl_source_issue,B1,none,pearson,ir_change_100_2,qd_early_slope_qc,46,0.2007106475394656
all_labeled_excl_source_issue,B1,none,spearman,ir_change_100_2,qd_early_slope_qc,46,-0.16077705827937097
all_labeled_excl_source_issue,B1,none,pearson,ir_change_100_2,qd2_qc,46,0.30489023906513046
all_labeled_excl_source_issue,B1,none,spearman,ir_change_100_2,qd2_qc,46,0.23737280296022198
all_labeled_excl_source_issue,B1,none,pearson,ir_change_100_2,qd100_qc,46,0.41124643789028537
all_labeled_excl_source_issue,B1,none,spearman,ir_change_100_2,qd100_qc,46,0.23293246993524513
all_labeled_excl_source_issue,B1,none,pearson,ir_change_100_2,qd_delta_100_2_qc,46,0.28268594531011254
all_labeled_excl_source_issue,B1,none,spearman,ir_change_100_2,qd_delta_100_2_qc,46,-0.2226950354609929
all_labeled_excl_source_issue,B1,none,pearson,ir_early_slope,qd_early_mean,46,-0.054054590920989846
all_labeled_excl_source_issue,B1,none,spearman,ir_early_slope,qd_early_mean,46,0.057169287696577246
all_labeled_excl_source_issue,B1,none,pearson,ir_early_slope,qd_early_std,46,-0.9711195775569029
all_labeled_excl_source_issue,B1,none,spearman,ir_early_slope,qd_early_std,46,-0.7038544557508479
all_labeled_excl_source_issue,B1,none,pearson,ir_early_slope,qd_early_median,46,0.30684712478836024
all_labeled_excl_source_issue,B1,none,spearman,ir_early_slope,qd_early_median,46,0.14646931853222325
all_labeled_excl_source_issue,B1,none,pearson,ir_early_slope,qd2,46,0.2636246803784586
all_labeled_excl_source_issue,B1,none,spearman,ir_early_slope,qd2,46,0.20851063829787236
all_labeled_excl_source_issue,B1,none,pearson,ir_early_slope,qd100,46,0.35430003569594337
all_labeled_excl_source_issue,B1,none,spearman,ir_early_slope,qd100,46,0.16312056737588654
all_labeled_excl_source_issue,B1,none,pearson,ir_early_slope,qd_delta_100_2,46,0.24112753326091577
all_labeled_excl_source_issue,B1,none,spearman,ir_early_slope,qd_delta_100_2,46,-0.3119950662966389
all_labeled_excl_source_issue,B1,none,pearson,ir_early_slope,qd_early_slope,46,0.7464325564301705
all_labeled_excl_source_issue,B1,none,spearman,ir_early_slope,qd_early_slope,46,-0.22405180388529136
all_labeled_excl_source_issue,B1,none,pearson,ir_early_slope,ir_zero_fraction_early,46,0.018349374029988055
all_labeled_excl_source_issue,B1,none,spearman,ir_early_slope,ir_zero_fraction_early,46,-0.48561891906014
all_labeled_excl_source_issue,B1,none,pearson,ir_early_slope,tavg_early_mean,46,0.17255072643050562
all_labeled_excl_source_issue,B1,none,spearman,ir_early_slope,tavg_early_mean,46,0.47110699969164355
all_labeled_excl_source_issue,B1,none,pearson,ir_early_slope,ir_missing_fraction_early,46,0.018349374029988055
all_labeled_excl_source_issue,B1,none,spearman,ir_early_slope,ir_missing_fraction_early,46,-0.48561891906014
all_labeled_excl_source_issue,B1,none,pearson,ir_early_slope,tmax_early_mean,46,0.07326597855946276
all_labeled_excl_source_issue,B1,none,spearman,ir_early_slope,tmax_early_mean,46,0.33752698119025587
all_labeled_excl_source_issue,B1,none,pearson,ir_early_slope,qd_early_mean_qc,46,0.31159268114263344
all_labeled_excl_source_issue,B1,none,spearman,ir_early_slope,qd_early_mean_qc,46,0.15004625346901015
all_labeled_excl_source_issue,B1,none,pearson,ir_early_slope,qd_early_std_qc,46,-0.03144310808917285
all_labeled_excl_source_issue,B1,none,spearman,ir_early_slope,qd_early_std_qc,46,-0.7023743447425224
all_labeled_excl_source_issue,B1,none,pearson,ir_early_slope,qd_early_slope_qc,46,0.18271610546856273
all_labeled_excl_source_issue,B1,none,spearman,ir_early_slope,qd_early_slope_qc,46,-0.22553191489361699
all_labeled_excl_source_issue,B1,none,pearson,ir_early_slope,qd2_qc,46,0.2636246803784586
all_labeled_excl_source_issue,B1,none,spearman,ir_early_slope,qd2_qc,46,0.20851063829787236
all_labeled_excl_source_issue,B1,none,pearson,ir_early_slope,qd100_qc,46,0.35430003569594337
all_labeled_excl_source_issue,B1,none,spearman,ir_early_slope,qd100_qc,46,0.16312056737588654
all_labeled_excl_source_issue,B1,none,pearson,ir_early_slope,qd_delta_100_2_qc,46,0.24112753326091577
all_labeled_excl_source_issue,B1,none,spearman,ir_early_slope,qd_delta_100_2_qc,46,-0.3119950662966389
all_labeled_excl_source_issue,B1,none,pearson,ir_zero_fraction_early,qd_early_mean,46,-0.0928284460605769
all_labeled_excl_source_issue,B1,none,spearman,ir_zero_fraction_early,qd_early_mean,46,-0.013436096574786482
all_labeled_excl_source_issue,B1,none,pearson,ir_zero_fraction_early,qd_early_std,46,-0.09022041046553553
all_labeled_excl_source_issue,B1,none,spearman,ir_zero_fraction_early,qd_early_std,46,0.5355244206236327
all_labeled_excl_source_issue,B1,none,pearson,ir_zero_fraction_early,qd_early_median,46,-0.036808178424593864
all_labeled_excl_source_issue,B1,none,spearman,ir_zero_fraction_early,qd_early_median,46,0.05182494393131929
all_labeled_excl_source_issue,B1,none,pearson,ir_zero_fraction_early,qd2,46,-0.07114573422356597
all_labeled_excl_source_issue,B1,none,spearman,ir_zero_fraction_early,qd2,46,-0.013436096574786482
all_labeled_excl_source_issue,B1,none,pearson,ir_zero_fraction_early,qd100,46,-0.09063716773966005
all_labeled_excl_source_issue,B1,none,spearman,ir_zero_fraction_early,qd100,46,-0.0019194423678266404
all_labeled_excl_source_issue,B1,none,pearson,ir_zero_fraction_early,qd_delta_100_2,46,-0.052303523034372634
all_labeled_excl_source_issue,B1,none,spearman,ir_zero_fraction_early,qd_delta_100_2,46,0.26296360439224975
all_labeled_excl_source_issue,B1,none,pearson,ir_zero_fraction_early,qd_early_slope,46,0.055988318894899095
all_labeled_excl_source_issue,B1,none,spearman,ir_zero_fraction_early,qd_early_slope,46,0.27448025859920955
all_labeled_excl_source_issue,B1,none,pearson,ir_zero_fraction_early,tavg_early_mean,46,-0.3732932826612727
all_labeled_excl_source_issue,B1,none,spearman,ir_zero_fraction_early,tavg_early_mean,46,-0.36277460751923507
all_labeled_excl_source_issue,B1,none,pearson,ir_zero_fraction_early,tmax_early_mean,46,-0.28231189798072776
all_labeled_excl_source_issue,B1,none,spearman,ir_zero_fraction_early,tmax_early_mean,46,-0.3051913364844358
all_labeled_excl_source_issue,B1,none,pearson,ir_zero_fraction_early,qd_early_mean_qc,46,-0.058769259646465045
all_labeled_excl_source_issue,B1,none,spearman,ir_zero_fraction_early,qd_early_mean_qc,46,0.017274981310439766
all_labeled_excl_source_issue,B1,none,pearson,ir_zero_fraction_early,qd_early_std_qc,46,-0.03691329357489906
all_labeled_excl_source_issue,B1,none,spearman,ir_zero_fraction_early,qd_early_std_qc,46,0.5432021900949392
all_labeled_excl_source_issue,B1,none,pearson,ir_zero_fraction_early,qd_early_slope_qc,46,0.005571033799732963
all_labeled_excl_source_issue,B1,none,spearman,ir_zero_fraction_early,qd_early_slope_qc,46,0.266802489127903
all_labeled_excl_source_issue,B1,none,pearson,ir_zero_fraction_early,qd2_qc,46,-0.07114573422356597
all_labeled_excl_source_issue,B1,none,spearman,ir_zero_fraction_early,qd2_qc,46,-0.013436096574786482
all_labeled_excl_source_issue,B1,none,pearson,ir_zero_fraction_early,qd100_qc,46,-0.09063716773966005
all_labeled_excl_source_issue,B1,none,spearman,ir_zero_fraction_early,qd100_qc,46,-0.0019194423678266404
all_labeled_excl_source_issue,B1,none,pearson,ir_zero_fraction_early,qd_delta_100_2_qc,46,-0.052303523034372634
all_labeled_excl_source_issue,B1,none,spearman,ir_zero_fraction_early,qd_delta_100_2_qc,46,0.26296360439224975
all_labeled_excl_source_issue,B1,none,pearson,tavg_early_mean,tmax_early_mean,46,0.955804383172012
all_labeled_excl_source_issue,B1,none,spearman,tavg_early_mean,tmax_early_mean,46,0.950786308973173
all_labeled_excl_source_issue,B1,none,pearson,ir_missing_fraction_early,qd_early_mean,46,-0.0928284460605769
all_labeled_excl_source_issue,B1,none,spearman,ir_missing_fraction_early,qd_early_mean,46,-0.013436096574786482
all_labeled_excl_source_issue,B1,none,pearson,ir_missing_fraction_early,qd_early_std,46,-0.09022041046553553
all_labeled_excl_source_issue,B1,none,spearman,ir_missing_fraction_early,qd_early_std,46,0.5355244206236327
all_labeled_excl_source_issue,B1,none,pearson,ir_missing_fraction_early,qd_early_median,46,-0.036808178424593864
all_labeled_excl_source_issue,B1,none,spearman,ir_missing_fraction_early,qd_early_median,46,0.05182494393131929
all_labeled_excl_source_issue,B1,none,pearson,ir_missing_fraction_early,qd2,46,-0.07114573422356597
all_labeled_excl_source_issue,B1,none,spearman,ir_missing_fraction_early,qd2,46,-0.013436096574786482
all_labeled_excl_source_issue,B1,none,pearson,ir_missing_fraction_early,qd100,46,-0.09063716773966005
all_labeled_excl_source_issue,B1,none,spearman,ir_missing_fraction_early,qd100,46,-0.0019194423678266404
all_labeled_excl_source_issue,B1,none,pearson,ir_missing_fraction_early,qd_delta_100_2,46,-0.052303523034372634
all_labeled_excl_source_issue,B1,none,spearman,ir_missing_fraction_early,qd_delta_100_2,46,0.26296360439224975
all_labeled_excl_source_issue,B1,none,pearson,ir_missing_fraction_early,qd_early_slope,46,0.055988318894899095
all_labeled_excl_source_issue,B1,none,spearman,ir_missing_fraction_early,qd_early_slope,46,0.27448025859920955
all_labeled_excl_source_issue,B1,none,pearson,ir_missing_fraction_early,ir_zero_fraction_early,46,0.9999999999999998
all_labeled_excl_source_issue,B1,none,spearman,ir_missing_fraction_early,ir_zero_fraction_early,46,1.0
all_labeled_excl_source_issue,B1,none,pearson,ir_missing_fraction_early,tavg_early_mean,46,-0.3732932826612727
all_labeled_excl_source_issue,B1,none,spearman,ir_missing_fraction_early,tavg_early_mean,46,-0.36277460751923507
all_labeled_excl_source_issue,B1,none,pearson,ir_missing_fraction_early,tmax_early_mean,46,-0.28231189798072776
all_labeled_excl_source_issue,B1,none,spearman,ir_missing_fraction_early,tmax_early_mean,46,-0.3051913364844358
all_labeled_excl_source_issue,B1,none,pearson,ir_missing_fraction_early,qd_early_mean_qc,46,-0.058769259646465045
all_labeled_excl_source_issue,B1,none,spearman,ir_missing_fraction_early,qd_early_mean_qc,46,0.017274981310439766
all_labeled_excl_source_issue,B1,none,pearson,ir_missing_fraction_early,qd_early_std_qc,46,-0.03691329357489906
all_labeled_excl_source_issue,B1,none,spearman,ir_missing_fraction_early,qd_early_std_qc,46,0.5432021900949392
all_labeled_excl_source_issue,B1,none,pearson,ir_missing_fraction_early,qd_early_slope_qc,46,0.005571033799732963
all_labeled_excl_source_issue,B1,none,spearman,ir_missing_fraction_early,qd_early_slope_qc,46,0.266802489127903
all_labeled_excl_source_issue,B1,none,pearson,ir_missing_fraction_early,qd2_qc,46,-0.07114573422356597
all_labeled_excl_source_issue,B1,none,spearman,ir_missing_fraction_early,qd2_qc,46,-0.013436096574786482
all_labeled_excl_source_issue,B1,none,pearson,ir_missing_fraction_early,qd100_qc,46,-0.09063716773966005
all_labeled_excl_source_issue,B1,none,spearman,ir_missing_fraction_early,qd100_qc,46,-0.0019194423678266404
all_labeled_excl_source_issue,B1,none,pearson,ir_missing_fraction_early,qd_delta_100_2_qc,46,-0.052303523034372634
all_labeled_excl_source_issue,B1,none,spearman,ir_missing_fraction_early,qd_delta_100_2_qc,46,0.26296360439224975
all_labeled_excl_source_issue,B1,none,pearson,chargetime_early_mean,qd_early_mean,46,-0.29576002258892575
all_labeled_excl_source_issue,B1,none,spearman,chargetime_early_mean,qd_early_mean,46,-0.31076164045636756
all_labeled_excl_source_issue,B1,none,pearson,chargetime_early_mean,qd_early_std,46,-0.08999561512491697
all_labeled_excl_source_issue,B1,none,spearman,chargetime_early_mean,qd_early_std,46,-0.013506012950971322
all_labeled_excl_source_issue,B1,none,pearson,chargetime_early_mean,qd_early_median,46,-0.25448751933214236
all_labeled_excl_source_issue,B1,none,spearman,chargetime_early_mean,qd_early_median,46,-0.24131976564909033
all_labeled_excl_source_issue,B1,none,pearson,chargetime_early_mean,qd2,46,-0.37100019154164804
all_labeled_excl_source_issue,B1,none,spearman,chargetime_early_mean,qd2,46,-0.33987049028677147
all_labeled_excl_source_issue,B1,none,pearson,chargetime_early_mean,qd100,46,-0.13939011157314363
all_labeled_excl_source_issue,B1,none,spearman,chargetime_early_mean,qd100,46,-0.1400555041628122
all_labeled_excl_source_issue,B1,none,pearson,chargetime_early_mean,qd_delta_100_2,46,0.5819208662628295
all_labeled_excl_source_issue,B1,none,spearman,chargetime_early_mean,qd_delta_100_2,46,0.6400863398088189
all_labeled_excl_source_issue,B1,none,pearson,chargetime_early_mean,qd_early_slope,46,0.2468654776105143
all_labeled_excl_source_issue,B1,none,spearman,chargetime_early_mean,qd_early_slope,46,0.5176071538698735
all_labeled_excl_source_issue,B1,none,pearson,chargetime_early_mean,ir_early_mean,46,0.26029926477782434
all_labeled_excl_source_issue,B1,none,spearman,chargetime_early_mean,ir_early_mean,46,0.2303422756706753
all_labeled_excl_source_issue,B1,none,pearson,chargetime_early_mean,ir_change_100_2,46,0.1358750212200853
all_labeled_excl_source_issue,B1,none,spearman,chargetime_early_mean,ir_change_100_2,46,-0.017206290471785384
all_labeled_excl_source_issue,B1,none,pearson,chargetime_early_mean,ir_early_slope,46,0.1274521163065006
all_labeled_excl_source_issue,B1,none,spearman,chargetime_early_mean,ir_early_slope,46,-0.03829787234042553
all_labeled_excl_source_issue,B1,none,pearson,chargetime_early_mean,ir_zero_fraction_early,46,-0.059627654208034515
all_labeled_excl_source_issue,B1,none,spearman,chargetime_early_mean,ir_zero_fraction_early,46,-0.05950271340262585
all_labeled_excl_source_issue,B1,none,pearson,chargetime_early_mean,tavg_early_mean,46,-0.19938895752927097
all_labeled_excl_source_issue,B1,none,spearman,chargetime_early_mean,tavg_early_mean,46,-0.10120259019426457
all_labeled_excl_source_issue,B1,none,pearson,chargetime_early_mean,ir_missing_fraction_early,46,-0.059627654208034515
all_labeled_excl_source_issue,B1,none,spearman,chargetime_early_mean,ir_missing_fraction_early,46,-0.05950271340262585
all_labeled_excl_source_issue,B1,none,pearson,chargetime_early_mean,tmax_early_mean,46,-0.13727194046959595
all_labeled_excl_source_issue,B1,none,spearman,chargetime_early_mean,tmax_early_mean,46,-0.08183780450200431
all_labeled_excl_source_issue,B1,none,pearson,chargetime_early_mean,chargetime_early_median,46,0.6802788519228966
all_labeled_excl_source_issue,B1,none,spearman,chargetime_early_mean,chargetime_early_median,46,0.8714770274437249
all_labeled_excl_source_issue,B1,none,pearson,chargetime_early_mean,chargetime_early_mean_qc,46,0.6827593340892029
all_labeled_excl_source_issue,B1,none,spearman,chargetime_early_mean,chargetime_early_mean_qc,46,0.877027443724946
all_labeled_excl_source_issue,B1,none,pearson,chargetime_early_mean,qd_early_mean_qc,46,-0.2317130375733879
all_labeled_excl_source_issue,B1,none,spearman,chargetime_early_mean,qd_early_mean_qc,46,-0.2213382670366944
all_labeled_excl_source_issue,B1,none,pearson,chargetime_early_mean,qd_early_std_qc,46,0.2068111498352698
all_labeled_excl_source_issue,B1,none,spearman,chargetime_early_mean,qd_early_std_qc,46,-0.008942337341967314
all_labeled_excl_source_issue,B1,none,pearson,chargetime_early_mean,qd_early_slope_qc,46,0.2230619375147157
all_labeled_excl_source_issue,B1,none,spearman,chargetime_early_mean,qd_early_slope_qc,46,0.5130434782608695
all_labeled_excl_source_issue,B1,none,pearson,chargetime_early_mean,qd2_qc,46,-0.37100019154164804
all_labeled_excl_source_issue,B1,none,spearman,chargetime_early_mean,qd2_qc,46,-0.33987049028677147
all_labeled_excl_source_issue,B1,none,pearson,chargetime_early_mean,qd100_qc,46,-0.13939011157314363
all_labeled_excl_source_issue,B1,none,spearman,chargetime_early_mean,qd100_qc,46,-0.1400555041628122
all_labeled_excl_source_issue,B1,none,pearson,chargetime_early_mean,qd_delta_100_2_qc,46,0.5819208662628295
all_labeled_excl_source_issue,B1,none,spearman,chargetime_early_mean,qd_delta_100_2_qc,46,0.6400863398088189
all_labeled_excl_source_issue,B1,none,pearson,chargetime_early_median,qd_early_mean,46,-0.11844193816723586
all_labeled_excl_source_issue,B1,none,spearman,chargetime_early_median,qd_early_mean,46,-0.17311131668208446
all_labeled_excl_source_issue,B1,none,pearson,chargetime_early_median,qd_early_std,46,-0.07121175712991551
all_labeled_excl_source_issue,B1,none,spearman,chargetime_early_median,qd_early_std,46,-0.15621338267036694
all_labeled_excl_source_issue,B1,none,pearson,chargetime_early_median,qd_early_median,46,-0.09559603284095815
all_labeled_excl_source_issue,B1,none,spearman,chargetime_early_median,qd_early_median,46,-0.11008325624421833
all_labeled_excl_source_issue,B1,none,pearson,chargetime_early_median,qd2,46,-0.2090394666865064
all_labeled_excl_source_issue,B1,none,spearman,chargetime_early_median,qd2,46,-0.21677459142769043
all_labeled_excl_source_issue,B1,none,pearson,chargetime_early_median,qd100,46,0.01957595818281474
all_labeled_excl_source_issue,B1,none,spearman,chargetime_early_median,qd100,46,-0.01671292013567684
all_labeled_excl_source_issue,B1,none,pearson,chargetime_early_median,qd_delta_100_2,46,0.5795112135203649
all_labeled_excl_source_issue,B1,none,spearman,chargetime_early_median,qd_delta_100_2,46,0.5452358926919518
all_labeled_excl_source_issue,B1,none,pearson,chargetime_early_median,qd_early_slope,46,0.16200551789623846
all_labeled_excl_source_issue,B1,none,spearman,chargetime_early_median,qd_early_slope,46,0.3935245143385754
all_labeled_excl_source_issue,B1,none,pearson,chargetime_early_median,ir_early_mean,46,0.28761961754922705
all_labeled_excl_source_issue,B1,none,spearman,chargetime_early_median,ir_early_mean,46,0.16595744680851063
all_labeled_excl_source_issue,B1,none,pearson,chargetime_early_median,ir_change_100_2,46,0.19927047519962934
all_labeled_excl_source_issue,B1,none,spearman,chargetime_early_median,ir_change_100_2,46,0.1393154486586494
all_labeled_excl_source_issue,B1,none,pearson,chargetime_early_median,ir_early_slope,46,0.1639704472613001
all_labeled_excl_source_issue,B1,none,spearman,chargetime_early_median,ir_early_slope,46,0.10687634905951279
all_labeled_excl_source_issue,B1,none,pearson,chargetime_early_median,ir_zero_fraction_early,46,0.07168379139116654
all_labeled_excl_source_issue,B1,none,spearman,chargetime_early_median,ir_zero_fraction_early,46,0.03646940498870617
all_labeled_excl_source_issue,B1,none,pearson,chargetime_early_median,tavg_early_mean,46,-0.2142086492951975
all_labeled_excl_source_issue,B1,none,spearman,chargetime_early_median,tavg_early_mean,46,-0.11390687634905951
all_labeled_excl_source_issue,B1,none,pearson,chargetime_early_median,ir_missing_fraction_early,46,0.07168379139116654
all_labeled_excl_source_issue,B1,none,spearman,chargetime_early_median,ir_missing_fraction_early,46,0.03646940498870617
all_labeled_excl_source_issue,B1,none,pearson,chargetime_early_median,tmax_early_mean,46,-0.14613597914506063
all_labeled_excl_source_issue,B1,none,spearman,chargetime_early_median,tmax_early_mean,46,-0.11032994141227258
all_labeled_excl_source_issue,B1,none,pearson,chargetime_early_median,qd_early_mean_qc,46,-0.05734865723930491
all_labeled_excl_source_issue,B1,none,spearman,chargetime_early_median,qd_early_mean_qc,46,-0.08245451742214
all_labeled_excl_source_issue,B1,none,pearson,chargetime_early_median,qd_early_std_qc,46,0.32203849623482694
all_labeled_excl_source_issue,B1,none,spearman,chargetime_early_median,qd_early_std_qc,46,-0.15127967930928155
all_labeled_excl_source_issue,B1,none,pearson,chargetime_early_median,qd_early_slope_qc,46,0.09344461202873261
all_labeled_excl_source_issue,B1,none,spearman,chargetime_early_median,qd_early_slope_qc,46,0.38859081097749
all_labeled_excl_source_issue,B1,none,pearson,chargetime_early_median,qd2_qc,46,-0.2090394666865064
all_labeled_excl_source_issue,B1,none,spearman,chargetime_early_median,qd2_qc,46,-0.21677459142769043
all_labeled_excl_source_issue,B1,none,pearson,chargetime_early_median,qd100_qc,46,0.01957595818281474
all_labeled_excl_source_issue,B1,none,spearman,chargetime_early_median,qd100_qc,46,-0.01671292013567684
all_labeled_excl_source_issue,B1,none,pearson,chargetime_early_median,qd_delta_100_2_qc,46,0.5795112135203649
all_labeled_excl_source_issue,B1,none,spearman,chargetime_early_median,qd_delta_100_2_qc,46,0.5452358926919518
all_labeled_excl_source_issue,B1,none,pearson,chargetime_early_mean_qc,qd_early_mean,46,-0.12095336161664887
all_labeled_excl_source_issue,B1,none,spearman,chargetime_early_mean_qc,qd_early_mean,46,-0.17927844588344127
all_labeled_excl_source_issue,B1,none,pearson,chargetime_early_mean_qc,qd_early_std,46,-0.07891361104323563
all_labeled_excl_source_issue,B1,none,spearman,chargetime_early_mean_qc,qd_early_std,46,-0.16632747456059202
all_labeled_excl_source_issue,B1,none,pearson,chargetime_early_mean_qc,qd_early_median,46,-0.09519317071525635
all_labeled_excl_source_issue,B1,none,spearman,chargetime_early_mean_qc,qd_early_median,46,-0.11686709836571077
all_labeled_excl_source_issue,B1,none,pearson,chargetime_early_mean_qc,qd2,46,-0.20902696156539316
all_labeled_excl_source_issue,B1,none,spearman,chargetime_early_mean_qc,qd2,46,-0.22170829478877582
all_labeled_excl_source_issue,B1,none,pearson,chargetime_early_mean_qc,qd100,46,0.020455808158445637
all_labeled_excl_source_issue,B1,none,spearman,chargetime_early_mean_qc,qd100,46,-0.026210299105766267
all_labeled_excl_source_issue,B1,none,pearson,chargetime_early_mean_qc,qd_delta_100_2,46,0.581736038337945
all_labeled_excl_source_issue,B1,none,spearman,chargetime_early_mean_qc,qd_delta_100_2,46,0.5256244218316374
all_labeled_excl_source_issue,B1,none,pearson,chargetime_early_mean_qc,qd_early_slope,46,0.16775905849744632
all_labeled_excl_source_issue,B1,none,spearman,chargetime_early_mean_qc,qd_early_slope,46,0.36996608078939247
all_labeled_excl_source_issue,B1,none,pearson,chargetime_early_mean_qc,ir_early_mean,46,0.28583861649561926
all_labeled_excl_source_issue,B1,none,spearman,chargetime_early_mean_qc,ir_early_mean,46,0.1734813444341659
all_labeled_excl_source_issue,B1,none,pearson,chargetime_early_mean_qc,ir_change_100_2,46,0.2068458105799953
all_labeled_excl_source_issue,B1,none,spearman,chargetime_early_mean_qc,ir_change_100_2,46,0.15312981806968853
all_labeled_excl_source_issue,B1,none,pearson,chargetime_early_mean_qc,ir_early_slope,46,0.171862264274293
all_labeled_excl_source_issue,B1,none,spearman,chargetime_early_mean_qc,ir_early_slope,46,0.12809127351218008
all_labeled_excl_source_issue,B1,none,pearson,chargetime_early_mean_qc,ir_zero_fraction_early,46,0.06811818287800255
all_labeled_excl_source_issue,B1,none,spearman,chargetime_early_mean_qc,ir_zero_fraction_early,46,0.009597211839133202
all_labeled_excl_source_issue,B1,none,pearson,chargetime_early_mean_qc,tavg_early_mean,46,-0.20964303843999946
all_labeled_excl_source_issue,B1,none,spearman,chargetime_early_mean_qc,tavg_early_mean,46,-0.09071847055195806
all_labeled_excl_source_issue,B1,none,pearson,chargetime_early_mean_qc,ir_missing_fraction_early,46,0.06811818287800255
all_labeled_excl_source_issue,B1,none,spearman,chargetime_early_mean_qc,ir_missing_fraction_early,46,0.009597211839133202
all_labeled_excl_source_issue,B1,none,pearson,chargetime_early_mean_qc,tmax_early_mean,46,-0.14193983417778655
all_labeled_excl_source_issue,B1,none,spearman,chargetime_early_mean_qc,tmax_early_mean,46,-0.08368794326241134
all_labeled_excl_source_issue,B1,none,pearson,chargetime_early_mean_qc,chargetime_early_median,46,0.999690361164347
all_labeled_excl_source_issue,B1,none,spearman,chargetime_early_mean_qc,chargetime_early_median,46,0.9944495837187789
all_labeled_excl_source_issue,B1,none,pearson,chargetime_early_mean_qc,qd_early_mean_qc,46,-0.056890929749959934
all_labeled_excl_source_issue,B1,none,spearman,chargetime_early_mean_qc,qd_early_mean_qc,46,-0.08849830403946961
all_labeled_excl_source_issue,B1,none,pearson,chargetime_early_mean_qc,qd_early_std_qc,46,0.32170714416692286
all_labeled_excl_source_issue,B1,none,spearman,chargetime_early_mean_qc,qd_early_std_qc,46,-0.16139377119950662
all_labeled_excl_source_issue,B1,none,pearson,chargetime_early_mean_qc,qd_early_slope_qc,46,0.09467508098211011
all_labeled_excl_source_issue,B1,none,spearman,chargetime_early_mean_qc,qd_early_slope_qc,46,0.36503237742830713
all_labeled_excl_source_issue,B1,none,pearson,chargetime_early_mean_qc,qd2_qc,46,-0.20902696156539316
all_labeled_excl_source_issue,B1,none,spearman,chargetime_early_mean_qc,qd2_qc,46,-0.22170829478877582
all_labeled_excl_source_issue,B1,none,pearson,chargetime_early_mean_qc,qd100_qc,46,0.020455808158445637
all_labeled_excl_source_issue,B1,none,spearman,chargetime_early_mean_qc,qd100_qc,46,-0.026210299105766267
all_labeled_excl_source_issue,B1,none,pearson,chargetime_early_mean_qc,qd_delta_100_2_qc,46,0.581736038337945
all_labeled_excl_source_issue,B1,none,spearman,chargetime_early_mean_qc,qd_delta_100_2_qc,46,0.5256244218316374
all_labeled_excl_source_issue,B1,none,pearson,qd_early_mean_qc,qd_early_std,46,-0.28784974924676054
all_labeled_excl_source_issue,B1,none,spearman,qd_early_mean_qc,qd_early_std,46,-0.15275979031760714
all_labeled_excl_source_issue,B1,none,pearson,qd_early_mean_qc,qd_early_median,46,0.9956578811417789
all_labeled_excl_source_issue,B1,none,spearman,qd_early_mean_qc,qd_early_median,46,0.9938328707986432
all_labeled_excl_source_issue,B1,none,pearson,qd_early_mean_qc,qd_early_slope,46,0.22217970871003623
all_labeled_excl_source_issue,B1,none,spearman,qd_early_mean_qc,qd_early_slope,46,-0.09947579401788467
all_labeled_excl_source_issue,B1,none,pearson,qd_early_mean_qc,tavg_early_mean,46,-0.1339115050773661
all_labeled_excl_source_issue,B1,none,spearman,qd_early_mean_qc,tavg_early_mean,46,-0.08615479494295405
all_labeled_excl_source_issue,B1,none,pearson,qd_early_mean_qc,tmax_early_mean,46,-0.17770390149353507
all_labeled_excl_source_issue,B1,none,spearman,qd_early_mean_qc,tmax_early_mean,46,-0.061239592969472706
all_labeled_excl_source_issue,B1,none,pearson,qd_early_mean_qc,qd_early_std_qc,46,-0.05672124681085994
all_labeled_excl_source_issue,B1,none,spearman,qd_early_mean_qc,qd_early_std_qc,46,-0.14856614246068456
all_labeled_excl_source_issue,B1,none,pearson,qd_early_mean_qc,qd_early_slope_qc,46,0.06612478812837591
all_labeled_excl_source_issue,B1,none,spearman,qd_early_mean_qc,qd_early_slope_qc,46,-0.10366944187480727
all_labeled_excl_source_issue,B1,none,pearson,qd_early_std_qc,tavg_early_mean,46,-0.18095242248765975
all_labeled_excl_source_issue,B1,none,spearman,qd_early_std_qc,tavg_early_mean,46,-0.39932161578785075
all_labeled_excl_source_issue,B1,none,pearson,qd_early_std_qc,tmax_early_mean,46,-0.05646789949637043
all_labeled_excl_source_issue,B1,none,spearman,qd_early_std_qc,tmax_early_mean,46,-0.2949737897008942
all_labeled_excl_source_issue,B1,none,pearson,qd_early_slope_qc,qd_early_std,46,-0.31905452275942214
all_labeled_excl_source_issue,B1,none,spearman,qd_early_slope_qc,qd_early_std,46,0.1013259327782917
all_labeled_excl_source_issue,B1,none,pearson,qd_early_slope_qc,tavg_early_mean,46,0.08915368595392302
all_labeled_excl_source_issue,B1,none,spearman,qd_early_slope_qc,tavg_early_mean,46,-0.14893617021276595
all_labeled_excl_source_issue,B1,none,pearson,qd_early_slope_qc,tmax_early_mean,46,0.022400611885207727
all_labeled_excl_source_issue,B1,none,spearman,qd_early_slope_qc,tmax_early_mean,46,-0.11871723712611777
all_labeled_excl_source_issue,B1,none,pearson,qd_early_slope_qc,qd_early_std_qc,46,-0.760460809121949
all_labeled_excl_source_issue,B1,none,spearman,qd_early_slope_qc,qd_early_std_qc,46,0.10058587727412889
all_labeled_excl_source_issue,B1,none,pearson,qd2_qc,qd_early_mean,46,0.9177702519716467
all_labeled_excl_source_issue,B1,none,spearman,qd2_qc,qd_early_mean,46,0.8986123959296947
all_labeled_excl_source_issue,B1,none,pearson,qd2_qc,qd_early_std,46,-0.2683639756450822
all_labeled_excl_source_issue,B1,none,spearman,qd2_qc,qd_early_std,46,-0.21344434165895776
all_labeled_excl_source_issue,B1,none,pearson,qd2_qc,qd_early_median,46,0.9781303311246162
all_labeled_excl_source_issue,B1,none,spearman,qd2_qc,qd_early_median,46,0.9729879740980574
all_labeled_excl_source_issue,B1,none,pearson,qd2_qc,qd_delta_100_2,46,-0.16471444070268298
all_labeled_excl_source_issue,B1,none,spearman,qd2_qc,qd_delta_100_2,46,-0.31705211224175145
all_labeled_excl_source_issue,B1,none,pearson,qd2_qc,qd_early_slope,46,0.15494365464171356
all_labeled_excl_source_issue,B1,none,spearman,qd2_qc,qd_early_slope,46,-0.20715386987357384
all_labeled_excl_source_issue,B1,none,pearson,qd2_qc,tavg_early_mean,46,-0.0826376823456123
all_labeled_excl_source_issue,B1,none,spearman,qd2_qc,tavg_early_mean,46,-0.011039161270428614
all_labeled_excl_source_issue,B1,none,pearson,qd2_qc,tmax_early_mean,46,-0.15246679368421884
all_labeled_excl_source_issue,B1,none,spearman,qd2_qc,tmax_early_mean,46,-0.012519272278754238
all_labeled_excl_source_issue,B1,none,pearson,qd2_qc,qd_early_mean_qc,46,0.9699259147002587
all_labeled_excl_source_issue,B1,none,spearman,qd2_qc,qd_early_mean_qc,46,0.9639839654640764
all_labeled_excl_source_issue,B1,none,pearson,qd2_qc,qd_early_std_qc,46,-0.16493875103704422
all_labeled_excl_source_issue,B1,none,spearman,qd2_qc,qd_early_std_qc,46,-0.2083872957138452
all_labeled_excl_source_issue,B1,none,pearson,qd2_qc,qd_early_slope_qc,46,0.012425774002758044
all_labeled_excl_source_issue,B1,none,spearman,qd2_qc,qd_early_slope_qc,46,-0.21221091581868637
all_labeled_excl_source_issue,B1,none,pearson,qd2_qc,qd_delta_100_2_qc,46,-0.16471444070268298
all_labeled_excl_source_issue,B1,none,spearman,qd2_qc,qd_delta_100_2_qc,46,-0.31705211224175145
all_labeled_excl_source_issue,B1,none,pearson,qd100_qc,qd_early_mean,46,0.897811729689101
all_labeled_excl_source_issue,B1,none,spearman,qd100_qc,qd_early_mean,46,0.9092198581560285
all_labeled_excl_source_issue,B1,none,pearson,qd100_qc,qd_early_std,46,-0.3381234901500412
all_labeled_excl_source_issue,B1,none,spearman,qd100_qc,qd_early_std,46,-0.19568300955905027
all_labeled_excl_source_issue,B1,none,pearson,qd100_qc,qd_early_median,46,0.9788177344071203
all_labeled_excl_source_issue,B1,none,spearman,qd100_qc,qd_early_median,46,0.9700277520814061
all_labeled_excl_source_issue,B1,none,pearson,qd100_qc,qd2,46,0.9230857806532511
all_labeled_excl_source_issue,B1,none,spearman,qd100_qc,qd2,46,0.9192106074622263
all_labeled_excl_source_issue,B1,none,pearson,qd100_qc,qd_delta_100_2,46,0.22729551049975416
all_labeled_excl_source_issue,B1,none,spearman,qd100_qc,qd_delta_100_2,46,-0.04865864939870491
all_labeled_excl_source_issue,B1,none,pearson,qd100_qc,qd_early_slope,46,0.3642798084410985
all_labeled_excl_source_issue,B1,none,spearman,qd100_qc,qd_early_slope,46,0.04175146469318532
all_labeled_excl_source_issue,B1,none,pearson,qd100_qc,tavg_early_mean,46,-0.11460428499402556
all_labeled_excl_source_issue,B1,none,spearman,qd100_qc,tavg_early_mean,46,-0.10428615479494294
all_labeled_excl_source_issue,B1,none,pearson,qd100_qc,tmax_early_mean,46,-0.16425296209184606
all_labeled_excl_source_issue,B1,none,spearman,qd100_qc,tmax_early_mean,46,-0.08553808202281836
all_labeled_excl_source_issue,B1,none,pearson,qd100_qc,qd_early_mean_qc,46,0.9798565246647197
all_labeled_excl_source_issue,B1,none,spearman,qd100_qc,qd_early_mean_qc,46,0.9744680851063829
all_labeled_excl_source_issue,B1,none,pearson,qd100_qc,qd_early_std_qc,46,-0.1344996669011074
all_labeled_excl_source_issue,B1,none,spearman,qd100_qc,qd_early_std_qc,46,-0.19432624113475178
all_labeled_excl_source_issue,B1,none,pearson,qd100_qc,qd_early_slope_qc,46,0.240107360555675
all_labeled_excl_source_issue,B1,none,spearman,qd100_qc,qd_early_slope_qc,46,0.04039469626888683
all_labeled_excl_source_issue,B1,none,pearson,qd100_qc,qd2_qc,46,0.9230857806532511
all_labeled_excl_source_issue,B1,none,spearman,qd100_qc,qd2_qc,46,0.9192106074622263
all_labeled_excl_source_issue,B1,none,pearson,qd100_qc,qd_delta_100_2_qc,46,0.22729551049975416
all_labeled_excl_source_issue,B1,none,spearman,qd100_qc,qd_delta_100_2_qc,46,-0.04865864939870491
all_labeled_excl_source_issue,B1,none,pearson,qd_delta_100_2_qc,qd_early_mean,46,-0.021320122129365654
all_labeled_excl_source_issue,B1,none,spearman,qd_delta_100_2_qc,qd_early_mean,46,-0.23478260869565218
all_labeled_excl_source_issue,B1,none,pearson,qd_delta_100_2_qc,qd_early_std,46,-0.18764038490331306
all_labeled_excl_source_issue,B1,none,spearman,qd_delta_100_2_qc,qd_early_std,46,0.24662349676225717
all_labeled_excl_source_issue,B1,none,pearson,qd_delta_100_2_qc,qd_early_median,46,0.03359325798262913
all_labeled_excl_source_issue,B1,none,spearman,qd_delta_100_2_qc,qd_early_median,46,-0.1610237434474252
all_labeled_excl_source_issue,B1,none,pearson,qd_delta_100_2_qc,qd_early_slope,46,0.541911774480424
all_labeled_excl_source_issue,B1,none,spearman,qd_delta_100_2_qc,qd_early_slope,46,0.8764107308048102
all_labeled_excl_source_issue,B1,none,pearson,qd_delta_100_2_qc,tavg_early_mean,46,-0.08467167618752369
all_labeled_excl_source_issue,B1,none,spearman,qd_delta_100_2_qc,tavg_early_mean,46,-0.2310823311748381
all_labeled_excl_source_issue,B1,none,pearson,qd_delta_100_2_qc,tmax_early_mean,46,-0.0351887261546812
all_labeled_excl_source_issue,B1,none,spearman,qd_delta_100_2_qc,tmax_early_mean,46,-0.15979031760715387
all_labeled_excl_source_issue,B1,none,pearson,qd_delta_100_2_qc,qd_early_mean_qc,46,0.05703166688140354
all_labeled_excl_source_issue,B1,none,spearman,qd_delta_100_2_qc,qd_early_mean_qc,46,-0.1486894850447117
all_labeled_excl_source_issue,B1,none,pearson,qd_delta_100_2_qc,qd_early_std_qc,46,0.07269752383891237
all_labeled_excl_source_issue,B1,none,spearman,qd_delta_100_2_qc,qd_early_std_qc,46,0.25094048720320694
all_labeled_excl_source_issue,B1,none,pearson,qd_delta_100_2_qc,qd_early_slope_qc,46,0.5843231878571493
all_labeled_excl_source_issue,B1,none,spearman,qd_delta_100_2_qc,qd_early_slope_qc,46,0.8720937403638607
all_labeled_excl_source_issue,B2,none,pearson,qd_early_mean,qd_early_std,39,-0.19776797479816904
all_labeled_excl_source_issue,B2,none,spearman,qd_early_mean,qd_early_std,39,-0.1410931174089069
all_labeled_excl_source_issue,B2,none,pearson,qd_early_mean,qd_early_median,39,0.9968415131798474
all_labeled_excl_source_issue,B2,none,spearman,qd_early_mean,qd_early_median,39,0.9949392712550609
all_labeled_excl_source_issue,B2,none,pearson,qd_early_mean,qd_early_slope,39,0.38584098029647934
all_labeled_excl_source_issue,B2,none,spearman,qd_early_mean,qd_early_slope,39,0.3390688259109312
all_labeled_excl_source_issue,B2,none,pearson,qd_early_mean,tavg_early_mean,39,-0.3275900362325804
all_labeled_excl_source_issue,B2,none,spearman,qd_early_mean,tavg_early_mean,39,-0.2593117408906883
all_labeled_excl_source_issue,B2,none,pearson,qd_early_mean,tmax_early_mean,39,-0.22725703100384664
all_labeled_excl_source_issue,B2,none,spearman,qd_early_mean,tmax_early_mean,39,-0.2538461538461539
all_labeled_excl_source_issue,B2,none,pearson,qd_early_mean,qd_early_mean_qc,39,0.9999999999999998
all_labeled_excl_source_issue,B2,none,spearman,qd_early_mean,qd_early_mean_qc,39,1.0
all_labeled_excl_source_issue,B2,none,pearson,qd_early_mean,qd_early_std_qc,39,-0.19776797479816904
all_labeled_excl_source_issue,B2,none,spearman,qd_early_mean,qd_early_std_qc,39,-0.1410931174089069
all_labeled_excl_source_issue,B2,none,pearson,qd_early_mean,qd_early_slope_qc,39,0.38584098029647934
all_labeled_excl_source_issue,B2,none,spearman,qd_early_mean,qd_early_slope_qc,39,0.3390688259109312
all_labeled_excl_source_issue,B2,none,pearson,qd_early_std,tavg_early_mean,39,0.11876302496052381
all_labeled_excl_source_issue,B2,none,spearman,qd_early_std,tavg_early_mean,39,0.03117408906882591
all_labeled_excl_source_issue,B2,none,pearson,qd_early_std,tmax_early_mean,39,0.14185729352115511
all_labeled_excl_source_issue,B2,none,spearman,qd_early_std,tmax_early_mean,39,0.18866396761133603
all_labeled_excl_source_issue,B2,none,pearson,qd_early_std,qd_early_std_qc,39,1.0
all_labeled_excl_source_issue,B2,none,spearman,qd_early_std,qd_early_std_qc,39,1.0
all_labeled_excl_source_issue,B2,none,pearson,qd_early_median,qd_early_std,39,-0.1575774874459223
all_labeled_excl_source_issue,B2,none,spearman,qd_early_median,qd_early_std,39,-0.11275303643724698
all_labeled_excl_source_issue,B2,none,pearson,qd_early_median,qd_early_slope,39,0.3691296936209668
all_labeled_excl_source_issue,B2,none,spearman,qd_early_median,qd_early_slope,39,0.305668016194332
all_labeled_excl_source_issue,B2,none,pearson,qd_early_median,tavg_early_mean,39,-0.31636830967721297
all_labeled_excl_source_issue,B2,none,spearman,qd_early_median,tavg_early_mean,39,-0.24271255060728744
all_labeled_excl_source_issue,B2,none,pearson,qd_early_median,tmax_early_mean,39,-0.23308041996424667
all_labeled_excl_source_issue,B2,none,spearman,qd_early_median,tmax_early_mean,39,-0.24068825910931174
all_labeled_excl_source_issue,B2,none,pearson,qd_early_median,qd_early_std_qc,39,-0.1575774874459223
all_labeled_excl_source_issue,B2,none,spearman,qd_early_median,qd_early_std_qc,39,-0.11275303643724698
all_labeled_excl_source_issue,B2,none,pearson,qd_early_median,qd_early_slope_qc,39,0.3691296936209668
all_labeled_excl_source_issue,B2,none,spearman,qd_early_median,qd_early_slope_qc,39,0.305668016194332
all_labeled_excl_source_issue,B2,none,pearson,qd2,qd_early_mean,39,0.9429917546089435
all_labeled_excl_source_issue,B2,none,spearman,qd2,qd_early_mean,39,0.9180161943319838
all_labeled_excl_source_issue,B2,none,pearson,qd2,qd_early_std,39,-0.09011128406812986
all_labeled_excl_source_issue,B2,none,spearman,qd2,qd_early_std,39,-0.07489878542510123
all_labeled_excl_source_issue,B2,none,pearson,qd2,qd_early_median,39,0.9415062501262249
all_labeled_excl_source_issue,B2,none,spearman,qd2,qd_early_median,39,0.9255060728744939
all_labeled_excl_source_issue,B2,none,pearson,qd2,qd_delta_100_2,39,0.0893646337881061
all_labeled_excl_source_issue,B2,none,spearman,qd2,qd_delta_100_2,39,0.1611336032388664
all_labeled_excl_source_issue,B2,none,pearson,qd2,qd_early_slope,39,0.0909650752821447
all_labeled_excl_source_issue,B2,none,spearman,qd2,qd_early_slope,39,0.08481781376518219
all_labeled_excl_source_issue,B2,none,pearson,qd2,tavg_early_mean,39,-0.29991951120916865
all_labeled_excl_source_issue,B2,none,spearman,qd2,tavg_early_mean,39,-0.1836032388663968
all_labeled_excl_source_issue,B2,none,pearson,qd2,tmax_early_mean,39,-0.23626318483323555
all_labeled_excl_source_issue,B2,none,spearman,qd2,tmax_early_mean,39,-0.23137651821862348
all_labeled_excl_source_issue,B2,none,pearson,qd2,qd_early_mean_qc,39,0.9429917546089435
all_labeled_excl_source_issue,B2,none,spearman,qd2,qd_early_mean_qc,39,0.9180161943319838
all_labeled_excl_source_issue,B2,none,pearson,qd2,qd_early_std_qc,39,-0.09011128406812986
all_labeled_excl_source_issue,B2,none,spearman,qd2,qd_early_std_qc,39,-0.07489878542510123
all_labeled_excl_source_issue,B2,none,pearson,qd2,qd_early_slope_qc,39,0.0909650752821447
all_labeled_excl_source_issue,B2,none,spearman,qd2,qd_early_slope_qc,39,0.08481781376518219
all_labeled_excl_source_issue,B2,none,pearson,qd2,qd2_qc,39,1.0
all_labeled_excl_source_issue,B2,none,spearman,qd2,qd2_qc,39,1.0
all_labeled_excl_source_issue,B2,none,pearson,qd2,qd_delta_100_2_qc,39,0.0893646337881061
all_labeled_excl_source_issue,B2,none,spearman,qd2,qd_delta_100_2_qc,39,0.1611336032388664
all_labeled_excl_source_issue,B2,none,pearson,qd100,qd_early_mean,39,0.9608774528788124
all_labeled_excl_source_issue,B2,none,spearman,qd100,qd_early_mean,39,0.9378542510121458
all_labeled_excl_source_issue,B2,none,pearson,qd100,qd_early_std,39,-0.20885497173105136
all_labeled_excl_source_issue,B2,none,spearman,qd100,qd_early_std,39,-0.1742914979757085
all_labeled_excl_source_issue,B2,none,pearson,qd100,qd_early_median,39,0.9567962815646442
all_labeled_excl_source_issue,B2,none,spearman,qd100,qd_early_median,39,0.924493927125506
all_labeled_excl_source_issue,B2,none,pearson,qd100,qd2,39,0.844191513918739
all_labeled_excl_source_issue,B2,none,spearman,qd100,qd2,39,0.8080971659919028
all_labeled_excl_source_issue,B2,none,pearson,qd100,qd_delta_100_2,39,0.6093378351755423
all_labeled_excl_source_issue,B2,none,spearman,qd100,qd_delta_100_2,39,0.6319838056680163
all_labeled_excl_source_issue,B2,none,pearson,qd100,qd_early_slope,39,0.5573010499168232
all_labeled_excl_source_issue,B2,none,spearman,qd100,qd_early_slope,39,0.5052631578947369
all_labeled_excl_source_issue,B2,none,pearson,qd100,tavg_early_mean,39,-0.3389729621004302
all_labeled_excl_source_issue,B2,none,spearman,qd100,tavg_early_mean,39,-0.2736842105263158
all_labeled_excl_source_issue,B2,none,pearson,qd100,tmax_early_mean,39,-0.2374390527427895
all_labeled_excl_source_issue,B2,none,spearman,qd100,tmax_early_mean,39,-0.22550607287449395
all_labeled_excl_source_issue,B2,none,pearson,qd100,qd_early_mean_qc,39,0.9608774528788124
all_labeled_excl_source_issue,B2,none,spearman,qd100,qd_early_mean_qc,39,0.9378542510121458
all_labeled_excl_source_issue,B2,none,pearson,qd100,qd_early_std_qc,39,-0.20885497173105136
all_labeled_excl_source_issue,B2,none,spearman,qd100,qd_early_std_qc,39,-0.1742914979757085
all_labeled_excl_source_issue,B2,none,pearson,qd100,qd_early_slope_qc,39,0.5573010499168232
all_labeled_excl_source_issue,B2,none,spearman,qd100,qd_early_slope_qc,39,0.5052631578947369
all_labeled_excl_source_issue,B2,none,pearson,qd100,qd2_qc,39,0.844191513918739
all_labeled_excl_source_issue,B2,none,spearman,qd100,qd2_qc,39,0.8080971659919028
all_labeled_excl_source_issue,B2,none,pearson,qd100,qd100_qc,39,1.0
all_labeled_excl_source_issue,B2,none,spearman,qd100,qd100_qc,39,1.0
all_labeled_excl_source_issue,B2,none,pearson,qd100,qd_delta_100_2_qc,39,0.6093378351755423
all_labeled_excl_source_issue,B2,none,spearman,qd100,qd_delta_100_2_qc,39,0.6319838056680163
all_labeled_excl_source_issue,B2,none,pearson,qd_delta_100_2,qd_early_mean,39,0.39050077498084884
all_labeled_excl_source_issue,B2,none,spearman,qd_delta_100_2,qd_early_mean,39,0.419838056680162
all_labeled_excl_source_issue,B2,none,pearson,qd_delta_100_2,qd_early_std,39,-0.25477334944020885
all_labeled_excl_source_issue,B2,none,spearman,qd_delta_100_2,qd_early_std,39,-0.13299595141700404
all_labeled_excl_source_issue,B2,none,pearson,qd_delta_100_2,qd_early_median,39,0.38511505570983956
all_labeled_excl_source_issue,B2,none,spearman,qd_delta_100_2,qd_early_median,39,0.3862348178137652
all_labeled_excl_source_issue,B2,none,pearson,qd_delta_100_2,qd_early_slope,39,0.9009450316975812
all_labeled_excl_source_issue,B2,none,spearman,qd_delta_100_2,qd_early_slope,39,0.8939271255060729
all_labeled_excl_source_issue,B2,none,pearson,qd_delta_100_2,tavg_early_mean,39,-0.1861932236286195
all_labeled_excl_source_issue,B2,none,spearman,qd_delta_100_2,tavg_early_mean,39,-0.251417004048583
all_labeled_excl_source_issue,B2,none,pearson,qd_delta_100_2,tmax_early_mean,39,-0.0916970528953588
all_labeled_excl_source_issue,B2,none,spearman,qd_delta_100_2,tmax_early_mean,39,-0.09777327935222672
all_labeled_excl_source_issue,B2,none,pearson,qd_delta_100_2,qd_early_mean_qc,39,0.39050077498084884
all_labeled_excl_source_issue,B2,none,spearman,qd_delta_100_2,qd_early_mean_qc,39,0.419838056680162
all_labeled_excl_source_issue,B2,none,pearson,qd_delta_100_2,qd_early_std_qc,39,-0.25477334944020885
all_labeled_excl_source_issue,B2,none,spearman,qd_delta_100_2,qd_early_std_qc,39,-0.13299595141700404
all_labeled_excl_source_issue,B2,none,pearson,qd_delta_100_2,qd_early_slope_qc,39,0.9009450316975812
all_labeled_excl_source_issue,B2,none,spearman,qd_delta_100_2,qd_early_slope_qc,39,0.8939271255060729
all_labeled_excl_source_issue,B2,none,pearson,qd_delta_100_2,qd_delta_100_2_qc,39,0.9999999999999999
all_labeled_excl_source_issue,B2,none,spearman,qd_delta_100_2,qd_delta_100_2_qc,39,1.0
all_labeled_excl_source_issue,B2,none,pearson,qd_early_slope,qd_early_std,39,-0.2511394247856577
all_labeled_excl_source_issue,B2,none,spearman,qd_early_slope,qd_early_std,39,-0.07975708502024292
all_labeled_excl_source_issue,B2,none,pearson,qd_early_slope,tavg_early_mean,39,-0.22003893096695876
all_labeled_excl_source_issue,B2,none,spearman,qd_early_slope,tavg_early_mean,39,-0.18137651821862347
all_labeled_excl_source_issue,B2,none,pearson,qd_early_slope,tmax_early_mean,39,-0.010151846093156745
all_labeled_excl_source_issue,B2,none,spearman,qd_early_slope,tmax_early_mean,39,0.03097165991902834
all_labeled_excl_source_issue,B2,none,pearson,qd_early_slope,qd_early_std_qc,39,-0.2511394247856577
all_labeled_excl_source_issue,B2,none,spearman,qd_early_slope,qd_early_std_qc,39,-0.07975708502024292
all_labeled_excl_source_issue,B2,none,pearson,qd_early_slope,qd_early_slope_qc,39,0.9999999999999998
all_labeled_excl_source_issue,B2,none,spearman,qd_early_slope,qd_early_slope_qc,39,1.0
all_labeled_excl_source_issue,B2,none,pearson,ir_early_mean,qd_early_mean,33,0.5538264955202983
all_labeled_excl_source_issue,B2,none,spearman,ir_early_mean,qd_early_mean,33,0.6122994652406418
all_labeled_excl_source_issue,B2,none,pearson,ir_early_mean,qd_early_std,33,-0.05130256067422109
all_labeled_excl_source_issue,B2,none,spearman,ir_early_mean,qd_early_std,33,0.05213903743315509
all_labeled_excl_source_issue,B2,none,pearson,ir_early_mean,qd_early_median,33,0.5610542441942687
all_labeled_excl_source_issue,B2,none,spearman,ir_early_mean,qd_early_median,33,0.6283422459893049
all_labeled_excl_source_issue,B2,none,pearson,ir_early_mean,qd2,33,0.4861196792505332
all_labeled_excl_source_issue,B2,none,spearman,ir_early_mean,qd2,33,0.5287433155080213
all_labeled_excl_source_issue,B2,none,pearson,ir_early_mean,qd100,33,0.5670241492365292
all_labeled_excl_source_issue,B2,none,spearman,ir_early_mean,qd100,33,0.5925802139037434
all_labeled_excl_source_issue,B2,none,pearson,ir_early_mean,qd_delta_100_2,33,0.3385514706355492
all_labeled_excl_source_issue,B2,none,spearman,ir_early_mean,qd_delta_100_2,33,0.33322192513368987
all_labeled_excl_source_issue,B2,none,pearson,ir_early_mean,qd_early_slope,33,0.3869605450504557
all_labeled_excl_source_issue,B2,none,spearman,ir_early_mean,qd_early_slope,33,0.25969251336898397
all_labeled_excl_source_issue,B2,none,pearson,ir_early_mean,ir_early_slope,33,0.07319528291471111
all_labeled_excl_source_issue,B2,none,spearman,ir_early_mean,ir_early_slope,33,0.23495989304812837
all_labeled_excl_source_issue,B2,none,pearson,ir_early_mean,ir_zero_fraction_early,33,
all_labeled_excl_source_issue,B2,none,spearman,ir_early_mean,ir_zero_fraction_early,33,
all_labeled_excl_source_issue,B2,none,pearson,ir_early_mean,tavg_early_mean,33,-0.12746358324675283
all_labeled_excl_source_issue,B2,none,spearman,ir_early_mean,tavg_early_mean,33,-0.045454545454545456
all_labeled_excl_source_issue,B2,none,pearson,ir_early_mean,ir_missing_fraction_early,33,
all_labeled_excl_source_issue,B2,none,spearman,ir_early_mean,ir_missing_fraction_early,33,
all_labeled_excl_source_issue,B2,none,pearson,ir_early_mean,tmax_early_mean,33,0.08735605769870497
all_labeled_excl_source_issue,B2,none,spearman,ir_early_mean,tmax_early_mean,33,0.04913101604278075
all_labeled_excl_source_issue,B2,none,pearson,ir_early_mean,qd_early_mean_qc,33,0.5538264955202983
all_labeled_excl_source_issue,B2,none,spearman,ir_early_mean,qd_early_mean_qc,33,0.6122994652406418
all_labeled_excl_source_issue,B2,none,pearson,ir_early_mean,qd_early_std_qc,33,-0.05130256067422109
all_labeled_excl_source_issue,B2,none,spearman,ir_early_mean,qd_early_std_qc,33,0.05213903743315509
all_labeled_excl_source_issue,B2,none,pearson,ir_early_mean,qd_early_slope_qc,33,0.3869605450504557
all_labeled_excl_source_issue,B2,none,spearman,ir_early_mean,qd_early_slope_qc,33,0.25969251336898397
all_labeled_excl_source_issue,B2,none,pearson,ir_early_mean,qd2_qc,33,0.4861196792505332
all_labeled_excl_source_issue,B2,none,spearman,ir_early_mean,qd2_qc,33,0.5287433155080213
all_labeled_excl_source_issue,B2,none,pearson,ir_early_mean,qd100_qc,33,0.5670241492365292
all_labeled_excl_source_issue,B2,none,spearman,ir_early_mean,qd100_qc,33,0.5925802139037434
all_labeled_excl_source_issue,B2,none,pearson,ir_early_mean,qd_delta_100_2_qc,33,0.3385514706355492
all_labeled_excl_source_issue,B2,none,spearman,ir_early_mean,qd_delta_100_2_qc,33,0.33322192513368987
all_labeled_excl_source_issue,B2,none,pearson,ir_change_100_2,qd_early_mean,33,0.11389437628964821
all_labeled_excl_source_issue,B2,none,spearman,ir_change_100_2,qd_early_mean,33,0.25835561497326204
all_labeled_excl_source_issue,B2,none,pearson,ir_change_100_2,qd_early_std,33,0.2281765628217046
all_labeled_excl_source_issue,B2,none,spearman,ir_change_100_2,qd_early_std,33,0.18750000000000003
all_labeled_excl_source_issue,B2,none,pearson,ir_change_100_2,qd_early_median,33,0.12702913053235285
all_labeled_excl_source_issue,B2,none,spearman,ir_change_100_2,qd_early_median,33,0.23930481283422458
all_labeled_excl_source_issue,B2,none,pearson,ir_change_100_2,qd2,33,-0.04731961373792683
all_labeled_excl_source_issue,B2,none,spearman,ir_change_100_2,qd2,33,0.06350267379679145
all_labeled_excl_source_issue,B2,none,pearson,ir_change_100_2,qd100,33,0.18195019957696798
all_labeled_excl_source_issue,B2,none,spearman,ir_change_100_2,qd100,33,0.2807486631016043
all_labeled_excl_source_issue,B2,none,pearson,ir_change_100_2,qd_delta_100_2,33,0.40282342461213283
all_labeled_excl_source_issue,B2,none,spearman,ir_change_100_2,qd_delta_100_2,33,0.4338235294117647
all_labeled_excl_source_issue,B2,none,pearson,ir_change_100_2,qd_early_slope,33,0.3255550004735125
all_labeled_excl_source_issue,B2,none,spearman,ir_change_100_2,qd_early_slope,33,0.3268716577540107
all_labeled_excl_source_issue,B2,none,pearson,ir_change_100_2,ir_early_mean,33,-0.025254556701395613
all_labeled_excl_source_issue,B2,none,spearman,ir_change_100_2,ir_early_mean,33,0.18716577540106952
all_labeled_excl_source_issue,B2,none,pearson,ir_change_100_2,ir_early_slope,33,0.9675162520265014
all_labeled_excl_source_issue,B2,none,spearman,ir_change_100_2,ir_early_slope,33,0.9455213903743317
all_labeled_excl_source_issue,B2,none,pearson,ir_change_100_2,ir_zero_fraction_early,33,
all_labeled_excl_source_issue,B2,none,spearman,ir_change_100_2,ir_zero_fraction_early,33,
all_labeled_excl_source_issue,B2,none,pearson,ir_change_100_2,tavg_early_mean,33,0.13465260097319134
all_labeled_excl_source_issue,B2,none,spearman,ir_change_100_2,tavg_early_mean,33,0.09859625668449198
all_labeled_excl_source_issue,B2,none,pearson,ir_change_100_2,ir_missing_fraction_early,33,
all_labeled_excl_source_issue,B2,none,spearman,ir_change_100_2,ir_missing_fraction_early,33,
all_labeled_excl_source_issue,B2,none,pearson,ir_change_100_2,tmax_early_mean,33,0.10551353497147342
all_labeled_excl_source_issue,B2,none,spearman,ir_change_100_2,tmax_early_mean,33,0.10628342245989306
all_labeled_excl_source_issue,B2,none,pearson,ir_change_100_2,qd_early_mean_qc,33,0.11389437628964821
all_labeled_excl_source_issue,B2,none,spearman,ir_change_100_2,qd_early_mean_qc,33,0.25835561497326204
all_labeled_excl_source_issue,B2,none,pearson,ir_change_100_2,qd_early_std_qc,33,0.2281765628217046
all_labeled_excl_source_issue,B2,none,spearman,ir_change_100_2,qd_early_std_qc,33,0.18750000000000003
all_labeled_excl_source_issue,B2,none,pearson,ir_change_100_2,qd_early_slope_qc,33,0.3255550004735125
all_labeled_excl_source_issue,B2,none,spearman,ir_change_100_2,qd_early_slope_qc,33,0.3268716577540107
all_labeled_excl_source_issue,B2,none,pearson,ir_change_100_2,qd2_qc,33,-0.04731961373792683
all_labeled_excl_source_issue,B2,none,spearman,ir_change_100_2,qd2_qc,33,0.06350267379679145
all_labeled_excl_source_issue,B2,none,pearson,ir_change_100_2,qd100_qc,33,0.18195019957696798
all_labeled_excl_source_issue,B2,none,spearman,ir_change_100_2,qd100_qc,33,0.2807486631016043
all_labeled_excl_source_issue,B2,none,pearson,ir_change_100_2,qd_delta_100_2_qc,33,0.40282342461213283
all_labeled_excl_source_issue,B2,none,spearman,ir_change_100_2,qd_delta_100_2_qc,33,0.4338235294117647
all_labeled_excl_source_issue,B2,none,pearson,ir_early_slope,qd_early_mean,33,0.16503010837942575
all_labeled_excl_source_issue,B2,none,spearman,ir_early_slope,qd_early_mean,33,0.2740641711229947
all_labeled_excl_source_issue,B2,none,pearson,ir_early_slope,qd_early_std,33,0.2443131079973461
all_labeled_excl_source_issue,B2,none,spearman,ir_early_slope,qd_early_std,33,0.22359625668449198
all_labeled_excl_source_issue,B2,none,pearson,ir_early_slope,qd_early_median,33,0.17727838753690478
all_labeled_excl_source_issue,B2,none,spearman,ir_early_slope,qd_early_median,33,0.26370320855614976
all_labeled_excl_source_issue,B2,none,pearson,ir_early_slope,qd2,33,-0.02488550176328986
all_labeled_excl_source_issue,B2,none,spearman,ir_early_slope,qd2,33,0.06283422459893048
all_labeled_excl_source_issue,B2,none,pearson,ir_early_slope,qd100,33,0.24570852958691325
all_labeled_excl_source_issue,B2,none,spearman,ir_early_slope,qd100,33,0.3074866310160428
all_labeled_excl_source_issue,B2,none,pearson,ir_early_slope,qd_delta_100_2,33,0.48752380155616815
all_labeled_excl_source_issue,B2,none,spearman,ir_early_slope,qd_delta_100_2,33,0.5
all_labeled_excl_source_issue,B2,none,pearson,ir_early_slope,qd_early_slope,33,0.44863824770468197
all_labeled_excl_source_issue,B2,none,spearman,ir_early_slope,qd_early_slope,33,0.41443850267379684
all_labeled_excl_source_issue,B2,none,pearson,ir_early_slope,ir_zero_fraction_early,33,
all_labeled_excl_source_issue,B2,none,spearman,ir_early_slope,ir_zero_fraction_early,33,
all_labeled_excl_source_issue,B2,none,pearson,ir_early_slope,tavg_early_mean,33,0.05070616429594623
all_labeled_excl_source_issue,B2,none,spearman,ir_early_slope,tavg_early_mean,33,0.03843582887700535
all_labeled_excl_source_issue,B2,none,pearson,ir_early_slope,ir_missing_fraction_early,33,
all_labeled_excl_source_issue,B2,none,spearman,ir_early_slope,ir_missing_fraction_early,33,
all_labeled_excl_source_issue,B2,none,pearson,ir_early_slope,tmax_early_mean,33,0.12905201677873274
all_labeled_excl_source_issue,B2,none,spearman,ir_early_slope,tmax_early_mean,33,0.14171122994652408
all_labeled_excl_source_issue,B2,none,pearson,ir_early_slope,qd_early_mean_qc,33,0.16503010837942575
all_labeled_excl_source_issue,B2,none,spearman,ir_early_slope,qd_early_mean_qc,33,0.2740641711229947
all_labeled_excl_source_issue,B2,none,pearson,ir_early_slope,qd_early_std_qc,33,0.2443131079973461
all_labeled_excl_source_issue,B2,none,spearman,ir_early_slope,qd_early_std_qc,33,0.22359625668449198
all_labeled_excl_source_issue,B2,none,pearson,ir_early_slope,qd_early_slope_qc,33,0.44863824770468197
all_labeled_excl_source_issue,B2,none,spearman,ir_early_slope,qd_early_slope_qc,33,0.41443850267379684
all_labeled_excl_source_issue,B2,none,pearson,ir_early_slope,qd2_qc,33,-0.02488550176328986
all_labeled_excl_source_issue,B2,none,spearman,ir_early_slope,qd2_qc,33,0.06283422459893048
all_labeled_excl_source_issue,B2,none,pearson,ir_early_slope,qd100_qc,33,0.24570852958691325
all_labeled_excl_source_issue,B2,none,spearman,ir_early_slope,qd100_qc,33,0.3074866310160428
all_labeled_excl_source_issue,B2,none,pearson,ir_early_slope,qd_delta_100_2_qc,33,0.48752380155616815
all_labeled_excl_source_issue,B2,none,spearman,ir_early_slope,qd_delta_100_2_qc,33,0.5
all_labeled_excl_source_issue,B2,none,pearson,ir_zero_fraction_early,qd_early_mean,39,0.28937152784136744
all_labeled_excl_source_issue,B2,none,spearman,ir_zero_fraction_early,qd_early_mean,39,0.3536097741979052
all_labeled_excl_source_issue,B2,none,pearson,ir_zero_fraction_early,qd_early_std,39,-0.1258209717443293
all_labeled_excl_source_issue,B2,none,spearman,ir_zero_fraction_early,qd_early_std,39,-0.13891812557774844
all_labeled_excl_source_issue,B2,none,pearson,ir_zero_fraction_early,qd_early_median,39,0.2989336339240113
all_labeled_excl_source_issue,B2,none,spearman,ir_zero_fraction_early,qd_early_median,39,0.3599242344514392
all_labeled_excl_source_issue,B2,none,pearson,ir_zero_fraction_early,qd2,39,0.31943745509949784
all_labeled_excl_source_issue,B2,none,spearman,ir_zero_fraction_early,qd2,39,0.38518207546557526
all_labeled_excl_source_issue,B2,none,pearson,ir_zero_fraction_early,qd100,39,0.24040689640260382
all_labeled_excl_source_issue,B2,none,spearman,ir_zero_fraction_early,qd100,39,0.20837718836662267
all_labeled_excl_source_issue,B2,none,pearson,ir_zero_fraction_early,qd_delta_100_2,39,-0.025819555756478985
all_labeled_excl_source_issue,B2,none,spearman,ir_zero_fraction_early,qd_delta_100_2,39,-0.0947169038030103
all_labeled_excl_source_issue,B2,none,pearson,ir_zero_fraction_early,qd_early_slope,39,-0.08151043880712223
all_labeled_excl_source_issue,B2,none,spearman,ir_zero_fraction_early,qd_early_slope,39,-0.13260366532421444
all_labeled_excl_source_issue,B2,none,pearson,ir_zero_fraction_early,tavg_early_mean,39,-0.15348062624514036
all_labeled_excl_source_issue,B2,none,spearman,ir_zero_fraction_early,tavg_early_mean,39,-0.018943380760602063
all_labeled_excl_source_issue,B2,none,pearson,ir_zero_fraction_early,tmax_early_mean,39,-0.22812265155503167
all_labeled_excl_source_issue,B2,none,spearman,ir_zero_fraction_early,tmax_early_mean,39,-0.14523258583128248
all_labeled_excl_source_issue,B2,none,pearson,ir_zero_fraction_early,qd_early_mean_qc,39,0.28937152784136744
all_labeled_excl_source_issue,B2,none,spearman,ir_zero_fraction_early,qd_early_mean_qc,39,0.3536097741979052
all_labeled_excl_source_issue,B2,none,pearson,ir_zero_fraction_early,qd_early_std_qc,39,-0.1258209717443293
all_labeled_excl_source_issue,B2,none,spearman,ir_zero_fraction_early,qd_early_std_qc,39,-0.13891812557774844
all_labeled_excl_source_issue,B2,none,pearson,ir_zero_fraction_early,qd_early_slope_qc,39,-0.08151043880712223
all_labeled_excl_source_issue,B2,none,spearman,ir_zero_fraction_early,qd_early_slope_qc,39,-0.13260366532421444
all_labeled_excl_source_issue,B2,none,pearson,ir_zero_fraction_early,qd2_qc,39,0.31943745509949784
all_labeled_excl_source_issue,B2,none,spearman,ir_zero_fraction_early,qd2_qc,39,0.38518207546557526
all_labeled_excl_source_issue,B2,none,pearson,ir_zero_fraction_early,qd100_qc,39,0.24040689640260382
all_labeled_excl_source_issue,B2,none,spearman,ir_zero_fraction_early,qd100_qc,39,0.20837718836662267
all_labeled_excl_source_issue,B2,none,pearson,ir_zero_fraction_early,qd_delta_100_2_qc,39,-0.025819555756478985
all_labeled_excl_source_issue,B2,none,spearman,ir_zero_fraction_early,qd_delta_100_2_qc,39,-0.0947169038030103
all_labeled_excl_source_issue,B2,none,pearson,tavg_early_mean,tmax_early_mean,39,0.824538368741913
all_labeled_excl_source_issue,B2,none,spearman,tavg_early_mean,tmax_early_mean,39,0.7921052631578949
all_labeled_excl_source_issue,B2,none,pearson,ir_missing_fraction_early,qd_early_mean,39,0.28937152784136744
all_labeled_excl_source_issue,B2,none,spearman,ir_missing_fraction_early,qd_early_mean,39,0.3536097741979052
all_labeled_excl_source_issue,B2,none,pearson,ir_missing_fraction_early,qd_early_std,39,-0.1258209717443293
all_labeled_excl_source_issue,B2,none,spearman,ir_missing_fraction_early,qd_early_std,39,-0.13891812557774844
all_labeled_excl_source_issue,B2,none,pearson,ir_missing_fraction_early,qd_early_median,39,0.2989336339240113
all_labeled_excl_source_issue,B2,none,spearman,ir_missing_fraction_early,qd_early_median,39,0.3599242344514392
all_labeled_excl_source_issue,B2,none,pearson,ir_missing_fraction_early,qd2,39,0.31943745509949784
all_labeled_excl_source_issue,B2,none,spearman,ir_missing_fraction_early,qd2,39,0.38518207546557526
all_labeled_excl_source_issue,B2,none,pearson,ir_missing_fraction_early,qd100,39,0.24040689640260382
all_labeled_excl_source_issue,B2,none,spearman,ir_missing_fraction_early,qd100,39,0.20837718836662267
all_labeled_excl_source_issue,B2,none,pearson,ir_missing_fraction_early,qd_delta_100_2,39,-0.025819555756478985
all_labeled_excl_source_issue,B2,none,spearman,ir_missing_fraction_early,qd_delta_100_2,39,-0.0947169038030103
all_labeled_excl_source_issue,B2,none,pearson,ir_missing_fraction_early,qd_early_slope,39,-0.08151043880712223
all_labeled_excl_source_issue,B2,none,spearman,ir_missing_fraction_early,qd_early_slope,39,-0.13260366532421444
all_labeled_excl_source_issue,B2,none,pearson,ir_missing_fraction_early,ir_zero_fraction_early,39,1.0
all_labeled_excl_source_issue,B2,none,spearman,ir_missing_fraction_early,ir_zero_fraction_early,39,1.0
all_labeled_excl_source_issue,B2,none,pearson,ir_missing_fraction_early,tavg_early_mean,39,-0.15348062624514036
all_labeled_excl_source_issue,B2,none,spearman,ir_missing_fraction_early,tavg_early_mean,39,-0.018943380760602063
all_labeled_excl_source_issue,B2,none,pearson,ir_missing_fraction_early,tmax_early_mean,39,-0.22812265155503167
all_labeled_excl_source_issue,B2,none,spearman,ir_missing_fraction_early,tmax_early_mean,39,-0.14523258583128248
all_labeled_excl_source_issue,B2,none,pearson,ir_missing_fraction_early,qd_early_mean_qc,39,0.28937152784136744
all_labeled_excl_source_issue,B2,none,spearman,ir_missing_fraction_early,qd_early_mean_qc,39,0.3536097741979052
all_labeled_excl_source_issue,B2,none,pearson,ir_missing_fraction_early,qd_early_std_qc,39,-0.1258209717443293
all_labeled_excl_source_issue,B2,none,spearman,ir_missing_fraction_early,qd_early_std_qc,39,-0.13891812557774844
all_labeled_excl_source_issue,B2,none,pearson,ir_missing_fraction_early,qd_early_slope_qc,39,-0.08151043880712223
all_labeled_excl_source_issue,B2,none,spearman,ir_missing_fraction_early,qd_early_slope_qc,39,-0.13260366532421444
all_labeled_excl_source_issue,B2,none,pearson,ir_missing_fraction_early,qd2_qc,39,0.31943745509949784
all_labeled_excl_source_issue,B2,none,spearman,ir_missing_fraction_early,qd2_qc,39,0.38518207546557526
all_labeled_excl_source_issue,B2,none,pearson,ir_missing_fraction_early,qd100_qc,39,0.24040689640260382
all_labeled_excl_source_issue,B2,none,spearman,ir_missing_fraction_early,qd100_qc,39,0.20837718836662267
all_labeled_excl_source_issue,B2,none,pearson,ir_missing_fraction_early,qd_delta_100_2_qc,39,-0.025819555756478985
all_labeled_excl_source_issue,B2,none,spearman,ir_missing_fraction_early,qd_delta_100_2_qc,39,-0.0947169038030103
all_labeled_excl_source_issue,B2,none,pearson,chargetime_early_mean,qd_early_mean,39,-0.08980501323779952
all_labeled_excl_source_issue,B2,none,spearman,chargetime_early_mean,qd_early_mean,39,-0.06356275303643726
all_labeled_excl_source_issue,B2,none,pearson,chargetime_early_mean,qd_early_std,39,-0.316845699437474
all_labeled_excl_source_issue,B2,none,spearman,chargetime_early_mean,qd_early_std,39,-0.2866396761133604
all_labeled_excl_source_issue,B2,none,pearson,chargetime_early_mean,qd_early_median,39,-0.10397383592180884
all_labeled_excl_source_issue,B2,none,spearman,chargetime_early_mean,qd_early_median,39,-0.06923076923076923
all_labeled_excl_source_issue,B2,none,pearson,chargetime_early_mean,qd2,39,-0.03309825323232697
all_labeled_excl_source_issue,B2,none,spearman,chargetime_early_mean,qd2,39,0.024898785425101214
all_labeled_excl_source_issue,B2,none,pearson,chargetime_early_mean,qd100,39,-0.08517235644021887
all_labeled_excl_source_issue,B2,none,spearman,chargetime_early_mean,qd100,39,-0.06781376518218624
all_labeled_excl_source_issue,B2,none,pearson,chargetime_early_mean,qd_delta_100_2,39,-0.1092967616108367
all_labeled_excl_source_issue,B2,none,spearman,chargetime_early_mean,qd_delta_100_2,39,-0.2591093117408907
all_labeled_excl_source_issue,B2,none,pearson,chargetime_early_mean,qd_early_slope,39,-0.2211834429772181
all_labeled_excl_source_issue,B2,none,spearman,chargetime_early_mean,qd_early_slope,39,-0.1856275303643725
all_labeled_excl_source_issue,B2,none,pearson,chargetime_early_mean,ir_early_mean,33,-0.1365770252197258
all_labeled_excl_source_issue,B2,none,spearman,chargetime_early_mean,ir_early_mean,33,-0.0006684491978609625
all_labeled_excl_source_issue,B2,none,pearson,chargetime_early_mean,ir_change_100_2,33,-0.19915529494515938
all_labeled_excl_source_issue,B2,none,spearman,chargetime_early_mean,ir_change_100_2,33,-0.45822192513368987
all_labeled_excl_source_issue,B2,none,pearson,chargetime_early_mean,ir_early_slope,33,-0.2624343268843387
all_labeled_excl_source_issue,B2,none,spearman,chargetime_early_mean,ir_early_slope,33,-0.4505347593582888
all_labeled_excl_source_issue,B2,none,pearson,chargetime_early_mean,ir_zero_fraction_early,39,0.23685148767439584
all_labeled_excl_source_issue,B2,none,spearman,chargetime_early_mean,ir_zero_fraction_early,39,0.0631446025353402
all_labeled_excl_source_issue,B2,none,pearson,chargetime_early_mean,tavg_early_mean,39,-0.08715698669223132
all_labeled_excl_source_issue,B2,none,spearman,chargetime_early_mean,tavg_early_mean,39,-0.06497975708502025
all_labeled_excl_source_issue,B2,none,pearson,chargetime_early_mean,ir_missing_fraction_early,39,0.23685148767439584
all_labeled_excl_source_issue,B2,none,spearman,chargetime_early_mean,ir_missing_fraction_early,39,0.0631446025353402
all_labeled_excl_source_issue,B2,none,pearson,chargetime_early_mean,tmax_early_mean,39,-0.20401304198961057
all_labeled_excl_source_issue,B2,none,spearman,chargetime_early_mean,tmax_early_mean,39,-0.05506072874493927
all_labeled_excl_source_issue,B2,none,pearson,chargetime_early_mean,chargetime_early_median,39,-0.06192037058395922
all_labeled_excl_source_issue,B2,none,spearman,chargetime_early_mean,chargetime_early_median,39,0.5866396761133603
all_labeled_excl_source_issue,B2,none,pearson,chargetime_early_mean,chargetime_early_mean_qc,39,-0.03511366713081611
all_labeled_excl_source_issue,B2,none,spearman,chargetime_early_mean,chargetime_early_mean_qc,39,0.6338056680161943
all_labeled_excl_source_issue,B2,none,pearson,chargetime_early_mean,qd_early_mean_qc,39,-0.08980501323779952
all_labeled_excl_source_issue,B2,none,spearman,chargetime_early_mean,qd_early_mean_qc,39,-0.06356275303643726
all_labeled_excl_source_issue,B2,none,pearson,chargetime_early_mean,qd_early_std_qc,39,-0.316845699437474
all_labeled_excl_source_issue,B2,none,spearman,chargetime_early_mean,qd_early_std_qc,39,-0.2866396761133604
all_labeled_excl_source_issue,B2,none,pearson,chargetime_early_mean,qd_early_slope_qc,39,-0.2211834429772181
all_labeled_excl_source_issue,B2,none,spearman,chargetime_early_mean,qd_early_slope_qc,39,-0.1856275303643725
all_labeled_excl_source_issue,B2,none,pearson,chargetime_early_mean,qd2_qc,39,-0.03309825323232697
all_labeled_excl_source_issue,B2,none,spearman,chargetime_early_mean,qd2_qc,39,0.024898785425101214
all_labeled_excl_source_issue,B2,none,pearson,chargetime_early_mean,qd100_qc,39,-0.08517235644021887
all_labeled_excl_source_issue,B2,none,spearman,chargetime_early_mean,qd100_qc,39,-0.06781376518218624
all_labeled_excl_source_issue,B2,none,pearson,chargetime_early_mean,qd_delta_100_2_qc,39,-0.1092967616108367
all_labeled_excl_source_issue,B2,none,spearman,chargetime_early_mean,qd_delta_100_2_qc,39,-0.2591093117408907
all_labeled_excl_source_issue,B2,none,pearson,chargetime_early_median,qd_early_mean,39,0.1941305105322389
all_labeled_excl_source_issue,B2,none,spearman,chargetime_early_median,qd_early_mean,39,-0.042105263157894736
all_labeled_excl_source_issue,B2,none,pearson,chargetime_early_median,qd_early_std,39,-0.12694904160410175
all_labeled_excl_source_issue,B2,none,spearman,chargetime_early_median,qd_early_std,39,0.0036437246963562757
all_labeled_excl_source_issue,B2,none,pearson,chargetime_early_median,qd_early_median,39,0.15830511123710694
all_labeled_excl_source_issue,B2,none,spearman,chargetime_early_median,qd_early_median,39,-0.032995951417004045
all_labeled_excl_source_issue,B2,none,pearson,chargetime_early_median,qd2,39,0.20109298219662125
all_labeled_excl_source_issue,B2,none,spearman,chargetime_early_median,qd2,39,0.06558704453441296
all_labeled_excl_source_issue,B2,none,pearson,chargetime_early_median,qd100,39,0.18450005818470594
all_labeled_excl_source_issue,B2,none,spearman,chargetime_early_median,qd100,39,-0.03279352226720648
all_labeled_excl_source_issue,B2,none,pearson,chargetime_early_median,qd_delta_100_2,39,0.04535671296382244
all_labeled_excl_source_issue,B2,none,spearman,chargetime_early_median,qd_delta_100_2,39,-0.10647773279352227
all_labeled_excl_source_issue,B2,none,pearson,chargetime_early_median,qd_early_slope,39,0.28526529368061154
all_labeled_excl_source_issue,B2,none,spearman,chargetime_early_median,qd_early_slope,39,0.06437246963562754
all_labeled_excl_source_issue,B2,none,pearson,chargetime_early_median,ir_early_mean,33,0.5938960793340979
all_labeled_excl_source_issue,B2,none,spearman,chargetime_early_median,ir_early_mean,33,0.17981283422459893
all_labeled_excl_source_issue,B2,none,pearson,chargetime_early_median,ir_change_100_2,33,-0.4511839172729113
all_labeled_excl_source_issue,B2,none,spearman,chargetime_early_median,ir_change_100_2,33,-0.5879010695187166
all_labeled_excl_source_issue,B2,none,pearson,chargetime_early_median,ir_early_slope,33,-0.30029391473552747
all_labeled_excl_source_issue,B2,none,spearman,chargetime_early_median,ir_early_slope,33,-0.527072192513369
all_labeled_excl_source_issue,B2,none,pearson,chargetime_early_median,ir_zero_fraction_early,39,-0.28797068251393954
all_labeled_excl_source_issue,B2,none,spearman,chargetime_early_median,ir_zero_fraction_early,39,-0.2146916486201567
all_labeled_excl_source_issue,B2,none,pearson,chargetime_early_median,tavg_early_mean,39,-0.38625489325553575
all_labeled_excl_source_issue,B2,none,spearman,chargetime_early_median,tavg_early_mean,39,-0.15182186234817815
all_labeled_excl_source_issue,B2,none,pearson,chargetime_early_median,ir_missing_fraction_early,39,-0.28797068251393954
all_labeled_excl_source_issue,B2,none,spearman,chargetime_early_median,ir_missing_fraction_early,39,-0.2146916486201567
all_labeled_excl_source_issue,B2,none,pearson,chargetime_early_median,tmax_early_mean,39,0.010978078742770197
all_labeled_excl_source_issue,B2,none,spearman,chargetime_early_median,tmax_early_mean,39,0.08744939271255062
all_labeled_excl_source_issue,B2,none,pearson,chargetime_early_median,qd_early_mean_qc,39,0.1941305105322389
all_labeled_excl_source_issue,B2,none,spearman,chargetime_early_median,qd_early_mean_qc,39,-0.042105263157894736
all_labeled_excl_source_issue,B2,none,pearson,chargetime_early_median,qd_early_std_qc,39,-0.12694904160410175
all_labeled_excl_source_issue,B2,none,spearman,chargetime_early_median,qd_early_std_qc,39,0.0036437246963562757
all_labeled_excl_source_issue,B2,none,pearson,chargetime_early_median,qd_early_slope_qc,39,0.28526529368061154
all_labeled_excl_source_issue,B2,none,spearman,chargetime_early_median,qd_early_slope_qc,39,0.06437246963562754
all_labeled_excl_source_issue,B2,none,pearson,chargetime_early_median,qd2_qc,39,0.20109298219662125
all_labeled_excl_source_issue,B2,none,spearman,chargetime_early_median,qd2_qc,39,0.06558704453441296
all_labeled_excl_source_issue,B2,none,pearson,chargetime_early_median,qd100_qc,39,0.18450005818470594
all_labeled_excl_source_issue,B2,none,spearman,chargetime_early_median,qd100_qc,39,-0.03279352226720648
all_labeled_excl_source_issue,B2,none,pearson,chargetime_early_median,qd_delta_100_2_qc,39,0.04535671296382244
all_labeled_excl_source_issue,B2,none,spearman,chargetime_early_median,qd_delta_100_2_qc,39,-0.10647773279352227
all_labeled_excl_source_issue,B2,none,pearson,chargetime_early_mean_qc,qd_early_mean,39,0.21236631332455777
all_labeled_excl_source_issue,B2,none,spearman,chargetime_early_mean_qc,qd_early_mean,39,0.007287449392712551
all_labeled_excl_source_issue,B2,none,pearson,chargetime_early_mean_qc,qd_early_std,39,-0.14537851986933115
all_labeled_excl_source_issue,B2,none,spearman,chargetime_early_mean_qc,qd_early_std,39,0.0036437246963562757
all_labeled_excl_source_issue,B2,none,pearson,chargetime_early_mean_qc,qd_early_median,39,0.1774672533044751
all_labeled_excl_source_issue,B2,none,spearman,chargetime_early_mean_qc,qd_early_median,39,0.015587044534412954
all_labeled_excl_source_issue,B2,none,pearson,chargetime_early_mean_qc,qd2,39,0.22662688328269445
all_labeled_excl_source_issue,B2,none,spearman,chargetime_early_mean_qc,qd2,39,0.11700404858299596
all_labeled_excl_source_issue,B2,none,pearson,chargetime_early_mean_qc,qd100,39,0.19874818044565273
all_labeled_excl_source_issue,B2,none,spearman,chargetime_early_mean_qc,qd100,39,0.01700404858299595
all_labeled_excl_source_issue,B2,none,pearson,chargetime_early_mean_qc,qd_delta_100_2,39,0.03406097094779556
all_labeled_excl_source_issue,B2,none,spearman,chargetime_early_mean_qc,qd_delta_100_2,39,-0.12591093117408908
all_labeled_excl_source_issue,B2,none,pearson,chargetime_early_mean_qc,qd_early_slope,39,0.2680596148357203
all_labeled_excl_source_issue,B2,none,spearman,chargetime_early_mean_qc,qd_early_slope,39,0.025101214574898785
all_labeled_excl_source_issue,B2,none,pearson,chargetime_early_mean_qc,ir_early_mean,33,0.6199301719464911
all_labeled_excl_source_issue,B2,none,spearman,chargetime_early_mean_qc,ir_early_mean,33,0.24532085561497327
all_labeled_excl_source_issue,B2,none,pearson,chargetime_early_mean_qc,ir_change_100_2,33,-0.48909531153888747
all_labeled_excl_source_issue,B2,none,spearman,chargetime_early_mean_qc,ir_change_100_2,33,-0.5588235294117647
all_labeled_excl_source_issue,B2,none,pearson,chargetime_early_mean_qc,ir_early_slope,33,-0.35003356783536393
all_labeled_excl_source_issue,B2,none,spearman,chargetime_early_mean_qc,ir_early_slope,33,-0.4963235294117648
all_labeled_excl_source_issue,B2,none,pearson,chargetime_early_mean_qc,ir_zero_fraction_early,39,-0.2839199819705214
all_labeled_excl_source_issue,B2,none,spearman,chargetime_early_mean_qc,ir_zero_fraction_early,39,-0.2146916486201567
all_labeled_excl_source_issue,B2,none,pearson,chargetime_early_mean_qc,tavg_early_mean,39,-0.3672932028914887
all_labeled_excl_source_issue,B2,none,spearman,chargetime_early_mean_qc,tavg_early_mean,39,-0.15161943319838056
all_labeled_excl_source_issue,B2,none,pearson,chargetime_early_mean_qc,ir_missing_fraction_early,39,-0.2839199819705214
all_labeled_excl_source_issue,B2,none,spearman,chargetime_early_mean_qc,ir_missing_fraction_early,39,-0.2146916486201567
all_labeled_excl_source_issue,B2,none,pearson,chargetime_early_mean_qc,tmax_early_mean,39,0.009287667087177019
all_labeled_excl_source_issue,B2,none,spearman,chargetime_early_mean_qc,tmax_early_mean,39,0.07914979757085021
all_labeled_excl_source_issue,B2,none,pearson,chargetime_early_mean_qc,chargetime_early_median,39,0.9952037851428733
all_labeled_excl_source_issue,B2,none,spearman,chargetime_early_mean_qc,chargetime_early_median,39,0.9789473684210527
all_labeled_excl_source_issue,B2,none,pearson,chargetime_early_mean_qc,qd_early_mean_qc,39,0.21236631332455777
all_labeled_excl_source_issue,B2,none,spearman,chargetime_early_mean_qc,qd_early_mean_qc,39,0.007287449392712551
all_labeled_excl_source_issue,B2,none,pearson,chargetime_early_mean_qc,qd_early_std_qc,39,-0.14537851986933115
all_labeled_excl_source_issue,B2,none,spearman,chargetime_early_mean_qc,qd_early_std_qc,39,0.0036437246963562757
all_labeled_excl_source_issue,B2,none,pearson,chargetime_early_mean_qc,qd_early_slope_qc,39,0.2680596148357203
all_labeled_excl_source_issue,B2,none,spearman,chargetime_early_mean_qc,qd_early_slope_qc,39,0.025101214574898785
all_labeled_excl_source_issue,B2,none,pearson,chargetime_early_mean_qc,qd2_qc,39,0.22662688328269445
all_labeled_excl_source_issue,B2,none,spearman,chargetime_early_mean_qc,qd2_qc,39,0.11700404858299596
all_labeled_excl_source_issue,B2,none,pearson,chargetime_early_mean_qc,qd100_qc,39,0.19874818044565273
all_labeled_excl_source_issue,B2,none,spearman,chargetime_early_mean_qc,qd100_qc,39,0.01700404858299595
all_labeled_excl_source_issue,B2,none,pearson,chargetime_early_mean_qc,qd_delta_100_2_qc,39,0.03406097094779556
all_labeled_excl_source_issue,B2,none,spearman,chargetime_early_mean_qc,qd_delta_100_2_qc,39,-0.12591093117408908
all_labeled_excl_source_issue,B2,none,pearson,qd_early_mean_qc,qd_early_std,39,-0.19776797479816904
all_labeled_excl_source_issue,B2,none,spearman,qd_early_mean_qc,qd_early_std,39,-0.1410931174089069
all_labeled_excl_source_issue,B2,none,pearson,qd_early_mean_qc,qd_early_median,39,0.9968415131798474
all_labeled_excl_source_issue,B2,none,spearman,qd_early_mean_qc,qd_early_median,39,0.9949392712550609
all_labeled_excl_source_issue,B2,none,pearson,qd_early_mean_qc,qd_early_slope,39,0.38584098029647934
all_labeled_excl_source_issue,B2,none,spearman,qd_early_mean_qc,qd_early_slope,39,0.3390688259109312
all_labeled_excl_source_issue,B2,none,pearson,qd_early_mean_qc,tavg_early_mean,39,-0.3275900362325804
all_labeled_excl_source_issue,B2,none,spearman,qd_early_mean_qc,tavg_early_mean,39,-0.2593117408906883
all_labeled_excl_source_issue,B2,none,pearson,qd_early_mean_qc,tmax_early_mean,39,-0.22725703100384664
all_labeled_excl_source_issue,B2,none,spearman,qd_early_mean_qc,tmax_early_mean,39,-0.2538461538461539
all_labeled_excl_source_issue,B2,none,pearson,qd_early_mean_qc,qd_early_std_qc,39,-0.19776797479816904
all_labeled_excl_source_issue,B2,none,spearman,qd_early_mean_qc,qd_early_std_qc,39,-0.1410931174089069
all_labeled_excl_source_issue,B2,none,pearson,qd_early_mean_qc,qd_early_slope_qc,39,0.38584098029647934
all_labeled_excl_source_issue,B2,none,spearman,qd_early_mean_qc,qd_early_slope_qc,39,0.3390688259109312
all_labeled_excl_source_issue,B2,none,pearson,qd_early_std_qc,tavg_early_mean,39,0.11876302496052381
all_labeled_excl_source_issue,B2,none,spearman,qd_early_std_qc,tavg_early_mean,39,0.03117408906882591
all_labeled_excl_source_issue,B2,none,pearson,qd_early_std_qc,tmax_early_mean,39,0.14185729352115511
all_labeled_excl_source_issue,B2,none,spearman,qd_early_std_qc,tmax_early_mean,39,0.18866396761133603
all_labeled_excl_source_issue,B2,none,pearson,qd_early_slope_qc,qd_early_std,39,-0.2511394247856577
all_labeled_excl_source_issue,B2,none,spearman,qd_early_slope_qc,qd_early_std,39,-0.07975708502024292
all_labeled_excl_source_issue,B2,none,pearson,qd_early_slope_qc,tavg_early_mean,39,-0.22003893096695876
all_labeled_excl_source_issue,B2,none,spearman,qd_early_slope_qc,tavg_early_mean,39,-0.18137651821862347
all_labeled_excl_source_issue,B2,none,pearson,qd_early_slope_qc,tmax_early_mean,39,-0.010151846093156745
all_labeled_excl_source_issue,B2,none,spearman,qd_early_slope_qc,tmax_early_mean,39,0.03097165991902834
all_labeled_excl_source_issue,B2,none,pearson,qd_early_slope_qc,qd_early_std_qc,39,-0.2511394247856577
all_labeled_excl_source_issue,B2,none,spearman,qd_early_slope_qc,qd_early_std_qc,39,-0.07975708502024292
all_labeled_excl_source_issue,B2,none,pearson,qd2_qc,qd_early_mean,39,0.9429917546089435
all_labeled_excl_source_issue,B2,none,spearman,qd2_qc,qd_early_mean,39,0.9180161943319838
all_labeled_excl_source_issue,B2,none,pearson,qd2_qc,qd_early_std,39,-0.09011128406812986
all_labeled_excl_source_issue,B2,none,spearman,qd2_qc,qd_early_std,39,-0.07489878542510123
all_labeled_excl_source_issue,B2,none,pearson,qd2_qc,qd_early_median,39,0.9415062501262249
all_labeled_excl_source_issue,B2,none,spearman,qd2_qc,qd_early_median,39,0.9255060728744939
all_labeled_excl_source_issue,B2,none,pearson,qd2_qc,qd_delta_100_2,39,0.0893646337881061
all_labeled_excl_source_issue,B2,none,spearman,qd2_qc,qd_delta_100_2,39,0.1611336032388664
all_labeled_excl_source_issue,B2,none,pearson,qd2_qc,qd_early_slope,39,0.0909650752821447
all_labeled_excl_source_issue,B2,none,spearman,qd2_qc,qd_early_slope,39,0.08481781376518219
all_labeled_excl_source_issue,B2,none,pearson,qd2_qc,tavg_early_mean,39,-0.29991951120916865
all_labeled_excl_source_issue,B2,none,spearman,qd2_qc,tavg_early_mean,39,-0.1836032388663968
all_labeled_excl_source_issue,B2,none,pearson,qd2_qc,tmax_early_mean,39,-0.23626318483323555
all_labeled_excl_source_issue,B2,none,spearman,qd2_qc,tmax_early_mean,39,-0.23137651821862348
all_labeled_excl_source_issue,B2,none,pearson,qd2_qc,qd_early_mean_qc,39,0.9429917546089435
all_labeled_excl_source_issue,B2,none,spearman,qd2_qc,qd_early_mean_qc,39,0.9180161943319838
all_labeled_excl_source_issue,B2,none,pearson,qd2_qc,qd_early_std_qc,39,-0.09011128406812986
all_labeled_excl_source_issue,B2,none,spearman,qd2_qc,qd_early_std_qc,39,-0.07489878542510123
all_labeled_excl_source_issue,B2,none,pearson,qd2_qc,qd_early_slope_qc,39,0.0909650752821447
all_labeled_excl_source_issue,B2,none,spearman,qd2_qc,qd_early_slope_qc,39,0.08481781376518219
all_labeled_excl_source_issue,B2,none,pearson,qd2_qc,qd_delta_100_2_qc,39,0.0893646337881061
all_labeled_excl_source_issue,B2,none,spearman,qd2_qc,qd_delta_100_2_qc,39,0.1611336032388664
all_labeled_excl_source_issue,B2,none,pearson,qd100_qc,qd_early_mean,39,0.9608774528788124
all_labeled_excl_source_issue,B2,none,spearman,qd100_qc,qd_early_mean,39,0.9378542510121458
all_labeled_excl_source_issue,B2,none,pearson,qd100_qc,qd_early_std,39,-0.20885497173105136
all_labeled_excl_source_issue,B2,none,spearman,qd100_qc,qd_early_std,39,-0.1742914979757085
all_labeled_excl_source_issue,B2,none,pearson,qd100_qc,qd_early_median,39,0.9567962815646442
all_labeled_excl_source_issue,B2,none,spearman,qd100_qc,qd_early_median,39,0.924493927125506
all_labeled_excl_source_issue,B2,none,pearson,qd100_qc,qd2,39,0.844191513918739
all_labeled_excl_source_issue,B2,none,spearman,qd100_qc,qd2,39,0.8080971659919028
all_labeled_excl_source_issue,B2,none,pearson,qd100_qc,qd_delta_100_2,39,0.6093378351755423
all_labeled_excl_source_issue,B2,none,spearman,qd100_qc,qd_delta_100_2,39,0.6319838056680163
all_labeled_excl_source_issue,B2,none,pearson,qd100_qc,qd_early_slope,39,0.5573010499168232
all_labeled_excl_source_issue,B2,none,spearman,qd100_qc,qd_early_slope,39,0.5052631578947369
all_labeled_excl_source_issue,B2,none,pearson,qd100_qc,tavg_early_mean,39,-0.3389729621004302
all_labeled_excl_source_issue,B2,none,spearman,qd100_qc,tavg_early_mean,39,-0.2736842105263158
all_labeled_excl_source_issue,B2,none,pearson,qd100_qc,tmax_early_mean,39,-0.2374390527427895
all_labeled_excl_source_issue,B2,none,spearman,qd100_qc,tmax_early_mean,39,-0.22550607287449395
all_labeled_excl_source_issue,B2,none,pearson,qd100_qc,qd_early_mean_qc,39,0.9608774528788124
all_labeled_excl_source_issue,B2,none,spearman,qd100_qc,qd_early_mean_qc,39,0.9378542510121458
all_labeled_excl_source_issue,B2,none,pearson,qd100_qc,qd_early_std_qc,39,-0.20885497173105136
all_labeled_excl_source_issue,B2,none,spearman,qd100_qc,qd_early_std_qc,39,-0.1742914979757085
all_labeled_excl_source_issue,B2,none,pearson,qd100_qc,qd_early_slope_qc,39,0.5573010499168232
all_labeled_excl_source_issue,B2,none,spearman,qd100_qc,qd_early_slope_qc,39,0.5052631578947369
all_labeled_excl_source_issue,B2,none,pearson,qd100_qc,qd2_qc,39,0.844191513918739
all_labeled_excl_source_issue,B2,none,spearman,qd100_qc,qd2_qc,39,0.8080971659919028
all_labeled_excl_source_issue,B2,none,pearson,qd100_qc,qd_delta_100_2_qc,39,0.6093378351755423
all_labeled_excl_source_issue,B2,none,spearman,qd100_qc,qd_delta_100_2_qc,39,0.6319838056680163
all_labeled_excl_source_issue,B2,none,pearson,qd_delta_100_2_qc,qd_early_mean,39,0.39050077498084884
all_labeled_excl_source_issue,B2,none,spearman,qd_delta_100_2_qc,qd_early_mean,39,0.419838056680162
all_labeled_excl_source_issue,B2,none,pearson,qd_delta_100_2_qc,qd_early_std,39,-0.25477334944020885
all_labeled_excl_source_issue,B2,none,spearman,qd_delta_100_2_qc,qd_early_std,39,-0.13299595141700404
all_labeled_excl_source_issue,B2,none,pearson,qd_delta_100_2_qc,qd_early_median,39,0.38511505570983956
all_labeled_excl_source_issue,B2,none,spearman,qd_delta_100_2_qc,qd_early_median,39,0.3862348178137652
all_labeled_excl_source_issue,B2,none,pearson,qd_delta_100_2_qc,qd_early_slope,39,0.9009450316975812
all_labeled_excl_source_issue,B2,none,spearman,qd_delta_100_2_qc,qd_early_slope,39,0.8939271255060729
all_labeled_excl_source_issue,B2,none,pearson,qd_delta_100_2_qc,tavg_early_mean,39,-0.1861932236286195
all_labeled_excl_source_issue,B2,none,spearman,qd_delta_100_2_qc,tavg_early_mean,39,-0.251417004048583
all_labeled_excl_source_issue,B2,none,pearson,qd_delta_100_2_qc,tmax_early_mean,39,-0.0916970528953588
all_labeled_excl_source_issue,B2,none,spearman,qd_delta_100_2_qc,tmax_early_mean,39,-0.09777327935222672
all_labeled_excl_source_issue,B2,none,pearson,qd_delta_100_2_qc,qd_early_mean_qc,39,0.39050077498084884
all_labeled_excl_source_issue,B2,none,spearman,qd_delta_100_2_qc,qd_early_mean_qc,39,0.419838056680162
all_labeled_excl_source_issue,B2,none,pearson,qd_delta_100_2_qc,qd_early_std_qc,39,-0.25477334944020885
all_labeled_excl_source_issue,B2,none,spearman,qd_delta_100_2_qc,qd_early_std_qc,39,-0.13299595141700404
all_labeled_excl_source_issue,B2,none,pearson,qd_delta_100_2_qc,qd_early_slope_qc,39,0.9009450316975812
all_labeled_excl_source_issue,B2,none,spearman,qd_delta_100_2_qc,qd_early_slope_qc,39,0.8939271255060729
all_labeled_excl_source_issue,B3,none,pearson,qd_early_mean,qd_early_std,43,-0.49593074094214956
all_labeled_excl_source_issue,B3,none,spearman,qd_early_mean,qd_early_std,43,-0.46949562065841133
all_labeled_excl_source_issue,B3,none,pearson,qd_early_mean,qd_early_median,43,0.9999669030077544
all_labeled_excl_source_issue,B3,none,spearman,qd_early_mean,qd_early_median,43,0.9998489882210813
all_labeled_excl_source_issue,B3,none,pearson,qd_early_mean,qd_early_slope,43,0.479719077726984
all_labeled_excl_source_issue,B3,none,spearman,qd_early_mean,qd_early_slope,43,0.3954998489882211
all_labeled_excl_source_issue,B3,none,pearson,qd_early_mean,tavg_early_mean,43,-0.4066131576244516
all_labeled_excl_source_issue,B3,none,spearman,qd_early_mean,tavg_early_mean,43,-0.4318936877076412
all_labeled_excl_source_issue,B3,none,pearson,qd_early_mean,tmax_early_mean,43,-0.4088816178498139
all_labeled_excl_source_issue,B3,none,spearman,qd_early_mean,tmax_early_mean,43,-0.4367260646330413
all_labeled_excl_source_issue,B3,none,pearson,qd_early_mean,qd_early_mean_qc,43,1.0
all_labeled_excl_source_issue,B3,none,spearman,qd_early_mean,qd_early_mean_qc,43,1.0
all_labeled_excl_source_issue,B3,none,pearson,qd_early_mean,qd_early_std_qc,43,-0.49593074094214956
all_labeled_excl_source_issue,B3,none,spearman,qd_early_mean,qd_early_std_qc,43,-0.46949562065841133
all_labeled_excl_source_issue,B3,none,pearson,qd_early_mean,qd_early_slope_qc,43,0.479719077726984
all_labeled_excl_source_issue,B3,none,spearman,qd_early_mean,qd_early_slope_qc,43,0.3954998489882211
all_labeled_excl_source_issue,B3,none,pearson,qd_early_std,tavg_early_mean,43,0.20183117077458138
all_labeled_excl_source_issue,B3,none,spearman,qd_early_std,tavg_early_mean,43,0.4546964663243733
all_labeled_excl_source_issue,B3,none,pearson,qd_early_std,tmax_early_mean,43,0.21707002152309834
all_labeled_excl_source_issue,B3,none,spearman,qd_early_std,tmax_early_mean,43,0.41377227423739055
all_labeled_excl_source_issue,B3,none,pearson,qd_early_std,qd_early_std_qc,43,1.0
all_labeled_excl_source_issue,B3,none,spearman,qd_early_std,qd_early_std_qc,43,1.0
all_labeled_excl_source_issue,B3,none,pearson,qd_early_median,qd_early_std,43,-0.4956725240247132
all_labeled_excl_source_issue,B3,none,spearman,qd_early_median,qd_early_std,43,-0.467834491090305
all_labeled_excl_source_issue,B3,none,pearson,qd_early_median,qd_early_slope,43,0.4794323423714368
all_labeled_excl_source_issue,B3,none,spearman,qd_early_median,qd_early_slope,43,0.39474479009362734
all_labeled_excl_source_issue,B3,none,pearson,qd_early_median,tavg_early_mean,43,-0.40554055824780316
all_labeled_excl_source_issue,B3,none,spearman,qd_early_median,tavg_early_mean,43,-0.43400785261250385
all_labeled_excl_source_issue,B3,none,pearson,qd_early_median,tmax_early_mean,43,-0.4078434725151944
all_labeled_excl_source_issue,B3,none,spearman,qd_early_median,tmax_early_mean,43,-0.4385382059800665
all_labeled_excl_source_issue,B3,none,pearson,qd_early_median,qd_early_std_qc,43,-0.4956725240247132
all_labeled_excl_source_issue,B3,none,spearman,qd_early_median,qd_early_std_qc,43,-0.467834491090305
all_labeled_excl_source_issue,B3,none,pearson,qd_early_median,qd_early_slope_qc,43,0.4794323423714368
all_labeled_excl_source_issue,B3,none,spearman,qd_early_median,qd_early_slope_qc,43,0.39474479009362734
all_labeled_excl_source_issue,B3,none,pearson,qd2,qd_early_mean,43,0.9332711747259942
all_labeled_excl_source_issue,B3,none,spearman,qd2,qd_early_mean,43,0.9421624886741166
all_labeled_excl_source_issue,B3,none,pearson,qd2,qd_early_std,43,-0.1729735690272914
all_labeled_excl_source_issue,B3,none,spearman,qd2,qd_early_std,43,-0.35925702204771975
all_labeled_excl_source_issue,B3,none,pearson,qd2,qd_early_median,43,0.9331763324294964
all_labeled_excl_source_issue,B3,none,spearman,qd2,qd_early_median,43,0.9447296889157354
all_labeled_excl_source_issue,B3,none,pearson,qd2,qd_delta_100_2,43,0.11942188502043685
all_labeled_excl_source_issue,B3,none,spearman,qd2,qd_delta_100_2,43,0.08003624282694051
all_labeled_excl_source_issue,B3,none,pearson,qd2,qd_early_slope,43,0.14225308771827702
all_labeled_excl_source_issue,B3,none,spearman,qd2,qd_early_slope,43,0.19903352461491997
all_labeled_excl_source_issue,B3,none,pearson,qd2,tavg_early_mean,43,-0.33570633826828883
all_labeled_excl_source_issue,B3,none,spearman,qd2,tavg_early_mean,43,-0.3542736333434008
all_labeled_excl_source_issue,B3,none,pearson,qd2,tmax_early_mean,43,-0.33824713960037867
all_labeled_excl_source_issue,B3,none,spearman,qd2,tmax_early_mean,43,-0.3568408335850196
all_labeled_excl_source_issue,B3,none,pearson,qd2,qd_early_mean_qc,43,0.9332711747259942
all_labeled_excl_source_issue,B3,none,spearman,qd2,qd_early_mean_qc,43,0.9421624886741166
all_labeled_excl_source_issue,B3,none,pearson,qd2,qd_early_std_qc,43,-0.1729735690272914
all_labeled_excl_source_issue,B3,none,spearman,qd2,qd_early_std_qc,43,-0.35925702204771975
all_labeled_excl_source_issue,B3,none,pearson,qd2,qd_early_slope_qc,43,0.14225308771827702
all_labeled_excl_source_issue,B3,none,spearman,qd2,qd_early_slope_qc,43,0.19903352461491997
all_labeled_excl_source_issue,B3,none,pearson,qd2,qd2_qc,43,1.0
all_labeled_excl_source_issue,B3,none,spearman,qd2,qd2_qc,43,1.0
all_labeled_excl_source_issue,B3,none,pearson,qd2,qd_delta_100_2_qc,43,0.11942188502043685
all_labeled_excl_source_issue,B3,none,spearman,qd2,qd_delta_100_2_qc,43,0.08003624282694051
all_labeled_excl_source_issue,B3,none,pearson,qd100,qd_early_mean,43,0.9753735837179283
all_labeled_excl_source_issue,B3,none,spearman,qd100,qd_early_mean,43,0.994412564180006
all_labeled_excl_source_issue,B3,none,pearson,qd100,qd_early_std,43,-0.6696208280533369
all_labeled_excl_source_issue,B3,none,spearman,qd100,qd_early_std,43,-0.49697976442162484
all_labeled_excl_source_issue,B3,none,pearson,qd100,qd_early_median,43,0.9752471261077514
all_labeled_excl_source_issue,B3,none,spearman,qd100,qd_early_median,43,0.9938085170643309
all_labeled_excl_source_issue,B3,none,pearson,qd100,qd2,43,0.8355534225730437
all_labeled_excl_source_issue,B3,none,spearman,qd100,qd2,43,0.9157354273633344
all_labeled_excl_source_issue,B3,none,pearson,qd100,qd_delta_100_2,43,0.645260780686738
all_labeled_excl_source_issue,B3,none,spearman,qd100,qd_delta_100_2,43,0.37012987012987014
all_labeled_excl_source_issue,B3,none,pearson,qd100,qd_early_slope,43,0.6592716390230269
all_labeled_excl_source_issue,B3,none,spearman,qd100,qd_early_slope,43,0.44518272425249167
all_labeled_excl_source_issue,B3,none,pearson,qd100,tavg_early_mean,43,-0.40030502718179134
all_labeled_excl_source_issue,B3,none,spearman,qd100,tavg_early_mean,43,-0.445635759589248
all_labeled_excl_source_issue,B3,none,pearson,qd100,tmax_early_mean,43,-0.4073392384076985
all_labeled_excl_source_issue,B3,none,spearman,qd100,tmax_early_mean,43,-0.45077016007248566
all_labeled_excl_source_issue,B3,none,pearson,qd100,qd_early_mean_qc,43,0.9753735837179283
all_labeled_excl_source_issue,B3,none,spearman,qd100,qd_early_mean_qc,43,0.994412564180006
all_labeled_excl_source_issue,B3,none,pearson,qd100,qd_early_std_qc,43,-0.6696208280533369
all_labeled_excl_source_issue,B3,none,spearman,qd100,qd_early_std_qc,43,-0.49697976442162484
all_labeled_excl_source_issue,B3,none,pearson,qd100,qd_early_slope_qc,43,0.6592716390230269
all_labeled_excl_source_issue,B3,none,spearman,qd100,qd_early_slope_qc,43,0.44518272425249167
all_labeled_excl_source_issue,B3,none,pearson,qd100,qd2_qc,43,0.8355534225730437
all_labeled_excl_source_issue,B3,none,spearman,qd100,qd2_qc,43,0.9157354273633344
all_labeled_excl_source_issue,B3,none,pearson,qd100,qd100_qc,43,1.0
all_labeled_excl_source_issue,B3,none,spearman,qd100,qd100_qc,43,1.0
all_labeled_excl_source_issue,B3,none,pearson,qd100,qd_delta_100_2_qc,43,0.645260780686738
all_labeled_excl_source_issue,B3,none,spearman,qd100,qd_delta_100_2_qc,43,0.37012987012987014
all_labeled_excl_source_issue,B3,none,pearson,qd_delta_100_2,qd_early_mean,43,0.46487999118607426
all_labeled_excl_source_issue,B3,none,spearman,qd_delta_100_2,qd_early_mean,43,0.31319842947749926
all_labeled_excl_source_issue,B3,none,pearson,qd_delta_100_2,qd_early_std,43,-0.9695568351550097
all_labeled_excl_source_issue,B3,none,spearman,qd_delta_100_2,qd_early_std,43,-0.30670492298399277
all_labeled_excl_source_issue,B3,none,pearson,qd_delta_100_2,qd_early_median,43,0.4647833479534539
all_labeled_excl_source_issue,B3,none,spearman,qd_delta_100_2,qd_early_median,43,0.312745394140743
all_labeled_excl_source_issue,B3,none,pearson,qd_delta_100_2,qd_early_slope,43,0.9935720243194339
all_labeled_excl_source_issue,B3,none,spearman,qd_delta_100_2,qd_early_slope,43,0.8710359408033826
all_labeled_excl_source_issue,B3,none,pearson,qd_delta_100_2,tavg_early_mean,43,-0.2565906566183428
all_labeled_excl_source_issue,B3,none,spearman,qd_delta_100_2,tavg_early_mean,43,-0.42328601630927215
all_labeled_excl_source_issue,B3,none,pearson,qd_delta_100_2,tmax_early_mean,43,-0.2657692340340096
all_labeled_excl_source_issue,B3,none,spearman,qd_delta_100_2,tmax_early_mean,43,-0.42283298097251576
all_labeled_excl_source_issue,B3,none,pearson,qd_delta_100_2,qd_early_mean_qc,43,0.46487999118607426
all_labeled_excl_source_issue,B3,none,spearman,qd_delta_100_2,qd_early_mean_qc,43,0.31319842947749926
all_labeled_excl_source_issue,B3,none,pearson,qd_delta_100_2,qd_early_std_qc,43,-0.9695568351550097
all_labeled_excl_source_issue,B3,none,spearman,qd_delta_100_2,qd_early_std_qc,43,-0.30670492298399277
all_labeled_excl_source_issue,B3,none,pearson,qd_delta_100_2,qd_early_slope_qc,43,0.9935720243194339
all_labeled_excl_source_issue,B3,none,spearman,qd_delta_100_2,qd_early_slope_qc,43,0.8710359408033826
all_labeled_excl_source_issue,B3,none,pearson,qd_delta_100_2,qd_delta_100_2_qc,43,1.0
all_labeled_excl_source_issue,B3,none,spearman,qd_delta_100_2,qd_delta_100_2_qc,43,1.0
all_labeled_excl_source_issue,B3,none,pearson,qd_early_slope,qd_early_std,43,-0.9794232779468351
all_labeled_excl_source_issue,B3,none,spearman,qd_early_slope,qd_early_std,43,-0.46360616128057985
all_labeled_excl_source_issue,B3,none,pearson,qd_early_slope,tavg_early_mean,43,-0.2556425051687777
all_labeled_excl_source_issue,B3,none,spearman,qd_early_slope,tavg_early_mean,43,-0.5440954394442766
all_labeled_excl_source_issue,B3,none,pearson,qd_early_slope,tmax_early_mean,43,-0.2711041873816369
all_labeled_excl_source_issue,B3,none,spearman,qd_early_slope,tmax_early_mean,43,-0.5564784053156145
all_labeled_excl_source_issue,B3,none,pearson,qd_early_slope,qd_early_std_qc,43,-0.9794232779468351
all_labeled_excl_source_issue,B3,none,spearman,qd_early_slope,qd_early_std_qc,43,-0.46360616128057985
all_labeled_excl_source_issue,B3,none,pearson,qd_early_slope,qd_early_slope_qc,43,1.0
all_labeled_excl_source_issue,B3,none,spearman,qd_early_slope,qd_early_slope_qc,43,1.0
all_labeled_excl_source_issue,B3,none,pearson,ir_early_mean,qd_early_mean,43,0.24740632144255087
all_labeled_excl_source_issue,B3,none,spearman,ir_early_mean,qd_early_mean,43,0.39308366052552096
all_labeled_excl_source_issue,B3,none,pearson,ir_early_mean,qd_early_std,43,-0.6516050555574793
all_labeled_excl_source_issue,B3,none,spearman,ir_early_mean,qd_early_std,43,-0.49048625792811834
all_labeled_excl_source_issue,B3,none,pearson,ir_early_mean,qd_early_median,43,0.2464965996605991
all_labeled_excl_source_issue,B3,none,spearman,ir_early_mean,qd_early_median,43,0.3929326487466023
all_labeled_excl_source_issue,B3,none,pearson,ir_early_mean,qd2,43,0.00884245723479099
all_labeled_excl_source_issue,B3,none,spearman,ir_early_mean,qd2,43,0.2993053458169737
all_labeled_excl_source_issue,B3,none,pearson,ir_early_mean,qd100,43,0.38761398521033597
all_labeled_excl_source_issue,B3,none,spearman,ir_early_mean,qd100,43,0.4219269102990033
all_labeled_excl_source_issue,B3,none,pearson,ir_early_mean,qd_delta_100_2,43,0.6881660409297318
all_labeled_excl_source_issue,B3,none,spearman,ir_early_mean,qd_delta_100_2,43,0.446843853820598
all_labeled_excl_source_issue,B3,none,pearson,ir_early_mean,qd_early_slope,43,0.6933012390770639
all_labeled_excl_source_issue,B3,none,spearman,ir_early_mean,qd_early_slope,43,0.5584415584415584
all_labeled_excl_source_issue,B3,none,pearson,ir_early_mean,ir_early_slope,43,-0.50844578465742
all_labeled_excl_source_issue,B3,none,spearman,ir_early_mean,ir_early_slope,43,-0.1638477801268499
all_labeled_excl_source_issue,B3,none,pearson,ir_early_mean,ir_zero_fraction_early,43,
all_labeled_excl_source_issue,B3,none,spearman,ir_early_mean,ir_zero_fraction_early,43,
all_labeled_excl_source_issue,B3,none,pearson,ir_early_mean,tavg_early_mean,43,-0.2459365744491028
all_labeled_excl_source_issue,B3,none,spearman,ir_early_mean,tavg_early_mean,43,-0.2697070371488976
all_labeled_excl_source_issue,B3,none,pearson,ir_early_mean,ir_missing_fraction_early,43,
all_labeled_excl_source_issue,B3,none,spearman,ir_early_mean,ir_missing_fraction_early,43,
all_labeled_excl_source_issue,B3,none,pearson,ir_early_mean,tmax_early_mean,43,-0.20286140595370888
all_labeled_excl_source_issue,B3,none,spearman,ir_early_mean,tmax_early_mean,43,-0.2909996979764422
all_labeled_excl_source_issue,B3,none,pearson,ir_early_mean,qd_early_mean_qc,43,0.24740632144255087
all_labeled_excl_source_issue,B3,none,spearman,ir_early_mean,qd_early_mean_qc,43,0.39308366052552096
all_labeled_excl_source_issue,B3,none,pearson,ir_early_mean,qd_early_std_qc,43,-0.6516050555574793
all_labeled_excl_source_issue,B3,none,spearman,ir_early_mean,qd_early_std_qc,43,-0.49048625792811834
all_labeled_excl_source_issue,B3,none,pearson,ir_early_mean,qd_early_slope_qc,43,0.6933012390770639
all_labeled_excl_source_issue,B3,none,spearman,ir_early_mean,qd_early_slope_qc,43,0.5584415584415584
all_labeled_excl_source_issue,B3,none,pearson,ir_early_mean,qd2_qc,43,0.00884245723479099
all_labeled_excl_source_issue,B3,none,spearman,ir_early_mean,qd2_qc,43,0.2993053458169737
all_labeled_excl_source_issue,B3,none,pearson,ir_early_mean,qd100_qc,43,0.38761398521033597
all_labeled_excl_source_issue,B3,none,spearman,ir_early_mean,qd100_qc,43,0.4219269102990033
all_labeled_excl_source_issue,B3,none,pearson,ir_early_mean,qd_delta_100_2_qc,43,0.6881660409297318
all_labeled_excl_source_issue,B3,none,spearman,ir_early_mean,qd_delta_100_2_qc,43,0.446843853820598
all_labeled_excl_source_issue,B3,none,pearson,ir_change_100_2,qd_early_mean,43,-0.24396320887307196
all_labeled_excl_source_issue,B3,none,spearman,ir_change_100_2,qd_early_mean,43,0.24388402295379039
all_labeled_excl_source_issue,B3,none,pearson,ir_change_100_2,qd_early_std,43,0.7539643030303838
all_labeled_excl_source_issue,B3,none,spearman,ir_change_100_2,qd_early_std,43,0.05738447598912715
all_labeled_excl_source_issue,B3,none,pearson,ir_change_100_2,qd_early_median,43,-0.24318725113295314
all_labeled_excl_source_issue,B3,none,spearman,ir_change_100_2,qd_early_median,43,0.2497734823316219
all_labeled_excl_source_issue,B3,none,pearson,ir_change_100_2,qd2,43,0.017939675419144735
all_labeled_excl_source_issue,B3,none,spearman,ir_change_100_2,qd2,43,0.39263062518876474
all_labeled_excl_source_issue,B3,none,pearson,ir_change_100_2,qd100,43,-0.3996064659343762
all_labeled_excl_source_issue,B3,none,spearman,ir_change_100_2,qd100,43,0.1920869827846572
all_labeled_excl_source_issue,B3,none,pearson,ir_change_100_2,qd_delta_100_2,43,-0.7470787769618032
all_labeled_excl_source_issue,B3,none,spearman,ir_change_100_2,qd_delta_100_2,43,-0.3260344306855935
all_labeled_excl_source_issue,B3,none,pearson,ir_change_100_2,qd_early_slope,43,-0.7594756878607589
all_labeled_excl_source_issue,B3,none,spearman,ir_change_100_2,qd_early_slope,43,-0.31319842947749926
all_labeled_excl_source_issue,B3,none,pearson,ir_change_100_2,ir_early_mean,43,-0.5260568810512116
all_labeled_excl_source_issue,B3,none,spearman,ir_change_100_2,ir_early_mean,43,-0.12518876472364845
all_labeled_excl_source_issue,B3,none,pearson,ir_change_100_2,ir_early_slope,43,0.9006581102285616
all_labeled_excl_source_issue,B3,none,spearman,ir_change_100_2,ir_early_slope,43,0.8797946239806704
all_labeled_excl_source_issue,B3,none,pearson,ir_change_100_2,ir_zero_fraction_early,43,
all_labeled_excl_source_issue,B3,none,spearman,ir_change_100_2,ir_zero_fraction_early,43,
all_labeled_excl_source_issue,B3,none,pearson,ir_change_100_2,tavg_early_mean,43,0.16062192805637246
all_labeled_excl_source_issue,B3,none,spearman,ir_change_100_2,tavg_early_mean,43,0.1877076411960133
all_labeled_excl_source_issue,B3,none,pearson,ir_change_100_2,ir_missing_fraction_early,43,
all_labeled_excl_source_issue,B3,none,spearman,ir_change_100_2,ir_missing_fraction_early,43,
all_labeled_excl_source_issue,B3,none,pearson,ir_change_100_2,tmax_early_mean,43,0.158042155475837
all_labeled_excl_source_issue,B3,none,spearman,ir_change_100_2,tmax_early_mean,43,0.16958622772576262
all_labeled_excl_source_issue,B3,none,pearson,ir_change_100_2,qd_early_mean_qc,43,-0.24396320887307196
all_labeled_excl_source_issue,B3,none,spearman,ir_change_100_2,qd_early_mean_qc,43,0.24388402295379039
all_labeled_excl_source_issue,B3,none,pearson,ir_change_100_2,qd_early_std_qc,43,0.7539643030303838
all_labeled_excl_source_issue,B3,none,spearman,ir_change_100_2,qd_early_std_qc,43,0.05738447598912715
all_labeled_excl_source_issue,B3,none,pearson,ir_change_100_2,qd_early_slope_qc,43,-0.7594756878607589
all_labeled_excl_source_issue,B3,none,spearman,ir_change_100_2,qd_early_slope_qc,43,-0.31319842947749926
all_labeled_excl_source_issue,B3,none,pearson,ir_change_100_2,qd2_qc,43,0.017939675419144735
all_labeled_excl_source_issue,B3,none,spearman,ir_change_100_2,qd2_qc,43,0.39263062518876474
all_labeled_excl_source_issue,B3,none,pearson,ir_change_100_2,qd100_qc,43,-0.3996064659343762
all_labeled_excl_source_issue,B3,none,spearman,ir_change_100_2,qd100_qc,43,0.1920869827846572
all_labeled_excl_source_issue,B3,none,pearson,ir_change_100_2,qd_delta_100_2_qc,43,-0.7470787769618032
all_labeled_excl_source_issue,B3,none,spearman,ir_change_100_2,qd_delta_100_2_qc,43,-0.3260344306855935
all_labeled_excl_source_issue,B3,none,pearson,ir_early_slope,qd_early_mean,43,-0.31523070029701333
all_labeled_excl_source_issue,B3,none,spearman,ir_early_slope,qd_early_mean,43,0.033373603141045004
all_labeled_excl_source_issue,B3,none,pearson,ir_early_slope,qd_early_std,43,0.6271300369478211
all_labeled_excl_source_issue,B3,none,spearman,ir_early_slope,qd_early_std,43,0.08698278465720326
all_labeled_excl_source_issue,B3,none,pearson,ir_early_slope,qd_early_median,43,-0.314516320657396
all_labeled_excl_source_issue,B3,none,spearman,ir_early_slope,qd_early_median,43,0.038810027182120205
all_labeled_excl_source_issue,B3,none,pearson,ir_early_slope,qd2,43,-0.10975940069347381
all_labeled_excl_source_issue,B3,none,spearman,ir_early_slope,qd2,43,0.1481425551192993
all_labeled_excl_source_issue,B3,none,pearson,ir_early_slope,qd100,43,-0.43433471339541724
all_labeled_excl_source_issue,B3,none,spearman,ir_early_slope,qd100,43,-0.013742071881606765
all_labeled_excl_source_issue,B3,none,pearson,ir_early_slope,qd_delta_100_2,43,-0.6322689566565474
all_labeled_excl_source_issue,B3,none,spearman,ir_early_slope,qd_delta_100_2,43,-0.21851404409543942
all_labeled_excl_source_issue,B3,none,pearson,ir_early_slope,qd_early_slope,43,-0.6521598988309993
all_labeled_excl_source_issue,B3,none,spearman,ir_early_slope,qd_early_slope,43,-0.27257626094835397
all_labeled_excl_source_issue,B3,none,pearson,ir_early_slope,ir_zero_fraction_early,43,
all_labeled_excl_source_issue,B3,none,spearman,ir_early_slope,ir_zero_fraction_early,43,
all_labeled_excl_source_issue,B3,none,pearson,ir_early_slope,tavg_early_mean,43,0.20426419641335575
all_labeled_excl_source_issue,B3,none,spearman,ir_early_slope,tavg_early_mean,43,0.2281787979462398
all_labeled_excl_source_issue,B3,none,pearson,ir_early_slope,ir_missing_fraction_early,43,
all_labeled_excl_source_issue,B3,none,spearman,ir_early_slope,ir_missing_fraction_early,43,
all_labeled_excl_source_issue,B3,none,pearson,ir_early_slope,tmax_early_mean,43,0.18340545674089992
all_labeled_excl_source_issue,B3,none,spearman,ir_early_slope,tmax_early_mean,43,0.21307762005436423
all_labeled_excl_source_issue,B3,none,pearson,ir_early_slope,qd_early_mean_qc,43,-0.31523070029701333
all_labeled_excl_source_issue,B3,none,spearman,ir_early_slope,qd_early_mean_qc,43,0.033373603141045004
all_labeled_excl_source_issue,B3,none,pearson,ir_early_slope,qd_early_std_qc,43,0.6271300369478211
all_labeled_excl_source_issue,B3,none,spearman,ir_early_slope,qd_early_std_qc,43,0.08698278465720326
all_labeled_excl_source_issue,B3,none,pearson,ir_early_slope,qd_early_slope_qc,43,-0.6521598988309993
all_labeled_excl_source_issue,B3,none,spearman,ir_early_slope,qd_early_slope_qc,43,-0.27257626094835397
all_labeled_excl_source_issue,B3,none,pearson,ir_early_slope,qd2_qc,43,-0.10975940069347381
all_labeled_excl_source_issue,B3,none,spearman,ir_early_slope,qd2_qc,43,0.1481425551192993
all_labeled_excl_source_issue,B3,none,pearson,ir_early_slope,qd100_qc,43,-0.43433471339541724
all_labeled_excl_source_issue,B3,none,spearman,ir_early_slope,qd100_qc,43,-0.013742071881606765
all_labeled_excl_source_issue,B3,none,pearson,ir_early_slope,qd_delta_100_2_qc,43,-0.6322689566565474
all_labeled_excl_source_issue,B3,none,spearman,ir_early_slope,qd_delta_100_2_qc,43,-0.21851404409543942
all_labeled_excl_source_issue,B3,none,pearson,ir_zero_fraction_early,qd_early_mean,43,
all_labeled_excl_source_issue,B3,none,spearman,ir_zero_fraction_early,qd_early_mean,43,
all_labeled_excl_source_issue,B3,none,pearson,ir_zero_fraction_early,qd_early_std,43,
all_labeled_excl_source_issue,B3,none,spearman,ir_zero_fraction_early,qd_early_std,43,
all_labeled_excl_source_issue,B3,none,pearson,ir_zero_fraction_early,qd_early_median,43,
all_labeled_excl_source_issue,B3,none,spearman,ir_zero_fraction_early,qd_early_median,43,
all_labeled_excl_source_issue,B3,none,pearson,ir_zero_fraction_early,qd2,43,
all_labeled_excl_source_issue,B3,none,spearman,ir_zero_fraction_early,qd2,43,
all_labeled_excl_source_issue,B3,none,pearson,ir_zero_fraction_early,qd100,43,
all_labeled_excl_source_issue,B3,none,spearman,ir_zero_fraction_early,qd100,43,
all_labeled_excl_source_issue,B3,none,pearson,ir_zero_fraction_early,qd_delta_100_2,43,
all_labeled_excl_source_issue,B3,none,spearman,ir_zero_fraction_early,qd_delta_100_2,43,
all_labeled_excl_source_issue,B3,none,pearson,ir_zero_fraction_early,qd_early_slope,43,
all_labeled_excl_source_issue,B3,none,spearman,ir_zero_fraction_early,qd_early_slope,43,
all_labeled_excl_source_issue,B3,none,pearson,ir_zero_fraction_early,tavg_early_mean,43,
all_labeled_excl_source_issue,B3,none,spearman,ir_zero_fraction_early,tavg_early_mean,43,
all_labeled_excl_source_issue,B3,none,pearson,ir_zero_fraction_early,tmax_early_mean,43,
all_labeled_excl_source_issue,B3,none,spearman,ir_zero_fraction_early,tmax_early_mean,43,
all_labeled_excl_source_issue,B3,none,pearson,ir_zero_fraction_early,qd_early_mean_qc,43,
all_labeled_excl_source_issue,B3,none,spearman,ir_zero_fraction_early,qd_early_mean_qc,43,
all_labeled_excl_source_issue,B3,none,pearson,ir_zero_fraction_early,qd_early_std_qc,43,
all_labeled_excl_source_issue,B3,none,spearman,ir_zero_fraction_early,qd_early_std_qc,43,
all_labeled_excl_source_issue,B3,none,pearson,ir_zero_fraction_early,qd_early_slope_qc,43,
all_labeled_excl_source_issue,B3,none,spearman,ir_zero_fraction_early,qd_early_slope_qc,43,
all_labeled_excl_source_issue,B3,none,pearson,ir_zero_fraction_early,qd2_qc,43,
all_labeled_excl_source_issue,B3,none,spearman,ir_zero_fraction_early,qd2_qc,43,
all_labeled_excl_source_issue,B3,none,pearson,ir_zero_fraction_early,qd100_qc,43,
all_labeled_excl_source_issue,B3,none,spearman,ir_zero_fraction_early,qd100_qc,43,
all_labeled_excl_source_issue,B3,none,pearson,ir_zero_fraction_early,qd_delta_100_2_qc,43,
all_labeled_excl_source_issue,B3,none,spearman,ir_zero_fraction_early,qd_delta_100_2_qc,43,
all_labeled_excl_source_issue,B3,none,pearson,tavg_early_mean,tmax_early_mean,43,0.9716089130442378
all_labeled_excl_source_issue,B3,none,spearman,tavg_early_mean,tmax_early_mean,43,0.9771972213832678
all_labeled_excl_source_issue,B3,none,pearson,ir_missing_fraction_early,qd_early_mean,43,
all_labeled_excl_source_issue,B3,none,spearman,ir_missing_fraction_early,qd_early_mean,43,
all_labeled_excl_source_issue,B3,none,pearson,ir_missing_fraction_early,qd_early_std,43,
all_labeled_excl_source_issue,B3,none,spearman,ir_missing_fraction_early,qd_early_std,43,
all_labeled_excl_source_issue,B3,none,pearson,ir_missing_fraction_early,qd_early_median,43,
all_labeled_excl_source_issue,B3,none,spearman,ir_missing_fraction_early,qd_early_median,43,
all_labeled_excl_source_issue,B3,none,pearson,ir_missing_fraction_early,qd2,43,
all_labeled_excl_source_issue,B3,none,spearman,ir_missing_fraction_early,qd2,43,
all_labeled_excl_source_issue,B3,none,pearson,ir_missing_fraction_early,qd100,43,
all_labeled_excl_source_issue,B3,none,spearman,ir_missing_fraction_early,qd100,43,
all_labeled_excl_source_issue,B3,none,pearson,ir_missing_fraction_early,qd_delta_100_2,43,
all_labeled_excl_source_issue,B3,none,spearman,ir_missing_fraction_early,qd_delta_100_2,43,
all_labeled_excl_source_issue,B3,none,pearson,ir_missing_fraction_early,qd_early_slope,43,
all_labeled_excl_source_issue,B3,none,spearman,ir_missing_fraction_early,qd_early_slope,43,
all_labeled_excl_source_issue,B3,none,pearson,ir_missing_fraction_early,ir_zero_fraction_early,43,
all_labeled_excl_source_issue,B3,none,spearman,ir_missing_fraction_early,ir_zero_fraction_early,43,
all_labeled_excl_source_issue,B3,none,pearson,ir_missing_fraction_early,tavg_early_mean,43,
all_labeled_excl_source_issue,B3,none,spearman,ir_missing_fraction_early,tavg_early_mean,43,
all_labeled_excl_source_issue,B3,none,pearson,ir_missing_fraction_early,tmax_early_mean,43,
all_labeled_excl_source_issue,B3,none,spearman,ir_missing_fraction_early,tmax_early_mean,43,
all_labeled_excl_source_issue,B3,none,pearson,ir_missing_fraction_early,qd_early_mean_qc,43,
all_labeled_excl_source_issue,B3,none,spearman,ir_missing_fraction_early,qd_early_mean_qc,43,
all_labeled_excl_source_issue,B3,none,pearson,ir_missing_fraction_early,qd_early_std_qc,43,
all_labeled_excl_source_issue,B3,none,spearman,ir_missing_fraction_early,qd_early_std_qc,43,
all_labeled_excl_source_issue,B3,none,pearson,ir_missing_fraction_early,qd_early_slope_qc,43,
all_labeled_excl_source_issue,B3,none,spearman,ir_missing_fraction_early,qd_early_slope_qc,43,
all_labeled_excl_source_issue,B3,none,pearson,ir_missing_fraction_early,qd2_qc,43,
all_labeled_excl_source_issue,B3,none,spearman,ir_missing_fraction_early,qd2_qc,43,
all_labeled_excl_source_issue,B3,none,pearson,ir_missing_fraction_early,qd100_qc,43,
all_labeled_excl_source_issue,B3,none,spearman,ir_missing_fraction_early,qd100_qc,43,
all_labeled_excl_source_issue,B3,none,pearson,ir_missing_fraction_early,qd_delta_100_2_qc,43,
all_labeled_excl_source_issue,B3,none,spearman,ir_missing_fraction_early,qd_delta_100_2_qc,43,
all_labeled_excl_source_issue,B3,none,pearson,chargetime_early_mean,qd_early_mean,43,0.07959997039377194
all_labeled_excl_source_issue,B3,none,spearman,chargetime_early_mean,qd_early_mean,43,-0.1478405315614618
all_labeled_excl_source_issue,B3,none,pearson,chargetime_early_mean,qd_early_std,43,-0.09986903151208988
all_labeled_excl_source_issue,B3,none,spearman,chargetime_early_mean,qd_early_std,43,-0.09559045605557233
all_labeled_excl_source_issue,B3,none,pearson,chargetime_early_mean,qd_early_median,43,0.0764263709915941
all_labeled_excl_source_issue,B3,none,spearman,chargetime_early_mean,qd_early_median,43,-0.14693446088794926
all_labeled_excl_source_issue,B3,none,pearson,chargetime_early_mean,qd2,43,0.06621245979144064
all_labeled_excl_source_issue,B3,none,spearman,chargetime_early_mean,qd2,43,-0.05527031108426458
all_labeled_excl_source_issue,B3,none,pearson,chargetime_early_mean,qd100,43,0.08066306697161113
all_labeled_excl_source_issue,B3,none,spearman,chargetime_early_mean,qd100,43,-0.16173361522198731
all_labeled_excl_source_issue,B3,none,pearson,chargetime_early_mean,qd_delta_100_2,43,0.053697645885077624
all_labeled_excl_source_issue,B3,none,spearman,chargetime_early_mean,qd_delta_100_2,43,-0.2881304741769858
all_labeled_excl_source_issue,B3,none,pearson,chargetime_early_mean,qd_early_slope,43,0.10298140252625963
all_labeled_excl_source_issue,B3,none,spearman,chargetime_early_mean,qd_early_slope,43,-0.14799154334038053
all_labeled_excl_source_issue,B3,none,pearson,chargetime_early_mean,ir_early_mean,43,0.09165615453743814
all_labeled_excl_source_issue,B3,none,spearman,chargetime_early_mean,ir_early_mean,43,-0.05874358199939595
all_labeled_excl_source_issue,B3,none,pearson,chargetime_early_mean,ir_change_100_2,43,-0.21186302978672905
all_labeled_excl_source_issue,B3,none,spearman,chargetime_early_mean,ir_change_100_2,43,0.05768649954696466
all_labeled_excl_source_issue,B3,none,pearson,chargetime_early_mean,ir_early_slope,43,-0.23914426831645705
all_labeled_excl_source_issue,B3,none,spearman,chargetime_early_mean,ir_early_slope,43,0.001812141347025068
all_labeled_excl_source_issue,B3,none,pearson,chargetime_early_mean,ir_zero_fraction_early,43,
all_labeled_excl_source_issue,B3,none,spearman,chargetime_early_mean,ir_zero_fraction_early,43,
all_labeled_excl_source_issue,B3,none,pearson,chargetime_early_mean,tavg_early_mean,43,-0.26436398517886617
all_labeled_excl_source_issue,B3,none,spearman,chargetime_early_mean,tavg_early_mean,43,-0.11280579885231048
all_labeled_excl_source_issue,B3,none,pearson,chargetime_early_mean,ir_missing_fraction_early,43,
all_labeled_excl_source_issue,B3,none,spearman,chargetime_early_mean,ir_missing_fraction_early,43,
all_labeled_excl_source_issue,B3,none,pearson,chargetime_early_mean,tmax_early_mean,43,-0.2525846036390213
all_labeled_excl_source_issue,B3,none,spearman,chargetime_early_mean,tmax_early_mean,43,-0.08441558441558442
all_labeled_excl_source_issue,B3,none,pearson,chargetime_early_mean,chargetime_early_median,43,0.9999948472039748
all_labeled_excl_source_issue,B3,none,spearman,chargetime_early_mean,chargetime_early_median,43,0.9723260474328832
all_labeled_excl_source_issue,B3,none,pearson,chargetime_early_mean,chargetime_early_mean_qc,43,0.9999999999999998
all_labeled_excl_source_issue,B3,none,spearman,chargetime_early_mean,chargetime_early_mean_qc,43,1.0
all_labeled_excl_source_issue,B3,none,pearson,chargetime_early_mean,qd_early_mean_qc,43,0.07959997039377194
all_labeled_excl_source_issue,B3,none,spearman,chargetime_early_mean,qd_early_mean_qc,43,-0.1478405315614618
all_labeled_excl_source_issue,B3,none,pearson,chargetime_early_mean,qd_early_std_qc,43,-0.09986903151208988
all_labeled_excl_source_issue,B3,none,spearman,chargetime_early_mean,qd_early_std_qc,43,-0.09559045605557233
all_labeled_excl_source_issue,B3,none,pearson,chargetime_early_mean,qd_early_slope_qc,43,0.10298140252625963
all_labeled_excl_source_issue,B3,none,spearman,chargetime_early_mean,qd_early_slope_qc,43,-0.14799154334038053
all_labeled_excl_source_issue,B3,none,pearson,chargetime_early_mean,qd2_qc,43,0.06621245979144064
all_labeled_excl_source_issue,B3,none,spearman,chargetime_early_mean,qd2_qc,43,-0.05527031108426458
all_labeled_excl_source_issue,B3,none,pearson,chargetime_early_mean,qd100_qc,43,0.08066306697161113
all_labeled_excl_source_issue,B3,none,spearman,chargetime_early_mean,qd100_qc,43,-0.16173361522198731
all_labeled_excl_source_issue,B3,none,pearson,chargetime_early_mean,qd_delta_100_2_qc,43,0.053697645885077624
all_labeled_excl_source_issue,B3,none,spearman,chargetime_early_mean,qd_delta_100_2_qc,43,-0.2881304741769858
all_labeled_excl_source_issue,B3,none,pearson,chargetime_early_median,qd_early_mean,43,0.0810424177866936
all_labeled_excl_source_issue,B3,none,spearman,chargetime_early_median,qd_early_mean,43,-0.17102729653144993
all_labeled_excl_source_issue,B3,none,pearson,chargetime_early_median,qd_early_std,43,-0.10279882882117282
all_labeled_excl_source_issue,B3,none,spearman,chargetime_early_median,qd_early_std,43,-0.057311133804578585
all_labeled_excl_source_issue,B3,none,pearson,chargetime_early_median,qd_early_median,43,0.07786641838969882
all_labeled_excl_source_issue,B3,none,spearman,chargetime_early_median,qd_early_median,43,-0.17027220912954508
all_labeled_excl_source_issue,B3,none,pearson,chargetime_early_median,qd2,43,0.0667325651076946
all_labeled_excl_source_issue,B3,none,spearman,chargetime_early_median,qd2,43,-0.0645599728628652
all_labeled_excl_source_issue,B3,none,pearson,chargetime_early_median,qd100,43,0.0826491562888338
all_labeled_excl_source_issue,B3,none,spearman,chargetime_early_median,qd100,43,-0.18779023685373772
all_labeled_excl_source_issue,B3,none,pearson,chargetime_early_median,qd_delta_100_2,43,0.05656351552456601
all_labeled_excl_source_issue,B3,none,spearman,chargetime_early_median,qd_delta_100_2,43,-0.3150979728148965
all_labeled_excl_source_issue,B3,none,pearson,chargetime_early_median,qd_early_slope,43,0.10586735871695548
all_labeled_excl_source_issue,B3,none,spearman,chargetime_early_median,qd_early_slope,43,-0.15501944361106698
all_labeled_excl_source_issue,B3,none,pearson,chargetime_early_median,ir_early_mean,43,0.09368526271865824
all_labeled_excl_source_issue,B3,none,spearman,chargetime_early_median,ir_early_mean,43,-0.013063012052954012
all_labeled_excl_source_issue,B3,none,pearson,chargetime_early_median,ir_change_100_2,43,-0.21430427201807153
all_labeled_excl_source_issue,B3,none,spearman,chargetime_early_median,ir_change_100_2,43,0.07611281011200952
all_labeled_excl_source_issue,B3,none,pearson,chargetime_early_median,ir_early_slope,43,-0.24123465058407342
all_labeled_excl_source_issue,B3,none,spearman,chargetime_early_median,ir_early_slope,43,0.04341752560952923
all_labeled_excl_source_issue,B3,none,pearson,chargetime_early_median,ir_zero_fraction_early,43,
all_labeled_excl_source_issue,B3,none,spearman,chargetime_early_median,ir_zero_fraction_early,43,
all_labeled_excl_source_issue,B3,none,pearson,chargetime_early_median,tavg_early_mean,43,-0.2647320801150733
all_labeled_excl_source_issue,B3,none,spearman,chargetime_early_median,tavg_early_mean,43,-0.06576811270591297
all_labeled_excl_source_issue,B3,none,pearson,chargetime_early_median,ir_missing_fraction_early,43,
all_labeled_excl_source_issue,B3,none,spearman,chargetime_early_median,ir_missing_fraction_early,43,
all_labeled_excl_source_issue,B3,none,pearson,chargetime_early_median,tmax_early_mean,43,-0.2530305322984035
all_labeled_excl_source_issue,B3,none,spearman,chargetime_early_median,tmax_early_mean,43,-0.05391324049600674
all_labeled_excl_source_issue,B3,none,pearson,chargetime_early_median,qd_early_mean_qc,43,0.0810424177866936
all_labeled_excl_source_issue,B3,none,spearman,chargetime_early_median,qd_early_mean_qc,43,-0.17102729653144993
all_labeled_excl_source_issue,B3,none,pearson,chargetime_early_median,qd_early_std_qc,43,-0.10279882882117282
all_labeled_excl_source_issue,B3,none,spearman,chargetime_early_median,qd_early_std_qc,43,-0.057311133804578585
all_labeled_excl_source_issue,B3,none,pearson,chargetime_early_median,qd_early_slope_qc,43,0.10586735871695548
all_labeled_excl_source_issue,B3,none,spearman,chargetime_early_median,qd_early_slope_qc,43,-0.15501944361106698
all_labeled_excl_source_issue,B3,none,pearson,chargetime_early_median,qd2_qc,43,0.0667325651076946
all_labeled_excl_source_issue,B3,none,spearman,chargetime_early_median,qd2_qc,43,-0.0645599728628652
all_labeled_excl_source_issue,B3,none,pearson,chargetime_early_median,qd100_qc,43,0.0826491562888338
all_labeled_excl_source_issue,B3,none,spearman,chargetime_early_median,qd100_qc,43,-0.18779023685373772
all_labeled_excl_source_issue,B3,none,pearson,chargetime_early_median,qd_delta_100_2_qc,43,0.05656351552456601
all_labeled_excl_source_issue,B3,none,spearman,chargetime_early_median,qd_delta_100_2_qc,43,-0.3150979728148965
all_labeled_excl_source_issue,B3,none,pearson,chargetime_early_mean_qc,qd_early_mean,43,0.07959997039377194
all_labeled_excl_source_issue,B3,none,spearman,chargetime_early_mean_qc,qd_early_mean,43,-0.1478405315614618
all_labeled_excl_source_issue,B3,none,pearson,chargetime_early_mean_qc,qd_early_std,43,-0.09986903151208988
all_labeled_excl_source_issue,B3,none,spearman,chargetime_early_mean_qc,qd_early_std,43,-0.09559045605557233
all_labeled_excl_source_issue,B3,none,pearson,chargetime_early_mean_qc,qd_early_median,43,0.0764263709915941
all_labeled_excl_source_issue,B3,none,spearman,chargetime_early_mean_qc,qd_early_median,43,-0.14693446088794926
all_labeled_excl_source_issue,B3,none,pearson,chargetime_early_mean_qc,qd2,43,0.06621245979144064
all_labeled_excl_source_issue,B3,none,spearman,chargetime_early_mean_qc,qd2,43,-0.05527031108426458
all_labeled_excl_source_issue,B3,none,pearson,chargetime_early_mean_qc,qd100,43,0.08066306697161113
all_labeled_excl_source_issue,B3,none,spearman,chargetime_early_mean_qc,qd100,43,-0.16173361522198731
all_labeled_excl_source_issue,B3,none,pearson,chargetime_early_mean_qc,qd_delta_100_2,43,0.053697645885077624
all_labeled_excl_source_issue,B3,none,spearman,chargetime_early_mean_qc,qd_delta_100_2,43,-0.2881304741769858
all_labeled_excl_source_issue,B3,none,pearson,chargetime_early_mean_qc,qd_early_slope,43,0.10298140252625963
all_labeled_excl_source_issue,B3,none,spearman,chargetime_early_mean_qc,qd_early_slope,43,-0.14799154334038053
all_labeled_excl_source_issue,B3,none,pearson,chargetime_early_mean_qc,ir_early_mean,43,0.09165615453743814
all_labeled_excl_source_issue,B3,none,spearman,chargetime_early_mean_qc,ir_early_mean,43,-0.05874358199939595
all_labeled_excl_source_issue,B3,none,pearson,chargetime_early_mean_qc,ir_change_100_2,43,-0.21186302978672905
all_labeled_excl_source_issue,B3,none,spearman,chargetime_early_mean_qc,ir_change_100_2,43,0.05768649954696466
all_labeled_excl_source_issue,B3,none,pearson,chargetime_early_mean_qc,ir_early_slope,43,-0.23914426831645705
all_labeled_excl_source_issue,B3,none,spearman,chargetime_early_mean_qc,ir_early_slope,43,0.001812141347025068
all_labeled_excl_source_issue,B3,none,pearson,chargetime_early_mean_qc,ir_zero_fraction_early,43,
all_labeled_excl_source_issue,B3,none,spearman,chargetime_early_mean_qc,ir_zero_fraction_early,43,
all_labeled_excl_source_issue,B3,none,pearson,chargetime_early_mean_qc,tavg_early_mean,43,-0.26436398517886617
all_labeled_excl_source_issue,B3,none,spearman,chargetime_early_mean_qc,tavg_early_mean,43,-0.11280579885231048
all_labeled_excl_source_issue,B3,none,pearson,chargetime_early_mean_qc,ir_missing_fraction_early,43,
all_labeled_excl_source_issue,B3,none,spearman,chargetime_early_mean_qc,ir_missing_fraction_early,43,
all_labeled_excl_source_issue,B3,none,pearson,chargetime_early_mean_qc,tmax_early_mean,43,-0.2525846036390213
all_labeled_excl_source_issue,B3,none,spearman,chargetime_early_mean_qc,tmax_early_mean,43,-0.08441558441558442
all_labeled_excl_source_issue,B3,none,pearson,chargetime_early_mean_qc,chargetime_early_median,43,0.9999948472039748
all_labeled_excl_source_issue,B3,none,spearman,chargetime_early_mean_qc,chargetime_early_median,43,0.9723260474328832
all_labeled_excl_source_issue,B3,none,pearson,chargetime_early_mean_qc,qd_early_mean_qc,43,0.07959997039377194
all_labeled_excl_source_issue,B3,none,spearman,chargetime_early_mean_qc,qd_early_mean_qc,43,-0.1478405315614618
all_labeled_excl_source_issue,B3,none,pearson,chargetime_early_mean_qc,qd_early_std_qc,43,-0.09986903151208988
all_labeled_excl_source_issue,B3,none,spearman,chargetime_early_mean_qc,qd_early_std_qc,43,-0.09559045605557233
all_labeled_excl_source_issue,B3,none,pearson,chargetime_early_mean_qc,qd_early_slope_qc,43,0.10298140252625963
all_labeled_excl_source_issue,B3,none,spearman,chargetime_early_mean_qc,qd_early_slope_qc,43,-0.14799154334038053
all_labeled_excl_source_issue,B3,none,pearson,chargetime_early_mean_qc,qd2_qc,43,0.06621245979144064
all_labeled_excl_source_issue,B3,none,spearman,chargetime_early_mean_qc,qd2_qc,43,-0.05527031108426458
all_labeled_excl_source_issue,B3,none,pearson,chargetime_early_mean_qc,qd100_qc,43,0.08066306697161113
all_labeled_excl_source_issue,B3,none,spearman,chargetime_early_mean_qc,qd100_qc,43,-0.16173361522198731
all_labeled_excl_source_issue,B3,none,pearson,chargetime_early_mean_qc,qd_delta_100_2_qc,43,0.053697645885077624
all_labeled_excl_source_issue,B3,none,spearman,chargetime_early_mean_qc,qd_delta_100_2_qc,43,-0.2881304741769858
all_labeled_excl_source_issue,B3,none,pearson,qd_early_mean_qc,qd_early_std,43,-0.49593074094214956
all_labeled_excl_source_issue,B3,none,spearman,qd_early_mean_qc,qd_early_std,43,-0.46949562065841133
all_labeled_excl_source_issue,B3,none,pearson,qd_early_mean_qc,qd_early_median,43,0.9999669030077544
all_labeled_excl_source_issue,B3,none,spearman,qd_early_mean_qc,qd_early_median,43,0.9998489882210813
all_labeled_excl_source_issue,B3,none,pearson,qd_early_mean_qc,qd_early_slope,43,0.479719077726984
all_labeled_excl_source_issue,B3,none,spearman,qd_early_mean_qc,qd_early_slope,43,0.3954998489882211
all_labeled_excl_source_issue,B3,none,pearson,qd_early_mean_qc,tavg_early_mean,43,-0.4066131576244516
all_labeled_excl_source_issue,B3,none,spearman,qd_early_mean_qc,tavg_early_mean,43,-0.4318936877076412
all_labeled_excl_source_issue,B3,none,pearson,qd_early_mean_qc,tmax_early_mean,43,-0.4088816178498139
all_labeled_excl_source_issue,B3,none,spearman,qd_early_mean_qc,tmax_early_mean,43,-0.4367260646330413
all_labeled_excl_source_issue,B3,none,pearson,qd_early_mean_qc,qd_early_std_qc,43,-0.49593074094214956
all_labeled_excl_source_issue,B3,none,spearman,qd_early_mean_qc,qd_early_std_qc,43,-0.46949562065841133
all_labeled_excl_source_issue,B3,none,pearson,qd_early_mean_qc,qd_early_slope_qc,43,0.479719077726984
all_labeled_excl_source_issue,B3,none,spearman,qd_early_mean_qc,qd_early_slope_qc,43,0.3954998489882211
all_labeled_excl_source_issue,B3,none,pearson,qd_early_std_qc,tavg_early_mean,43,0.20183117077458138
all_labeled_excl_source_issue,B3,none,spearman,qd_early_std_qc,tavg_early_mean,43,0.4546964663243733
all_labeled_excl_source_issue,B3,none,pearson,qd_early_std_qc,tmax_early_mean,43,0.21707002152309834
all_labeled_excl_source_issue,B3,none,spearman,qd_early_std_qc,tmax_early_mean,43,0.41377227423739055
all_labeled_excl_source_issue,B3,none,pearson,qd_early_slope_qc,qd_early_std,43,-0.9794232779468351
all_labeled_excl_source_issue,B3,none,spearman,qd_early_slope_qc,qd_early_std,43,-0.46360616128057985
all_labeled_excl_source_issue,B3,none,pearson,qd_early_slope_qc,tavg_early_mean,43,-0.2556425051687777
all_labeled_excl_source_issue,B3,none,spearman,qd_early_slope_qc,tavg_early_mean,43,-0.5440954394442766
all_labeled_excl_source_issue,B3,none,pearson,qd_early_slope_qc,tmax_early_mean,43,-0.2711041873816369
all_labeled_excl_source_issue,B3,none,spearman,qd_early_slope_qc,tmax_early_mean,43,-0.5564784053156145
all_labeled_excl_source_issue,B3,none,pearson,qd_early_slope_qc,qd_early_std_qc,43,-0.9794232779468351
all_labeled_excl_source_issue,B3,none,spearman,qd_early_slope_qc,qd_early_std_qc,43,-0.46360616128057985
all_labeled_excl_source_issue,B3,none,pearson,qd2_qc,qd_early_mean,43,0.9332711747259942
all_labeled_excl_source_issue,B3,none,spearman,qd2_qc,qd_early_mean,43,0.9421624886741166
all_labeled_excl_source_issue,B3,none,pearson,qd2_qc,qd_early_std,43,-0.1729735690272914
all_labeled_excl_source_issue,B3,none,spearman,qd2_qc,qd_early_std,43,-0.35925702204771975
all_labeled_excl_source_issue,B3,none,pearson,qd2_qc,qd_early_median,43,0.9331763324294964
all_labeled_excl_source_issue,B3,none,spearman,qd2_qc,qd_early_median,43,0.9447296889157354
all_labeled_excl_source_issue,B3,none,pearson,qd2_qc,qd_delta_100_2,43,0.11942188502043685
all_labeled_excl_source_issue,B3,none,spearman,qd2_qc,qd_delta_100_2,43,0.08003624282694051
all_labeled_excl_source_issue,B3,none,pearson,qd2_qc,qd_early_slope,43,0.14225308771827702
all_labeled_excl_source_issue,B3,none,spearman,qd2_qc,qd_early_slope,43,0.19903352461491997
all_labeled_excl_source_issue,B3,none,pearson,qd2_qc,tavg_early_mean,43,-0.33570633826828883
all_labeled_excl_source_issue,B3,none,spearman,qd2_qc,tavg_early_mean,43,-0.3542736333434008
all_labeled_excl_source_issue,B3,none,pearson,qd2_qc,tmax_early_mean,43,-0.33824713960037867
all_labeled_excl_source_issue,B3,none,spearman,qd2_qc,tmax_early_mean,43,-0.3568408335850196
all_labeled_excl_source_issue,B3,none,pearson,qd2_qc,qd_early_mean_qc,43,0.9332711747259942
all_labeled_excl_source_issue,B3,none,spearman,qd2_qc,qd_early_mean_qc,43,0.9421624886741166
all_labeled_excl_source_issue,B3,none,pearson,qd2_qc,qd_early_std_qc,43,-0.1729735690272914
all_labeled_excl_source_issue,B3,none,spearman,qd2_qc,qd_early_std_qc,43,-0.35925702204771975
all_labeled_excl_source_issue,B3,none,pearson,qd2_qc,qd_early_slope_qc,43,0.14225308771827702
all_labeled_excl_source_issue,B3,none,spearman,qd2_qc,qd_early_slope_qc,43,0.19903352461491997
all_labeled_excl_source_issue,B3,none,pearson,qd2_qc,qd_delta_100_2_qc,43,0.11942188502043685
all_labeled_excl_source_issue,B3,none,spearman,qd2_qc,qd_delta_100_2_qc,43,0.08003624282694051
all_labeled_excl_source_issue,B3,none,pearson,qd100_qc,qd_early_mean,43,0.9753735837179283
all_labeled_excl_source_issue,B3,none,spearman,qd100_qc,qd_early_mean,43,0.994412564180006
all_labeled_excl_source_issue,B3,none,pearson,qd100_qc,qd_early_std,43,-0.6696208280533369
all_labeled_excl_source_issue,B3,none,spearman,qd100_qc,qd_early_std,43,-0.49697976442162484
all_labeled_excl_source_issue,B3,none,pearson,qd100_qc,qd_early_median,43,0.9752471261077514
all_labeled_excl_source_issue,B3,none,spearman,qd100_qc,qd_early_median,43,0.9938085170643309
all_labeled_excl_source_issue,B3,none,pearson,qd100_qc,qd2,43,0.8355534225730437
all_labeled_excl_source_issue,B3,none,spearman,qd100_qc,qd2,43,0.9157354273633344
all_labeled_excl_source_issue,B3,none,pearson,qd100_qc,qd_delta_100_2,43,0.645260780686738
all_labeled_excl_source_issue,B3,none,spearman,qd100_qc,qd_delta_100_2,43,0.37012987012987014
all_labeled_excl_source_issue,B3,none,pearson,qd100_qc,qd_early_slope,43,0.6592716390230269
all_labeled_excl_source_issue,B3,none,spearman,qd100_qc,qd_early_slope,43,0.44518272425249167
all_labeled_excl_source_issue,B3,none,pearson,qd100_qc,tavg_early_mean,43,-0.40030502718179134
all_labeled_excl_source_issue,B3,none,spearman,qd100_qc,tavg_early_mean,43,-0.445635759589248
all_labeled_excl_source_issue,B3,none,pearson,qd100_qc,tmax_early_mean,43,-0.4073392384076985
all_labeled_excl_source_issue,B3,none,spearman,qd100_qc,tmax_early_mean,43,-0.45077016007248566
all_labeled_excl_source_issue,B3,none,pearson,qd100_qc,qd_early_mean_qc,43,0.9753735837179283
all_labeled_excl_source_issue,B3,none,spearman,qd100_qc,qd_early_mean_qc,43,0.994412564180006
all_labeled_excl_source_issue,B3,none,pearson,qd100_qc,qd_early_std_qc,43,-0.6696208280533369
all_labeled_excl_source_issue,B3,none,spearman,qd100_qc,qd_early_std_qc,43,-0.49697976442162484
all_labeled_excl_source_issue,B3,none,pearson,qd100_qc,qd_early_slope_qc,43,0.6592716390230269
all_labeled_excl_source_issue,B3,none,spearman,qd100_qc,qd_early_slope_qc,43,0.44518272425249167
all_labeled_excl_source_issue,B3,none,pearson,qd100_qc,qd2_qc,43,0.8355534225730437
all_labeled_excl_source_issue,B3,none,spearman,qd100_qc,qd2_qc,43,0.9157354273633344
all_labeled_excl_source_issue,B3,none,pearson,qd100_qc,qd_delta_100_2_qc,43,0.645260780686738
all_labeled_excl_source_issue,B3,none,spearman,qd100_qc,qd_delta_100_2_qc,43,0.37012987012987014
all_labeled_excl_source_issue,B3,none,pearson,qd_delta_100_2_qc,qd_early_mean,43,0.46487999118607426
all_labeled_excl_source_issue,B3,none,spearman,qd_delta_100_2_qc,qd_early_mean,43,0.31319842947749926
all_labeled_excl_source_issue,B3,none,pearson,qd_delta_100_2_qc,qd_early_std,43,-0.9695568351550097
all_labeled_excl_source_issue,B3,none,spearman,qd_delta_100_2_qc,qd_early_std,43,-0.30670492298399277
all_labeled_excl_source_issue,B3,none,pearson,qd_delta_100_2_qc,qd_early_median,43,0.4647833479534539
all_labeled_excl_source_issue,B3,none,spearman,qd_delta_100_2_qc,qd_early_median,43,0.312745394140743
all_labeled_excl_source_issue,B3,none,pearson,qd_delta_100_2_qc,qd_early_slope,43,0.9935720243194339
all_labeled_excl_source_issue,B3,none,spearman,qd_delta_100_2_qc,qd_early_slope,43,0.8710359408033826
all_labeled_excl_source_issue,B3,none,pearson,qd_delta_100_2_qc,tavg_early_mean,43,-0.2565906566183428
all_labeled_excl_source_issue,B3,none,spearman,qd_delta_100_2_qc,tavg_early_mean,43,-0.42328601630927215
all_labeled_excl_source_issue,B3,none,pearson,qd_delta_100_2_qc,tmax_early_mean,43,-0.2657692340340096
all_labeled_excl_source_issue,B3,none,spearman,qd_delta_100_2_qc,tmax_early_mean,43,-0.42283298097251576
all_labeled_excl_source_issue,B3,none,pearson,qd_delta_100_2_qc,qd_early_mean_qc,43,0.46487999118607426
all_labeled_excl_source_issue,B3,none,spearman,qd_delta_100_2_qc,qd_early_mean_qc,43,0.31319842947749926
all_labeled_excl_source_issue,B3,none,pearson,qd_delta_100_2_qc,qd_early_std_qc,43,-0.9695568351550097
all_labeled_excl_source_issue,B3,none,spearman,qd_delta_100_2_qc,qd_early_std_qc,43,-0.30670492298399277
all_labeled_excl_source_issue,B3,none,pearson,qd_delta_100_2_qc,qd_early_slope_qc,43,0.9935720243194339
all_labeled_excl_source_issue,B3,none,spearman,qd_delta_100_2_qc,qd_early_slope_qc,43,0.8710359408033826
